Sample_ID,District,Agro_Zone,Season,Soil_pH,Total_N_percent,Available_P_mgkg,Available_K_mgkg,Organic_Carbon_percent,Rainfall_30d_mm,Temperature_mean_C,Recommended_N_kg_ha,Recommended_P2O5_kg_ha,Recommended_K2O_kg_ha,Urea_kg_ha,TSP_kg_ha,MOP_kg_ha
1,Matara,Wet,Yala,5.54,0.197,6.6,109.6,,284.6,26.9,100,60,20,213.3,127.9,34.4
2,Anuradhapura,Dry,Maha,6.87,0.059,8.9,67.5,0.98,198.9,30.6,130,60,40,301.7,127.1,63.5
3,Ratnapura,Wet,Maha,5.1,0.145,6.3,75.8,2.61,306.4,26.1,120,60,40,270,124.1,65.2
4,Galle,Wet,Yala,5.77,0.084,9.3,125,2.59,272.4,25.3,130,60,20,286.8,132.5,34.1
5,Vavuniya,Dry,Yala,6.09,0.114,5.9,74.7,1.13,59.5,29.2,120,60,40,247.4,129.9,66.5
6,Kilinochchi,Dry,Yala,6.12,0.067,13.9,115.5,0.93,69.9,29.5,130,40,20,268,91.8,34.5
7,Mullaitivu,Dry,Maha,6.13,0.128,13.7,60,0.91,297.4,29.4,120,40,40,243.6,80.9,71.3
8,Kurunegala,Intermediate,Yala,6.18,0.096,17.4,98.2,1.12,151.4,28.2,130,20,40,298.1,44.4,62.9
9,Kandy,Wet,Maha,5.13,0.144,11.1,105.9,2.52,317.2,26.7,120,40,20,264.9,90.4,34.3
10,Puttalam,Dry,Yala,6.85,0.136,5.8,101.1,1.34,35.5,28.2,120,60,20,269,135.5,32
11,Anuradhapura,Dry,Maha,5.69,0.134,11.3,97.9,1.39,,27.1,120,40,40,242.1,92,65.8
12,Monaragala,Intermediate,Yala,5.45,0.108,15.4,75.5,1.15,183.2,28.8,120,20,40,279.3,45,62
13,Polonnaruwa,Dry,Yala,7.35,0.156,8.6,43.5,,51.9,28.5,100,60,60,228.2,138.8,94.5
14,Puttalam,Dry,Yala,7.49,0.11,12.6,87.5,0.86,32.1,30.5,120,40,40,249.6,84.8,64.9
15,Kilinochchi,Dry,Yala,5.98,0.098,10.1,93.3,0.84,30.5,27.5,130,40,40,269.1,87,65.1
16,Kilinochchi,Dry,Maha,6.82,0.103,10.5,108.4,1.35,177,28.9,120,40,20,248.5,80.7,35.3
17,Mullaitivu,Dry,Yala,,0.05,8.4,84.2,1.33,61.7,29.9,130,60,40,274.3,120.8,69.1
18,Anuradhapura,Dry,Yala,7.48,0.198,7.1,63.4,1.41,92.2,29.6,100,60,40,218.2,125.3,71.4
19,Polonnaruwa,Dry,Yala,6.02,,13.1,71.5,1.06,32.9,30.7,120,40,40,258.2,81.8,67.7
20,Mannar,Dry,Maha,7.23,0.132,5.8,74.3,1.48,201.1,28,120,60,40,252.7,125.7,64.1
21,Kalutara,Wet,Maha,4.64,0.161,11.5,111.2,1.95,350.7,25.8,100,40,20,221,82.8,32.4
22,Trincomalee,Dry,Maha,5.6,0.096,13.4,53.3,1.21,171.6,30.9,130,40,60,267.3,80.8,97.3
23,Kilinochchi,Dry,Maha,6.83,0.116,11.6,111,0.61,199.3,30.5,120,40,20,252.8,92.3,32.4
24,Puttalam,Dry,Maha,7.03,0.189,5.8,86.6,1.07,180.7,31.1,100,60,40,213,120.8,68.4
25,Anuradhapura,Dry,Yala,7,0.186,12.5,46.3,,85.7,31.3,100,40,60,216,90.1,100.5
26,Kalutara,Wet,Yala,4.69,0.068,6,95.9,1.62,312.4,25.7,130,60,40,294.7,123.6,65.6
27,Badulla,Intermediate,Yala,5.52,0.19,12,114.6,1.81,182.7,26,100,40,20,207.6,92.4,31.5
28,Puttalam,Dry,Yala,6.66,0.145,12.2,70.3,0.71,22.3,30.3,120,40,40,261.5,92.1,61.9
29,Ampara,Dry,Maha,5.56,0.148,9.7,49.7,1.24,132,29.7,120,60,60,264.5,133.4,95.8
30,Hambantota,Dry,Maha,7.49,0.057,10.7,48.2,1.27,239,30.5,130,40,60,263.4,89.2,94.1
31,Mullaitivu,Dry,Maha,7.08,0.077,9.3,103.1,1.02,206.6,,130,60,20,287.2,120.7,34.7
32,Gampaha,Wet,Maha,4.98,0.188,6.3,97.6,2.77,247.3,28,100,60,40,206.7,139.9,62.8
33,Kandy,Wet,Maha,5.88,0.086,8.2,105.2,1.64,209.5,25.3,130,60,20,264.2,137.8,34.4
34,Anuradhapura,Dry,Yala,5.69,0.197,13.1,111.6,0.74,44.2,27.2,100,40,20,232,92.2,32.7
35,Kandy,Wet,Yala,5.31,0.065,5,103.6,2.44,,28,130,60,20,302.3,133.5,31.2
36,Matale,Intermediate,Yala,5.94,0.117,10.1,113.9,1.96,131.2,29.2,120,40,20,273,85,34.9
37,Batticaloa,Dry,Yala,6.93,0.054,,117.4,0.91,89.2,30.3,130,60,20,274.3,138.1,33.7
38,Nuwara Eliya,Wet,Maha,4.9,0.082,5.5,149.4,2.25,274.9,24.9,130,60,20,265.5,126.3,32
39,Kilinochchi,Dry,Maha,,0.051,8,90.8,0.73,185.2,28.4,130,60,40,290.4,131.6,70.6
40,Batticaloa,Dry,Yala,,0.054,6.6,87.8,1.03,70.6,28.5,130,60,40,280.1,122.6,62.2
41,Mannar,Dry,Yala,7.28,0.196,6.3,102.2,0.52,76.9,27.2,100,60,20,205.1,138.7,31.8
42,Anuradhapura,Dry,Yala,7.24,0.189,14.6,74.4,1.21,48.5,31.4,100,40,40,217.2,82.3,69.2
43,Polonnaruwa,Dry,Yala,5.8,0.052,,107.7,,67.7,27.6,130,40,20,262.9,83.4,34.3
44,Badulla,Intermediate,Yala,6.35,0.131,6.3,68,1.01,154.5,29.5,120,60,40,276.9,131.5,64.6
45,Kandy,Wet,Yala,5.35,0.118,9,119.5,1.84,283.7,25.2,120,60,20,251.5,135.6,31.1
46,Badulla,Intermediate,Maha,6.69,0.122,19.2,94.5,1.59,100.5,28,120,20,40,267.3,44.3,70.3
47,Gampaha,Wet,Yala,5.89,0.054,5.4,96.6,1.8,371.4,,130,60,40,274.6,125.2,64.8
48,Gampaha,Wet,Yala,5.88,0.102,11.3,114.7,2.52,267.1,27.2,120,40,20,261.7,80.5,31.8
49,Jaffna,Dry,Maha,6.28,0.102,8.7,59.4,1.25,283.4,31.7,120,60,60,262.7,135.4,100.2
50,Mannar,Dry,Yala,6.77,0.173,7.1,66.9,0.77,90.6,28.6,100,60,40,207.1,139.9,70.8
51,Matale,Intermediate,Yala,6.34,0.072,11.3,69.6,1.96,145.2,26.5,130,40,40,302.5,91,62.1
52,Ratnapura,Wet,Maha,4.64,0.082,7.5,110.8,2.4,335.4,24.8,130,60,20,294.3,129.6,34.6
53,Hambantota,Dry,Maha,6.06,0.187,10.6,66.8,,244.9,29.7,100,40,40,231.7,92.3,67.4
54,Jaffna,Dry,Yala,6.66,0.12,12.5,102.2,0.73,85.6,28,120,40,20,276.4,85.8,32.9
55,Matale,Intermediate,Maha,,0.153,10,126.3,1.24,215.9,28.6,100,40,20,220.6,87.3,34.5
56,Vavuniya,Dry,Yala,5.91,0.102,13.1,94,0.97,27,27,120,40,40,277.4,86.7,71.4
57,Monaragala,Intermediate,Maha,6.71,0.083,9.1,78.8,1.49,,26.8,130,60,40,265.2,129.4,64
58,Puttalam,Dry,Maha,7.19,0.057,7.8,114.6,0.96,283.7,28.6,130,60,20,269.7,135.8,31.5
59,Kilinochchi,Dry,Yala,6.91,0.192,9.4,42.9,0.98,46.6,27.2,100,60,60,202.6,130.9,106.2
60,Matale,Intermediate,Maha,6.19,0.18,14.2,66.5,1.37,154.3,,100,40,40,211.7,84.6,68.4
61,Kilinochchi,Dry,Yala,6.52,0.198,14.5,105.3,0.8,97.8,28.6,100,40,20,213.8,83.8,33
62,Trincomalee,Dry,Maha,6.32,0.091,9.1,60.6,1.16,167.4,27.4,130,60,40,272.9,121.4,67.4
63,Hambantota,Dry,Maha,6.3,,14.5,48.2,0.68,199.5,30.1,120,40,60,273.8,88.1,103.7
64,Badulla,Intermediate,Yala,5.8,0.092,9.2,51.6,1.87,229.7,29.7,130,60,60,276.5,125.1,104.1
65,Kegalle,Intermediate,Yala,6.04,0.191,6.4,117,1.11,199.3,27.6,100,60,20,210.3,123.5,35.4
66,Ratnapura,Wet,Yala,,0.106,5.2,123.8,1.52,293.5,27.7,120,60,20,262.6,133.4,32.9
67,Gampaha,Wet,Maha,5.31,0.075,9.6,81,2.79,226.9,27.1,130,60,40,267.4,133.9,64.6
68,Anuradhapura,Dry,Maha,6.73,0.056,12,68,0.74,,28.4,130,40,40,295.4,90.3,68.1
69,Trincomalee,Dry,Maha,6.79,0.16,12.6,58.4,0.54,,27.4,100,40,60,203.5,87,98.7
70,Monaragala,Intermediate,Yala,6.28,0.07,9.4,86.1,1.05,221.6,27.1,130,60,40,303.2,138.1,67.6
71,Matara,Wet,Maha,5.42,0.182,11.3,80,2.98,396.1,24,100,40,40,226.3,92.7,65.9
72,Badulla,Intermediate,Yala,6.67,0.069,16.2,67,1.42,227.7,27.6,130,20,40,269.8,45.5,63.2
73,Jaffna,Dry,Maha,7.29,0.171,9.3,64.5,1,213.2,31.6,100,60,40,201.3,133.1,66.4
74,Matara,Wet,Yala,5.79,0.19,,90.6,2.88,288.3,,100,60,40,227.7,126.6,68.6
75,Anuradhapura,Dry,Maha,6.3,0.083,11.2,72.4,0.98,137.8,32,130,40,40,291.4,93.3,69.7
76,Colombo,Wet,Maha,4.98,0.197,7,130.1,1.72,206.8,26.1,100,60,20,224.9,126,33.3
77,Anuradhapura,Dry,Maha,6.73,0.159,11.6,70.3,0.56,221.5,27.7,100,40,40,226.2,83.1,63.4
78,Jaffna,Dry,Maha,6.84,0.17,10.2,83,0.75,184.8,30.6,100,40,40,203.5,86.2,65.8
79,Kegalle,Intermediate,Yala,6.2,0.127,13.2,119,1.04,126.4,28.3,120,40,20,255.4,81.2,34.7
80,Badulla,Intermediate,Yala,6.41,0.087,17.3,63.4,1.11,157.9,28.1,130,20,40,266.3,46.6,65.8
81,Matara,Wet,Maha,5.47,0.055,10.3,107.4,1.56,,27.5,130,40,20,298,88.2,34.3
82,Nuwara Eliya,Wet,Maha,4.72,0.195,8.4,99.8,2.69,256.9,25.3,100,60,40,221.4,131.5,66.8
83,Puttalam,Dry,Yala,6.37,0.155,11.5,108.7,1.38,96.5,31.3,100,40,20,211.9,89,32
84,Mannar,Dry,Yala,7.11,0.127,11.1,97.4,1.23,23.3,30.6,120,40,40,243.8,87,69.7
85,Hambantota,Dry,Yala,7.09,0.129,9.7,74.8,0.74,29.7,29,120,60,40,253.5,121.2,62.5
86,Batticaloa,Dry,Yala,6.39,0.156,10.5,42.2,1.16,76.1,27.2,100,40,60,211.7,88.5,100.4
87,Ratnapura,Wet,Yala,5.94,0.107,8.3,116.3,,,25.8,120,60,20,269.9,134.6,31.8
88,Vavuniya,Dry,Yala,5.71,,6.9,78,1.17,,31.8,130,60,40,288.4,128.8,62.4
89,Kegalle,Intermediate,Yala,5.68,0.131,18.6,63,1.94,212.6,29.9,120,20,40,276.1,45.2,66.7
90,Trincomalee,Dry,Yala,7.36,0.077,8.9,92.5,1.38,46.2,30.2,130,60,40,281.4,125.1,66.7
91,Vavuniya,Dry,Maha,6.43,0.1,8.6,116.3,0.76,243.3,,120,60,20,246,124.9,34.3
92,Colombo,Wet,Yala,5.99,0.143,6.4,68.8,2.49,389,27.8,120,60,40,269.2,123.8,69.1
93,Puttalam,Dry,Yala,5.53,0.091,13,110,0.73,49.2,29.3,130,40,20,293.7,85.3,34.4
94,Matale,Intermediate,Yala,5.39,0.148,19.3,114.7,1.12,131.1,26.7,120,20,20,263.3,45.8,32.8
95,Puttalam,Dry,Yala,7.03,0.138,6.6,,1.31,67.2,28.1,120,60,20,271.5,136.8,34
96,Jaffna,Dry,Maha,7.43,0.05,10.8,81.5,1.16,139.1,30.8,130,40,40,282.3,85.5,67.5
97,Gampaha,Wet,Maha,5.93,0.166,7.3,93.1,2.25,,27.2,100,60,40,218.1,132.1,65.9
98,Vavuniya,Dry,Maha,,,5.8,78.5,1.34,167.6,29.3,100,60,40,215,134.7,67.7
99,Hambantota,Dry,Yala,7.31,0.101,6,56.5,0.94,,28.4,120,60,60,242.3,125.3,106.7
100,Ampara,Dry,Maha,7.05,0.177,13.7,,0.98,230.1,28.1,100,40,20,204.6,82.7,31.8
101,Ratnapura,Wet,Maha,5.92,0.16,10.1,61.4,1.94,212.8,27.5,100,40,40,202.1,93.2,70.8
102,Galle,Wet,Yala,5.99,0.076,6.5,113.5,2.25,,26.5,130,60,20,288.4,132.7,31.1
103,Polonnaruwa,Dry,Maha,7.3,0.133,5.4,94.7,1.12,124.9,28,120,60,40,253.6,139.8,64.8
104,Hambantota,Dry,Yala,7.13,0.196,,93,1.36,43.6,30.6,100,60,40,217.7,127.2,64.6
105,Kurunegala,Intermediate,Maha,5.65,0.135,12.8,105.5,1.07,150.8,27,120,40,20,276.9,89.6,33.9
106,Vavuniya,Dry,Maha,7.27,0.143,7.1,,1.25,258.4,29.6,120,60,40,251.1,125,63
107,Matara,Wet,Maha,,0.187,10.3,108.3,2.4,389.4,27.6,100,40,20,214.5,83.9,35.2
108,Hambantota,Dry,Yala,7.01,0.163,8.9,62.4,,45.9,30.3,100,60,40,225.7,130.6,70
109,Kandy,Wet,Yala,4.67,0.133,9.1,135.2,2.66,325,25.7,120,60,20,250.3,126.9,34.1
110,Kandy,Wet,Maha,5.96,0.148,8.8,75.7,2.63,241.2,27.6,120,60,40,244.3,123.9,66.3
111,Mannar,Dry,Yala,,0.09,7.3,108.1,0.72,48.1,31.1,130,60,20,273.7,125.8,35.5
112,Matale,Intermediate,Maha,5.4,0.058,17.5,122,,117.2,28.1,130,20,20,268.2,40.5,35
113,Ampara,Dry,Maha,6.16,0.087,14.5,107.3,1.42,195.6,27.8,130,40,20,300.8,89.7,33.3
114,Puttalam,Dry,Maha,5.91,0.102,9.9,66,1.18,218.1,27.5,120,60,40,273,130.2,68.7
115,Kilinochchi,Dry,Maha,6.28,0.188,8.9,84.5,0.81,272.6,,100,60,40,221.8,122.5,67.4
116,Galle,Wet,Yala,5.33,0.115,11.9,94.5,1.9,338,26.8,120,40,40,275.4,82.7,67.6
117,Polonnaruwa,Dry,Yala,5.9,0.174,5.6,,1.47,43.5,28.1,100,60,40,227.3,122.6,65
118,Puttalam,Dry,Maha,6.23,0.151,7,108.8,0.58,168.2,31.9,100,60,20,207.2,132.6,33.1
119,Vavuniya,Dry,Maha,5.66,,9.2,113.5,1.22,289.5,28.6,120,60,20,276.3,122.5,31.2
120,Polonnaruwa,Dry,Maha,6.2,0.124,7.5,58.4,1.15,292.8,28,120,60,60,262.4,135.4,97.9
121,Batticaloa,Dry,Maha,7,0.086,10.9,86.7,,240.3,,130,40,40,295.6,80.7,68.7
122,Ratnapura,Wet,Yala,4.52,0.063,8.2,95.4,1.83,357.1,27.2,130,60,40,299.4,125.5,71.2
123,Matale,Intermediate,Maha,6.72,0.151,13.9,82.4,,230.7,28.6,100,40,40,211.5,92.1,71.3
124,Puttalam,Dry,Yala,7.44,0.065,13.2,43.6,1.2,72.4,30.4,130,40,60,266.1,89.9,100.8
125,Trincomalee,Dry,Maha,7.18,0.053,6,87.6,1.11,162,29.4,130,60,40,271.1,122,67.8
126,Matara,Wet,Yala,5.05,0.158,7.3,87.7,2.43,351.7,27,100,60,40,215,136.7,63.6
127,Nuwara Eliya,Wet,Yala,4.65,0.114,8.9,127,2.27,273.8,27.6,120,60,20,273.3,130.3,34.3
128,Monaragala,Intermediate,Yala,6.37,0.062,13.4,,1.66,127.6,26.8,130,40,40,297.9,91.5,62.4
129,Mannar,Dry,Maha,5.66,0.09,8.8,44.9,1.35,160.2,31.5,130,60,60,261.7,132.4,96.8
130,Ratnapura,Wet,Maha,4.79,0.179,5.8,125,2.95,333.6,27.7,100,60,20,217.8,134,34.1
131,Matara,Wet,Yala,4.86,0.184,9.9,101.2,2.51,338.9,27.5,100,60,20,214.7,140.1,32.4
132,Trincomalee,Dry,Maha,,0.113,10,76.3,1.02,216.3,27.1,120,40,40,250,83.5,62.2
133,Kalutara,Wet,Maha,4.74,0.107,8.1,63.6,1.68,275.6,27.9,120,60,40,246,132.8,70
134,Gampaha,Wet,Yala,4.58,0.119,5.1,62.7,2.14,364.2,25.4,120,60,40,254.5,129.6,64.8
135,Jaffna,Dry,Yala,5.53,0.103,12.4,99.1,0.66,48.1,30.8,120,40,40,278.2,81,62.3
136,Nuwara Eliya,Wet,Maha,5.7,0.067,10.1,112.3,2.1,216,25.5,130,40,20,275.1,80.7,31.2
137,Polonnaruwa,Dry,Maha,7.28,0.101,14.9,69.1,0.95,183.1,28.2,120,40,40,261.6,82,64.2
138,Colombo,Wet,Yala,5.46,0.117,10.3,97.5,1.52,296.2,25.7,120,40,40,268.8,88.9,63.5
139,Vavuniya,Dry,Maha,6.49,,9.5,72.4,0.85,232.2,29.6,130,60,40,276.8,131.7,69.4
140,Kalutara,Wet,Yala,5.26,0.174,5.1,,2.39,280.9,,100,60,20,232.8,131.4,32.4
141,Kegalle,Intermediate,Yala,5.72,0.081,5.4,74.7,1.48,147.3,28.6,130,60,40,302.2,121.2,69.7
142,Polonnaruwa,Dry,Maha,6.08,0.072,5.9,77.1,1.45,217,27.3,130,60,40,272.1,129.8,63.4
143,Polonnaruwa,Dry,Maha,6.77,0.062,11.9,67.8,0.76,173.1,27,130,40,40,282.5,92.5,66.6
144,Ratnapura,Wet,Yala,5.24,0.123,9.5,105,1.93,263.7,24.1,120,60,20,253.1,128.4,34.2
145,Polonnaruwa,Dry,Maha,6.64,0.06,11.5,,0.6,,,130,40,40,273.5,88.6,68.2
146,Trincomalee,Dry,Yala,7.36,0.179,9.8,40.9,1.21,71.7,29,100,60,60,202.3,135.9,101.5
147,Polonnaruwa,Dry,Yala,6.74,0.116,9.5,109.9,0.9,25.2,,120,60,20,265.2,136,35.4
148,Monaragala,Intermediate,Maha,6.8,0.136,7.9,53.6,1.38,148.6,26.7,120,60,60,261,130.8,95.9
149,Gampaha,Wet,Maha,5.5,0.152,11.6,81.2,1.56,306.2,24.6,100,40,40,202.8,91.7,66.6
150,Ratnapura,Wet,Yala,4.96,0.073,,141.2,2.5,214.2,,130,60,20,273.2,128.3,35.2
151,Anuradhapura,Dry,Maha,6.9,0.081,,68.5,0.5,128,30.7,130,40,40,299.9,92.1,62.5
152,Kilinochchi,Dry,Yala,5.64,,8.8,79.3,0.68,70.2,31.6,100,60,40,208.9,125.3,62.3
153,Galle,Wet,Yala,4.62,0.063,11.9,110.4,1.93,206.5,27.2,130,40,20,267.5,84.1,32
154,Colombo,Wet,Maha,4.66,0.088,11.5,82.8,1.52,347.6,28,130,40,40,282.2,81.2,68
155,Kilinochchi,Dry,Maha,7.48,0.138,,54.8,1.37,134.1,30.4,120,60,60,279.9,136.2,96.4
156,Vavuniya,Dry,Maha,5.63,0.116,14.5,79.9,0.72,168.5,29.9,120,40,40,250.8,85.9,63.6
157,Matara,Wet,Maha,4.7,0.128,5.4,64.3,2.27,211,26.7,120,60,40,267.6,125.1,66.3
158,Colombo,Wet,Yala,4.9,0.069,9,86.7,1.78,227.8,25.8,130,60,40,293.7,125.2,67.8
159,Badulla,Intermediate,Maha,5.37,0.075,13.3,110.5,1.07,243.7,29.2,130,40,20,271.5,92.2,32
160,Trincomalee,Dry,Maha,5.77,0.109,,101.4,0.97,148.2,29.8,120,40,20,269.8,91.4,32.3
161,Mullaitivu,Dry,Maha,,0.075,5.4,86.7,0.87,248.7,30.6,130,60,40,277,131.4,67.8
162,Monaragala,Intermediate,Maha,5.74,0.157,11.3,59.1,1.41,176,,100,40,60,221.7,88.5,106.7
163,Nuwara Eliya,Wet,Maha,5.35,0.151,11.5,113.8,,373.5,27.9,100,40,20,221.8,86.7,34.2
164,Badulla,Intermediate,Yala,6.64,0.17,8.3,105.3,1.99,102.6,29.7,100,60,20,218.6,128.3,34.7
165,Gampaha,Wet,Maha,4.63,0.071,9.3,74.6,2.87,365.6,24.2,130,60,40,265.2,138.5,65.4
166,Matara,Wet,Maha,5.91,0.178,10.9,98.1,1.64,353.7,27.5,100,40,40,228.3,82.1,64.4
167,Kegalle,Intermediate,Maha,5.95,0.104,9.8,53.8,1.71,100.2,26.9,120,60,60,253.9,128.8,99.3
168,Polonnaruwa,Dry,Maha,6.49,0.124,5.1,,,133.3,27.5,120,60,40,248.6,127.4,69.8
169,Polonnaruwa,Dry,Yala,6.94,0.065,8,49.4,1.48,36.6,,130,60,60,263.1,130.4,99.3
170,Ratnapura,Wet,Yala,4.51,0.096,6.1,61.6,1.93,365.2,25.4,130,60,40,286.5,129.6,70.2
171,Hambantota,Dry,Maha,6.92,0.107,5.3,116.9,1.23,249.1,27.7,120,60,20,267.8,130.8,35.7
172,Kandy,Wet,Maha,5.8,0.149,6.4,133.8,2.99,393.1,26,120,60,20,242,123.4,31.2
173,Kegalle,Intermediate,Maha,6.15,0.051,15.8,73.1,1.23,246.6,29.4,130,20,40,283.1,43.6,62.2
174,Jaffna,Dry,Maha,7.41,0.065,9.9,113.9,0.86,163.8,30.9,130,60,20,271,125.4,31.5
175,Badulla,Intermediate,Maha,6.55,0.097,17.9,80.7,1.75,169.8,28,130,20,40,288.8,41.4,65.5
176,Anuradhapura,Dry,Maha,6.17,0.1,12.5,109.1,1.22,255.7,31.2,120,40,20,248.2,81.3,31.5
177,Nuwara Eliya,Wet,Maha,5.57,0.082,11.4,147.4,2.96,,24.1,130,40,20,290.7,90.4,35.2
178,Nuwara Eliya,Wet,Maha,4.87,0.051,10.3,89.6,2.77,237.7,,130,40,40,277.8,86.1,61.9
179,Puttalam,Dry,Yala,7.3,0.076,10.3,44.3,1.21,50.4,29.1,130,40,60,301.1,88.7,97.2
180,Hambantota,Dry,Yala,5.81,0.083,11,50,0.67,95.7,28.2,130,40,60,267.2,90,95.3
181,Batticaloa,Dry,Yala,7.03,0.196,9.1,87.6,1.1,58.7,27.7,100,60,40,212.2,133.9,71
182,Kurunegala,Intermediate,Yala,5.88,0.052,18.9,98.9,1.24,181.5,28.9,130,20,40,266.2,43.3,68.4
183,Vavuniya,Dry,Yala,7.01,,12.2,,1.48,99.9,31.3,130,40,20,300.6,85.5,35.4
184,Vavuniya,Dry,Maha,6.4,0.102,6.5,78.5,1.04,270.6,28.4,120,60,40,275.7,128,71.4
185,Jaffna,Dry,Maha,5.66,0.109,13.6,108.7,0.51,133.1,,120,40,20,251.4,88.8,33.3
186,Puttalam,Dry,Yala,6.36,0.145,7.6,64.2,1.36,34.4,30.7,120,60,40,267.2,130.3,64
187,Kegalle,Intermediate,Maha,6.39,0.096,8.3,106,1.18,243,29.2,130,60,20,296,137.2,31.8
188,Galle,Wet,Maha,5.32,0.17,8.1,,1.72,360.7,25.4,100,60,40,219.2,137.7,63.9
189,Anuradhapura,Dry,Yala,6.91,0.053,7.8,115.1,0.62,69.7,29.3,130,60,20,283.9,124,34.3
190,Gampaha,Wet,Maha,5.28,0.087,5.4,70.4,2.53,388.9,25.5,130,60,40,271.7,123.3,62.1
191,Kilinochchi,Dry,Yala,5.54,0.091,13.5,82.9,1.31,34.3,31.5,130,40,40,265.4,88.7,62.2
192,Matara,Wet,Yala,4.53,0.151,11.2,114.6,2.38,338.6,24.3,100,40,20,230.4,84.4,33.8
193,Galle,Wet,Yala,4.75,0.196,11.4,95.3,2.74,314.9,25.2,100,40,40,230.5,80.7,68.1
194,Kilinochchi,Dry,Maha,6.95,0.085,12.7,116.6,1.29,168.3,31.1,130,40,20,288.2,92.1,34.1
195,Kurunegala,Intermediate,Maha,5.59,0.06,8.1,124.8,1.21,113.5,29.8,130,60,20,275.8,125.1,32.7
196,Hambantota,Dry,Yala,7.21,0.071,,76.9,1.06,98.6,27.4,130,60,40,276.2,138.8,69.8
197,Trincomalee,Dry,Yala,7.11,0.18,,47.1,1.46,30.3,29.9,100,40,60,224.8,89.8,100.5
198,Matale,Intermediate,Maha,6.28,0.152,7.2,86.3,1.94,116.3,28.2,100,60,40,230.3,135.5,62.8
199,Nuwara Eliya,Wet,Maha,5.35,0.188,7.9,131.7,2.02,394.5,25.4,100,60,20,230,124.6,34.8
200,Batticaloa,Dry,Yala,5.66,0.175,11.7,44.4,1.35,86.7,31.8,100,40,60,226.5,83.5,106.8
201,Ratnapura,Wet,Maha,5.87,0.119,,144.4,,376.3,24.2,120,60,20,266.5,130.8,31.1
202,Badulla,Intermediate,Yala,6.53,0.173,16.3,114.4,1.27,237.2,26.3,100,20,20,203.8,41.4,32.8
203,Galle,Wet,Yala,5.39,0.167,7.4,102.4,2.56,300,24.6,100,60,20,206.4,126.6,33.2
204,Gampaha,Wet,Yala,5.34,0.18,10.8,126.4,1.7,361,24.1,100,40,20,230.4,84.7,31.5
205,Nuwara Eliya,Wet,Yala,5.27,0.099,5.6,134.5,2.07,268.7,24,130,60,20,287.1,123.7,35.1
206,Kurunegala,Intermediate,Yala,,0.131,18.3,57.1,1.45,191.9,29.4,120,20,60,241.7,41.6,96.8
207,Puttalam,Dry,Maha,6.11,0.152,7.7,76.5,0.99,232.6,,100,60,40,204.4,136,69.5
208,Matale,Intermediate,Maha,6.63,0.185,8,107.9,1.05,197.5,27.6,100,60,20,222.7,123.9,34.2
209,Polonnaruwa,Dry,Yala,6.97,0.056,6.5,100.5,1.43,20.6,30.5,130,60,20,261.6,121.2,33.8
210,Galle,Wet,Yala,4.55,0.192,10.4,96.5,2.29,235,24,100,40,40,206.3,88.7,63.6
211,Polonnaruwa,Dry,Yala,5.99,0.105,8.7,81.7,,30.8,29.4,120,60,40,262.8,139.7,63.9
212,Monaragala,Intermediate,Maha,6.8,0.159,12,93.9,1.56,185,27.1,100,40,40,223.7,84.8,62.2
213,Kegalle,Intermediate,Maha,5.37,0.145,8.1,109.6,1.28,163.7,29.7,120,60,20,266.8,122.9,32
214,Galle,Wet,Maha,4.55,0.07,7.7,,1.7,238.4,26.6,130,60,20,270.9,131.8,32.5
215,Kegalle,Intermediate,Yala,6.7,0.126,11.9,57.6,1.36,200.2,29.6,120,40,60,269.2,92.3,105
216,Kegalle,Intermediate,Maha,,0.078,8.2,118.5,1.05,129.1,28.5,130,60,20,271.5,136,32.6
217,Vavuniya,Dry,Yala,6.2,0.177,10.4,82.2,1.12,88.9,31.3,100,40,40,211.7,88.6,69.2
218,Kandy,Wet,Maha,5.55,0.177,6.9,146,2.09,323.7,24.2,100,60,20,225.4,126.8,33
219,Kilinochchi,Dry,Maha,6.04,0.066,13.9,55.9,1.48,281.5,28.4,130,40,60,288.9,87.5,104.3
220,Nuwara Eliya,Wet,Yala,4.78,0.088,6,111.5,2.41,319.3,26.3,130,60,20,297.4,122.4,35.7
221,Mannar,Dry,Yala,7.14,0.168,7.8,109.2,1.47,47.9,28.5,100,60,20,222.5,133.9,32
222,Anuradhapura,Dry,Yala,5.77,0.078,8.9,50.4,0.56,67.1,27.4,130,60,60,285.5,134.8,105.4
223,Galle,Wet,Maha,4.95,0.169,5.7,149.5,,309.1,,100,60,20,204.1,139.5,33.9
224,Mannar,Dry,Yala,5.97,0.077,7.1,70.3,0.84,77.2,30.7,130,60,40,277,125.7,69.9
225,Ratnapura,Wet,Maha,5.22,0.093,10.2,117.2,2.53,373.6,,130,40,20,272.6,80.7,34.1
226,Jaffna,Dry,Maha,6.24,0.103,13.6,92,1.06,158.9,30.5,120,40,40,250.9,87.6,65.9
227,Trincomalee,Dry,Yala,5.77,0.115,14.5,98.8,1.24,75.5,27.6,120,40,40,279.4,89.7,64
228,Batticaloa,Dry,Maha,5.68,0.15,12.2,89.8,1.5,,31.4,100,40,40,213.9,90.8,62.4
229,Polonnaruwa,Dry,Yala,6.44,0.061,10.4,90.6,0.62,30,29.4,130,40,40,299.2,83,67.1
230,Monaragala,Intermediate,Maha,,,18.9,81.1,1.84,223,29.8,120,20,40,266,41.9,71.6
231,Nuwara Eliya,Wet,Yala,5.11,0.159,5.5,60.9,,250.9,25,100,60,40,227,130.6,69.1
232,Anuradhapura,Dry,Yala,5.81,0.187,12.3,76.8,1.19,77.6,27.6,100,40,40,217.5,84.8,65
233,Ratnapura,Wet,Yala,5.05,,10.2,64.9,2.64,335.3,24.2,100,40,40,219.9,91.7,70
234,Gampaha,Wet,Maha,5.88,0.112,9.1,85.4,1.71,347.7,24.9,120,60,40,260.6,129.9,69.4
235,Kurunegala,Intermediate,Maha,5.9,0.139,8.6,92.3,,119.8,29.3,120,60,40,249,136.3,64.5
236,Matara,Wet,Maha,5.76,0.134,11.2,62.9,2.65,240.8,26.8,120,40,40,269.6,88.1,61.8
237,Matara,Wet,Maha,5.66,0.097,9.9,135.6,2.13,309,27.8,130,60,20,273.3,135.7,31.4
238,Badulla,Intermediate,Yala,5.82,0.068,8.6,120.7,1.87,245.7,26.2,130,60,20,262.4,127.1,35.2
239,Gampaha,Wet,Maha,,0.148,8.9,148.3,2.31,359.7,27.8,120,60,20,266.6,136.9,35
240,Matale,Intermediate,Yala,6.28,0.052,,84.3,1.13,101.7,26.4,130,40,40,268.9,84.1,64.7
241,Ampara,Dry,Maha,6.97,0.075,9.9,60.3,0.95,142.9,29.7,130,60,40,301.3,131.3,64.6
242,Matale,Intermediate,Yala,6.51,0.097,18.7,77.1,1.03,109.6,29.7,130,20,40,301.8,41.6,69.6
243,Mullaitivu,Dry,Yala,6.69,0.199,5.9,104.7,1.44,71.2,30.1,100,60,20,230.9,129.9,35.5
244,Anuradhapura,Dry,Maha,6.14,0.062,10.4,90,,247.1,28.6,130,40,40,277.1,84.6,69.5
245,Puttalam,Dry,Maha,5.89,0.093,12.5,115.8,0.51,151.1,30.8,130,40,20,262.1,84,33.8
246,Gampaha,Wet,Yala,5.51,0.086,7.8,83,1.96,373.9,26.1,130,60,40,300.8,139.5,64.1
247,Badulla,Intermediate,Maha,6.05,0.084,5.1,70.2,1.67,223.8,28.3,130,60,40,279.6,123.8,67
248,Ampara,Dry,Yala,7.3,0.067,8.9,105.1,1.32,42.5,31.2,130,60,20,302.4,136,32
249,Monaragala,Intermediate,Maha,5.36,0.174,12.4,103.7,1.88,217,27.6,100,40,20,232.5,93.3,34.8
250,Badulla,Intermediate,Maha,6.63,0.089,18.4,119.3,,188.3,27.1,130,20,20,297.6,40.4,32.7
251,Galle,Wet,Yala,5.46,0.192,8.4,134.2,2.85,373.4,,100,60,20,210.7,134.3,35
252,Mannar,Dry,Maha,6.13,0.162,13.2,49.9,1.21,157.2,,100,40,60,213.7,83.8,98.2
253,Anuradhapura,Dry,Yala,6.31,0.101,7.6,56.3,0.5,62.5,27.4,120,60,60,274.6,121.4,104.9
254,Colombo,Wet,Yala,4.83,0.167,7.3,71.5,2.9,378.5,,100,60,40,211.4,128.5,65
255,Matara,Wet,Maha,4.72,0.118,6.7,143.5,1.95,233.9,25.1,120,60,20,248,138.9,33
256,Galle,Wet,Maha,5.42,0.089,5.2,68.5,1.74,232.7,26.6,130,60,40,285,120.9,67.9
257,Colombo,Wet,Maha,5.51,0.157,11.7,94.5,2.81,347.8,24.9,100,40,40,231.6,88.1,62.4
258,Badulla,Intermediate,Yala,6.76,0.085,,64.1,1.1,249.3,29,130,20,40,290.9,43.5,71.2
259,Mullaitivu,Dry,Maha,6.98,0.094,7.8,113.7,1.27,161.2,27.3,130,60,20,285.6,137.7,33.7
260,Jaffna,Dry,Maha,5.68,0.139,12.9,61.4,0.75,144.4,29.5,120,40,40,245.1,81.6,66.8
261,Mullaitivu,Dry,Yala,6.72,0.184,5.7,96.1,0.72,58.6,30.2,100,60,40,221.2,134,70.1
262,Puttalam,Dry,Yala,7.45,0.106,14.6,51.8,1.23,99.9,27.8,120,40,60,280.1,89.4,105.5
263,Jaffna,Dry,Yala,6.62,0.121,11,109.6,1.44,88.5,30.5,120,40,20,246.8,89.2,33.4
264,Gampaha,Wet,Maha,5.92,0.155,10.7,81.2,1.69,355.3,26.5,100,40,40,218,92.8,71
265,Mullaitivu,Dry,Maha,6.38,0.079,6.6,97.6,1.43,243.8,28.3,130,60,40,298.6,136.7,62.3
266,Polonnaruwa,Dry,Yala,5.6,0.136,13.2,53,1.28,46.2,31,120,40,60,270.3,81,94.2
267,Kalutara,Wet,Yala,5.4,0.079,9,138.2,2.87,330.6,,130,60,20,291,129.8,33.8
268,Badulla,Intermediate,Maha,6.34,0.186,11.4,101.8,1.93,102.2,28.2,100,40,20,224,85.7,32.6
269,Jaffna,Dry,Yala,7.12,0.175,5.9,,0.92,39.5,,100,60,40,212.8,126.7,66.3
270,Polonnaruwa,Dry,Yala,6.09,0.094,6.7,98.1,0.7,75.7,29.7,130,60,40,273.9,129.4,65
271,Batticaloa,Dry,Maha,6.3,0.124,8.3,112.2,1.4,123.5,31.8,120,60,20,273,128.1,32.8
272,Polonnaruwa,Dry,Yala,6.74,0.089,8.5,42.2,0.51,57.1,30.1,130,60,60,295.7,129.1,104.8
273,Monaragala,Intermediate,Maha,6.44,0.197,10,124.8,1.54,127.4,29.9,100,40,20,229.4,93.3,33.8
274,Monaragala,Intermediate,Yala,6.14,0.051,9.4,53.7,1.88,164.6,26.1,130,60,60,300.1,122.4,107.5
275,Mannar,Dry,Maha,6.39,0.086,11.7,98.6,1.24,291.7,30,130,40,40,283.1,92.5,69.6
276,Gampaha,Wet,Maha,5.86,0.198,5,98.8,,322.9,26.7,100,60,40,217.4,130,64.4
277,Matale,Intermediate,Maha,6.26,0.155,18.9,122.2,1.62,161.1,29.3,100,20,20,227.1,44.3,32.1
278,Kurunegala,Intermediate,Maha,6.73,0.09,12.3,110.6,1.24,217.6,28.4,130,40,20,289,91.3,32.5
279,Badulla,Intermediate,Yala,5.41,0.124,15,97.8,1.47,113.9,28.4,120,20,40,268.8,42.6,70.1
280,Matara,Wet,Yala,4.8,,8.9,114.1,,261.2,,130,60,20,295.1,129,30.9
281,Nuwara Eliya,Wet,Yala,,0.076,9,80.1,1.95,,24.9,130,60,40,299.1,128.6,64
282,Batticaloa,Dry,Yala,6.3,0.084,13.5,48.7,1.32,69.1,,130,40,60,275.7,85.4,106.1
283,Matara,Wet,Yala,5.88,0.109,6.5,,2.56,237.6,24.3,120,60,40,256,138.7,68.1
284,Polonnaruwa,Dry,Maha,7,,5.4,111.3,0.64,179.5,28.7,120,60,20,245,136.8,31.9
285,Puttalam,Dry,Yala,6.34,0.154,12.2,103.4,0.8,81.6,31.1,100,40,20,220,81.9,31.9
286,Hambantota,Dry,Maha,5.89,0.109,7.7,97.7,1.23,196.1,27.5,120,60,40,242.7,122.7,70.3
287,Trincomalee,Dry,Yala,5.57,0.126,11.8,102.3,,47.4,30.3,120,40,20,259.6,86.1,35.3
288,Gampaha,Wet,Yala,4.69,0.13,7.3,117.9,1.74,355.1,26.4,120,60,20,262.6,122.5,32.1
289,Matara,Wet,Yala,5.51,0.072,11.5,136.2,,234.7,,130,40,20,273.6,88.6,32.9
290,Mullaitivu,Dry,Yala,6.58,0.135,12.4,60.7,1.34,38.8,29.4,120,40,40,264.5,82.4,70
291,Colombo,Wet,Yala,5.35,0.087,9.4,68.7,1.62,371,24.1,130,60,40,262.7,130.8,69.4
292,Gampaha,Wet,Yala,5.2,0.123,9.4,93.5,2.91,242.9,27.4,120,60,40,242.8,120.8,69.8
293,Matara,Wet,Yala,5.35,0.173,5.1,93.9,2.38,291.6,26.1,100,60,40,227.9,126.8,66.9
294,Nuwara Eliya,Wet,Maha,5.58,0.088,6.6,74.1,2.9,331.3,24.8,130,60,40,276.7,133.9,70.8
295,Mullaitivu,Dry,Yala,6.83,0.089,5.8,99.2,1.18,37.7,28.6,130,60,40,266.8,130.1,65
296,Mannar,Dry,Yala,7.29,0.101,11.5,57.4,1.11,84.8,28.8,120,40,60,261.8,93.2,94.9
297,Nuwara Eliya,Wet,Maha,5.72,0.194,10.1,70.5,1.8,334.5,27.3,100,40,40,226.2,91.9,68.8
298,Matale,Intermediate,Maha,5.25,0.147,5.4,51.3,1.13,194.7,29.4,120,60,60,249.8,127.6,100.6
299,Kegalle,Intermediate,Maha,5.8,0.095,11.5,62.6,1.05,231.8,29.7,130,40,40,287.8,81.1,70.2
300,Polonnaruwa,Dry,Maha,5.53,0.179,10.3,105.9,0.52,238.3,28.7,100,40,20,203.9,91.5,31.2
301,Kilinochchi,Dry,Maha,6.77,0.116,10.5,54,0.51,194.2,31,120,40,60,243.4,92.4,105.2
302,Galle,Wet,Maha,4.96,0.11,6.1,96.7,1.84,380.2,26.2,120,60,40,262.1,136.7,64.6
303,Badulla,Intermediate,Maha,5.71,0.125,15.4,59.2,1.82,242.7,28.8,120,20,60,262.5,41.1,102.3
304,Trincomalee,Dry,Maha,6.48,0.074,7,69.4,1.22,299.3,28.6,130,60,40,288.4,140.1,62.1
305,Mullaitivu,Dry,Maha,5.85,0.173,7.7,109.7,0.96,243.3,29.2,100,60,20,224.8,125.7,33.8
306,Polonnaruwa,Dry,Maha,6.04,0.124,9,60.4,1.23,221.7,31.5,120,60,40,279.5,134.8,68.9
307,Ratnapura,Wet,Maha,4.77,0.182,9.5,145.3,2.85,223.3,24.2,100,60,20,217.9,138.4,32.6
308,Kurunegala,Intermediate,Yala,5.92,0.145,8.3,89.1,1.47,208.1,27.8,120,60,40,254,125.2,63.9
309,Ampara,Dry,Maha,7.1,0.111,9.2,64.1,1.28,298.2,28.6,120,60,40,272.5,138.4,67.1
310,Colombo,Wet,Maha,5.63,0.088,8,,1.62,204.8,24.6,130,60,40,272.9,126.7,70
311,Mannar,Dry,Maha,7.09,0.146,13.7,86.3,0.8,299.9,31,120,40,40,258.5,93.2,64.9
312,Ampara,Dry,Yala,6.18,0.123,14.7,97.2,0.81,37.1,29.5,120,40,40,244.4,84.1,64.2
313,Puttalam,Dry,Maha,7.02,0.127,11.7,42,1.47,,29.3,120,40,60,242.3,92.9,96.7
314,Colombo,Wet,Yala,5.02,0.118,9,105.4,,336.3,25.9,120,60,20,279,121.7,35.5
315,Matale,Intermediate,Yala,,0.078,7.6,115.6,1.29,118.8,27.3,130,60,20,296.8,134.5,32.6
316,Trincomalee,Dry,Yala,6.33,0.07,12,68,0.79,33.4,29.9,130,40,40,290.9,87.4,61.7
317,Mannar,Dry,Yala,7.31,0.182,14,79.5,1.36,44.8,27.4,100,40,40,214.4,86.7,69.5
318,Trincomalee,Dry,Yala,6.35,0.113,8,84,0.83,50,29.3,120,60,40,248.1,125,68.7
319,Trincomalee,Dry,Maha,6.03,0.065,7,43.1,0.69,,31.7,130,60,60,268,134.4,94.4
320,Trincomalee,Dry,Maha,5.65,0.13,12.6,106.1,0.92,171,27.1,120,40,20,251.1,83,35.7
321,Kalutara,Wet,Yala,4.7,0.068,6.8,107.8,2.95,267.8,24.4,130,60,20,284.7,131.4,33.8
322,Galle,Wet,Yala,5.87,,8.8,,2.92,384.7,25.3,120,60,40,269.3,125.6,66.7
323,Monaragala,Intermediate,Yala,5.86,0.052,13,67.4,1.77,141.3,27,130,40,40,289.4,92.9,65.5
324,Mullaitivu,Dry,Maha,,0.059,12.5,49.1,1.11,208,31.9,130,40,60,273.3,80.8,106
325,Kilinochchi,Dry,Yala,7.38,0.069,8.1,76.7,0.77,34.2,28.6,130,60,40,301.9,124.5,64.1
326,Hambantota,Dry,Maha,6.52,0.057,12.1,67.4,0.57,131.3,32,130,40,40,292.7,83.6,64.6
327,Kilinochchi,Dry,Maha,6,0.159,13.1,106.4,0.85,268.6,30.6,100,40,20,219.2,85.9,31.4
328,Galle,Wet,Yala,5.81,0.178,6.9,116.7,2.2,213.5,25.5,100,60,20,221,125.2,34.6
329,Kurunegala,Intermediate,Yala,6.53,0.178,,59.5,1.5,219.7,26.5,100,40,60,214.8,86.9,101.4
330,Kalutara,Wet,Maha,4.51,0.05,8.8,99.4,2.68,342.6,25.9,130,60,40,271.9,137.7,67.8
331,Matale,Intermediate,Yala,5.3,0.15,20,69.3,1.84,205.3,27.6,100,20,40,212.7,44.9,63.9
332,Matale,Intermediate,Maha,6.45,0.164,9,92.2,1.91,,26.6,100,60,40,225.8,132,68.2
333,Mullaitivu,Dry,Yala,5.87,0.102,13,50.9,1.24,85.8,29.5,120,40,60,241.9,81.6,104
334,Kalutara,Wet,Yala,4.58,0.074,10.5,69,2.02,370.7,25.2,130,40,40,266.3,89.5,65.3
335,Hambantota,Dry,Yala,6.28,0.179,6.8,96.1,1.05,70.8,30.9,100,60,40,202.6,123.9,69.7
336,Matale,Intermediate,Yala,5.41,0.189,9,117.2,1,214.6,26.5,100,60,20,202.4,136,32.5
337,Kegalle,Intermediate,Maha,6.1,0.14,8.7,107.8,1.88,173.1,29.1,120,60,20,274.8,125.5,34.6
338,Mannar,Dry,Yala,5.68,0.125,5.8,59.2,0.78,22.5,31.5,120,60,60,268.9,128.8,93
339,Kandy,Wet,Maha,5.28,0.054,10.5,113.1,1.93,294.2,24.8,130,40,20,281.5,85,33.6
340,Mullaitivu,Dry,Maha,5.54,0.119,6.7,117.5,,245.8,28.8,120,60,20,245.2,137.4,35.6
341,Badulla,Intermediate,Yala,5.86,0.141,14.4,120.1,,176,26.3,120,40,20,260.6,82.1,35.7
342,Colombo,Wet,Maha,5.47,0.121,7.6,62.8,2.44,208.8,26.9,120,60,40,259.9,131.7,64.5
343,Gampaha,Wet,Yala,5.58,0.148,5.2,68.3,1.91,333,24.6,120,60,40,248.1,123.4,66.1
344,Kalutara,Wet,Yala,5.97,0.061,5.9,75.5,1.99,364.8,24.1,130,60,40,279.8,134.4,62.3
345,Colombo,Wet,Yala,5.84,0.05,10.7,77.6,1.57,,24.1,130,40,40,278.3,92.3,70.4
346,Kalutara,Wet,Maha,4.95,0.087,,71.3,,394.4,26.9,130,60,40,287.5,129.1,67.4
347,Ampara,Dry,Maha,6.3,0.069,7.6,97,0.87,212.6,28.4,130,60,40,288.3,130.2,65.6
348,Ampara,Dry,Maha,7.2,0.068,,89.1,1.19,271.9,28.1,130,40,40,263.3,92.6,62.8
349,Trincomalee,Dry,Yala,7.26,0.051,14.4,63.1,1.11,71.1,31.7,130,40,40,277.3,87.3,71.2
350,Ratnapura,Wet,Maha,4.65,0.146,5.7,127.3,2.39,237.5,26.7,120,60,20,265.8,130.2,33.5
351,Kilinochchi,Dry,Maha,6.63,0.124,12.1,60.1,0.75,191.3,31.3,120,40,40,261,88,64.5
352,Nuwara Eliya,Wet,Yala,5.49,0.145,8.2,118.9,2.82,214.4,26.4,120,60,20,274.9,134.1,32.6
353,Matara,Wet,Maha,4.57,0.139,5.7,114.8,2.26,357.2,26.9,120,60,20,267.1,122.7,32.2
354,Kurunegala,Intermediate,Yala,6.78,0.177,5.2,115.5,1.36,181.4,27.8,100,60,20,206.4,136.7,33.8
355,Matale,Intermediate,Yala,5.62,0.142,6.5,104.5,1.33,228,26.9,120,60,20,244.1,129.1,35.4
356,Vavuniya,Dry,Maha,7.32,0.123,14.9,71.8,0.56,235.9,29.7,120,40,40,266.5,81.4,70.3
357,Kalutara,Wet,Yala,5.29,0.058,6.3,147.2,2.13,319.6,27.2,130,60,20,262.5,136,33.1
358,Kurunegala,Intermediate,Yala,6.63,0.117,16.7,54.7,1.08,226.7,29,120,20,60,264.3,42.7,104.9
359,Kurunegala,Intermediate,Maha,6.09,0.152,,51.4,1.84,229.6,26.5,100,20,60,231.8,40.9,98.8
360,Polonnaruwa,Dry,Yala,6.04,0.154,6.1,42.3,0.95,77.9,30.7,100,60,60,219.9,133,96.3
361,Trincomalee,Dry,Maha,7.27,0.111,9.2,60,0.79,234.7,30.1,120,60,40,256.5,137.8,71.5
362,Hambantota,Dry,Yala,7.37,0.084,14.2,98.4,0.99,80.6,31.7,130,40,40,288.7,92.1,64.7
363,Batticaloa,Dry,Maha,,0.186,7.9,57.7,0.74,198.1,29.5,100,60,60,216,139.4,97.4
364,Ampara,Dry,Yala,6.69,0.083,11.2,67.3,0.86,27.1,31.2,130,40,40,284.5,91.8,71.6
365,Mannar,Dry,Yala,5.69,0.184,7.7,119.6,1.37,45.9,27.8,100,60,20,231.8,120.7,31.5
366,Galle,Wet,Yala,5.45,0.137,6.1,131.2,2.24,350.6,25.3,120,60,20,256.4,128.1,34.6
367,Galle,Wet,Maha,5.43,0.14,5.5,113.6,1.99,315.2,27,120,60,20,278.9,136.6,35.5
368,Puttalam,Dry,Yala,6.89,0.057,7.2,,0.54,41.6,27.7,130,60,40,299.8,127.8,66.8
369,Kilinochchi,Dry,Maha,5.93,0.178,13.2,87,0.51,121,29.7,100,40,40,207.5,88.3,61.7
370,Kilinochchi,Dry,Yala,5.5,,7.2,105.6,1.29,63.8,27.6,130,60,20,264.3,132.5,32.7
371,Gampaha,Wet,Maha,5.33,0.136,10.6,,1.7,206.1,24.5,120,40,40,245.3,85.2,62.8
372,Monaragala,Intermediate,Yala,6.26,0.086,5.9,81.4,1.89,175.3,26.7,130,60,40,262.2,138.3,65.9
373,Anuradhapura,Dry,Maha,6.32,0.169,11.9,99.4,0.87,163.9,29.1,100,40,40,204.2,87,69.6
374,Hambantota,Dry,Yala,7.2,0.09,7.5,102.7,1.04,93.5,28.8,130,60,20,290.4,129.7,33
375,Galle,Wet,Yala,5.91,0.113,10.3,78.8,2.14,316.4,26.5,120,40,40,244.1,93.5,66
376,Ampara,Dry,Maha,6.97,0.166,12.3,105,1.32,146.9,30.7,100,40,20,211.5,86.9,33.6
377,Galle,Wet,Maha,4.79,0.1,,113.8,1.65,327.2,24.7,120,40,20,274.4,82.8,33.7
378,Colombo,Wet,Maha,4.71,0.086,5.8,146.6,2.7,342.4,27.1,130,60,20,262.4,130.7,35.1
379,Anuradhapura,Dry,Maha,7.02,0.123,10.5,64.9,0.52,257,31.2,120,40,40,273.2,91.1,64.8
380,Galle,Wet,Yala,5.21,0.197,6.6,123.7,1.61,357.5,24.3,100,60,20,210.3,135.8,34.9
381,Matale,Intermediate,Yala,5.33,0.175,13.7,115,1.46,154,26.6,100,40,20,204.9,90.8,33.6
382,Puttalam,Dry,Yala,6.54,0.189,13.7,114.9,0.66,97.9,30.7,100,40,20,223.8,89.7,32.3
383,Kurunegala,Intermediate,Maha,5.39,0.068,14,108.6,1.41,197.4,28.1,130,40,20,288.1,83.8,32.3
384,Kandy,Wet,Yala,5.11,0.15,9.6,74.8,1.51,299.7,25.6,100,60,40,229.7,137.5,65.3
385,Badulla,Intermediate,Maha,6.42,0.059,13.5,92.3,1.72,230,29.4,130,40,40,292.6,92.1,67.9
386,Gampaha,Wet,Maha,4.91,0.165,,72.1,2.88,218.9,24.3,100,60,40,227.3,124.4,64
387,Jaffna,Dry,Maha,5.94,0.149,6.3,88,0.74,170.7,29.6,120,60,40,252.4,123.2,70.9
388,Hambantota,Dry,Yala,7.06,0.196,9.8,73,1.48,82.8,28.5,100,60,40,206.9,139.7,67.4
389,Vavuniya,Dry,Yala,6.7,0.143,11.9,73.9,1.14,40.5,28.1,120,40,40,270.7,91.8,70.9
390,Ampara,Dry,Maha,6.78,0.161,5.4,110.2,0.96,224.6,,100,60,20,227.4,138.1,31
391,Nuwara Eliya,Wet,Yala,4.78,0.183,5,64.3,2.21,,25,100,60,40,233.4,138,65.1
392,Jaffna,Dry,Maha,6.35,0.162,7.9,116.6,0.53,256,27.6,100,60,20,214.6,131.2,30.9
393,Anuradhapura,Dry,Yala,6.68,0.193,,117.3,1.43,83.5,31.1,100,40,20,213.2,88.9,32.2
394,Anuradhapura,Dry,Maha,6.73,0.192,6,95.5,0.82,189.4,29.6,100,60,40,226.4,131.3,70.3
395,Mullaitivu,Dry,Maha,7.32,0.064,14.5,74.6,0.88,231.7,28,130,40,40,275.9,81.1,62.1
396,Colombo,Wet,Yala,4.73,0.194,10.7,81.7,2.72,394.7,27,100,40,40,231.4,90.2,66.1
397,Mullaitivu,Dry,Maha,6.39,0.082,10.6,,1.36,189.2,,130,40,40,297.8,87.1,62.9
398,Hambantota,Dry,Yala,6.98,0.148,13,89.6,1.14,96.2,28.4,120,40,40,258.1,88.9,65.9
399,Kegalle,Intermediate,Maha,5.96,0.167,8.8,114.9,1.78,111.2,,100,60,20,225.6,130.5,35
400,Matale,Intermediate,Maha,5.51,0.079,9,104.8,1.64,193.6,26.5,130,60,20,293.4,130.2,33.9
401,Puttalam,Dry,Yala,6.51,0.073,9.8,101.8,1.37,72.6,27.7,130,60,20,265.8,124,34.5
402,Badulla,Intermediate,Maha,6.43,,11,87.6,1.71,195.3,26.7,100,40,40,230.5,84.1,65.2
403,Kurunegala,Intermediate,Maha,,0.191,11.1,67.5,1.32,174.3,27.8,100,40,40,217.6,82.5,71.1
404,Vavuniya,Dry,Yala,6.36,0.125,6.7,83.6,1.36,67.5,30,120,60,40,273.7,124.4,68.8
405,Monaragala,Intermediate,Yala,6.43,0.161,6,61.4,1.17,137.5,28.3,100,60,40,211.5,139.7,65.9
406,Monaragala,Intermediate,Yala,5.3,0.074,19.3,112.9,1.91,156.8,29.5,130,20,20,299.4,41.2,32.9
407,Hambantota,Dry,Yala,5.9,0.168,11.6,85.5,1,78.2,27.5,100,40,40,213.8,84,70.9
408,Kilinochchi,Dry,Yala,5.56,0.138,9.4,45.4,,85.2,27.9,120,60,60,241.8,132.2,101.1
409,Gampaha,Wet,Maha,4.83,0.094,11,69.2,2.19,228.3,27.8,130,40,40,299.8,88.4,68.8
410,Vavuniya,Dry,Maha,5.86,0.139,8.1,119.1,0.97,177.9,27.1,120,60,20,244.9,123.6,32.9
411,Hambantota,Dry,Maha,6.18,0.129,9.3,46.9,0.96,270.1,30.2,120,60,60,253.8,136.1,95.9
412,Mannar,Dry,Maha,5.8,0.138,5.1,112.6,0.98,282.4,28.2,120,60,20,278.5,136,34.4
413,Matale,Intermediate,Maha,6.77,0.163,5.2,51.2,1.85,177.5,29,100,60,60,232.1,125.3,101.6
414,Monaragala,Intermediate,Yala,6.14,0.151,,52.5,1.23,199.8,29.2,100,20,60,219.8,42.1,100
415,Monaragala,Intermediate,Maha,5.27,0.195,12.3,85.4,1.21,150.4,26.1,100,40,40,221.7,92.7,67.9
416,Nuwara Eliya,Wet,Yala,4.96,0.156,9.8,116.1,2.45,314.3,25.2,100,60,20,215.7,136.8,31.8
417,Matara,Wet,Maha,5.07,0.135,6.9,142.6,1.92,350.5,26.6,120,60,20,252.8,134.3,34.8
418,Kegalle,Intermediate,Yala,6.21,0.067,18.4,90.1,1.28,177.7,29.2,130,20,40,275.3,40.8,71.2
419,Batticaloa,Dry,Yala,5.72,0.188,9.3,113.1,0.96,74.9,27.7,100,60,20,223,128.8,35.3
420,Ampara,Dry,Yala,6.32,0.147,6.4,48.4,1.38,61.7,28.2,120,60,60,270.8,131.6,97.3
421,Kilinochchi,Dry,Yala,7.04,0.194,6.1,109.9,1.27,91.8,27.6,100,60,20,226.9,124.3,32.8
422,Trincomalee,Dry,Maha,6.67,0.125,8.7,84.1,1.19,148.7,31.2,120,60,40,272.2,129.4,69.8
423,Mullaitivu,Dry,Yala,6.32,0.107,6.3,111.3,1.37,68.5,28.3,120,60,20,244.9,132.4,33.8
424,Nuwara Eliya,Wet,Yala,5.9,0.193,8.5,80.5,1.8,254.2,27.2,100,60,40,217.2,127,67.2
425,Monaragala,Intermediate,Maha,6.68,0.141,5.2,,1.48,173.8,28.7,120,60,20,243.6,135.9,35.4
426,Mullaitivu,Dry,Maha,5.72,0.156,11.4,43.9,0.66,285.6,,100,40,60,219,91.4,100.5
427,Mullaitivu,Dry,Maha,6.62,0.119,12.5,87.3,,121.4,28,120,40,40,258.6,84.7,66.8
428,Kegalle,Intermediate,Yala,5.59,,12.6,80,,140.4,28,120,40,40,276.1,91.4,62.1
429,Kandy,Wet,Maha,5.43,0.077,9,100.1,1.81,344.4,,130,60,20,276.3,122.6,31.1
430,Anuradhapura,Dry,Yala,7.26,0.187,13.5,106.5,0.98,38.7,27.1,100,40,20,204.9,91.4,30.8
431,Matale,Intermediate,Maha,6.43,0.198,8.2,99.5,1.14,130.6,27.1,100,60,40,205.8,123.6,70.8
432,Trincomalee,Dry,Maha,6.42,0.191,11.5,46.1,1.02,283,29,100,40,60,225.9,81.6,98.6
433,Kurunegala,Intermediate,Yala,5.99,0.078,12.5,128.8,1.89,224.5,29.1,130,40,20,287.6,88.9,33.1
434,Puttalam,Dry,Yala,,0.051,14.8,117.4,1,34.8,30.1,130,40,20,265.7,86.6,35
435,Matara,Wet,Yala,5.24,0.116,7.4,135,1.95,,24.4,120,60,20,244.6,138.4,33.8
436,Puttalam,Dry,Yala,6.33,0.068,10.5,74.6,0.56,25.3,32,130,40,40,291.1,85.2,67.8
437,Mullaitivu,Dry,Maha,5.82,,,117.3,0.82,199.6,,130,40,20,264.5,84.2,32.3
438,Monaragala,Intermediate,Yala,6.23,0.159,5.4,115.4,,165.7,28.1,100,60,20,227.9,130.4,35
439,Nuwara Eliya,Wet,Maha,,0.065,7.3,76.5,2.9,395.3,25.3,130,60,40,291.3,129.5,63.4
440,Kalutara,Wet,Yala,5.93,0.101,5.1,137.3,2.43,228.9,26.7,120,60,20,244.5,127.4,31.1
441,Kegalle,Intermediate,Maha,6.6,0.19,9.8,113.5,1.73,182.4,27,100,60,20,203.9,134.2,31.8
442,Colombo,Wet,Maha,5.15,0.148,10.4,78.3,2.33,384,25.8,120,40,40,279.9,90.4,64.4
443,Mullaitivu,Dry,Yala,,0.153,10.9,109.6,1.46,74.1,32,100,40,20,213.3,91.6,32.2
444,Matale,Intermediate,Maha,5.49,0.15,16.1,,1.46,103.1,26.5,100,20,40,213.2,46.6,68.4
445,Kilinochchi,Dry,Maha,5.57,0.162,13.8,105.9,0.99,274.8,30.6,100,40,20,227.6,84,31.9
446,Hambantota,Dry,Yala,5.54,0.081,5.1,84.4,0.97,,28.2,130,60,40,301.6,134.6,68.5
447,Polonnaruwa,Dry,Yala,7.14,0.117,8.3,41.2,0.68,22.1,28.5,120,60,60,279.9,128.3,93.9
448,Colombo,Wet,Maha,4.54,0.057,9.2,141.9,2.08,303,26.2,130,60,20,293.3,133.9,31.5
449,Polonnaruwa,Dry,Maha,6.25,0.168,8.2,111.1,0.89,158,29,100,60,20,213.4,129.9,33.3
450,Matale,Intermediate,Maha,6.5,0.178,17.3,106.5,1.35,155.2,,100,20,20,203.8,46.7,35.4
451,Kalutara,Wet,Yala,5.06,0.129,8.1,110.8,2.8,322.7,25.6,120,60,20,271.7,134.9,35.1
452,Batticaloa,Dry,Yala,7.19,0.082,7.9,52.3,1.47,77,,130,60,60,285.1,139.3,107
453,Nuwara Eliya,Wet,Yala,4.98,0.186,10.3,145.8,2.9,297.5,24.3,100,40,20,214.9,91.4,34.1
454,Galle,Wet,Yala,5.16,,6.2,,2.53,262.8,25.7,120,60,40,276.8,138.3,68.5
455,Hambantota,Dry,Yala,7.15,0.072,12.6,62.4,0.86,22.8,29,130,40,40,266.1,91.1,68
456,Batticaloa,Dry,Maha,5.72,0.126,11.3,44.4,1.08,255.6,29.8,120,40,60,260.6,86.5,101.8
457,Badulla,Intermediate,Maha,5.94,0.161,10.7,98.6,1.63,228.2,29.7,100,40,40,201.5,83.8,63.2
458,Gampaha,Wet,Maha,5.81,0.057,10.3,86.2,1.95,297.6,26.1,130,40,40,281.3,85.3,67.1
459,Monaragala,Intermediate,Maha,6.11,0.16,12.8,52.5,1.5,163.5,,100,40,60,202.9,80.7,98.3
460,Kegalle,Intermediate,Yala,6.38,0.09,11.1,106.9,1.38,191,27.7,130,40,20,266.4,87.3,33
461,Colombo,Wet,Yala,4.58,0.069,9.7,67.5,,200.5,24.1,130,60,40,266.4,130.5,66.9
462,Anuradhapura,Dry,Maha,5.92,0.17,9.3,92.2,1.36,199.6,31.8,100,60,40,222.3,130.9,63
463,Vavuniya,Dry,Maha,6.27,0.198,,,1.24,201.4,27.3,100,60,20,225.4,139.7,32.6
464,Vavuniya,Dry,Yala,5.79,0.129,8.3,50.9,0.6,69.2,,120,60,60,264.2,138.4,93.5
465,Ampara,Dry,Yala,7.44,0.163,9.4,77.1,0.82,,30.5,100,60,40,232.5,123.8,71.5
466,Nuwara Eliya,Wet,Maha,4.78,0.131,11.7,96,2.97,278.9,27.5,120,40,40,256,85.3,62.9
467,Mannar,Dry,Yala,7,0.126,13.9,76.9,1.26,65.6,30,120,40,40,252.5,86,64.3
468,Mannar,Dry,Maha,6.89,0.142,5.7,81.5,0.76,214.9,29.1,120,60,40,275.3,127.7,70.6
469,Kalutara,Wet,Yala,5.05,0.185,9.7,96,1.96,352.5,27.3,100,60,40,208.4,136.2,66.5
470,Polonnaruwa,Dry,Yala,5.69,0.179,11.1,96.7,0.66,21.9,28.1,100,40,40,232.5,87.3,63.1
471,Ratnapura,Wet,Maha,5.67,0.052,7,,2.88,325.2,26.9,130,60,20,261.9,131.8,32.7
472,Mullaitivu,Dry,Maha,6.52,0.111,7.3,76.5,1.48,167.9,31,120,60,40,279.3,137.3,62.9
473,Monaragala,Intermediate,Maha,6.3,0.13,19.3,,1.45,100.1,27.2,120,20,20,243,45.5,31.8
474,Anuradhapura,Dry,Yala,7.21,0.17,6.2,111.3,1.41,98.3,29.5,100,60,20,230.2,123.2,31.1
475,Gampaha,Wet,Yala,4.75,0.199,11.2,133.2,2.29,366.8,27.9,100,40,20,218.3,89.8,33
476,Kilinochchi,Dry,Yala,6.55,0.1,5.7,71.5,1.1,,28.6,120,60,40,280.2,129.1,69.8
477,Kandy,Wet,Yala,5.83,0.198,9.1,108.1,1.86,263.4,24.4,100,60,20,203.5,126.4,33.7
478,Kalutara,Wet,Yala,5.39,0.061,10,141,2.74,244.2,25.4,130,40,20,284.9,81.1,33.8
479,Galle,Wet,Maha,5.76,0.068,,65.8,,316.5,27.4,130,40,40,302.5,86.8,63.7
480,Batticaloa,Dry,Yala,6.5,0.18,8.4,96.9,1.1,87.2,29.9,100,60,40,218.2,127.6,65.1
481,Galle,Wet,Yala,4.59,,10.1,,2.47,371.3,27.5,130,40,40,288.1,83.8,70.2
482,Galle,Wet,Yala,5.82,0.146,10.5,131.9,2.47,212.5,24.6,120,40,20,268.6,89.5,31.2
483,Matale,Intermediate,Maha,5.74,0.134,6.9,118.8,,225.5,28.3,120,60,20,259.1,135.7,35.1
484,Colombo,Wet,Yala,4.57,0.113,10.7,77.2,,264,27.6,120,40,40,265.9,83.7,66.5
485,Nuwara Eliya,Wet,Yala,5.49,0.082,10.4,133.5,2.7,264.4,26,130,40,20,286.2,81.1,35
486,Trincomalee,Dry,Yala,7.42,0.199,,79.5,1.07,68.9,28.9,100,40,40,230.5,91.6,64.9
487,Kalutara,Wet,Maha,5.8,0.175,5.3,96.8,2.11,200.3,27,100,60,40,202.6,120.8,65.1
488,Puttalam,Dry,Yala,6.02,0.104,14.2,69.9,0.87,55.5,29.4,120,40,40,252.3,92.7,69.2
489,Galle,Wet,Maha,,0.086,,79.6,2.14,298.9,27.3,130,60,40,301.7,132.9,69.6
490,Puttalam,Dry,Yala,5.7,,9.8,97.2,1.08,36,31.9,100,60,40,230.1,126.9,64
491,Hambantota,Dry,Maha,6.36,0.138,7.9,68.6,0.9,202,,120,60,40,259.2,125.4,71.4
492,Anuradhapura,Dry,Maha,6.06,0.129,9.7,92.8,0.95,289.8,29.9,120,60,40,265.6,120.8,62.5
493,Nuwara Eliya,Wet,Yala,5.41,0.134,7.4,74.6,2.3,244.4,24.1,120,60,40,252.2,125.2,62.4
494,Vavuniya,Dry,Maha,5.55,0.144,5.4,94.9,0.82,280.6,,120,60,40,248.7,123.3,67.7
495,Mullaitivu,Dry,Yala,6.91,0.135,14,69.5,1.38,52.3,29.9,120,40,40,259.5,88.5,68.9
496,Kurunegala,Intermediate,Yala,6.71,0.054,12.1,55.2,1.99,117.8,29.8,130,40,60,276.4,82.6,106.9
497,Polonnaruwa,Dry,Yala,6.9,0.174,11.2,87.5,1.35,70.1,28.6,100,40,40,220.1,87.4,65.7
498,Trincomalee,Dry,Maha,6.15,0.129,11.4,102.5,0.96,148.3,30.2,120,40,20,244.4,88.2,30.9
499,Ampara,Dry,Maha,6.37,0.064,11.5,47.8,1.15,135.8,27.7,130,40,60,302.7,84.4,101.5
500,Kandy,Wet,Maha,5.29,0.186,10.5,111.2,1.5,296.1,26.9,100,40,20,233.3,80.9,32.2
501,Mannar,Dry,Maha,7.15,0.09,7.4,50.1,1,241.8,31.2,130,60,60,291,121.3,99
502,Nuwara Eliya,Wet,Yala,5.59,0.177,6.8,126.5,1.96,364.8,27,100,60,20,218.6,121.1,33.2
503,Mullaitivu,Dry,Maha,,0.099,11.1,63.9,0.76,141.4,31,130,40,40,274.5,90.1,62.3
504,Polonnaruwa,Dry,Maha,5.58,0.174,6.4,117.8,0.95,262.2,28.8,100,60,20,227.6,126.8,33.2
505,Ratnapura,Wet,Maha,4.64,0.096,7.4,86.8,2.5,250.9,27,130,60,40,290.4,136.2,66
506,Galle,Wet,Maha,5.64,0.098,7.7,126.7,2.02,338.6,24.6,130,60,20,268.3,129.1,34.4
507,Kandy,Wet,Maha,5.77,0.053,5.1,71.9,2.43,244,27,130,60,40,300,129.5,68.2
508,Polonnaruwa,Dry,Yala,6.98,0.065,7.2,90.1,1.17,95.2,30.1,130,60,40,296.3,130.7,63.6
509,Puttalam,Dry,Yala,5.84,0.126,12.7,,0.8,50.5,28.8,120,40,40,278.5,89.8,63.8
510,Ampara,Dry,Maha,6.15,,5.3,87.8,1.18,206.2,28.8,100,60,40,224.8,126,64.2
511,Polonnaruwa,Dry,Yala,5.57,0.144,10.1,89.4,0.72,35.6,27.9,120,40,40,265.3,82.1,63.5
512,Matara,Wet,Maha,5.59,0.144,8.1,96,2.17,397.1,25,120,60,40,257.7,131.5,68.3
513,Batticaloa,Dry,Yala,6.21,0.149,7.5,65.4,0.76,66.5,29.8,120,60,40,277.8,127,71.6
514,Anuradhapura,Dry,Yala,5.55,0.192,10.8,113.5,1.08,23.5,28.2,100,40,20,229.3,86.2,34.1
515,Hambantota,Dry,Maha,6.63,0.192,8.3,71.3,0.6,167.6,30.8,100,60,40,202.6,133.3,67.8
516,Colombo,Wet,Yala,5.36,0.191,8.6,112.5,1.64,382.4,27.8,100,60,20,202,130.3,32.9
517,Matara,Wet,Maha,5.47,0.167,9.8,64.4,2.46,250.9,,100,60,40,213.4,132.8,64.8
518,Anuradhapura,Dry,Yala,5.84,0.166,9.2,61.7,1.24,44.2,31.5,100,60,40,227.5,131.3,70.8
519,Monaragala,Intermediate,Maha,6.41,0.052,9.9,50.3,1.38,126.6,27.9,130,60,60,303.3,135.1,107
520,Trincomalee,Dry,Yala,,0.186,8.1,97.2,0.63,96.2,30.7,100,60,40,206,134.4,66.7
521,Ratnapura,Wet,Yala,5.27,0.055,7.4,109.5,2.92,204.5,,130,60,20,286.6,131.1,32.3
522,Ratnapura,Wet,Yala,4.86,0.06,11.3,117.3,,390.5,24.3,130,40,20,277.6,89.3,34.6
523,Badulla,Intermediate,Maha,6.01,0.132,15.6,124,1.62,,27.4,120,20,20,279.3,45.9,31.5
524,Galle,Wet,Yala,4.87,,7.4,143.6,2.32,326.8,25.2,120,60,20,274.3,129.1,34.6
525,Matale,Intermediate,Maha,6.78,0.1,9.8,50.5,1.89,174,27.2,120,60,60,274.1,128.7,104.8
526,Galle,Wet,Yala,5.49,0.128,7.3,140.6,2,318.4,25.2,120,60,20,259.7,135.6,31.4
527,Trincomalee,Dry,Yala,6.02,0.13,8.5,65.5,0.65,85,28.8,120,60,40,257.6,132,71.5
528,Kegalle,Intermediate,Maha,6.76,0.094,8.7,53.5,1.3,,29.5,130,60,60,273,122,107.3
529,Kandy,Wet,Maha,4.54,0.071,7.1,118.6,2.43,303.6,24.4,130,60,20,263.8,138.1,35.5
530,Polonnaruwa,Dry,Maha,6.81,0.172,13,103.5,1.24,275.1,31.4,100,40,20,229.3,80.9,33.3
531,Ampara,Dry,Maha,6,0.116,9.9,50.8,1.38,265.9,31,120,60,60,273.1,135.3,96.2
532,Nuwara Eliya,Wet,Maha,5.57,0.18,5.9,95.8,1.66,373,24.9,100,60,40,233.7,135.5,67.5
533,Vavuniya,Dry,Maha,5.78,0.141,9.5,49.9,0.81,205.4,27.6,120,60,60,280.3,139.3,98.8
534,Kandy,Wet,Yala,4.75,0.052,9.9,142.5,,353,24,130,60,20,284.9,121.7,31.8
535,Badulla,Intermediate,Maha,6.71,0.153,16.5,91.8,1.35,158,27.5,100,20,40,226.2,44.1,65.9
536,Gampaha,Wet,Maha,,0.153,7.4,128.6,2.71,200.2,24.7,100,60,20,231.9,129,34.1
537,Hambantota,Dry,Maha,5.67,,13.2,70.8,0.9,123.2,27.3,100,40,40,228.8,84.8,62.4
538,Mullaitivu,Dry,Maha,7.14,,5.1,101.1,1.15,134.9,29.2,100,60,20,209.2,122.4,32.5
539,Gampaha,Wet,Yala,5.54,0.148,7.3,146.6,1.82,363.1,24.5,120,60,20,259,131.6,30.9
540,Mannar,Dry,Maha,5.95,0.134,10.8,43.8,1.07,129.2,30.4,120,40,60,246.4,86.7,103.7
541,Mullaitivu,Dry,Maha,5.59,0.112,14.7,45.4,1.29,261.1,31.4,120,40,60,278.7,81.8,102.1
542,Colombo,Wet,Maha,4.76,0.052,10.1,119.7,2.61,290.9,25.2,130,40,20,287.1,88.5,31.1
543,Monaragala,Intermediate,Yala,5.74,0.137,8.9,95.1,1.49,197.2,,120,60,40,250.3,135.1,71.3
544,Kandy,Wet,Maha,5.8,0.102,10.3,138.7,1.79,283.5,24.2,120,40,20,267.6,90.5,30.9
545,Polonnaruwa,Dry,Maha,5.55,0.087,13.8,101.3,1.27,183.7,30.6,130,40,20,287.6,92.3,33.7
546,Trincomalee,Dry,Yala,6.49,0.195,11.4,88.8,0.6,92.5,31.5,100,40,40,212.8,85.8,69.5
547,Vavuniya,Dry,Maha,5.64,0.121,8.1,98.5,1.22,296.8,29.8,120,60,40,245.8,139.3,69.6
548,Vavuniya,Dry,Maha,5.74,0.086,9.4,66.5,1.13,,30,130,60,40,289.9,137.5,62
549,Puttalam,Dry,Yala,6.85,0.057,14.6,57.3,1.24,76,29.6,130,40,60,283.5,84.3,106.1
550,Gampaha,Wet,Yala,5.81,0.12,9.7,96.4,2.01,361.4,27.6,120,60,40,271.6,123.7,70.9
551,Ratnapura,Wet,Maha,5.92,0.066,8,139.8,2.65,311.8,26.1,130,60,20,283.5,129.1,33.6
552,Matale,Intermediate,Yala,6.63,0.166,12.2,129,1.39,117.3,29.3,100,40,20,228.9,85.7,33.2
553,Kilinochchi,Dry,Maha,5.97,0.064,13.2,83,0.67,139.5,29.4,130,40,40,284.8,88,62.1
554,Anuradhapura,Dry,Maha,6.3,0.193,7.2,97.7,1.44,219.4,29.7,100,60,40,219.4,132,67.3
555,Monaragala,Intermediate,Maha,,0.133,5.8,129.1,1.85,116.3,29.8,120,60,20,275.6,135.3,32.8
556,Batticaloa,Dry,Maha,5.55,0.089,13.7,43.4,0.61,208.5,28.3,130,40,60,278.5,87.1,104.1
557,Batticaloa,Dry,Yala,7.37,0.08,12.1,101.9,0.82,50.8,27.2,130,40,20,267.1,81.8,32.8
558,Puttalam,Dry,Yala,6.01,0.117,5.6,89,0.91,26.8,28,120,60,40,242.5,137.4,68.5
559,Batticaloa,Dry,Maha,6.18,0.078,13,61.6,1.47,216.2,30,130,40,40,293.4,84.5,62.7
560,Anuradhapura,Dry,Maha,7.03,0.058,6.3,98,1.2,121.8,30.1,130,60,40,287.7,139.6,63
561,Kilinochchi,Dry,Yala,6.59,0.161,11.1,53.8,0.59,49.6,30.4,100,40,60,224.1,82,94.6
562,Jaffna,Dry,Yala,5.88,0.078,14.7,79.1,1.15,45.2,28.4,130,40,40,270.4,93,62.2
563,Batticaloa,Dry,Maha,6.65,0.082,,94.7,1.01,142.7,27.1,130,40,40,267.2,81.7,67.1
564,Jaffna,Dry,Maha,5.51,0.087,13.5,92,0.69,126.4,27.8,130,40,40,262,83.5,69.6
565,Anuradhapura,Dry,Yala,6.93,0.074,10.4,82.8,0.95,33.5,28.2,130,40,40,276.3,81.1,67.8
566,Mannar,Dry,Maha,7.43,0.19,12.5,91.8,1.44,141,28.1,100,40,40,220.3,89.7,67.4
567,Badulla,Intermediate,Yala,5.65,0.052,18.9,62.5,1.19,126.7,27.2,130,20,40,278,45.8,68.5
568,Kalutara,Wet,Yala,,0.14,8.7,75.1,2.18,307.1,26.9,120,60,40,258.5,129.1,65.1
569,Mullaitivu,Dry,Yala,6.14,0.181,13,68.2,0.7,79.3,29.6,100,40,40,230.6,92.6,65.3
570,Polonnaruwa,Dry,Yala,6.4,0.142,10.3,103.5,1.47,27.4,27.4,120,40,20,255,88.2,32.4
571,Anuradhapura,Dry,Maha,6.27,0.132,,89.4,1.26,219.3,27.8,120,40,40,261.4,88.7,68.8
572,Ratnapura,Wet,Maha,5.61,0.075,9.4,74.3,,321.8,27.9,130,60,40,294.6,137.2,63.3
573,Kalutara,Wet,Yala,5.71,,6.9,110.7,1.71,217.4,24.6,100,60,20,214,126.4,30.9
574,Vavuniya,Dry,Yala,5.58,0.111,7.5,114.8,0.85,25.5,29.9,120,60,20,265.7,127.5,33.8
575,Galle,Wet,Yala,5.06,0.063,10.1,76.8,1.72,387.6,27.4,130,40,40,298,92.3,71.1
576,Gampaha,Wet,Yala,5.49,,8.6,117.3,2.44,351.3,27.6,120,60,20,278.5,138.2,33.8
577,Kegalle,Intermediate,Maha,5.88,0.067,8.1,67.4,1.24,118,29.5,130,60,40,267.6,139.7,69.5
578,Anuradhapura,Dry,Yala,,0.056,5.1,113.6,1.23,38.7,31.9,130,60,20,300.7,138.3,34.2
579,Kilinochchi,Dry,Maha,7.43,0.123,10.4,91.9,0.71,272.3,30,120,40,40,260.6,82.1,66.7
580,Kegalle,Intermediate,Maha,6.04,0.104,13.4,65.8,,230.2,26.7,120,40,40,251.4,91.2,68.9
581,Galle,Wet,Maha,5.92,0.137,11.6,110.5,2.71,370.2,24.2,120,40,20,259.3,85.8,34.9
582,Kalutara,Wet,Maha,5.8,0.071,11,78.1,1.93,229,25.1,130,40,40,302.9,93.4,63.9
583,Kandy,Wet,Yala,4.66,0.066,9.7,79,2.3,219.9,27.7,130,60,40,282.3,129.9,65.1
584,Mullaitivu,Dry,Maha,7.27,0.092,6.8,118.8,1.19,139.5,27.2,130,60,20,275.3,131.5,31.9
585,Trincomalee,Dry,Yala,6.97,0.108,13,83.6,1.21,47.6,30,120,40,40,266.1,87.4,66.2
586,Batticaloa,Dry,Maha,5.69,0.122,12,42,0.62,239.2,29.3,120,40,60,250.7,84.7,105.8
587,Jaffna,Dry,Yala,5.64,0.189,9.8,63.4,1.27,69.2,27.9,100,60,40,203.6,122.1,65.2
588,Trincomalee,Dry,Maha,6.03,0.177,11.6,41.5,1.37,191.3,31.2,100,40,60,205.3,92.2,98.1
589,Kalutara,Wet,Maha,4.8,0.199,6.4,104,2.28,,27.7,100,60,20,205.3,136.3,35.1
590,Kalutara,Wet,Maha,4.91,0.1,11.8,127.9,2.4,348.6,26.8,120,40,20,247.3,82.3,33.4
591,Ampara,Dry,Maha,6.08,,11,113.8,0.64,297.5,30.8,100,40,20,205.6,90.6,33.5
592,Kandy,Wet,Maha,5.15,0.138,10.8,128.9,2.28,311.5,27.1,120,40,20,266.4,88.6,35.1
593,Nuwara Eliya,Wet,Maha,5.77,0.192,10.4,129.4,2.92,,24.6,100,40,20,207,85.8,33.3
594,Mannar,Dry,Maha,6.05,0.069,6.6,41.8,0.69,152.2,29,130,60,60,276.1,125.6,102.7
595,Gampaha,Wet,Maha,5.59,0.197,9.9,119.9,2.64,212.3,26.1,100,60,20,230.3,137.4,31.2
596,Kegalle,Intermediate,Yala,6.78,0.173,16.4,111.3,1.88,116.9,28.4,100,20,20,216.6,44.8,31.7
597,Monaragala,Intermediate,Maha,6.28,0.146,14.1,65,1.08,137.4,28.2,120,40,40,267.5,87.6,65.7
598,Galle,Wet,Maha,5.66,0.086,5.5,149.8,1.57,261.8,26.7,130,60,20,268.7,132.5,33.3
599,Monaragala,Intermediate,Maha,5.87,0.081,15.3,129.5,1.95,163.4,28.2,130,20,20,269.6,40.8,35.6
600,Mullaitivu,Dry,Yala,6.58,0.082,10.2,50.7,1.14,83.1,27.8,130,40,60,263.1,86.7,107.1
601,Kilinochchi,Dry,Yala,5.71,0.144,14,89.9,0.66,38.3,30.9,120,40,40,247.9,83,70.2
602,Kurunegala,Intermediate,Maha,5.51,0.124,6.1,91.4,1.52,133.2,26.9,120,60,40,252.2,124.7,64.9
603,Trincomalee,Dry,Maha,6.65,0.102,8,63.1,1.2,177.2,27.4,120,60,40,248.3,133.6,71.3
604,Monaragala,Intermediate,Yala,5.99,0.138,,86.2,1.42,179.6,29.4,120,20,40,244.8,46.2,68.6
605,Ratnapura,Wet,Maha,5.55,0.196,11.5,,2.51,268.4,27.8,100,40,20,205,85.7,32.8
606,Kurunegala,Intermediate,Yala,6.16,0.162,,91.4,1.31,226.2,29.9,100,60,40,216.1,124.7,68.7
607,Batticaloa,Dry,Maha,5.61,0.101,11.9,107,1.27,190.9,,120,40,20,249.4,88.9,30.9
608,Monaragala,Intermediate,Yala,6.44,0.052,12.5,79.1,1.76,122.8,26.4,130,40,40,276.8,91.8,63.2
609,Kalutara,Wet,Maha,5.66,0.154,5.2,,2.88,303,25.1,100,60,20,217.5,135.3,34.9
610,Mannar,Dry,Maha,6.17,,14.9,93.8,1.48,141.2,31.9,130,40,40,290.7,91.8,68.2
611,Polonnaruwa,Dry,Yala,7.2,0.135,8.1,82,1.19,56.3,29,120,60,40,242.9,131.1,65.3
612,Kandy,Wet,Maha,5.27,,7.3,110.6,2.42,272.3,27.5,130,60,20,295.3,135.3,33.3
613,Nuwara Eliya,Wet,Maha,5.23,0.065,11.3,114.6,1.98,206.1,,130,40,20,288,82.3,35.3
614,Kurunegala,Intermediate,Yala,5.85,0.151,6,113.6,1.42,174.9,28.3,100,60,20,203.8,127.4,34
615,Hambantota,Dry,Yala,6.89,0.108,9.8,86.5,0.83,31.3,27,120,60,40,275.5,128.2,65.7
616,Matara,Wet,Maha,4.57,0.171,8.6,115.2,1.58,379.2,25,100,60,20,231.1,130.6,31.4
617,Gampaha,Wet,Maha,5.79,0.191,10.7,120.2,2.19,202.7,24.4,100,40,20,203.1,92.6,32.3
618,Mannar,Dry,Maha,6.58,0.096,6.6,95.9,1.23,282.3,30.3,130,60,40,273.1,137.7,71.5
619,Colombo,Wet,Yala,,0.146,,84.2,,265.1,24.4,120,40,40,272.9,82.2,66.1
620,Nuwara Eliya,Wet,Yala,6,0.066,10.7,80.2,1.76,349.8,26.1,130,40,40,293.1,82.7,66.4
621,Monaragala,Intermediate,Yala,6.48,,9.9,52.6,1.08,190.3,29.4,130,60,60,269.2,127.6,100
622,Galle,Wet,Maha,4.68,0.138,5.1,131.3,2.21,207,27.9,120,60,20,249.5,126.3,35.2
623,Puttalam,Dry,Maha,6.72,0.063,12.7,60.8,0.51,,30.3,130,40,40,277.1,88.5,67.7
624,Gampaha,Wet,Yala,4.88,,10.3,104.2,2.82,242.1,24.5,100,40,20,216.9,92.3,34.3
625,Anuradhapura,Dry,Maha,5.78,0.073,10.5,69.6,0.79,242.3,28.3,130,40,40,287.6,93,65.6
626,Nuwara Eliya,Wet,Maha,5.21,0.093,7,92.4,1.67,291.6,26.6,130,60,40,277,133.4,62
627,Kegalle,Intermediate,Yala,6.29,0.087,15.9,80.8,1.47,185.4,28.9,130,20,40,281,45.7,71
628,Kalutara,Wet,Yala,5.32,0.12,5.1,122.2,1.7,318.4,24.7,120,60,20,270.6,130.9,35.5
629,Batticaloa,Dry,Maha,6.37,0.181,10.2,117.8,0.81,194.5,30.8,100,40,20,202.3,83.2,35.5
630,Matara,Wet,Yala,5.29,0.105,11.8,62.5,2.98,,24.7,120,40,40,251.2,87.3,71.1
631,Jaffna,Dry,Maha,5.99,0.085,11.7,65.3,1.04,210.2,31.3,130,40,40,291.6,87.7,69.9
632,Kegalle,Intermediate,Yala,6.28,0.196,7.3,55.8,1.47,109.7,28.4,100,60,60,230.3,135.1,102.8
633,Matale,Intermediate,Yala,5.53,0.088,9.8,124.2,1.99,114.4,28.5,130,60,20,283.1,124.9,35
634,Vavuniya,Dry,Yala,6.28,0.154,10.6,87.6,0.92,27.1,28.6,100,40,40,218.4,85.3,67.7
635,Hambantota,Dry,Yala,6.43,0.111,10.7,40.5,1.18,,31,120,40,60,245.5,85.2,94.5
636,Colombo,Wet,Maha,5.67,0.057,8,98.2,1.53,243.9,24.8,130,60,40,280.4,139.4,65.6
637,Puttalam,Dry,Yala,6.82,0.1,14.3,56,1.46,83.6,29.7,120,40,60,262.2,86.3,107.1
638,Vavuniya,Dry,Yala,5.85,0.174,12.4,61.7,0.52,91.9,27.9,100,40,40,209,90.3,65.2
639,Batticaloa,Dry,Maha,7.09,0.056,14.3,,0.56,251.7,28.3,130,40,40,272.8,90.3,70.4
640,Colombo,Wet,Yala,4.72,0.095,11.8,63,2.14,223.2,,130,40,40,277.4,83.9,62.6
641,Vavuniya,Dry,Maha,6.02,0.137,12,98.1,0.67,217.1,29,120,40,40,242.1,87.9,65
642,Polonnaruwa,Dry,Yala,,0.16,14,105.2,0.92,43.2,,100,40,20,211.6,92.1,32.6
643,Kilinochchi,Dry,Yala,6.9,0.165,14,55.2,0.65,20.3,27.3,100,40,60,208,86.7,93.3
644,Puttalam,Dry,Maha,5.51,0.119,14.7,48.3,0.75,130.2,29.9,120,40,60,254.1,92.8,94.3
645,Ampara,Dry,Yala,6.74,0.094,11.7,52.1,1.03,22.5,30.5,130,40,60,266.5,83.3,95.4
646,Matara,Wet,Yala,5.89,0.078,6.1,97,1.78,256.5,25.7,130,60,40,299.2,122.1,70.1
647,Hambantota,Dry,Maha,5.97,0.178,6.1,49.4,1.18,282.9,27.8,100,60,60,220.5,138.1,93.5
648,Polonnaruwa,Dry,Yala,7.4,0.192,5.6,105.2,1.44,85,,100,60,20,223.2,137.2,32.3
649,Monaragala,Intermediate,Maha,6.33,0.064,13.4,91.9,1.85,164,29.8,130,40,40,294.9,93.4,61.8
650,Puttalam,Dry,Maha,5.93,0.149,9.1,101.8,1.18,144.2,29.7,120,60,20,260.8,133.9,34.3
651,Ampara,Dry,Maha,7.4,0.053,13.8,117.7,1.01,214.6,28.4,130,40,20,265.1,92.7,33.9
652,Vavuniya,Dry,Yala,6.54,0.146,9.1,45.2,0.71,65.9,30.9,120,60,60,262.4,136.8,102.2
653,Kilinochchi,Dry,Maha,6.28,0.102,8.7,88.5,0.6,255.6,29.8,120,60,40,264.3,137.1,65.4
654,Monaragala,Intermediate,Yala,6.71,0.101,13.1,55,1.68,222.7,28.3,120,40,60,270.5,87.9,95.6
655,Vavuniya,Dry,Yala,7.13,0.111,12.6,71.8,1.37,65.4,27.4,120,40,40,258.2,85.5,68.9
656,Batticaloa,Dry,Maha,6.24,0.108,11.7,75.4,0.64,289.6,28.8,120,40,40,246.3,92.7,69.8
657,Puttalam,Dry,Maha,5.85,0.125,14.9,70.1,0.56,133.5,31.2,120,40,40,252.4,86.1,63.1
658,Kandy,Wet,Yala,5.1,0.09,10.2,118.5,1.9,257,,130,40,20,276.8,87.5,33.2
659,Ratnapura,Wet,Maha,5.87,0.106,8.6,146.4,1.84,301.1,28,120,60,20,266.6,129.3,32
660,Vavuniya,Dry,Yala,6.39,0.181,14.9,65.4,0.72,,27.8,100,40,40,219.7,87.8,63.4
661,Polonnaruwa,Dry,Yala,6,0.071,8,100,0.82,40.8,,130,60,20,276.5,129.8,34.5
662,Polonnaruwa,Dry,Yala,6.93,0.186,5.9,73.4,0.97,98.6,27.3,100,60,40,233.3,121.6,67.1
663,Vavuniya,Dry,Yala,7.4,0.118,5.2,50,1.36,31.3,30.4,120,60,60,265,137.9,95.7
664,Mannar,Dry,Yala,5.91,0.142,6.1,107.2,0.65,59.1,31.2,120,60,20,250.6,129.3,32.4
665,Ampara,Dry,Yala,5.96,0.147,10.7,91.1,1.42,73.9,29.2,120,40,40,245.3,88.2,71.4
666,Galle,Wet,Maha,5.96,0.119,6.2,124.5,2.4,245,25.2,120,60,20,247.3,123.3,35
667,Mullaitivu,Dry,Maha,6.58,0.065,10.9,93.8,0.54,217.8,31.5,130,40,40,271.8,80.5,70.5
668,Nuwara Eliya,Wet,Maha,5.37,0.132,9.7,136.2,,300.9,24.5,120,60,20,247.6,125.4,33.1
669,Gampaha,Wet,Maha,5.76,0.174,10,113.6,1.99,316.8,25.2,100,40,20,207.2,89.7,33.9
670,Kurunegala,Intermediate,Yala,5.98,0.104,8.4,,1.01,238.2,28.7,120,60,40,252.5,122.6,65.5
671,Colombo,Wet,Maha,4.87,0.117,10.1,123.9,1.65,361.9,26.5,120,40,20,248.1,92.3,31.2
672,Hambantota,Dry,Yala,5.74,0.191,6.7,115.1,0.83,70.1,31.5,100,60,20,230.3,124.8,32.8
673,Galle,Wet,Maha,,0.12,7.1,62.7,2.86,328.8,26.1,120,60,40,244.5,124.6,67.6
674,Ratnapura,Wet,Yala,5.97,0.12,9.1,129.8,2.54,374.3,26.1,120,60,20,261.9,124.2,32.2
675,Kandy,Wet,Maha,4.66,0.062,8.1,99.6,1.8,286.3,27.7,130,60,40,278.8,120.9,70.2
676,Anuradhapura,Dry,Yala,6.46,0.087,7.3,109.7,1.21,76.4,27,130,60,20,303,135.7,31.6
677,Matara,Wet,Maha,5.59,0.18,11.3,67.9,2.41,321.5,26,100,40,40,204.7,91.9,65.4
678,Vavuniya,Dry,Yala,5.53,0.124,9.8,111.7,1.29,38.3,27.5,120,60,20,256.9,132.6,31.4
679,Mullaitivu,Dry,Yala,6.87,0.135,11.1,74.9,0.63,77.2,28.7,120,40,40,279.3,82.9,65.7
680,Matara,Wet,Maha,4.64,0.157,5.3,94,2.08,325.9,27.7,100,60,40,229.3,126.2,62.1
681,Ampara,Dry,Yala,6.09,0.124,14.6,99.1,1.18,31.7,31.3,120,40,40,273.3,86.7,64.4
682,Ampara,Dry,Maha,5.9,0.148,11.3,44.9,1.09,255.6,31.9,120,40,60,251.4,92.9,98.5
683,Ampara,Dry,Yala,6.15,0.16,5.7,50,0.87,,28.9,100,60,60,206.7,125.5,99.7
684,Ratnapura,Wet,Yala,4.79,0.09,5.4,124.7,1.92,286.5,27.7,130,60,20,289.7,134.9,33.5
685,Jaffna,Dry,Maha,5.96,0.077,11.5,118.9,1.28,133.2,31.8,130,40,20,300.8,86.2,32.2
686,Kandy,Wet,Maha,4.72,0.145,7.8,,2.26,220.2,24.8,120,60,20,263.1,126.4,33.4
687,Hambantota,Dry,Yala,5.86,0.089,7.6,71.1,1.31,95.8,28.7,130,60,40,285.6,129.5,66.8
688,Polonnaruwa,Dry,Yala,6.34,0.088,13.5,105.3,0.91,69.9,31.3,130,40,20,273.3,81.4,32.4
689,Jaffna,Dry,Yala,,0.119,10.7,70.9,0.62,,27.3,120,40,40,271.4,90.9,70
690,Batticaloa,Dry,Maha,5.62,0.099,14.5,54.2,0.94,196.9,30.2,130,40,60,269.3,83.7,100.7
691,Trincomalee,Dry,Maha,5.8,0.073,5.3,69.8,0.88,179.9,29.8,130,60,40,275.1,134.8,65
692,Galle,Wet,Maha,5.15,,,,2.04,392,25.8,100,40,20,215,81.4,35.5
693,Vavuniya,Dry,Maha,6.21,0.105,10.2,56.6,0.97,147.8,27.7,120,40,60,261.2,92.9,105.2
694,Vavuniya,Dry,Maha,5.69,0.162,6,41.3,0.7,200.2,29,100,60,60,209,124.4,107.2
695,Kalutara,Wet,Yala,5.35,0.195,9.8,133.6,2.79,305.9,26.3,100,60,20,204.8,137.9,34.3
696,Nuwara Eliya,Wet,Yala,5.12,0.057,9.9,103.8,2.29,333.5,25.7,130,60,20,287.3,136.5,32.7
697,Polonnaruwa,Dry,Yala,7.22,0.159,11.1,77.5,1.48,65,29.3,100,40,40,210.5,93.1,64.5
698,Anuradhapura,Dry,Yala,6.1,0.122,6.4,98.2,0.82,86.9,28.9,120,60,40,264.1,130,68.3
699,Polonnaruwa,Dry,Yala,5.73,0.168,13.2,61.6,1.5,22.6,27.4,100,40,40,206.1,90,71.5
700,Badulla,Intermediate,Maha,5.37,0.158,6.5,126.9,1.26,135.4,27.3,100,60,20,216.8,127.9,33.9
701,Ratnapura,Wet,Maha,5.47,0.162,8.9,116.4,2.01,360.6,25.7,100,60,20,218.5,124.2,35.2
702,Kegalle,Intermediate,Maha,6.57,0.104,13.8,108.3,1.09,191.1,26.1,120,40,20,243.4,86.3,32.4
703,Kurunegala,Intermediate,Yala,6.61,0.153,8.8,113.6,1.83,217.2,26.5,100,60,20,212.1,123.9,32.8
704,Matara,Wet,Maha,5.74,0.134,10.4,125.8,2.28,303,24.2,120,40,20,246.6,93.3,35.3
705,Polonnaruwa,Dry,Yala,7.31,0.102,14,59.1,1.05,62.1,29.2,120,40,60,243.8,81.7,103.9
706,Kilinochchi,Dry,Maha,6.18,0.167,6.7,108.1,,199.3,30.7,100,60,20,233.4,132.1,35.7
707,Mannar,Dry,Yala,5.8,0.184,10.9,48.4,,45.7,,100,40,60,211.6,88.7,104.1
708,Puttalam,Dry,Yala,6.76,0.11,10.4,,0.94,24.5,27.2,120,40,60,273,87.5,99.2
709,Kilinochchi,Dry,Yala,7.2,0.161,11.4,116.2,1.19,54.3,31.5,100,40,20,209.4,89.1,33.5
710,Colombo,Wet,Yala,5.26,0.057,8.1,112,2.54,348.8,24.7,130,60,20,290.3,122.9,35.3
711,Kalutara,Wet,Yala,4.59,0.069,9.5,86.1,2.33,300.1,27.6,130,60,40,293.6,131.5,67.2
712,Jaffna,Dry,Yala,7.29,0.142,11.9,68.8,1.07,69.8,31.3,120,40,40,264.6,84.2,64.3
713,Ratnapura,Wet,Yala,5.01,0.124,,119.7,2.89,361.3,24.1,120,40,20,259.8,92.7,33
714,Puttalam,Dry,Yala,7.45,0.115,5.8,107.4,0.76,48.6,29.5,120,60,20,257.4,135.5,33.4
715,Batticaloa,Dry,Yala,7.39,0.124,10.4,58,0.54,66.5,31.2,120,40,60,255,93.2,94
716,Vavuniya,Dry,Yala,6.71,0.076,13,87.3,0.83,67.3,31.2,130,40,40,300.8,81,69.1
717,Colombo,Wet,Yala,5.65,0.094,10.5,100.4,2.79,,26.7,130,40,20,296.6,84.2,31.3
718,Kalutara,Wet,Yala,4.69,0.167,,121.4,2.94,392.7,26.4,100,40,20,232.6,83,32.8
719,Mullaitivu,Dry,Yala,6.37,0.133,13.3,83.6,1.37,49,28.8,120,40,40,246.2,80.6,69.7
720,Jaffna,Dry,Maha,7.25,0.087,6.1,66,0.92,278,27.1,130,60,40,292.4,125.4,66.4
721,Monaragala,Intermediate,Yala,6.73,0.11,13,110.9,1.38,161.6,26.2,120,40,20,278.1,89.3,35
722,Batticaloa,Dry,Maha,5.58,0.079,12.6,87.6,1.2,155.2,29.1,130,40,40,269.1,83.5,65.1
723,Kandy,Wet,Yala,5.51,0.15,9.6,142.6,2.23,213,26.5,100,60,20,203.3,130.6,35.6
724,Ampara,Dry,Maha,5.54,0.07,7.6,,1.45,159,30,130,60,40,292.8,138,63.8
725,Gampaha,Wet,Yala,5.71,0.137,9.3,75.5,2.54,329.3,27,120,60,40,263.8,134.2,62.1
726,Kurunegala,Intermediate,Yala,5.93,0.073,7.8,116.3,1.16,,26.9,130,60,20,297.1,128.3,35.2
727,Matale,Intermediate,Yala,6.27,0.068,14.4,53.5,1.41,,27.4,130,40,60,267.3,85.3,103.8
728,Anuradhapura,Dry,Maha,5.56,0.076,12,79.8,0.54,135.8,28.6,130,40,40,295.1,86.4,64
729,Kegalle,Intermediate,Yala,,0.123,19.1,77.2,1.49,207,27.4,120,20,40,249.2,41.4,71.5
730,Trincomalee,Dry,Maha,6.06,0.171,5.4,57.7,0.66,298.9,31.6,100,60,60,206.4,133,100
731,Hambantota,Dry,Yala,6.42,0.136,,68.8,1.21,33,27.9,120,40,40,247.8,85.2,71.2
732,Trincomalee,Dry,Yala,5.62,0.143,9.5,58.3,1.49,39.9,,120,60,60,273.2,137.3,100.1
733,Ampara,Dry,Maha,7.14,0.132,12.4,87.4,,158.6,27.8,120,40,40,267.4,90.3,66.4
734,Anuradhapura,Dry,Yala,7.2,,11.3,100.7,0.94,71.8,,100,40,20,218.2,88.4,33
735,Trincomalee,Dry,Yala,6.71,0.158,8.4,106.9,1.42,65.9,30.2,100,60,20,212.8,127.7,32.5
736,Polonnaruwa,Dry,Maha,5.55,0.133,7.3,52.3,1.28,282.5,30.3,120,60,60,275.7,124.7,100.5
737,Jaffna,Dry,Yala,5.97,0.129,14,98.8,1.24,94.8,31,120,40,40,256.7,90.6,66.2
738,Ampara,Dry,Maha,7.31,0.183,8.5,66.2,1.3,239.9,28,100,60,40,227.7,130.1,62.1
739,Colombo,Wet,Maha,4.63,0.129,9.9,133.4,2.37,332,26.2,120,60,20,258.5,125,32.1
740,Matara,Wet,Maha,4.79,0.083,6.8,133.2,1.6,214.3,24.5,130,60,20,277.4,124.4,31.9
741,Colombo,Wet,Yala,4.93,0.165,10.8,116.2,2.1,378.1,27,100,40,20,216.2,82.6,35.1
742,Trincomalee,Dry,Yala,6.02,0.056,9.5,105.8,1.05,68.7,28.2,130,60,20,274.2,135.8,33.8
743,Galle,Wet,Yala,4.99,,6.4,120.5,2.2,237.6,25.5,100,60,20,225.5,125.1,34.6
744,Monaragala,Intermediate,Maha,5.52,0.146,12.3,85.5,1.58,223,26.9,120,40,40,261,87.3,71.3
745,Kilinochchi,Dry,Maha,7.11,0.125,12.6,55.4,,261.8,30,120,40,60,250.4,86.4,102.2
746,Kurunegala,Intermediate,Yala,6.19,0.145,11.8,117.1,1.27,206.7,26.8,120,40,20,276.5,88,35.7
747,Ampara,Dry,Yala,5.65,0.192,9.6,54.6,1.16,30.1,29.1,100,60,60,213.6,137.8,97.2
748,Jaffna,Dry,Maha,7.45,0.11,7.1,,0.93,,28.6,120,60,20,262.6,137.6,31.7
749,Badulla,Intermediate,Maha,6.35,0.113,19.9,117.2,1.61,216,29.9,120,20,20,276.8,43.2,32.8
750,Kandy,Wet,Yala,5.88,0.109,5.7,79.9,2.1,236.3,27.9,120,60,40,265.8,120.9,66.4
751,Matara,Wet,Yala,,0.099,9.6,138.6,2.26,,24.4,130,60,20,266.4,129,35.3
752,Ampara,Dry,Yala,6.77,0.174,8.4,56.2,1,79.5,27.7,100,60,60,231.7,132.5,100.9
753,Puttalam,Dry,Maha,7.07,0.136,11.3,72.7,1.17,141.1,30.2,120,40,40,265.9,87.8,64.6
754,Hambantota,Dry,Maha,6.66,0.098,13,69.6,1,139.1,28.6,130,40,40,275.6,89,69.1
755,Mannar,Dry,Maha,6.23,0.085,12.4,42.7,0.59,138.6,,130,40,60,267.3,82.5,100.1
756,Galle,Wet,Yala,4.76,0.13,11.9,135.1,2.46,222.3,24.3,120,40,20,272.4,88.9,31.6
757,Matara,Wet,Maha,5.67,0.142,8.6,62.3,2.57,352.2,27.9,120,60,40,265.6,124.2,67.5
758,Mullaitivu,Dry,Maha,6.92,0.122,12,66.4,1.1,132.3,31.1,120,40,40,262.2,90.3,70.8
759,Vavuniya,Dry,Yala,7.42,0.05,7.2,83.5,1.07,46.5,28.2,130,60,40,299.3,127.3,70.1
760,Mullaitivu,Dry,Yala,7.27,0.101,12.9,99.9,0.63,21.4,27.1,120,40,40,272.2,89.7,67.6
761,Gampaha,Wet,Maha,5,0.173,5.8,108.3,2.28,351.5,27.1,100,60,20,206,121.6,32.7
762,Colombo,Wet,Yala,,0.128,10.8,115.4,1.93,,25.1,120,40,20,253.5,85.8,31.2
763,Kegalle,Intermediate,Maha,5.25,0.086,11.1,79.9,1.87,172.4,26.8,130,40,40,271.9,89.7,66.4
764,Badulla,Intermediate,Yala,,0.163,10.3,62.3,2,185.5,26.2,100,40,40,225.4,83.4,69.2
765,Hambantota,Dry,Maha,7.31,0.155,14.5,68.7,0.56,138.8,27.3,100,40,40,202.2,90.9,65.3
766,Mullaitivu,Dry,Maha,6.24,0.198,13.6,,1.09,275.8,30,100,40,40,219.7,88.7,64.1
767,Jaffna,Dry,Maha,6.99,0.113,8.6,115.7,1.16,189.5,29.8,120,60,20,271.2,132.1,35.5
768,Ratnapura,Wet,Yala,4.54,0.083,10,88.6,2.58,354.7,25.1,130,40,40,298.6,85.1,69.9
769,Mannar,Dry,Maha,6.8,0.116,8.5,44,1.32,241.5,28.8,120,60,60,254.7,130.1,102.1
770,Kandy,Wet,Maha,5.89,0.126,11.8,119.7,2.29,327.7,27.3,120,40,20,273.5,88.3,31.5
771,Galle,Wet,Yala,5.36,0.12,8.9,143.2,2.74,284.3,25.2,120,60,20,245.7,129.9,31.5
772,Jaffna,Dry,Yala,6.82,0.05,11.3,109.8,1.28,22.9,31.8,130,40,20,297.3,89.6,31.3
773,Hambantota,Dry,Maha,6,0.187,13.1,104.4,0.61,212.1,27.6,100,40,20,205.3,86.1,33.9
774,Badulla,Intermediate,Yala,5.43,0.12,16.2,,1.65,175.1,28.4,120,20,20,256.9,41.6,31.4
775,Puttalam,Dry,Maha,6.14,0.12,6.8,94.1,0.96,129,28.1,120,60,40,272.5,124.8,70.1
776,Nuwara Eliya,Wet,Yala,5.7,0.091,10.7,124.9,1.85,317.9,26.5,130,40,20,267.8,80.6,35.8
777,Monaragala,Intermediate,Yala,5.97,0.161,7.2,96.7,1.25,166,29.1,100,60,40,208.6,126.5,65.4
778,Nuwara Eliya,Wet,Maha,5.56,0.152,10.2,88.5,2.18,267,27.2,100,40,40,224.6,90.2,66.2
779,Galle,Wet,Maha,5.52,0.068,10,140.1,2.12,259.1,,130,40,20,291.9,90.8,34.4
780,Kurunegala,Intermediate,Yala,5.49,0.064,19.5,106,1.19,188,28.3,130,20,20,288.6,41.6,35.5
781,Kalutara,Wet,Yala,5.05,0.18,5.1,61.7,2.84,327,25.1,100,60,40,223.7,139.4,70.6
782,Mullaitivu,Dry,Maha,5.57,0.103,11.3,44.9,1.02,282.6,29.4,120,40,60,262.6,87,93.4
783,Colombo,Wet,Yala,5.19,0.163,6,102.2,2.35,231,26.1,100,60,20,209.3,138.6,31.6
784,Mannar,Dry,Yala,,0.102,11.5,63.1,0.74,58.6,27.5,120,40,40,254.9,89.7,69.2
785,Colombo,Wet,Maha,5.17,0.187,11.8,72.8,1.76,299,25.2,100,40,40,207,89.9,68.6
786,Hambantota,Dry,Maha,5.68,0.056,6.7,92.1,1.12,265.3,29.9,130,60,40,299.9,122.3,63
787,Anuradhapura,Dry,Maha,5.73,0.092,7.2,40.1,1.21,294.5,31.4,130,60,60,286.1,124.9,100
788,Jaffna,Dry,Yala,6.18,,11.5,74.4,0.81,70.5,27.4,100,40,40,214.2,80.6,69.5
789,Ratnapura,Wet,Yala,5.91,0.148,5.6,76,2.11,338,25.9,120,60,40,259.4,134.6,63.9
790,Hambantota,Dry,Maha,7.08,0.114,13.4,57.4,1.04,142.2,28.6,120,40,60,278.4,85,105.6
791,Hambantota,Dry,Maha,6.63,0.162,8.2,53.1,0.96,212.9,30.6,100,60,60,206.1,136,93.3
792,Nuwara Eliya,Wet,Maha,5.43,0.078,11.9,135.1,2.39,258.5,26.2,130,40,20,286.3,84.9,34.7
793,Kandy,Wet,Yala,5.93,0.112,11.5,73.2,2.98,327.3,26.8,120,40,40,261.1,91.2,67.9
794,Mullaitivu,Dry,Yala,5.97,0.107,,92.8,1.33,86.4,30.2,120,40,40,265.3,82.2,64.9
795,Anuradhapura,Dry,Maha,6.98,0.171,14.4,66.2,0.8,252,30.8,100,40,40,201.7,82.7,68.9
796,Puttalam,Dry,Maha,7.21,0.135,7,59.4,1.11,254.5,27.8,120,60,60,275.5,127.3,104.2
797,Colombo,Wet,Yala,5.21,0.106,5.5,95,2.83,200.5,24.6,120,60,40,277.8,128.6,71
798,Hambantota,Dry,Maha,6.51,0.114,9.2,57.7,0.56,257.5,29.3,120,60,60,263.4,127.4,98
799,Jaffna,Dry,Yala,5.79,0.129,6.3,108,1.06,23.6,30.2,120,60,20,268.6,135.6,34.2
800,Kegalle,Intermediate,Yala,5.96,0.139,17.7,108.5,1.84,191.6,29.3,120,20,20,277.4,40.9,33.8
801,Puttalam,Dry,Yala,6.2,0.154,10.6,76.5,0.94,50.1,30.4,100,40,40,224.2,85.1,67
802,Mullaitivu,Dry,Yala,,0.112,13.2,102.7,1.06,79,28.7,120,40,20,247.3,91.4,35.3
803,Ampara,Dry,Maha,5.63,0.083,13.8,49.3,0.54,190.2,30.8,130,40,60,285.8,81.3,92.5
804,Kilinochchi,Dry,Maha,5.97,,14.4,85,1.01,185,29.6,130,40,40,287.1,92.8,64.5
805,Kurunegala,Intermediate,Maha,5.4,0.198,11,75.7,1.55,216.7,26.9,100,40,40,214.9,93.3,67.1
806,Colombo,Wet,Maha,4.92,0.071,6.1,124,2.61,376.7,25.1,130,60,20,292.6,122.4,31.7
807,Kegalle,Intermediate,Maha,6.05,0.101,7.2,107.8,1.69,210.2,29.6,120,60,20,277.9,126.3,35.3
808,Matara,Wet,Maha,,,9.9,147.5,1.52,223.1,27.4,100,60,20,231.3,127.9,34
809,Batticaloa,Dry,Maha,6.71,0.173,11.6,45.3,0.59,251.5,27.1,100,40,60,215.8,90.6,99.7
810,Badulla,Intermediate,Yala,5.77,0.178,11.5,95.5,1.12,206.5,28.2,100,40,40,204.8,88.3,69.8
811,Kurunegala,Intermediate,Yala,6.76,0.114,9.5,75.3,1.47,196.4,26.8,120,60,40,279.9,133.2,66.2
812,Jaffna,Dry,Maha,6.84,0.122,11.3,110.8,0.71,296.1,31.2,120,40,20,274.2,90.4,33.6
813,Kandy,Wet,Yala,4.71,0.152,10.7,99.2,1.89,338.5,26.8,100,40,40,205.2,82,61.7
814,Jaffna,Dry,Maha,5.56,0.131,11.2,62.5,1.18,190.4,27.1,120,40,40,277.4,91.3,65.4
815,Ratnapura,Wet,Yala,5.62,0.096,11.5,80.1,2.78,291.5,24.9,130,40,40,298.3,89.7,63.1
816,Hambantota,Dry,Maha,5.72,0.183,11.9,98.4,1.47,138.8,30.9,100,40,40,218,88,68.6
817,Kandy,Wet,Yala,5.48,0.187,8.2,88.3,1.82,298.1,27.7,100,60,40,220.4,138,66.5
818,Puttalam,Dry,Maha,6.12,0.186,12.4,114,1.39,179,28.2,100,40,20,214.1,89.6,32.3
819,Kandy,Wet,Yala,4.52,0.188,5.3,131.5,1.69,343.7,27.9,100,60,20,202.9,124.6,33.1
820,Polonnaruwa,Dry,Yala,7.35,0.192,11.1,69,1.2,61.2,29.5,100,40,40,212,86.1,63.8
821,Ratnapura,Wet,Yala,4.54,,6.1,123.8,2.84,206,,130,60,20,295.4,130.3,35.4
822,Vavuniya,Dry,Yala,5.86,0.174,5.3,70.4,0.85,80.5,27.2,100,60,40,201.2,121.7,62.2
823,Kurunegala,Intermediate,Yala,6.09,0.15,15.4,59.9,1.17,124.3,29.8,100,20,60,212,46.5,105.5
824,Kandy,Wet,Maha,5.62,0.075,5.4,136.5,2.34,340.8,27.2,130,60,20,278.3,123.1,33.4
825,Ampara,Dry,Maha,5.76,0.093,6.4,103.2,1.12,145.4,,130,60,20,284.2,134.3,33.9
826,Nuwara Eliya,Wet,Yala,4.83,0.134,9.5,123.8,2.06,316.4,27.4,120,60,20,277.3,130.5,32.3
827,Monaragala,Intermediate,Yala,5.49,0.052,19.1,73.8,1.09,247.1,27.2,130,20,40,276.1,40.4,71.4
828,Batticaloa,Dry,Yala,7.35,0.123,,45.9,0.63,65.5,27.1,120,40,60,254.9,92.5,96.7
829,Mannar,Dry,Maha,6,0.088,12.9,94.1,1.07,230.3,28.3,130,40,40,292.7,91.6,67.6
830,Monaragala,Intermediate,Yala,6.06,0.18,,93,1.43,169.2,27.2,100,40,40,215.8,87.3,71.6
831,Colombo,Wet,Maha,5.82,0.132,9.7,110.6,1.7,240.6,26.7,120,60,20,250.1,125.1,35.2
832,Ampara,Dry,Yala,7.16,0.109,,108,1.24,84.2,30.9,120,40,20,259,82.1,33.5
833,Matara,Wet,Yala,5.11,0.172,11.3,110.1,1.79,214,27.9,100,40,20,205.7,85.2,35.7
834,Hambantota,Dry,Yala,5.55,0.142,7.7,110.6,1.19,64,29.3,120,60,20,248.2,125.6,34.3
835,Kurunegala,Intermediate,Maha,6.55,0.077,16.7,113.9,1.83,115.7,28.5,130,20,20,282.5,43.5,31.8
836,Kalutara,Wet,Yala,5.53,0.075,8.3,65.4,1.79,,24.2,130,60,40,279.2,139.5,65.8
837,Kalutara,Wet,Maha,5.24,0.18,10.4,99.9,2.12,249.3,26.4,100,40,40,230.9,88,65
838,Kandy,Wet,Yala,5.35,0.074,6.7,149,2.79,330.8,25,130,60,20,276.8,138,32.5
839,Nuwara Eliya,Wet,Maha,4.58,0.158,11.1,67,2.45,371.3,26.2,100,40,40,220,89,69.3
840,Mannar,Dry,Yala,6.7,0.157,,113.2,1.15,85.9,28.3,100,40,20,221.7,86.7,33.7
841,Monaragala,Intermediate,Maha,5.53,0.181,7.9,59.7,1.81,100.1,28.1,100,60,60,201.5,137.3,93.1
842,Kilinochchi,Dry,Maha,6.13,,8,105.5,0.93,240.9,29.1,130,60,20,289.5,129.8,35.2
843,Ampara,Dry,Yala,5.62,0.178,10.5,91.3,,49.7,31,100,40,40,206.9,91.8,64.7
844,Kalutara,Wet,Maha,4.59,0.15,8.6,106,1.72,228.6,25.8,100,60,20,232.4,126.3,35.8
845,Monaragala,Intermediate,Yala,5.82,0.052,7.8,121.7,1.28,125.3,29.2,130,60,20,267.7,123.1,35.6
846,Colombo,Wet,Yala,4.68,0.161,10.3,96.7,1.67,286.5,25.5,100,40,40,214.6,91.6,71.1
847,Trincomalee,Dry,Maha,6.83,0.19,10.9,64.3,1.22,169,28.5,100,40,40,203.9,88.1,69.8
848,Badulla,Intermediate,Maha,5.39,0.16,17.4,128.9,1.28,245.7,26.9,100,20,20,233.6,46,31.9
849,Anuradhapura,Dry,Maha,6.26,0.126,13.7,62.2,0.84,124.6,28.6,120,40,40,261,92.7,67
850,Kilinochchi,Dry,Yala,5.93,0.144,6.5,110.5,1.49,51.7,27.7,120,60,20,264.6,121.7,31.9
851,Nuwara Eliya,Wet,Maha,5.87,0.193,,,2.84,,26.9,100,60,40,203.3,130.4,64.3
852,Mannar,Dry,Yala,,0.167,6.1,94.1,0.69,64.2,27.1,100,60,40,225.6,128,67.8
853,Vavuniya,Dry,Yala,5.74,0.129,6.6,51,0.64,47.1,30.7,120,60,60,249.5,132.9,93.1
854,Matale,Intermediate,Yala,,0.062,5.2,127.1,1.8,104.9,29.9,130,60,20,299.5,136.1,35.6
855,Ratnapura,Wet,Yala,5.32,0.151,9.4,118.8,2.02,244.2,24.1,100,60,20,207.8,126.1,35.4
856,Gampaha,Wet,Yala,4.8,0.164,8.8,73.7,1.57,365.6,27.6,100,60,40,207.3,131.5,65.5
857,Colombo,Wet,Maha,5.75,0.151,10.5,149.7,2.7,297.1,27,100,40,20,202.3,89.7,33.4
858,Puttalam,Dry,Yala,5.77,0.185,7.8,78.1,0.54,82,27.9,100,60,40,216.5,123.2,66.4
859,Matara,Wet,Yala,4.82,0.092,6.8,91.3,,242.4,,130,60,40,285.3,136.5,70.5
860,Kilinochchi,Dry,Maha,6.23,0.132,13.6,44.2,,202.8,30.3,120,40,60,243.9,88.4,102.8
861,Nuwara Eliya,Wet,Yala,5.85,,6.8,96.6,1.77,359.3,24.9,130,60,40,294.3,139.2,64.5
862,Hambantota,Dry,Maha,6.64,0.124,5.8,40.9,0.55,218.2,30,120,60,60,259.1,127.3,99.2
863,Polonnaruwa,Dry,Maha,6.1,0.159,9.9,92.1,1.03,161.5,28.6,100,60,40,218.2,122.7,66
864,Mannar,Dry,Yala,6.9,0.192,12.2,92.7,0.65,76.8,31.5,100,40,40,215.5,87.1,71.3
865,Mannar,Dry,Maha,,0.177,13.3,59.1,0.58,214.2,30.5,100,40,60,214.2,81.6,95.1
866,Kegalle,Intermediate,Yala,5.36,0.05,10,73.8,1.67,154.5,26.7,130,40,40,285.1,93.1,62.6
867,Kegalle,Intermediate,Maha,6.43,0.171,16.1,73.9,1.48,200.5,28.8,100,20,40,206.2,40.5,70.5
868,Hambantota,Dry,Maha,6.05,0.141,10.3,65.4,1.47,283.8,29.3,120,40,40,248.5,90.3,70.7
869,Colombo,Wet,Yala,5.47,0.198,5.8,88.7,2.79,346.1,27,100,60,40,229.2,130.9,70.4
870,Monaragala,Intermediate,Yala,5.88,0.092,15,106.4,1.06,185.5,28.5,130,20,20,301.5,42.6,33.4
871,Batticaloa,Dry,Yala,6.16,0.129,11.6,72.8,,58.1,30.7,120,40,40,255.9,81.3,68.3
872,Monaragala,Intermediate,Yala,6.66,0.107,7.5,102,1.86,224.9,29.7,120,60,20,251.9,132.8,33.6
873,Matara,Wet,Yala,5.25,0.18,,113,2.63,294.8,25.4,100,40,20,222.1,88.1,31.1
874,Ampara,Dry,Yala,6.61,0.1,9.5,55.5,0.91,48.9,30.4,120,60,60,257.3,126.1,101.4
875,Polonnaruwa,Dry,Maha,7.12,0.122,10.5,55.5,,281,30.9,120,40,60,242.3,92.4,92.7
876,Hambantota,Dry,Maha,7.4,0.179,7.1,43.1,1.05,193.7,30.6,100,60,60,206.2,126.6,97.4
877,Galle,Wet,Maha,5.63,0.122,7.1,67.8,1.87,363.7,26.9,120,60,40,269.4,129.4,71
878,Kegalle,Intermediate,Maha,6.19,0.137,,75.4,1.19,183.1,29,120,20,40,267.1,43.8,64.7
879,Monaragala,Intermediate,Maha,6.76,0.14,,101,1.96,213.3,26.7,120,60,20,242.4,122.6,35.5
880,Trincomalee,Dry,Maha,7.34,,9.8,63.4,1.19,165.8,27.8,100,60,40,208.3,138.9,64.2
881,Ratnapura,Wet,Maha,5.9,0.169,10.8,88.4,2.77,313.2,,100,40,40,208.6,85.4,64.8
882,Gampaha,Wet,Yala,5.5,0.163,9.3,66,1.53,265.9,26.6,100,60,40,223,122.2,68
883,Mullaitivu,Dry,Yala,6.77,0.059,13.3,78.7,1.05,87.1,31.5,130,40,40,262.2,85.5,69.3
884,Matale,Intermediate,Maha,6.63,0.195,19.5,108.5,1.62,180.8,29.2,100,20,20,204.5,44.2,33.3
885,Ampara,Dry,Maha,6.91,0.133,5.7,118.2,0.92,234.6,31.4,120,60,20,272.6,130.7,35.2
886,Mannar,Dry,Maha,6.72,0.199,14.2,63.3,1.38,128.8,,100,40,40,206.9,89.5,62.1
887,Colombo,Wet,Yala,5.95,0.083,8.1,,2.68,244.3,27.1,130,60,20,289.1,121.7,35.4
888,Vavuniya,Dry,Maha,6.62,0.059,10.1,64.1,1.18,225.7,28.9,130,40,40,271.5,84.2,63.7
889,Jaffna,Dry,Maha,7.45,0.111,13.4,69.3,1.47,235.7,30.3,120,40,40,245.2,91.2,70.5
890,Galle,Wet,Maha,5.82,0.142,5.3,86.8,2.33,370.9,27,120,60,40,250.8,122.2,65.7
891,Ratnapura,Wet,Yala,5.49,0.156,8,72.5,2.68,298.2,25.2,100,60,40,224.6,137.4,70
892,Mullaitivu,Dry,Yala,6.24,0.091,9.2,104.5,,58.1,30.1,130,60,20,297.7,122.4,34.2
893,Mannar,Dry,Maha,6.02,0.194,10.9,49.8,,206.4,31,100,40,60,228.2,91.4,95.1
894,Gampaha,Wet,Yala,4.86,0.071,7.6,148.3,2.52,,26.5,130,60,20,278.2,127.7,35.4
895,Galle,Wet,Yala,5.04,0.068,7.3,129.8,2.57,219.1,26.9,130,60,20,289.7,132.6,32
896,Batticaloa,Dry,Yala,5.75,0.133,8.3,94.3,0.53,30.8,29.5,120,60,40,249.4,123.6,64.1
897,Trincomalee,Dry,Yala,7.31,0.13,9.2,53.8,0.54,23.5,27.2,120,60,60,252.8,121.9,104.7
898,Monaragala,Intermediate,Maha,,0.068,15,72.1,1.28,,27.3,130,20,40,299.4,41.6,62.8
899,Trincomalee,Dry,Maha,6.32,0.098,6.9,102.7,0.97,,29.7,130,60,20,262,123.1,31.9
900,Monaragala,Intermediate,Yala,6.12,0.127,10.6,96.2,1.2,133.9,27.1,120,40,40,244.7,84.6,66.7
901,Nuwara Eliya,Wet,Yala,5.44,0.192,10.4,76.6,2.65,322.9,24.2,100,40,40,207.9,87.2,70
902,Kandy,Wet,Yala,5.89,0.148,6.6,80.6,2.65,250.3,26.2,120,60,40,242.4,132.1,63.2
903,Matara,Wet,Yala,5.74,,11.3,98.6,1.94,332.9,25.8,100,40,40,207,90.8,67.2
904,Mannar,Dry,Maha,6.93,0.108,13.3,115.7,1.04,174.7,31.7,120,40,20,264.1,89,34.4
905,Anuradhapura,Dry,Maha,7.05,,11.9,103.3,1.2,169.7,30.5,120,40,20,257.8,88.4,35.1
906,Jaffna,Dry,Yala,6.18,0.147,8.1,71.9,0.8,43,29.1,120,60,40,276.3,128.7,71.1
907,Matale,Intermediate,Maha,6.43,0.103,14.9,67.3,1.56,248.9,28.8,120,40,40,273.3,86.7,69.5
908,Matara,Wet,Yala,4.8,0.175,,111.6,,211,27.8,100,60,20,212.2,128.7,34.1
909,Nuwara Eliya,Wet,Maha,5.04,0.108,7.6,,2.03,383.7,24.6,120,60,20,251.5,137.1,33
910,Nuwara Eliya,Wet,Maha,5.58,0.109,9.3,134.9,2.97,221.6,24.9,120,60,20,256.2,125.1,31.4
911,Kegalle,Intermediate,Maha,5.75,0.056,12.5,,1.12,154.1,26.9,130,40,20,286.4,80.5,34.3
912,Kilinochchi,Dry,Maha,6.43,0.105,6.6,49.1,1.45,215.7,27.6,120,60,60,251.8,133.4,107.4
913,Colombo,Wet,Maha,5.59,0.185,5.4,147.7,,340.4,26.2,100,60,20,221.4,124.6,34.5
914,Jaffna,Dry,Maha,6.07,0.148,14.2,65.8,0.96,235.1,31.8,120,40,40,257.4,92.1,61.9
915,Mannar,Dry,Yala,5.68,0.156,7.5,78.9,0.88,78.4,30.8,100,60,40,219.1,137.4,66.7
916,Anuradhapura,Dry,Maha,6.01,0.19,9.8,79.1,1.2,145.2,30.1,100,60,40,215.3,122.1,67.8
917,Kandy,Wet,Maha,5.43,0.153,9,120.9,2.04,302.6,27.5,100,60,20,210.7,122.7,34.2
918,Kegalle,Intermediate,Yala,5.69,0.11,6.2,102.2,1.39,109.3,28.6,120,60,20,278.5,130.3,34.4
919,Matale,Intermediate,Yala,5.35,0.156,10.3,111.7,1.56,249.1,27.7,100,40,20,226,88.4,33.6
920,Badulla,Intermediate,Yala,5.61,0.065,15.9,76.3,1.12,,26.3,130,20,40,267.3,42,63.9
921,Monaragala,Intermediate,Maha,5.6,0.106,16.6,83.6,1.47,128.3,27.2,120,20,40,275.3,44.9,71.1
922,Trincomalee,Dry,Yala,5.57,0.105,7.7,,0.87,94.4,27.8,120,60,60,260.4,132.3,102.9
923,Galle,Wet,Yala,5.55,0.114,5.9,113.7,2.87,389.8,27.6,120,60,20,276.3,127,32
924,Badulla,Intermediate,Yala,5.84,,16,119.4,1.97,200.3,29.1,120,20,20,272.6,40.4,32.4
925,Matale,Intermediate,Yala,5.84,0.131,17.5,55.4,1.69,179.8,29.5,120,20,60,258,45.1,106.3
926,Matale,Intermediate,Maha,6.45,0.134,,113.9,1.83,207.1,26.2,120,60,20,242.2,124.8,35.2
927,Badulla,Intermediate,Maha,6.35,0.092,19.5,87.5,1.84,152.2,28.1,130,20,40,272.8,45.7,65.8
928,Galle,Wet,Yala,5.38,0.077,8,69.4,2.05,382.7,24.4,130,60,40,284.4,128.8,62.1
929,Kegalle,Intermediate,Maha,6.53,0.151,11.6,66.9,1.71,230.7,26.2,100,40,40,221.8,88,62.2
930,Matara,Wet,Maha,4.78,0.128,11.4,85.2,1.6,324.4,25,120,40,40,251.4,91.9,64.5
931,Ampara,Dry,Yala,6.02,0.179,14,63.6,0.71,70,27.4,100,40,40,205.6,91.7,68
932,Kalutara,Wet,Yala,4.57,0.085,6.5,122.4,1.74,373.4,25.1,130,60,20,296.8,127.9,33.7
933,Kalutara,Wet,Yala,5.37,0.092,10.5,149.2,1.58,325.4,26.7,130,40,20,303.1,83.2,34
934,Batticaloa,Dry,Yala,,0.118,7.1,97.3,,93.9,29.8,120,60,40,261.9,135.8,68.9
935,Badulla,Intermediate,Yala,6.68,0.067,7.6,96.2,1.8,105.3,,130,60,40,268.7,129.1,61.9
936,Ampara,Dry,Yala,7.31,0.187,14.4,62.5,0.91,55.1,30.2,100,40,40,210,83,62.7
937,Badulla,Intermediate,Yala,,0.058,16.3,110.5,1.42,193.3,26.1,130,20,20,262.2,46.1,32.6
938,Kilinochchi,Dry,Maha,7.06,0.119,13.2,94.1,0.51,146.5,31.9,120,40,40,277.1,83.1,63.2
939,Jaffna,Dry,Maha,6.34,0.105,9.1,57.9,0.69,199.1,27.1,120,60,60,245.9,121.1,93.6
940,Vavuniya,Dry,Yala,6.52,0.118,14.2,60.7,0.94,31,31.4,120,40,40,263.9,80.7,68.1
941,Kandy,Wet,Maha,4.63,0.116,11.2,115.4,2.46,303.1,26.8,120,40,20,252.1,88.6,34.9
942,Nuwara Eliya,Wet,Yala,5.96,0.171,9.6,133.9,2.97,243.9,27.5,100,60,20,219.2,133.6,34.6
943,Kilinochchi,Dry,Yala,5.77,0.116,14.4,87.7,1.14,89.4,28.7,120,40,40,266.8,84.5,69.9
944,Trincomalee,Dry,Maha,7.18,0.191,6.5,58.6,1.03,295,30.9,100,60,60,228.2,126.9,102.5
945,Monaragala,Intermediate,Yala,6,0.146,6.1,85.6,1.19,234.1,26.1,120,60,40,249.4,127.3,69.1
946,Monaragala,Intermediate,Maha,6.37,0.106,,,1.3,227.3,27.1,120,40,60,241.8,89.4,96.6
947,Kalutara,Wet,Yala,4.78,0.185,9.5,112.6,1.84,373.5,,100,60,20,205.6,121.8,35.8
948,Badulla,Intermediate,Yala,5.42,0.098,15.8,85.7,1.35,242.5,27.4,130,20,40,299.6,46.3,63.5
949,Anuradhapura,Dry,Yala,7.12,0.091,10.1,116.8,0.86,46.6,30.2,130,40,20,298.4,83.4,31.9
950,Mullaitivu,Dry,Maha,,0.145,10.8,50.3,1.12,241.2,29.1,120,40,60,264.7,93.5,96.8
951,Nuwara Eliya,Wet,Yala,5.04,0.163,6.1,70.3,2.32,257.5,24.8,100,60,40,220.7,124,71.5
952,Nuwara Eliya,Wet,Maha,5.39,0.125,8.8,93.8,1.51,359.9,25.4,120,60,40,267.4,135.7,71.6
953,Monaragala,Intermediate,Yala,5.47,0.1,9.7,77.1,1.22,231.8,27.6,120,60,40,248.2,125,69.7
954,Mullaitivu,Dry,Maha,6.65,0.094,6.8,101.4,0.5,177.3,29.2,130,60,20,300.2,122.2,33.9
955,Polonnaruwa,Dry,Maha,6.43,0.05,8.1,116.1,0.5,121.8,27.7,130,60,20,279.2,137.7,33.4
956,Mullaitivu,Dry,Maha,6.93,0.078,14.9,66.6,1.07,217.9,27.8,130,40,40,277.6,91.7,71.4
957,Polonnaruwa,Dry,Yala,6.9,0.103,8.5,83,0.67,83.2,30.7,120,60,40,261.6,128.5,68.7
958,Gampaha,Wet,Maha,5.26,0.116,7.4,125.3,2.35,302.1,24.4,120,60,20,243.2,134.4,35.5
959,Mullaitivu,Dry,Yala,5.96,0.115,8.7,108.6,0.74,72.4,27.6,120,60,20,247.8,131.5,32.4
960,Badulla,Intermediate,Maha,6.24,0.079,17.5,58.3,1.28,119.7,29.2,130,20,60,292.7,45.8,97.5
961,Kilinochchi,Dry,Maha,5.74,0.192,12.4,44.8,1.33,292.3,31.5,100,40,60,203.8,84.6,105.3
962,Polonnaruwa,Dry,Maha,5.86,0.16,6.4,69,1.15,236.2,31.9,100,60,40,220.8,130.9,63.2
963,Puttalam,Dry,Maha,7.45,0.053,10.8,45.3,0.67,277.5,29.3,130,40,60,271.8,86.8,106.7
964,Monaragala,Intermediate,Yala,6.03,0.148,,123.8,1.84,108.3,28.6,120,60,20,256.6,127.5,33.3
965,Colombo,Wet,Maha,5.08,0.199,11.5,148,1.73,369.3,27.1,100,40,20,210.5,92.1,35.4
966,Hambantota,Dry,Yala,5.56,0.055,14.3,87,0.61,32.4,,130,40,40,276.5,82.6,65.1
967,Ampara,Dry,Maha,7.03,0.088,9.4,44.3,0.53,215.6,30.7,130,60,60,291.9,123.5,103.2
968,Kalutara,Wet,Yala,4.87,0.156,5.9,117.2,2.38,292.5,27.8,100,60,20,210.8,131.9,33.2
969,Matale,Intermediate,Maha,5.64,0.193,12.9,81.1,1.53,195.7,26.8,100,40,40,219.6,89.1,68
970,Mannar,Dry,Yala,6.4,,8.5,94.8,0.61,44.6,29.5,100,60,40,216.6,124.4,66.7
971,Kurunegala,Intermediate,Yala,6.19,0.068,,98.6,1.88,186.9,26.8,130,20,40,289.5,42.8,71.4
972,Hambantota,Dry,Maha,7.07,0.06,9.8,97.5,0.6,281.3,31.6,130,60,40,301.1,139.1,68.6
973,Badulla,Intermediate,Maha,6.78,0.142,8.1,128.2,1.45,196.1,,120,60,20,270,125.4,32.1
974,Mullaitivu,Dry,Maha,6.31,0.162,10.8,77.8,0.53,215.5,31.5,100,40,40,208.1,89.2,70.8
975,Trincomalee,Dry,Yala,7.42,0.144,10.2,111.4,0.59,45.1,31.4,120,40,20,242.6,90.1,32.3
976,Kalutara,Wet,Maha,5.48,0.135,10.1,123.7,2.69,275.9,26.8,120,40,20,251.6,86.3,32.7
977,Kandy,Wet,Yala,5.68,0.127,7.4,110,1.88,291.8,25,120,60,20,264.6,139,31.3
978,Mullaitivu,Dry,Yala,5.84,0.158,6.6,98.4,0.74,39.6,27.5,100,60,40,202.8,135,70.7
979,Kurunegala,Intermediate,Yala,6.67,,18.4,77.1,1.25,176.8,29.4,120,20,40,260.8,43.2,64.6
980,Galle,Wet,Maha,5.2,0.168,7.7,118.2,2.63,250.1,26.4,100,60,20,220.6,131.8,32.1
981,Kalutara,Wet,Yala,5.23,0.106,9.1,137.4,2.18,265.8,25.2,120,60,20,254.4,134.2,35.4
982,Ratnapura,Wet,Maha,4.78,,8.3,68.6,2.66,225.6,26.8,100,60,40,226.2,132.2,69.8
983,Vavuniya,Dry,Yala,6.27,0.179,7.3,89.3,1.11,97,27.5,100,60,40,204.6,137.8,63.1
984,Galle,Wet,Maha,4.9,0.088,11.5,80.4,1.95,317.9,26.1,130,40,40,264.6,85.1,69.4
985,Kegalle,Intermediate,Yala,6.13,0.146,18.1,97.5,1.67,184.5,29.6,120,20,40,269.8,42.2,70.8
986,Gampaha,Wet,Yala,5.94,0.152,11.8,110.3,2.73,375.6,25,100,40,20,217.3,83.3,31.2
987,Batticaloa,Dry,Maha,7.41,0.088,12.4,73.8,0.83,158.1,27.9,130,40,40,290.6,81,70
988,Anuradhapura,Dry,Yala,6.51,0.11,14.4,48.3,1.27,44.9,31.1,120,40,60,258.3,81,100.7
989,Monaragala,Intermediate,Yala,6.09,0.173,7.7,75.9,1.73,185.4,27.8,100,60,40,209.1,137.6,68.4
990,Ampara,Dry,Yala,6.51,0.094,,91.7,0.7,37.5,28.3,130,60,40,296.1,133.9,66.6
991,Kegalle,Intermediate,Yala,5.88,0.091,16.1,114.5,1.3,168.9,26.2,130,20,20,295.3,44.5,34.3
992,Jaffna,Dry,Yala,6.28,0.197,5.7,91,0.69,78.8,31.8,100,60,40,223.7,132.6,62
993,Kalutara,Wet,Maha,5.95,0.19,10.2,133.3,2.03,264.3,25.9,100,40,20,210,91.6,34.6
994,Ampara,Dry,Maha,5.6,0.062,14.8,50.6,0.9,181.4,27.2,130,40,60,286.4,86.7,93
995,Trincomalee,Dry,Yala,6.68,0.174,13.2,119.6,1.12,67.7,27.1,100,40,20,212.9,91.8,33.1
996,Kalutara,Wet,Yala,5.52,0.148,9.3,76.8,1.73,394.3,27.7,120,60,40,244.9,127.7,63.2
997,Kandy,Wet,Yala,5.33,,10.5,133.1,1.7,328.8,,130,40,20,300.3,92.6,34.9
998,Kilinochchi,Dry,Maha,7.35,0.194,12.1,99.5,0.59,257.4,30.5,100,40,40,205.6,89.6,64.8
999,Mannar,Dry,Yala,6.34,0.174,6.3,46.3,0.7,,29.3,100,60,60,232.1,125.7,99.3
1000,Mullaitivu,Dry,Maha,6.47,0.155,11.5,113.7,1.32,169.9,31.2,100,40,20,215.6,87.8,32.9
1001,Vavuniya,Dry,Yala,7.3,0.134,,43.8,1.02,78.9,30.1,120,40,60,248.6,87.4,104.1
1002,Polonnaruwa,Dry,Yala,,0.113,9.6,84.4,1.44,85.2,27.3,120,60,40,262.5,123.3,66.5
1003,Jaffna,Dry,Maha,6.16,0.056,7.6,51.3,1.42,253.8,29.4,130,60,60,298.4,132.2,104.3
1004,Batticaloa,Dry,Maha,6.94,0.053,11.8,94.6,1.02,151.8,28.6,130,40,40,292.4,84.6,62.4
1005,Kurunegala,Intermediate,Yala,5.24,0.131,12.6,76.1,1.87,239,29.6,120,40,40,272.9,81.2,63.6
1006,Ratnapura,Wet,Yala,5.33,0.171,9.9,90.1,2.45,203.9,27,100,60,40,222.6,139.2,67.2
1007,Mannar,Dry,Maha,6.85,0.167,11.2,88,1.37,195,28.2,100,40,40,223.7,88.8,71.2
1008,Trincomalee,Dry,Yala,6.52,0.101,14.8,76.4,1.24,55.5,28,120,40,40,274.6,91.9,62.4
1009,Kalutara,Wet,Yala,4.82,0.05,8.2,148.2,,276.3,26.8,130,60,20,272,133.8,31
1010,Matara,Wet,Maha,5.09,0.143,8.2,111.3,1.97,226.4,26.5,120,60,20,260.5,127.6,31.6
1011,Trincomalee,Dry,Maha,6.59,0.149,7,82.5,0.63,,30.3,120,60,40,250,130.6,68.1
1012,Matara,Wet,Maha,4.97,0.13,7.7,133.3,2.74,347.7,24.9,120,60,20,280,133.8,32.8
1013,Polonnaruwa,Dry,Maha,,0.16,14.9,95.6,0.95,253.3,28.9,100,40,40,231.9,93,70
1014,Batticaloa,Dry,Yala,5.75,0.167,12.1,69.4,0.73,59.7,29,100,40,40,202.4,83.8,62.4
1015,Gampaha,Wet,Yala,5.2,0.175,9.8,,1.92,340.2,26.1,100,60,20,224.1,137.7,31.8
1016,Galle,Wet,Yala,4.74,0.119,10.1,71.2,2.4,235.5,25.8,120,40,40,277.5,92.5,64.7
1017,Gampaha,Wet,Yala,4.51,0.094,10.7,134.5,2.61,211.1,27.2,130,40,20,269.1,89.2,33.9
1018,Mullaitivu,Dry,Maha,5.98,0.066,14.2,54.9,0.98,183.9,30.9,130,40,60,285.5,92.6,102.8
1019,Mullaitivu,Dry,Maha,6.21,0.051,7,119,0.71,263.9,28.5,130,60,20,300.2,128.4,31.4
1020,Monaragala,Intermediate,Yala,5.31,0.098,15.3,101.5,1.61,,29.5,130,20,20,262.8,46.5,35.5
1021,Jaffna,Dry,Yala,,0.173,10.2,88.8,0.65,82.5,29.4,100,40,40,223.8,89.6,65.1
1022,Mannar,Dry,Maha,6.04,0.13,6,119.1,0.77,143,27.9,120,60,20,253,121.4,34.4
1023,Anuradhapura,Dry,Maha,7.12,0.083,7.7,114.4,0.59,151.2,29.6,130,60,20,300.6,138.4,33.4
1024,Mullaitivu,Dry,Yala,7,0.056,10.8,97,0.96,86.4,27.9,130,40,40,302.6,86.8,63.9
1025,Matara,Wet,Yala,4.73,0.184,5.7,107.3,2.85,332.8,24.9,100,60,20,231.9,129.6,35
1026,Kegalle,Intermediate,Yala,6.56,0.189,14.8,127.2,,194,26.7,100,40,20,216.6,87.9,34.9
1027,Colombo,Wet,Maha,4.81,0.12,10.4,128.5,1.94,214,26.6,120,40,20,275.1,82.4,32.8
1028,Matara,Wet,Maha,5.5,0.16,10.9,122.4,2.71,268.4,26.3,100,40,20,228.6,86.6,33.7
1029,Kalutara,Wet,Maha,5.03,0.135,,73.4,2.27,292.9,25.2,120,60,40,253.8,136.9,64.3
1030,Trincomalee,Dry,Yala,5.9,0.088,11.4,75.8,1.03,46.5,29.7,130,40,40,296.5,80.7,68.6
1031,Monaragala,Intermediate,Yala,6.44,0.107,5.3,110,,141,27.2,120,60,20,242.8,126,32.3
1032,Colombo,Wet,Maha,5.19,0.148,6.1,107.9,2.71,212.4,24,120,60,20,264.7,120.7,35
1033,Trincomalee,Dry,Maha,7.36,0.182,7.7,47.2,0.56,226.5,27.2,100,60,60,208.6,128.8,95.8
1034,Kurunegala,Intermediate,Yala,5.39,0.1,7.6,82.6,1.59,124.7,27.2,120,60,40,246.1,134.9,61.8
1035,Puttalam,Dry,Maha,6.93,0.138,9.1,87.5,0.68,161.3,,120,60,40,244.3,136.2,64.4
1036,Anuradhapura,Dry,Yala,5.56,0.145,10.1,80.3,0.75,35.5,32,120,40,40,268.6,92.8,63.6
1037,Ampara,Dry,Yala,5.63,0.095,5.9,77.9,,63.2,30.7,130,60,40,275.8,132.5,66.8
1038,Vavuniya,Dry,Maha,7.19,0.153,,87,1.28,265.8,29.2,100,40,40,224.7,83.8,63.7
1039,Ratnapura,Wet,Maha,4.88,0.088,9.1,63.8,2.01,287.4,24.5,130,60,40,264.2,138.7,69.3
1040,Colombo,Wet,Yala,5.72,0.1,,86,2.19,391.9,24.3,120,40,40,253.7,90.6,64.1
1041,Nuwara Eliya,Wet,Maha,5.44,0.154,10.2,117.4,2.13,237,,100,40,20,218.7,88,34.3
1042,Badulla,Intermediate,Yala,6.2,0.1,9.9,117,1.41,202.5,26.7,120,60,20,272.3,134.2,33.7
1043,Anuradhapura,Dry,Yala,6.23,0.056,14,41.3,0.93,72.2,27.3,130,40,60,274.9,92.5,107.3
1044,Badulla,Intermediate,Yala,6.31,0.052,16.2,50.4,1.62,151.5,27.4,130,20,60,287.9,44.9,107.5
1045,Mannar,Dry,Maha,5.87,0.105,,54.9,0.98,171.6,30,120,60,60,276,127.8,105.5
1046,Nuwara Eliya,Wet,Yala,5.05,0.069,7.3,80.1,1.86,242.3,25.7,130,60,40,287.5,134.6,69.3
1047,Batticaloa,Dry,Yala,7.05,,14,,1.39,,31,130,40,60,271.3,81,98.3
1048,Monaragala,Intermediate,Maha,5.49,0.174,12.5,100.5,1.07,212.6,29.1,100,40,20,201.9,85.5,34.6
1049,Monaragala,Intermediate,Yala,5.57,0.199,7.7,101.9,1.78,100.4,29.4,100,60,20,229.5,128.6,35.6
1050,Matale,Intermediate,Maha,5.25,0.111,7.1,129.8,1.64,247.5,26.4,120,60,20,242.2,123.9,30.9
1051,Mullaitivu,Dry,Maha,5.86,0.087,10.8,41.8,0.75,182.1,31.4,130,40,60,298.5,80.8,100.6
1052,Kurunegala,Intermediate,Yala,5.92,0.199,18.4,129.4,1.15,109.1,27.5,100,20,20,218.3,41.1,31.9
1053,Matara,Wet,Maha,5.73,0.174,10.9,121.9,2.43,224.2,26.6,100,40,20,231.7,89,33.6
1054,Vavuniya,Dry,Maha,7.28,0.179,5.3,76.8,1.18,280.4,31.8,100,60,40,227.1,136.3,66.4
1055,Jaffna,Dry,Maha,6.56,0.123,9,102.1,0.66,,31.1,120,60,20,280.4,139.9,33.7
1056,Ratnapura,Wet,Yala,5.49,0.061,9.4,109.4,1.72,220.3,25.5,130,60,20,276.3,127.4,33.6
1057,Batticaloa,Dry,Maha,6.39,0.158,5.9,,1.01,261.3,30.6,100,60,40,226.1,132.3,71.3
1058,Puttalam,Dry,Maha,6.06,0.1,8.3,107.9,1.47,194.5,30.4,120,60,20,257.1,139,33.6
1059,Anuradhapura,Dry,Yala,6.72,0.06,9.5,87.4,0.73,,30.7,130,60,40,281.7,123.9,70.2
1060,Anuradhapura,Dry,Yala,5.87,0.054,,57.5,1.14,51.2,29.8,130,40,60,288,89.8,97.3
1061,Nuwara Eliya,Wet,Maha,4.64,,8.4,126,1.55,255.3,,130,60,20,298.4,135.4,33
1062,Ratnapura,Wet,Maha,4.79,0.146,8.1,82.3,2.43,225.3,25.1,120,60,40,279.8,122.4,66.4
1063,Mullaitivu,Dry,Yala,7.06,0.086,9,54.1,1.08,28,30.6,130,60,60,294,137.5,96.7
1064,Nuwara Eliya,Wet,Yala,5.55,,8.7,72.2,1.56,386.1,26.5,120,60,40,257.7,136.5,65.5
1065,Matara,Wet,Maha,4.6,0.096,11.6,102.2,1.55,282.3,27.6,130,40,20,279.3,80.9,33.8
1066,Badulla,Intermediate,Yala,5.64,0.139,16.2,98.2,1.51,121.8,28.5,120,20,40,270.2,40.8,67.5
1067,Trincomalee,Dry,Maha,5.93,0.085,6.9,64,1.29,282.9,27.5,130,60,40,271.5,121.6,68.1
1068,Ampara,Dry,Yala,5.69,0.194,8.9,54.9,0.76,98.9,29.4,100,60,60,204.7,127.2,97.8
1069,Monaragala,Intermediate,Maha,5.47,0.197,,126.4,1.73,156.9,27.7,100,60,20,212.7,130.6,32.4
1070,Kalutara,Wet,Yala,5.28,0.164,9,,1.75,348.4,26.8,100,60,20,210.5,131,33.9
1071,Kurunegala,Intermediate,Maha,6.71,0.143,13,113.9,1.59,155,26.3,120,40,20,252.9,84,31.5
1072,Ratnapura,Wet,Maha,5.11,0.161,8.8,126.6,2.59,301.5,27.1,100,60,20,208.7,138.5,32.1
1073,Vavuniya,Dry,Maha,5.84,0.179,12.7,41.4,0.87,179.7,28.3,100,40,60,202.5,85.3,93.1
1074,Kalutara,Wet,Yala,4.68,0.063,8.2,98.1,1.84,269.7,25.7,130,60,40,262.2,121.5,62.4
1075,Puttalam,Dry,Yala,6.4,0.058,12.2,118.2,0.83,71,30.1,130,40,20,303.3,84.4,32
1076,Polonnaruwa,Dry,Yala,6.77,0.164,6.2,112.6,,95.6,29.3,100,60,20,215,131,30.9
1077,Jaffna,Dry,Maha,6.7,0.169,5.9,78,1.46,191.3,29.6,100,60,40,213.6,128.6,64.2
1078,Kegalle,Intermediate,Maha,5.66,0.13,6.2,109.8,1.26,122.4,27.4,120,60,20,267.9,126,34.1
1079,Kurunegala,Intermediate,Yala,6.7,0.137,8.8,83.3,1.97,174.2,26.8,120,60,40,249.9,123.2,62.3
1080,Mannar,Dry,Yala,6.38,0.078,11.6,69.2,1,82.8,31,130,40,40,301.7,91.2,66.1
1081,Kalutara,Wet,Yala,5.15,0.124,5.9,63.3,2.9,325.7,26.6,120,60,40,272.1,140.1,70.8
1082,Kalutara,Wet,Yala,5.84,0.063,9.4,135.5,2.39,344.1,24.1,130,60,20,265.2,127.1,34.8
1083,Matara,Wet,Maha,5.08,0.075,9.8,66.2,2.27,333,27.2,130,60,40,279.1,128.1,64.8
1084,Mannar,Dry,Yala,6.77,0.052,9.8,75.1,1.21,88.5,30.9,130,60,40,298.7,132.7,71
1085,Kilinochchi,Dry,Maha,5.62,0.094,14.4,75,1.34,138.5,29.7,130,40,40,301.5,89.9,65
1086,Colombo,Wet,Maha,5.57,0.178,10.7,,2.23,362.6,25.7,100,40,40,216.3,85.6,62.4
1087,Kurunegala,Intermediate,Maha,5.88,0.068,8.6,84,1.46,146,28,130,60,40,287.4,138.3,71.6
1088,Kandy,Wet,Yala,5.04,,6,135.9,2.41,263.4,26.2,120,60,20,247.9,131.6,35.1
1089,Galle,Wet,Maha,4.83,0.184,6.3,101.4,1.95,269.5,25.4,100,60,20,233.4,129.4,33.1
1090,Kegalle,Intermediate,Yala,5.67,0.147,7.3,50.6,1.2,195.8,,120,60,60,250.4,133.3,102.5
1091,Kilinochchi,Dry,Maha,7.48,0.125,6.4,108.1,1.42,197.7,27.5,120,60,20,278.2,139.3,34.2
1092,Kilinochchi,Dry,Yala,7.39,0.082,13,117.7,1.07,37.7,31.1,130,40,20,288.9,90.8,31.8
1093,Monaragala,Intermediate,Yala,5.72,0.143,,83.7,1.86,151.6,27.3,120,20,40,265.1,40.5,63.7
1094,Mullaitivu,Dry,Maha,5.51,0.195,13,53.4,0.67,178.1,31.2,100,40,60,217.8,84.8,99.5
1095,Nuwara Eliya,Wet,Maha,4.76,0.15,10.7,83.1,1.56,378.2,24.5,100,40,40,208.6,86.6,70.8
1096,Ampara,Dry,Yala,5.58,0.113,12.4,110.9,0.65,97.3,29.4,120,40,20,248.2,84.6,30.9
1097,Mannar,Dry,Maha,7.37,0.097,10.2,42.8,0.82,236.3,30.6,130,40,60,270.8,89.6,104.2
1098,Mullaitivu,Dry,Maha,5.58,0.079,9.5,86,1.43,189.3,28.9,130,60,40,269.3,136.8,62.3
1099,Puttalam,Dry,Yala,6.49,0.078,14.9,101.2,1.4,70.1,31.9,130,40,20,294.5,90,33.2
1100,Nuwara Eliya,Wet,Yala,5.8,0.16,8.2,113.1,2.78,321.1,26.2,100,60,20,212.5,140,34
1101,Mannar,Dry,Maha,6.93,0.176,6.7,83.8,1.32,244.3,27.5,100,60,40,203,126,68.6
1102,Batticaloa,Dry,Yala,6.85,0.195,8,111.3,1.11,96.3,29.1,100,60,20,232.7,137.7,31.1
1103,Ratnapura,Wet,Maha,4.87,0.175,5.8,141.4,2.59,225.6,24.5,100,60,20,229.9,135.6,32.9
1104,Matara,Wet,Yala,4.79,0.16,6.4,117.1,2.2,283.6,26.8,100,60,20,231.3,127.7,33.7
1105,Monaragala,Intermediate,Yala,5.37,0.148,,62.5,1.86,154.1,26.8,120,20,40,280.3,45,62.4
1106,Kalutara,Wet,Maha,5.55,0.152,7.4,96.5,2.9,272.8,26.8,100,60,40,206.8,122.7,63
1107,Ampara,Dry,Yala,6.62,0.182,,42.9,0.64,95.2,31,100,60,60,214,136.1,102.5
1108,Kalutara,Wet,Maha,5.11,0.124,7.8,83.9,1.79,323.5,27.8,120,60,40,271,131,66.9
1109,Trincomalee,Dry,Maha,6.6,0.171,14.1,48.6,0.65,189.1,28.8,100,40,60,223.8,84.3,94.9
1110,Anuradhapura,Dry,Maha,6.05,0.058,13.1,115.6,1.02,194.3,28.8,130,40,20,267.9,89,33.5
1111,Kandy,Wet,Maha,4.93,0.089,7.6,65.8,2.39,209.5,24.1,130,60,40,296,133.2,70.8
1112,Mannar,Dry,Yala,6.63,0.054,9.5,99.9,0.94,94.3,28.1,130,60,40,270.9,124.7,61.9
1113,Polonnaruwa,Dry,Maha,7.2,0.127,6.6,51.6,1.18,186.8,27.2,120,60,60,250.1,121.2,102.1
1114,Mannar,Dry,Yala,6.69,0.112,6,68.4,0.9,88.1,29.8,120,60,40,262.3,129.1,62.4
1115,Kegalle,Intermediate,Yala,5.58,0.14,11.7,122.8,1.85,,27.7,120,40,20,264.5,87.9,30.8
1116,Puttalam,Dry,Yala,7.08,0.124,14.4,48.3,1.24,37.4,31.7,120,40,60,264,91.9,94.8
1117,Nuwara Eliya,Wet,Yala,5.82,0.112,7.2,113.8,2,398.4,24.4,120,60,20,244.9,138.8,32.9
1118,Gampaha,Wet,Maha,4.71,0.092,5.4,138.9,2.81,280.2,25.1,130,60,20,298.6,131,34.8
1119,Ampara,Dry,Maha,5.57,0.101,5.9,41.4,1.45,251.1,30.8,120,60,60,251.7,135.4,96.7
1120,Colombo,Wet,Maha,4.5,0.194,6.2,114.3,1.53,256.2,25,100,60,20,205.3,129.2,33.9
1121,Ampara,Dry,Yala,7.3,0.065,11.1,59.7,0.63,33.3,27.1,130,40,60,299.1,90.2,98.7
1122,Kegalle,Intermediate,Yala,6.49,0.159,5.6,98.4,1.03,101.2,29.7,100,60,40,232.3,124.6,64
1123,Kalutara,Wet,Yala,5.05,0.1,7.6,116,2.15,223.1,24.5,120,60,20,275.1,127.9,33.4
1124,Nuwara Eliya,Wet,Maha,4.64,0.196,11.9,146.8,2.81,359.3,26.1,100,40,20,227.5,88.8,34.8
1125,Batticaloa,Dry,Yala,6.92,0.197,6.6,115.9,,24.6,27.8,100,60,20,222.5,121,35
1126,Batticaloa,Dry,Yala,7.48,0.187,9.1,90.9,0.61,49.7,31.3,100,60,40,219.1,134.8,70.2
1127,Kurunegala,Intermediate,Maha,5.43,0.115,11.1,92.2,1.03,234.1,29.7,120,40,40,244.7,91.4,65.1
1128,Trincomalee,Dry,Yala,,0.13,7.1,80.9,0.66,80.5,,120,60,40,257.3,128.4,69.6
1129,Monaragala,Intermediate,Maha,5.43,0.171,12.5,,1.51,155.4,26.2,100,40,20,213.2,86.3,31.9
1130,Galle,Wet,Maha,4.54,0.095,7.4,120.8,2.46,380.8,25.2,130,60,20,272.4,137.3,34.5
1131,Mullaitivu,Dry,Maha,7.19,0.061,14.8,69,0.67,270.8,29.5,130,40,40,292.1,90.6,71.2
1132,Gampaha,Wet,Maha,4.73,0.16,7.7,133,2.01,362.1,24.9,100,60,20,217.3,126.3,30.9
1133,Polonnaruwa,Dry,Maha,7.13,0.084,12.4,54.5,1.34,261,29.4,130,40,60,264.8,84.7,99.1
1134,Badulla,Intermediate,Yala,6.5,0.133,16.8,58.4,1.68,210.8,28.2,120,20,60,249.9,44.7,102.2
1135,Gampaha,Wet,Maha,4.64,0.127,9.4,105.7,2.92,249.9,25.4,120,60,20,268.1,131.6,34.3
1136,Monaragala,Intermediate,Maha,5.29,,7.6,75.2,1.94,244,29.3,120,60,40,244.3,123.8,63.5
1137,Jaffna,Dry,Maha,6.97,0.156,5.6,40.2,1.44,207.6,31,100,60,60,228.9,126.7,107.1
1138,Gampaha,Wet,Maha,5.09,0.085,5.4,141.3,1.7,362,27.3,130,60,20,282.4,138.2,33.9
1139,Mullaitivu,Dry,Maha,7.44,0.196,10,116.9,1.38,123.5,30.6,100,40,20,216.8,89.5,31.6
1140,Kurunegala,Intermediate,Yala,6.09,0.147,10.5,82.7,1.07,104.2,29.4,120,40,40,264.5,93.3,61.9
1141,Kurunegala,Intermediate,Maha,6.64,0.117,10.8,87.2,1.66,111,29.7,120,40,40,273.6,90.5,69.5
1142,Colombo,Wet,Maha,5.39,0.124,9.2,68.4,1.68,256.4,27.9,120,60,40,254.9,139,62.5
1143,Puttalam,Dry,Maha,7.48,0.095,9.8,94.1,0.77,197.9,31.6,130,60,40,290.1,124.8,63.1
1144,Kurunegala,Intermediate,Maha,5.87,0.091,13.4,62.8,1.41,100.2,26.2,130,40,40,285.4,90.5,67.4
1145,Kurunegala,Intermediate,Yala,5.71,0.059,8.3,93.6,1.97,210.8,29.5,130,60,40,272.7,121,67.7
1146,Monaragala,Intermediate,Yala,,0.061,5.1,126.3,1.67,173.1,26.9,130,60,20,298.7,133.7,34.2
1147,Anuradhapura,Dry,Yala,5.8,0.175,,59.3,0.84,65.7,29.5,100,60,60,227.1,129.8,98.4
1148,Anuradhapura,Dry,Yala,6,0.148,14.8,114.4,1.28,54.6,27.7,120,40,20,267.1,85,34.7
1149,Ampara,Dry,Maha,5.64,0.166,14.1,108.4,0.9,258.9,27.2,100,40,20,228.8,91.7,35.7
1150,Jaffna,Dry,Yala,5.64,0.131,12.6,56.2,1.15,89.2,30.7,120,40,60,275.3,91.6,96.6
1151,Kurunegala,Intermediate,Maha,5.48,0.073,11.8,110.5,1.94,200.6,29.2,130,40,20,291.4,80.8,34.3
1152,Trincomalee,Dry,Yala,,0.131,10.9,84.4,1.34,93.6,28.7,120,40,40,274.1,88.4,71
1153,Gampaha,Wet,Maha,5.32,0.138,7.7,89.4,2.44,351.5,,120,60,40,268.6,127.8,68.6
1154,Matara,Wet,Maha,5.5,0.086,8.2,133.8,2.4,358.1,24.6,130,60,20,290.2,128.8,34.2
1155,Mannar,Dry,Maha,5.69,0.127,11.1,89.4,1.44,159.4,31.6,120,40,40,265.5,91.3,63.9
1156,Kegalle,Intermediate,Yala,,0.166,18.6,105.3,1.38,121.1,,100,20,20,225.6,42.3,33.5
1157,Nuwara Eliya,Wet,Yala,4.62,0.078,10.7,104.3,1.76,308.6,26,130,40,20,268.1,92.8,33.6
1158,Jaffna,Dry,Yala,,0.161,10.3,83.2,1.4,83.7,27.9,100,40,40,229.8,82.8,68.7
1159,Vavuniya,Dry,Yala,5.9,0.06,13.9,47.6,1.02,69.6,30.1,130,40,60,298.4,89.1,107.5
1160,Kandy,Wet,Maha,5.55,0.107,6.8,142.8,1.62,271.3,26.9,120,60,20,242.5,133.8,31
1161,Kegalle,Intermediate,Maha,5.22,0.135,18.2,58.9,1.04,113.7,29.1,120,20,60,273.7,41.9,93.5
1162,Kilinochchi,Dry,Maha,5.9,0.162,14.7,68.7,1.45,171.4,31.1,100,40,40,205.3,84.7,62.5
1163,Monaragala,Intermediate,Yala,5.48,0.194,19.3,64.6,1.64,166.9,26.7,100,20,40,212,45.7,69.1
1164,Puttalam,Dry,Maha,6.39,0.117,5.3,69.1,0.71,171.7,30.7,120,60,40,270.4,135.5,63.1
1165,Matara,Wet,Maha,4.78,0.15,8.1,,2.56,344.6,25.3,100,60,40,206.3,127.1,67.9
1166,Kalutara,Wet,Yala,5.65,0.131,8.6,72.4,2.86,,26,120,60,40,273.3,131.1,64.9
1167,Ratnapura,Wet,Yala,,0.094,11.8,79.6,2.98,259.1,26.7,130,40,40,296.7,81.3,66.3
1168,Colombo,Wet,Yala,5.1,0.126,6,112.5,2.48,327.1,27.4,120,60,20,261.2,124.7,31.9
1169,Galle,Wet,Yala,4.95,0.149,6.1,97.5,1.76,286.6,26.8,120,60,40,241.6,130.1,70.4
1170,Mullaitivu,Dry,Maha,7.45,0.169,8.2,74.9,1.45,185.5,,100,60,40,210.5,122.3,67.6
1171,Mannar,Dry,Yala,7.19,0.197,10.4,96,0.55,75.4,30.1,100,40,40,221.2,91.5,71.1
1172,Polonnaruwa,Dry,Yala,5.73,0.073,13.4,104.4,1.22,79.5,30,130,40,20,303,89.8,33.7
1173,Ampara,Dry,Maha,6.75,0.105,12.2,106.4,0.9,126.1,29.5,120,40,20,266.1,92.8,31.4
1174,Ampara,Dry,Yala,6.56,0.16,5.9,58.1,0.57,70.6,31.3,100,60,60,209.6,134.2,95.1
1175,Puttalam,Dry,Yala,7.05,0.124,,83.1,1.15,67.8,30.8,120,40,40,266.1,92.7,71.6
1176,Monaragala,Intermediate,Yala,6.41,0.168,5.4,121.5,1.26,202.7,29.9,100,60,20,218.7,131.5,34.4
1177,Mannar,Dry,Maha,5.58,0.135,13.7,73.9,0.65,153.6,27.2,120,40,40,271.9,88.3,62.2
1178,Matale,Intermediate,Yala,6.03,0.166,19.6,110,1.23,190.6,28.8,100,20,20,204.6,46.6,34.3
1179,Kegalle,Intermediate,Yala,5.39,0.168,17.1,125.4,1.91,100.6,26.4,100,20,20,225.9,44.4,32.9
1180,Matale,Intermediate,Maha,6.78,0.051,19,84.9,1.74,235.6,26.9,130,20,40,284.3,40.4,64.8
1181,Puttalam,Dry,Maha,6.66,0.172,5.5,113,1.19,292.3,,100,60,20,232.5,134.8,31.6
1182,Matara,Wet,Maha,5.2,0.067,10.4,106.1,2.32,369.5,26.4,130,40,20,275.9,92.3,35
1183,Monaragala,Intermediate,Maha,,0.181,5.4,51.9,1.25,208.2,29.6,100,60,60,221.7,136.2,93.5
1184,Kilinochchi,Dry,Maha,6.55,0.099,6.4,116.2,1.07,217.3,28.9,130,60,20,300.9,132,32.3
1185,Jaffna,Dry,Maha,5.97,,10.1,118.4,1.02,263,29.7,100,40,20,204.4,89.2,32.3
1186,Nuwara Eliya,Wet,Maha,5.47,0.06,11.1,111.9,1.91,210.2,27.6,130,40,20,301.1,93.4,31.6
1187,Colombo,Wet,Yala,5.66,0.182,7.7,80.2,1.68,235.7,26,100,60,40,223.5,122.4,66.8
1188,Kandy,Wet,Maha,5.91,0.104,6.4,123.2,2.37,270.5,27,120,60,20,244,133.7,30.9
1189,Badulla,Intermediate,Yala,5.89,0.117,11,71.5,1.05,121.2,27.1,120,40,40,253.1,84.2,64.7
1190,Jaffna,Dry,Yala,6.35,0.128,7.8,44.9,0.67,38.2,28.7,120,60,60,269,133.1,106.5
1191,Puttalam,Dry,Yala,5.98,0.052,13.2,94.4,0.96,27.3,29.2,130,40,40,264.3,88.4,64.8
1192,Mannar,Dry,Yala,,0.166,13.7,46.5,0.72,58.6,29.8,100,40,60,220.1,82.5,97.9
1193,Kurunegala,Intermediate,Yala,6.63,0.092,5.6,64.7,1.34,113.9,26.6,130,60,40,276.1,124.7,66.4
1194,Ratnapura,Wet,Maha,5.37,0.053,11,102.3,2.14,388.9,25.2,130,40,20,287.7,88.6,33.6
1195,Gampaha,Wet,Yala,5.47,0.102,8.5,143.1,1.74,261.7,24.8,120,60,20,243.1,123.1,34.8
1196,Hambantota,Dry,Yala,7.4,0.088,7.6,98.9,1.14,33.7,27.9,130,60,40,298.3,125.8,63.6
1197,Kandy,Wet,Yala,5.92,0.105,9.7,106.3,1.84,340.3,24.6,120,60,20,279.4,137,35.2
1198,Polonnaruwa,Dry,Maha,7.29,0.156,8.6,70.5,0.52,225.1,30.1,100,60,40,232.7,127,69.3
1199,Kegalle,Intermediate,Yala,6.75,0.05,9.1,75.8,1.89,225.2,27.3,130,60,40,293.2,130.2,68.9
1200,Vavuniya,Dry,Maha,5.69,0.172,6.7,84.3,0.59,264.6,27.8,100,60,40,205.3,139,62.6
1201,Kegalle,Intermediate,Yala,5.76,0.096,7.2,92.9,1.21,100.9,27.9,130,60,40,293.5,125.1,61.9
1202,Monaragala,Intermediate,Yala,6,0.169,9.1,109.2,1.15,,27.5,100,60,20,201.9,128.2,33.8
1203,Matale,Intermediate,Maha,6.22,0.058,6.2,82.8,1.63,189.5,27,130,60,40,262.3,132.5,70.3
1204,Kurunegala,Intermediate,Maha,6.28,0.118,10.7,,1.59,134.5,27.8,120,40,40,254,90.3,67.5
1205,Anuradhapura,Dry,Maha,6.33,0.097,9.6,83.9,,236.4,29.4,130,60,40,282.1,138.3,63.8
1206,Anuradhapura,Dry,Maha,5.63,0.065,12.2,60.2,0.74,179,30.9,130,40,40,294.1,92.4,62.6
1207,Vavuniya,Dry,Yala,5.92,0.118,13.3,112.7,1.21,74.3,29.2,120,40,20,268.1,90.6,34.3
1208,Mullaitivu,Dry,Maha,6.73,0.143,10.9,46.4,1.04,191.8,27.2,120,40,60,258.8,83.5,103.3
1209,Trincomalee,Dry,Maha,6.02,0.149,13.7,118.2,0.78,203.9,,120,40,20,252,80.8,31.7
1210,Colombo,Wet,Yala,5.74,0.126,9.3,67.7,2.63,204.5,24.4,120,60,40,280.4,128.1,62
1211,Gampaha,Wet,Maha,5.64,0.115,8.8,77.6,2.75,319.9,26,120,60,40,258,123.4,65.8
1212,Anuradhapura,Dry,Yala,7.24,0.152,12.1,104.7,1.08,64.8,28.6,100,40,20,215.8,89.7,33.7
1213,Monaragala,Intermediate,Maha,6.7,0.139,18.2,100.3,1.56,156.6,26.5,120,20,20,247.7,44.6,34.3
1214,Hambantota,Dry,Maha,6.59,0.079,14.7,81.2,1.05,287.1,29.7,130,40,40,295.1,81,69.8
1215,Jaffna,Dry,Maha,6.72,0.059,7.3,50.6,1.35,290.7,27.6,130,60,60,290.8,137,101.7
1216,Anuradhapura,Dry,Yala,5.69,0.077,9.6,102.3,0.7,88.5,27.5,130,60,20,270.8,125.5,31.4
1217,Kalutara,Wet,Yala,5.92,,7.1,69.5,1.93,299.6,24.3,100,60,40,203.8,129.1,68.5
1218,Vavuniya,Dry,Maha,5.66,0.169,9.3,73.6,0.55,152.4,31.3,100,60,40,223.3,133.7,71.5
1219,Kalutara,Wet,Yala,4.95,0.052,7.5,95.7,1.57,,26.5,130,60,40,289.1,129,70.8
1220,Kalutara,Wet,Maha,4.7,0.096,11.6,85.1,1.87,316.5,27.6,130,40,40,273,86.2,70.4
1221,Hambantota,Dry,Yala,6.85,0.183,13.3,86.8,0.58,60,29.4,100,40,40,232.1,81.3,64.7
1222,Anuradhapura,Dry,Yala,5.73,,12.2,70.6,0.7,62.9,28.6,120,40,40,247.2,85.7,69.2
1223,Kalutara,Wet,Maha,5.51,0.143,5.7,78.8,1.87,302.5,25.8,120,60,40,258.3,135.6,70.2
1224,Kilinochchi,Dry,Yala,7.36,0.151,13.4,48.1,0.86,30.1,,100,40,60,231.9,92.4,102.7
1225,Galle,Wet,Maha,4.95,0.113,10.6,127.1,2.98,283.6,26,120,40,20,257.8,85.9,32.1
1226,Jaffna,Dry,Yala,5.74,0.083,,61.2,1.31,35.9,31.5,130,60,40,288.5,128.9,71.2
1227,Ampara,Dry,Yala,5.63,0.102,9,74,1.33,91.9,,120,60,40,256.9,134.4,66.2
1228,Matara,Wet,Maha,5.45,0.148,9.6,77.8,2.08,354.7,24.2,120,60,40,252.1,139.1,63
1229,Ratnapura,Wet,Yala,5.1,0.185,10.7,139.2,1.55,279.9,25.2,100,40,20,233.2,84,31.4
1230,Kalutara,Wet,Maha,5.64,0.139,7.4,134.1,2.65,259.8,25.1,120,60,20,257.4,129.2,34
1231,Galle,Wet,Yala,4.8,0.065,7.8,108,1.61,379.5,24.7,130,60,20,299.3,136.2,33
1232,Kegalle,Intermediate,Maha,6.21,0.175,13,114.3,1.85,150.6,29.2,100,40,20,208.6,88.4,31.3
1233,Polonnaruwa,Dry,Yala,6.73,0.161,8,42.4,,29.5,30.8,100,60,60,208,122.8,103.6
1234,Ampara,Dry,Maha,5.87,0.094,8.6,108.7,1.14,145.7,28.1,130,60,20,262.7,132.9,34.8
1235,Trincomalee,Dry,Yala,7.04,0.126,5.9,54.2,0.98,61.2,27.4,120,60,60,266.8,124.3,103.4
1236,Nuwara Eliya,Wet,Maha,,0.19,10.1,67.7,1.56,329.9,26.2,100,40,40,213.1,87.1,63.7
1237,Badulla,Intermediate,Yala,6.76,0.18,8.7,129.9,1.6,124.6,28.3,100,60,20,229.3,131,34.2
1238,Nuwara Eliya,Wet,Maha,5.23,0.141,6.6,140.8,2.71,302.6,,120,60,20,259.9,137.8,30.9
1239,Mullaitivu,Dry,Yala,6.77,0.127,6.8,104.4,0.56,38.3,27.5,120,60,20,279.2,129.7,32.3
1240,Ratnapura,Wet,Yala,5.68,0.142,,90.9,1.76,219,25.4,120,60,40,248.6,126.1,65.7
1241,Kurunegala,Intermediate,Yala,6.34,0.124,9.5,113.4,1.19,107.6,29.9,120,60,20,275.3,125.1,35
1242,Kandy,Wet,Maha,5.23,0.143,7.8,73.9,2.38,280.9,25.6,120,60,40,271.7,137.7,65.6
1243,Kurunegala,Intermediate,Yala,,0.106,18.9,51.8,1.94,186.7,26.4,120,20,60,271.5,41.4,92.7
1244,Vavuniya,Dry,Maha,6.13,0.071,13.5,61.9,0.94,172.5,31,130,40,40,297.2,86,65.2
1245,Badulla,Intermediate,Maha,5.72,0.128,9.4,78.8,1.8,160.1,,120,60,40,271.1,124.3,66.7
1246,Mannar,Dry,Maha,6.82,0.074,7.5,81.4,1.09,198.7,27.3,130,60,40,288,135.7,71.2
1247,Polonnaruwa,Dry,Maha,5.82,0.108,14,110.1,1.34,247.1,30.7,120,40,20,246.5,86.7,35.5
1248,Nuwara Eliya,Wet,Yala,5.44,0.131,9.6,146.9,2.97,353.1,,120,60,20,242.6,127.5,31.7
1249,Ratnapura,Wet,Maha,5.7,0.17,5.7,111.8,2.05,215.6,26.7,100,60,20,231.1,127.7,31.7
1250,Ampara,Dry,Maha,6.2,0.078,13.7,52.1,0.79,213.9,27.5,130,40,60,287.5,91.6,95
1251,Galle,Wet,Yala,5.37,0.128,9.9,128.6,2.45,344.4,26.1,120,60,20,272.5,131.5,34.7
1252,Trincomalee,Dry,Yala,6.89,0.117,5,43.1,0.83,,31.2,120,60,60,260.2,134.7,92.6
1253,Galle,Wet,Maha,5.96,0.055,11.3,120.4,2.42,306,24.6,130,40,20,266.4,92.2,31.4
1254,Puttalam,Dry,Yala,7.32,0.19,14,49.1,1.16,88,28.7,100,40,60,205.2,92.2,100.6
1255,Polonnaruwa,Dry,Yala,5.71,0.181,7.1,97.2,0.5,55.9,28.7,100,60,40,223.5,127,64.2
1256,Matara,Wet,Maha,,0.126,11.3,93.7,1.65,224.1,28,120,40,40,258.2,92.9,62.6
1257,Kalutara,Wet,Yala,5.36,0.076,,69.9,2.58,294.2,25.2,130,60,40,269.9,121.1,65.3
1258,Kilinochchi,Dry,Maha,7.05,0.097,11.3,64.7,1.1,275.4,28.9,130,40,40,282.2,85.4,64.4
1259,Mannar,Dry,Yala,6.92,0.081,14.8,,1.08,,28.2,130,40,60,264.1,92.2,100.2
1260,Kandy,Wet,Yala,5.29,0.198,7.9,147.1,1.78,221,24.8,100,60,20,220.1,126,35.7
1261,Matara,Wet,Yala,4.62,0.146,9.6,133.8,2.9,209.9,25.7,120,60,20,251.9,126,31.4
1262,Kalutara,Wet,Yala,5.46,0.066,7.1,87.7,1.61,320.9,27.2,130,60,40,295.2,126.5,65.4
1263,Vavuniya,Dry,Maha,5.59,0.171,9.8,99.1,0.88,159,27.6,100,60,40,211.2,132.6,71
1264,Kalutara,Wet,Maha,4.66,0.126,10,62.8,1.59,250.2,27,120,40,40,259.1,86.2,70.5
1265,Trincomalee,Dry,Yala,7.47,0.074,11.6,70.3,0.67,74.6,30.5,130,40,40,261.9,90,65.6
1266,Batticaloa,Dry,Maha,6.43,0.122,12.4,47.9,1.22,220.7,27.6,120,40,60,244.2,92.2,103
1267,Ampara,Dry,Yala,7.13,0.194,11,75.3,1.22,69.5,31.7,100,40,40,213.9,89.3,62.6
1268,Ratnapura,Wet,Yala,5.11,0.136,11.8,,2.99,250.5,25.1,120,40,20,260.1,83.1,34.4
1269,Vavuniya,Dry,Yala,5.63,0.178,10,109.3,0.71,77.7,29,100,40,20,220.7,92.6,35.7
1270,Kilinochchi,Dry,Yala,7.25,0.184,7.7,94.2,1.04,31.6,29.7,100,60,40,210.6,125.8,67.1
1271,Kandy,Wet,Maha,5.63,0.124,9.1,137.6,1.73,310.3,24.8,120,60,20,268.5,123.6,33.3
1272,Puttalam,Dry,Yala,7.29,0.075,10.8,53.3,1.04,59.6,28.1,130,40,60,297.9,81.6,95.3
1273,Kalutara,Wet,Maha,5.48,0.122,7.6,130,2.74,355.6,28,120,60,20,271.9,131.6,34
1274,Galle,Wet,Maha,5.79,0.083,9.4,64.6,2.03,244.3,25,130,60,40,263.1,122.8,67.6
1275,Ampara,Dry,Yala,6.09,0.136,13.6,77.2,,95,29.6,120,40,40,260.1,82.3,68.2
1276,Matale,Intermediate,Maha,6.41,0.138,6.3,62.8,,186.5,29.4,120,60,40,245.4,126.5,62
1277,Gampaha,Wet,Maha,5.75,0.084,9.5,147.6,2.74,276.5,27.8,130,60,20,271.7,126.1,33.5
1278,Mannar,Dry,Yala,5.99,0.115,7.7,44.8,1.25,64.8,27.8,120,60,60,279.9,132.4,101.4
1279,Nuwara Eliya,Wet,Yala,5.99,0.082,5,120.3,1.71,356.3,,130,60,20,267.4,136.6,31.8
1280,Ampara,Dry,Yala,6.22,0.074,7.5,49.9,1.43,39.4,29.4,130,60,60,282.6,135.5,95.6
1281,Monaragala,Intermediate,Maha,5.73,0.071,5.1,55.3,1.49,110.6,26.7,130,60,60,287.6,125.8,96.6
1282,Badulla,Intermediate,Maha,6.39,0.195,9.6,84.5,,211.3,28.3,100,60,40,224,125.4,68.8
1283,Trincomalee,Dry,Maha,7.49,,12.1,44.4,,243.7,28.7,130,40,60,285.1,93.1,101.6
1284,Gampaha,Wet,Maha,5.66,0.192,9.8,77.1,2.63,337.3,25.6,100,60,40,201.4,120.8,70.2
1285,Kandy,Wet,Yala,5.4,0.172,6.4,69.4,1.76,396.7,,100,60,40,211.7,137.8,64.7
1286,Nuwara Eliya,Wet,Maha,4.82,0.051,8,106.6,2.44,391.2,25.8,130,60,20,283.4,124.5,35.4
1287,Hambantota,Dry,Maha,6.23,0.128,5,94.3,1.38,251.6,27,120,60,40,244.8,139.1,69.1
1288,Puttalam,Dry,Yala,5.8,0.054,6.3,99.1,0.88,34.9,28.4,130,60,40,276.3,127.3,65.6
1289,Galle,Wet,Yala,5.78,0.171,6.9,104.4,2.22,203.8,24.5,100,60,20,202.2,129.2,31.3
1290,Polonnaruwa,Dry,Maha,6.57,0.153,,52.9,0.66,170,29,100,60,60,203.7,134.5,96.4
1291,Polonnaruwa,Dry,Maha,6.45,0.073,8.4,97,0.61,173,27.4,130,60,40,278.2,132.1,71.3
1292,Trincomalee,Dry,Maha,7.33,0.168,9.8,69.2,0.86,291.9,28.4,100,60,40,205.4,126.8,64.8
1293,Kalutara,Wet,Yala,4.65,0.177,8.1,81.8,2.56,379.8,27.4,100,60,40,219.6,131.5,65
1294,Kurunegala,Intermediate,Maha,6.74,0.126,13.3,61.1,1.76,101.6,28.5,120,40,40,268.3,90,63.6
1295,Matara,Wet,Yala,,0.124,8.6,78.2,2.57,329.3,26.5,120,60,40,272.7,121.4,69.8
1296,Vavuniya,Dry,Maha,6.34,0.128,14.8,60.2,0.53,152.4,27.5,120,40,40,249.2,80.6,64.5
1297,Badulla,Intermediate,Yala,5.47,0.112,11.2,,1.15,176.4,27.1,120,40,40,247.9,86.5,65
1298,Galle,Wet,Maha,5.7,0.143,10.3,109.4,1.64,225.7,24.8,120,40,20,245.4,82.2,32.9
1299,Anuradhapura,Dry,Yala,5.72,,11.1,95.1,1.3,92.2,30.1,130,40,40,288.4,89.1,66
1300,Anuradhapura,Dry,Yala,6.64,0.077,7.8,77.3,1.22,53.8,27.7,130,60,40,291.4,124.8,65.8
1301,Ratnapura,Wet,Maha,5.75,0.133,8.1,102.5,1.85,326.9,27.4,120,60,20,242.6,129.1,33.3
1302,Hambantota,Dry,Maha,5.59,0.174,7.3,102.1,0.61,260.2,27.4,100,60,20,231.6,124.5,34.9
1303,Hambantota,Dry,Yala,6.49,0.094,11,118.9,1.44,23.8,30.8,130,40,20,263.6,87.6,34.9
1304,Matale,Intermediate,Yala,6.7,0.075,7.8,112.1,1.53,111.1,29.6,130,60,20,284.4,122.9,34.8
1305,Hambantota,Dry,Yala,6.82,0.159,7.6,94.5,1.28,94.7,29,100,60,40,224.2,121.1,62.7
1306,Kandy,Wet,Yala,4.94,0.124,7.8,133.4,2.08,315.4,27.8,120,60,20,275.4,121.6,34.8
1307,Kalutara,Wet,Maha,5.83,0.188,5.6,110.9,2.35,335,25,100,60,20,224.4,139.3,31.4
1308,Mannar,Dry,Yala,5.89,0.075,10.4,92.2,0.85,94,29,130,40,40,295.4,82.3,62.9
1309,Matara,Wet,Maha,5.1,0.135,10.4,123.8,2.52,391.8,25.8,120,40,20,254.6,89.7,35.5
1310,Mannar,Dry,Maha,6.35,0.188,7.9,71.2,1.29,,31.2,100,60,40,227.7,121.9,69.9
1311,Kalutara,Wet,Yala,5.22,0.178,11.5,130.1,1.64,208.1,24.8,100,40,20,203.7,81.9,33.6
1312,Batticaloa,Dry,Maha,7.27,0.134,10.7,70.4,1.27,188.8,30.3,120,40,40,276.4,87.1,70.5
1313,Puttalam,Dry,Maha,5.83,0.088,,106.9,0.93,174,29,130,40,20,284.6,86.5,35.7
1314,Polonnaruwa,Dry,Maha,7.36,0.164,6.3,88.7,0.7,242.9,28.9,100,60,40,227.7,139.2,67.8
1315,Mannar,Dry,Yala,7.47,0.097,9,101.1,0.99,95.7,30.9,130,60,20,280.6,139.1,33.9
1316,Galle,Wet,Yala,5.23,0.082,11.9,128.4,2.43,365.7,28,130,40,20,288.7,90.6,34.6
1317,Galle,Wet,Yala,5.7,0.113,7.3,77.1,2.36,225.5,24.6,120,60,40,261.9,132.4,64
1318,Trincomalee,Dry,Yala,7.33,0.094,10,78,1.13,81.5,27.8,130,40,40,292.4,86.4,63.4
1319,Kurunegala,Intermediate,Maha,6.36,0.068,16.5,111.5,1.12,228,26.1,130,20,20,264.9,42.6,34.6
1320,Hambantota,Dry,Yala,7.26,0.073,,73.9,0.81,28.5,31.9,130,40,40,264,92.8,65.1
1321,Gampaha,Wet,Maha,5.23,0.177,,118.6,1.61,296.5,26.9,100,40,20,209.2,88.3,31.5
1322,Kegalle,Intermediate,Maha,5.92,0.154,13,77.7,1.52,152.3,29.6,100,40,40,206.3,88,64.8
1323,Kilinochchi,Dry,Yala,6.85,0.143,12.8,111.6,0.63,87.2,,120,40,20,275.4,83.5,32.6
1324,Kilinochchi,Dry,Maha,6.98,0.091,6.3,103.8,0.57,123.9,28.9,130,60,20,270.7,121.5,35.6
1325,Kurunegala,Intermediate,Yala,6.18,0.135,10,79.3,1.85,176.4,26.7,120,40,40,279.5,92.8,68.7
1326,Kilinochchi,Dry,Maha,6.6,0.113,5.8,48,1.43,243.4,,120,60,60,254.5,126.8,100.5
1327,Hambantota,Dry,Maha,6.26,0.177,11.4,98.1,1.47,131.3,31.1,100,40,40,207,86.3,71.4
1328,Colombo,Wet,Maha,4.84,0.158,8.7,,2.4,390.2,27.4,100,60,20,226.8,122.9,35.3
1329,Ampara,Dry,Yala,5.53,0.084,5.2,110.7,1.31,84.4,28.4,130,60,20,289.3,137,33.4
1330,Puttalam,Dry,Yala,6.91,0.184,11.2,96.3,1.01,34.2,29.5,100,40,40,217.3,80.8,70.8
1331,Puttalam,Dry,Yala,6.75,0.11,7.5,56,1.49,45.8,27.3,120,60,60,263.1,136.9,98.6
1332,Hambantota,Dry,Maha,6.82,,11.7,73.9,0.65,174.3,29.3,100,40,40,224.5,82.3,64
1333,Hambantota,Dry,Maha,6.95,0.193,13.6,119,0.62,,28.1,100,40,20,208.5,92,32
1334,Galle,Wet,Maha,4.59,0.149,11.6,125.1,3,218,26.3,120,40,20,280.3,90,34.1
1335,Batticaloa,Dry,Maha,6.58,0.106,14.1,79.7,0.67,261.8,27.9,120,40,40,279.5,82.6,66.7
1336,Kegalle,Intermediate,Yala,5.79,0.175,19.4,53.4,1.31,213.9,28.1,100,20,60,222.3,43.9,102.4
1337,Nuwara Eliya,Wet,Yala,5.31,0.179,11.8,109.7,2.65,,25.4,100,40,20,207.6,84.6,34.2
1338,Batticaloa,Dry,Maha,6.2,0.163,12.8,93.4,1.38,135.9,30,100,40,40,223.3,82.8,61.9
1339,Ratnapura,Wet,Maha,4.75,0.067,10.1,99.7,2.67,289.1,24.5,130,40,40,264.5,91.7,62.2
1340,Hambantota,Dry,Maha,6.1,0.155,,45.6,0.76,240.3,28.8,100,60,60,202.1,128.5,100.5
1341,Ratnapura,Wet,Yala,4.52,0.169,6.7,97,2.41,200.2,24.4,100,60,40,209.5,128.4,63.6
1342,Kandy,Wet,Maha,4.93,0.088,8.2,139.5,1.75,224.4,26,130,60,20,281,123.9,34
1343,Ratnapura,Wet,Yala,4.97,0.054,10.7,109.3,1.66,323.3,27.6,130,40,20,298.2,85.5,33.6
1344,Kalutara,Wet,Yala,5.83,0.169,9.2,92.2,1.68,216,26.9,100,60,40,224.8,137.7,67.6
1345,Nuwara Eliya,Wet,Maha,5.7,0.131,6.1,117.5,1.84,257.4,,120,60,20,270.4,127.7,32.3
1346,Monaragala,Intermediate,Yala,6.61,0.171,6.6,120.1,1.5,186.3,26.7,100,60,20,215,139.2,34
1347,Nuwara Eliya,Wet,Yala,5.7,0.108,8.8,108.8,,392.8,25.8,120,60,20,254.9,139.1,34.9
1348,Ratnapura,Wet,Maha,4.91,0.062,10.2,68.2,2.47,202.4,26.4,130,40,40,277.1,82.4,71.7
1349,Vavuniya,Dry,Maha,7,0.057,6.6,98.3,1.31,293.9,27.4,130,60,40,303.3,124.1,70.1
1350,Trincomalee,Dry,Yala,5.62,0.155,8.7,77.4,0.74,26.2,28.8,100,60,40,202.4,137.5,67.3
1351,Colombo,Wet,Maha,4.98,0.069,9.5,125.7,2.49,,26.2,130,60,20,298.2,128.3,31.8
1352,Badulla,Intermediate,Maha,5.86,0.136,7.5,59.8,1.33,223.6,27.1,120,60,60,264,120.7,102.7
1353,Ratnapura,Wet,Yala,5.5,0.125,7.5,133.4,1.64,214.7,,120,60,20,258.5,126,35.5
1354,Mullaitivu,Dry,Maha,6.42,0.184,11.7,84.6,0.96,148.2,30.7,100,40,40,224.7,88.3,63.8
1355,Badulla,Intermediate,Yala,6.55,0.165,7.2,109.8,,132.5,27.8,100,60,20,217,136.3,32.1
1356,Colombo,Wet,Yala,4.8,0.109,11,130.2,1.9,309,27.4,120,40,20,275.5,82.2,31.5
1357,Kegalle,Intermediate,Yala,5.92,0.198,14,,1.2,126.9,,100,40,20,230.5,81.9,34.5
1358,Trincomalee,Dry,Maha,6.66,0.072,9.5,90.7,1.08,288.6,31.8,130,60,40,279.3,138.7,65.8
1359,Batticaloa,Dry,Maha,6.35,0.051,7,100.3,1.39,152.8,30.8,130,60,20,273.1,135.3,31.1
1360,Anuradhapura,Dry,Maha,6.65,0.112,11,119.2,,208.4,30.5,120,40,20,264.5,88.2,35.2
1361,Monaragala,Intermediate,Maha,6.12,0.161,11.6,118.7,1.21,129.9,27.9,100,40,20,230.8,90.5,33.6
1362,Jaffna,Dry,Yala,6.14,0.062,6.3,107.8,1.47,59.1,29.5,130,60,20,270.3,129,32.5
1363,Puttalam,Dry,Yala,6.94,0.083,6,66.9,0.66,42.5,30.1,130,60,40,287.8,135.5,65.1
1364,Matara,Wet,Maha,5.72,0.176,6.1,103.8,2.58,319.1,26,100,60,20,221.7,127.9,32.3
1365,Kalutara,Wet,Maha,5.94,,6.4,135.3,2.88,227.4,,120,60,20,270,125.4,33.1
1366,Gampaha,Wet,Maha,5.06,0.2,10.5,75.6,1.62,333.6,26.6,100,40,40,205.4,90,65.1
1367,Mullaitivu,Dry,Yala,6.02,0.083,7.6,87.7,0.54,79.5,31,130,60,40,291.7,128.8,67.2
1368,Kurunegala,Intermediate,Maha,6.68,0.065,13.1,84,1.96,222.8,27.9,130,40,40,299.9,93.3,69.4
1369,Polonnaruwa,Dry,Yala,7.05,0.119,14.6,44,1.2,76.4,32,120,40,60,248.4,85,102.6
1370,Gampaha,Wet,Maha,5.75,,8.3,105.5,2.13,385.1,26.1,130,60,20,271.5,138.6,32.3
1371,Badulla,Intermediate,Yala,5.42,0.169,19.5,,1.73,228.2,,100,20,20,232.8,46.3,33.4
1372,Kilinochchi,Dry,Maha,5.78,0.067,10,75.3,1.26,268,28.3,130,40,40,269.1,83.6,70.1
1373,Kandy,Wet,Yala,5.98,0.124,10.2,65.3,2.61,378.2,27.2,120,40,40,274.8,90.9,62.4
1374,Vavuniya,Dry,Maha,6.35,0.141,10.1,90.8,0.93,202.2,30.8,120,40,40,260.6,86.1,62.5
1375,Galle,Wet,Maha,4.9,0.086,6.1,75.7,1.99,275.5,25.8,130,60,40,271.9,138.6,67.3
1376,Badulla,Intermediate,Maha,6.41,0.142,19.5,122.3,1.2,159.3,,120,20,20,275.4,43.2,34
1377,Matara,Wet,Yala,4.94,0.102,6.4,125.5,2.96,396.2,26.4,120,60,20,258.8,135.2,31.9
1378,Hambantota,Dry,Maha,,0.141,14.4,105,1.07,228.8,29.5,120,40,20,261.5,86.6,34.5
1379,Colombo,Wet,Yala,5.46,0.077,,95.6,1.96,231.9,24,130,60,40,276.6,125.1,68.2
1380,Kalutara,Wet,Yala,5.2,,6.6,61.5,1.51,382.6,27.3,120,60,40,264.5,124.5,70.9
1381,Monaragala,Intermediate,Maha,6.42,0.132,19.8,67.9,1.12,219.7,28.3,120,20,40,247.7,43,63.4
1382,Kegalle,Intermediate,Yala,6.32,0.115,7.2,79.5,1.08,248.2,26.9,120,60,40,256.6,135.4,69.2
1383,Mannar,Dry,Maha,5.81,0.182,14.7,50.7,0.59,248.1,28.4,100,40,60,232.7,88.4,93.8
1384,Polonnaruwa,Dry,Maha,5.92,,14,96.4,1.31,,29.7,130,40,40,272.3,89.5,67.4
1385,Batticaloa,Dry,Yala,7.17,0.106,9.1,98,,72.7,32,120,60,40,267,126.1,67.2
1386,Monaragala,Intermediate,Yala,5.81,0.074,6.4,110.1,1.71,177.3,28,130,60,20,275.2,130,32.7
1387,Ampara,Dry,Yala,6.04,,13.3,93.8,0.74,58,27.3,120,40,40,271.6,81.1,70.1
1388,Anuradhapura,Dry,Maha,5.81,0.181,9.1,89.2,1.41,121.1,29.1,100,60,40,205.4,136.6,61.7
1389,Jaffna,Dry,Yala,6.51,0.074,13.6,106.4,1.07,77.1,27.9,130,40,20,302.5,93.4,33.4
1390,Batticaloa,Dry,Maha,7.22,0.145,8.5,100.7,1.34,271.3,28.4,120,60,20,259.1,128.6,31.9
1391,Badulla,Intermediate,Maha,5.26,0.134,18.4,88,1.38,,28.5,120,20,40,250.6,40.3,69.1
1392,Kandy,Wet,Yala,5.09,0.151,11,102.4,2.78,243.8,25.6,100,40,20,203.5,82.7,31
1393,Mannar,Dry,Maha,7.43,,10,72.2,0.77,152.7,30.3,120,40,40,248,89,70
1394,Nuwara Eliya,Wet,Maha,5.84,0.133,7.2,66.5,1.63,374.9,26.2,120,60,40,261.7,132.6,70.1
1395,Colombo,Wet,Yala,5.77,0.159,5.2,131.3,1.73,358.2,24.7,100,60,20,212.1,136,35
1396,Ratnapura,Wet,Maha,5.97,0.071,8.7,,1.59,298.3,24.8,130,60,20,296.5,125.6,31.6
1397,Matara,Wet,Maha,4.81,0.097,5.8,92.5,1.59,312.2,24.9,130,60,40,279.7,135.6,68
1398,Batticaloa,Dry,Yala,6.04,0.15,7.2,48.4,0.87,23.9,,100,60,60,209.2,134.1,92.7
1399,Galle,Wet,Maha,5.74,0.065,8.7,87,2.25,214.7,24.4,130,60,40,287.6,126.9,70.2
1400,Jaffna,Dry,Yala,6,0.16,9.4,53,0.86,36.9,29.5,100,60,60,224.1,131.3,103.3
1401,Kalutara,Wet,Maha,4.91,0.089,10.8,127.2,1.7,359.1,24.9,130,40,20,268.5,82.4,33.5
1402,Polonnaruwa,Dry,Maha,,0.158,13.8,40.5,1.23,150.1,31.9,100,40,60,206.6,86.4,103.5
1403,Puttalam,Dry,Maha,7.15,0.072,10.4,58.7,0.94,129.7,28.7,130,40,60,263,92,93.9
1404,Ampara,Dry,Maha,6.69,0.124,11.5,60.5,0.69,152.5,29.3,120,40,40,270.2,86,67
1405,Badulla,Intermediate,Yala,5.37,0.073,15.2,92.7,1.17,242.3,,130,20,40,289.5,45.7,64.6
1406,Trincomalee,Dry,Yala,6.21,0.151,6,75.8,,64.4,27.8,100,60,40,216.6,132.2,71.4
1407,Mullaitivu,Dry,Yala,7.48,0.05,10.6,,1.23,,27.6,130,40,60,297.2,83,105.4
1408,Badulla,Intermediate,Yala,6.11,0.181,11.4,92.6,1.65,111.4,27.6,100,40,40,227.4,88.1,69
1409,Gampaha,Wet,Maha,5.65,0.051,9.3,79.3,2.1,375.2,26.1,130,60,40,286.2,130.5,71
1410,Kegalle,Intermediate,Yala,,0.069,7.5,59,1.06,141.6,28.5,130,60,60,298.2,128.4,97.7
1411,Colombo,Wet,Maha,4.8,0.075,8,91.7,2.33,218.5,27.3,130,60,40,270.1,123,70.7
1412,Gampaha,Wet,Maha,5.61,0.127,11,124.7,2.92,398.9,24.5,120,40,20,245.7,85.9,32.4
1413,Hambantota,Dry,Maha,7.41,0.071,6.9,106.7,0.74,188.6,28.7,130,60,20,272.8,122,34.5
1414,Trincomalee,Dry,Maha,7.2,0.072,,87,1.08,258.3,28.5,130,60,40,263.8,122.6,69.1
1415,Colombo,Wet,Maha,5.04,0.059,10.5,138.6,2.92,328.4,25.3,130,40,20,283.9,85.9,30.9
1416,Kegalle,Intermediate,Yala,6.24,0.109,7.7,77.9,1.22,110.6,28.5,120,60,40,278,126.6,65.3
1417,Matara,Wet,Maha,4.88,0.057,11.1,94.8,2.56,378,25.7,130,40,40,263.1,92.6,61.9
1418,Hambantota,Dry,Yala,6.94,,10,46.1,1.45,62.9,,130,40,60,266.6,85.4,107.5
1419,Monaragala,Intermediate,Yala,,,8.2,123.6,1.15,,26.1,120,60,20,259,135.4,31.4
1420,Mullaitivu,Dry,Yala,5.77,0.151,7.7,55.4,1.49,58,28.2,100,60,60,231.5,131,100.6
1421,Anuradhapura,Dry,Yala,,0.172,12.6,67.1,1.09,96,31.5,100,40,40,211.4,89.7,69.6
1422,Trincomalee,Dry,Maha,5.94,0.091,7.6,103.8,0.99,172,27.9,130,60,20,282.9,125.7,31.8
1423,Batticaloa,Dry,Maha,7.37,0.068,9.6,117.4,1.35,240.6,28.6,130,60,20,263.2,139,33.2
1424,Gampaha,Wet,Maha,4.67,0.069,11.3,105.1,1.91,270.9,25,130,40,20,267.7,87.4,33.8
1425,Kilinochchi,Dry,Maha,6.35,0.099,11.9,104.8,0.9,145.7,30.5,130,40,20,303.2,91.3,31.6
1426,Matara,Wet,Maha,4.99,0.08,10.6,83.4,,284.3,24.4,130,40,40,302.3,85.2,69.5
1427,Badulla,Intermediate,Maha,6.32,0.164,7,50.3,1.99,230.8,29.4,100,60,60,201.3,122.6,97
1428,Trincomalee,Dry,Yala,6.91,0.103,6.6,75.7,0.82,62.5,27.9,120,60,40,278.6,133.8,63.8
1429,Matara,Wet,Maha,5.38,0.174,6.5,115.2,2.98,368,26.7,100,60,20,221.9,120.8,33.6
1430,Mannar,Dry,Yala,6.24,0.103,6.1,94.2,0.68,97.1,31.8,120,60,40,275.3,129.9,65.8
1431,Kegalle,Intermediate,Maha,5.79,0.072,12.5,64.8,1.55,106.9,29.6,130,40,40,280.7,83,70.9
1432,Badulla,Intermediate,Maha,5.35,0.132,12.1,58.8,1.13,146,26.6,120,40,60,261.5,88.7,105.7
1433,Colombo,Wet,Maha,5.6,0.163,7.8,66,2.66,224.9,25.1,100,60,40,217,139.8,66.5
1434,Ampara,Dry,Maha,,0.159,13.7,63.7,1.4,218.8,29.5,100,40,40,222.8,86.5,65.3
1435,Kilinochchi,Dry,Yala,7.04,0.196,7.8,61.9,0.94,80,29.7,100,60,40,205.6,136.6,65
1436,Kalutara,Wet,Maha,5.36,0.143,,117.2,1.81,379.1,25.4,120,40,20,242.5,87.1,32.1
1437,Kegalle,Intermediate,Yala,,0.115,16.8,124,1.13,100.4,29.8,120,20,20,253.4,43.5,33.5
1438,Polonnaruwa,Dry,Yala,6.19,0.095,,68.5,0.75,95.7,30.2,130,60,40,291.3,138.8,69.8
1439,Matale,Intermediate,Maha,5.76,0.114,,115.1,1.59,160.1,28.2,120,20,20,249.2,46,32.4
1440,Anuradhapura,Dry,Maha,6.94,0.101,14.4,82.2,1.47,205.7,,120,40,40,267.7,90.7,63.6
1441,Kegalle,Intermediate,Maha,6.31,0.072,12,118.1,1.89,155.9,28.4,130,40,20,302.5,84.3,33.2
1442,Trincomalee,Dry,Yala,5.64,0.122,5.8,119.2,1.48,71.8,30.5,120,60,20,245,131.3,31.1
1443,Monaragala,Intermediate,Yala,6.72,0.141,11.4,87.2,1.57,231.3,29.3,120,40,40,267.7,83.4,68.7
1444,Hambantota,Dry,Maha,5.53,0.169,14.5,84.6,0.59,219.8,31.8,100,40,40,215.6,86.3,66.9
1445,Monaragala,Intermediate,Yala,6.26,0.094,13.1,110.8,1.69,220.6,28,130,40,20,298.2,86.8,33.3
1446,Colombo,Wet,Maha,4.57,0.114,7.6,139.4,1.73,269.3,27.5,120,60,20,248.3,136.9,32.3
1447,Vavuniya,Dry,Maha,6.6,0.176,9.4,96.4,1.17,150.6,29.6,100,60,40,223.7,138.1,70.7
1448,Mannar,Dry,Yala,6.31,0.1,7.3,77.2,0.6,92.2,29.7,120,60,40,274.1,128.7,62.6
1449,Anuradhapura,Dry,Maha,7.26,0.097,7,54.7,0.64,219.6,29.9,130,60,60,301.4,121,105.5
1450,Kurunegala,Intermediate,Yala,6.46,0.108,15.2,71.9,1.58,224.2,28.3,120,20,40,268.1,45.9,65.5
1451,Colombo,Wet,Maha,5.83,0.112,11.7,118.9,1.88,279.8,27.5,120,40,20,260.8,82.7,35.2
1452,Colombo,Wet,Maha,5.39,0.162,11.7,141,1.55,,25.4,100,40,20,221.2,88.6,34.4
1453,Nuwara Eliya,Wet,Yala,5.06,0.119,9.7,101.6,2.26,299.8,25.2,120,60,20,275.3,121.1,31.3
1454,Ratnapura,Wet,Yala,5.86,0.053,11,145.5,2.64,373,27.7,130,40,20,285.6,85.7,35
1455,Galle,Wet,Yala,4.65,0.157,8.6,81.8,2.42,351.2,,100,60,40,202.1,139.9,68.5
1456,Colombo,Wet,Maha,4.73,0.175,11.9,110.8,1.97,385.5,26.3,100,40,20,231.5,81.8,31
1457,Matale,Intermediate,Maha,6.28,0.098,19.1,104.1,1.21,162.9,26.2,130,20,20,290.6,43,31.5
1458,Kalutara,Wet,Yala,5.59,0.16,8.8,146.1,2.61,267.9,26,100,60,20,223.2,126.6,34
1459,Hambantota,Dry,Yala,6.1,0.059,9.7,93.3,0.76,65,27.2,130,60,40,270.5,138.3,68.3
1460,Puttalam,Dry,Yala,7.45,0.175,14,64.6,0.68,67.4,27.7,100,40,40,222.6,91.8,69.2
1461,Kegalle,Intermediate,Maha,,0.156,15.5,119.7,1.85,132.2,28.4,100,20,20,213.9,41.8,34.4
1462,Colombo,Wet,Yala,4.91,0.134,8.5,75.2,1.64,248.3,,120,60,40,266.8,122.2,68.3
1463,Mullaitivu,Dry,Yala,5.91,0.09,14.1,98.4,1.42,42.7,28.4,130,40,40,265.9,88.7,69.4
1464,Vavuniya,Dry,Yala,6.15,0.08,10.8,,0.54,64.5,27.5,130,40,40,289.3,84.9,67.5
1465,Kalutara,Wet,Yala,5.36,0.184,6.8,83.5,2.31,280.4,,100,60,40,233.7,133.8,64.3
1466,Gampaha,Wet,Maha,5.95,0.054,6,136.8,2.97,208.7,24.5,130,60,20,263.4,121.2,35.4
1467,Kurunegala,Intermediate,Yala,6.6,0.091,13.6,96.5,1.07,163.9,28.8,130,40,40,302.8,82.2,61.9
1468,Puttalam,Dry,Yala,6.44,0.093,8,57.2,1.06,,31.9,130,60,60,278.7,134,98
1469,Colombo,Wet,Maha,5.47,0.116,6.1,89.3,2.37,353.8,24,120,60,40,275.4,124.8,69
1470,Vavuniya,Dry,Yala,5.65,0.063,5.7,75.2,0.89,61.3,31.3,130,60,40,294.6,137.4,66
1471,Ampara,Dry,Maha,6.48,,,100.4,0.65,130.6,31.2,120,60,20,263.5,121.8,30.9
1472,Hambantota,Dry,Yala,5.69,0.14,11.6,90.7,1,79.8,28.1,120,40,40,270.2,83.3,62.4
1473,Colombo,Wet,Maha,4.76,0.102,12,115.4,2.37,239.9,25.7,120,40,20,275.7,93.5,34
1474,Batticaloa,Dry,Maha,6.96,0.149,12.5,101.6,0.64,134.8,29.9,120,40,20,257.1,86.1,35.6
1475,Kegalle,Intermediate,Yala,6.22,0.153,,62.4,1.53,207.3,28.9,100,20,40,211.8,44.8,67.2
1476,Monaragala,Intermediate,Maha,6.6,0.172,14.9,115.5,1.63,123.1,26.7,100,40,20,222.9,82.9,33.3
1477,Kegalle,Intermediate,Yala,6.1,0.088,6.9,58.5,1.36,112.7,29.2,130,60,60,295.6,132.5,97.3
1478,Matale,Intermediate,Yala,5.38,0.134,14.5,112.3,1.13,225.8,28.4,120,40,20,271.2,90,32.1
1479,Mullaitivu,Dry,Yala,6.89,0.065,12.6,54.1,0.5,59.6,28.6,130,40,60,295.2,84.6,92.8
1480,Trincomalee,Dry,Yala,7.1,0.189,6.2,79,1.33,44.2,31.3,100,60,40,215.3,136.8,64.4
1481,Kilinochchi,Dry,Yala,5.76,0.178,6.4,54.2,0.59,,28.2,100,60,60,227.8,132.4,99.2
1482,Ampara,Dry,Yala,7.42,0.064,7.2,84.1,0.69,,29.4,130,60,40,266.5,128.2,63.7
1483,Gampaha,Wet,Maha,5.21,,11.5,133.2,1.74,243,25.2,120,40,20,262.6,87.8,31.2
1484,Puttalam,Dry,Yala,5.67,0.127,7.3,97.4,0.56,43.7,29,120,60,40,241.6,131.9,68.9
1485,Nuwara Eliya,Wet,Yala,5.55,0.185,11.3,125.9,2.31,202.9,27.7,100,40,20,211.7,82.6,35.3
1486,Ratnapura,Wet,Yala,4.96,0.182,11.8,63,2.67,318.5,27.9,100,40,40,213,85.7,71.1
1487,Ratnapura,Wet,Yala,5.47,0.063,6,122.1,2.47,219.4,26.9,130,60,20,278.2,127.3,33.9
1488,Kurunegala,Intermediate,Yala,5.9,0.095,17.7,102.6,1.32,129.6,26.7,130,20,20,290.9,42.9,31.1
1489,Monaragala,Intermediate,Yala,6.11,0.117,12.2,52.5,1.5,,28.2,120,40,60,256.5,90.4,103.6
1490,Ampara,Dry,Maha,5.91,0.158,11.5,71.7,0.8,252.7,30,100,40,40,215.7,86.8,62.8
1491,Galle,Wet,Yala,5.31,0.142,11.2,120.3,2.8,222.4,24.3,120,40,20,250.6,92.7,34.1
1492,Polonnaruwa,Dry,Maha,5.97,0.164,7.3,80.3,1.45,229.1,27.4,100,60,40,213.3,126.4,69.5
1493,Hambantota,Dry,Maha,6.9,0.166,8.5,61.4,0.9,259.9,28.5,100,60,40,208.5,128.8,69
1494,Kegalle,Intermediate,Maha,,0.051,13.7,62.6,1.94,,27,130,40,40,264.5,90.7,71.2
1495,Monaragala,Intermediate,Yala,5.77,0.062,6,113.8,1.43,209,28.7,130,60,20,287,131.3,34.5
1496,Kalutara,Wet,Yala,5.33,0.119,8.9,113.9,2.28,347.4,25,120,60,20,267.5,131.3,34.3
1497,Kegalle,Intermediate,Yala,5.52,0.123,10,78.1,1.65,179,27,120,40,40,265.6,81.2,64.3
1498,Mullaitivu,Dry,Maha,6.35,0.051,6.8,79.3,0.9,225.5,28.7,130,60,40,281.1,128.4,70.9
1499,Mullaitivu,Dry,Yala,5.78,0.111,9.9,64.1,1,62.6,29.2,120,60,40,256.2,125.9,63.5
1500,Badulla,Intermediate,Maha,6,0.161,16.8,65.1,1.2,201,28,100,20,40,229.2,46.8,70.8
1501,Jaffna,Dry,Yala,6.26,0.066,10.1,,1.17,27.2,,130,40,40,283.4,84.5,64.8
1502,Anuradhapura,Dry,Maha,5.87,,7.1,56.6,0.97,254.1,28.8,100,60,60,216.7,137.9,94.5
1503,Anuradhapura,Dry,Yala,6.02,0.176,9.6,62.1,0.51,57.4,29.3,100,60,40,201.9,133.8,70
1504,Mannar,Dry,Maha,,0.096,5.9,104.7,1.5,157.6,30.6,130,60,20,275.9,127.3,30.8
1505,Jaffna,Dry,Maha,7.41,0.137,10.1,87.3,1.05,179.5,31.9,120,40,40,256.2,87.6,70
1506,Mannar,Dry,Yala,6.71,0.163,14.7,71.3,0.69,92.8,29,100,40,40,214.1,91.4,64.3
1507,Kilinochchi,Dry,Maha,6.23,0.194,5.1,62.6,0.75,163.5,27.7,100,60,40,220,137.9,70.5
1508,Monaragala,Intermediate,Yala,5.53,0.176,8.1,99.7,1.01,159.5,29.6,100,60,40,218.5,123.8,68.6
1509,Hambantota,Dry,Maha,6.75,0.189,10.7,86.9,0.62,222.2,28.5,100,40,40,220.9,84.9,68.4
1510,Monaragala,Intermediate,Yala,5.52,0.134,19.9,70.6,1.92,100.4,26.8,120,20,40,271.3,42.4,65.4
1511,Trincomalee,Dry,Maha,6.08,0.075,10.5,81.5,1.47,146.8,28.5,130,40,40,295.9,81,62.3
1512,Kilinochchi,Dry,Maha,7.26,,5.1,100.9,1.2,250,31,130,60,20,291.8,132.3,34.9
1513,Ampara,Dry,Maha,6.35,0.194,14.1,114.3,1.09,126.6,28.7,100,40,20,232.3,91.6,31.7
1514,Matale,Intermediate,Maha,6.71,0.087,15.8,70.8,1.56,,,130,20,40,262.2,42.7,65.4
1515,Batticaloa,Dry,Maha,6.15,0.067,9.3,,0.78,140.7,29.1,130,60,20,269.7,135.1,33.8
1516,Hambantota,Dry,Yala,,0.118,6.2,51.2,1.15,,30.6,120,60,60,241.6,132.9,99.7
1517,Colombo,Wet,Yala,4.82,0.135,5.5,90.8,2.4,250.6,24.9,120,60,40,266.7,128,63.7
1518,Puttalam,Dry,Maha,6.41,0.13,9.9,73.1,1.33,239.5,29.5,120,60,40,276.5,123.4,63.1
1519,Puttalam,Dry,Maha,5.56,0.111,5,,0.99,136,28.4,120,60,40,250.9,134.5,62.9
1520,Galle,Wet,Maha,5.65,0.146,6.8,116.1,1.55,277.6,24.8,120,60,20,277.6,137.3,35.1
1521,Jaffna,Dry,Maha,6.46,0.103,10.5,102.3,1.11,275.7,30.3,120,40,20,243.7,89.4,31
1522,Galle,Wet,Maha,5.24,0.102,5.7,105.3,1.62,384.4,25.8,120,60,20,277.9,121,35.7
1523,Batticaloa,Dry,Maha,6.34,0.198,13.5,,0.81,122,30.3,100,40,40,212.6,83.3,63.7
1524,Polonnaruwa,Dry,Maha,6.97,0.19,11.3,92,0.8,125.4,27.8,100,40,40,204.4,81.4,62.8
1525,Polonnaruwa,Dry,Maha,7.17,0.193,10.8,100.8,1.35,,27.4,100,40,20,216.9,87.9,33.7
1526,Matara,Wet,Yala,5.82,0.152,10.1,79.4,2.64,304.1,25.7,100,40,40,209.5,90.3,62.5
1527,Kilinochchi,Dry,Maha,5.96,0.131,,87.7,0.76,187.1,29.2,120,60,40,252.5,122.8,67.7
1528,Monaragala,Intermediate,Yala,6.17,0.176,17.8,111.2,1.4,235.4,29.5,100,20,20,211.1,45.7,35.1
1529,Polonnaruwa,Dry,Yala,6.19,0.063,5.6,65.9,0.53,61,27.2,130,60,40,295.4,131.5,62.2
1530,Matale,Intermediate,Maha,5.68,0.185,8.8,82.1,1.87,210.4,29.5,100,60,40,218.7,134.1,69.7
1531,Vavuniya,Dry,Maha,7.25,0.124,10.2,117.8,0.66,163.3,27.5,120,40,20,253.5,93.2,32.8
1532,Matara,Wet,Yala,4.5,0.142,6.7,95.3,2.03,392.2,25.2,120,60,40,265.2,122.3,63.3
1533,Matara,Wet,Yala,5.36,0.104,10.4,147.9,2,303.5,26.3,120,40,20,269.4,92.2,31.7
1534,Jaffna,Dry,Maha,6.74,0.154,9.8,82.1,1.1,228.8,,100,60,40,210,123.1,70.9
1535,Puttalam,Dry,Yala,7.31,0.144,,113.2,,93.2,28.6,120,60,20,257.5,128.3,31.4
1536,Matara,Wet,Yala,,0.181,7.1,99.3,2.75,369.6,25,100,60,40,205.1,137.3,70.4
1537,Galle,Wet,Yala,5.26,0.168,10.1,140.3,2.44,247.2,24.5,100,40,20,207,92.3,33.5
1538,Vavuniya,Dry,Maha,5.99,0.075,7.7,81.8,1.36,143.6,30.9,130,60,40,290.3,130.5,62.1
1539,Ratnapura,Wet,Yala,4.89,0.055,,74.7,1.59,337.3,24.8,130,60,40,269.1,132.2,66.3
1540,Kilinochchi,Dry,Maha,7.27,0.137,12.1,67.8,0.68,241.6,29.5,120,40,40,261.9,89.7,69.9
1541,Batticaloa,Dry,Maha,6.09,0.174,,85.3,,232.8,28.4,100,40,40,224.2,91.3,69
1542,Galle,Wet,Maha,5.24,0.14,10.3,126.9,2.31,200.6,24.3,120,40,20,245.5,82.1,33.2
1543,Nuwara Eliya,Wet,Maha,5.79,0.107,11.9,64.4,2.74,242,24.8,120,40,40,263.5,91,70.3
1544,Nuwara Eliya,Wet,Maha,5.48,0.126,7.4,87.6,2.66,239.3,24.7,120,60,40,251.4,130,62.9
1545,Ampara,Dry,Yala,6.49,0.087,11.7,89.2,1.01,27,28.6,130,40,40,302.2,86.4,70.8
1546,Kilinochchi,Dry,Maha,6.01,0.09,12.9,49.7,0.77,213.5,27.3,130,40,60,281.9,86,105.2
1547,Mullaitivu,Dry,Yala,7.35,0.088,14.9,118.2,1.23,57.8,29.7,130,40,20,295.6,87.1,34.3
1548,Kandy,Wet,Yala,5.58,,10.5,96.9,2.89,329.8,24.6,100,40,40,219,92.8,69.9
1549,Vavuniya,Dry,Yala,6.76,0.096,10.1,102.3,0.58,41.5,29,130,40,20,263.2,87.6,33.5
1550,Mannar,Dry,Yala,5.96,0.183,10.9,101.7,1.36,55.5,27.8,100,40,20,221.7,92.9,34.2
1551,Ratnapura,Wet,Maha,5.12,0.117,5.9,116.2,2.04,288.1,25.7,120,60,20,278.6,124.1,33.6
1552,Mannar,Dry,Maha,6.64,0.169,10.8,40.6,1.23,258.2,27.4,100,40,60,220.7,89.9,97.8
1553,Batticaloa,Dry,Yala,5.97,0.082,,110.6,0.83,88.6,28,130,40,20,296.1,91.1,33.6
1554,Anuradhapura,Dry,Yala,5.54,0.126,10.2,88.1,1.26,82.2,28.8,120,40,40,275.9,89.3,64.3
1555,Ratnapura,Wet,Yala,4.93,0.074,6,148.7,2.74,336.2,26.6,130,60,20,271.1,132.5,33
1556,Galle,Wet,Maha,5.16,0.121,5.4,131.6,2.44,333.8,25.5,120,60,20,249.6,131.7,32.2
1557,Vavuniya,Dry,Maha,6.73,0.068,13.6,94.9,1.12,168,27,130,40,40,287.3,91.7,62.9
1558,Jaffna,Dry,Maha,5.72,0.153,14.7,58.3,0.83,243.3,30.9,100,40,60,214.5,91.2,97.3
1559,Kurunegala,Intermediate,Yala,6.04,0.07,17.6,107.7,1.62,149.6,28.2,130,20,20,297,41,35.1
1560,Galle,Wet,Yala,5.66,0.153,8.2,103.9,1.86,275.5,25.3,100,60,20,230.4,137.2,32.7
1561,Colombo,Wet,Yala,5.14,0.057,11.5,106.7,2.83,218.6,25,130,40,20,276.4,85.9,34.5
1562,Mannar,Dry,Yala,,0.052,14.8,96.8,,85.9,28.3,130,40,40,271.4,83.8,63.5
1563,Jaffna,Dry,Yala,6.98,0.147,13.3,71.8,1.05,92.4,27.2,120,40,40,271.9,91.8,65.9
1564,Monaragala,Intermediate,Yala,6.76,0.13,,67.1,1.64,203,26.4,120,40,40,252.1,86.1,62.8
1565,Kurunegala,Intermediate,Maha,6.33,0.06,5,107.5,1.65,211.6,28.9,130,60,20,296.3,136.4,31.5
1566,Mannar,Dry,Maha,6.73,0.104,12.3,47.7,1.13,195.5,29.1,120,40,60,257.9,83.9,101.8
1567,Mullaitivu,Dry,Yala,6.55,0.102,7.5,117.5,0.6,37.2,27.1,120,60,20,267.5,120.7,33.8
1568,Nuwara Eliya,Wet,Yala,4.94,0.064,9,100.7,2.9,,25.5,130,60,20,265.5,130.3,31.9
1569,Anuradhapura,Dry,Yala,6.44,0.16,9.8,52.6,1.32,21.7,,100,60,60,221.4,122.6,99.6
1570,Colombo,Wet,Maha,5.1,0.109,11.5,133.3,1.75,274.4,24.6,120,40,20,259,90.3,35.1
1571,Puttalam,Dry,Maha,7.34,0.057,9.8,63.5,1.33,195.3,30.2,130,60,40,286.3,126,63.4
1572,Kandy,Wet,Yala,4.69,0.077,11.7,130.3,2.75,362.6,24.6,130,40,20,268.5,86.3,30.9
1573,Colombo,Wet,Maha,4.75,0.105,5.8,146.6,2.17,218,25.8,120,60,20,270.2,122.3,34.1
1574,Kalutara,Wet,Yala,4.79,0.103,11.1,62.5,,263.2,26.6,120,40,40,275.1,84.2,62.2
1575,Galle,Wet,Yala,5.74,0.195,10.2,124.2,,254.1,26.7,100,40,20,208.2,90.7,35.7
1576,Nuwara Eliya,Wet,Maha,5.36,0.154,,127.5,2.18,251.1,24.4,100,60,20,204.2,123.6,33.8
1577,Jaffna,Dry,Maha,5.59,0.123,11.1,114.6,1.36,254.4,,120,40,20,242.3,88.9,33.2
1578,Mullaitivu,Dry,Maha,7.39,0.06,6.7,61.7,1.38,196.1,28,130,60,40,288.6,138.6,66
1579,Matale,Intermediate,Maha,5.31,,10.5,120.2,1.65,225.4,28.2,130,40,20,287.1,89.3,33.7
1580,Monaragala,Intermediate,Yala,6.26,0.16,18.2,78.3,1.04,225.1,28.3,100,20,40,218.9,45.5,62.6
1581,Kilinochchi,Dry,Maha,6.99,0.057,10.9,112.1,0.51,219.3,29.5,130,40,20,271.2,81.9,35.4
1582,Mullaitivu,Dry,Yala,5.64,0.141,8.1,46.2,1,27.3,27.7,120,60,60,256.6,125.5,101.9
1583,Matara,Wet,Yala,5.19,0.122,8.9,71.3,2.62,329.2,27.8,120,60,40,264.6,138.1,63.5
1584,Kandy,Wet,Maha,5.14,0.147,5.5,134.3,2.68,221.9,26.4,120,60,20,260.8,134.6,33.6
1585,Galle,Wet,Yala,5.84,0.1,10.3,129.5,2.16,323.2,26.5,120,40,20,280,88.8,31.5
1586,Jaffna,Dry,Maha,,0.144,11.2,95.4,0.86,176.4,27.1,120,40,40,246.7,89.1,61.9
1587,Gampaha,Wet,Maha,5.31,0.058,11.6,122.2,2.79,270.4,26.8,130,40,20,290.9,85.9,34
1588,Mannar,Dry,Maha,7.2,0.135,6,116.2,0.61,189.7,31.2,120,60,20,257.2,121.5,34
1589,Kurunegala,Intermediate,Yala,5.88,0.077,10.4,77.4,1.65,175.9,27.9,130,40,40,279.6,90.7,67.5
1590,Hambantota,Dry,Maha,5.93,0.104,9.2,,0.73,267.5,28.3,120,60,20,269.4,133.9,31.7
1591,Kandy,Wet,Maha,5.12,,6.8,110.3,1.69,268.8,,120,60,20,268.4,129.9,33.8
1592,Vavuniya,Dry,Maha,7.5,0.057,5.4,93.4,1.35,247,29.9,130,60,40,303.4,138.2,62.3
1593,Kalutara,Wet,Yala,4.87,0.144,9.8,70.4,1.59,357,27.9,120,60,40,246.4,127.2,67.8
1594,Puttalam,Dry,Yala,5.94,0.146,9.4,107.9,0.58,60.8,30.7,120,60,20,245.4,126.4,33.6
1595,Kilinochchi,Dry,Yala,7.24,0.152,6.9,116.5,0.69,98.7,29.8,100,60,20,224.7,137.7,34.1
1596,Nuwara Eliya,Wet,Yala,5.96,0.199,6.2,107.8,1.65,320.7,26.2,100,60,20,220,136.2,35.3
1597,Colombo,Wet,Yala,5.35,0.059,11.9,145.6,2.83,235.7,24.3,130,40,20,273,87.2,35.1
1598,Kegalle,Intermediate,Maha,6.24,0.175,8.4,51.7,1.49,192.9,28,100,60,60,203.7,123.2,107.2
1599,Monaragala,Intermediate,Yala,6.7,0.085,11.3,63.4,1.67,142.9,28.9,130,40,40,265,83.3,71.5
1600,Colombo,Wet,Yala,5.06,0.108,9,118.6,2.73,214.3,25.2,120,60,20,276.3,133.5,34.7
1601,Batticaloa,Dry,Yala,6.76,0.099,11.7,66.4,1.16,85,31.3,130,40,40,269.5,85.5,71.3
1602,Kilinochchi,Dry,Maha,5.76,0.077,12.2,83.1,0.91,256.1,29.6,130,40,40,275.1,91.4,70.4
1603,Anuradhapura,Dry,Maha,6.62,,10.2,59.2,1.37,249.7,30.9,120,40,60,250.2,92.9,103.4
1604,Anuradhapura,Dry,Maha,5.8,0.175,5.7,99.3,1.31,231.4,29.8,100,60,40,212.7,136.4,62.5
1605,Polonnaruwa,Dry,Maha,6.7,0.12,13.4,56.5,1.22,215.8,31.8,120,40,60,244,85.4,93.2
1606,Anuradhapura,Dry,Yala,6.78,0.139,6.2,96.3,1.47,63.5,30,120,60,40,261.6,136,70.1
1607,Hambantota,Dry,Maha,5.75,0.09,5.5,62.1,0.87,204.2,29,130,60,40,264.3,127.5,66.6
1608,Matara,Wet,Yala,5.86,0.185,7.9,62.6,1.54,213.8,26.3,100,60,40,227.2,123.9,69.8
1609,Kurunegala,Intermediate,Yala,6.79,0.147,5.8,72.8,1.97,182.8,29,120,60,40,250.5,121.3,64.8
1610,Batticaloa,Dry,Yala,7.36,0.19,6.5,77.7,0.95,21.9,31,100,60,40,218.7,128.2,65.7
1611,Vavuniya,Dry,Yala,6.64,0.06,9.2,51.7,,74.1,31.1,130,60,60,298.7,138.3,103
1612,Vavuniya,Dry,Yala,6.13,0.158,13.5,93.4,,54.7,30.7,100,40,40,222.3,83.6,70.9
1613,Kegalle,Intermediate,Maha,,0.066,14.8,75.9,1.98,234.4,26.4,130,40,40,284,83.2,62.6
1614,Kilinochchi,Dry,Maha,5.77,0.067,14.2,63,0.84,144.4,28.3,130,40,40,275.2,93.1,70.3
1615,Monaragala,Intermediate,Yala,5.52,0.152,9.7,85.5,1.02,243.3,26.3,100,60,40,212,121.1,69.6
1616,Colombo,Wet,Yala,,0.185,7,112.3,1.75,352.5,26,100,60,20,222.9,136,32.4
1617,Polonnaruwa,Dry,Maha,6.04,0.065,9.3,98.9,0.75,291.5,28.7,130,60,40,303.5,126.9,65.3
1618,Kalutara,Wet,Yala,4.89,0.095,9.6,105.1,1.86,275.1,27.6,130,60,20,289.5,121.4,31
1619,Anuradhapura,Dry,Yala,5.81,0.092,11,54.5,0.84,79.3,29.6,130,40,60,285,92.5,92.7
1620,Kandy,Wet,Yala,4.69,0.171,11.9,142.4,2.8,397.9,25,100,40,20,224.9,82.3,33.2
1621,Hambantota,Dry,Yala,6.57,0.06,12.7,40,1.18,86.6,30,130,40,60,281.1,87.7,93.9
1622,Batticaloa,Dry,Maha,6.89,,9,98.5,1.33,134.2,30.4,100,60,40,203.1,126,63.6
1623,Polonnaruwa,Dry,Yala,6.2,0.064,11.3,46.7,1.21,66.7,27.7,130,40,60,285.2,81.3,105.2
1624,Vavuniya,Dry,Yala,6.28,0.135,14,45.4,1.35,60,31.9,120,40,60,278.8,81.1,101.1
1625,Vavuniya,Dry,Maha,6.57,0.149,7.4,108.9,1.28,137.1,31.5,120,60,20,248.2,122.9,34
1626,Badulla,Intermediate,Yala,6.12,0.1,18,125.5,1.31,214.6,29.4,120,20,20,268.3,40.7,31.7
1627,Kandy,Wet,Yala,4.97,0.157,11.5,130.1,1.78,203.6,27.8,100,40,20,207.6,90.4,34.9
1628,Nuwara Eliya,Wet,Yala,5.75,0.123,6.2,139.2,2.18,227.5,26.2,120,60,20,262.3,130.1,35.1
1629,Matale,Intermediate,Yala,5.22,0.147,13.5,98.7,1.69,231.1,26.4,120,40,40,245.1,84.9,66.9
1630,Ampara,Dry,Maha,5.68,0.17,11.4,119.7,0.84,154.6,28.3,100,40,20,215.8,85.9,35.4
1631,Nuwara Eliya,Wet,Maha,,0.192,11.9,132.3,1.64,266.9,24.2,100,40,20,225.8,92.6,35
1632,Kegalle,Intermediate,Yala,5.6,0.103,9.1,61.9,1.41,114.3,26,120,60,40,254.9,138.4,69
1633,Trincomalee,Dry,Maha,7.29,0.051,8.4,102.6,0.77,148.7,31.6,130,60,20,289.6,134.6,34.5
1634,Mannar,Dry,Maha,6.64,0.176,14.9,114.8,0.71,192.6,27.1,100,40,20,227,92,31.3
1635,Kilinochchi,Dry,Maha,5.78,0.064,10.5,58.1,1.26,175.1,,130,40,60,300.7,84.6,96.6
1636,Hambantota,Dry,Yala,6.44,0.059,9.3,77.9,0.71,87.9,27.7,130,60,40,271.4,128.1,62.4
1637,Badulla,Intermediate,Maha,5.52,0.098,5.2,62.6,1.9,194,27.9,130,60,40,278.3,132.6,61.8
1638,Gampaha,Wet,Maha,5.39,0.164,9.5,90.6,1.74,322.1,26.5,100,60,40,206.1,132.8,63.3
1639,Galle,Wet,Maha,5.21,0.055,5.4,66.2,2.12,273.4,24.8,130,60,40,303.5,130,70.5
1640,Galle,Wet,Yala,5.97,0.129,,121.9,2.81,309.1,26.3,120,40,20,277.6,85.7,32
1641,Ampara,Dry,Maha,6.38,0.181,13.7,75.5,0.93,285.8,,100,40,40,218.7,93.3,71.4
1642,Monaragala,Intermediate,Yala,6.48,0.105,13.1,57.3,,182,28.3,120,40,60,274.3,91.2,101.5
1643,Matale,Intermediate,Yala,6.53,0.129,10,117.7,1.48,178.3,28.2,120,40,20,261.7,86.2,32
1644,Badulla,Intermediate,Maha,5.49,0.128,13.6,85.4,1.92,,28.7,120,40,40,265.7,90,66.7
1645,Jaffna,Dry,Maha,,0.109,7.3,107.3,1.39,260.3,29.6,120,60,20,244.8,125.9,31.9
1646,Trincomalee,Dry,Yala,6,0.119,12.4,74.6,1.29,45.7,27.2,120,40,40,270.9,81.8,71.5
1647,Kegalle,Intermediate,Maha,5.38,,10.1,61,1.49,145.2,27.1,130,40,40,266.8,85.1,70.2
1648,Kilinochchi,Dry,Yala,6.73,0.082,7.3,100.1,0.75,23.6,30.8,130,60,20,296.4,128.5,30.9
1649,Anuradhapura,Dry,Maha,6.43,0.194,5.8,75.9,1.2,196.6,30.4,100,60,40,226.6,120.9,71.2
1650,Kilinochchi,Dry,Maha,6.11,0.194,5.5,86.2,1.32,243.2,27.6,100,60,40,224.2,136.6,68.9
1651,Kilinochchi,Dry,Yala,7.01,0.059,8.7,107.2,0.9,71,29.8,130,60,20,262.9,127.6,31.2
1652,Mullaitivu,Dry,Maha,5.67,0.163,6.6,57.8,0.56,268.5,29.6,100,60,60,211,132,102.6
1653,Gampaha,Wet,Yala,4.97,0.131,11.9,110.7,2.93,333.4,27.6,120,40,20,251.6,81.4,34
1654,Ampara,Dry,Yala,5.8,0.092,5.2,108.7,1.25,63,28.1,130,60,20,276.7,124,31.9
1655,Gampaha,Wet,Maha,5.89,0.194,8.2,109.6,2.5,398.1,26.8,100,60,20,204,138,34.6
1656,Trincomalee,Dry,Yala,5.85,0.056,11.7,81.6,0.61,99.9,30.9,130,40,40,301.1,88.4,62.6
1657,Ratnapura,Wet,Yala,,0.145,5.3,143.4,2.67,396.3,27.8,120,60,20,263,139.2,33.2
1658,Galle,Wet,Yala,4.72,0.053,9.3,149.7,1.85,388.7,27.9,130,60,20,274.4,140.2,30.9
1659,Puttalam,Dry,Maha,6.42,0.077,5.8,100.7,1.49,137.6,32,130,60,20,278.2,127.9,35.6
1660,Gampaha,Wet,Yala,5.07,0.077,5.2,140.5,1.68,362,24.1,130,60,20,280.4,126.5,34.6
1661,Kalutara,Wet,Maha,4.7,0.056,8.8,121.1,2.96,272.7,26.3,130,60,20,286.9,137.4,31.6
1662,Anuradhapura,Dry,Maha,6.99,0.198,10.9,85.8,1.31,211.2,30.1,100,40,40,217.9,93.5,65.1
1663,Ampara,Dry,Maha,7.49,0.182,12.4,116.1,1.5,,28.9,100,40,20,231.1,88.7,31.6
1664,Trincomalee,Dry,Yala,6.42,0.16,5.2,65.9,1.23,39.6,,100,60,40,217.3,136.2,69.4
1665,Mannar,Dry,Yala,7.15,0.088,10.5,87.8,0.73,26.7,31.5,130,40,40,303.5,90.7,62.3
1666,Anuradhapura,Dry,Yala,6.57,0.074,5.6,51.9,1.17,29.6,31.4,130,60,60,297.5,127.6,105.1
1667,Kilinochchi,Dry,Maha,6,0.062,9.3,63.2,1.4,248.8,27,130,60,40,270.2,131.9,71.1
1668,Matale,Intermediate,Maha,5.89,0.096,5.9,64.3,1.75,110.5,28.7,130,60,40,300.9,136.9,68.5
1669,Hambantota,Dry,Maha,6.43,0.183,13.8,77,0.82,289.6,30,100,40,40,204.9,89.5,63.8
1670,Badulla,Intermediate,Maha,5.59,0.128,12.9,83.8,1.3,167,27.8,120,40,40,273.3,80.8,65.3
1671,Mannar,Dry,Yala,7.47,0.19,5.9,105.3,0.79,70.8,29.7,100,60,20,213.5,127.2,33.2
1672,Puttalam,Dry,Maha,6.36,0.112,7.4,51.6,0.78,132.1,30.9,120,60,60,275.7,123.4,101.6
1673,Gampaha,Wet,Maha,5.86,0.169,8.8,63,1.6,360.9,26.1,100,60,40,229.4,125.2,68.4
1674,Batticaloa,Dry,Yala,,0.14,6.1,115.7,0.84,56.9,27.9,120,60,20,272.9,138.3,33.6
1675,Trincomalee,Dry,Yala,5.89,0.115,7.8,48.5,1.36,28.4,27.8,120,60,60,272.3,121.3,97.8
1676,Jaffna,Dry,Maha,6.26,0.066,14.1,70.9,0.85,167.9,29.1,130,40,40,274.3,83.3,70.6
1677,Mannar,Dry,Maha,7.45,0.094,13.3,77.9,1.24,130.6,29.2,130,40,40,264.8,84.5,62.5
1678,Batticaloa,Dry,Yala,6.53,0.184,13.3,51,0.77,63.8,31.1,100,40,60,214.2,88.5,99.5
1679,Galle,Wet,Maha,5.59,0.072,6,94,2.78,295.4,25.8,130,60,40,268.8,131.1,69.5
1680,Badulla,Intermediate,Maha,6.24,0.161,6.9,92.6,1.99,198.9,29.3,100,60,40,223.8,124.9,62.3
1681,Gampaha,Wet,Maha,4.55,0.195,7,141.8,2.33,252.2,25.5,100,60,20,212.4,123.8,34.3
1682,Trincomalee,Dry,Yala,6.24,0.159,7.4,113.6,0.85,43.1,27.3,100,60,20,232.9,125.3,34.9
1683,Mullaitivu,Dry,Yala,6.9,0.056,6.5,87.6,0.85,92.2,28.5,130,60,40,288.6,130.4,68.3
1684,Matale,Intermediate,Maha,5.92,0.096,10.8,95,1.84,,28.1,130,40,40,296.3,84,61.8
1685,Jaffna,Dry,Yala,,0.058,13.3,60.5,1.14,48.3,30.7,130,40,40,267,92.8,63.5
1686,Badulla,Intermediate,Yala,6.52,0.142,7.6,62.9,1.38,206.7,27.9,120,60,40,275.1,129.7,65.1
1687,Batticaloa,Dry,Yala,5.8,0.155,10.6,77.1,1.19,63.2,29.6,100,40,40,231.2,81.2,64
1688,Galle,Wet,Maha,5.64,0.057,11.6,120.2,1.75,335.4,24.4,130,40,20,282.1,90,35.6
1689,Monaragala,Intermediate,Maha,5.95,0.116,8.5,79.1,1.64,193.7,26.3,120,60,40,265.1,127.1,68.2
1690,Trincomalee,Dry,Maha,6.05,0.182,6.6,46.4,1.36,268.3,29,100,60,60,226,133.4,97
1691,Kilinochchi,Dry,Maha,5.51,0.082,10.4,48.6,0.62,262.5,28.2,130,40,60,268.8,84.1,106.4
1692,Badulla,Intermediate,Maha,5.52,0.051,13.8,67.1,1.3,131.9,27.9,130,40,40,282.7,87.9,69.1
1693,Matara,Wet,Maha,5.07,0.079,,129.1,2.93,359.8,25.1,130,60,20,278.3,135.7,32.2
1694,Batticaloa,Dry,Yala,6.02,0.186,5.3,67.1,0.89,61.8,27.9,100,60,40,205.9,138.8,65.5
1695,Galle,Wet,Yala,5.42,0.179,9,148.4,2.65,388.5,26.1,100,60,20,213.1,125.7,31.8
1696,Trincomalee,Dry,Maha,6.97,0.151,9.4,59.9,1.16,184.4,30.1,100,60,60,203.3,127.2,107.1
1697,Nuwara Eliya,Wet,Maha,4.92,0.078,8.7,75.3,2.5,362.4,,130,60,40,262.5,129.7,66.9
1698,Mullaitivu,Dry,Maha,6.24,0.145,13.1,69.8,1.14,238.8,27.3,120,40,40,246.6,92.6,70.7
1699,Matara,Wet,Maha,5.68,0.129,8.1,146.5,1.56,243.3,24.8,120,60,20,279,138.3,32.5
1700,Hambantota,Dry,Maha,6.99,0.117,10.4,119.8,1.22,219.4,30.9,120,40,20,262.8,81.6,35.1
1701,Puttalam,Dry,Maha,6.09,0.19,8.5,69.9,0.87,266.1,30.6,100,60,40,232.6,123.2,62.2
1702,Trincomalee,Dry,Maha,5.55,0.054,12,98.8,0.79,156.4,,130,40,40,279.7,86.9,71.5
1703,Badulla,Intermediate,Maha,6.57,0.183,6.5,118.4,1.43,169.5,27.5,100,60,20,211.3,122.7,35.4
1704,Trincomalee,Dry,Maha,7.4,0.054,12.7,57.7,1.19,211.7,27.4,130,40,60,282.9,85,97.9
1705,Kalutara,Wet,Yala,4.54,0.108,9.4,146.8,2.12,207.2,25.4,120,60,20,258.5,123.5,34.7
1706,Batticaloa,Dry,Maha,6.02,0.107,5.6,114.6,0.92,132.8,29.8,120,60,20,245.5,133.1,34.6
1707,Gampaha,Wet,Maha,,0.107,11.3,137.4,2.69,291.1,24.4,120,40,20,266.4,92.9,35.3
1708,Colombo,Wet,Yala,5.65,0.183,11.9,73.6,2.86,256.8,26.7,100,40,40,208.1,93.5,64.8
1709,Colombo,Wet,Maha,4.89,0.19,8.5,127.1,2.8,262.4,24.1,100,60,20,221.3,128,33.1
1710,Nuwara Eliya,Wet,Yala,5.47,0.191,,103.7,2.2,233.3,24.3,100,40,20,222.3,88.3,35.1
1711,Puttalam,Dry,Yala,6.3,0.14,10.1,,0.88,61.6,27.3,120,40,40,247.3,91.6,69.5
1712,Mannar,Dry,Maha,6.22,0.137,10.7,53.9,0.63,261,28.2,120,40,60,243.7,82,98.4
1713,Kalutara,Wet,Yala,,0.151,5.5,128.6,1.79,274.2,24.7,100,60,20,226.6,134.1,35
1714,Batticaloa,Dry,Yala,6.32,0.171,7.4,43.7,0.97,78.8,29,100,60,60,216.1,128.6,93.2
1715,Anuradhapura,Dry,Yala,6.81,0.168,11.3,105.4,1.1,43.2,29.2,100,40,20,203,83.2,34.7
1716,Anuradhapura,Dry,Yala,7.13,0.077,7,67,0.88,98.7,31.5,130,60,40,303.6,128.5,63.8
1717,Kandy,Wet,Yala,5.75,0.114,10.7,,2.76,283.6,,120,40,40,243.6,81.5,64.6
1718,Puttalam,Dry,Maha,5.57,0.188,9.7,75.6,0.67,137.3,28.5,100,60,40,223.8,134.2,66.6
1719,Kurunegala,Intermediate,Maha,6.09,0.13,14.2,122.7,1.42,183.5,,120,40,20,279.8,83.8,33
1720,Colombo,Wet,Yala,5.36,0.188,,95.6,2.94,227.2,24.8,100,60,40,208.9,126.7,66.9
1721,Monaragala,Intermediate,Maha,5.47,0.099,19.3,62.7,1.55,117.8,26,130,20,40,267.4,41,67.1
1722,Monaragala,Intermediate,Yala,5.62,0.089,11.2,115.8,1.8,164,29.3,130,40,20,266.6,91.8,32.5
1723,Kandy,Wet,Maha,5.34,0.062,11.2,66,1.8,277.2,27.2,130,40,40,274.3,86.9,63.5
1724,Gampaha,Wet,Yala,5.13,0.106,11,91.5,2.24,,25.6,120,40,40,245.3,87.9,69.4
1725,Kurunegala,Intermediate,Maha,5.3,0.102,6.6,89.6,1.58,249.8,26.4,120,60,40,268.4,131.8,65.7
1726,Matale,Intermediate,Yala,5.89,0.137,9.6,69.2,1.9,187.5,26.3,120,60,40,243.8,128.6,66.8
1727,Matara,Wet,Maha,5.42,0.165,8.2,112.9,1.59,258.9,25.6,100,60,20,217.7,124.4,34
1728,Monaragala,Intermediate,Yala,5.87,0.096,6,51.4,1.8,141,26.7,130,60,60,303.7,135.2,106.1
1729,Colombo,Wet,Maha,5.24,0.136,10.8,135.7,2.31,381.5,26.2,120,40,20,273.2,82.1,34.3
1730,Kurunegala,Intermediate,Yala,5.36,0.085,19.4,,1.42,203.8,27.8,130,20,20,287.5,40.9,31
1731,Anuradhapura,Dry,Yala,7.29,0.115,,64.7,1.15,80.2,27.6,120,40,40,253.3,89.7,70.1
1732,Puttalam,Dry,Maha,6.4,,9.3,52.2,0.59,132.8,28.4,130,60,60,287.9,124.7,107.3
1733,Gampaha,Wet,Maha,4.83,0.078,6.9,126.5,1.63,381.3,24.6,130,60,20,283.7,126.6,33.2
1734,Mannar,Dry,Yala,6.76,0.098,,80.9,0.58,76.3,29.1,130,60,40,279.5,129.9,71.4
1735,Nuwara Eliya,Wet,Maha,5.98,0.14,,134.8,1.54,225,25.2,120,60,20,246.4,129.4,33.5
1736,Colombo,Wet,Yala,4.9,0.138,11.2,81.1,2.56,219.3,26.5,120,40,40,276,89.7,66.3
1737,Ratnapura,Wet,Yala,5.08,0.179,10.3,133.1,2.69,,25.4,100,40,20,215.8,88.6,32.5
1738,Galle,Wet,Maha,5.25,0.085,8.6,68,2.85,222,24.5,130,60,40,269.7,133.2,68.3
1739,Kandy,Wet,Maha,5.58,,10,83.4,2.66,214.9,27.4,130,40,40,277,89.8,64
1740,Kandy,Wet,Yala,5.46,0.182,11.6,,,229.2,26.9,100,40,20,214.6,84.3,31.3
1741,Batticaloa,Dry,Maha,6.67,0.14,8.4,94.1,1.05,190.6,29.3,120,60,40,273.7,126.9,62
1742,Trincomalee,Dry,Yala,6.91,0.177,5.5,82.7,0.54,38,27.5,100,60,40,225,129.2,64.6
1743,Matara,Wet,Maha,4.7,0.074,6.7,108.2,1.67,266.8,,130,60,20,294,126.6,32.8
1744,Anuradhapura,Dry,Maha,6.86,0.178,8.2,97.5,1.3,196.7,28.3,100,60,40,201.5,139.9,67.2
1745,Kurunegala,Intermediate,Maha,5.53,0.144,8.1,112.7,1.44,160.1,27,120,60,20,257.6,136.5,32.3
1746,Kurunegala,Intermediate,Maha,6.48,0.094,5.2,124.2,1.6,,27.1,130,60,20,281.8,123.8,35.7
1747,Matara,Wet,Maha,4.64,0.067,10.3,79.2,1.86,209.2,26.8,130,40,40,262.2,80.5,64.6
1748,Polonnaruwa,Dry,Maha,5.69,0.161,5.3,118.9,1.28,165,28.4,100,60,20,209.6,121.5,33
1749,Batticaloa,Dry,Maha,6.54,,10.9,73.6,1.45,248.7,27.6,100,40,40,225.9,83.7,62.7
1750,Monaragala,Intermediate,Yala,6.32,0.192,9.5,52.8,,158.1,27.3,100,60,60,205.6,122.9,96.4
1751,Monaragala,Intermediate,Yala,5.93,,17.1,57.4,1.18,245.8,29.2,100,20,60,218.6,43.7,93.2
1752,Kegalle,Intermediate,Maha,6.59,0.124,13,54.1,1.89,124.3,28.1,120,40,60,249.8,91.7,100.9
1753,Puttalam,Dry,Yala,7.14,0.173,11.6,86.7,0.62,95.9,30.3,100,40,40,201.5,90.1,69.2
1754,Monaragala,Intermediate,Yala,6.61,0.052,7.8,53.3,1.8,202.2,27.5,130,60,60,271.6,124.8,95.4
1755,Polonnaruwa,Dry,Yala,,,7,92.8,1.25,40.7,28.5,120,60,40,279.5,128.4,65.4
1756,Mullaitivu,Dry,Yala,5.76,0.09,13.2,76.9,0.82,,29.5,130,40,40,295.4,87.1,61.9
1757,Badulla,Intermediate,Maha,5.22,0.171,15.9,88,1.18,194.5,29.4,100,20,40,232.4,45.5,70.1
1758,Anuradhapura,Dry,Yala,6.78,0.052,11.3,41.4,0.56,58,30.1,130,40,60,282.1,91.4,104.2
1759,Jaffna,Dry,Maha,6.82,0.158,10.7,83.6,1.1,259.8,31.5,100,40,40,204.7,92.3,62.3
1760,Galle,Wet,Yala,5.93,0.093,10.3,60.7,1.8,273.4,,130,40,40,284.6,87.1,65.3
1761,Colombo,Wet,Maha,5.3,0.059,10.9,82.2,1.89,206.9,24.8,130,40,40,280.7,89.5,71.3
1762,Kilinochchi,Dry,Maha,7.4,0.102,12.2,66.4,0.83,141.7,31.7,120,40,40,274.4,81.9,65.6
1763,Ratnapura,Wet,Yala,5.67,0.184,7.1,140.8,1.52,370.9,27.8,100,60,20,204.3,131.7,33.4
1764,Matale,Intermediate,Yala,6.55,0.14,19.3,109.8,1.67,146.2,27.8,120,20,20,260.4,41.9,32.6
1765,Puttalam,Dry,Yala,5.98,0.137,12.9,104.5,1.15,36.1,27.2,120,40,20,247.2,86.1,33.8
1766,Puttalam,Dry,Maha,5.55,0.136,13.3,109.9,1.02,252.3,27.3,120,40,20,254,88.7,35.7
1767,Trincomalee,Dry,Yala,6.03,0.088,6.3,107.6,0.78,96.9,31,130,60,20,292.7,125.6,35.8
1768,Mannar,Dry,Maha,,,11.3,59.5,1.44,254.6,31.7,100,40,60,216.6,81.2,104.1
1769,Trincomalee,Dry,Maha,6.58,0.111,8.3,68.7,0.74,266.3,30.6,120,60,40,256,120.8,65.7
1770,Gampaha,Wet,Yala,5.44,,5.1,141.2,2.21,288.5,27.9,120,60,20,256.8,121.1,33.3
1771,Anuradhapura,Dry,Maha,6.99,0.188,8.7,44.2,0.83,146.5,28,100,60,60,216.1,120.8,97.9
1772,Kegalle,Intermediate,Maha,5.35,0.145,7.8,80.2,1.23,178.5,27,120,60,40,272.1,122.8,71.6
1773,Kandy,Wet,Maha,4.91,0.11,,121.4,1.56,395.2,24.4,120,40,20,276.2,83.6,34.3
1774,Trincomalee,Dry,Maha,7.29,0.051,5.8,88.4,1.2,142.2,29.2,130,60,40,301.9,124.9,66.2
1775,Hambantota,Dry,Yala,7.47,0.067,12.8,,0.79,35.5,30.6,130,40,40,294.8,93.4,61.8
1776,Kurunegala,Intermediate,Yala,6.38,0.089,16.9,,1.29,111.8,27.3,130,20,40,274.8,42.2,66.9
1777,Vavuniya,Dry,Yala,5.59,0.186,7.4,54.2,1.15,59.8,28.7,100,60,60,223.5,123.1,107.3
1778,Hambantota,Dry,Yala,6.83,0.154,8,56.6,1.32,55,30.7,100,60,60,215.4,131.3,100.3
1779,Mullaitivu,Dry,Yala,5.54,0.166,,81.6,1.35,29.9,30.9,100,60,40,209.4,137.4,63.5
1780,Ratnapura,Wet,Yala,5.85,0.061,,123.8,2.26,300.2,27.5,130,60,20,297,133.9,30.9
1781,Anuradhapura,Dry,Maha,6.63,0.081,7.3,44.1,,251.6,31.2,130,60,60,263,126.4,97.8
1782,Kegalle,Intermediate,Yala,5.25,0.145,5.3,82.5,1.82,231,28.7,120,60,40,276.6,131.6,70.9
1783,Mannar,Dry,Yala,6.19,0.163,6.9,66.8,0.82,98.8,27.5,100,60,40,216.1,134.6,71.7
1784,Badulla,Intermediate,Yala,6.36,0.189,7.3,102.8,1.19,215.7,28.4,100,60,20,221.9,134.9,35.5
1785,Ampara,Dry,Yala,6.63,0.14,11.3,97,1.18,76.9,31.1,120,40,40,267.1,89.2,69
1786,Jaffna,Dry,Yala,6.71,0.096,12,105.3,1.12,57.2,27.2,130,40,20,299.3,91.8,33.6
1787,Gampaha,Wet,Yala,4.92,0.135,5.1,107.2,2.05,251.3,26.8,120,60,20,266.2,137.6,33.8
1788,Hambantota,Dry,Yala,,0.072,11.6,89.6,0.96,68.6,28.9,130,40,40,287.4,88,67.1
1789,Galle,Wet,Maha,5.43,0.15,9.3,86.8,1.82,257.1,26.6,100,60,40,203.3,129,68.8
1790,Hambantota,Dry,Yala,5.97,,9.1,116.6,0.59,,31,100,60,20,218,133.2,32.9
1791,Puttalam,Dry,Maha,5.71,0.134,6.6,118.8,0.68,223.5,31.8,120,60,20,247.2,136.6,34.1
1792,Gampaha,Wet,Yala,5.15,0.164,5.7,92.2,2.87,381.6,26.4,100,60,40,225.1,120.7,62.9
1793,Ratnapura,Wet,Maha,5.11,0.062,9,108.5,2.72,,24.6,130,60,20,283.1,140,32.1
1794,Mullaitivu,Dry,Maha,6.37,0.141,7.5,113.7,1.01,239.2,27.5,120,60,20,268,124.2,35
1795,Polonnaruwa,Dry,Maha,6.42,0.069,12.4,67.1,1.37,264.5,28.3,130,40,40,263.2,86.6,70.7
1796,Vavuniya,Dry,Maha,7,0.053,7.6,109.4,0.71,204.1,30.5,130,60,20,265,137.7,33.5
1797,Trincomalee,Dry,Yala,5.79,0.061,8.7,76.7,0.81,27.8,27.4,130,60,40,291.8,125,62
1798,Vavuniya,Dry,Yala,5.8,0.1,6.2,51.5,1.45,78.4,27.7,120,60,60,244.2,129.9,106.4
1799,Kegalle,Intermediate,Yala,6.35,0.108,5.6,103.9,1.44,171.2,26.4,120,60,20,244.1,123.2,34.3
1800,Ratnapura,Wet,Yala,5.28,0.102,10,111.8,2.24,395,,120,40,20,241.8,85.6,32.9
1801,Batticaloa,Dry,Maha,7.15,0.062,5.3,114.4,0.68,295.8,31.4,130,60,20,302,124.1,33.8
1802,Gampaha,Wet,Yala,5.61,0.125,9.9,65.6,2.04,303.9,27.6,120,60,40,270.2,127.7,66
1803,Gampaha,Wet,Yala,4.73,0.115,5.2,89.2,2.92,352.5,25.6,120,60,40,255.2,127.9,66.4
1804,Kandy,Wet,Maha,4.68,0.099,8.4,80.6,2.88,258.6,24.9,130,60,40,274,140,70.6
1805,Kegalle,Intermediate,Maha,5.57,0.058,8.5,88.6,1.57,181.2,27.6,130,60,40,276.2,140.1,63.3
1806,Galle,Wet,Maha,5.01,0.076,11,122.6,2.89,304,25.4,130,40,20,294.2,82,31.3
1807,Hambantota,Dry,Maha,6.97,0.169,13.8,117.1,0.92,144.6,,100,40,20,222.7,89.9,30.8
1808,Kilinochchi,Dry,Yala,6.72,0.152,5.6,,0.96,99.1,30.3,100,60,60,207.1,121.6,97.2
1809,Ampara,Dry,Yala,5.8,0.121,9.3,102.6,1.38,90.2,28.7,120,60,20,248.1,121.2,31.5
1810,Polonnaruwa,Dry,Maha,5.85,0.115,5.5,114,1.09,287.2,27.9,120,60,20,245.2,122.7,31.9
1811,Kurunegala,Intermediate,Yala,6.48,0.176,13.5,53.7,1.27,158.2,26.1,100,40,60,222.6,93.1,92.7
1812,Puttalam,Dry,Maha,6.98,0.152,11.3,81.3,0.87,282.2,29.8,100,40,40,226,92.8,64
1813,Mullaitivu,Dry,Yala,7,0.1,7.7,75.5,1.1,34.8,29.4,120,60,40,251.7,124.4,65
1814,Gampaha,Wet,Maha,4.54,0.136,10.6,87.7,1.79,326.3,25.4,120,40,40,242.2,82.6,62
1815,Gampaha,Wet,Yala,4.83,0.187,7.9,80.3,2.7,337.3,27.2,100,60,40,203.8,125.3,67.8
1816,Batticaloa,Dry,Yala,7.39,0.188,6.8,87.7,0.92,70.9,29.3,100,60,40,232.7,130.7,67.4
1817,Puttalam,Dry,Maha,5.86,0.196,5.2,80.5,0.85,210.9,31.5,100,60,40,210.7,131.8,62.7
1818,Galle,Wet,Maha,4.8,0.082,8.3,141.5,1.9,203.8,25.4,130,60,20,294,125,33.8
1819,Hambantota,Dry,Yala,6.36,0.119,10.5,105.9,0.94,82.8,28.7,120,40,20,265.8,90.3,35.8
1820,Polonnaruwa,Dry,Yala,5.9,0.093,11.4,95.4,0.86,28.7,29.4,130,40,40,277.6,84.5,71.1
1821,Kegalle,Intermediate,Yala,6.69,0.09,13,99,1.67,247.1,29.5,130,40,40,270.1,92.5,61.7
1822,Matara,Wet,Maha,5.85,0.102,5.5,117.8,1.9,340.6,27.2,120,60,20,246.1,133.5,34.8
1823,Badulla,Intermediate,Yala,5.27,,10.4,129.8,1.23,187.6,28.2,130,40,20,287.5,86.2,32.6
1824,Kegalle,Intermediate,Maha,6.51,0.181,14.8,80.7,1.01,139.3,28.6,100,40,40,226.4,90.8,62.3
1825,Puttalam,Dry,Yala,6.57,0.179,10.1,103.7,0.79,87.5,31.4,100,40,20,222.1,91.1,32.3
1826,Galle,Wet,Maha,5.79,0.156,9.5,82.9,1.77,386.9,,100,60,40,218.4,126.3,64.9
1827,Matara,Wet,Maha,5.1,0.057,9.9,115.7,1.74,278.1,26.6,130,60,20,263.2,127.3,33.4
1828,Jaffna,Dry,Maha,7.14,0.19,10.9,,1.27,223.2,28.8,100,40,40,232.7,92.7,68.3
1829,Jaffna,Dry,Maha,6.88,0.093,6.2,104.8,0.76,172.7,29.8,130,60,20,295.3,123.8,34.5
1830,Nuwara Eliya,Wet,Maha,5.85,0.138,7,108.8,2.95,310.2,24.4,120,60,20,252.8,121.4,32
1831,Mullaitivu,Dry,Yala,5.7,0.147,12.5,50.8,1.45,41.8,31.5,120,40,60,279.7,86.4,97.3
1832,Ratnapura,Wet,Yala,5.35,0.124,8.7,129.9,1.98,225.6,27.8,120,60,20,264.9,136.3,32.3
1833,Monaragala,Intermediate,Yala,6.76,0.054,15,98.9,1.42,218,27.5,130,20,40,286.1,45.3,65.3
1834,Matale,Intermediate,Maha,6.74,0.15,6.2,112.5,1.55,102.2,28.5,100,60,20,225.5,138.6,35.8
1835,Batticaloa,Dry,Yala,6.28,0.152,6.5,68.9,0.54,97.9,31.8,100,60,40,227.6,131,69.5
1836,Batticaloa,Dry,Yala,7.29,0.135,5.6,87.9,1.47,90.4,31.6,120,60,40,267,122.6,71.5
1837,Galle,Wet,Maha,5.14,0.105,10.6,136,2.01,267.9,24.6,120,40,20,246.3,88.2,34.3
1838,Mullaitivu,Dry,Yala,6.91,0.09,10.7,108,0.8,63.7,28.2,130,40,20,275.7,90.6,32.8
1839,Matara,Wet,Yala,5.52,0.102,7,79.2,2.67,377.4,26.7,120,60,40,277.7,122.4,65.6
1840,Hambantota,Dry,Maha,6.78,0.125,7.5,69.3,0.88,158.4,27.7,120,60,40,250.1,124,66.6
1841,Kilinochchi,Dry,Maha,6.97,0.164,8.8,46.7,0.58,278,,100,60,60,213.2,120.9,98.8
1842,Jaffna,Dry,Yala,6.9,0.063,13.2,115.7,0.65,22.9,30.1,130,40,20,279.7,88.2,34.9
1843,Nuwara Eliya,Wet,Maha,4.79,0.134,5.9,71.2,1.62,312.1,26.5,120,60,40,258.5,138,66.3
1844,Monaragala,Intermediate,Maha,6.78,0.165,11.5,,1.37,,28.2,100,40,40,221.1,89.2,64.7
1845,Ratnapura,Wet,Maha,5.96,0.061,9.8,127.9,1.5,336,,130,60,20,301.4,139.8,34.7
1846,Anuradhapura,Dry,Maha,6.38,0.068,5.8,46.2,1.25,137.6,31.5,130,60,60,271.6,121.9,105.3
1847,Colombo,Wet,Yala,5.37,0.142,12,91.1,1.98,302.4,24.9,120,40,40,246.1,92.3,65.9
1848,Vavuniya,Dry,Yala,7.43,0.156,5.4,41.2,0.52,52.8,28.2,100,60,60,207.5,136.5,102.5
1849,Badulla,Intermediate,Maha,5.97,0.056,14.8,,1.44,120.8,28.9,130,40,20,299,84.6,31.1
1850,Puttalam,Dry,Maha,5.66,0.119,,101.3,0.8,240.7,27.3,120,60,20,266.6,139.7,33.4
1851,Badulla,Intermediate,Maha,5.66,0.181,11.9,56.4,1.9,215.1,29.4,100,40,60,210.4,84.2,93.2
1852,Gampaha,Wet,Yala,5.18,0.093,6.8,81.7,1.97,327.6,26.2,130,60,40,296,138,62
1853,Polonnaruwa,Dry,Yala,7.31,0.101,5.9,98.6,0.68,44.2,28,120,60,40,275,137.8,67.8
1854,Kilinochchi,Dry,Maha,6.29,0.064,8.5,46.6,1.26,246.3,29.9,130,60,60,297.3,135.4,97.1
1855,Ratnapura,Wet,Yala,4.86,0.059,11.6,132.6,2.96,229.1,27.4,130,40,20,300.4,87.8,34.5
1856,Mannar,Dry,Yala,5.87,0.083,9.4,94.3,,24.3,31.8,130,60,40,272.1,123,70.7
1857,Colombo,Wet,Maha,5.91,,7.3,120.1,1.57,272.2,26.9,130,60,20,293.4,131,31.5
1858,Kurunegala,Intermediate,Yala,5.6,0.178,5.5,128.9,1.96,105.9,29.4,100,60,20,216.1,127.6,34.4
1859,Polonnaruwa,Dry,Yala,5.98,0.139,13.4,84.4,0.78,30,30.8,120,40,40,274.3,90.8,66.8
1860,Galle,Wet,Yala,5.97,0.14,10,118.4,2.63,283.6,26.9,120,40,20,269.8,90.4,31.4
1861,Kegalle,Intermediate,Yala,5.34,,19.5,66.5,,120.8,28.7,120,20,40,271.7,46.2,68.2
1862,Ratnapura,Wet,Yala,5.25,0.158,5.6,94.7,1.64,326.4,25.8,100,60,40,222.5,120.9,67.8
1863,Matale,Intermediate,Yala,5.44,0.107,16.4,,1.23,193.7,28,120,20,40,248.3,45.5,66.9
1864,Hambantota,Dry,Maha,6.02,0.079,12.2,42.5,1.46,194,31.7,130,40,60,284.5,92.7,106.4
1865,Colombo,Wet,Yala,4.77,0.164,8.9,75.3,2.98,363.1,25.5,100,60,40,233.2,136.1,66.9
1866,Mannar,Dry,Maha,5.89,0.156,8.1,89.2,0.77,275.1,27.2,100,60,40,231.7,123.2,71.6
1867,Mannar,Dry,Maha,6.97,0.196,5.1,93.7,1.1,253.1,30.2,100,60,40,202.5,122.2,66.8
1868,Hambantota,Dry,Maha,5.54,0.051,10.2,42,0.96,218.8,28.6,130,40,60,268.4,80.7,94.2
1869,Kilinochchi,Dry,Yala,6.02,0.143,14.1,84,0.57,77.7,30.8,120,40,40,246.5,88.7,66.4
1870,Mannar,Dry,Yala,6.83,0.079,6.5,115.4,1.47,39.7,27.9,130,60,20,292.2,132.9,31.7
1871,Mullaitivu,Dry,Yala,6.2,0.078,6.5,117.1,0.62,83.9,28.8,130,60,20,296.1,139.9,33.8
1872,Badulla,Intermediate,Yala,6.25,0.144,5.3,85.8,1.4,215.1,28.2,120,60,40,249.7,128.4,68.6
1873,Jaffna,Dry,Yala,6.04,,11.7,67.3,0.74,52.9,30.7,120,40,40,261.1,84.8,66.4
1874,Nuwara Eliya,Wet,Maha,5.68,0.166,8.6,83.7,1.6,261.7,27.4,100,60,40,228.5,132.8,62.7
1875,Hambantota,Dry,Yala,,0.097,6.7,118.6,0.73,33.9,30.3,130,60,20,292.5,136.8,33.1
1876,Polonnaruwa,Dry,Yala,6.32,0.123,9.7,106,1.28,32.2,30.8,120,60,20,262.6,138.9,31.2
1877,Gampaha,Wet,Maha,5.33,0.181,10.6,68.6,2.38,284.7,26.9,100,40,40,220.3,91,68.5
1878,Galle,Wet,Yala,5.7,0.198,8.8,133.5,1.55,351.7,24.1,100,60,20,217.7,129,34.8
1879,Colombo,Wet,Yala,4.62,0.088,5.2,133,2.41,262.4,26,130,60,20,274,133,35.6
1880,Trincomalee,Dry,Maha,,0.056,6.6,48.4,1.29,188,31.2,130,60,60,285.4,137.4,94.7
1881,Kegalle,Intermediate,Yala,,0.2,11.6,110.9,1.58,177.3,26.3,100,40,20,223.6,86.9,33.5
1882,Kurunegala,Intermediate,Yala,5.59,0.159,16.8,94.8,1.21,243.6,28.1,100,20,40,229.6,41.7,67.4
1883,Kalutara,Wet,Yala,5.41,,10.7,63.8,1.56,291.1,27.5,100,40,40,221.8,82.7,70.9
1884,Anuradhapura,Dry,Yala,6.52,0.152,6.2,,1.46,27,29.7,100,60,60,225.9,120.6,101.9
1885,Badulla,Intermediate,Maha,5.55,0.108,13.2,60.1,1.95,237.1,28.7,120,40,40,247.6,89.8,63.2
1886,Anuradhapura,Dry,Yala,5.97,0.071,6,52.1,0.57,,31,130,60,60,281,122.8,99
1887,Colombo,Wet,Maha,5.33,0.101,8.5,85.4,2.61,212.3,26.2,120,60,40,241.7,125.4,68.2
1888,Galle,Wet,Yala,5.35,0.139,5.5,94.1,2.77,353.1,24.7,120,60,40,251,126.4,68.7
1889,Batticaloa,Dry,Yala,5.57,0.166,8.4,,1.46,22.9,30.5,100,60,40,224.8,131.6,70.3
1890,Kurunegala,Intermediate,Yala,6.59,0.166,10.8,76,1.94,194.9,26.4,100,40,40,233.4,85.7,63.5
1891,Matale,Intermediate,Maha,6,0.109,14.9,82,1.4,242.3,27,120,40,40,245.2,89.3,71.2
1892,Batticaloa,Dry,Maha,7.25,0.142,13.1,90.5,0.82,169.6,31.4,120,40,40,257,81.2,62.3
1893,Badulla,Intermediate,Yala,5.39,0.066,16.4,,1.66,117.2,27,130,20,20,295.3,41,35.7
1894,Puttalam,Dry,Maha,6.01,0.131,11.4,66.3,1.47,266.1,27.6,120,40,40,249.3,87,70.3
1895,Kegalle,Intermediate,Yala,6.5,0.182,9.8,69.7,1.37,136.6,29.7,100,60,40,219.2,127.2,68.3
1896,Galle,Wet,Yala,5.61,0.076,7.2,106.5,1.91,345.5,26.8,130,60,20,292.5,126.4,34.5
1897,Mullaitivu,Dry,Yala,5.83,0.105,14.1,105.8,,72.7,30.2,120,40,20,265.4,81.3,31.2
1898,Ratnapura,Wet,Yala,4.87,0.08,5.7,73.2,2.47,245.4,25.9,130,60,40,269.4,138.1,62.1
1899,Badulla,Intermediate,Yala,6.23,0.163,6,74.7,1.35,195.3,27.5,100,60,40,212.7,134.2,62.7
1900,Nuwara Eliya,Wet,Maha,5.39,0.145,8.8,81.3,2.44,395,24.5,120,60,40,272,123,62.6
1901,Ratnapura,Wet,Maha,5.63,0.051,6.6,144.6,1.85,241.6,24.7,130,60,20,284.9,121.9,33.5
1902,Mannar,Dry,Maha,7.23,0.107,8.8,56.8,1.12,232.5,31.3,120,60,60,241.5,139.7,95.7
1903,Mannar,Dry,Yala,7.26,0.082,5.1,90.2,0.53,22.4,27.1,130,60,40,293.7,133.9,70.3
1904,Vavuniya,Dry,Maha,5.77,0.181,10.1,74.1,1.37,233.5,31.5,100,40,40,202.2,85.9,66.2
1905,Nuwara Eliya,Wet,Maha,5,0.112,11.2,68.7,1.85,282.7,24.1,120,40,40,270.5,89.6,68.7
1906,Galle,Wet,Yala,5.99,0.14,8.8,84.4,2.24,229.3,27.1,120,60,40,249.3,135.4,68.2
1907,Puttalam,Dry,Maha,6.02,0.145,8.4,44.9,1.34,201.9,30.1,120,60,60,278.8,135.9,97.3
1908,Trincomalee,Dry,Yala,6.83,0.108,12.6,76.1,0.98,21.1,,120,40,40,255.7,86.7,64.1
1909,Colombo,Wet,Yala,4.53,0.196,8.2,103,2.84,315.3,26,100,60,20,211.8,129,32.5
1910,Trincomalee,Dry,Maha,6.08,0.167,5.6,58.7,0.75,204.2,29,100,60,60,206,120.8,104.4
1911,Badulla,Intermediate,Yala,6.19,0.058,18,108.5,1.95,231.5,29.2,130,20,20,274.4,46.3,33.7
1912,Matara,Wet,Maha,5.76,,7.1,65.9,1.55,218.3,24.6,130,60,40,298.6,132.4,64.2
1913,Monaragala,Intermediate,Yala,5.22,0.131,16.4,56.6,1.7,244.8,28.5,120,20,60,280.3,41.6,104.8
1914,Nuwara Eliya,Wet,Maha,,0.182,10.5,121.2,1.94,220.7,25.2,100,40,20,213.1,92.5,31.1
1915,Matale,Intermediate,Yala,5.26,0.071,16.3,128.3,1.94,231.5,26.2,130,20,20,280.4,46.2,34.3
1916,Matara,Wet,Maha,5.8,0.122,7.9,81.7,1.81,217.8,24.4,120,60,40,269.6,140,66.1
1917,Mullaitivu,Dry,Yala,6.18,0.142,12.5,53.4,1.39,47.1,30.3,120,40,60,276,91.9,103.5
1918,Trincomalee,Dry,Maha,5.66,0.198,12.2,106.6,1.25,192.9,28,100,40,20,220.4,93.5,35.4
1919,Colombo,Wet,Yala,5.54,0.14,7,86.6,2.37,320.6,27.7,120,60,40,256.7,125.4,69.2
1920,Vavuniya,Dry,Yala,6.7,0.139,10.5,56.8,1.46,59.5,30,120,40,60,257.5,91.5,99.1
1921,Puttalam,Dry,Yala,,0.055,11.5,91.6,1.3,65.1,,130,40,40,290.9,91.2,63.2
1922,Anuradhapura,Dry,Yala,5.85,0.074,14.5,85.7,0.54,90.4,29.3,130,40,40,261.5,83.5,69.8
1923,Galle,Wet,Maha,5.68,0.111,8.4,,2.12,303.7,25.2,120,60,40,265.6,122.5,66.3
1924,Kalutara,Wet,Yala,5.2,0.122,7.6,94.9,2.96,382,24.5,120,60,40,255.2,139.8,62.5
1925,Trincomalee,Dry,Maha,7.14,,5.2,87.3,,253,30.4,120,60,40,272.4,126.4,68.9
1926,Mullaitivu,Dry,Yala,6.09,0.09,14.2,42.8,1.41,65.2,31.1,130,40,60,265.3,91.8,96.9
1927,Colombo,Wet,Yala,5.53,0.152,10.7,111.6,,327.5,24.8,100,40,20,220.3,80.5,31
1928,Matale,Intermediate,Maha,6.25,0.056,17.9,67.8,1.83,244.5,28.8,130,20,40,281.8,40.4,70.7
1929,Puttalam,Dry,Maha,5.7,0.057,11.8,91.2,0.5,196.6,31.6,130,40,40,288.6,86.6,66.5
1930,Ampara,Dry,Maha,6.84,0.135,14,57.9,1.3,257.7,,120,40,60,243.9,83.6,96.7
1931,Puttalam,Dry,Maha,6.31,0.072,10.1,,0.63,255.7,30.4,130,40,20,286,89.5,34.4
1932,Kurunegala,Intermediate,Maha,6.32,0.126,12.6,102.5,1.04,123.7,26.3,120,40,20,263.3,87.9,35.2
1933,Kegalle,Intermediate,Yala,5.99,0.075,18.9,61.4,1.63,113.1,29.2,130,20,40,285.2,40.7,61.7
1934,Trincomalee,Dry,Yala,6.06,0.147,13.8,116.6,1.08,64.4,28.1,120,40,20,264.9,82.6,34.2
1935,Mannar,Dry,Maha,6.59,0.084,9.1,69.1,0.86,158.3,30.5,130,60,40,290.1,128.2,69.4
1936,Jaffna,Dry,Maha,6.68,0.147,13.3,103.9,1.49,139.3,29.2,120,40,20,272.8,82.9,31.9
1937,Kurunegala,Intermediate,Maha,6.51,0.067,16.8,63.4,1.97,185.4,29.3,130,20,40,272.8,45.4,66.6
1938,Matale,Intermediate,Maha,6.16,,16.4,95.6,1.7,237,28.5,120,20,40,273.6,43,62.6
1939,Hambantota,Dry,Maha,6.32,0.194,13.9,52.5,0.61,281.5,29,100,40,60,217.3,81.7,103.7
1940,Monaragala,Intermediate,Yala,5.51,0.096,9.8,116.6,1.08,140.8,27.1,130,60,20,264.7,130.1,35
1941,Mannar,Dry,Yala,6.9,0.111,13,52.2,0.86,89.1,28.8,120,40,60,243.6,81.7,94.1
1942,Batticaloa,Dry,Maha,7,0.198,11.1,83.1,1.32,250.8,30.1,100,40,40,212,82.2,69.9
1943,Galle,Wet,Maha,4.78,0.086,,140.9,2.67,288.8,24.4,130,60,20,294.7,125.3,34.7
1944,Ampara,Dry,Yala,5.51,0.127,7.5,115.8,0.51,,30.5,120,60,20,269,137.4,32.5
1945,Galle,Wet,Yala,5.85,0.158,6.1,70.7,2.78,229.9,26.7,100,60,40,226.8,138.7,68.6
1946,Kalutara,Wet,Maha,4.81,0.163,8,137.6,2.32,323.9,26.2,100,60,20,218,136.8,30.8
1947,Ratnapura,Wet,Maha,5.27,0.059,12,108.5,2.18,309.3,25.1,130,40,20,280.1,84.8,35.5
1948,Polonnaruwa,Dry,Maha,5.75,0.074,9.9,99.5,0.96,258.7,29.5,130,60,40,267.7,125.9,67.2
1949,Kurunegala,Intermediate,Yala,6.51,0.186,9.3,101.4,1.01,194.7,29.6,100,60,20,211.8,131.4,33.9
1950,Vavuniya,Dry,Yala,5.88,0.168,10.1,54.1,0.54,58.7,30.4,100,40,60,215.2,89.9,102.5
1951,Colombo,Wet,Yala,5.75,0.071,8.9,117.9,1.62,245.4,27,130,60,20,265.2,140.1,33.6
1952,Colombo,Wet,Maha,4.92,0.112,5.9,110.7,2.68,340.8,25.2,120,60,20,250,123.2,35.1
1953,Galle,Wet,Yala,5.38,0.13,7.7,111,2.41,327,26.1,120,60,20,264.7,121.6,33.8
1954,Matale,Intermediate,Yala,6.04,0.113,13.2,123,1.25,113.7,27.8,120,40,20,270.1,89.5,35.3
1955,Polonnaruwa,Dry,Maha,6.58,0.185,,42.7,1.3,122,31,100,40,60,233.7,91.3,101.2
1956,Gampaha,Wet,Maha,5.27,0.171,9.9,,2.49,396.8,25.5,100,60,20,231.5,137.2,31.7
1957,Hambantota,Dry,Yala,7.29,0.093,,88.9,0.77,87.4,31.2,130,60,40,288.6,133.9,70.8
1958,Kilinochchi,Dry,Maha,7.5,0.077,10.7,79.3,1.13,230,30.1,130,40,40,279.3,92.9,68.5
1959,Mannar,Dry,Maha,5.84,0.095,5.1,118.7,0.63,297.9,30,130,60,20,288.4,130.6,34.3
1960,Mannar,Dry,Maha,5.86,0.054,12.5,92.5,0.97,237.1,29.5,130,40,40,294.7,92.4,71.6
1961,Hambantota,Dry,Yala,5.96,0.197,11.6,71.5,0.52,71,29,100,40,40,205,93.1,62.4
1962,Puttalam,Dry,Yala,6.68,0.192,9.3,118,1.36,71.8,29.2,100,60,20,214.5,137.2,32.9
1963,Matara,Wet,Yala,5.15,0.126,9.3,70.6,1.97,261.3,24.2,120,60,40,274.2,126.7,64.1
1964,Vavuniya,Dry,Maha,7.49,0.199,8.2,83.6,0.83,297.1,31.2,100,60,40,213.6,124.5,68
1965,Ratnapura,Wet,Yala,5.88,0.052,,78,2.23,323.7,27.4,130,40,40,285.6,87.6,69.8
1966,Matara,Wet,Maha,5.01,0.052,10.2,97.6,2.07,393.3,,130,40,40,286.3,86.4,71.4
1967,Kurunegala,Intermediate,Yala,6.76,0.121,8.8,115.2,1.32,145.3,28.7,120,60,20,248.6,137.8,33.1
1968,Matara,Wet,Yala,5.55,0.078,10.6,115.1,2.09,223.1,27.9,130,40,20,276.8,81.8,34.7
1969,Mannar,Dry,Yala,6.9,0.189,14.4,107.6,0.84,100,29.2,100,40,20,212,83.8,35.4
1970,Kalutara,Wet,Maha,4.83,0.151,7.6,79.2,2.64,353,24.7,100,60,40,201.9,135.3,68.5
1971,Polonnaruwa,Dry,Yala,7.11,0.139,8.7,90.5,0.55,53.2,30.5,120,60,40,242.3,122.5,64.1
1972,Ratnapura,Wet,Maha,4.68,0.081,6.5,107.5,1.78,303,25.7,130,60,20,296.7,126.9,33.8
1973,Mannar,Dry,Yala,6.79,0.094,14,53.8,0.69,25.2,32,130,40,60,273,85.5,107
1974,Mullaitivu,Dry,Maha,6.52,0.128,8.1,55.3,0.78,294.7,29.7,120,60,60,261.6,132.8,107.3
1975,Mullaitivu,Dry,Yala,7.33,0.059,9.4,70.6,0.92,37.4,27.3,130,60,40,274.1,123.7,68.1
1976,Hambantota,Dry,Yala,6,0.155,11.2,89.7,1.22,70.8,29.2,100,40,40,231.8,91.7,70.6
1977,Batticaloa,Dry,Maha,6.12,0.114,12.2,75.1,1.37,244.2,31.1,120,40,40,251.5,86.3,63.7
1978,Kalutara,Wet,Maha,5.67,0.19,11.7,93.7,2.92,223.3,24.2,100,40,40,215.1,92.4,64.2
1979,Galle,Wet,Yala,4.87,0.145,10.6,91.5,2.8,244.3,,120,40,40,275.5,86.6,71.2
1980,Colombo,Wet,Maha,5.26,0.134,,146.9,2.65,221.3,,120,60,20,274.3,126,31.5
1981,Kegalle,Intermediate,Maha,5.89,0.094,8,115.6,1.42,121.3,27.3,130,60,20,269.3,123.4,31.8
1982,Kegalle,Intermediate,Yala,5.87,0.163,17.6,102.9,1.89,193.6,29.7,100,20,20,227.3,40.3,32.9
1983,Nuwara Eliya,Wet,Yala,5.04,0.053,9.3,136.8,1.96,304.7,25.3,130,60,20,280.8,131,33.7
1984,Nuwara Eliya,Wet,Yala,5.96,0.067,8,,2.81,399.7,25.2,130,60,20,281.9,122.7,33.8
1985,Ampara,Dry,Yala,6.07,0.135,5.8,87.1,1.03,30.9,30.8,120,60,40,246.6,128.3,64.6
1986,Vavuniya,Dry,Maha,5.77,0.084,8.9,93.7,0.66,233.7,27.1,130,60,40,264.8,132.1,70.9
1987,Colombo,Wet,Yala,5.95,0.147,9.1,128,2.13,384.7,24.6,120,60,20,269.8,126,35.4
1988,Vavuniya,Dry,Maha,7.19,0.188,6.8,72.9,0.95,153,28.6,100,60,40,217.3,124,65.6
1989,Batticaloa,Dry,Maha,6.84,0.18,13.8,,,126.9,28.1,100,40,20,215.3,90.6,33
1990,Trincomalee,Dry,Yala,6.51,0.067,12.9,64.9,0.79,80.6,29.9,130,40,40,292.3,92.8,68.7
1991,Colombo,Wet,Maha,4.69,0.181,7.7,149.1,1.56,388.8,27.9,100,60,20,226.1,122.6,34.1
1992,Mannar,Dry,Yala,6.12,0.155,13.9,75.9,1.26,69.2,31.5,100,40,40,206.3,82.5,65.5
1993,Trincomalee,Dry,Yala,6.78,0.169,13.4,114.2,1.24,44.3,29.7,100,40,20,221,93,32.9
1994,Polonnaruwa,Dry,Yala,7.28,0.106,9.7,73.1,1.13,50.6,30.8,120,60,40,246.6,121.4,65.2
1995,Monaragala,Intermediate,Yala,5.7,0.071,,124.7,1.74,242.8,28.1,130,40,20,293.3,93.2,32
1996,Kegalle,Intermediate,Maha,6.61,0.191,10.6,103.5,1.85,154.2,29.5,100,40,20,222.5,80.5,33.1
1997,Nuwara Eliya,Wet,Yala,5.51,0.172,11.8,121.8,1.74,316.9,24.6,100,40,20,232.3,91.9,34.2
1998,Trincomalee,Dry,Yala,7.08,0.133,8.6,54.2,1.29,90,29.8,120,60,60,244,126.6,103.6
1999,Nuwara Eliya,Wet,Maha,4.66,0.126,12,101.2,2.52,296.7,25.8,120,40,20,243.6,92.7,34.7
2000,Batticaloa,Dry,Maha,6.71,0.141,12.6,105.5,0.63,157.6,29.5,120,40,20,252.4,84.6,32.7
2001,Matara,Wet,Maha,,0.14,6.3,74.5,2.54,215.2,25.2,120,60,40,251.6,133.4,69.3
2002,Kilinochchi,Dry,Yala,,0.144,13.4,75.3,1.24,87.5,30.1,120,40,40,251,81.5,61.8
2003,Kegalle,Intermediate,Maha,5.4,0.077,6.9,122.8,1.07,187.1,26.3,130,60,20,299.8,125.4,33.2
2004,Kilinochchi,Dry,Yala,6.03,0.062,10.8,93.3,0.75,85.9,30.7,130,40,40,272,90.6,69.6
2005,Mannar,Dry,Maha,6.27,0.197,10.2,88.1,0.89,,30.1,100,40,40,210,87.4,68
2006,Anuradhapura,Dry,Maha,6.89,0.195,8,54.3,0.83,123.7,27.8,100,60,60,225.9,138.8,99.6
2007,Colombo,Wet,Maha,5.73,0.13,8.7,113.5,2.55,321.6,24.3,120,60,20,258.9,129,34
2008,Trincomalee,Dry,Maha,6.7,0.094,7.4,63.2,0.97,125,30.9,130,60,40,294.3,137.6,70.8
2009,Monaragala,Intermediate,Maha,6.7,0.073,11.8,107.7,1.89,116.7,28.8,130,40,20,264.2,86.3,33.6
2010,Kalutara,Wet,Maha,4.62,0.195,,140.7,2.5,240,26.5,100,60,20,217,139.8,34.8
2011,Mullaitivu,Dry,Maha,6.8,0.089,9.5,101.7,1.45,274.6,30.3,130,60,20,262.8,139.4,35.7
2012,Mannar,Dry,Maha,7.35,0.112,6.4,115.3,1.14,184.3,32,120,60,20,243.8,127.1,34.3
2013,Galle,Wet,Maha,,0.058,7.8,126.5,2.36,215.2,24.4,130,60,20,299.8,137.9,33.7
2014,Mullaitivu,Dry,Maha,6.71,0.123,11.1,67,1.41,198.5,31.1,120,40,40,246.8,91.5,62.1
2015,Kurunegala,Intermediate,Yala,5.86,0.082,18.1,,1.76,189.2,27.8,130,20,40,284,41.6,65.4
2016,Mullaitivu,Dry,Yala,5.85,0.069,7.3,109.9,,35.6,27.1,130,60,20,278.8,132.8,33.6
2017,Trincomalee,Dry,Yala,6.59,0.075,12.7,112.2,0.58,40.4,31.2,130,40,20,276.1,81.4,34.8
2018,Matara,Wet,Maha,5.68,0.06,6.7,96,1.66,217.2,24.7,130,60,40,299.5,137,66.1
2019,Kurunegala,Intermediate,Maha,6.05,0.077,,121.6,1.1,175.6,,130,20,20,262.3,41.4,35.6
2020,Vavuniya,Dry,Yala,,0.17,9.6,42.8,0.7,93.2,27.1,100,60,60,222.7,122,96.6
2021,Galle,Wet,Yala,4.79,0.071,8.2,112.1,1.8,377.9,28,130,60,20,302.2,128.4,34.5
2022,Kandy,Wet,Maha,5.19,0.118,9,65,2.41,,,120,60,40,263.3,131.9,65.9
2023,Ratnapura,Wet,Maha,,0.199,6.5,98.1,2.83,239.6,24.5,100,60,40,231.6,137.3,66.6
2024,Mannar,Dry,Yala,6.67,0.102,11.5,84.3,1.24,41.1,30.3,120,40,40,243.4,93.2,69.7
2025,Monaragala,Intermediate,Yala,6.69,0.109,10.3,60.3,1.32,176.5,26.3,120,40,40,257.7,86.2,64.7
2026,Batticaloa,Dry,Maha,6.62,0.153,13.8,,1.38,131.1,29.7,100,40,40,209.6,81.3,62.7
2027,Vavuniya,Dry,Yala,5.55,0.121,12,114.1,1.15,40.5,30.9,120,40,20,269.9,90.3,33.4
2028,Mullaitivu,Dry,Maha,5.7,0.197,7.5,101.6,1.48,255.8,30.2,100,60,20,233.1,131.7,33.4
2029,Colombo,Wet,Yala,5.86,0.159,11.4,96.7,2.26,,27.5,100,40,40,209.5,86.3,69.7
2030,Puttalam,Dry,Maha,7.15,0.116,14.2,57,0.63,135.1,28.2,120,40,60,266.9,84.5,107
2031,Polonnaruwa,Dry,Yala,6.41,0.132,13.6,54.8,1.16,45.8,28,120,40,60,249.1,87,93.3
2032,Galle,Wet,Yala,5.97,0.084,10.9,107.5,2.6,292.7,26.5,130,40,20,285.4,84.9,33.8
2033,Trincomalee,Dry,Yala,6.85,0.099,8.1,78.9,1.39,59.8,31.6,130,60,40,281.1,135.4,68.5
2034,Mullaitivu,Dry,Yala,7.11,0.122,13,106.4,1.02,32.4,31.3,120,40,20,279.4,87.6,35.7
2035,Kurunegala,Intermediate,Maha,5.61,0.131,17.1,62.7,1.31,187.5,27.3,120,20,40,265.1,46,71.1
2036,Puttalam,Dry,Yala,6.03,0.081,14.1,65.7,0.88,42.1,28.4,130,40,40,276.2,87.6,68.8
2037,Batticaloa,Dry,Maha,6.52,0.109,11.5,118.6,1.24,224.5,27.8,120,40,20,245.8,83.6,33.4
2038,Matale,Intermediate,Maha,6.61,,19.9,,1.45,148.3,26.3,120,20,40,247.3,45.8,63.3
2039,Mannar,Dry,Yala,7.43,0.147,6.6,60.4,1.33,86.5,31.5,120,60,40,250.2,131.5,65.5
2040,Badulla,Intermediate,Maha,5.34,0.14,7.2,109.6,1.42,175.8,26.3,120,60,20,251.2,124.7,33.7
2041,Badulla,Intermediate,Yala,6.25,0.187,13,,1.6,172.7,26.6,100,40,40,228.8,88.6,69
2042,Anuradhapura,Dry,Maha,7.44,0.11,5.2,71.6,1.33,223.8,31.9,120,60,40,263.3,127.6,68.1
2043,Gampaha,Wet,Yala,5.68,0.088,6.2,124.9,2.78,361.4,25.7,130,60,20,283.6,137.1,34.4
2044,Anuradhapura,Dry,Yala,6.82,0.144,12.6,118.8,0.84,98.8,30.1,120,40,20,245.8,86.4,32.9
2045,Kalutara,Wet,Maha,5.14,0.127,11.8,83.7,2.5,352.6,24.6,120,40,40,275,90,69
2046,Ratnapura,Wet,Yala,5.45,0.137,8.9,116.5,2.34,208.7,25.3,120,60,20,269.6,122.5,31.5
2047,Trincomalee,Dry,Yala,6.22,0.166,5,118.8,0.93,27.7,27.8,100,60,20,203.3,128.4,31.6
2048,Kalutara,Wet,Yala,4.55,0.057,11.6,123.7,1.62,397.7,27,130,40,20,291.4,93.3,31.6
2049,Nuwara Eliya,Wet,Yala,4.64,0.108,5.6,138.9,2.92,342.1,24.5,120,60,20,262.6,136.4,35.3
2050,Mullaitivu,Dry,Yala,5.9,0.129,5.4,61,0.57,72.5,27.3,120,60,40,244.5,123.7,62.5
2051,Jaffna,Dry,Maha,6.19,0.122,13.5,93.6,1.46,269.6,29.2,120,40,40,259.3,84.1,69.7
2052,Ampara,Dry,Maha,5.99,0.062,9,53.8,0.92,241.4,31.6,130,60,60,282,127.1,96
2053,Kurunegala,Intermediate,Yala,5.29,0.101,19.5,82.3,1.52,226.9,26.8,120,20,40,247.8,44.5,66.4
2054,Ampara,Dry,Yala,6.14,0.056,9.9,74,1.01,30.9,28.3,130,60,40,301.5,135.4,70.9
2055,Monaragala,Intermediate,Maha,5.59,0.173,7.2,125.6,1.71,247.6,29.1,100,60,20,228.8,135.3,33.7
2056,Jaffna,Dry,Yala,6.99,0.177,11.7,82,1.09,54.2,28.4,100,40,40,222.9,87.1,63.8
2057,Trincomalee,Dry,Yala,,0.175,11.8,84.8,1.41,38.1,31.6,100,40,40,216.2,91.1,64.5
2058,Ratnapura,Wet,Yala,5.39,0.141,11.5,81.2,,313.5,25.7,120,40,40,257.4,86.2,70.9
2059,Kalutara,Wet,Maha,5.05,0.06,12,141.5,2.17,351.2,27.9,130,40,20,289,82.1,32.9
2060,Kilinochchi,Dry,Maha,,0.181,9.1,73.5,1.4,,27.1,100,60,40,218.9,131.7,67.6
2061,Colombo,Wet,Yala,5.62,0.095,5.7,131,2.92,274.8,27.3,130,60,20,264,139.2,33.1
2062,Puttalam,Dry,Yala,6.33,0.091,6.6,63.7,0.85,46,31.4,130,60,40,283.1,136.1,65.5
2063,Mannar,Dry,Yala,7.03,0.109,8.5,41.7,0.6,61.2,,120,60,60,272.9,131.9,95.8
2064,Gampaha,Wet,Yala,5.84,0.091,9.5,97.4,2.54,287.2,27.9,130,60,40,280.9,133.3,68.6
2065,Anuradhapura,Dry,Maha,6.14,0.145,11.8,111,0.61,209.1,29.4,120,40,20,243.4,92.6,34.4
2066,Colombo,Wet,Maha,5.56,0.081,9.2,132.7,2.66,353.8,24.6,130,60,20,294.7,129,32.2
2067,Jaffna,Dry,Maha,6.69,0.198,8,111.9,,179.7,27.9,100,60,20,207.7,127.1,34.7
2068,Kandy,Wet,Maha,,0.11,5.9,130.2,2.88,,24.1,120,60,20,251.5,139.7,35.1
2069,Batticaloa,Dry,Yala,6.23,0.076,12,113.6,0.63,36.1,29,130,40,20,268.4,91.7,35.4
2070,Kurunegala,Intermediate,Maha,6.25,0.157,16.2,56.9,1.97,131,29.7,100,20,60,211.9,42.3,94.9
2071,Kegalle,Intermediate,Maha,6.03,0.163,7.6,100.4,1.67,106.2,26.4,100,60,20,225.8,129.7,32.3
2072,Monaragala,Intermediate,Yala,6.08,0.171,17.8,50.3,1.26,120.8,28,100,20,60,218,42.9,105.4
2073,Trincomalee,Dry,Maha,6.71,0.16,6.9,41.4,,215.8,30.4,100,60,60,207.8,123.5,95.5
2074,Colombo,Wet,Maha,5.37,0.195,12,145,2.28,260,27.4,100,40,20,229.7,93,30.8
2075,Batticaloa,Dry,Yala,7.11,0.196,13,115.7,1.24,73.4,30.7,100,40,20,229.8,85.8,35.2
2076,Kilinochchi,Dry,Yala,6.88,0.064,11,113.7,0.85,54.7,30.9,130,40,20,298.3,91.9,32.4
2077,Galle,Wet,Yala,5.68,0.145,11.7,64.4,2.66,365.1,27.8,120,40,40,250.7,82.9,65.8
2078,Gampaha,Wet,Maha,5.13,0.185,11.7,83.9,2.96,387.9,27.3,100,40,40,215.8,87.6,66.2
2079,Kandy,Wet,Maha,5.21,0.105,6.6,79.7,2.18,,26.7,120,60,40,279.9,121.1,70.2
2080,Kilinochchi,Dry,Yala,7.21,,10.6,76.6,0.93,38,29.1,100,40,40,226.3,90.4,65.1
2081,Puttalam,Dry,Yala,5.66,0.183,11.7,46.1,1.1,55,31,100,40,60,202,88.1,105.9
2082,Ampara,Dry,Maha,5.84,0.1,10.8,93.8,0.71,266.2,27.3,120,40,40,243.9,88.6,67.9
2083,Vavuniya,Dry,Yala,6.07,0.058,14,64.1,0.76,70.6,30.4,130,40,40,281.1,81.1,67
2084,Badulla,Intermediate,Maha,5.54,0.128,11.8,124.3,1.13,129.8,26.5,120,40,20,276.9,83.2,32.4
2085,Hambantota,Dry,Yala,6.86,0.183,7.8,,1.33,36.1,30.6,100,60,40,218.7,122.1,64.1
2086,Mullaitivu,Dry,Maha,6.85,0.196,12.6,95.2,1.45,190.9,28.5,100,40,40,217.3,84.2,67.9
2087,Kilinochchi,Dry,Maha,6.01,0.153,8.6,40.9,0.68,127.2,31.1,100,60,60,204.5,132.9,99.2
2088,Nuwara Eliya,Wet,Yala,5.55,0.068,9.4,,1.95,236.8,26,130,60,20,289.2,131.7,35.4
2089,Gampaha,Wet,Maha,5.34,0.193,9.9,68.6,2.34,258.9,28,100,60,40,227.9,132.6,66.6
2090,Gampaha,Wet,Maha,4.62,0.074,6.7,109.6,2.84,214.1,25.9,130,60,20,277.5,131.4,33.4
2091,Matara,Wet,Maha,4.99,0.194,10.9,142.9,2.77,394.8,25.4,100,40,20,226.4,84,32.9
2092,Trincomalee,Dry,Maha,6.55,0.176,,94.2,1.44,216.7,29.9,100,40,40,232.5,83.7,69.6
2093,Kalutara,Wet,Maha,5.78,0.085,11.2,146,1.83,320.4,24,130,40,20,270,82.3,32.9
2094,Trincomalee,Dry,Maha,7.26,0.136,14.2,69.7,0.67,206.5,30.5,120,40,40,261.8,91.6,64.4
2095,Ratnapura,Wet,Maha,5.76,0.171,5.6,104.4,2.19,384.3,27.8,100,60,20,210.5,132.7,35.1
2096,Gampaha,Wet,Maha,4.52,0.058,10.8,147.6,2.29,363.4,25.5,130,40,20,295,82.9,33.8
2097,Mullaitivu,Dry,Yala,5.52,0.086,14.1,63.8,0.92,21.3,29.1,130,40,40,285.9,82.8,67.6
2098,Monaragala,Intermediate,Yala,6.41,0.13,9.4,67.9,1.94,108.6,28.3,120,60,40,266.2,137.7,67.8
2099,Kalutara,Wet,Maha,4.86,0.198,6,77.1,2.92,272.4,24.4,100,60,40,227.1,135.1,68.9
2100,Ratnapura,Wet,Maha,5.36,0.109,9.5,80,2.06,254.9,26.2,120,60,40,256.8,133.5,64.8
2101,Polonnaruwa,Dry,Yala,5.91,0.065,6.8,51.5,1.32,34.2,30.1,130,60,60,300.2,128.6,93
2102,Hambantota,Dry,Yala,6.77,0.052,14.8,106.5,0.83,50.4,30.3,130,40,20,284,83.9,34.9
2103,Batticaloa,Dry,Yala,6.38,0.075,13.3,109.3,1.5,37.7,30.4,130,40,20,268.1,93.3,31.4
2104,Nuwara Eliya,Wet,Maha,,0.174,11.7,93.2,1.84,329,24.1,100,40,40,223.8,90.9,68.9
2105,Ratnapura,Wet,Maha,5.77,,,77.7,2.89,245.1,,120,60,40,272.4,126.5,62.5
2106,Monaragala,Intermediate,Maha,6.31,0.166,7.2,119.3,1.01,106.9,29.3,100,60,20,211.4,137.2,32.7
2107,Ratnapura,Wet,Maha,5.55,0.188,10.4,137.9,2.16,375.1,27.4,100,40,20,229,90.4,31.1
2108,Hambantota,Dry,Maha,5.8,0.066,11,114.1,1.45,239.1,31.7,130,40,20,299.8,84.4,33.4
2109,Matara,Wet,Yala,5.01,0.199,,93,2.22,238.8,27.2,100,60,40,210.1,129,68.2
2110,Nuwara Eliya,Wet,Yala,4.52,0.152,5.4,119.4,,319.2,25.2,100,60,20,233.2,124.3,31.7
2111,Kurunegala,Intermediate,Yala,5.94,0.139,14.6,98.8,1.78,181.7,26.1,120,40,40,246.8,81.9,65.4
2112,Gampaha,Wet,Maha,4.62,0.15,,123.9,2.3,318.4,27.4,100,60,20,207.7,134.8,35.4
2113,Galle,Wet,Yala,5.03,0.102,10.8,119.3,1.79,381.1,25,120,40,20,248.5,84,33
2114,Vavuniya,Dry,Maha,6.21,0.132,6.1,63.8,0.84,237.4,29.5,120,60,40,276.3,136.7,69.7
2115,Puttalam,Dry,Yala,6.83,0.106,14.7,85.8,1.19,73.4,27.1,120,40,40,266.9,93.5,71
2116,Kandy,Wet,Yala,5.36,0.07,11.4,76.3,2.14,335.3,25.9,130,40,40,267.9,81.5,71.4
2117,Matara,Wet,Maha,4.63,0.086,6,131.2,2.15,226.3,24.4,130,60,20,280.1,129.9,35.3
2118,Batticaloa,Dry,Yala,5.52,0.106,6.4,86.6,0.57,82.2,29.3,120,60,40,265.4,136.3,64.9
2119,Matara,Wet,Maha,5.39,0.175,10.6,114.9,1.77,211.1,26.8,100,40,20,203.8,90.8,35.6
2120,Vavuniya,Dry,Maha,6.23,0.059,7.3,,0.97,124.3,29.8,130,60,20,298.8,135.5,34.9
2121,Colombo,Wet,Yala,4.55,0.082,11.5,134.1,1.66,262.7,25.5,130,40,20,295.5,85,35
2122,Monaragala,Intermediate,Yala,6.52,0.1,18.4,88.7,1.89,193.1,28.9,120,20,40,261.1,43.2,61.8
2123,Ampara,Dry,Maha,6.14,0.111,7,60.6,1.17,152.5,31.4,120,60,40,279.2,132.3,71.2
2124,Ratnapura,Wet,Yala,5.38,,11.7,142.8,1.58,216.6,27.7,130,40,20,279.1,93.2,34.7
2125,Galle,Wet,Maha,4.72,0.164,7.4,137.6,2.25,285.5,27.6,100,60,20,233.2,127,34.6
2126,Kegalle,Intermediate,Maha,5.72,0.087,7.3,108.5,1.91,176.2,29.5,130,60,20,289.7,138.7,31.2
2127,Gampaha,Wet,Yala,5.79,,11.3,143.9,2.77,258.8,25.7,130,40,20,288.3,84,32
2128,Polonnaruwa,Dry,Yala,6.63,0.055,5.4,67.5,0.54,84.5,28.2,130,60,40,268.4,140,71.3
2129,Mannar,Dry,Yala,7.18,0.111,12.4,41.5,1.2,,31.3,120,40,60,275.8,89.2,100
2130,Ampara,Dry,Yala,6.66,0.192,8.2,100,1.4,61.1,31,100,60,20,215,129.7,32.8
2131,Gampaha,Wet,Yala,5.7,0.114,9.4,89.5,1.75,361.5,,120,60,40,247.7,132.6,70.1
2132,Hambantota,Dry,Yala,7.26,0.117,13.9,73.7,0.89,33.8,27.8,120,40,40,241.8,84,62.6
2133,Ampara,Dry,Yala,6.11,0.156,9.7,96,1.17,41.8,27.4,100,60,40,219.3,126,65.9
2134,Matara,Wet,Maha,5.57,0.136,9.3,145.9,2.15,224,26.5,120,60,20,262,122.8,32.7
2135,Colombo,Wet,Yala,4.58,0.177,6.8,147.9,2.06,307.1,24.1,100,60,20,224.6,122.9,32.6
2136,Matara,Wet,Maha,5.07,0.094,11.7,141,2.87,284.3,27.8,130,40,20,299.1,85,32.3
2137,Hambantota,Dry,Yala,5.68,0.168,7.8,103.8,1.3,22.2,27.9,100,60,20,203.7,135.5,31.9
2138,Galle,Wet,Maha,,0.059,11.2,75.1,2.69,388.3,27.5,130,40,40,292.4,88.4,63.4
2139,Batticaloa,Dry,Yala,5.91,0.087,,116.2,1.28,72.7,28.9,130,40,20,269.3,81.8,34
2140,Vavuniya,Dry,Yala,6.18,0.055,12.9,69.9,1.19,42.2,28,130,40,40,297.8,91.6,70.9
2141,Polonnaruwa,Dry,Maha,6.74,0.127,6.8,56.5,1.12,272.4,29.6,120,60,60,273.4,132.4,100.1
2142,Anuradhapura,Dry,Maha,5.51,0.196,,42.9,0.65,277.1,27.4,100,40,60,218.7,93,97
2143,Monaragala,Intermediate,Yala,5.76,0.191,19.8,104.2,1.24,117.6,27.2,100,20,20,224.3,44.6,31.6
2144,Kegalle,Intermediate,Yala,6.32,0.112,16.7,86.7,1.51,102.4,26.8,120,20,40,253.6,41.4,70
2145,Hambantota,Dry,Maha,7.49,0.064,10.5,119.4,0.99,236.3,,130,40,20,281.4,86.7,35.7
2146,Monaragala,Intermediate,Yala,5.76,0.107,,64.2,1.24,225.5,28.3,120,40,40,273.5,88.9,65.2
2147,Hambantota,Dry,Maha,7.32,0.123,14.8,48.1,1.06,201.1,31.5,120,40,60,259.3,80.8,96.9
2148,Mullaitivu,Dry,Yala,,0.099,5.8,69.1,1.27,61.3,30.8,130,60,40,276.6,120.9,67.7
2149,Trincomalee,Dry,Yala,7.21,0.141,8,110.1,1.1,52.1,30.6,120,60,20,260.7,123.2,34.7
2150,Kandy,Wet,Yala,5.71,0.1,10.4,83.6,1.68,239.3,25.5,120,40,40,273.7,83.8,66.3
2151,Anuradhapura,Dry,Yala,6.81,0.119,13,114.3,1.37,99.5,29.6,120,40,20,254.5,86.1,33.9
2152,Trincomalee,Dry,Maha,7.36,0.128,6,64.9,0.65,224.2,27.8,120,60,40,248.1,130.2,68.9
2153,Ampara,Dry,Yala,7.27,,7.2,71.4,1.16,45.9,30.9,100,60,40,224.3,123.3,71.3
2154,Kegalle,Intermediate,Yala,5.21,0.116,5.1,83.6,1.19,126,29.6,120,60,40,273.7,133.8,63.3
2155,Batticaloa,Dry,Yala,5.78,0.139,,40.8,0.89,29.4,30,120,60,60,245.3,132.3,107.5
2156,Anuradhapura,Dry,Yala,7.32,0.165,5.4,100.8,,84.5,29.9,100,60,20,208.9,126.4,32.8
2157,Kegalle,Intermediate,Maha,5.5,0.14,13.7,82.7,1.48,222.5,28.6,120,40,40,246.9,80.7,68.9
2158,Matale,Intermediate,Yala,6.46,0.153,13.6,77.5,1.28,245.8,26.9,100,40,40,212.4,81.5,67.4
2159,Batticaloa,Dry,Yala,5.73,0.2,13.3,76,1.23,93,30.5,100,40,40,215.8,85.6,66.6
2160,Badulla,Intermediate,Maha,6.08,0.149,10.9,109.9,1.63,154,27.1,120,40,20,270.6,82.5,34.3
2161,Colombo,Wet,Yala,5.74,0.166,6,139.5,2.89,220.9,,100,60,20,222.3,128,32.8
2162,Polonnaruwa,Dry,Maha,5.83,0.108,7.4,67.3,1.18,169.4,28.4,120,60,40,265.6,132.9,63
2163,Kilinochchi,Dry,Yala,7.03,0.15,,55.3,1.48,51.7,31.9,100,40,60,212.6,87.6,99.8
2164,Anuradhapura,Dry,Maha,6.12,0.131,11.6,103.7,,125.2,28.1,120,40,20,274.3,83.5,33.4
2165,Kegalle,Intermediate,Maha,5.63,0.167,6.6,125.2,1.62,188.3,27.3,100,60,20,216.5,127.3,31.8
2166,Colombo,Wet,Maha,5.61,0.114,5.3,111.7,2.2,231.5,25.8,120,60,20,279.6,132.6,35.5
2167,Matara,Wet,Maha,5.08,0.186,10.7,134.3,1.58,350.5,27.6,100,40,20,221.8,91.7,31.9
2168,Badulla,Intermediate,Yala,6.45,0.065,19.3,95.5,1.09,180.7,27.4,130,20,40,266.8,45.2,65.8
2169,Kurunegala,Intermediate,Maha,5.53,0.138,10.3,50.4,1.71,155.2,27.1,120,40,60,267.8,87.7,94.8
2170,Kalutara,Wet,Yala,5.19,0.177,9.2,,2.39,208,25.2,100,60,20,211.7,127.7,33.5
2171,Nuwara Eliya,Wet,Maha,5.8,,5.2,94.4,1.77,291.5,26.8,130,60,40,290.5,127.8,64.8
2172,Matale,Intermediate,Yala,6.6,0.124,,122.6,1.01,139.7,27.7,120,40,20,244.1,92,33.2
2173,Kalutara,Wet,Maha,5.67,0.162,11.2,141.2,2.15,,25.4,100,40,20,206.8,81,31.9
2174,Batticaloa,Dry,Yala,7.39,0.187,6.4,58.3,1.49,87.4,30.2,100,60,60,229,139.9,93.3
2175,Anuradhapura,Dry,Yala,6.82,0.176,12.5,117.9,0.93,44.3,27.7,100,40,20,208.5,89.1,34.7
2176,Matale,Intermediate,Maha,6.03,0.156,7,58.9,1.7,232.4,28.7,100,60,60,228.4,133.9,102.1
2177,Galle,Wet,Yala,5.21,,5.2,94.2,1.9,295.7,24.5,120,60,40,252.3,121.4,65.1
2178,Ampara,Dry,Yala,7.46,0.185,11.1,63.9,0.69,92.9,27.5,100,40,40,222.1,88.4,62.2
2179,Kegalle,Intermediate,Yala,6.13,0.107,19.4,51.8,1.19,111,29.9,120,20,60,268.5,43.4,105.5
2180,Kalutara,Wet,Maha,5.16,0.141,7.1,142,1.82,313.8,24.2,120,60,20,261.4,122.7,31.7
2181,Monaragala,Intermediate,Maha,5.86,0.193,7.3,113.2,1.99,231.1,27.4,100,60,20,211.1,126.1,35.5
2182,Gampaha,Wet,Maha,5.08,0.184,6.1,75.9,2.07,314.6,24.7,100,60,40,208,138,66.5
2183,Trincomalee,Dry,Maha,5.69,0.129,10.1,80.7,1.42,128.6,30.8,120,40,40,242.6,87.7,65.1
2184,Kegalle,Intermediate,Yala,6.45,0.185,8.6,57.8,1.31,185.8,28.8,100,60,60,211,128.7,103.6
2185,Puttalam,Dry,Maha,7.34,0.112,12.4,42.3,1.09,268.6,27,120,40,60,266.9,81.4,105.7
2186,Kegalle,Intermediate,Maha,5.74,0.051,17.9,73,1.22,184.1,27.6,130,20,40,301.2,44.9,65.4
2187,Kurunegala,Intermediate,Maha,6.53,0.084,7.7,73.4,1.81,180.6,27.7,130,60,40,298.3,134.4,65.8
2188,Mullaitivu,Dry,Yala,6.37,,5.9,70.8,0.56,45.2,28.2,100,60,40,226.1,132.6,66
2189,Jaffna,Dry,Maha,6.02,0.096,7.5,54.1,0.6,142,31.7,130,60,60,294.8,130.6,106.3
2190,Polonnaruwa,Dry,Maha,7.3,0.052,9.9,74.2,1.21,125.6,,130,60,40,289.6,129.1,68.6
2191,Ratnapura,Wet,Maha,4.93,0.058,8.9,111.5,2.75,,26.4,130,60,20,272.4,132.2,32
2192,Kilinochchi,Dry,Maha,5.88,0.052,9.4,93.9,1.23,207.6,29.9,130,60,40,299.9,125.2,63.5
2193,Kilinochchi,Dry,Maha,5.97,0.115,15,70.2,1.14,256.3,31.3,120,20,40,267.6,46.4,64
2194,Matale,Intermediate,Yala,5.97,0.163,13.5,91,1.86,245.1,,100,40,40,219.4,88.2,64.3
2195,Kurunegala,Intermediate,Yala,6.71,0.167,7,52.4,1.56,139.3,26.9,100,60,60,204.7,126.7,96
2196,Puttalam,Dry,Yala,6.52,0.157,5.1,55.5,1.47,64.5,28.3,100,60,60,215.7,129.4,102.4
2197,Jaffna,Dry,Maha,7.48,0.109,11.1,,1.13,224.8,31.5,120,40,40,259.3,91,62.9
2198,Badulla,Intermediate,Yala,,,15.9,64.3,1.54,209.8,30,120,20,40,275.2,41.3,65.6
2199,Nuwara Eliya,Wet,Yala,5.09,0.149,6.3,136.5,2.27,337,26.8,120,60,20,262.7,126.3,33.9
2200,Batticaloa,Dry,Yala,6.88,0.122,12.7,94.4,1.27,67.6,27.7,120,40,40,256.2,89.3,64.6
2201,Kilinochchi,Dry,Yala,5.89,0.076,9.3,69.9,0.9,31.4,28.8,130,60,40,302.8,126.8,62.4
2202,Mannar,Dry,Maha,5.86,0.124,14,105.4,,274.6,31.9,120,40,20,245.7,90.8,31.2
2203,Puttalam,Dry,Yala,6.25,0.139,12.6,69.7,0.57,87.1,31.2,120,40,40,257.9,82.2,63
2204,Anuradhapura,Dry,Maha,5.83,0.101,5.5,64.4,1.47,154.6,30.6,120,60,40,243,135.5,70.1
2205,Mullaitivu,Dry,Yala,6.28,0.1,14.9,90.6,0.7,88.1,,120,40,40,270.3,81.4,68.3
2206,Gampaha,Wet,Maha,4.5,0.115,,72.8,2.19,251.7,27.3,120,60,40,277.3,120.9,62.3
2207,Polonnaruwa,Dry,Yala,7.36,0.114,5.4,112.1,1,91.8,30.5,120,60,20,252.3,138.2,32.8
2208,Kalutara,Wet,Yala,5.82,0.136,10.5,136.9,1.73,359.5,26.9,120,40,20,274.9,88.1,32.2
2209,Badulla,Intermediate,Yala,5.84,0.083,5.3,103,1.66,219.8,27.1,130,60,20,273.8,127.5,33.7
2210,Kandy,Wet,Yala,5.11,0.165,8.6,112.5,1.78,231,26.9,100,60,20,230.8,125.2,33.4
2211,Galle,Wet,Maha,5.09,0.192,6.2,86.2,,265.2,24.6,100,60,40,225.7,132.7,66.5
2212,Ampara,Dry,Maha,5.95,0.122,6.4,97.4,0.68,256.3,30.1,120,60,40,272.8,130.6,64.8
2213,Galle,Wet,Maha,5.54,0.193,9.7,114.1,2.8,204.8,25,100,60,20,201.7,140,31.5
2214,Kandy,Wet,Yala,4.78,0.104,5.9,139.8,2.93,346.5,27.7,120,60,20,279,139.9,34.5
2215,Polonnaruwa,Dry,Yala,7.05,0.161,13.9,42.9,1.3,88.5,30.9,100,40,60,224.8,88.8,105.7
2216,Ampara,Dry,Maha,7.02,0.108,14.7,74.4,0.52,183.9,30.5,120,40,40,253.3,86.3,71.1
2217,Mannar,Dry,Yala,6.64,0.129,5.8,67.3,0.6,66.2,28.8,120,60,40,273.8,130.2,62.3
2218,Anuradhapura,Dry,Maha,6.27,0.053,12.6,51.9,1.12,126.8,27.5,130,40,60,273.3,89.4,103.6
2219,Batticaloa,Dry,Maha,7.41,0.132,10.8,114.6,0.84,168.8,30.8,120,40,20,275.5,81.8,34.4
2220,Mannar,Dry,Yala,6.03,0.116,12.7,94.7,0.62,48.7,31.3,120,40,40,245.7,84.8,71.2
2221,Mannar,Dry,Yala,6.97,0.156,11.6,44.9,1.49,49.7,31.6,100,40,60,224,81.5,96.3
2222,Mullaitivu,Dry,Maha,6.99,0.15,6.5,93.1,0.79,261.9,30.3,100,60,40,218.7,122.1,69.1
2223,Batticaloa,Dry,Maha,,0.193,9.9,85.3,1.05,215.8,29,100,60,40,204.2,124.5,62.2
2224,Colombo,Wet,Maha,5.17,0.114,8,139.3,2.35,293.4,25.7,120,60,20,250.8,130.1,34
2225,Trincomalee,Dry,Maha,6.51,0.054,12.6,107,1.35,273,31.6,130,40,20,261.9,90.7,32.6
2226,Badulla,Intermediate,Yala,6.36,0.104,12.6,113.2,1.62,199,29.1,120,40,20,259.7,86.8,34.6
2227,Galle,Wet,Maha,5.2,0.168,9.6,145.3,2.27,285,26.8,100,60,20,210.9,127.2,35.1
2228,Batticaloa,Dry,Maha,5.88,0.095,14.6,75,0.72,251.5,27.9,130,40,40,286.8,81.5,65.3
2229,Kurunegala,Intermediate,Maha,6.63,0.183,8.3,96.1,1.13,115.8,26.1,100,60,40,210.8,131.4,67
2230,Trincomalee,Dry,Yala,6.62,0.131,6.9,115.6,0.82,80.6,28.6,120,60,20,253.1,125.9,31.4
2231,Kegalle,Intermediate,Maha,6.44,0.12,16.5,96.3,1.34,229.1,29.6,120,20,40,270.4,44.2,65.9
2232,Mullaitivu,Dry,Yala,7.35,0.153,8.8,42.9,1.38,78.8,27.4,100,60,60,202.7,139.7,97.9
2233,Mannar,Dry,Yala,5.9,0.109,14,82.5,0.92,26.1,29.3,120,40,40,276.7,81.9,63.5
2234,Matara,Wet,Yala,5.49,0.146,9.8,97.1,1.63,252.9,24.2,120,60,40,274.7,124.8,70.6
2235,Badulla,Intermediate,Maha,6.37,0.125,13.5,107.6,1.52,175.2,27.9,120,40,20,267.5,86.6,31.5
2236,Anuradhapura,Dry,Yala,6.35,0.155,9.9,,0.94,25.1,31.1,100,60,20,220.4,139.6,34
2237,Mullaitivu,Dry,Maha,6.99,0.179,8.6,,0.86,177.9,,100,60,20,230.2,135.7,35.2
2238,Ratnapura,Wet,Maha,5.54,0.119,8.8,99.4,1.64,385.3,24.5,120,60,40,248.6,138.2,70.8
2239,Ratnapura,Wet,Maha,5.92,0.189,,70,2.95,319.7,26.1,100,60,40,203.7,127.1,69.6
2240,Kalutara,Wet,Yala,4.59,0.153,,82.6,,376.1,,100,60,40,208.9,140,63.5
2241,Mullaitivu,Dry,Yala,6.91,0.158,11.9,72.5,0.51,20.9,,100,40,40,227,81.8,69.9
2242,Mullaitivu,Dry,Yala,6.47,0.149,6.2,75.9,0.63,53.6,29.9,120,60,40,242.7,121.7,64.5
2243,Matale,Intermediate,Yala,6.68,0.071,,89.4,1.92,219.4,27,130,60,40,286.1,137.4,70.9
2244,Jaffna,Dry,Maha,7.16,0.15,6.9,41.7,0.77,202.2,27.6,100,60,60,233.6,138.8,103.1
2245,Anuradhapura,Dry,Maha,6.11,0.174,14.5,95.2,1.18,280.7,28.3,100,40,40,229,81.7,69.6
2246,Kalutara,Wet,Maha,5.53,0.141,,96,2.68,280.5,25.9,120,60,40,261.7,122.8,62.5
2247,Gampaha,Wet,Yala,4.82,0.199,10.8,94.3,2.67,364.8,26.6,100,40,40,203.2,80.9,67.5
2248,Mullaitivu,Dry,Yala,6.93,0.106,9.7,72.8,1.14,98.9,30,120,60,40,273.9,122.7,69.9
2249,Hambantota,Dry,Maha,6.36,0.11,6.5,112.8,1.04,230.8,31.4,120,60,20,264.8,124.7,35.1
2250,Badulla,Intermediate,Maha,5.57,0.159,19.7,87.8,1.21,176.5,27.1,100,20,40,204.8,46.6,62
2251,Galle,Wet,Maha,,0.079,9.7,136.6,2.2,,,130,60,20,265.4,133.7,35.5
2252,Hambantota,Dry,Maha,6.72,0.175,9.1,78.2,,178.1,27.4,100,60,40,230.8,135.8,62.1
2253,Matara,Wet,Maha,5.59,0.167,,147.3,2,275.7,,100,60,20,222.9,135.8,33.9
2254,Anuradhapura,Dry,Maha,6.83,0.164,12.5,100.1,1.48,193.6,30.5,100,40,20,228.1,87.5,34.3
2255,Hambantota,Dry,Maha,,0.187,13.4,84.8,1.44,,31.6,100,40,40,229.8,90.9,62.8
2256,Galle,Wet,Yala,4.66,0.173,10.6,140.1,2.58,335.8,27.9,100,40,20,219.7,88.3,31
2257,Anuradhapura,Dry,Maha,5.93,0.117,14.3,52.2,0.69,211.3,31.9,120,40,60,261.6,84.6,104.3
2258,Trincomalee,Dry,Maha,6.98,0.051,10.1,107.6,0.56,211.6,29,130,40,20,279.7,87.8,32.7
2259,Nuwara Eliya,Wet,Yala,5.11,0.144,10,,2.44,367.1,25.4,120,40,20,253.7,87.4,31.3
2260,Mullaitivu,Dry,Maha,6.3,0.105,8.1,106.2,0.99,192.6,28,120,60,20,258.3,136.7,34.6
2261,Puttalam,Dry,Yala,6.69,0.15,9.1,73.1,0.69,21,27.7,100,60,40,226.3,139.8,70.2
2262,Badulla,Intermediate,Maha,6.38,0.187,12.9,53.7,1.39,,29.5,100,40,60,220.7,85.8,101.3
2263,Kalutara,Wet,Maha,5.12,0.192,9.1,79.5,2.05,230.3,27.2,100,60,40,230.2,135.6,63.3
2264,Batticaloa,Dry,Maha,7.11,0.079,14.4,70.8,1.37,218,29.3,130,40,40,280.2,81.8,61.8
2265,Mannar,Dry,Yala,5.65,0.178,11.2,99.6,0.59,35.4,31.3,100,40,40,220.9,90.6,68.7
2266,Hambantota,Dry,Maha,7.27,0.064,14.7,69.7,1.14,167,,130,40,40,288.2,85.3,67.2
2267,Ampara,Dry,Yala,6.47,0.163,5.9,43.9,0.72,39.6,28.4,100,60,60,220.4,121.4,102.3
2268,Nuwara Eliya,Wet,Yala,5.13,0.17,9.3,,2.32,358.2,24.6,100,60,40,224,127.7,69.8
2269,Vavuniya,Dry,Yala,6.52,0.149,12,90.6,1.42,55.8,31.4,120,40,40,250.6,88.4,66
2270,Ratnapura,Wet,Maha,5.44,0.139,9.9,95.1,2.4,279.4,24.4,120,60,40,261.4,123,62.9
2271,Jaffna,Dry,Maha,7.32,0.17,6.7,83.4,0.99,188,30.9,100,60,40,204.5,138.7,71.1
2272,Nuwara Eliya,Wet,Maha,4.63,0.118,5.1,94.8,1.53,243.6,26.4,120,60,40,256.4,122.1,67.2
2273,Kilinochchi,Dry,Yala,5.73,0.085,6,83.6,1.05,84.7,28.4,130,60,40,282.1,138.8,67.9
2274,Ratnapura,Wet,Maha,4.94,0.071,7.2,92.7,2.94,283.9,25.5,130,60,40,289.1,134.5,71
2275,Kalutara,Wet,Maha,5.03,0.19,9.9,120.4,1.89,274.1,26.5,100,60,20,232.1,127.1,35.5
2276,Kegalle,Intermediate,Yala,6.2,0.109,19.8,93.1,1.39,173.7,28.7,120,20,40,264.8,42.8,67.4
2277,Mannar,Dry,Maha,6.8,0.109,7.4,,1.44,245.3,28.9,120,60,40,270.4,135.1,64.7
2278,Galle,Wet,Maha,4.59,0.085,5,129.4,2.3,278.6,27.7,130,60,20,282.9,132.4,35.8
2279,Monaragala,Intermediate,Maha,5.48,0.114,12.1,128.8,1.19,213.3,29.1,120,40,20,266.1,89.2,34.2
2280,Kurunegala,Intermediate,Yala,5.29,0.111,7.3,109.6,1.57,162.2,26.8,120,60,20,244.1,128.2,32.8
2281,Trincomalee,Dry,Maha,7.4,0.186,9.1,104,0.94,136.7,29.1,100,60,20,209.4,130.2,33.6
2282,Vavuniya,Dry,Yala,7.5,0.11,8.6,82.7,0.65,67.1,27.1,120,60,40,255.5,140,65.9
2283,Nuwara Eliya,Wet,Maha,5,0.077,7.4,67.1,1.55,231.7,25.9,130,60,40,281.4,124.8,70.6
2284,Badulla,Intermediate,Yala,6.45,,12.5,95,1.03,,26.7,100,40,40,202.6,85.9,66.5
2285,Batticaloa,Dry,Yala,,0.167,7.3,,1.41,84.7,28.4,100,60,20,205.7,126.3,34.9
2286,Batticaloa,Dry,Maha,6.58,0.131,11.1,49,0.66,291.6,30.9,120,40,60,252.2,90.5,105.1
2287,Nuwara Eliya,Wet,Yala,,0.08,11.8,127.4,,252.9,27.8,130,40,20,302.6,90.4,34.9
2288,Polonnaruwa,Dry,Maha,5.55,0.092,6.6,88.9,,269.5,31.9,130,60,40,275.5,126.3,68.9
2289,Matara,Wet,Maha,6,0.105,9.2,61.3,2.26,380.1,24.8,120,60,40,260.2,122.2,70.3
2290,Hambantota,Dry,Maha,6.44,0.174,11.1,85.6,1.28,267.4,31.5,100,40,40,207.5,80.6,65.6
2291,Monaragala,Intermediate,Maha,5.75,,15.9,109.3,1.71,220,26,120,20,20,265.2,43,31.4
2292,Kurunegala,Intermediate,Yala,5.35,0.191,11.9,67.4,1.48,236.6,26.7,100,40,40,210.2,85.8,70.1
2293,Batticaloa,Dry,Yala,7.27,0.059,7.3,86.6,0.81,22.1,31.2,130,60,40,270.2,140,66.7
2294,Ratnapura,Wet,Yala,5.49,0.181,10,134.5,2.91,375.8,27.1,100,40,20,217.9,86.6,31.4
2295,Galle,Wet,Yala,5.77,0.134,6.5,132.2,2.49,372.7,24.2,120,60,20,241.5,125.6,31.4
2296,Kalutara,Wet,Yala,5.78,0.079,11.1,133.7,2.45,272.2,27.3,130,40,20,261.7,92.1,31.6
2297,Kilinochchi,Dry,Yala,7.06,0.129,9.8,83.1,0.91,,27.8,120,60,40,249.9,130.2,69.2
2298,Puttalam,Dry,Yala,6.3,0.071,5,86.7,0.83,46.9,28.3,130,60,40,263,132.3,68.8
2299,Puttalam,Dry,Yala,7.09,0.068,7.9,72,0.91,42.3,27.5,130,60,40,266,122.5,63.7
2300,Mullaitivu,Dry,Maha,7.15,0.065,,116.4,0.99,196.5,32,130,40,20,275.8,85.5,35
2301,Batticaloa,Dry,Maha,7.27,0.162,10.3,81.6,0.64,274,31.9,100,40,40,227.3,92.8,64.5
2302,Kilinochchi,Dry,Yala,,0.105,7.4,66.2,0.97,73.7,27.1,120,60,40,263.7,132.2,69.6
2303,Trincomalee,Dry,Yala,7.08,0.076,10.6,73.9,1.08,,30.1,130,40,40,283.1,85,66.6
2304,Kandy,Wet,Yala,4.81,0.06,9.6,117,1.98,258.5,27.6,130,60,20,273.8,132.9,34.5
2305,Trincomalee,Dry,Maha,6.38,0.096,6.9,97,1.11,295.8,30.1,130,60,40,300.9,138.4,65.5
2306,Mullaitivu,Dry,Maha,5.79,0.065,13.6,54.2,1.32,240.4,,130,40,60,278.2,84.1,97.7
2307,Vavuniya,Dry,Maha,6.85,0.187,12.2,76.6,0.58,270.1,31.1,100,40,40,203.9,87.1,70.1
2308,Vavuniya,Dry,Yala,7.27,0.067,14,62,0.99,69.3,31.7,130,40,40,287.6,93,62.1
2309,Nuwara Eliya,Wet,Yala,5.89,0.152,5.9,136.7,2.19,387.3,27.4,100,60,20,204.8,124,35.7
2310,Ratnapura,Wet,Yala,5.43,0.086,8.5,145.5,2.71,206.1,27.1,130,60,20,276,134.7,34
2311,Polonnaruwa,Dry,Maha,5.83,0.191,12.4,56.4,0.52,216.9,28.3,100,40,60,217.6,88.5,99
2312,Polonnaruwa,Dry,Yala,5.97,0.059,12.8,80.6,0.55,33,29.8,130,40,40,298.5,89.3,68
2313,Mullaitivu,Dry,Maha,7.48,0.195,6.3,53.7,1.25,138.4,27.7,100,60,60,217.2,127.5,94.3
2314,Jaffna,Dry,Yala,7,0.194,10.4,105.6,1.17,94.3,30,100,40,20,224,84.6,33.4
2315,Matara,Wet,Yala,,0.062,9.5,104.7,2.58,297,26.1,130,60,20,303.5,134,35.7
2316,Galle,Wet,Yala,5.51,0.123,6.8,103,2.85,368.3,27.5,120,60,20,246.5,124.8,32
2317,Badulla,Intermediate,Maha,6.38,0.122,17,77.2,1.47,204.3,29.5,120,20,40,252.1,43,68.9
2318,Puttalam,Dry,Yala,6.59,0.177,5.9,44.1,1.3,77.4,29.2,100,60,60,214,124.3,99
2319,Kegalle,Intermediate,Yala,5.64,0.138,5.2,62.8,1.31,225.9,29,120,60,40,257.8,120.8,68.2
2320,Ratnapura,Wet,Maha,4.95,0.19,11.8,,,336,24.3,100,40,20,214.5,93.1,31.8
2321,Matara,Wet,Yala,4.57,0.111,5.2,96,2.69,222.4,26.5,120,60,40,276.9,129.1,66.4
2322,Kalutara,Wet,Maha,5.28,0.076,6.9,84.2,2.66,245.4,27,130,60,40,291.7,139.6,71.5
2323,Matara,Wet,Maha,4.77,0.174,10.6,95.5,2.67,254.2,,100,40,40,220.9,82.3,63.7
2324,Galle,Wet,Maha,5.09,0.173,5.7,89.3,2,231.7,27.1,100,60,40,211.2,132.1,68.1
2325,Kegalle,Intermediate,Maha,5.54,0.08,13.6,68.1,1.34,178.1,,130,40,40,296.3,83.1,67.5
2326,Puttalam,Dry,Yala,5.56,0.143,12,72.3,0.98,,31.8,120,40,40,278.7,90.8,67.4
2327,Badulla,Intermediate,Yala,5.49,0.06,11.9,56.4,1.25,199.4,28.6,130,40,60,296.2,90.7,101.7
2328,Batticaloa,Dry,Yala,6.56,0.187,14.8,66.9,1.09,33.6,27.5,100,40,40,201.1,81.9,66.7
2329,Matale,Intermediate,Yala,6.75,0.067,11.1,69.2,1.59,,28,130,40,40,288.4,92.4,61.9
2330,Monaragala,Intermediate,Yala,6.5,0.079,19.7,73.7,1.09,197.8,29,130,20,40,263.6,41.5,70.7
2331,Anuradhapura,Dry,Yala,7.46,0.156,5.9,105.6,1.05,49.4,30.7,100,60,20,209.5,132.6,34.9
2332,Colombo,Wet,Yala,5.86,0.084,8.9,100.4,2.42,383.3,26.5,130,60,20,263.9,139.9,31.7
2333,Batticaloa,Dry,Maha,7.35,0.067,8.5,103.6,1.23,244.8,31.4,130,60,20,287,137.9,32.9
2334,Colombo,Wet,Maha,5.2,0.165,8.4,101.8,2.37,216.2,26.3,100,60,20,223.5,139.3,34.7
2335,Kilinochchi,Dry,Yala,6.43,0.112,6.3,95,1.2,98.1,29.9,120,60,40,245.8,127.3,71.5
2336,Matale,Intermediate,Yala,6.49,,15.1,112,1.27,196,26.9,100,20,20,213.6,40.9,35.6
2337,Vavuniya,Dry,Maha,5.51,0.122,13,75,1.18,281.8,30.1,120,40,40,259.2,82.9,70.7
2338,Kandy,Wet,Maha,5.37,0.096,9.4,,2.07,302.8,24.7,130,60,20,277,130.4,31.6
2339,Mullaitivu,Dry,Maha,6.79,0.132,6.2,82.5,0.97,183.2,30.6,120,60,40,246.1,136.1,70.8
2340,Galle,Wet,Yala,5.43,0.125,7.7,90.4,2.66,207.5,25.6,120,60,40,257.7,123.6,70.5
2341,Ratnapura,Wet,Maha,4.74,0.165,9.8,72.3,2.33,296.9,25.1,100,60,40,225.6,133.5,65.5
2342,Ampara,Dry,Maha,6.84,0.152,10.3,81.7,1.12,149.9,,100,40,40,203.4,84.7,65.6
2343,Vavuniya,Dry,Yala,6.42,0.105,13.5,46.5,1.48,26.2,28.1,120,40,60,244.5,84.9,99.4
2344,Mullaitivu,Dry,Yala,6.28,0.12,14.3,52.3,0.61,49,30.4,120,40,60,255.2,89.1,102.3
2345,Ampara,Dry,Maha,7.01,0.169,13.3,64.9,0.8,,28.5,100,40,40,231.8,86.6,64.3
2346,Kegalle,Intermediate,Maha,6.07,0.122,15.9,107,1.02,154.1,28.7,120,20,20,267.5,45.5,30.9
2347,Jaffna,Dry,Maha,7.39,0.096,,43.7,1.48,,,130,40,60,290.2,82.5,94.6
2348,Nuwara Eliya,Wet,Maha,5.38,0.112,11,85,1.59,350.1,24.7,120,40,40,255.5,90.8,66.1
2349,Badulla,Intermediate,Maha,5.72,0.113,10.7,97.8,1.63,230.3,29.6,120,40,40,264.6,81.3,64.5
2350,Monaragala,Intermediate,Maha,6.51,0.171,15.4,106.7,,199.1,29.2,100,20,20,201.4,41.5,34.6
2351,Kandy,Wet,Yala,5.39,0.159,8.8,125.7,2.06,,28,100,60,20,221.8,133.5,31.3
2352,Jaffna,Dry,Yala,6.05,0.078,11.1,63,0.67,57.2,30.5,130,40,40,300.1,91.6,70.9
2353,Vavuniya,Dry,Yala,6.85,0.189,12.4,112.7,1.24,,30.6,100,40,20,221.1,83.8,35.3
2354,Colombo,Wet,Yala,5.07,0.113,6.1,67.4,1.53,375.9,26.3,120,60,40,275.5,127,70.8
2355,Polonnaruwa,Dry,Yala,6.27,0.092,13.7,93.6,0.52,65.8,27.5,130,40,40,292.1,87.5,69.1
2356,Kegalle,Intermediate,Yala,6.75,0.08,10.2,53.5,1.56,107.5,28,130,40,60,266.5,83.2,94.1
2357,Jaffna,Dry,Maha,7.19,0.19,11.2,42,0.86,296.9,27.5,100,40,60,230.5,91.1,99.1
2358,Nuwara Eliya,Wet,Yala,4.93,0.131,8.3,125.6,2.27,239.5,24.5,120,60,20,243.9,135.8,31.5
2359,Mullaitivu,Dry,Maha,7.06,0.068,13.3,89.5,0.91,216.9,29.5,130,40,40,284,82.4,71.6
2360,Kurunegala,Intermediate,Yala,5.66,0.117,5.8,127.3,,201.1,28.3,120,60,20,246.9,129.7,32.5
2361,Polonnaruwa,Dry,Yala,5.87,0.144,13.9,104.3,0.74,34.2,29.5,120,40,20,241.8,90.6,33.7
2362,Monaragala,Intermediate,Maha,5.32,0.181,5.5,108.9,,205.9,27.8,100,60,20,214.9,127.2,34.7
2363,Monaragala,Intermediate,Yala,5.5,0.085,16.5,123.9,1.01,160.8,26.9,130,20,20,273.9,44.4,35.4
2364,Anuradhapura,Dry,Maha,6.91,0.103,6.1,60.9,1.02,232.5,30.3,120,60,40,260.4,121.6,69.3
2365,Anuradhapura,Dry,Yala,5.6,,8.1,50.9,1.29,74.8,30.6,100,60,60,219.9,132.5,102.6
2366,Monaragala,Intermediate,Maha,5.21,0.146,10.9,110.6,1.46,237.5,29.8,120,40,20,243,82.5,33.1
2367,Ratnapura,Wet,Maha,5.37,0.153,6,100.8,2.6,308.9,26,100,60,20,205.1,136.9,33.8
2368,Ampara,Dry,Yala,6.75,0.157,9.9,79.8,0.55,58.6,27.6,100,60,40,219.3,127.6,62.6
2369,Ratnapura,Wet,Maha,5.62,0.098,6.9,78.5,1.53,348.1,26.5,130,60,40,276,126.1,70.5
2370,Ampara,Dry,Yala,6.33,0.128,14.9,55.8,1.48,72.6,28.7,120,40,60,269.9,91.4,100.7
2371,Hambantota,Dry,Maha,5.67,0.15,8.2,87.6,0.53,131.9,29.9,100,60,40,222.4,121.6,62.1
2372,Kegalle,Intermediate,Maha,6.32,0.144,14,67.9,,149.8,28.8,120,40,40,274.4,85.7,70.9
2373,Puttalam,Dry,Maha,6,0.068,8.1,118.7,1.49,184.5,27.3,130,60,20,290.8,127.9,33.2
2374,Colombo,Wet,Maha,5.77,0.054,10.8,81.1,2.83,299.8,26.5,130,40,40,279.6,84.2,70.4
2375,Kilinochchi,Dry,Maha,7.06,0.158,7.1,67.4,0.71,245,28.2,100,60,40,223,138.5,70.3
2376,Vavuniya,Dry,Maha,5.98,,7.8,57.5,1.03,214.7,30.3,100,60,60,210.1,135.3,104.7
2377,Galle,Wet,Maha,4.64,0.159,11.8,142.9,2.7,300.7,25.3,100,40,20,211.1,81.3,31.1
2378,Matale,Intermediate,Yala,5.61,0.103,19.8,,1.41,175.1,29.8,120,20,40,272.2,44.9,64.2
2379,Kandy,Wet,Yala,4.86,0.149,8.8,,2.4,322.2,25.6,120,60,40,258.8,130.9,70.5
2380,Kurunegala,Intermediate,Yala,5.28,,8.5,85.9,1.68,243.2,26.4,120,60,40,272.6,138.2,70.7
2381,Trincomalee,Dry,Maha,7.37,0.112,5.9,101.3,0.68,158,31.8,120,60,20,273.5,126.7,33.1
2382,Jaffna,Dry,Maha,,0.058,7.5,79.4,0.91,140.8,27.1,130,60,40,297.8,131.9,66.1
2383,Vavuniya,Dry,Yala,7.39,0.081,10.4,53.9,1.42,64.7,29.3,130,40,60,300.3,87,95.1
2384,Nuwara Eliya,Wet,Maha,4.72,0.16,10.5,108.8,2.38,331.1,27.6,100,40,20,215.1,86.9,35.6
2385,Puttalam,Dry,Maha,7.27,0.154,12,65.7,0.83,,28,100,40,40,211.5,86.4,63.8
2386,Ratnapura,Wet,Yala,5.27,0.071,6,117.9,1.6,,26.3,130,60,20,286.1,124.6,31.8
2387,Kandy,Wet,Maha,4.96,0.109,5.2,75.7,1.9,290.6,25.3,120,60,40,255.9,135.4,68.3
2388,Ratnapura,Wet,Maha,5.49,0.182,8.8,86.9,2.86,338.5,28,100,60,40,220.7,129.4,64.1
2389,Colombo,Wet,Yala,5.75,0.187,7,66.4,1.75,252.5,27.7,100,60,40,224.1,139.4,71.1
2390,Kandy,Wet,Maha,5.92,0.076,11.6,77.9,2,384.9,26.1,130,40,40,290.6,83.9,61.8
2391,Hambantota,Dry,Maha,6.58,0.099,7.3,71.7,0.9,264.7,27.4,130,60,40,277.3,134,61.8
2392,Monaragala,Intermediate,Maha,5.27,0.2,8.3,95.2,1.32,179.7,28,100,60,40,206.5,139,66.7
2393,Kilinochchi,Dry,Yala,6.01,0.161,6.3,81,1.02,35.6,29.3,100,60,40,215.1,133.6,66.6
2394,Puttalam,Dry,Yala,5.73,0.105,7.5,,1.02,99.7,29.4,120,60,40,246.9,137.7,63.3
2395,Galle,Wet,Yala,5.06,0.199,7.9,147,2.1,393.3,25.9,100,60,20,230.1,136.8,33.3
2396,Nuwara Eliya,Wet,Yala,5.93,0.174,8.1,142,2.19,277.1,26.2,100,60,20,212.4,127.7,32.9
2397,Mannar,Dry,Yala,5.63,0.183,9.6,94.3,1.12,94,31.5,100,60,40,206.1,132.4,70.6
2398,Kalutara,Wet,Maha,4.83,0.084,8.6,90.2,2.43,372.8,25.6,130,60,40,262.5,123.7,61.8
2399,Mannar,Dry,Yala,,0.188,5.5,110.2,,62.4,28.8,100,60,20,222.2,131.1,35.7
2400,Kilinochchi,Dry,Yala,7.03,0.116,7.2,51.5,1.44,65.2,29.7,120,60,60,266.3,125.1,101.9
2401,Colombo,Wet,Yala,4.65,0.175,7,66,1.63,241,27.5,100,60,40,212.2,135.2,63.2
2402,Hambantota,Dry,Yala,6.32,0.075,14.9,83.5,1.49,38.8,29.9,130,40,40,264.4,87.4,62.2
2403,Vavuniya,Dry,Maha,6.58,0.139,12.2,99.5,,279.7,29.4,120,40,40,257.4,85.8,67.1
2404,Polonnaruwa,Dry,Maha,7.19,0.14,5,50.8,0.71,127.9,30.2,120,60,60,253.5,125.9,96
2405,Colombo,Wet,Maha,5.86,0.117,9,77.5,2.46,358.8,27.1,120,60,40,267.8,140.2,64.7
2406,Ampara,Dry,Yala,6.97,0.196,14,96.8,1.42,55.1,30.6,100,40,40,220.8,81.4,64.2
2407,Ratnapura,Wet,Maha,5.54,0.188,8.6,71.7,2.18,319.4,27.1,100,60,40,213,121.5,68.2
2408,Gampaha,Wet,Yala,5.21,0.168,8.6,141.1,2.17,368.1,25.4,100,60,20,208.2,124.9,33.6
2409,Jaffna,Dry,Maha,7.4,0.057,13.9,88,0.9,152.6,31.6,130,40,40,303.3,93.1,62.5
2410,Kegalle,Intermediate,Maha,5.86,0.127,15.8,104.6,1.03,181,28.9,120,20,20,259.1,46.6,33.4
2411,Jaffna,Dry,Yala,6.07,0.065,10.8,91.4,0.94,92.9,31.7,130,40,40,290.6,89,69.6
2412,Matara,Wet,Maha,5.46,0.175,11.8,87.4,2.31,217.8,24.1,100,40,40,205.7,92,62.5
2413,Monaragala,Intermediate,Maha,5.84,0.104,12.3,92,1.63,131.8,28.9,120,40,40,260.3,83.3,70.6
2414,Matara,Wet,Maha,5.14,0.081,11.9,115.2,2.46,203.7,27.7,130,40,20,262.6,93.2,33.7
2415,Mannar,Dry,Yala,5.73,0.153,9,57.9,0.96,76.1,31.8,100,60,60,217.6,123.4,106.8
2416,Kilinochchi,Dry,Yala,7.36,0.066,13.7,110.3,1.22,57.7,27.3,130,40,20,302.3,81.8,31.5
2417,Ratnapura,Wet,Yala,5.35,0.146,11.4,114.7,1.86,255.6,27,120,40,20,256.4,81.9,35.8
2418,Galle,Wet,Yala,4.98,0.12,5.2,,1.78,342.8,24.2,120,60,40,242.9,131.8,68.1
2419,Mannar,Dry,Maha,6.67,0.1,12.7,87.8,1.06,197.9,31.7,120,40,40,242.5,90.7,67.4
2420,Trincomalee,Dry,Maha,7.2,0.193,12.4,65.7,0.9,174.3,30,100,40,40,213.7,85.3,66.9
2421,Nuwara Eliya,Wet,Yala,5.47,0.125,6.3,109.7,2.87,201.6,26.2,120,60,20,247.6,139.7,30.9
2422,Batticaloa,Dry,Yala,6.06,0.127,14,101.5,1.13,60.4,28.6,120,40,20,242.2,86.1,35.5
2423,Kilinochchi,Dry,Yala,5.96,0.065,7.2,95.2,1.14,93.9,28.9,130,60,40,293.5,123.6,68.1
2424,Nuwara Eliya,Wet,Yala,5.35,0.197,5.4,66.6,2.71,372.7,26.8,100,60,40,216,129.7,62.6
2425,Kilinochchi,Dry,Maha,6.41,0.194,7.4,45.8,,233.6,29.5,100,60,60,210.5,133.9,92.8
2426,Kalutara,Wet,Yala,5.93,0.182,9.9,112.4,2.11,313,26.4,100,60,20,230.4,136.9,31.1
2427,Badulla,Intermediate,Maha,6.66,0.18,8.2,62.9,1.11,169.1,,100,60,40,204.9,129.6,67.8
2428,Colombo,Wet,Maha,5.17,0.122,5.9,93.5,2.96,354.4,24.4,120,60,40,278.7,132.2,67.8
2429,Kurunegala,Intermediate,Yala,5.9,0.094,19.4,117.5,,123.9,26.2,130,20,20,274.7,42,33.3
2430,Ratnapura,Wet,Yala,4.93,0.184,6,,1.71,230.4,26.5,100,60,20,230.1,133.3,32.3
2431,Jaffna,Dry,Maha,6.13,0.118,5.5,113.9,,224.6,30.5,120,60,20,264.9,139.9,33.5
2432,Puttalam,Dry,Maha,7.45,0.173,13.4,40.2,1.33,200.8,,100,40,60,228.1,81.1,100.2
2433,Mannar,Dry,Maha,6.98,0.09,6.4,112.7,0.7,263.5,27.4,130,60,20,303.1,138,30.9
2434,Gampaha,Wet,Yala,5.85,0.162,7,103.9,2.21,222.9,27.2,100,60,20,210.5,131.6,32.2
2435,Trincomalee,Dry,Yala,6.5,0.179,11.6,76.3,1.45,88.3,30.9,100,40,40,232.4,83.8,62.2
2436,Puttalam,Dry,Maha,7.48,0.156,14.8,86.3,0.83,140.9,30.9,100,40,40,213.8,92.9,70.7
2437,Jaffna,Dry,Yala,6.58,0.088,12.7,44.2,0.92,97,31.7,130,40,60,277.7,86.8,103.4
2438,Vavuniya,Dry,Yala,7.25,0.191,13.7,96.3,0.97,54.2,31.4,100,40,40,212.2,84.8,71.7
2439,Badulla,Intermediate,Yala,5.33,0.14,16.5,,1.33,155.3,29.8,120,20,40,262.5,41.4,64.7
2440,Matale,Intermediate,Yala,5.54,0.055,18.4,86.9,1.79,199,29.5,130,20,40,267.9,41.8,70.5
2441,Kandy,Wet,Yala,4.87,,11.1,87.8,2.72,,27.7,120,40,40,263,91.3,67.7
2442,Nuwara Eliya,Wet,Maha,,0.09,7.1,60.8,2.18,271.6,26.2,130,60,40,284.4,132.6,66.2
2443,Kilinochchi,Dry,Yala,6.87,0.127,12,105.3,,83,27.8,120,40,20,271.1,92.4,31.9
2444,Trincomalee,Dry,Maha,6.22,0.086,12.3,76.9,0.63,224.5,29.1,130,40,40,296.7,83.5,69.1
2445,Nuwara Eliya,Wet,Yala,5.21,0.188,11.9,124.3,2.3,237.8,25,100,40,20,215.5,82.1,35.3
2446,Mullaitivu,Dry,Yala,6.65,0.177,5.3,118.4,0.76,100,27.8,100,60,20,211,120.7,32
2447,Kegalle,Intermediate,Yala,5.38,0.184,11.7,50.5,1.72,147.5,26.7,100,40,60,209.6,87.1,95.1
2448,Kurunegala,Intermediate,Yala,5.37,0.085,7.3,122.3,1.27,235.9,29.9,130,60,20,269.7,140.1,34.3
2449,Monaragala,Intermediate,Maha,6.12,0.125,7.5,71.5,1.58,152.3,26.6,120,60,40,243.6,134.2,71.5
2450,Mullaitivu,Dry,Yala,7.25,0.142,8.1,85.9,0.73,40.3,29.8,120,60,40,254.7,126.7,69.2
2451,Galle,Wet,Maha,5.58,0.089,11.6,100.4,1.67,208.8,26.1,130,40,20,272.9,91.9,32.2
2452,Ratnapura,Wet,Yala,5.33,0.069,9.4,109.3,2.75,288.2,27.8,130,60,20,302.4,135.9,32.9
2453,Monaragala,Intermediate,Maha,5.41,,5.3,107.8,1.16,146.1,28.3,120,60,20,263.2,120.9,32.7
2454,Gampaha,Wet,Yala,5.44,0.198,5.8,111,1.94,367.3,27,100,60,20,212.4,136.6,35.1
2455,Vavuniya,Dry,Maha,5.55,0.149,9.4,104.9,1.42,120.6,27.8,120,60,20,264,126.5,34.7
2456,Kurunegala,Intermediate,Maha,,0.2,17.6,66.8,1.15,114.9,27.4,100,20,40,205.6,41.2,67.6
2457,Kilinochchi,Dry,Yala,6.92,0.11,7.9,98,0.53,38.5,30.1,120,60,40,258.7,125,64.4
2458,Kilinochchi,Dry,Maha,6.49,0.079,12.2,106.7,0.74,189.7,28.6,130,40,20,288,86.6,35.5
2459,Matara,Wet,Maha,4.72,0.083,9.3,99.4,1.68,288.2,27.5,130,60,40,282.1,128.9,68.2
2460,Jaffna,Dry,Yala,5.6,0.168,10.6,,1.11,96.7,28.3,100,40,40,214.2,84.2,71.4
2461,Jaffna,Dry,Yala,6.79,0.127,12,71.2,1.01,30.1,28.3,120,40,40,280.2,82.7,67.5
2462,Colombo,Wet,Maha,,0.105,8.3,105.2,2.99,395.5,27.9,120,60,20,275.8,135.5,34.9
2463,Kandy,Wet,Maha,5.51,,6.7,131.3,2.84,293.6,25.1,100,60,20,221.4,140,34.9
2464,Monaragala,Intermediate,Maha,6.01,0.119,,116.8,1.35,224,26.1,120,20,20,263.6,45.3,32.5
2465,Kegalle,Intermediate,Yala,6.65,0.184,15.2,66.4,1.8,132.7,29,100,20,40,221.3,42.2,71.3
2466,Kandy,Wet,Yala,5.26,0.062,11,65.7,2.28,319.8,26,130,40,40,269.9,83.7,61.9
2467,Mullaitivu,Dry,Maha,5.57,0.174,13.4,68.4,0.93,279.8,30.6,100,40,40,214,83.3,69.4
2468,Badulla,Intermediate,Maha,5.48,0.144,7.7,105.4,1.97,211,26.6,120,60,20,242.9,123.3,35.6
2469,Matale,Intermediate,Maha,6.73,0.117,16.3,52.6,1.58,160.6,27.9,120,20,60,259.9,43.8,97.6
2470,Trincomalee,Dry,Maha,7.26,0.11,6.1,109.5,0.97,230.5,29.1,120,60,20,262.6,132.5,34
2471,Vavuniya,Dry,Yala,5.53,0.175,,71.5,1.33,62.2,27.2,100,40,40,208.5,89.7,67.3
2472,Puttalam,Dry,Maha,6.36,,13,40.4,0.68,230.5,28.8,100,40,60,232.5,89.4,103.9
2473,Kurunegala,Intermediate,Maha,5.31,0.075,6,75.6,1.21,183.5,28.2,130,60,40,300,126.3,70.4
2474,Puttalam,Dry,Maha,7.14,0.077,9.4,49.2,1.15,219.7,31.7,130,60,60,292,127.1,101.5
2475,Mannar,Dry,Maha,7.31,0.098,8.4,108.1,0.85,202.3,31.2,130,60,20,284,134,34.9
2476,Kalutara,Wet,Yala,4.58,0.066,5.2,127.9,2.74,321.3,26.4,130,60,20,298.3,127.5,32.4
2477,Matara,Wet,Yala,4.61,,11.4,120.9,2.3,352.2,27.7,100,40,20,205.4,83.2,31.9
2478,Kalutara,Wet,Maha,5.17,0.07,7.9,120.6,1.67,373.7,27.7,130,60,20,294.9,127.9,33
2479,Ratnapura,Wet,Yala,5.39,0.141,11,149.9,1.76,355.5,27.1,120,40,20,246.2,84,34.2
2480,Mannar,Dry,Yala,6.73,0.081,8.6,110.5,,92.3,28.8,130,60,20,295.1,122.3,31.7
2481,Kandy,Wet,Maha,,0.079,11.2,89.1,2.73,246.2,24.4,130,40,40,273.1,91.3,68.5
2482,Mannar,Dry,Yala,5.65,0.063,11.9,52.6,,,29.7,130,40,60,298.6,91.6,98.4
2483,Galle,Wet,Yala,5.88,0.149,8.7,113.8,2.78,214.6,27.1,120,60,20,278.3,124.9,34.8
2484,Mullaitivu,Dry,Yala,6.25,0.096,13.6,87.5,1.12,53.1,28.6,130,40,40,267.7,81.3,62.1
2485,Colombo,Wet,Yala,,0.154,6.2,,2.72,,,100,60,20,216.2,135.1,34.1
2486,Nuwara Eliya,Wet,Yala,4.7,0.067,7,144.6,2.29,327.7,27.5,130,60,20,303,124.8,34
2487,Vavuniya,Dry,Yala,7.02,0.102,14.8,94.4,0.88,25.2,28.5,120,40,40,260.3,85.6,71.1
2488,Badulla,Intermediate,Maha,5.4,0.143,15.9,97,1.42,222.6,28.4,120,20,40,275.1,40.7,68.8
2489,Galle,Wet,Maha,4.53,0.167,11.6,79.8,2.44,219.1,27.2,100,40,40,220.3,83.4,69.7
2490,Mannar,Dry,Yala,5.54,0.112,13.5,78.1,1.31,95.4,30.6,120,40,40,256,90.8,70.7
2491,Jaffna,Dry,Maha,5.7,0.192,6.5,,0.93,180.5,,100,60,60,210.4,136.4,102.6
2492,Badulla,Intermediate,Maha,5.97,0.126,9.3,101.3,1.29,,28.7,120,60,20,249.3,124.7,32.3
2493,Nuwara Eliya,Wet,Maha,4.7,0.065,6.3,,1.63,,25.3,130,60,20,293.7,127.2,35.1
2494,Matara,Wet,Maha,4.55,0.102,5.9,83.1,2.41,244.4,26.2,120,60,40,256.5,123.2,69.2
2495,Kilinochchi,Dry,Yala,5.74,0.082,12.5,94.2,0.87,87.3,30.8,130,40,40,283.1,81.4,65.9
2496,Badulla,Intermediate,Maha,5.32,0.071,7,114.2,1.96,,27.7,130,60,20,282.3,140,34.4
2497,Kegalle,Intermediate,Maha,5.95,0.091,15.2,56.1,1.68,165.8,29.8,130,20,60,285.9,44.5,105.5
2498,Kurunegala,Intermediate,Maha,5.42,,5.4,59.4,1.8,242.8,28,120,60,60,275.2,131.2,107.1
2499,Vavuniya,Dry,Maha,6.41,0.197,5.4,94.8,0.68,295.7,31.3,100,60,40,233.1,135.6,71.2
2500,Batticaloa,Dry,Maha,7.33,0.144,7.7,57.3,1.28,278,27.6,120,60,60,257.3,137.1,97.4
2501,Colombo,Wet,Yala,,0.141,6,87.1,2.25,360.1,27.7,120,60,40,273.7,136.4,65.9
2502,Batticaloa,Dry,Maha,5.69,0.141,11.9,108.7,0.94,266.5,30.4,120,40,20,271.3,80.7,31.3
2503,Trincomalee,Dry,Maha,6.13,0.079,11.2,52.7,0.77,138.7,27.3,130,40,60,285.7,82.9,96.2
2504,Nuwara Eliya,Wet,Maha,5.1,0.184,9,103.6,,306.6,27.4,100,60,20,232.3,133.4,35.2
2505,Mullaitivu,Dry,Yala,7,0.113,11.8,91.6,1.04,82.5,31.2,120,40,40,249.2,85.4,65.3
2506,Puttalam,Dry,Yala,6.33,0.08,8,86.5,0.83,68.9,27.2,130,60,40,266,139.8,67.9
2507,Badulla,Intermediate,Yala,5.41,0.11,,110.5,1.09,202.3,26.9,120,40,20,274.8,89.2,34.1
2508,Batticaloa,Dry,Yala,7.4,0.086,9.1,50.9,0.73,25.7,28.4,130,60,60,280,139.3,104.2
2509,Kandy,Wet,Maha,4.7,0.075,9.2,71,2.18,394.9,27,130,60,40,297.3,124.6,63.5
2510,Kegalle,Intermediate,Maha,6.66,,19.6,60.7,1.59,125,26.1,130,20,40,299.3,45.9,64.7
2511,Badulla,Intermediate,Maha,6.69,0.124,7,79.4,1.18,107.4,26.4,120,60,40,243.8,126.9,66.2
2512,Badulla,Intermediate,Yala,,0.09,8.3,65.1,1.4,151.9,,130,60,40,298.9,140,65.3
2513,Mannar,Dry,Maha,5.83,0.152,11.1,75.6,0.89,222.8,29.9,100,40,40,215.7,82.5,71.5
2514,Hambantota,Dry,Maha,7.17,0.096,,118.8,0.89,163.9,29.3,130,60,20,283,130.7,35
2515,Hambantota,Dry,Yala,5.95,0.064,12.9,87,1.4,44.3,31.1,130,40,40,288,90.8,66.5
2516,Galle,Wet,Yala,5.54,0.174,8.4,66.5,1.86,227.6,27.4,100,60,40,231.3,129.1,70.5
2517,Mullaitivu,Dry,Maha,6.38,0.082,9.2,112.7,1.27,145.4,29.2,130,60,20,262.2,129.8,32.5
2518,Vavuniya,Dry,Yala,5.6,,11.6,109.3,1.24,64.5,29.5,130,40,20,281.6,93.3,34.7
2519,Matara,Wet,Yala,5.72,0.102,6.3,84.5,2.62,343.4,26.3,120,60,40,268.2,128.9,63.9
2520,Kandy,Wet,Maha,5.61,0.081,,69.4,1.66,370.3,25.2,130,60,40,292,132.4,69.4
2521,Kegalle,Intermediate,Yala,5.27,0.111,13,123,1.24,,29.2,120,40,20,268.4,81.2,33.1
2522,Kandy,Wet,Yala,5.06,0.191,11.4,70.2,1.52,300.2,24.6,100,40,40,205.5,91.5,62.8
2523,Gampaha,Wet,Yala,5.92,0.126,6.6,88.4,1.94,396.7,26.5,120,60,40,253,133.3,64.4
2524,Batticaloa,Dry,Yala,5.51,0.151,6.7,91.3,,30.8,29.6,100,60,40,212.8,128.5,65.7
2525,Jaffna,Dry,Maha,7.19,0.165,5.8,111.8,0.62,206.6,32,100,60,20,227.3,120.9,34.5
2526,Mullaitivu,Dry,Maha,7.13,0.129,10.3,76.1,0.99,153,29.1,120,40,40,252.2,88.2,62.4
2527,Anuradhapura,Dry,Maha,7,0.166,5.5,45.1,1.01,122.8,31.4,100,60,60,208,120.9,102.4
2528,Mullaitivu,Dry,Maha,6.38,0.123,12.7,56.4,1.35,254.6,30.2,120,40,60,278.8,80.5,103.2
2529,Kegalle,Intermediate,Yala,,0.068,18.7,99.1,1.03,205.3,26.8,130,20,40,261.8,44.3,68.2
2530,Puttalam,Dry,Maha,6.49,0.173,,103.6,1.48,153.8,30.2,100,60,20,233.6,124.3,34.6
2531,Polonnaruwa,Dry,Maha,5.82,0.087,13.3,112.4,0.9,277.9,31.3,130,40,20,290.1,83,31.7
2532,Kandy,Wet,Yala,5.45,0.053,9.7,84.1,2.77,294.3,25.6,130,60,40,296.5,133.4,67.6
2533,Trincomalee,Dry,Yala,5.86,0.085,11.5,97.2,0.82,89.3,30.6,130,40,40,273.9,81.2,71.1
2534,Mullaitivu,Dry,Maha,6.83,0.1,7.8,87.1,0.51,162.6,31.6,120,60,40,241.9,126.8,67.8
2535,Kalutara,Wet,Yala,4.84,0.066,10.5,80.5,2.52,373.3,25.6,130,40,40,292.7,82.4,67.8
2536,Hambantota,Dry,Maha,6.48,0.114,9.2,106.4,0.91,243.1,30.8,120,60,20,274,132,34.5
2537,Ampara,Dry,Yala,6.89,0.128,6.8,95.3,1.21,29.4,27.9,120,60,40,270.3,133.6,65
2538,Polonnaruwa,Dry,Yala,,0.151,10.1,58.2,1.08,68.1,29.4,100,40,60,205.8,89.9,103
2539,Kurunegala,Intermediate,Yala,5.37,0.166,7.2,111.6,1.24,189.9,26.1,100,60,20,225.7,125.6,35.4
2540,Galle,Wet,Maha,5.25,0.193,8,92.2,2.98,246.7,26.2,100,60,40,226.2,122.4,61.8
2541,Kandy,Wet,Yala,5.04,0.169,9.7,97.5,2.3,335.7,24.9,100,60,40,222.6,122.2,70.4
2542,Hambantota,Dry,Yala,5.92,0.079,12,65.8,1.12,33.9,29.4,130,40,40,293.9,86,63.9
2543,Kilinochchi,Dry,Yala,6.24,0.08,12,68,1.28,47,30.6,130,40,40,297.3,92.8,66.3
2544,Vavuniya,Dry,Yala,6.82,0.14,5.8,119.5,1.47,34.6,31.6,120,60,20,265.3,124.9,35.1
2545,Hambantota,Dry,Maha,6.74,0.076,5.5,96.7,0.78,287.7,27.7,130,60,40,265.2,125.6,69.9
2546,Ampara,Dry,Maha,7.31,0.165,14,74,1.28,239.9,31.9,100,40,40,217,81.8,70.6
2547,Ampara,Dry,Yala,6.39,0.101,14.5,85.8,0.51,30.4,28.6,120,40,40,244.4,88.4,71.1
2548,Badulla,Intermediate,Maha,5.35,0.134,9.8,101.7,1.17,114.1,29.1,120,60,20,257.3,133.9,33
2549,Puttalam,Dry,Maha,,0.189,9.4,109,1.06,227.5,31.5,100,60,20,214.4,133.2,34.1
2550,Monaragala,Intermediate,Maha,6.53,0.189,14.3,,1.99,149.3,26.7,100,40,20,203.2,91.7,32.8
2551,Hambantota,Dry,Maha,7.36,0.106,9.2,50.7,0.94,295.6,28.1,120,60,60,255,130.1,97.8
2552,Jaffna,Dry,Maha,6.59,0.082,14,45.3,0.79,160.9,29.4,130,40,60,266.1,82.2,99
2553,Matale,Intermediate,Yala,6.45,0.103,8.7,89.3,1.06,126.6,27.7,120,60,40,273,126.3,69.1
2554,Mannar,Dry,Yala,7.14,0.093,7.7,48.5,0.56,65.6,27.3,130,60,60,301.6,133.6,100
2555,Jaffna,Dry,Yala,,0.069,12.5,46.3,,97.4,30.8,130,40,60,264.5,88.5,104.7
2556,Kalutara,Wet,Maha,5.57,0.075,7.1,133.5,1.79,282.6,27.7,130,60,20,301.9,131,34.5
2557,Kurunegala,Intermediate,Yala,6.59,0.169,9.6,60.8,1.25,198.3,29.1,100,60,40,218.1,134,61.9
2558,Hambantota,Dry,Maha,6.35,0.055,7.5,58.4,1.37,121.5,30.3,130,60,60,274.1,133.1,102
2559,Monaragala,Intermediate,Yala,5.8,0.122,19.4,70.6,1.75,,26.5,120,20,40,244.3,46,66.1
2560,Kilinochchi,Dry,Yala,7.3,0.101,,114.7,1.36,66.7,27.3,120,60,20,260.9,132.1,33.1
2561,Nuwara Eliya,Wet,Maha,5.31,0.169,,109.5,2.96,232.8,26,100,60,20,227,135.8,34.9
2562,Vavuniya,Dry,Yala,6.12,,8.1,62,1.35,51.8,28.4,130,60,40,291.4,125.5,67.2
2563,Vavuniya,Dry,Maha,6.31,0.115,11.6,63.5,0.54,137.1,31.4,120,40,40,243.3,89.3,70.6
2564,Monaragala,Intermediate,Maha,5.65,0.099,19.9,98,,184.7,29.9,130,20,40,264.5,46.1,68.8
2565,Kegalle,Intermediate,Yala,6.04,0.093,7.8,126.3,1.7,106.5,28.1,130,60,20,278.5,128.2,33.6
2566,Galle,Wet,Yala,4.94,0.111,9.5,126.6,2.66,383.3,24.5,120,60,20,252.9,135.9,34.6
2567,Anuradhapura,Dry,Maha,6.15,0.186,13.3,81.9,0.92,178.8,29,100,40,40,208.7,89.9,62.1
2568,Kegalle,Intermediate,Yala,5.65,0.093,,90.5,1.96,148.1,26.4,130,40,40,273.3,81.3,62
2569,Mullaitivu,Dry,Maha,6.67,0.196,5.1,47.3,0.9,255.5,28.2,100,60,60,227.3,132,93.8
2570,Matara,Wet,Yala,4.8,0.059,6.5,119.6,2.98,284.9,25.4,130,60,20,300.8,123.2,33
2571,Kurunegala,Intermediate,Yala,5.21,0.089,5.9,67.2,1.41,178.6,28.1,130,60,40,278.6,139.5,64.1
2572,Kalutara,Wet,Yala,5.49,0.156,7.3,111.8,2.07,270.9,24.2,100,60,20,230.6,136.5,35.7
2573,Vavuniya,Dry,Maha,6.22,0.105,13.3,57.4,0.52,196.9,28.5,120,40,60,253.9,81.9,100.6
2574,Jaffna,Dry,Yala,5.63,0.178,6.3,92.2,1.36,81,31,100,60,40,216.6,123,68.3
2575,Jaffna,Dry,Maha,,0.17,8.2,79.3,0.57,176,31.7,100,60,40,208.5,132.2,64.5
2576,Badulla,Intermediate,Yala,,0.091,13.9,55.7,1.73,191.6,26.2,130,40,60,288.6,85,97.3
2577,Gampaha,Wet,Maha,5.96,0.16,5.9,135.5,1.73,217.7,24.9,100,60,20,233,121.3,32.5
2578,Hambantota,Dry,Yala,5.72,0.059,10.3,82.4,0.81,84.6,28.9,130,40,40,287,87.5,68.7
2579,Kandy,Wet,Maha,4.74,0.175,7.4,,2.9,242,27.9,100,60,40,212.8,128.2,66.4
2580,Kalutara,Wet,Maha,5.96,0.155,7.6,90.9,2.83,243.6,26.7,100,60,40,222.2,122.6,66.9
2581,Mullaitivu,Dry,Maha,6.65,0.192,8.4,63.9,1.21,163.1,28.7,100,60,40,205.1,136.3,67.6
2582,Mullaitivu,Dry,Yala,6.57,0.122,14,54.2,0.94,28,29.1,120,40,60,276.1,92.4,104
2583,Ratnapura,Wet,Yala,5.61,0.096,5.3,84.1,2.5,380.4,25.8,130,60,40,282.7,135.4,62.6
2584,Hambantota,Dry,Maha,7.03,0.158,12.1,41.1,1.05,267.2,29.1,100,40,60,215.7,91.2,104.2
2585,Kegalle,Intermediate,Maha,6.2,0.131,13.4,50.3,1.37,104,27.1,120,40,60,264.3,83.3,100.9
2586,Matale,Intermediate,Yala,5.66,0.194,19.8,109.2,1.67,213.9,29.8,100,20,20,221.5,42,34.1
2587,Mullaitivu,Dry,Yala,6.77,0.095,8.4,40.7,0.76,60.2,30.5,130,60,60,264.4,124.7,97.4
2588,Colombo,Wet,Maha,5.48,0.115,11.3,93.7,2.13,245.4,24.1,120,40,40,268,90.5,65.8
2589,Kandy,Wet,Maha,4.79,0.176,9.8,123.5,2.29,373.4,24.2,100,60,20,209,139.2,32
2590,Colombo,Wet,Maha,5.92,0.094,8.1,70.5,2.07,309.7,25.1,130,60,40,291.7,134.6,71.5
2591,Kurunegala,Intermediate,Maha,6.43,0.084,14.1,62,1.19,239,27.7,130,40,40,296.3,92,66.7
2592,Ampara,Dry,Yala,7.49,0.113,8.8,,0.53,76.6,27.1,120,60,40,272.8,133.1,71.7
2593,Nuwara Eliya,Wet,Yala,5.47,0.053,8,120.1,2.87,213.2,27.2,130,60,20,284.8,128.2,33.2
2594,Colombo,Wet,Maha,4.78,0.053,9,108.7,1.66,222.5,27.9,130,60,20,283.5,128.9,31.9
2595,Galle,Wet,Yala,4.67,0.088,9.5,60.8,1.6,295.5,24.6,130,60,40,267.5,122.1,66.8
2596,Ratnapura,Wet,Yala,4.8,0.196,7.6,136.4,2.23,207.6,,100,60,20,226.4,121.2,31
2597,Kurunegala,Intermediate,Maha,5.3,0.137,16,93,1.46,241.8,26.2,120,20,40,252,44.8,70.7
2598,Ampara,Dry,Yala,5.71,0.069,9.1,60.7,,81.9,27.1,130,60,40,282.5,129.2,69.9
2599,Mullaitivu,Dry,Yala,6.45,0.06,5.9,68.4,1.08,70,29.8,130,60,40,273.5,131.4,69
2600,Polonnaruwa,Dry,Yala,5.55,0.097,10.8,73.8,,45.1,30.2,130,40,40,267.1,87.8,67.8
2601,Colombo,Wet,Yala,5.62,0.189,8.5,99.1,,264.8,24.7,100,60,40,221.6,126,67.5
2602,Ratnapura,Wet,Yala,4.69,0.19,10.3,64.6,2.11,333.4,24.9,100,40,40,202.9,86.7,71.7
2603,Trincomalee,Dry,Maha,6.99,0.15,6.4,76.8,0.98,257.3,31.3,100,60,40,225.5,129.8,64.5
2604,Trincomalee,Dry,Maha,6.78,0.185,10.8,65,0.61,219.3,30.2,100,40,40,211.5,85.5,69.5
2605,Matale,Intermediate,Maha,6.64,0.143,9.8,108.7,1.91,222.2,26.8,120,60,20,241.3,136.7,33.7
2606,Ratnapura,Wet,Yala,5.24,0.127,10.6,84.1,2.26,266.6,27.3,120,40,40,261.3,86.4,71.5
2607,Mannar,Dry,Maha,6.32,0.075,7,117.7,0.62,181.5,28.6,130,60,20,263.4,132.4,34.9
2608,Kurunegala,Intermediate,Yala,6.71,0.182,14.3,72.6,1.52,225.7,26.2,100,40,40,210.1,92.2,71.7
2609,Badulla,Intermediate,Yala,5.99,0.088,18.8,123.8,1.91,165.1,,130,20,20,291.4,45.9,33.7
2610,Polonnaruwa,Dry,Maha,5.68,0.053,11.2,75.8,1.1,144.2,30.7,130,40,40,264.1,92.1,63.7
2611,Nuwara Eliya,Wet,Maha,4.71,0.063,7.4,106.3,2.94,331.7,27.5,130,60,20,297,125.9,33.3
2612,Monaragala,Intermediate,Yala,5.91,0.107,12,58,1.73,103,26.5,120,40,60,241.5,80.9,103.2
2613,Kurunegala,Intermediate,Maha,5.72,0.128,16.9,50.9,1.43,237.7,27.8,120,20,60,251,41.9,104.1
2614,Anuradhapura,Dry,Yala,5.82,0.086,9.3,64.9,,,27.6,130,60,40,292.8,126.1,61.7
2615,Monaragala,Intermediate,Yala,5.36,0.097,10.1,53.3,1.32,241.1,,130,40,60,274.8,92.3,100.1
2616,Kurunegala,Intermediate,Yala,5.59,0.141,15.8,65.8,1.98,120.4,28.5,120,20,40,245.3,44.5,64.1
2617,Kilinochchi,Dry,Yala,6.91,,11.9,56.9,0.69,99.1,31.6,120,40,60,255.4,81.5,105.6
2618,Kegalle,Intermediate,Yala,6.46,0.174,14.7,105.4,1.5,148.1,29.9,100,40,20,209.9,82.2,31.6
2619,Matara,Wet,Yala,5.76,0.144,7.2,109.6,2.14,303.8,,120,60,20,274.3,123.7,34.1
2620,Matara,Wet,Yala,5.09,0.128,9.8,131.1,1.71,331.4,26.4,120,60,20,253.6,133,32.1
2621,Kilinochchi,Dry,Maha,6.28,0.155,11.3,92.1,1.04,128.9,28.2,100,40,40,226.8,90.1,65.3
2622,Galle,Wet,Maha,5.16,0.089,7,73.7,2.85,267.2,26.4,130,60,40,299.2,137.4,71.1
2623,Ampara,Dry,Yala,6.31,0.174,6.9,70.5,0.79,51.9,30,100,60,40,215.2,139,64.1
2624,Kegalle,Intermediate,Yala,6.12,0.181,20,85.1,1.05,212.7,29.8,100,20,40,230.8,41.6,62.6
2625,Colombo,Wet,Maha,5.37,0.104,6.3,91,2.65,303.3,26.8,120,60,40,256.1,126.7,62.4
2626,Vavuniya,Dry,Maha,,0.163,6.7,88,1.2,257.6,31.7,100,60,40,232.5,125.3,66.7
2627,Nuwara Eliya,Wet,Maha,5.17,,11.9,136.1,2.88,354.1,26.7,120,40,20,244.8,85.2,34
2628,Matara,Wet,Maha,5.27,0.085,9,139.8,1.59,268.5,27.9,130,60,20,290.5,138.5,32.4
2629,Ampara,Dry,Maha,5.98,0.188,9.5,65.7,1.42,289.7,30.7,100,60,40,217.2,131.9,68.6
2630,Matara,Wet,Maha,5.41,0.193,11.2,145.6,2.62,,27.7,100,40,20,213.7,90.1,31.1
2631,Puttalam,Dry,Maha,7.45,0.175,10.6,104.6,1.28,193.8,30.9,100,40,20,221.7,86.9,35.1
2632,Badulla,Intermediate,Yala,5.58,,12.3,98,1.08,,27,130,40,40,291.2,80.9,69.9
2633,Monaragala,Intermediate,Maha,6.77,0.085,14,128,1.17,145.3,28.1,130,40,20,261.6,81.3,35.7
2634,Matale,Intermediate,Yala,6.66,0.176,16.2,118.1,1.1,,28,100,20,20,206.5,43.7,35.5
2635,Ampara,Dry,Yala,,0.11,11.9,49.6,0.63,99.6,30.5,120,40,60,269.2,89.9,97.8
2636,Monaragala,Intermediate,Yala,5.3,0.093,9.8,80,1.34,156.6,26.3,130,60,40,289.7,124.8,65.7
2637,Trincomalee,Dry,Maha,5.85,0.179,11,91.4,1.42,269.7,28.9,100,40,40,232.6,89.9,69.2
2638,Trincomalee,Dry,Yala,6.74,0.115,12.6,70,1.12,40.2,29.6,120,40,40,271.1,91.1,63
2639,Kurunegala,Intermediate,Yala,6.4,0.169,9.1,105.4,1.63,157.2,28,100,60,20,232.1,128.7,32.4
2640,Trincomalee,Dry,Maha,6.11,0.082,7.7,75.1,1.02,198.5,30.2,130,60,40,291.2,135.2,62.9
2641,Badulla,Intermediate,Yala,5.78,0.082,6.1,87.2,1.8,154.3,27.4,130,60,40,274,128.5,66.2
2642,Colombo,Wet,Maha,,0.075,5.1,73.8,1.8,361.5,25.3,130,60,40,265.9,133.9,67.2
2643,Hambantota,Dry,Maha,7.38,0.158,8.2,52.5,0.51,271.1,30.5,100,60,60,226.6,135.6,95.7
2644,Puttalam,Dry,Yala,7.22,0.189,,69.2,0.89,75.8,28,100,40,40,222.1,93.4,62
2645,Badulla,Intermediate,Maha,5.3,0.133,,120.6,1.12,122.7,29.4,120,20,20,243.2,42.5,34.4
2646,Puttalam,Dry,Maha,7.16,0.151,12.1,94.8,0.85,273.4,28.7,100,40,40,212.8,85.8,61.9
2647,Kalutara,Wet,Yala,4.93,0.082,8.1,67.4,2.35,249.6,25.8,130,60,40,302,123.9,71.4
2648,Kilinochchi,Dry,Yala,5.54,0.151,14.5,55.9,1.29,38,31.3,100,40,60,217.4,83.1,95.8
2649,Mullaitivu,Dry,Yala,5.72,0.106,11.4,59.2,1.1,66.9,30.6,120,40,60,258.3,89.5,102.5
2650,Vavuniya,Dry,Maha,6.68,0.113,13.4,52.8,,196.2,29,120,40,60,259.2,92.4,99
2651,Mullaitivu,Dry,Yala,6.95,0.072,11.3,65.6,0.84,88.1,28,130,40,40,270.3,85.6,62.3
2652,Vavuniya,Dry,Yala,6.25,0.123,6.8,95.3,1.04,36.4,30,120,60,40,255.8,124.1,66.4
2653,Puttalam,Dry,Maha,5.56,0.111,8.2,116,1.04,140.6,28.9,120,60,20,255.8,126.2,33.4
2654,Mullaitivu,Dry,Yala,6.32,0.116,12.4,41.7,0.77,86.8,31.6,120,40,60,243.4,86.4,105.3
2655,Kurunegala,Intermediate,Maha,,,8.4,54.7,1.38,107.1,26.9,130,60,60,293.9,126.3,103.5
2656,Colombo,Wet,Yala,5.01,0.103,10.5,70.2,2.26,280.7,27.5,120,40,40,257.6,83.5,62.5
2657,Puttalam,Dry,Maha,7.17,0.097,13.4,111.4,1.23,267,27.9,130,40,20,296.3,90.1,31.8
2658,Gampaha,Wet,Yala,4.56,0.075,7.3,123.7,1.84,358.2,27.5,130,60,20,297.5,120.8,32.4
2659,Anuradhapura,Dry,Yala,6.46,,8.8,75.6,1.16,40,28.8,120,60,40,249.6,131.2,62.9
2660,Ampara,Dry,Maha,6.75,0.084,6.6,61.6,,249.9,28.4,130,60,40,289.3,136.1,66.3
2661,Vavuniya,Dry,Maha,6.91,0.106,5.9,76.7,0.92,269.9,28.6,120,60,40,259.8,125.8,71.5
2662,Kegalle,Intermediate,Maha,5.66,0.118,18.2,53.6,1.5,123.7,26.2,120,20,60,275.8,44.2,100.2
2663,Ampara,Dry,Yala,6.24,0.088,6.1,,0.64,57.4,,130,60,60,270.6,133.7,103.6
2664,Jaffna,Dry,Yala,7.39,0.114,11.7,85.5,0.93,39.5,31.5,120,40,40,267.9,89,68.5
2665,Anuradhapura,Dry,Maha,6.96,0.132,9.9,107.9,0.97,297.2,31.5,120,60,20,265.1,129.3,35
2666,Batticaloa,Dry,Maha,6.75,0.136,9.6,104.3,1.49,269,27.5,120,60,20,252.9,127.4,31.9
2667,Matara,Wet,Yala,5.18,0.08,5.7,97.5,2.99,,25.1,130,60,40,267.2,137,69.2
2668,Batticaloa,Dry,Maha,7.07,0.063,7.4,64.8,0.92,219.3,31,130,60,40,289,135.5,70.5
2669,Mullaitivu,Dry,Maha,7.04,0.065,12.5,100.6,0.61,127.5,30.2,130,40,20,292.7,84.7,31.7
2670,Jaffna,Dry,Yala,7.24,0.069,13.1,86.6,1.06,,28.4,130,40,40,274.8,81.8,65.2
2671,Galle,Wet,Yala,5.22,0.054,,102.4,1.8,359,25.6,130,60,20,288.7,122,35.6
2672,Matale,Intermediate,Yala,6.42,0.1,17.7,87.2,1.03,151,28.8,120,20,40,256.8,40.9,69.5
2673,Jaffna,Dry,Maha,7.02,0.083,10.5,71.5,0.59,282.2,28.7,130,40,40,291.6,88.1,64.5
2674,Gampaha,Wet,Yala,5.95,0.063,9.6,83.5,1.95,322.7,26.5,130,60,40,269.8,121.6,67.3
2675,Colombo,Wet,Maha,5.62,0.082,11.6,90.9,1.64,228.9,25.2,130,40,40,299.1,84.9,65.7
2676,Colombo,Wet,Yala,5.66,0.09,7.2,143.6,,339.1,26.3,130,60,20,273.6,135.4,33.2
2677,Matara,Wet,Yala,5.92,0.108,8.3,137.6,1.77,322.9,24.2,120,60,20,255.7,126.4,32.6
2678,Anuradhapura,Dry,Yala,6.53,0.092,13.4,55.1,1.32,43.1,27.4,130,40,60,263.9,90.4,96.7
2679,Kilinochchi,Dry,Yala,7.39,0.19,13.5,52.8,0.77,75.3,31.3,100,40,60,204.7,90.2,102.6
2680,Kurunegala,Intermediate,Maha,6.11,0.059,19.6,107.5,1.84,,29.9,130,20,20,283.3,41.8,34.7
2681,Monaragala,Intermediate,Maha,6.8,0.064,7.5,99.5,1.54,141.5,27.3,130,60,40,272.7,134.9,70.4
2682,Gampaha,Wet,Maha,4.7,0.062,7.9,118.5,2.74,223.4,26.2,130,60,20,296.8,135.2,31.6
2683,Kurunegala,Intermediate,Yala,5.57,0.127,,96.8,1.45,247.5,27.6,120,60,40,241.9,128.4,69.9
2684,Galle,Wet,Yala,4.63,0.065,,78.2,2.18,251.8,25.3,130,60,40,277.5,124.7,64.2
2685,Polonnaruwa,Dry,Maha,7.16,0.053,14.4,89.3,1.23,162.7,27.1,130,40,40,275.7,87.3,66
2686,Hambantota,Dry,Maha,5.91,0.154,5.9,44.3,1.3,226.7,29.3,100,60,60,201.7,138.6,106
2687,Kalutara,Wet,Yala,5.4,0.179,6.2,139.8,1.9,,25.4,100,60,20,205.2,133.1,33.1
2688,Mullaitivu,Dry,Maha,5.98,0.136,13.1,97.4,1.12,241.9,29.8,120,40,40,257.5,82.7,63.7
2689,Batticaloa,Dry,Yala,6.55,0.179,9,51.8,0.87,86.1,30.8,100,60,60,217.2,134,94.9
2690,Ratnapura,Wet,Maha,4.76,0.184,10.6,61.5,1.91,399.9,24.9,100,40,40,214.3,86,66.4
2691,Anuradhapura,Dry,Maha,6.68,0.176,6.6,,1.12,184.1,30.6,100,60,60,218.4,132.2,103.9
2692,Polonnaruwa,Dry,Maha,6.32,0.192,11.8,50.7,0.95,,29.3,100,40,60,220.5,90.1,107.5
2693,Anuradhapura,Dry,Maha,6.26,0.117,6.4,54.2,1.45,195.7,30.3,120,60,60,241.7,130.7,104.3
2694,Colombo,Wet,Maha,5.68,0.066,9.3,91.5,2.34,236.9,26.2,130,60,40,281.1,136.5,70.5
2695,Nuwara Eliya,Wet,Yala,5.76,0.158,9.7,94.5,2.61,232,24.3,100,60,40,232.5,134.7,69.2
2696,Kalutara,Wet,Maha,5.68,0.053,11.3,147.2,2.39,216.9,26.6,130,40,20,283.4,88.5,35.3
2697,Puttalam,Dry,Yala,6.27,0.131,13.9,56.1,1.21,75.6,31.4,120,40,60,267.8,82.4,93.6
2698,Galle,Wet,Maha,4.59,0.136,10.9,71.8,1.79,245.8,24.1,120,40,40,253.5,91.4,71
2699,Kalutara,Wet,Yala,5.51,0.056,8.8,,1.78,237.8,25.3,130,60,40,294.2,138.9,65.7
2700,Badulla,Intermediate,Maha,6.45,0.051,6.4,108.7,1.41,111.9,27.6,130,60,20,294.2,123.3,35.4
2701,Mannar,Dry,Yala,7.42,0.113,7.2,70.8,0.62,22.8,,120,60,40,261.7,130.2,62.5
2702,Mannar,Dry,Yala,6.99,0.094,14.6,87.7,1.22,95.3,30.1,130,40,40,302.8,83.9,68.9
2703,Vavuniya,Dry,Yala,7.13,0.189,5.8,47.2,1.08,29.5,30.8,100,60,60,205.2,135.4,103.5
2704,Kurunegala,Intermediate,Maha,6.68,0.063,17,59.1,1.86,209.2,,130,20,60,262.1,44.9,107.5
2705,Kegalle,Intermediate,Maha,5.33,0.111,16.5,93.9,1.52,246.7,26.3,120,20,40,271.5,41.2,69.4
2706,Polonnaruwa,Dry,Yala,6.4,0.137,6.2,75.3,1.29,85.5,29.8,120,60,40,272.9,137.8,65.5
2707,Mullaitivu,Dry,Maha,5.86,0.178,10.2,84.9,1.4,219.9,31,100,40,40,205,82.8,67.3
2708,Monaragala,Intermediate,Maha,5.29,0.153,,126.6,,193.4,27.4,100,20,20,209.8,45.4,32.6
2709,Kurunegala,Intermediate,Maha,5.87,0.134,18.5,97.4,1.85,244.5,28.1,120,20,40,242,43.2,63.7
2710,Kandy,Wet,Yala,4.82,0.131,10.1,90.3,2.65,357.9,26.6,120,40,40,252.8,84.8,64.2
2711,Anuradhapura,Dry,Maha,6.86,0.079,13.8,40.4,1.42,290.1,31.2,130,40,60,294.2,82.5,95.8
2712,Matale,Intermediate,Maha,5.38,0.128,18.8,106.2,1,229.6,29.2,120,20,20,261.6,41.3,33.5
2713,Galle,Wet,Maha,5.45,0.11,7.1,106.9,2.77,391.1,26.6,120,60,20,255,133.6,35.3
2714,Kegalle,Intermediate,Yala,6.77,0.054,19.2,121.5,1.66,173,,130,20,20,277.2,43.8,35.4
2715,Mullaitivu,Dry,Yala,5.82,0.059,7.3,107.4,1.01,74.6,30.8,130,60,20,261.5,123,31.1
2716,Ampara,Dry,Yala,5.69,0.129,8.1,81.9,0.65,91.7,30.5,120,60,40,253.1,122.8,62.5
2717,Gampaha,Wet,Maha,5.25,0.155,7.9,63.2,1.65,377.3,25.1,100,60,40,222.2,122,64.1
2718,Trincomalee,Dry,Maha,5.6,0.133,12.1,98.2,1.15,172.3,30.9,120,40,40,279.5,90.2,64.2
2719,Anuradhapura,Dry,Maha,7.12,0.055,7.2,106,1.18,239.7,28.5,130,60,20,297.3,134.5,31.3
2720,Puttalam,Dry,Yala,6.13,0.07,11.2,66.5,1.34,76,31.8,130,40,40,262.4,81.2,65.6
2721,Monaragala,Intermediate,Yala,5.86,0.062,9.6,101.9,1.7,193.2,28.3,130,60,20,299.5,131.6,33.7
2722,Gampaha,Wet,Yala,5.77,0.171,8.7,72.1,1.56,248.6,24.4,100,60,40,226.6,122.3,67.5
2723,Badulla,Intermediate,Yala,5.97,0.085,10.5,82,1.34,131.6,28.2,130,40,40,294.5,92.3,67.1
2724,Ratnapura,Wet,Maha,5.42,0.107,7.6,83.3,2.78,317.9,27.4,120,60,40,259.3,138.4,65.1
2725,Polonnaruwa,Dry,Yala,6.34,0.172,9.5,,0.7,38.9,31.5,100,60,40,214.1,134.3,68.8
2726,Colombo,Wet,Yala,5.92,0.141,11.9,110.6,1.85,238,26.5,120,40,20,253.2,92.6,34.9
2727,Puttalam,Dry,Yala,7.46,0.095,10.8,71.4,0.7,62.6,29.4,130,40,40,264.2,91.1,65.2
2728,Polonnaruwa,Dry,Maha,7.07,,10.9,84,1.18,126.2,27.7,120,40,40,250.3,91.3,62.6
2729,Ratnapura,Wet,Yala,,0.073,5.6,,,384.3,26.1,130,60,40,271.9,131.8,64.7
2730,Matale,Intermediate,Maha,5.35,0.135,5.9,119.7,1.02,171.1,28,120,60,20,260.3,126.6,31.5
2731,Polonnaruwa,Dry,Yala,5.62,0.067,13.6,63.3,0.84,54.1,29.5,130,40,40,293.1,83.3,66.4
2732,Jaffna,Dry,Yala,6.26,0.109,11.4,55.9,,99.9,28.8,120,40,60,259.9,84.7,94.8
2733,Kurunegala,Intermediate,Yala,6.3,0.066,15.1,95.1,1.17,180,27.4,130,20,40,263.9,44.3,66.3
2734,Kalutara,Wet,Yala,5.73,0.051,7.6,134.8,2.14,271.7,26.3,130,60,20,302,124,31.9
2735,Matale,Intermediate,Yala,5.96,0.104,16.5,89.6,1.82,149.1,29.3,120,20,40,278.2,41.9,69.1
2736,Matale,Intermediate,Maha,6.53,0.112,15.9,122.1,1.97,,26.6,120,20,20,272.1,43.3,30.9
2737,Trincomalee,Dry,Maha,5.79,0.162,14.2,114.3,0.69,125.7,,100,40,20,233.4,83.5,33.6
2738,Gampaha,Wet,Maha,5.14,0.17,9.9,108.8,2.88,212,25.1,100,60,20,218.9,132.1,31.6
2739,Polonnaruwa,Dry,Maha,6.67,0.134,6.3,74.6,0.82,294.7,27.2,120,60,40,279,138.7,61.7
2740,Kurunegala,Intermediate,Maha,6.54,0.07,9.5,74.5,1.91,171.4,27.7,130,60,40,264.6,135.3,70.4
2741,Matara,Wet,Maha,4.73,0.153,6.5,73.7,2.38,267.5,24.7,100,60,40,213,133.7,68.4
2742,Puttalam,Dry,Maha,6.46,0.091,5.6,56.6,1.22,284.2,28.4,130,60,60,271,132,94
2743,Puttalam,Dry,Maha,6.48,0.05,8.4,100.5,1.38,258.3,28.2,130,60,20,269.7,130.2,34.1
2744,Ratnapura,Wet,Maha,5.88,0.093,11.6,115.2,1.96,265.6,27.8,130,40,20,267.4,82.9,33.9
2745,Matara,Wet,Maha,5.15,0.177,11.8,98.3,2.86,389.8,25.3,100,40,40,221.4,92.2,66.4
2746,Kurunegala,Intermediate,Yala,5.51,0.125,10.5,88.6,1.17,139.4,27.7,120,40,40,271.9,83.7,65.9
2747,Puttalam,Dry,Yala,6.56,0.068,14.6,94.3,1.04,28.8,27.3,130,40,40,285.9,81.7,70.6
2748,Ampara,Dry,Maha,5.77,0.11,5.4,87.2,1.34,257.3,29.1,120,60,40,247.1,135.3,64.2
2749,Matale,Intermediate,Yala,5.73,0.19,5.3,98.7,1.7,102.3,29.9,100,60,40,227.5,124.1,65.7
2750,Vavuniya,Dry,Maha,7.29,0.154,6.6,119.6,0.93,153.9,29.6,100,60,20,221.8,127.9,32.4
2751,Vavuniya,Dry,Maha,5.57,0.073,7.1,72.6,0.88,171.7,28.6,130,60,40,277.9,121.2,69.4
2752,Matara,Wet,Maha,5.79,0.087,11.7,148.6,1.94,215.4,27.4,130,40,20,290,82.3,35.4
2753,Kandy,Wet,Maha,4.97,0.066,10.9,113.7,2.21,257.3,24.8,130,40,20,272.4,82.7,35
2754,Jaffna,Dry,Maha,5.51,0.157,11,102.7,1.28,227.4,29.6,100,40,20,212.4,81.2,34.8
2755,Mannar,Dry,Maha,5.92,0.052,8.4,56,0.91,286.1,27.9,130,60,60,300.3,133.5,107.3
2756,Colombo,Wet,Maha,4.83,0.171,11.7,133.6,2.75,363.7,27.7,100,40,20,210.6,91.4,34.3
2757,Trincomalee,Dry,Maha,6.88,0.083,7.4,62.1,0.71,183.5,28.9,130,60,40,281.3,127.9,69.2
2758,Matara,Wet,Yala,5.64,0.077,7.6,83.9,2.15,265.7,26.2,130,60,40,299.1,137.7,71.5
2759,Kurunegala,Intermediate,Maha,5.4,0.13,19.9,83.5,1.7,111.9,28,120,20,40,269,41.6,61.8
2760,Batticaloa,Dry,Maha,6.75,0.156,5.6,111.9,0.96,145.1,32,100,60,20,203.1,127,34
2761,Matale,Intermediate,Yala,6.68,0.106,12.7,71.1,1.41,140.5,28,120,40,40,247.1,82.4,69.1
2762,Monaragala,Intermediate,Maha,5.59,0.13,18.4,77.1,1.72,,27.7,120,20,40,241.6,44.3,70.9
2763,Anuradhapura,Dry,Yala,5.72,0.073,5.2,105.3,1.27,77.3,29.3,130,60,20,288.1,128.8,35.2
2764,Colombo,Wet,Maha,4.66,0.161,5.9,135,2.93,214.7,25.4,100,60,20,215.7,132.6,35
2765,Mullaitivu,Dry,Maha,6.44,0.087,6.6,,0.72,185.1,31.6,130,60,60,267.1,135.5,106.7
2766,Colombo,Wet,Yala,5.34,0.06,6.3,115.8,2.92,347.5,24.4,130,60,20,302,131.3,33.5
2767,Mullaitivu,Dry,Yala,5.52,0.116,12,66.8,1.21,64.5,30.8,120,40,40,262.1,88.7,61.8
2768,Matale,Intermediate,Maha,6.39,0.156,7.7,,1.62,215.4,28.7,100,60,20,209,138.9,30.9
2769,Puttalam,Dry,Yala,7.16,0.154,9.8,40.6,0.77,82.9,30.2,100,60,60,217.4,126.5,100.7
2770,Kurunegala,Intermediate,Maha,5.75,0.193,18.7,83.9,1.24,178.6,27,100,20,40,223.3,42.6,66.1
2771,Nuwara Eliya,Wet,Yala,5.49,0.195,9.9,103.9,1.6,207.2,25.8,100,60,20,203.6,134.7,33.1
2772,Jaffna,Dry,Maha,6.2,0.121,6.8,106.9,1.37,206.5,30,120,60,20,252.1,132.6,32.8
2773,Ampara,Dry,Maha,6.76,0.075,13.5,115.9,,225.9,31.8,130,40,20,295.6,82.8,35.4
2774,Galle,Wet,Maha,5.65,0.164,10.9,61.1,,250.5,,100,40,40,216.1,85.4,65.3
2775,Galle,Wet,Maha,5.01,0.193,6.8,106.2,1.92,308.1,27,100,60,20,218.9,129.8,35.1
2776,Ratnapura,Wet,Maha,5.75,0.128,,77.8,2.81,217.3,24.5,120,40,40,258.3,85.9,70.7
2777,Monaragala,Intermediate,Yala,5.51,0.081,18.3,125.6,1.93,125.6,27.1,130,20,20,263.3,41.4,33.3
2778,Kalutara,Wet,Yala,5.28,0.071,7.7,140,2.05,305.1,24.6,130,60,20,268.4,138.7,33
2779,Monaragala,Intermediate,Yala,6.15,0.132,12.6,91.9,1.13,200.1,27.5,120,40,40,258.8,90.4,69.3
2780,Batticaloa,Dry,Yala,6.62,0.193,,57.6,0.84,31.6,31,100,60,60,207.9,130,103.1
2781,Polonnaruwa,Dry,Yala,6.51,0.19,12,90.5,1.46,63.7,31.7,100,40,40,202.7,89.3,65
2782,Puttalam,Dry,Maha,7.02,0.052,14.1,82,0.52,153.4,27.2,130,40,40,297.2,92.2,62.7
2783,Mannar,Dry,Maha,6,0.122,13.2,65.8,1.1,209.6,29.2,120,40,40,279.7,82.3,64.3
2784,Polonnaruwa,Dry,Yala,7.47,0.068,8.4,81,1.41,44.5,30.1,130,60,40,295,125.5,63
2785,Kurunegala,Intermediate,Yala,5.83,0.067,8.3,97.9,1,,27.2,130,60,40,297.6,131.2,64.6
2786,Mullaitivu,Dry,Yala,5.85,0.163,7.4,114.2,0.84,27.1,27.8,100,60,20,209,136.2,32.1
2787,Kegalle,Intermediate,Yala,5.39,0.173,6.4,129.1,1.99,233.7,29.3,100,60,20,232.4,121.3,34
2788,Matale,Intermediate,Maha,5.54,0.073,17.3,127.6,,212.7,28.8,130,20,20,269.8,46.7,35.6
2789,Vavuniya,Dry,Maha,7.09,0.171,9.1,100.8,1.18,239.1,27.3,100,60,20,232.1,129.5,34.2
2790,Trincomalee,Dry,Yala,7.46,0.144,9.7,85.3,0.51,73.6,30.4,120,60,40,280.3,127.6,71
2791,Anuradhapura,Dry,Yala,,0.114,11.9,53.4,1.16,,27.3,120,40,60,269.2,84.3,104.3
2792,Ampara,Dry,Yala,7.47,0.065,13.5,81.4,1.3,29,29.4,130,40,40,303,82.8,69
2793,Puttalam,Dry,Yala,6.01,0.198,,106.2,1.1,65.9,31.1,100,40,20,219.7,90.8,32.9
2794,Kurunegala,Intermediate,Maha,5.31,0.086,7.8,52.7,1.07,130.8,27.7,130,60,60,272.4,139.3,97.4
2795,Mullaitivu,Dry,Yala,7.16,0.087,8.6,102.9,1.12,63.1,31.9,130,60,20,279.9,128.7,35
2796,Batticaloa,Dry,Yala,6.28,0.181,14.5,93.6,1.45,34.1,31.1,100,40,40,220.5,92.9,70.8
2797,Matara,Wet,Maha,5.39,0.176,6.7,132.4,2.65,391.7,24.8,100,60,20,203.5,136.7,33.1
2798,Kandy,Wet,Yala,5.25,0.168,11.8,116.9,2.17,384.7,25.6,100,40,20,221.4,86.8,30.8
2799,Kegalle,Intermediate,Yala,6.45,0.084,14.7,69.5,1.97,182.7,28.9,130,40,40,303,89.3,69.6
2800,Puttalam,Dry,Maha,5.62,0.112,12.2,77.1,1.41,219.4,,120,40,40,248.8,86.2,64.5
2801,Hambantota,Dry,Yala,7.08,0.158,12.6,48.5,1.21,55.8,29.7,100,40,60,226.9,87.8,92.6
2802,Badulla,Intermediate,Yala,6.48,0.152,19.7,113.6,1.09,197.6,29.1,100,20,20,230.7,40.6,34.8
2803,Jaffna,Dry,Yala,5.65,0.087,6.6,104.1,1.05,93.6,29.2,130,60,20,301.4,134.2,33.4
2804,Gampaha,Wet,Maha,5.22,,9.5,119,2.76,365.8,27.6,100,60,20,232.4,121.7,34.2
2805,Nuwara Eliya,Wet,Maha,5.84,0.121,6.8,119.9,2.68,319.2,26.6,120,60,20,261.7,136.6,35.4
2806,Kalutara,Wet,Maha,5.27,0.083,8.4,117.1,2.03,311.8,26.4,130,60,20,302.8,136.8,33.5
2807,Colombo,Wet,Yala,5.92,0.106,7.3,121.3,1.51,269.1,25.9,120,60,20,271,125.3,33.3
2808,Puttalam,Dry,Maha,5.95,0.068,7.4,86,0.91,198.6,29.2,130,60,40,268.3,127,64.6
2809,Kegalle,Intermediate,Yala,5.43,0.134,7.2,110.3,1.58,213.4,27.3,120,60,20,260,130,32.3
2810,Anuradhapura,Dry,Yala,6.46,0.171,,60.9,,45.6,28.9,100,40,40,224.5,88.3,69.7
2811,Kilinochchi,Dry,Maha,6.67,0.091,6.4,74.8,0.86,182.1,27.9,130,60,40,271.9,126.2,66.2
2812,Ratnapura,Wet,Yala,4.54,0.174,6.8,110.8,2.84,272.8,25.2,100,60,20,222,132.2,31.6
2813,Ampara,Dry,Maha,6.95,0.179,8.1,94.1,1.38,299.8,30.5,100,60,40,222.8,126.4,62.6
2814,Hambantota,Dry,Yala,5.68,0.118,10.7,70.9,1.26,70.4,29.2,120,40,40,247.7,81.2,66.4
2815,Ampara,Dry,Maha,5.61,0.171,5.2,74.4,0.62,154.4,29.6,100,60,40,219.5,120.7,66.3
2816,Kilinochchi,Dry,Maha,7.25,0.171,13.1,101.9,0.72,231.3,31.4,100,40,20,226.3,81.8,34.1
2817,Ampara,Dry,Maha,6.91,0.082,8.5,90.3,1.16,258.4,29.3,130,60,40,282.6,136.1,66.4
2818,Puttalam,Dry,Maha,7.4,0.063,7.3,109,1.33,221,31.5,130,60,20,261.9,139.4,31.5
2819,Badulla,Intermediate,Yala,6.7,0.091,10.5,122.9,1.33,198.6,27.1,130,40,20,261.8,86,33.3
2820,Matara,Wet,Maha,5.79,0.132,11.3,71.1,2.58,301.4,24.9,120,40,40,255.3,87.2,70.8
2821,Vavuniya,Dry,Yala,,0.107,9.4,68.6,1.28,77.9,29.5,120,60,40,277.6,123.5,63.3
2822,Colombo,Wet,Yala,5.2,0.069,9.9,69.2,2.9,332.8,25,130,60,40,271.1,131.4,68.6
2823,Mullaitivu,Dry,Maha,6.81,0.095,9.8,53.7,0.69,205.8,,130,60,60,288.3,123.4,101.4
2824,Kilinochchi,Dry,Maha,7.32,0.097,8.4,112.2,,,29.5,130,60,20,270.8,132.6,34.5
2825,Monaragala,Intermediate,Maha,5.74,0.139,11.6,126.2,1.98,164.5,29.4,120,40,20,253.9,92.7,31.6
2826,Puttalam,Dry,Yala,6.43,0.143,8.7,119.7,0.82,60.8,28.9,120,60,20,274.5,124.4,35.5
2827,Trincomalee,Dry,Yala,7.29,0.114,14.9,60.5,0.98,46.3,30.4,120,40,40,269.9,90.5,67.9
2828,Nuwara Eliya,Wet,Maha,4.64,0.1,8.2,126.9,1.82,231.6,26.5,120,60,20,245.1,121.1,35
2829,Hambantota,Dry,Yala,5.88,0.149,9.9,63.2,1.06,79.5,31.9,120,60,40,258.1,128,64.2
2830,Mullaitivu,Dry,Maha,6.7,0.09,14.5,60.2,1.18,184.4,31.5,130,40,40,262.6,81.9,69.1
2831,Trincomalee,Dry,Yala,6.66,0.14,10.5,81.8,0.56,49.9,29.1,120,40,40,260.2,85.1,69.5
2832,Kilinochchi,Dry,Maha,6.59,0.168,8.2,46.6,1.5,185.8,27.1,100,60,60,222.7,124,98.5
2833,Batticaloa,Dry,Maha,6.54,0.145,8.9,64.9,1.4,280.9,31.4,120,60,40,246,127.9,65.5
2834,Kilinochchi,Dry,Yala,7.32,0.074,6.1,63.3,0.77,53.1,27.8,130,60,40,273.7,128.8,68.3
2835,Monaragala,Intermediate,Maha,5.24,0.085,7.8,70.1,1.58,248.6,26.1,130,60,40,278.3,126.5,62.6
2836,Colombo,Wet,Yala,5.51,0.086,7.3,145.4,2.11,329.3,24.6,130,60,20,300.4,133.5,34.5
2837,Mullaitivu,Dry,Maha,7.35,0.194,7.8,,0.51,252.1,28.3,100,60,40,233.5,138.6,62.1
2838,Matara,Wet,Maha,5.58,0.139,7.4,106,,293,25,120,60,20,243.1,128.5,31.8
2839,Gampaha,Wet,Maha,,0.077,11,103,2.9,332.9,25.2,130,40,20,293.7,83,34.1
2840,Polonnaruwa,Dry,Yala,6.66,0.057,10.2,43.9,0.85,39.3,30.2,130,40,60,277.2,84,94
2841,Jaffna,Dry,Maha,6.26,0.154,6,50.3,1.27,207.1,30.6,100,60,60,213.9,137.3,107.1
2842,Puttalam,Dry,Maha,7.28,0.099,5.5,70.5,0.82,278.5,28.7,130,60,40,293.4,131.8,70.4
2843,Mullaitivu,Dry,Yala,6.09,0.061,9.6,53.1,1.14,99.2,29.1,130,60,60,300.3,129.5,101.9
2844,Anuradhapura,Dry,Maha,6.19,0.059,10.4,84.1,0.71,276.3,30.1,130,40,40,301.7,82.4,69.9
2845,Ratnapura,Wet,Yala,5.07,0.108,10.3,74.2,2.18,367.2,26.4,120,40,40,263.9,86.3,70.6
2846,Batticaloa,Dry,Yala,7.41,0.13,12.7,115.7,0.5,23.7,30.1,120,40,20,255.3,84.1,32.1
2847,Matale,Intermediate,Yala,5.33,0.189,7.9,77.4,1.76,230.1,29.3,100,60,40,226.8,139.1,70.2
2848,Trincomalee,Dry,Yala,6.05,0.125,14.5,79.4,0.55,94.9,27.9,120,40,40,251.2,92,63.6
2849,Batticaloa,Dry,Yala,6.03,0.177,11,,1.31,32.5,29.6,100,40,60,219.5,81.6,98.7
2850,Vavuniya,Dry,Yala,,0.107,13.9,109.8,1.08,,30.9,120,40,20,255.4,87.2,33.6
2851,Trincomalee,Dry,Yala,5.96,0.089,13.7,92.1,0.65,25.1,30.7,130,40,40,289.2,83.4,68.8
2852,Kalutara,Wet,Maha,4.83,0.145,6.9,126.1,2.36,283.2,25.4,120,60,20,250.7,128.7,31
2853,Jaffna,Dry,Yala,7.23,0.12,10.2,81.7,,56.1,27.6,120,40,40,248.8,91.9,64.6
2854,Galle,Wet,Yala,5.12,0.163,10,92.2,1.53,320.6,27.6,100,40,40,231,87.4,67.8
2855,Badulla,Intermediate,Yala,5.55,0.106,17.7,66.6,1.76,109.4,27.5,120,20,40,245.3,42.4,65.3
2856,Kilinochchi,Dry,Maha,6.82,0.074,5.4,115.1,1.25,220.3,28.2,130,60,20,282.9,124.7,34.7
2857,Monaragala,Intermediate,Yala,6.04,0.092,18,113.8,1.72,166.8,26.5,130,20,20,270.8,45.5,34.1
2858,Ratnapura,Wet,Maha,4.92,0.187,,102.5,1.63,292.3,26.8,100,60,20,202.4,132.8,32
2859,Ratnapura,Wet,Yala,4.55,0.104,8.5,86.2,2.63,284.8,24.4,120,60,40,242.7,129.8,63.2
2860,Jaffna,Dry,Maha,7.42,0.059,12.7,60.9,0.79,200,28.2,130,40,40,268.8,83.3,68
2861,Mullaitivu,Dry,Maha,6.99,0.139,10.1,83.9,1.28,251.1,30,120,40,40,275.3,84.8,66.2
2862,Polonnaruwa,Dry,Maha,5.67,0.157,8.1,109.5,0.6,269.4,30.8,100,60,20,210.3,139.4,31.6
2863,Vavuniya,Dry,Maha,5.77,0.098,14.9,51.5,1.4,242.6,31.6,130,40,60,301.7,87.3,97.4
2864,Kandy,Wet,Yala,4.5,0.199,11.7,76.4,2.34,245.8,27.5,100,40,40,220.1,85.7,64.7
2865,Ratnapura,Wet,Yala,4.5,0.131,10.4,121.4,2.77,231.9,,120,40,20,258.4,87.3,31.3
2866,Jaffna,Dry,Yala,6.21,0.064,13.5,84.4,1.07,92.7,31,130,40,40,286,90.6,67.2
2867,Nuwara Eliya,Wet,Maha,5.13,0.19,10.1,102.9,2.03,388.7,24.2,100,40,20,217.9,84.9,34.6
2868,Ampara,Dry,Yala,7.02,0.139,7.9,80.4,0.76,91.3,30.2,120,60,40,271,124.1,67.5
2869,Vavuniya,Dry,Yala,7.35,0.076,13.6,115.6,0.83,41.2,30.9,130,40,20,273.4,88.1,34.9
2870,Kandy,Wet,Maha,5.74,0.069,9.9,110.5,2.7,244.9,26.2,130,60,20,276.4,133.6,31.4
2871,Mannar,Dry,Yala,,0.146,14.6,77.8,0.75,30,32,120,40,40,276.3,89.8,66.1
2872,Kurunegala,Intermediate,Maha,5.96,0.095,15.6,57.6,1.31,123.7,26,130,20,60,301.5,46,101.6
2873,Matara,Wet,Yala,5.89,0.19,8.5,113.1,2.53,215.5,25.9,100,60,20,230.2,127.9,34.2
2874,Nuwara Eliya,Wet,Maha,5.3,0.175,9.9,146.2,2.39,320.5,25.5,100,60,20,214.8,122.1,34.3
2875,Puttalam,Dry,Maha,7.33,0.088,7,88.2,1.26,198.6,27.2,130,60,40,294.5,139.4,69
2876,Jaffna,Dry,Yala,6.47,0.163,13.4,,0.92,78.5,28.8,100,40,20,216.6,86.2,34.1
2877,Kegalle,Intermediate,Yala,6.06,0.064,9.5,123.6,1.56,227.7,26,130,60,20,282.5,132.8,31.3
2878,Ratnapura,Wet,Yala,4.66,0.185,9.6,117,2.68,395.7,26.5,100,60,20,207.8,133.7,34.3
2879,Vavuniya,Dry,Yala,5.67,0.151,14.8,,0.8,74.9,29.3,100,40,20,220.4,87.6,34.4
2880,Hambantota,Dry,Maha,6.69,,12.9,41,,297.4,27.4,120,40,60,248.6,83.2,107.4
2881,Kurunegala,Intermediate,Maha,5.31,0.155,,77.5,1.83,,28.4,100,20,40,211.9,45.2,68.6
2882,Kegalle,Intermediate,Yala,6.02,0.187,11.3,97,1.54,149.5,26.3,100,40,40,229,91,68.6
2883,Polonnaruwa,Dry,Yala,7.03,0.074,14.4,74.8,1.33,27.1,29,130,40,40,270.2,87.7,66.8
2884,Ratnapura,Wet,Yala,5.1,0.105,8.3,90.5,2.71,273.6,25.7,120,60,40,244.1,130.2,70.4
2885,Galle,Wet,Maha,4.8,0.137,9.1,,2.72,204.3,25.7,120,60,20,244,122.8,35.8
2886,Kalutara,Wet,Yala,5.79,0.076,,98.1,2.82,320.2,25.6,130,60,40,301.3,122.3,69.5
2887,Ratnapura,Wet,Maha,4.59,0.095,11.5,71,2.57,346.8,25.2,130,40,40,282.9,84.9,67.8
2888,Mullaitivu,Dry,Yala,5.73,0.111,10.4,107.9,1.14,91.7,28.6,120,40,20,257.4,84.5,31.2
2889,Trincomalee,Dry,Yala,7.41,0.174,11.8,85.5,0.53,34.5,29.5,100,40,40,227.5,92.9,69
2890,Trincomalee,Dry,Yala,6.05,0.163,7.7,94,1.27,61.2,29.4,100,60,40,228.4,135.9,68.8
2891,Anuradhapura,Dry,Yala,7.48,0.148,14.9,43.4,1.02,78.4,31.2,120,40,60,254.3,89.1,104.1
2892,Matale,Intermediate,Yala,5.94,0.18,7.1,110.9,1.2,247.5,27,100,60,20,223.7,130.7,31.4
2893,Colombo,Wet,Yala,5.89,0.081,7.5,69.8,,390.2,24.3,130,60,40,294.1,123.9,68.2
2894,Kegalle,Intermediate,Yala,6.2,0.142,7.8,68.3,1.98,175.1,29.2,120,60,40,267,139.8,64.7
2895,Matara,Wet,Yala,4.82,0.079,5.9,83.9,1.94,219.6,25.9,130,60,40,267.8,128,69.3
2896,Badulla,Intermediate,Maha,6.09,0.086,13,71.7,1.04,170.1,29.6,130,40,40,298.5,81.9,64.1
2897,Anuradhapura,Dry,Yala,6.74,0.104,14.5,42.3,1.1,,28.2,120,40,60,262.4,86.9,102.8
2898,Kurunegala,Intermediate,Yala,6.11,0.075,8.1,66.9,1.15,143.1,28.5,130,60,40,273.4,137.7,64.6
2899,Gampaha,Wet,Maha,4.55,0.171,,128.5,1.81,272.7,24.9,100,40,20,215,92.1,30.8
2900,Nuwara Eliya,Wet,Maha,5.42,0.106,10.6,111,2.4,292.7,26.3,120,40,20,242.8,80.6,34
2901,Matale,Intermediate,Maha,6.53,0.081,5.3,77.8,1.34,132.6,29.6,130,60,40,266.8,138,62.8
2902,Batticaloa,Dry,Maha,6.61,0.068,8.1,51.6,1.09,219.8,27.5,130,60,60,293.9,125.9,102.4
2903,Jaffna,Dry,Maha,5.56,0.111,6.4,72.7,1.26,217.5,31.1,120,60,40,241.3,121.4,71
2904,Batticaloa,Dry,Maha,6.44,0.068,13.7,95.9,1.08,158.7,30.8,130,40,40,279.1,91.5,71.4
2905,Galle,Wet,Yala,5.73,0.19,,140.5,2.79,366.6,24.3,100,40,20,218.1,91.7,32
2906,Anuradhapura,Dry,Maha,6.5,0.091,9.3,97.4,,272.9,28.2,130,60,40,263.7,132.3,69.8
2907,Ampara,Dry,Maha,6.83,0.15,14.8,61.9,0.67,246.9,29.1,100,40,40,232.8,88,65.2
2908,Colombo,Wet,Yala,5.39,0.081,,135,1.94,,26.2,130,60,20,271,136.5,35.3
2909,Kegalle,Intermediate,Maha,6.28,0.146,10.5,50.2,,219,29.8,120,40,60,253.2,90.7,104.3
2910,Ampara,Dry,Maha,7.48,0.192,8.4,42.5,0.69,181.6,29.6,100,60,60,211,138,93.6
2911,Trincomalee,Dry,Maha,5.56,0.091,10.1,78.9,0.69,270.1,29.8,130,40,40,271.2,87.7,65.8
2912,Matara,Wet,Yala,5.61,0.111,,130.2,1.85,,25.9,120,40,20,241.4,93.1,32.5
2913,Kandy,Wet,Maha,5.11,0.056,9.7,91.9,2.39,280.8,25.8,130,60,40,292.3,140.1,69.6
2914,Vavuniya,Dry,Maha,6.91,0.097,13.4,68.9,1.01,190.8,29.8,130,40,40,302.4,82,65.8
2915,Polonnaruwa,Dry,Maha,7.13,0.089,14.1,61.8,1.22,209.3,30.8,130,40,40,270.9,91.6,68.5
2916,Kurunegala,Intermediate,Yala,5.72,0.174,16.5,108.1,,232.1,27.6,100,20,20,222.7,43.5,33.8
2917,Ratnapura,Wet,Yala,5.74,0.057,,62.1,2.55,239.9,26.5,130,60,40,292.9,128.2,71.5
2918,Matara,Wet,Maha,5.38,0.129,10.8,68.4,2.67,358.7,24.1,120,40,40,274.5,88.5,71.1
2919,Polonnaruwa,Dry,Yala,6.88,0.137,6.9,79,1.03,74.3,30,120,60,40,257.9,121.7,66
2920,Colombo,Wet,Yala,5.33,,10.3,132.3,2.81,316.4,27.9,120,40,20,253.2,87.1,34.4
2921,Polonnaruwa,Dry,Maha,6.65,0.119,14.1,56.1,0.56,271.6,28.2,120,40,60,254.1,91.8,104.9
2922,Galle,Wet,Maha,4.86,0.083,9.4,102.3,2.81,256.7,27.3,130,60,20,291.6,124.8,35.3
2923,Ampara,Dry,Yala,7.07,0.07,9.8,56,,77.4,30.9,130,60,60,296,129,93.5
2924,Jaffna,Dry,Maha,7.29,0.115,9.6,87.8,1.44,149.3,27.3,120,60,40,248.4,139,64.7
2925,Ampara,Dry,Yala,6.66,,9,95.7,0.96,75.7,31,100,60,40,213.2,129,64.9
2926,Kilinochchi,Dry,Yala,5.8,0.077,13,53,1.12,91.8,29.4,130,40,60,299.6,85.2,99
2927,Vavuniya,Dry,Yala,6.46,0.129,11.8,91,1.28,31.6,29.3,120,40,40,272.9,86.2,63.4
2928,Kalutara,Wet,Yala,5.08,0.064,7.5,,2.18,339.2,24.6,130,60,20,303.2,130.8,33.3
2929,Galle,Wet,Yala,5.33,0.084,8,141.5,1.93,254.9,24.6,130,60,20,293.4,133,34.1
2930,Hambantota,Dry,Maha,6.98,0.078,8.9,66,0.59,225.1,31.3,130,60,40,278.1,136.3,66.7
2931,Galle,Wet,Yala,5.76,0.177,5.5,96,,203.6,25.8,100,60,40,220.4,129.5,68.4
2932,Colombo,Wet,Yala,4.68,0.114,8.5,139.3,2.8,315.6,25.6,120,60,20,267.2,136.6,31.1
2933,Kurunegala,Intermediate,Yala,5.76,0.177,18,77.3,1.85,154.9,27.6,100,20,40,203.7,43.7,70.5
2934,Hambantota,Dry,Yala,7.36,0.134,7.8,,0.9,38.6,28.4,120,60,60,262.6,127.2,106.6
2935,Monaragala,Intermediate,Maha,5.5,0.092,,105.8,1.7,187.5,29.7,130,20,20,291.5,44.5,33.9
2936,Mullaitivu,Dry,Yala,6.74,0.141,14.9,100.9,0.8,70,27.8,120,40,20,247.9,89.8,35.2
2937,Batticaloa,Dry,Maha,6.91,,14.2,80.9,1.22,129.6,30.1,100,40,40,226.6,87.8,63
2938,Mannar,Dry,Maha,6.4,0.066,10.8,116.2,1.21,,30,130,40,20,286.2,81.2,34.8
2939,Kandy,Wet,Maha,5.46,0.175,6.3,100.1,2.01,241.6,27.4,100,60,20,232.1,123.9,31.4
2940,Jaffna,Dry,Maha,6.42,0.154,12.2,98.1,1.15,176.7,30.5,100,40,40,202.5,84.2,65.8
2941,Badulla,Intermediate,Maha,5.3,0.066,16.6,,1.85,169.1,26.6,130,20,20,272.7,42.1,32.4
2942,Vavuniya,Dry,Yala,6.03,0.108,10,42.7,0.81,29.3,27.1,120,40,60,264.9,89.3,101.3
2943,Kegalle,Intermediate,Yala,5.81,0.09,6.4,87.4,1.61,164.3,29.4,130,60,40,274,121,64.7
2944,Batticaloa,Dry,Maha,7.08,0.181,6.6,105,0.65,274.4,31.6,100,60,20,224.4,135.4,34
2945,Batticaloa,Dry,Yala,,0.182,,108.7,1.49,67.2,31.7,100,40,20,225.8,83.9,32.6
2946,Matara,Wet,Yala,5.13,0.071,11.7,102.4,,234.7,24.9,130,40,20,265.8,84.5,35.1
2947,Colombo,Wet,Yala,4.93,0.061,7,84.9,2.04,203,25.4,130,60,40,283.2,130.9,68
2948,Matara,Wet,Maha,5.3,0.077,11.5,136.6,2.08,282.7,26.5,130,40,20,283,83.3,31.9
2949,Kegalle,Intermediate,Maha,6.51,0.098,5.4,87.8,1.59,109.7,26.3,130,60,40,277.1,137.9,65.1
2950,Polonnaruwa,Dry,Maha,,0.104,11.2,109.3,0.56,251,30.4,120,40,20,277.8,81.6,35
2951,Ampara,Dry,Maha,7.14,0.053,13.9,101,1.07,281,30.2,130,40,20,296.5,86.3,32.7
2952,Hambantota,Dry,Yala,6.72,0.126,8.9,77.9,1.45,25,29.1,120,60,40,268.6,137.2,67.1
2953,Monaragala,Intermediate,Maha,5.83,0.171,9.8,81,1.2,203.1,28.8,100,60,40,224.4,132.7,68.2
2954,Matara,Wet,Maha,4.74,0.101,10.5,124.7,1.5,251.2,27.9,120,40,20,259.4,84.3,32.5
2955,Kandy,Wet,Yala,5.42,0.183,,61.9,2.73,249.2,24.5,100,60,40,231.1,128.9,64.6
2956,Mullaitivu,Dry,Yala,5.81,0.174,9.3,109.5,0.63,53.9,28.9,100,60,20,223.7,134.4,33.2
2957,Jaffna,Dry,Maha,6.42,0.082,5.1,60.9,1.35,213.9,27.3,130,60,40,292.3,139.7,63.8
2958,Kurunegala,Intermediate,Yala,5.71,0.189,7,52.3,1.91,113.2,27.9,100,60,60,229.2,138.1,96.8
2959,Nuwara Eliya,Wet,Yala,,0.152,11.3,141,2.35,269.6,26.9,100,40,20,210,84.9,31.1
2960,Jaffna,Dry,Yala,7.03,0.154,5.7,71,0.54,40.9,27.2,100,60,40,227.4,140.1,64.7
2961,Colombo,Wet,Maha,4.74,0.109,7,130.2,2.5,398.9,25.8,120,60,20,249,120.7,32.4
2962,Jaffna,Dry,Maha,5.75,0.165,10.4,47.6,0.84,203.2,28.8,100,40,60,212.4,80.8,106.9
2963,Batticaloa,Dry,Maha,6.14,0.163,13.1,111.8,1.28,148.4,,100,40,20,212,91.2,33.7
2964,Kilinochchi,Dry,Yala,5.79,0.056,6,93.2,0.52,90.4,29.2,130,60,40,302.9,124.5,69.6
2965,Batticaloa,Dry,Yala,6.11,0.062,5.5,53,0.61,32.6,28.6,130,60,60,297.7,121.8,93.2
2966,Monaragala,Intermediate,Yala,6.41,0.162,8.3,121.7,1.81,126.1,26.5,100,60,20,224,125.3,31.3
2967,Kilinochchi,Dry,Yala,7.11,0.092,10.3,84,1.27,23.7,27.1,130,40,40,292.2,86,69.8
2968,Kalutara,Wet,Yala,5.56,0.128,8.9,64.3,2,244,24.5,120,60,40,263.3,134.9,67.9
2969,Galle,Wet,Yala,6,0.071,5.6,91.4,2.41,217.3,24.3,130,60,40,301.6,132.8,63.6
2970,Puttalam,Dry,Maha,7.26,0.097,7.5,108.9,0.57,217.9,29.7,130,60,20,282.4,125.3,32.8
2971,Vavuniya,Dry,Yala,6.04,0.098,10.1,46.4,1.36,59.4,27,130,40,60,277.5,87,100.6
2972,Ratnapura,Wet,Yala,4.6,0.184,8.6,142.8,2.47,284.6,24.5,100,60,20,206.4,138.7,35
2973,Anuradhapura,Dry,Maha,6.74,,12.7,90.3,0.85,140.1,27.1,120,40,40,272.1,91.1,62.3
2974,Puttalam,Dry,Maha,7.04,0.155,,108.1,1.07,242,30.8,100,60,20,225,126.9,33.8
2975,Mannar,Dry,Maha,6.87,0.093,12.4,98.7,1.33,191.6,27.1,130,40,40,277.7,93.3,68.9
2976,Nuwara Eliya,Wet,Yala,5.09,0.181,7.4,,2.8,299.5,26.7,100,60,20,201.9,134.5,35.7
2977,Kilinochchi,Dry,Yala,7.42,0.13,12.4,67.6,1.04,34.2,,120,40,40,274.2,81.3,69.8
2978,Galle,Wet,Yala,4.85,0.185,5.2,66.2,1.53,391,27.5,100,60,40,201.5,121.3,64.5
2979,Nuwara Eliya,Wet,Yala,4.86,0.192,6.9,60.8,1.56,388.6,27.4,100,60,40,224,123.9,68.8
2980,Monaragala,Intermediate,Yala,5.96,0.156,5.4,,1.34,,28.9,100,60,20,232.7,134.9,34.6
2981,Nuwara Eliya,Wet,Yala,5.75,0.066,8.6,79.6,2.78,388.5,25.7,130,60,40,280,124.2,69
2982,Kandy,Wet,Maha,4.94,0.174,9.4,127.1,1.79,253,25.9,100,60,20,208.8,130.6,34.9
2983,Anuradhapura,Dry,Maha,5.6,0.139,,119.4,0.64,239.4,28.1,120,40,20,268.9,81.7,35.3
2984,Kalutara,Wet,Yala,5.81,0.092,8.3,66.9,,251.3,26.5,130,60,40,296,138.6,62.7
2985,Mannar,Dry,Yala,6.37,0.147,14,106.8,1.04,21.2,27.4,120,40,20,262.7,85,31.3
2986,Jaffna,Dry,Yala,7.31,,7.5,93.1,0.84,70.4,27.8,120,60,40,279.2,138.4,69.7
2987,Matara,Wet,Maha,4.86,0.135,9.5,147.7,2.88,386.7,26.6,120,60,20,243.4,139.1,32.1
2988,Monaragala,Intermediate,Yala,6.06,0.091,,123.3,1.95,,27.3,130,20,20,282.8,40.3,31.1
2989,Gampaha,Wet,Yala,5.09,0.069,11.6,128.9,2.76,354.2,24.7,130,40,20,291.9,86.5,32.8
2990,Vavuniya,Dry,Maha,6.97,0.108,12.6,69.1,1.29,285.4,30.8,120,40,40,275.1,80.8,69.9
2991,Mullaitivu,Dry,Yala,5.82,0.065,14.6,54.6,,70,30.8,130,40,60,269,92.3,94.4
2992,Matale,Intermediate,Yala,5.43,0.095,13.2,,1.28,156.3,28.5,130,40,40,295.3,87.2,68.4
2993,Kalutara,Wet,Maha,5.43,0.051,,121.9,2.64,353.2,26.1,130,60,20,284.8,122.1,30.8
2994,Badulla,Intermediate,Maha,5.71,0.124,7,,1.56,125.4,26.4,120,60,20,256.9,122.8,31.4
2995,Kurunegala,Intermediate,Maha,5.45,0.173,19.9,65,1.58,,28.2,100,20,40,205.4,42.7,65.2
2996,Polonnaruwa,Dry,Maha,6.76,0.158,13.4,62.5,1.21,284.8,28.2,100,40,40,229.3,92.7,62.5
2997,Trincomalee,Dry,Yala,5.82,0.145,8,117.2,,69.2,,120,60,20,247.5,134.2,35
2998,Mannar,Dry,Yala,5.96,0.153,11.8,110,1.43,37.6,31.4,100,40,20,211.2,91.8,35.1
2999,Puttalam,Dry,Maha,7.23,0.141,9.9,113.1,1.37,271.6,27.2,120,60,20,252.7,127.8,34.6
3000,Batticaloa,Dry,Yala,7.38,0.136,7.3,83.7,1.24,83.6,27.4,120,60,40,275.4,121.5,64.1
3001,Ratnapura,Wet,Yala,5.05,,8.5,145.3,1.64,229.2,27.9,130,60,20,289.9,139.7,33.4
3002,Badulla,Intermediate,Maha,5.2,0.105,13,88.7,1.24,137.6,27.3,120,40,40,272.5,80.7,63.5
3003,Matale,Intermediate,Maha,5.22,0.067,15,100.3,1.02,210.4,29.6,130,20,20,272,46.4,32.2
3004,Jaffna,Dry,Yala,6.59,0.132,7,41.5,0.53,96.7,30.2,120,60,60,265.8,127.8,100.2
3005,Matale,Intermediate,Maha,6.38,0.167,15.3,90.1,1.76,103.2,29.5,100,20,40,219.7,40.3,69.1
3006,Trincomalee,Dry,Maha,6.63,0.105,10.7,94.7,0.95,252.3,32,120,40,40,273.9,89.5,62.6
3007,Kandy,Wet,Maha,5.68,0.133,6.1,90.3,1.98,271.4,25.7,120,60,40,276.8,139.8,64.7
3008,Trincomalee,Dry,Maha,7.03,0.141,,51.9,1.44,,31.4,120,40,60,241.8,93.1,106.4
3009,Polonnaruwa,Dry,Maha,6.2,0.057,,84.8,1.06,131.2,29.2,130,60,40,290,123.8,66
3010,Puttalam,Dry,Yala,7.29,0.197,13.4,69.6,1.18,85.7,28.3,100,40,40,202.8,82.8,71.1
3011,Vavuniya,Dry,Maha,7.29,0.176,8.1,89.6,1.25,136,29.7,100,60,40,219,131.7,71.6
3012,Matara,Wet,Maha,4.77,0.139,6.3,69.1,2.19,384,28,120,60,40,252.6,133.1,67
3013,Galle,Wet,Yala,5.97,0.175,8.5,97.1,2.84,358,26,100,60,40,211.1,135.1,64.6
3014,Kalutara,Wet,Yala,5.16,0.102,10.5,136.9,2.18,346.7,27.4,120,40,20,255.1,82.8,34.8
3015,Kurunegala,Intermediate,Maha,6.35,0.058,13.3,50.7,1.17,203.1,26.9,130,40,60,287.7,93,94.9
3016,Colombo,Wet,Maha,5.03,0.195,8.2,81.5,2.47,321.2,24.8,100,60,40,212,133.1,64.2
3017,Kurunegala,Intermediate,Yala,6.77,0.093,15.7,63.9,1.67,128.9,29.5,130,20,40,292.5,45.8,69.6
3018,Ampara,Dry,Maha,5.61,0.094,12.9,70.4,1.34,207,30.9,130,40,40,278.6,87.5,66
3019,Ratnapura,Wet,Maha,5.46,,10.6,81,1.91,217.8,25.6,130,40,40,264.3,85.9,63.7
3020,Trincomalee,Dry,Maha,6.96,,10.3,91.9,1.09,164.9,30.7,120,40,40,272,93.2,68.2
3021,Kilinochchi,Dry,Yala,6.85,0.091,7.4,56.9,0.76,86.6,30.9,130,60,60,273.5,132,103.5
3022,Kilinochchi,Dry,Maha,6.14,0.077,10.3,98.5,0.65,256.7,31.6,130,40,40,279.7,91.8,62.9
3023,Matale,Intermediate,Yala,6.48,0.087,10.6,106.5,1.59,128.3,,130,40,20,290.5,92.9,32.2
3024,Ampara,Dry,Yala,6.3,0.094,15,70.5,1.15,68.8,27.6,130,20,40,275.5,44.6,63.9
3025,Trincomalee,Dry,Maha,7.4,0.06,12.6,79.7,0.73,220.9,31.7,130,40,40,263.8,87.6,65.5
3026,Mullaitivu,Dry,Maha,6.73,0.11,5.9,105.5,0.64,285,29.7,120,60,20,256,120.7,34.6
3027,Matale,Intermediate,Maha,5.36,0.153,16.6,108.9,1.81,154.3,27.2,100,20,20,231.9,40.5,34.4
3028,Colombo,Wet,Yala,5.14,0.05,10.1,98.3,2.12,293.9,25.1,130,40,40,288.6,83.1,68.3
3029,Ampara,Dry,Maha,7.05,0.104,8.9,83.8,0.56,176.6,29.6,120,60,40,267.6,124.3,61.8
3030,Gampaha,Wet,Maha,5.85,0.094,8,102,2.17,258,25.1,130,60,20,288.2,125.6,31.5
3031,Kurunegala,Intermediate,Maha,6.57,0.081,15.6,112.4,1.31,121.8,28.7,130,20,20,269.8,42.2,31.9
3032,Puttalam,Dry,Yala,6.18,0.1,10.9,79.5,0.85,77.2,31.3,120,40,40,257.7,85.2,64.4
3033,Matara,Wet,Yala,5.2,0.088,5.2,86.3,2.1,284.7,25.1,130,60,40,293.2,128.8,63.2
3034,Ratnapura,Wet,Maha,5.98,0.107,10,105.9,2.39,354.4,28,120,40,20,245.3,81.8,32.9
3035,Jaffna,Dry,Maha,6.15,0.16,12.4,84.8,1.13,140.5,30.9,100,40,40,210.2,81,62.4
3036,Colombo,Wet,Maha,5.92,0.184,10.3,107.1,2.04,200.6,24.9,100,40,20,210.1,89.3,34.5
3037,Hambantota,Dry,Yala,5.64,0.196,6,79.3,0.61,49.5,29.9,100,60,40,215.2,131.1,69.6
3038,Kurunegala,Intermediate,Yala,5.54,0.155,15.9,114.9,1.44,158.6,29.8,100,20,20,233.1,43.1,33.7
3039,Ampara,Dry,Maha,7.16,0.16,5.8,100.6,1.26,203.8,29.6,100,60,20,203.3,133,31.3
3040,Kurunegala,Intermediate,Yala,,0.126,14,79.6,1.18,106.4,29,120,40,40,261.6,91.3,70.6
3041,Kurunegala,Intermediate,Yala,6.19,0.085,17.8,78.8,1.11,114.8,29.2,130,20,40,269,43,71.4
3042,Kurunegala,Intermediate,Yala,5.39,0.122,13.8,109.3,1.58,228,27,120,40,20,279.3,88.8,31.8
3043,Hambantota,Dry,Maha,6.11,0.199,13.7,64.2,1.14,198.1,31.6,100,40,40,204.8,92.9,68.7
3044,Mannar,Dry,Maha,7.1,0.164,6.6,96.4,0.79,292.6,31.2,100,60,40,214.3,137,70.1
3045,Anuradhapura,Dry,Maha,7.2,0.126,13.4,118.8,1.3,159.6,28.2,120,40,20,270.2,86,33.5
3046,Badulla,Intermediate,Maha,6.4,0.176,6,54.7,1.8,157.6,26.4,100,60,60,224.1,133.2,97.3
3047,Anuradhapura,Dry,Maha,6.14,0.111,10.9,100.7,0.56,197.6,,120,40,20,257.9,82.8,33.2
3048,Galle,Wet,Yala,5.47,0.052,8.5,97.3,2.86,310.6,25.6,130,60,40,276.1,131.6,66.8
3049,Nuwara Eliya,Wet,Yala,5.07,0.18,6.4,66.3,2.8,240.4,25.1,100,60,40,214.1,139.8,65.7
3050,Kegalle,Intermediate,Maha,5.61,0.126,11.9,,1.92,150.7,28.5,120,40,20,251.7,87.2,35.4
3051,Mannar,Dry,Maha,5.84,0.115,12.1,50.7,1.46,298.2,31.7,120,40,60,249.4,92.6,103.7
3052,Puttalam,Dry,Maha,6.78,0.069,8.3,109.2,1.42,258.1,30.9,130,60,20,281.9,128.6,32
3053,Hambantota,Dry,Yala,5.84,0.182,7.7,79,1.18,38.9,31,100,60,40,209.9,140.2,67.6
3054,Kilinochchi,Dry,Yala,6.81,,9.2,109.7,0.67,35,29.3,130,60,20,273.6,131.9,34.2
3055,Mullaitivu,Dry,Yala,6.29,0.159,6.2,78.7,0.54,91.5,27.5,100,60,40,222.5,121.4,63.1
3056,Mullaitivu,Dry,Yala,6.18,0.072,11,53.1,0.72,45,32,130,40,60,302.5,88.1,97.9
3057,Kurunegala,Intermediate,Yala,5.46,0.109,15.7,124.6,1.73,106,29.5,120,20,20,265,42,35.3
3058,Monaragala,Intermediate,Yala,5.6,0.142,10,50.9,1.18,241.3,29.8,120,40,60,244.3,80.9,101
3059,Polonnaruwa,Dry,Yala,6.37,0.084,5.9,78.4,0.57,87.5,,130,60,40,264.6,136.7,63.9
3060,Badulla,Intermediate,Maha,6.37,0.139,16.1,126.1,1.86,205.5,28.9,120,20,20,278.6,42,31.4
3061,Kilinochchi,Dry,Maha,6.51,0.136,12.5,67.6,0.54,139.5,28.7,120,40,40,253,90.9,66.9
3062,Kalutara,Wet,Yala,4.75,0.075,6.6,107.8,2.69,212.9,26,130,60,20,265.3,126.3,33.5
3063,Kalutara,Wet,Yala,4.92,0.14,,97.7,1.67,324,25.8,120,40,40,264.8,83,65
3064,Puttalam,Dry,Yala,7.43,0.105,13.2,97.3,0.55,29.1,29.2,120,40,40,265.7,93.2,68
3065,Matale,Intermediate,Yala,6.64,0.152,6.9,69,,114.5,27.9,100,60,40,222.2,127.7,62.4
3066,Kegalle,Intermediate,Maha,6.71,,15.7,86.4,1.11,217.9,27.7,100,20,40,209.8,44.2,63.1
3067,Matara,Wet,Yala,5.4,0.138,8.7,112.8,2.55,227.9,25,120,60,20,241.9,132.6,33.5
3068,Hambantota,Dry,Yala,5.71,0.108,13.2,112.7,1.17,45.6,29.9,120,40,20,279.1,87.8,31.1
3069,Kandy,Wet,Yala,4.5,0.139,9.9,94.9,2.06,230.8,28,120,60,40,251.2,138.5,70.5
3070,Monaragala,Intermediate,Yala,5.24,0.166,15.2,72.8,1.8,237.2,29.8,100,20,40,223.1,44.6,63.1
3071,Ratnapura,Wet,Maha,5.21,0.179,11.9,116.2,2.16,274.6,26,100,40,20,224.1,85.7,34.2
3072,Batticaloa,Dry,Yala,5.65,0.074,14.2,115.6,0.9,51,31,130,40,20,287.3,91.7,32.8
3073,Hambantota,Dry,Maha,6.7,0.1,9.6,101.2,1.34,287.4,30.6,120,60,20,253.6,124.2,32.8
3074,Monaragala,Intermediate,Maha,5.83,0.078,15.7,89.8,1.83,174.2,28.1,130,20,40,272.9,43.8,69.4
3075,Polonnaruwa,Dry,Maha,6.24,0.152,11.9,114.4,0.91,269.3,31.6,100,40,20,220.6,92.9,33.3
3076,Kalutara,Wet,Yala,5.71,0.074,11.5,92,2.51,354.4,24,130,40,40,298.1,88.6,69
3077,Polonnaruwa,Dry,Maha,6.45,0.083,12.1,70.5,0.87,233.3,28.1,130,40,40,301.5,91.1,66.8
3078,Kegalle,Intermediate,Maha,5.95,0.114,16.7,80.5,1.31,114.3,27.7,120,20,40,245.5,44.5,67.6
3079,Batticaloa,Dry,Yala,6.78,0.159,6.2,108.1,1.29,23.9,,100,60,20,206.1,137,34.6
3080,Hambantota,Dry,Yala,6.18,0.125,5.7,102.9,1.23,66.3,28.4,120,60,20,278.3,139.1,33.8
3081,Matale,Intermediate,Maha,6.62,0.14,16.9,95.2,1.13,178.1,27.9,120,20,40,270.2,42,67.9
3082,Ratnapura,Wet,Maha,5.71,0.105,8.9,114.4,1.77,393,27.5,120,60,20,275.9,123.9,34.7
3083,Hambantota,Dry,Yala,6.43,0.176,7.2,113.9,0.61,35.6,30.9,100,60,20,207.7,130.1,35.5
3084,Galle,Wet,Yala,5.62,0.129,5.6,141.9,2.21,343.6,26.1,120,60,20,264.3,134.3,32.7
3085,Puttalam,Dry,Yala,6.05,0.11,14.8,85.4,0.72,85,30.4,120,40,40,268.8,83.4,67.5
3086,Vavuniya,Dry,Yala,6.85,0.188,10.8,48.3,1.16,81.5,27.2,100,40,60,223.3,80.5,93.8
3087,Gampaha,Wet,Maha,5.69,0.112,10.6,147,2.27,290.9,24.9,120,40,20,257.3,85,32.6
3088,Mullaitivu,Dry,Yala,6.61,0.12,9.1,76.5,1.42,26,29.4,120,60,40,241.9,139.6,65.8
3089,Vavuniya,Dry,Yala,7.43,0.164,9,52.9,0.7,82.5,31.7,100,60,60,220.1,134.2,105
3090,Kalutara,Wet,Maha,4.59,0.072,9.2,114.8,2.52,207.1,26.5,130,60,20,272.1,128.5,33.4
3091,Gampaha,Wet,Maha,4.59,0.141,6.9,116.2,1.91,255.3,26.3,120,60,20,259,124.4,34.5
3092,Badulla,Intermediate,Yala,6.36,0.099,15.2,107.2,1.2,,29.9,130,20,20,302,42.6,30.9
3093,Nuwara Eliya,Wet,Yala,5.09,0.184,11.4,73.7,2.05,,25,100,40,40,214.1,82.7,66.3
3094,Batticaloa,Dry,Maha,5.91,0.162,14.9,64.1,0.77,125.6,30.4,100,40,40,228.5,81.9,70.7
3095,Puttalam,Dry,Yala,,0.074,7.5,62.2,1.01,39.3,30.1,130,60,40,269.4,138.4,63.9
3096,Galle,Wet,Yala,5.98,0.181,10.8,115.9,2.32,320.3,24.4,100,40,20,223,93.5,31
3097,Ampara,Dry,Maha,7.16,0.127,14.1,49.9,0.63,264,28.4,120,40,60,279.6,82.6,99
3098,Trincomalee,Dry,Yala,7.4,0.122,9.2,58.3,1.22,90.7,27.5,120,60,60,245.3,121.7,103.1
3099,Ratnapura,Wet,Maha,5.35,0.177,,98.8,2.75,323.6,26.2,100,60,40,201.4,127.1,66.2
3100,Colombo,Wet,Yala,5.47,0.098,11.8,141.8,1.98,,25.3,130,40,20,279.8,86.5,33.1
3101,Puttalam,Dry,Maha,6.7,0.116,7.7,86.8,0.6,215,31.2,120,60,40,245,124.6,68.4
3102,Polonnaruwa,Dry,Maha,5.8,,5.9,101.2,1.22,198.4,30.1,100,60,20,225.5,126.5,32.1
3103,Nuwara Eliya,Wet,Maha,4.92,0.117,10.5,115.2,2.17,370.1,,120,40,20,277.1,83.1,34.6
3104,Colombo,Wet,Yala,5.48,0.178,6.8,97.9,2.57,357.7,25.6,100,60,40,215.2,135.8,63.2
3105,Polonnaruwa,Dry,Maha,5.82,0.122,9,111.6,1.25,249.7,30.9,120,60,20,251.5,134.6,32.8
3106,Matara,Wet,Yala,5.59,0.072,7.2,65.7,1.64,324.9,27.1,130,60,40,279.8,133,68.3
3107,Vavuniya,Dry,Maha,,0.127,10.7,110,0.99,263,,120,40,20,269.6,85.5,34.9
3108,Kalutara,Wet,Maha,5.26,,9.1,126.9,2.81,331.5,27.1,130,60,20,261.8,138.4,34.8
3109,Ampara,Dry,Yala,,0.118,9.5,58.3,0.81,70.6,27.4,120,60,60,264.4,139.6,103.3
3110,Kalutara,Wet,Maha,5.64,0.175,7.8,105.8,2.05,,24,100,60,20,221.1,124,32.6
3111,Anuradhapura,Dry,Maha,5.5,0.198,10.2,43.1,1.09,,30.6,100,40,60,221.9,83.4,94.3
3112,Nuwara Eliya,Wet,Yala,5.06,0.176,9.8,112.4,2.02,377.8,27.2,100,60,20,209,130.9,31.9
3113,Monaragala,Intermediate,Yala,5.76,0.162,16,70.9,1.58,108.4,28.1,100,20,40,224.4,40.8,70.4
3114,Gampaha,Wet,Maha,5.22,0.079,7.9,73.7,2.27,242.8,25,130,60,40,265.3,129.2,70.3
3115,Kegalle,Intermediate,Maha,5.85,0.073,14.2,110.6,1.69,178.7,27.4,130,40,20,269.9,88.1,35.6
3116,Ratnapura,Wet,Maha,5.45,,8.2,104.1,2.56,356.5,27.3,130,60,20,298.6,130.8,31.2
3117,Colombo,Wet,Yala,4.95,0.077,8.2,111.3,2.52,318.6,26.6,130,60,20,292.7,127.1,33.5
3118,Ampara,Dry,Yala,5.74,0.132,13.3,56.9,0.51,37.4,27.9,120,40,60,241.9,87.6,102.2
3119,Matara,Wet,Yala,5.52,0.136,5.7,83.4,2.93,279,27.1,120,60,40,251.1,139.4,68.8
3120,Colombo,Wet,Yala,4.69,0.117,10,62.4,2.91,361.1,24.8,120,40,40,249.7,83.2,68.1
3121,Kandy,Wet,Maha,5.69,0.174,11,135.5,2.57,315,25.1,100,40,20,209.9,89,34.6
3122,Kegalle,Intermediate,Maha,6.11,0.065,16.1,128.9,,225.9,29.2,130,20,20,271.9,40.5,32.6
3123,Kalutara,Wet,Maha,4.63,0.186,10.7,121.8,1.84,369.8,26.1,100,40,20,203.1,81.3,31.7
3124,Ampara,Dry,Maha,6.35,0.16,7.1,107,0.8,295.5,30.8,100,60,20,216.1,131.4,31.8
3125,Polonnaruwa,Dry,Yala,5.7,0.08,13.7,47.1,0.83,98.2,31.8,130,40,60,292.5,81.8,92.7
3126,Matara,Wet,Maha,5.2,0.196,5.4,69.9,1.74,220.1,25.4,100,60,40,220.9,121.1,65.2
3127,Galle,Wet,Maha,5.36,0.177,6.2,133.6,1.54,288.4,26.3,100,60,20,223,124,31.3
3128,Ampara,Dry,Maha,5.72,0.11,13.7,58.8,0.74,262,30.1,120,40,60,244.5,87.8,97.3
3129,Nuwara Eliya,Wet,Maha,4.78,0.056,5.8,130.4,2.73,255.3,27.2,130,60,20,301.7,134.4,33.9
3130,Galle,Wet,Yala,5.03,0.158,10.1,120.4,1.76,292.7,24.8,100,40,20,228.4,83.1,35.3
3131,Kilinochchi,Dry,Maha,6.05,0.051,5.5,72.7,1.05,188.1,28.3,130,60,40,295.5,133.7,70.1
3132,Colombo,Wet,Maha,5.45,0.083,10.2,133.6,2.7,378.4,27.2,130,40,20,296.3,82.9,32.1
3133,Galle,Wet,Maha,,0.106,7.3,76.9,2.84,355.2,24.6,120,60,40,277.8,132.6,63
3134,Kegalle,Intermediate,Maha,6.6,0.108,14.4,93.5,1.74,210.8,27.3,120,40,40,262.6,85.9,63.6
3135,Polonnaruwa,Dry,Yala,6.34,0.184,8.6,51.4,0.52,47.3,29.8,100,60,60,207.6,133.4,107.1
3136,Matara,Wet,Yala,5.58,0.116,7.4,,2.35,396.8,25.6,120,60,20,265.5,140.1,33.5
3137,Gampaha,Wet,Maha,5.84,0.078,7.6,136.7,2.27,358.6,25.8,130,60,20,292.9,139,31.7
3138,Jaffna,Dry,Yala,5.82,0.14,5.2,106,1.03,68.1,29.4,120,60,20,270.2,120.7,35
3139,Colombo,Wet,Yala,4.96,0.069,5.5,147.7,2.34,295.8,27.5,130,60,20,283.5,137.9,32.8
3140,Gampaha,Wet,Yala,5.62,0.171,11.1,70.8,2.9,324.3,25.6,100,40,40,203.3,81.3,70.7
3141,Matale,Intermediate,Maha,5.62,0.124,6.3,121.9,1.41,171.2,27.9,120,60,20,255.9,139.3,32.1
3142,Matara,Wet,Maha,4.73,0.148,10.3,123.2,2.46,237.3,25.1,120,40,20,277.4,84.2,32.8
3143,Ratnapura,Wet,Yala,5.32,0.114,10.7,71.5,2.23,277.6,25.6,120,40,40,264.2,85.5,66.7
3144,Kalutara,Wet,Maha,5.84,0.164,10.8,126.8,2.83,338.3,27,100,40,20,218.7,81.7,35.3
3145,Kurunegala,Intermediate,Yala,5.42,0.082,9.4,94.8,1.69,106.4,26.5,130,60,40,272.8,122.8,70.4
3146,Kalutara,Wet,Yala,,0.15,10.5,109.9,1.94,366.4,25.9,100,40,20,213.1,90,33.7
3147,Colombo,Wet,Yala,5.99,0.061,6.6,119.1,2.3,280.7,26.3,130,60,20,299.4,139.1,31.9
3148,Polonnaruwa,Dry,Maha,6.73,0.111,8.3,,1.4,193.2,29.1,120,60,20,267.4,132.6,32.8
3149,Gampaha,Wet,Yala,5.6,0.101,6.5,61.4,1.87,310.9,25.3,120,60,40,272.1,134.6,71.5
3150,Monaragala,Intermediate,Yala,6.4,0.061,,66.6,1.59,248.1,28.7,130,40,40,280.7,90.4,67.8
3151,Kandy,Wet,Maha,4.76,0.145,9.6,108.3,2.61,387.9,25.1,120,60,20,266,125.8,34.7
3152,Monaragala,Intermediate,Maha,5.48,0.08,16.7,,1.12,144,26.6,130,20,40,271.9,40.5,66.2
3153,Nuwara Eliya,Wet,Maha,5.32,0.127,11.6,125.1,1.96,252.1,25,120,40,20,268.9,80.5,33.5
3154,Polonnaruwa,Dry,Yala,5.88,0.059,7.5,110.4,,93.9,29.9,130,60,20,279.5,127.5,32.9
3155,Matara,Wet,Yala,4.75,0.053,7.6,116.4,2.08,240.9,25.3,130,60,20,280.2,125.3,34.3
3156,Ampara,Dry,Yala,7.3,0.104,7.1,99.3,0.6,62.9,31.9,120,60,40,266.7,121.8,70.2
3157,Batticaloa,Dry,Yala,5.93,0.051,9.2,57.1,0.5,23.5,,130,60,60,301.1,124.1,100.1
3158,Kandy,Wet,Maha,5.81,0.093,5.8,95.1,2.43,255,24.5,130,60,40,264.1,123.1,66.5
3159,Polonnaruwa,Dry,Maha,7.3,0.118,,57.5,1.09,220.8,32,120,60,60,273.6,138.5,97.6
3160,Kilinochchi,Dry,Maha,6.75,0.061,5.6,88.3,0.7,266.2,27.8,130,60,40,273.8,123.4,63.5
3161,Mullaitivu,Dry,Yala,7.29,0.066,12.4,49.6,1.17,25,27,130,40,60,280.2,87.5,106.6
3162,Mullaitivu,Dry,Maha,7.34,0.099,10.7,,1.28,280.1,29.9,130,40,40,262.3,88.2,64.9
3163,Mannar,Dry,Maha,6.31,0.069,10,89.6,1.5,280,29.7,130,40,40,274.2,87.6,69.7
3164,Kurunegala,Intermediate,Yala,6.06,0.162,17.5,100,1.14,150.7,,100,20,20,217.5,40.9,34.4
3165,Trincomalee,Dry,Maha,6.72,0.168,5.4,110.1,1.21,163.2,,100,60,20,202.9,126.9,34.8
3166,Polonnaruwa,Dry,Maha,7.23,0.054,9.4,64.1,0.99,175.1,31.1,130,60,40,282.2,121.6,71.1
3167,Kilinochchi,Dry,Yala,5.75,0.146,12.5,92,0.78,,27.5,120,40,40,277.6,85.6,67.9
3168,Galle,Wet,Maha,5.24,0.066,6.9,108,2.24,,27.4,130,60,20,265.9,124.3,35.3
3169,Polonnaruwa,Dry,Yala,6.7,0.13,7.6,74.2,0.56,65.2,31.2,120,60,40,271.2,131.6,63.4
3170,Badulla,Intermediate,Yala,,0.139,6.9,64.2,1.2,242,28.2,120,60,40,257.4,134.2,68
3171,Ampara,Dry,Yala,6.32,0.071,7.4,50.3,1.16,32.7,29.5,130,60,60,289.2,131,104.1
3172,Galle,Wet,Maha,5.06,0.15,5.3,93.4,2.66,216.3,24.1,100,60,40,209.6,129.1,64.4
3173,Kalutara,Wet,Yala,5.87,0.083,9.2,74.1,2.71,225.8,26.1,130,60,40,268.2,128.2,69.1
3174,Hambantota,Dry,Yala,,0.176,13.8,100.5,0.54,64.7,28.2,100,40,20,206.3,91.5,34.7
3175,Kegalle,Intermediate,Maha,5.24,0.168,9.1,110.5,1.35,178,,100,60,20,203.4,124.9,35
3176,Kurunegala,Intermediate,Maha,6.42,0.164,12.3,98.9,1.47,102.2,27.7,100,40,40,207.1,90.1,64.8
3177,Badulla,Intermediate,Yala,5.52,0.127,16.1,,1,203.9,27.3,120,20,20,267.3,45.2,34.2
3178,Anuradhapura,Dry,Maha,,0.163,6.1,48,0.69,172.7,27.2,100,60,60,229.8,128.8,97.1
3179,Matara,Wet,Yala,5,0.196,6,114.6,2.52,361.6,25.1,100,60,20,227.6,126.4,34.5
3180,Mullaitivu,Dry,Yala,,0.079,7.8,115.6,1.18,42.4,27.8,130,60,20,290.4,129.8,33.1
3181,Polonnaruwa,Dry,Yala,5.57,0.06,10.5,71.7,1.05,87.7,29.6,130,40,40,266.1,81.7,67.7
3182,Badulla,Intermediate,Maha,5.4,0.079,16.2,71.9,1.29,220.9,29.6,130,20,40,273.7,40.5,65.9
3183,Matale,Intermediate,Maha,6.35,0.147,9.7,,1.46,200.2,29.5,120,60,20,253.5,122.8,31.6
3184,Batticaloa,Dry,Maha,7.18,0.132,,84,1.2,127,30.1,120,40,40,251.1,82.9,63.5
3185,Galle,Wet,Maha,4.95,,9.9,95.7,1.78,219.6,25.8,100,60,40,217.9,130.5,62.5
3186,Anuradhapura,Dry,Yala,7.08,0.06,12.5,57.6,1.38,76.3,30.5,130,40,60,284.1,91.6,101.8
3187,Kalutara,Wet,Yala,4.91,0.13,10.9,77.3,1.64,221.8,27.1,120,40,40,255.3,83.6,70.2
3188,Hambantota,Dry,Maha,6.82,0.121,13.4,104.7,0.98,225.7,31.8,120,40,20,255.2,92.7,30.9
3189,Anuradhapura,Dry,Yala,5.78,0.099,8.8,118,1.19,41.6,28.7,130,60,20,296.5,139.3,31.1
3190,Anuradhapura,Dry,Yala,5.83,0.089,7.8,92,1.14,,30.5,130,60,40,294.9,139.4,66.3
3191,Kalutara,Wet,Yala,5.05,0.156,11.9,126.2,2.23,222.2,25.1,100,40,20,211.1,91.4,34.5
3192,Trincomalee,Dry,Yala,6.67,0.054,5.4,65.6,1.22,73.2,30.7,130,60,40,300.1,127.7,63.3
3193,Matara,Wet,Yala,5.16,0.062,5.2,86.4,1.86,395.1,26.8,130,60,40,301.8,122,64.4
3194,Anuradhapura,Dry,Yala,7.3,0.199,6.8,115.1,0.55,81.1,29.6,100,60,20,211.8,131.7,32
3195,Kandy,Wet,Maha,5.44,0.2,6.5,94.1,2.29,280.6,27.6,100,60,40,212.7,131.5,65.7
3196,Trincomalee,Dry,Maha,6.97,0.179,10,51.2,0.63,179.1,31.4,100,40,60,217.6,91.6,95.9
3197,Mannar,Dry,Yala,6.43,0.102,7.9,115.3,0.93,36.1,31.7,120,60,20,278.2,140.1,32.6
3198,Colombo,Wet,Yala,,0.103,11.5,113.2,2.65,287.6,24.3,120,40,20,275.6,87.1,34.4
3199,Colombo,Wet,Maha,5.34,0.183,9.6,120.8,1.54,248,25.2,100,60,20,204.4,127.4,33.9
3200,Kilinochchi,Dry,Yala,6.89,0.095,13.2,103.2,0.73,95.3,31.4,130,40,20,278.1,82.9,31.2
3201,Anuradhapura,Dry,Maha,7.22,0.063,12.6,110.4,0.97,267.2,30.8,130,40,20,284.9,80.5,34
3202,Batticaloa,Dry,Yala,5.69,0.097,13.4,69.4,0.85,92.1,30.4,130,40,40,282.7,87.1,66.5
3203,Kilinochchi,Dry,Yala,7.36,0.112,11.5,65.4,0.56,57.5,28.5,120,40,40,248.9,87.7,71
3204,Anuradhapura,Dry,Maha,5.51,0.119,8.4,78.7,0.7,240.6,27.7,120,60,40,274.9,136.8,64.6
3205,Matara,Wet,Yala,,0.081,8,93.6,1.55,298.3,26.1,130,60,40,290.1,130.5,69
3206,Kilinochchi,Dry,Yala,6.33,0.116,11.3,83.3,0.54,52.9,30.2,120,40,40,274.1,92.4,69
3207,Polonnaruwa,Dry,Maha,7.08,0.198,6.1,100.7,0.71,248.9,30.1,100,60,20,229.1,132.9,31.9
3208,Ratnapura,Wet,Maha,5.52,0.122,8.4,82.6,2.06,315.1,24.7,120,60,40,270.6,137.1,70.7
3209,Batticaloa,Dry,Yala,5.66,0.076,6.9,66.7,,80.9,27.9,130,60,40,280,123.5,66.6
3210,Gampaha,Wet,Maha,5.53,0.177,5.4,60.1,1.51,315.3,,100,60,40,221,137.4,68.5
3211,Galle,Wet,Yala,4.6,0.053,5,144.6,2.39,334.4,25.1,130,60,20,268.2,133.8,31.5
3212,Gampaha,Wet,Maha,5.32,0.067,10.7,68.1,2.66,315.2,24.1,130,40,40,290,82.7,64.3
3213,Polonnaruwa,Dry,Yala,6.49,0.166,10.7,116.9,0.62,47.2,30.4,100,40,20,206.9,83,33.7
3214,Batticaloa,Dry,Maha,6.22,0.14,11.9,61.5,0.68,178.3,28.3,120,40,40,268.5,92.6,64.9
3215,Kandy,Wet,Yala,4.93,0.168,9.8,138.9,2,255,26.1,100,60,20,208.6,121.3,33.3
3216,Hambantota,Dry,Yala,5.73,0.091,12,76.1,1.01,99.5,29.3,130,40,40,266.4,86.5,65.4
3217,Vavuniya,Dry,Maha,7.16,0.159,10,109.6,0.67,187.9,30.4,100,40,20,206.5,84.6,34
3218,Vavuniya,Dry,Maha,,0.071,,104.4,0.88,292.6,30,130,40,20,261.5,89.2,33.2
3219,Colombo,Wet,Maha,5.78,0.124,11.2,64.7,2.91,300.8,25.4,120,40,40,269.5,91.4,61.7
3220,Kalutara,Wet,Yala,5.2,0.092,7.3,140.7,2.56,271.4,26.4,130,60,20,292.5,127.7,34
3221,Kandy,Wet,Maha,5.45,0.118,7.1,144.6,1.75,323.6,27.3,120,60,20,261.5,129,32.9
3222,Mullaitivu,Dry,Maha,7.17,0.064,9.2,67.7,1.15,121.8,31.7,130,60,40,268.2,139.8,65.1
3223,Batticaloa,Dry,Yala,7.27,0.197,7.2,113.4,1.43,75.1,31,100,60,20,203.8,136,31.3
3224,Colombo,Wet,Yala,,0.176,11.4,73.7,2.4,224.9,26.4,100,40,40,201.7,92.2,63.9
3225,Matale,Intermediate,Yala,6.52,0.14,7.1,,1.14,244.5,27.9,120,60,40,247.8,129.2,63.9
3226,Ampara,Dry,Maha,6.71,0.12,11,56.7,1.3,255.9,29.1,120,40,60,276.2,83.5,106.5
3227,Gampaha,Wet,Maha,4.87,0.176,9.9,99.1,2.27,346.6,25.9,100,60,40,209,128.7,66
3228,Gampaha,Wet,Maha,4.61,0.125,7.8,138.8,2.59,334.7,26.5,120,60,20,255.2,134.6,31
3229,Ratnapura,Wet,Yala,5.88,0.099,10.9,62.3,1.85,201,26.5,130,40,40,265.9,81.9,63.1
3230,Hambantota,Dry,Yala,7.13,,8.5,119.5,1.26,78,30.8,120,60,20,250,125.9,31.2
3231,Colombo,Wet,Yala,5.62,0.176,7.1,136.6,2.66,291.5,24.6,100,60,20,218,121.5,33.7
3232,Gampaha,Wet,Maha,5.34,0.174,11.6,110,1.59,262.5,27.2,100,40,20,220.9,86.1,31.7
3233,Puttalam,Dry,Yala,6.67,0.153,11.5,75.9,1.43,69.9,30.6,100,40,40,209.1,91.3,66.7
3234,Kandy,Wet,Maha,4.64,0.118,11.2,110.9,1.77,,27.8,120,40,20,243.6,80.8,32.7
3235,Monaragala,Intermediate,Yala,5.77,0.113,5.1,68.9,1.4,239.1,26.4,120,60,40,256.6,133.8,69.7
3236,Kilinochchi,Dry,Yala,6.97,0.09,14.8,88.1,1.47,,29.3,130,40,40,271.3,92.6,64.9
3237,Mannar,Dry,Yala,6.18,0.144,6.9,94.5,0.93,52.8,28.4,120,60,40,249.9,125.3,66.3
3238,Hambantota,Dry,Yala,5.54,0.135,6.4,48.6,1.31,75.3,27.3,120,60,60,278.9,134.2,103.3
3239,Vavuniya,Dry,Yala,5.56,0.151,9.1,47.5,1.5,84.6,31.8,100,60,60,221.2,139.7,99
3240,Monaragala,Intermediate,Maha,6.36,0.087,11,75.7,1.34,126.1,29.7,130,40,40,285,93,69.6
3241,Vavuniya,Dry,Yala,7.21,0.177,11.6,75,1.36,33.1,30.1,100,40,40,214.7,83.5,68.3
3242,Nuwara Eliya,Wet,Maha,4.83,0.069,7.5,97,2.11,330.1,27.5,130,60,40,279.6,122.6,65.8
3243,Kalutara,Wet,Yala,5.58,0.097,11,82.2,2.82,241.9,26.9,130,40,40,284.3,82.4,66.7
3244,Kurunegala,Intermediate,Maha,6.16,0.121,,110.3,1.61,222.2,26.4,120,20,20,268.6,44.8,35.6
3245,Kilinochchi,Dry,Yala,6.33,,8.1,89.7,0.51,39.8,29.6,130,60,40,291.2,134.8,68.3
3246,Trincomalee,Dry,Yala,5.9,0.18,14.8,85.8,1.48,81.5,27.3,100,40,40,206.7,89.3,70.8
3247,Kilinochchi,Dry,Maha,6.99,0.098,13.7,102,0.54,180.4,27.8,130,40,20,282.6,84.9,31.7
3248,Mullaitivu,Dry,Yala,6.29,0.115,14,40.4,0.75,22.2,29.8,120,40,60,257.5,82.7,99.7
3249,Mullaitivu,Dry,Maha,6.58,0.15,11.3,71.4,1.49,252.4,29.4,100,40,40,229.5,88.1,70.8
3250,Mullaitivu,Dry,Maha,5.76,0.104,6.6,48,1.08,292.2,30.8,120,60,60,266,130.1,97.3
3251,Mannar,Dry,Maha,5.64,0.185,6,82.1,1.41,,29.5,100,60,40,218.5,134.9,71.4
3252,Matara,Wet,Maha,4.77,0.141,8.7,107,1.6,299.6,26.3,120,60,20,245.8,129.3,31.3
3253,Kegalle,Intermediate,Maha,6.28,0.197,,,1.83,165.4,29.5,100,60,20,220.8,127.2,35.3
3254,Polonnaruwa,Dry,Yala,6.43,0.098,12.8,41.4,1.03,77.1,30.4,130,40,60,266.4,84.3,99.2
3255,Galle,Wet,Maha,4.53,0.092,10.2,124.2,2.98,362.9,27.6,130,40,20,275.7,83.2,31.2
3256,Hambantota,Dry,Maha,7.01,0.073,12.9,41.8,0.93,,30.6,130,40,60,267.5,83.9,105.7
3257,Ratnapura,Wet,Maha,4.65,0.072,5.2,80.7,2.23,288.1,26.7,130,60,40,290.7,122.5,64.2
3258,Jaffna,Dry,Yala,7.08,0.052,7,67.8,0.58,98.3,28.2,130,60,40,270.1,127.4,61.9
3259,Polonnaruwa,Dry,Maha,5.75,0.168,14.4,50.3,0.71,261,30.4,100,40,60,213.9,81,94.5
3260,Anuradhapura,Dry,Yala,7.4,0.149,14.4,78.2,1.41,61.9,27.8,120,40,40,276.4,82.9,68.3
3261,Ampara,Dry,Yala,7.28,0.086,14.2,,1.28,39.5,,130,40,20,270.1,90.2,35.7
3262,Ratnapura,Wet,Yala,5.46,0.171,6,114.3,2.3,218.4,24.1,100,60,20,217.7,127,31.4
3263,Kegalle,Intermediate,Yala,6.57,0.071,14.2,69.3,1.75,139.5,26.8,130,40,40,279.2,89.2,66.3
3264,Polonnaruwa,Dry,Maha,6.07,0.073,10.5,84.8,0.89,227.9,30.9,130,40,40,262.2,89.8,63.5
3265,Kilinochchi,Dry,Maha,6.52,,11.8,118.9,1.02,183.7,30.3,100,40,20,226.9,88.1,34.5
3266,Kurunegala,Intermediate,Maha,6.45,0.091,10.8,89.4,1.31,125.7,29.3,130,40,40,264.3,93,62.9
3267,Monaragala,Intermediate,Yala,6.37,0.074,17.2,75.5,1.51,149.1,27.7,130,20,40,281.5,40.4,64.1
3268,Ratnapura,Wet,Maha,4.56,0.172,10.2,80.1,2.69,262.7,28,100,40,40,219.4,90.1,63.7
3269,Kegalle,Intermediate,Maha,5.75,0.18,6.9,127.2,1.41,171.4,26.1,100,60,20,221.6,139.4,33.6
3270,Galle,Wet,Maha,5.64,0.065,,119,2.12,366.4,27.1,130,60,20,290.6,137.5,35.2
3271,Puttalam,Dry,Yala,7.08,0.145,7.2,89.2,,92,28,120,60,40,251.2,123.9,66.8
3272,Ampara,Dry,Maha,6.82,0.151,9.1,103.2,0.78,,29,100,60,20,201.4,127,31.1
3273,Kilinochchi,Dry,Yala,6.41,0.137,11.3,102.7,0.77,99.5,27.2,120,40,20,269.6,82.7,33.6
3274,Matale,Intermediate,Yala,6.07,0.112,16.6,113.2,1.32,100.4,,120,20,20,262.3,44.2,34.8
3275,Kalutara,Wet,Yala,5.85,0.179,10.5,133.3,2.38,257.2,25.7,100,40,20,228.4,89.8,31.5
3276,Matara,Wet,Maha,4.92,0.147,9.8,90.8,1.54,340.5,26.2,120,60,40,273.5,126.8,62.4
3277,Vavuniya,Dry,Yala,7.37,0.153,14.8,86.7,1.44,70.6,27.8,100,40,40,228.6,87.5,63.6
3278,Batticaloa,Dry,Yala,5.95,0.15,6.3,73.7,0.94,100,28.1,100,60,40,216.9,134.1,69.2
3279,Hambantota,Dry,Maha,5.8,0.142,6.5,88.9,1.48,220.9,29.2,120,60,40,254.4,128.9,67.6
3280,Jaffna,Dry,Maha,5.75,0.072,6.5,53.7,0.91,132.6,29.5,130,60,60,295,137.3,100.6
3281,Hambantota,Dry,Yala,6.51,0.132,13.8,,1.21,80.2,28.1,120,40,40,259,90.5,64.2
3282,Mullaitivu,Dry,Maha,5.76,0.126,14.7,105.1,0.92,,30.3,120,40,20,248.5,81.3,32.5
3283,Trincomalee,Dry,Yala,7.36,0.077,8.7,,1.07,25.1,31.8,130,60,40,297.6,132.8,71.4
3284,Matale,Intermediate,Maha,6.58,0.15,13.5,113.3,1.03,154.8,28.6,100,40,20,229.9,83.5,32
3285,Kilinochchi,Dry,Maha,,0.107,12,88.2,,253.9,28,120,40,40,259.6,87.8,70.7
3286,Nuwara Eliya,Wet,Maha,5.71,0.084,7.1,131,1.76,,,130,60,20,264.6,139.3,33.7
3287,Kegalle,Intermediate,Yala,6.76,0.167,17.3,102.2,1.27,143.1,26.6,100,20,20,213.7,46,31.4
3288,Kalutara,Wet,Maha,4.7,0.197,5.6,102,2.6,270.9,27.9,100,60,20,227.3,128.5,33.1
3289,Matara,Wet,Maha,,0.185,5.9,116.7,1.59,299.8,25.5,100,60,20,230.5,126.3,35.5
3290,Puttalam,Dry,Yala,5.88,,7.1,79.4,1.42,67.5,28.5,120,60,40,249.3,125.2,65.9
3291,Mullaitivu,Dry,Yala,6.23,0.112,12.8,80.9,,88.3,31.8,120,40,40,244,87.4,70.3
3292,Kurunegala,Intermediate,Yala,6.22,0.13,13.9,120.5,1.21,116.8,26.6,120,40,20,275.7,82,32.1
3293,Batticaloa,Dry,Maha,6.24,0.138,7.6,102.6,0.84,196.2,30.8,120,60,20,256.6,131.4,33.7
3294,Batticaloa,Dry,Maha,5.64,0.145,11.7,87.3,1.36,243.6,28.9,120,40,40,262.5,80.5,70.1
3295,Mullaitivu,Dry,Maha,6.54,0.092,11.1,92.8,0.57,297.2,,130,40,40,302.4,84.7,70.9
3296,Puttalam,Dry,Yala,6.1,0.117,13.6,118.9,1.06,46.5,32,120,40,20,243.9,83.3,33.2
3297,Batticaloa,Dry,Maha,7.02,0.109,8.8,103.5,1.48,182.3,,120,60,20,266.7,139.6,34
3298,Galle,Wet,Yala,5.82,0.064,5.6,116.5,2.08,250.1,25.6,130,60,20,264.5,134.8,30.8
3299,Matale,Intermediate,Yala,5.36,,12.9,117.2,1.64,146.1,27.2,100,40,20,213.3,85,32.1
3300,Jaffna,Dry,Yala,7,0.18,9.1,64.7,0.75,28,27.8,100,60,40,227.3,122.4,64.5
3301,Monaragala,Intermediate,Maha,5.68,0.13,11.9,103.8,2,243.2,26.7,120,40,20,258.3,87.2,31.3
3302,Gampaha,Wet,Maha,,0.182,7.5,86,2.08,350.7,25.7,100,60,40,233.6,124.8,64.5
3303,Colombo,Wet,Yala,4.99,0.131,7.1,113.9,2.46,,24.8,120,60,20,263.2,131.1,32.4
3304,Vavuniya,Dry,Yala,5.92,0.063,5.6,,1.48,69.2,30,130,60,40,275,137,71.4
3305,Matale,Intermediate,Yala,6.76,0.168,11,,1.1,123.8,29.9,100,40,40,208.3,88.5,68.4
3306,Gampaha,Wet,Yala,5.19,0.053,10.7,125.1,1.71,269.4,27.9,130,40,20,276.3,88.7,32.9
3307,Monaragala,Intermediate,Maha,6.62,0.065,10.5,68.2,1.69,139.1,29,130,40,40,277.2,87.5,71.6
3308,Kilinochchi,Dry,Yala,5.7,0.171,6.3,119.4,0.67,67.5,27.5,100,60,20,203.3,138.8,31.6
3309,Matara,Wet,Maha,5.57,0.127,7.9,128.4,2.17,286.4,25.3,120,60,20,255.8,138.8,33.2
3310,Polonnaruwa,Dry,Yala,6.23,0.094,6.8,101.5,0.87,82.5,27.2,130,60,20,281.1,130.6,34
3311,Colombo,Wet,Maha,5.57,0.087,10.2,78.7,1.7,267.3,27.8,130,40,40,292,84.5,62.3
3312,Kandy,Wet,Maha,4.98,0.104,6,136.8,2.11,252.5,24.9,120,60,20,267,129.6,34.4
3313,Jaffna,Dry,Yala,5.73,0.13,12.3,64.9,0.86,85.8,29.9,120,40,40,269.1,82.9,62.7
3314,Matale,Intermediate,Yala,5.89,0.104,10,118.8,1.34,146.8,27.4,120,40,20,241.7,88.8,31.5
3315,Mannar,Dry,Maha,6.92,0.163,13.1,52.6,1.26,254.8,30.4,100,40,60,208.2,87,94.9
3316,Anuradhapura,Dry,Maha,7.11,0.188,11.7,112.9,0.96,213.2,31.2,100,40,20,222.7,81.8,35.4
3317,Colombo,Wet,Yala,4.76,0.167,,64.1,2.73,379.6,27.7,100,60,40,216.9,124.5,68.5
3318,Kandy,Wet,Maha,5.76,0.133,6,91.8,2.08,222.7,27.1,120,60,40,241.5,130,68.3
3319,Badulla,Intermediate,Maha,6.68,0.159,16.7,73.7,,100.4,28.8,100,20,40,227.3,46,67.3
3320,Colombo,Wet,Maha,5.04,0.061,9,,2.08,209.3,27.5,130,60,20,294.2,131.7,32.3
3321,Matara,Wet,Yala,4.55,0.118,6.1,109.6,2.79,220.7,24.2,120,60,20,262.8,134,33.9
3322,Trincomalee,Dry,Yala,7.12,0.139,12,80.2,0.71,32.8,29,120,40,40,243.9,84.9,65.8
3323,Colombo,Wet,Maha,,0.083,9.1,85.5,,320.7,24.8,130,60,40,293.9,131.8,63.2
3324,Hambantota,Dry,Yala,6.16,0.112,11.8,78.4,1.02,32.7,30.3,120,40,40,264.2,86.3,68.6
3325,Nuwara Eliya,Wet,Yala,5.19,0.168,9.4,63.4,2.7,214.5,25.4,100,60,40,226.6,133.5,63
3326,Badulla,Intermediate,Yala,5.63,0.062,5.1,118.4,1.17,238.6,28.6,130,60,20,293.3,121.6,31.8
3327,Galle,Wet,Maha,5.02,0.198,10.3,62.9,1.85,274.4,25.2,100,40,40,227.3,86.9,69.9
3328,Puttalam,Dry,Yala,6.68,0.176,15,80,1.46,56,29.9,100,20,40,218,42.2,68.3
3329,Colombo,Wet,Yala,5.07,0.182,,108.8,2.59,310.4,25.6,100,60,20,205.7,127,34
3330,Ratnapura,Wet,Yala,4.52,0.069,6.5,62.8,2.02,300.2,26.3,130,60,40,289.9,139.4,65.9
3331,Nuwara Eliya,Wet,Maha,5.55,0.106,5.3,69.2,1.6,335.4,25.5,120,60,40,265.6,124.2,65.7
3332,Vavuniya,Dry,Maha,6.05,0.086,13.4,88.7,0.77,289.7,28.4,130,40,40,292.9,84.5,68.6
3333,Colombo,Wet,Yala,5.34,0.194,5.7,131.3,1.8,241.2,24.7,100,60,20,206.6,130.6,34.5
3334,Kurunegala,Intermediate,Maha,,0.147,15.3,107.5,1.76,173.8,26.8,120,20,20,249,45.9,33.4
3335,Nuwara Eliya,Wet,Maha,5.94,0.18,6.5,69.7,1.56,329.2,25,100,60,40,230.1,128.8,71.4
3336,Ampara,Dry,Maha,5.86,0.054,13.5,51.5,0.97,298.7,28.3,130,40,60,293.2,90.2,106.8
3337,Nuwara Eliya,Wet,Yala,4.74,0.136,9.4,72.8,2.86,320.8,24.9,120,60,40,276.9,137.4,65.8
3338,Kegalle,Intermediate,Maha,6.31,0.166,7.1,122.3,1.46,241.5,29.1,100,60,20,225.8,126.7,34.9
3339,Ampara,Dry,Maha,7.08,0.109,11.6,82.8,0.87,224.7,27.4,120,40,40,264.7,85.6,67.1
3340,Ratnapura,Wet,Yala,5.16,0.082,10.7,79,2.61,345.6,24.7,130,40,40,289.1,85.1,66.8
3341,Badulla,Intermediate,Maha,6.4,0.109,14.2,117.5,1.55,126.2,29.3,120,40,20,276.1,91.3,31.1
3342,Nuwara Eliya,Wet,Maha,5.47,,6,110.8,2.35,234,26.6,120,60,20,264,121.5,33.7
3343,Matara,Wet,Yala,4.66,0.177,8.6,146.9,1.58,254.3,24.6,100,60,20,221.7,126.7,35.3
3344,Matale,Intermediate,Maha,6.65,0.119,19.9,52.1,1.82,137.1,29.8,120,20,60,247.5,44.7,104.2
3345,Colombo,Wet,Maha,4.71,,10.5,66.5,1.66,325.8,24.9,100,40,40,216.5,87.9,69.6
3346,Kegalle,Intermediate,Maha,5.56,0.161,16.8,94,1.09,109.5,27.3,100,20,40,224.5,43.1,63.3
3347,Mannar,Dry,Maha,6.44,0.078,6.4,94.1,1.08,287.4,29.2,130,60,40,272.9,131.2,65.3
3348,Ampara,Dry,Yala,7.24,0.136,13.3,113.6,0.55,46.1,28.3,120,40,20,249.2,83.1,32
3349,Ampara,Dry,Maha,7.41,0.164,6.4,67.6,0.67,292.6,28,100,60,40,211.3,129,64.9
3350,Polonnaruwa,Dry,Maha,7.43,0.054,9.1,65.2,1.16,267.2,30.7,130,60,40,271.6,130.4,67.5
3351,Ampara,Dry,Yala,6.32,0.145,14.1,52.8,1.48,,28.2,120,40,60,249.7,92.2,98
3352,Polonnaruwa,Dry,Yala,6.46,0.141,10.7,55.5,1.03,99.3,30,120,40,60,258,83.9,100.9
3353,Mullaitivu,Dry,Maha,6.15,0.16,11.2,,1.11,228.1,29.7,100,40,40,230.7,91.8,66.1
3354,Hambantota,Dry,Maha,6.12,0.121,13.2,84.8,1.01,196.9,31.3,120,40,40,261.2,88.9,64.6
3355,Nuwara Eliya,Wet,Yala,4.75,0.161,8.1,139.5,1.81,349,26.1,100,60,20,207.2,121,31.3
3356,Mannar,Dry,Yala,6.39,0.053,,55.8,0.55,83.7,28.4,130,60,60,264.7,134.8,105.9
3357,Kilinochchi,Dry,Yala,6.63,0.133,5.4,72.2,1.5,45.5,28.7,120,60,40,268.6,121.3,61.8
3358,Mullaitivu,Dry,Yala,7.41,,7.6,68.7,0.7,72.5,30.7,130,60,40,277.6,140.1,61.7
3359,Matara,Wet,Yala,4.86,0.123,10.4,105.3,1.92,376.1,24.6,120,40,20,273.5,91.9,34.9
3360,Monaragala,Intermediate,Maha,,0.163,19.5,,1.19,169.5,28,100,20,20,222.6,42.2,35.8
3361,Kegalle,Intermediate,Yala,5.44,0.149,18.8,109.4,1.38,151.1,28.5,120,20,20,272.5,41.9,34.4
3362,Hambantota,Dry,Yala,6.13,0.103,13.4,,1.06,95.2,31.9,120,40,40,252,85.5,61.9
3363,Badulla,Intermediate,Yala,5.81,0.118,10.6,60.7,1.57,157.6,29.2,120,40,40,268.4,85.1,64
3364,Polonnaruwa,Dry,Maha,6.51,0.065,14,96.7,1.2,138.6,27.7,130,40,40,272.6,85.3,71.4
3365,Nuwara Eliya,Wet,Yala,5.69,0.186,7.1,,2.52,350.1,25.6,100,60,20,231.7,126.8,34.8
3366,Kandy,Wet,Yala,,0.123,8.3,129.8,2.84,247.6,25.9,120,60,20,266.2,132.8,33.6
3367,Badulla,Intermediate,Yala,5.23,0.135,9.9,112.4,1.31,241,26.7,120,60,20,254,123.8,32
3368,Ampara,Dry,Maha,6.72,0.081,11.5,40.3,1.15,167.7,29.2,130,40,60,272.8,91.5,92.7
3369,Kegalle,Intermediate,Yala,5.52,0.181,18.6,129.8,1.35,114,29.9,100,20,20,207.3,45.5,30.9
3370,Hambantota,Dry,Yala,6.8,0.131,9.9,69.3,0.84,42.4,30.6,120,60,40,268.5,129.9,67.8
3371,Kandy,Wet,Yala,4.78,0.135,11.6,106.8,2,285.8,26.1,120,40,20,249.9,91.6,30.9
3372,Mannar,Dry,Maha,7.02,0.104,10.5,51.9,0.87,286.9,31.1,120,40,60,264.6,83.7,107.4
3373,Jaffna,Dry,Yala,6.82,0.075,6.4,71.1,1.44,,29,130,60,40,272.6,121,63.5
3374,Colombo,Wet,Yala,5,0.091,5.4,128.7,1.62,342.4,27.7,130,60,20,289.5,132.7,34.4
3375,Hambantota,Dry,Yala,5.82,0.17,,89.6,1.38,,30.5,100,40,40,227.7,86.5,63.2
3376,Ratnapura,Wet,Yala,5.96,0.191,,139.3,1.97,258.3,25.7,100,60,20,226.5,131.7,33.5
3377,Matale,Intermediate,Maha,6,0.085,17.1,60,1.39,222.1,26.6,130,20,40,293.7,46.1,62.5
3378,Kandy,Wet,Maha,4.51,0.083,6.4,131,1.8,364.5,25.8,130,60,20,269.4,139.6,34.6
3379,Mullaitivu,Dry,Yala,7.16,0.062,,83.6,0.95,39.9,27.7,130,60,40,265.2,133,67.5
3380,Hambantota,Dry,Maha,7.48,0.191,6.8,112,0.86,,29.4,100,60,20,223.9,135.6,31.2
3381,Galle,Wet,Yala,4.84,,5.8,137.9,2.61,317.2,27.2,130,60,20,277,122.3,35
3382,Monaragala,Intermediate,Maha,5.24,0.053,5.5,84.4,1.38,149.1,,130,60,40,279.7,123.8,67.2
3383,Colombo,Wet,Yala,5.37,0.097,11.2,105.4,2.67,339.9,24.3,130,40,20,262.7,90,35.4
3384,Colombo,Wet,Yala,5.71,0.125,11.3,112.6,2.3,288.3,26.5,120,40,20,251.5,86.1,35.4
3385,Puttalam,Dry,Yala,6.48,0.162,7.2,111.9,1.18,38.7,30.7,100,60,20,202.2,129.3,35.4
3386,Badulla,Intermediate,Maha,5.21,0.051,,59.3,1.06,221.3,27.6,130,20,60,298.7,42.3,93.7
3387,Polonnaruwa,Dry,Yala,5.74,0.127,14.9,71.4,0.75,99.1,29.3,120,40,40,250.9,88.4,62.9
3388,Ampara,Dry,Maha,6.04,0.095,14.5,75.1,,260.2,30.8,130,40,40,285,82.9,71.6
3389,Kalutara,Wet,Maha,4.78,0.14,5.7,136.4,2,327.8,24.4,120,60,20,242.9,132.9,33.2
3390,Galle,Wet,Yala,5.58,0.155,7.2,103,1.73,353.5,24.8,100,60,20,222.8,124,32
3391,Nuwara Eliya,Wet,Yala,5.56,0.065,8.9,112.2,2.42,368.5,26.6,130,60,20,275.1,121.9,34.6
3392,Jaffna,Dry,Maha,6.58,,14.6,62.5,1.29,193.3,31.3,120,40,40,276.5,84.8,64.3
3393,Colombo,Wet,Maha,4.6,0.139,6,111,2.41,203.7,27.3,120,60,20,276.1,125.1,34.4
3394,Colombo,Wet,Maha,5.08,0.051,9.1,144.9,2.57,201.4,27.3,130,60,20,275.2,138,35
3395,Mullaitivu,Dry,Yala,6.04,0.159,8.5,96.9,1.18,74.7,29,100,60,40,230.5,121.7,69.5
3396,Kegalle,Intermediate,Yala,5.53,0.098,11.2,95.7,1.64,240.9,27.5,130,40,40,303.6,82.8,64.4
3397,Puttalam,Dry,Yala,6.94,0.133,12.5,94.4,0.7,54.5,30.1,120,40,40,273.6,87.6,65.7
3398,Hambantota,Dry,Maha,6.91,0.084,5.1,55.4,0.98,151.8,30.5,130,60,60,297.2,130,98.7
3399,Batticaloa,Dry,Maha,,0.188,9.4,108.6,,203.8,31.8,100,60,20,209.2,121.5,33.3
3400,Jaffna,Dry,Yala,6.85,0.188,10.1,56.6,1.45,21.2,30,100,40,60,219.9,80.6,95
3401,Mannar,Dry,Yala,6.14,0.155,8.6,98.7,0.62,49.3,30.6,100,60,40,203.3,139.9,66.2
3402,Badulla,Intermediate,Yala,6.16,0.157,9,76.3,1.5,178.9,27.9,100,60,40,204.2,133.5,66.8
3403,Kalutara,Wet,Maha,5.34,0.128,8.3,117.2,2.09,358.3,26.9,120,60,20,280.4,127.8,33.5
3404,Anuradhapura,Dry,Maha,6.54,0.083,9.1,45.3,1.14,257.9,27,130,60,60,275.3,129.8,104.8
3405,Mullaitivu,Dry,Maha,6.04,0.175,6.8,81,1.46,245.2,31.8,100,60,40,225.5,125.8,66.9
3406,Monaragala,Intermediate,Yala,5.33,0.056,12.1,,1.11,125.4,27.7,130,40,60,295.6,85,96
3407,Galle,Wet,Yala,5.76,0.06,5.8,79.3,2.35,217.1,24.7,130,60,40,297.8,133.3,68.3
3408,Matale,Intermediate,Yala,5.5,0.145,16.9,116.6,1.21,244.3,27.6,120,20,20,280.4,46,34.8
3409,Mullaitivu,Dry,Maha,6.76,0.186,14.4,110,1.04,,28.3,100,40,20,209,82.9,32.4
3410,Badulla,Intermediate,Yala,6.77,0.098,17.5,109.6,1.28,119.2,27.8,130,20,20,263.1,45.7,34
3411,Mullaitivu,Dry,Maha,6.4,0.191,11.7,97.9,0.81,154,31.5,100,40,40,214.5,82.1,63.2
3412,Ratnapura,Wet,Yala,5.83,0.147,11.1,109.7,2.08,222.4,26.5,120,40,20,246.4,83.3,32.5
3413,Anuradhapura,Dry,Yala,6.96,0.175,13.6,76.5,0.96,24.3,27.7,100,40,40,201.8,81,70.8
3414,Ratnapura,Wet,Maha,,0.168,10.9,131.5,1.97,367.2,26.2,100,40,20,212.8,82.3,35.4
3415,Galle,Wet,Yala,5.11,0.104,9,114.1,2.26,321.5,26,120,60,20,272,138.6,33.7
3416,Kurunegala,Intermediate,Yala,6.37,0.12,15.2,53.6,1.49,192.6,26.3,120,20,60,263.5,43.2,103
3417,Hambantota,Dry,Yala,7.13,0.103,10.5,41.2,0.94,36.4,30,120,40,60,253.6,81.5,105.3
3418,Galle,Wet,Maha,5.73,0.056,8.2,,,257.1,27.2,130,60,20,289.1,139.4,35.6
3419,Mannar,Dry,Maha,5.6,0.071,,84.7,1.41,218.5,31.6,130,40,40,271.2,91.9,66.6
3420,Anuradhapura,Dry,Yala,5.9,0.162,10.6,90.1,,68.2,31.7,100,40,40,201.6,90.3,67.3
3421,Mullaitivu,Dry,Maha,6.36,0.068,13.2,72.2,0.8,243.7,28.2,130,40,40,293.8,92.7,65.9
3422,Jaffna,Dry,Yala,6.21,0.152,11.3,92.5,0.89,78.2,31.5,100,40,40,221.4,83.3,62.4
3423,Monaragala,Intermediate,Maha,6.8,0.139,15.7,,1.85,228.1,29,120,20,20,271.2,45.7,32.9
3424,Nuwara Eliya,Wet,Maha,5.35,0.187,6.7,140.6,2.8,270.6,27.3,100,60,20,202.4,134.1,34.8
3425,Ampara,Dry,Maha,6.18,0.105,14.2,118.4,0.62,,30.7,120,40,20,274.1,91.8,34.8
3426,Ampara,Dry,Maha,6.74,0.071,6.3,101.4,0.9,,30.5,130,60,20,287.7,136.2,35.3
3427,Vavuniya,Dry,Yala,5.87,0.165,7.9,96.1,0.58,24.9,27.2,100,60,40,219.5,127.4,62.2
3428,Mannar,Dry,Maha,6.24,0.085,5.7,104.7,1.3,208.1,28.6,130,60,20,287.9,135.8,33.4
3429,Kandy,Wet,Maha,5.78,0.061,5,141.8,2.91,274.6,25.6,130,60,20,298,125.8,31.3
3430,Ampara,Dry,Maha,7.14,0.182,8.6,104.3,0.97,298.2,29.3,100,60,20,220.2,127,31.8
3431,Ampara,Dry,Yala,5.58,0.103,,56.2,0.53,43.5,31,120,40,60,264.1,81.9,106
3432,Colombo,Wet,Maha,5.07,0.103,,66.2,2.3,287.2,27,120,60,40,280.1,138.9,66.7
3433,Monaragala,Intermediate,Maha,5.79,0.09,13,52.5,1.49,215.6,26.1,130,40,60,293.5,84.3,103.9
3434,Vavuniya,Dry,Maha,5.74,0.182,8.6,42.3,1.32,140.4,29.1,100,60,60,215.5,130.8,93.5
3435,Mullaitivu,Dry,Maha,6.32,0.126,14.9,57.6,0.75,299.2,27,120,40,60,269,85.6,98.8
3436,Batticaloa,Dry,Maha,7.4,0.109,12.5,100.5,1.26,200.8,28.5,120,40,20,256.6,93,34.2
3437,Matale,Intermediate,Maha,5.34,0.147,8.7,112.8,1.27,197.2,,120,60,20,250.3,127.2,31.5
3438,Kilinochchi,Dry,Yala,6.92,0.113,10.3,47,0.67,75.6,27.3,120,40,60,264.7,90.6,97.4
3439,Kurunegala,Intermediate,Maha,6.43,0.126,10.4,103.7,1.48,248.8,26.8,120,40,20,277.7,91.6,31.1
3440,Ratnapura,Wet,Yala,5.49,0.111,8.3,113.6,1.53,,28,120,60,20,277.7,129.1,34.1
3441,Polonnaruwa,Dry,Maha,6.54,0.065,5.8,69.7,1.3,238.2,27.8,130,60,40,275.9,128,71.4
3442,Jaffna,Dry,Yala,7.16,,7.5,,0.85,83.7,27.4,120,60,40,262,135.2,70
3443,Ampara,Dry,Yala,6.21,0.143,5.5,87.5,0.59,33.8,30.3,120,60,40,249.6,138.5,71.4
3444,Galle,Wet,Yala,5.05,0.054,8.1,146.7,2.6,368.3,25.3,130,60,20,303.6,135.4,35
3445,Batticaloa,Dry,Yala,6.75,0.173,8.1,51.7,1.09,22.7,31.9,100,60,60,233.1,125.1,105.3
3446,Kegalle,Intermediate,Yala,6.44,0.102,12.2,97.4,1.97,221.5,27.4,120,40,40,266.8,92.1,67.5
3447,Jaffna,Dry,Yala,7.45,0.095,12.9,68.6,0.66,98.5,30,130,40,40,295.5,85.5,66.9
3448,Kegalle,Intermediate,Maha,6.09,0.057,7.4,122.7,1.95,245.9,29.1,130,60,20,291.7,131.9,32.8
3449,Colombo,Wet,Maha,5.34,0.061,9.8,110.2,,221,24.1,130,60,20,286.5,136.9,34.9
3450,Matale,Intermediate,Maha,5.84,0.083,,89.1,1.33,197.4,29.6,130,60,40,263.7,124.3,63.5
3451,Mannar,Dry,Maha,6.12,0.064,9.2,65.2,1.07,,28.9,130,60,40,280.7,136,62.3
3452,Ratnapura,Wet,Yala,4.58,0.087,9.2,89.9,2.26,369.2,25.3,130,60,40,290,132.3,71.2
3453,Jaffna,Dry,Maha,7.08,0.051,6.5,72.8,1.39,280.1,28.4,130,60,40,290.1,138.1,61.7
3454,Vavuniya,Dry,Maha,5.94,0.118,10.8,96.1,0.8,137.1,28.6,120,40,40,255.9,82.7,71.5
3455,Kurunegala,Intermediate,Maha,6.69,0.102,17.7,119.2,1.51,189.9,30,120,20,20,278.2,43,34.4
3456,Colombo,Wet,Yala,4.97,0.132,5.6,87.7,2.87,294.9,,120,60,40,247.9,136.9,65
3457,Puttalam,Dry,Maha,5.84,0.096,13.6,65.5,0.56,282.1,28.4,130,40,40,282.6,80.7,68.7
3458,Vavuniya,Dry,Yala,7.2,0.07,13.6,,0.65,54.1,31.8,130,40,20,290.7,81.9,34.9
3459,Ratnapura,Wet,Yala,5.26,0.115,7.9,71,1.78,234.9,26.1,120,60,40,268.6,140,64.2
3460,Kandy,Wet,Yala,4.73,0.087,11.5,129.7,2.03,221.6,24.5,130,40,20,288.9,84.1,34.7
3461,Kalutara,Wet,Yala,5.36,0.182,9.8,91.2,1.79,255.8,26.9,100,60,40,210.1,139.7,69.7
3462,Colombo,Wet,Yala,4.71,0.091,5.4,87.1,2.18,307.5,25.9,130,60,40,268,124.2,64.2
3463,Hambantota,Dry,Maha,6.24,0.064,12.5,111.6,1.26,213.4,31,130,40,20,288.4,85.2,31
3464,Badulla,Intermediate,Yala,5.78,0.063,15.7,128.6,1.5,191.6,26.3,130,20,20,286.8,45.1,31.8
3465,Polonnaruwa,Dry,Maha,6.85,0.186,13.4,83.4,0.55,127.8,,100,40,40,206.9,89.1,63.7
3466,Galle,Wet,Maha,5.6,0.145,10.3,,2.47,212.4,27.2,120,40,20,268.9,88.1,31.1
3467,Polonnaruwa,Dry,Maha,7.25,0.103,10,55.8,0.83,158.3,27.4,120,40,60,259.1,87.4,103.4
3468,Anuradhapura,Dry,Maha,6.51,,6.6,78.5,1.02,150.6,27.6,120,60,40,267.5,137.1,65.5
3469,Kilinochchi,Dry,Maha,6.35,0.192,5.9,73.9,0.83,255.1,29.1,100,60,40,228.4,125.2,70.5
3470,Gampaha,Wet,Maha,4.99,0.113,9.4,139.3,1.77,245.2,27.6,120,60,20,248,129.3,32.1
3471,Kilinochchi,Dry,Yala,5.83,0.118,13.9,62.5,0.9,20.3,27.4,120,40,40,242.1,82.5,66.2
3472,Colombo,Wet,Maha,5.56,0.131,8.7,96.5,2.47,399.5,26.1,120,60,40,271.8,132.3,68.1
3473,Kalutara,Wet,Yala,4.75,0.067,9,130.5,1.72,376.6,27.8,130,60,20,287.3,125.5,35.2
3474,Mullaitivu,Dry,Yala,7.12,0.063,13.4,101.8,1.2,22.7,27.2,130,40,20,291.1,84.8,33.4
3475,Gampaha,Wet,Maha,,0.061,10.6,117.3,1.89,271.8,26.2,130,40,20,296.9,86.6,32.7
3476,Kandy,Wet,Maha,4.61,0.161,8.8,84.3,2.95,367.1,27,100,60,40,227.3,121.1,70.4
3477,Kurunegala,Intermediate,Yala,6,0.145,7.8,75.8,,203.4,28,120,60,40,278.9,122.4,64.8
3478,Kalutara,Wet,Maha,4.51,0.121,10.4,100.4,1.74,216.8,27.7,120,40,20,262.3,89.4,31.2
3479,Matara,Wet,Maha,5.73,0.103,11.8,101.8,2.41,247.2,27.1,120,40,20,260.4,86.1,33
3480,Ratnapura,Wet,Maha,5.08,0.091,9.3,142.5,1.7,388.8,26.5,130,60,20,278.4,137.5,34.7
3481,Kandy,Wet,Yala,4.84,0.199,8.8,132.5,1.89,360.5,27,100,60,20,206.1,134.2,31
3482,Ampara,Dry,Maha,,0.099,13.6,61.8,1.14,156.5,29.6,130,40,40,285.7,80.6,67.6
3483,Ampara,Dry,Maha,,0.147,,99.6,,151.8,30.7,120,40,40,252.2,88.5,67.6
3484,Vavuniya,Dry,Maha,6.33,0.096,14.5,83.4,,141.6,31.8,130,40,40,300.5,81.7,71
3485,Jaffna,Dry,Maha,7.38,0.123,12.3,74,1.22,184.6,30.6,120,40,40,264.2,90.7,64.6
3486,Kegalle,Intermediate,Yala,5.91,0.188,13.1,125.2,1.61,232.7,26.2,100,40,20,220.4,93.4,32.2
3487,Matara,Wet,Maha,5.77,0.185,8.2,149.1,2.54,329.6,27.7,100,60,20,212.7,131,33
3488,Puttalam,Dry,Yala,6.66,0.053,12.6,59.6,0.83,85.2,28,130,40,60,263.6,89.4,97.9
3489,Galle,Wet,Maha,4.96,0.132,11.4,128.7,2.73,240.9,27,120,40,20,242.6,83.6,34.5
3490,Nuwara Eliya,Wet,Maha,4.96,0.188,7,121.4,1.82,203.3,24.5,100,60,20,214.9,129.2,34
3491,Nuwara Eliya,Wet,Maha,,0.066,10.9,63.9,1.66,209.1,24.4,130,40,40,265,91.6,69.3
3492,Colombo,Wet,Maha,5.94,0.075,8.5,119.8,2.26,,25.1,130,60,20,287.1,123.9,34.9
3493,Mannar,Dry,Yala,6.07,0.06,9.6,72.4,0.68,95.7,28.3,130,60,40,298.7,125.8,70.9
3494,Mannar,Dry,Yala,5.88,0.092,12.6,114.8,0.88,28.5,29.4,130,40,20,298.8,86.3,33
3495,Colombo,Wet,Maha,4.57,0.199,11.5,106.6,2.14,209.5,28,100,40,20,222.6,89.8,35.7
3496,Colombo,Wet,Maha,4.53,,6.2,95.6,2.84,303.7,27.8,120,60,40,249.6,128,63.9
3497,Trincomalee,Dry,Maha,6.54,,11.2,107.7,0.74,172.9,30.4,100,40,20,229.2,92.6,34.4
3498,Matale,Intermediate,Maha,6.53,0.19,6.6,51.7,1.89,168.5,26.8,100,60,60,230,122.5,100.5
3499,Mannar,Dry,Maha,6.85,0.197,7.4,97.1,0.55,141.4,29.1,100,60,40,207.5,127.9,69.9
3500,Vavuniya,Dry,Maha,,0.163,14.7,76.7,1.3,,29.7,100,40,40,225.1,89.7,66.5
3501,Badulla,Intermediate,Yala,5.64,0.084,10.6,125.9,1.56,110.2,27.6,130,40,20,273.6,83.4,34.7
3502,Ratnapura,Wet,Yala,4.68,0.125,9.4,126.1,2.43,388.4,24.6,120,60,20,272.7,133.5,35.4
3503,Gampaha,Wet,Yala,5.58,0.067,9.5,83.8,2.9,310.4,26.5,130,60,40,303.7,123.8,69
3504,Kandy,Wet,Maha,5.09,0.171,9.9,70.3,2.77,375.9,27.8,100,60,40,202.1,121.7,69.5
3505,Puttalam,Dry,Yala,6.95,0.165,9.4,79.2,1.22,53.7,27.7,100,60,40,230.4,123,62.4
3506,Mannar,Dry,Yala,6.29,0.183,14,71.4,1.42,93.5,29.8,100,40,40,221.4,92.6,63.7
3507,Monaragala,Intermediate,Yala,6.51,0.105,14.8,102,1.57,241.9,26.4,120,40,20,279.4,87.7,35.7
3508,Trincomalee,Dry,Yala,6.25,0.079,5.7,71.7,1.13,,27.3,130,60,40,281.1,136.2,68.6
3509,Galle,Wet,Yala,4.98,0.121,10.9,62.9,2.8,324.6,24.1,120,40,40,274.5,84.8,67.3
3510,Mullaitivu,Dry,Maha,6.98,0.15,8.9,75.1,,261.3,29,100,60,40,203.1,132.2,65.4
3511,Kegalle,Intermediate,Yala,5.3,0.162,19.2,78.6,1.27,225.8,26.3,100,20,40,212,43.5,62.1
3512,Badulla,Intermediate,Yala,5.97,0.108,15.5,120.1,1.24,177.2,26.5,120,20,20,244,46.4,32.6
3513,Monaragala,Intermediate,Yala,6.72,0.117,6.4,56.1,1.68,224.1,29,120,60,60,279.5,135.2,100
3514,Monaragala,Intermediate,Maha,5.28,0.101,11.7,67.9,1.14,180.8,29.3,120,40,40,273.3,90,63.8
3515,Ampara,Dry,Yala,6.24,,10.3,119.2,0.98,30.6,31.6,100,40,20,228.9,81.1,31.7
3516,Badulla,Intermediate,Maha,6.52,0.19,10,128.6,1.27,,28.1,100,40,20,231.7,87.6,33.3
3517,Nuwara Eliya,Wet,Maha,5.8,0.171,,126.3,2.01,203.1,26.1,100,60,20,203.9,129.8,33.7
3518,Vavuniya,Dry,Yala,7.14,0.096,,40.1,0.53,31.9,29.8,130,40,60,277.8,92.6,96.1
3519,Kandy,Wet,Maha,5.7,0.151,6.2,147.1,2.23,399.8,25.8,100,60,20,203.4,125.7,33.7
3520,Kandy,Wet,Yala,5.1,0.11,,72.2,1.95,300.5,,120,40,40,249.6,84,70.7
3521,Nuwara Eliya,Wet,Yala,4.75,,11.6,71.6,2.3,287.4,27.9,130,40,40,271.1,85.8,66.4
3522,Trincomalee,Dry,Yala,6.64,0.168,6.6,79,1.16,70.1,31.9,100,60,40,216.4,125.4,70.3
3523,Gampaha,Wet,Maha,4.53,0.057,5.1,98,2.45,247.3,25,130,60,40,272.8,123.1,71
3524,Badulla,Intermediate,Yala,6.76,0.092,14.1,,1.12,128.7,28.8,130,40,40,265.7,91.7,62.6
3525,Kandy,Wet,Yala,5.12,0.114,10.4,114,1.94,249.5,24.9,120,40,20,247.9,87.8,31.3
3526,Kilinochchi,Dry,Maha,5.96,0.134,7.6,61.6,0.89,265,28.8,120,60,40,247.1,137.5,66.5
3527,Vavuniya,Dry,Maha,7.43,0.186,9,111.3,0.91,164.7,30.7,100,60,20,232.8,136.9,33.7
3528,Badulla,Intermediate,Yala,6.58,0.07,13.5,67.8,1.06,161.6,,130,40,40,293.6,84.2,66
3529,Kalutara,Wet,Maha,5.67,0.162,6.2,100,2.12,362,25.1,100,60,20,232.7,131.3,32.4
3530,Hambantota,Dry,Maha,6.52,0.158,10.9,60.2,0.89,171.2,29.4,100,40,40,215.4,81.6,68.1
3531,Monaragala,Intermediate,Yala,5.79,0.146,5.3,125.8,1.88,100.9,27.2,120,60,20,252.2,138.5,30.8
3532,Mannar,Dry,Maha,6.14,0.077,8.3,78.5,0.92,127,27.4,130,60,40,295.2,128.5,71.4
3533,Kegalle,Intermediate,Yala,5.54,0.154,18.5,68.2,1.3,146,26.4,100,20,40,211.7,42.8,64
3534,Monaragala,Intermediate,Yala,6.79,0.097,12.3,67.1,1.48,123.4,26.6,130,40,40,274.1,84.4,70.9
3535,Gampaha,Wet,Yala,5.16,0.133,5.5,63.7,2.6,326.5,25.5,120,60,40,250.4,129.6,62.8
3536,Matara,Wet,Maha,5.6,0.14,5.9,,1.51,318.4,24.7,120,60,40,246.4,125.5,64.1
3537,Kalutara,Wet,Yala,,0.174,11.2,77.9,2.11,210.4,24.9,100,40,40,209.5,85.4,64
3538,Vavuniya,Dry,Maha,5.73,0.131,8,94.1,0.96,126.1,30.6,120,60,40,255.2,136.3,71.7
3539,Puttalam,Dry,Maha,5.85,0.175,5.8,114.1,1.32,296.7,28.1,100,60,20,223.1,136.9,30.8
3540,Kurunegala,Intermediate,Yala,5.47,0.156,17.2,83.5,1.05,181.5,27.2,100,20,40,203.1,42.2,68.1
3541,Matara,Wet,Maha,5.35,0.057,10.8,85.1,2.32,379.1,26.2,130,40,40,270.3,86.6,70.4
3542,Vavuniya,Dry,Maha,7.18,0.084,7,43,0.62,288.7,31.1,130,60,60,295.7,137.7,102.6
3543,Badulla,Intermediate,Maha,6.16,0.095,11,66.3,1.74,230.6,27.1,130,40,40,267.6,81.2,65.3
3544,Colombo,Wet,Yala,5.2,0.121,9,74.7,,256.2,24.4,120,60,40,254.7,138,71.3
3545,Vavuniya,Dry,Maha,6.32,0.098,11,66.8,1.14,253.4,28.6,130,40,40,298.1,83.3,70.6
3546,Kandy,Wet,Yala,4.72,,9.3,88.7,1.68,234.5,25.6,130,60,40,268,133.9,66
3547,Kilinochchi,Dry,Maha,7.03,0.121,11.9,65.2,1.39,158,29,120,40,40,244.6,88.1,67.4
3548,Ampara,Dry,Maha,6.66,0.09,6.1,119.7,0.78,230.3,31.2,130,60,20,281.9,131.4,35.6
3549,Ampara,Dry,Yala,5.85,0.079,,55.4,0.75,92,28.1,130,40,60,274.2,91.7,107.2
3550,Kilinochchi,Dry,Maha,6.25,0.095,15,80.1,1.3,186,,130,20,40,285.3,40.9,66.2
3551,Badulla,Intermediate,Maha,6.26,0.127,14.3,105.6,1.7,168.6,26.4,120,40,20,272.8,85,35
3552,Polonnaruwa,Dry,Maha,6.45,0.136,7.4,55.4,1.32,283.8,31.3,120,60,60,246.7,131.1,97
3553,Kilinochchi,Dry,Yala,5.65,0.064,11.4,67.4,0.83,74.7,30.3,130,40,40,286,91.1,65.4
3554,Vavuniya,Dry,Yala,6.59,0.167,6.7,50.5,1.15,64.9,28.9,100,60,60,217.6,124.9,95
3555,Polonnaruwa,Dry,Yala,7.43,0.171,14.7,107.3,0.81,47.9,31.9,100,40,20,205.8,91,31.8
3556,Polonnaruwa,Dry,Maha,6.89,0.072,14.7,117.8,1.14,198,28.4,130,40,20,287.9,85.7,34.1
3557,Mullaitivu,Dry,Maha,5.57,0.112,7.6,90.3,0.66,140.5,30.7,120,60,40,252,124.3,66.8
3558,Kurunegala,Intermediate,Yala,5.82,0.149,6.1,,1.9,187,28.2,120,60,20,260.4,135.5,32
3559,Kalutara,Wet,Yala,5.2,0.051,10.8,92.5,2.56,373.8,27.8,130,40,40,264.9,81.7,65.7
3560,Galle,Wet,Yala,5.53,0.147,10.8,88.9,1.57,315,26.1,120,40,40,259.3,87.2,65.4
3561,Anuradhapura,Dry,Yala,7.16,0.082,6.4,52.8,0.95,51.1,29.9,130,60,60,274.4,121.9,107.3
3562,Trincomalee,Dry,Yala,6.86,0.073,13.7,97.1,,97.3,27.9,130,40,40,296.3,85.1,70.2
3563,Kurunegala,Intermediate,Maha,6.4,0.116,17.5,88.7,1.21,167.2,26.4,120,20,40,243.6,44.2,65.6
3564,Hambantota,Dry,Yala,6.24,0.051,8.5,79.3,0.86,78.7,29.1,130,60,40,279.1,131.5,70.8
3565,Matale,Intermediate,Maha,6.66,0.117,8.2,92.5,1.13,,26.8,120,60,40,259.3,128.5,65.1
3566,Kurunegala,Intermediate,Yala,6.31,0.186,9.5,65.9,,127.4,26.4,100,60,40,224.7,129,68.4
3567,Kilinochchi,Dry,Yala,5.84,0.157,5.1,113.7,0.88,25.4,28,100,60,20,219.8,125.1,35.6
3568,Vavuniya,Dry,Yala,5.73,,6.6,113.3,0.95,32,28.3,100,60,20,222.9,129.5,32.8
3569,Puttalam,Dry,Yala,6.37,0.195,6.4,86.8,0.85,78.3,28.7,100,60,40,226.4,139.3,68.5
3570,Mannar,Dry,Yala,6.31,0.061,6,70.1,0.59,59.9,27.4,130,60,40,298,137.3,64.7
3571,Puttalam,Dry,Maha,5.68,0.065,10.8,114.1,1.46,258.2,,130,40,20,274.7,82.4,32.1
3572,Kalutara,Wet,Maha,,0.198,8.5,111.7,,385.3,25.3,100,60,20,218.6,121.2,33.7
3573,Kurunegala,Intermediate,Maha,6.54,0.147,16.3,93.7,1.54,110.2,28.4,120,20,40,274.2,46.3,71.5
3574,Vavuniya,Dry,Maha,6.22,0.112,10.7,69.6,0.91,151.7,27.3,120,40,40,280.1,87.3,66.2
3575,Kalutara,Wet,Maha,4.72,0.06,8.4,76.9,,392.5,24.2,130,60,40,299.1,131.1,71.1
3576,Kegalle,Intermediate,Maha,5.55,0.092,15.5,63.6,1.74,206.3,28.5,130,20,40,277.2,45.3,70.8
3577,Batticaloa,Dry,Maha,6.11,0.056,12.1,105.9,,207.2,31.9,130,40,20,269.7,84.6,32.1
3578,Kandy,Wet,Yala,4.67,0.084,9.1,85.9,2.67,243.2,25.8,130,60,40,282.2,130,65.7
3579,Kandy,Wet,Yala,4.69,0.137,11.1,148.9,2.95,251.7,27.6,120,40,20,270.4,93.1,34
3580,Matale,Intermediate,Yala,6.56,0.06,6.3,,1.18,163.9,26.6,130,60,60,282.3,133.8,100.3
3581,Kegalle,Intermediate,Maha,6.05,0.085,17.4,56.4,1.96,222.9,26.8,130,20,60,281.9,41.2,93.9
3582,Galle,Wet,Yala,5.62,0.076,7.6,87.6,1.91,330.2,24.7,130,60,40,296.9,123.2,71.6
3583,Kurunegala,Intermediate,Maha,6.28,0.198,11.3,,1.26,235.5,27.1,100,40,40,212.9,83.1,69.2
3584,Colombo,Wet,Yala,5.83,,6.8,80.4,2.8,301.1,,130,60,40,297.9,135.6,66.1
3585,Nuwara Eliya,Wet,Yala,5.39,0.126,,89.9,1.92,272.6,25.3,120,40,40,257.3,84.3,67.9
3586,Ampara,Dry,Maha,5.73,0.069,7,42.9,1.39,200.1,29.7,130,60,60,275.3,121,93.8
3587,Vavuniya,Dry,Maha,5.9,0.185,15,46.6,1,242.9,,100,20,60,215.9,46.4,99.9
3588,Vavuniya,Dry,Yala,5.93,,8,84.5,1.04,45.3,27,130,60,40,293.7,123.9,71
3589,Matara,Wet,Maha,4.88,0.158,,,1.87,324.4,25.6,100,40,20,205.2,80.6,35.3
3590,Gampaha,Wet,Yala,5.47,0.17,8.8,74.4,2.79,,27.7,100,60,40,207.5,125.3,65.1
3591,Jaffna,Dry,Yala,6.41,,13.7,61.3,0.87,77.4,29.9,120,40,40,278.6,83.5,67
3592,Mullaitivu,Dry,Yala,5.79,0.166,,59.7,0.54,87.5,30.7,100,40,60,206.8,86,103
3593,Ampara,Dry,Yala,6.39,0.192,13.7,74.2,0.55,59,29,100,40,40,219.6,92.5,65.1
3594,Kandy,Wet,Maha,5.59,0.163,8.4,77.2,2.28,311,26.8,100,60,40,220,137.8,62.3
3595,Badulla,Intermediate,Maha,,0.062,14.6,76.4,1.32,199.1,,130,40,40,282.2,86.4,66.8
3596,Kalutara,Wet,Maha,5.55,0.092,10.9,113,,390.7,24.1,130,40,20,288.7,85.8,33.8
3597,Kegalle,Intermediate,Maha,6.38,0.113,7.4,57.5,1.87,197.5,27.2,120,60,60,250.3,131.5,92.6
3598,Ampara,Dry,Maha,6.15,0.195,6,62.2,0.93,199.1,28.1,100,60,40,219.1,125.4,62.7
3599,Galle,Wet,Maha,5.89,0.198,10.6,121.8,2.43,359.5,24.4,100,40,20,213.2,81.2,31.8
3600,Polonnaruwa,Dry,Yala,6.26,0.129,14.4,50.7,0.68,45.4,30.3,120,40,60,267.2,92.7,97.7
3601,Kilinochchi,Dry,Maha,7.31,0.135,8.3,87.9,0.94,172.9,28.5,120,60,40,246.9,124.3,67.1
3602,Anuradhapura,Dry,Maha,6.76,0.192,10.9,95.4,1.12,152.7,27.5,100,40,40,219.7,83.1,64.6
3603,Monaragala,Intermediate,Maha,5.75,,16.4,87.9,1.41,130.9,27.9,130,20,40,269.3,43.3,64.5
3604,Galle,Wet,Maha,5.63,0.115,8.2,,1.91,237.4,25,120,60,20,252.2,130.2,35.1
3605,Anuradhapura,Dry,Maha,7.04,0.123,8.4,57.4,1.36,,29.5,120,60,60,249.9,121,94.7
3606,Nuwara Eliya,Wet,Yala,5.39,0.189,10.8,91.9,2.91,262.4,25.8,100,40,40,207.1,82.4,66.7
3607,Anuradhapura,Dry,Maha,6.43,0.084,7.3,74.8,0.93,295.5,31.2,130,60,40,296.4,128,71.2
3608,Galle,Wet,Maha,5.76,,6.7,138.1,2.12,349.1,24.3,120,60,20,252.5,134,33.9
3609,Matara,Wet,Maha,5.95,0.184,9.4,115.7,2.91,342.4,26.4,100,60,20,231.3,125.1,34.4
3610,Kilinochchi,Dry,Maha,5.94,0.112,,88,0.52,281.9,27.4,120,40,40,279.3,86,66
3611,Colombo,Wet,Yala,5.8,0.179,5.5,,2.5,243.3,24.3,100,60,40,219.7,131.5,61.9
3612,Jaffna,Dry,Yala,7.08,0.137,8,109.6,1.13,22.1,32,120,60,20,246.9,138,34
3613,Anuradhapura,Dry,Yala,6.74,0.175,12.9,110.9,0.67,85.1,,100,40,20,213.3,84.7,34
3614,Badulla,Intermediate,Yala,6.56,,15.1,89.3,1.46,166.4,28,130,20,40,295.2,41.1,62.8
3615,Galle,Wet,Yala,4.74,0.135,8.6,118.5,2.87,374.4,27.3,120,60,20,255.7,130.2,33.1
3616,Monaragala,Intermediate,Maha,5.75,0.192,19.8,95.7,1.5,245.6,28.7,100,20,40,203.9,45.1,70.9
3617,Badulla,Intermediate,Maha,6.79,0.13,5.8,70.6,1.45,112.5,27.1,120,60,40,263.1,122.8,63.7
3618,Kandy,Wet,Maha,4.62,0.122,5.5,149.4,2.45,308.3,26.3,120,60,20,274.4,128.9,33.1
3619,Matale,Intermediate,Yala,6.36,,,113.5,1.78,208.3,,130,20,20,295.1,40.4,33.1
3620,Trincomalee,Dry,Maha,5.51,0.148,9.5,89.8,0.7,245,31.2,120,60,40,248.2,121.3,69.8
3621,Hambantota,Dry,Maha,7.3,0.164,9.5,67.6,1.04,261.1,29.3,100,60,40,223,130.1,69.9
3622,Colombo,Wet,Maha,5.85,0.054,6,72.3,,219.5,25.4,130,60,40,270.8,126.5,69.3
3623,Nuwara Eliya,Wet,Yala,,0.155,,85.6,1.53,239.4,24.9,100,60,40,208.2,137.2,65.4
3624,Kegalle,Intermediate,Maha,5.28,0.11,14,90.3,1.03,164.4,26.9,120,40,40,275.5,88.3,62.4
3625,Ampara,Dry,Yala,6.09,0.086,14.7,51.4,0.6,46.8,29.9,130,40,60,272,86.4,97.7
3626,Matara,Wet,Yala,4.96,0.154,10.9,83.9,2.06,381.3,27.8,100,40,40,209.7,85.8,68.5
3627,Kalutara,Wet,Maha,,0.158,6,62.2,1.74,379.2,25.4,100,60,40,201.1,130.3,68.7
3628,Matale,Intermediate,Yala,,0.123,,107.3,1.34,201.5,29.4,120,60,20,275.4,121.4,35.6
3629,Mullaitivu,Dry,Yala,5.51,0.087,6.6,51.8,0.55,94.1,31.5,130,60,60,295,138.1,99.3
3630,Mullaitivu,Dry,Yala,7.41,0.157,8.9,108,0.97,60.2,31,100,60,20,221.6,140.1,34
3631,Jaffna,Dry,Maha,,0.125,10.8,94.7,0.79,258.7,28.2,120,40,40,270.7,82.8,67.1
3632,Trincomalee,Dry,Maha,7.05,0.15,9.9,,1.02,211.3,27.2,100,60,20,206.1,123,31.6
3633,Jaffna,Dry,Maha,5.93,0.146,11.5,47.9,1.41,,30.9,120,40,60,259.3,82.3,99.4
3634,Batticaloa,Dry,Yala,5.81,0.134,10.6,106.5,0.62,70.3,30.2,120,40,20,255.1,89.1,33.5
3635,Mannar,Dry,Yala,5.96,0.195,14.2,107.9,0.74,25.6,27.8,100,40,20,204.2,89.1,35.6
3636,Gampaha,Wet,Maha,5.03,0.059,10.6,82.1,2.76,285.8,24.2,130,40,40,282,91.5,65.4
3637,Polonnaruwa,Dry,Yala,5.8,0.195,13.3,97.7,0.65,89.5,31.9,100,40,40,231.1,90.3,71.5
3638,Jaffna,Dry,Maha,6.26,0.19,5.3,65.3,1.24,173.1,29.5,100,60,40,202.4,129.4,67.1
3639,Badulla,Intermediate,Maha,5.45,0.078,15.2,87.3,,178.6,28.4,130,20,40,273.8,44.2,64.1
3640,Kurunegala,Intermediate,Yala,6.55,0.11,10.2,104.8,,152,26.1,120,40,20,249.5,89.5,31.8
3641,Ratnapura,Wet,Maha,5.12,0.053,9.9,95.3,2.61,383.7,25.1,130,60,40,271.5,130.6,63.1
3642,Batticaloa,Dry,Maha,6.45,0.185,12.1,87.8,0.92,,28.2,100,40,40,230.7,86.7,66.2
3643,Ampara,Dry,Maha,6.41,,11.9,65.3,1.49,215.5,32,120,40,40,259.7,88.9,61.9
3644,Ampara,Dry,Yala,5.77,0.094,5.6,78.1,0.7,51.2,30.2,130,60,40,281.2,131.5,66.2
3645,Kilinochchi,Dry,Yala,6.45,0.098,7.3,94.2,1.13,69,28.7,130,60,40,293.6,133.2,71.6
3646,Kilinochchi,Dry,Maha,5.64,0.166,14.1,62.2,0.98,165.1,28.6,100,40,40,206.1,88.5,68.4
3647,Matara,Wet,Maha,4.61,0.144,6.2,125.2,,218.5,27.9,120,60,20,260.4,134.7,34.6
3648,Ratnapura,Wet,Maha,4.74,0.065,11.9,89.1,2.82,227.3,25.2,130,40,40,279.6,88.9,62.9
3649,Ratnapura,Wet,Maha,5.17,0.091,7.8,101.8,1.74,364.2,27,130,60,20,286.7,130.8,33.2
3650,Polonnaruwa,Dry,Maha,7.07,0.148,8.9,,0.89,256.1,27.1,120,60,40,280.5,134,64.6
3651,Monaragala,Intermediate,Maha,5.88,0.056,16.3,123.1,1.77,181.8,26.2,130,20,20,294,43.2,35.3
3652,Badulla,Intermediate,Maha,5.65,0.077,17.1,,1.58,193.9,29.1,130,20,40,278.3,41.8,63.5
3653,Matale,Intermediate,Yala,5.35,0.169,5.9,89.9,1.45,192.2,28.1,100,60,40,228.1,120.6,66.3
3654,Colombo,Wet,Maha,5.65,0.14,9.8,88.3,2.93,270.3,25.6,120,60,40,248,131.6,67.6
3655,Matale,Intermediate,Maha,6.31,0.107,10.9,73.1,1.89,180.5,28.9,120,40,40,242.5,88.2,66.8
3656,Batticaloa,Dry,Maha,5.58,0.05,12.1,117.8,1,149.4,28.8,130,40,20,270.1,93.2,34.9
3657,Gampaha,Wet,Maha,5.3,0.093,7,70.7,2.35,,26.1,130,60,40,275.8,127.7,64
3658,Puttalam,Dry,Yala,7.29,,6.1,84.5,0.68,44.7,28.2,130,60,40,283,128.3,65.5
3659,Gampaha,Wet,Yala,5.9,0.163,11.4,110.9,2.12,377.4,25.5,100,40,20,221.2,83.1,34.8
3660,Matale,Intermediate,Yala,6.64,0.173,8.6,58.5,1.53,191.6,27.4,100,60,60,230.8,122,100.4
3661,Gampaha,Wet,Yala,5.57,0.074,11.3,103.3,2.29,388.7,27.3,130,40,20,283,90.6,32.8
3662,Kegalle,Intermediate,Yala,6.58,0.102,7.6,76.4,1.17,225.5,26.1,120,60,40,260.9,125.5,62
3663,Hambantota,Dry,Maha,7.38,0.083,13.9,67.7,0.95,248.3,30.4,130,40,40,263.5,88.4,69.2
3664,Vavuniya,Dry,Yala,6.07,0.1,,43.6,0.85,,29.9,120,40,60,242.7,89.5,107.1
3665,Monaragala,Intermediate,Yala,5.45,0.106,17,80,1.17,215.5,27,120,20,40,262.9,43.3,67.9
3666,Trincomalee,Dry,Maha,6.23,0.097,12.3,59.9,1.15,241,31.5,130,40,60,280,91.9,105.3
3667,Kurunegala,Intermediate,Maha,6.27,0.147,17.5,100.4,1.13,236.6,27.7,120,20,20,274.2,43.1,33.4
3668,Anuradhapura,Dry,Yala,6.81,,8.9,97.9,,,29.6,100,60,40,206.3,126.2,64
3669,Vavuniya,Dry,Yala,6.85,0.065,14.4,68.8,0.72,59.6,27.7,130,40,40,262.5,92.2,61.8
3670,Matale,Intermediate,Maha,5.42,0.087,9.4,68.1,1.07,212.5,26.5,130,60,40,280.4,137.5,68.2
3671,Trincomalee,Dry,Maha,7.05,0.082,8,64.3,1.1,148.8,29.3,130,60,40,271.5,123.8,66.6
3672,Anuradhapura,Dry,Maha,7.06,0.127,10.6,82.7,1.35,,28.2,120,40,40,243.3,80.8,69.5
3673,Ratnapura,Wet,Maha,5.54,0.068,7.7,75.4,2.74,,25.4,130,60,40,292.1,122.4,68.6
3674,Matara,Wet,Maha,4.88,0.192,,105.1,2.6,386.3,25.1,100,40,20,204.7,84.2,35.7
3675,Mullaitivu,Dry,Yala,7.22,0.149,13,92.1,0.78,70.2,27.1,120,40,40,265.1,93.2,66.8
3676,Colombo,Wet,Yala,5.03,0.059,,123.1,1.72,265.3,25.4,130,60,20,273.3,131.5,32.9
3677,Badulla,Intermediate,Yala,6.65,0.131,5.8,103.6,1.78,130.4,27,120,60,20,248.1,127.9,32.2
3678,Badulla,Intermediate,Yala,6.21,0.114,12,98.3,1.98,180.6,26.4,120,40,40,256.2,92.1,66.5
3679,Gampaha,Wet,Maha,,0.144,8.1,140.4,1.77,283.1,,120,60,20,272.7,129.5,35.2
3680,Ampara,Dry,Maha,6.33,0.096,11.8,92.5,1.05,239.7,27.7,130,40,40,278,84.6,62.1
3681,Kandy,Wet,Maha,5.61,0.103,8.7,70.6,1.69,309.8,27.1,120,60,40,270.7,139,71.5
3682,Monaragala,Intermediate,Yala,5.99,0.069,11.1,,,201.7,28.9,130,40,60,266.7,91.6,107.4
3683,Badulla,Intermediate,Yala,6.58,0.157,15.6,102.3,1.81,238.7,29.5,100,20,20,226.3,45.7,33.8
3684,Colombo,Wet,Maha,5.08,0.155,7.4,138.1,1.94,368.2,25.2,100,60,20,208.8,130.6,32.5
3685,Kegalle,Intermediate,Yala,5.51,0.099,12.6,51.8,1.54,137.4,30,130,40,60,290.1,90.8,95.8
3686,Badulla,Intermediate,Maha,6.27,0.124,19,94.4,1.98,112.7,26.5,120,20,40,263.5,41.4,64.5
3687,Jaffna,Dry,Maha,7.36,0.114,7.4,76.3,1.03,253.7,29.5,120,60,40,277.7,131.8,62.2
3688,Kandy,Wet,Yala,5.94,0.14,5.5,101.1,1.78,335,25.1,120,60,20,256.5,139.9,33.2
3689,Kandy,Wet,Maha,4.63,0.087,8.1,106.9,2.27,397.3,27.1,130,60,20,264.2,126.3,31.1
3690,Batticaloa,Dry,Yala,5.78,0.194,5.2,48.8,1.37,74.8,27.2,100,60,60,201.7,136.2,103.3
3691,Galle,Wet,Yala,5.92,0.174,,69.2,1.98,394.7,25.3,100,60,40,228.1,130.2,65.4
3692,Nuwara Eliya,Wet,Maha,5.72,0.081,10.8,92.4,2.86,249.2,25.1,130,40,40,283.6,81,63.7
3693,Monaragala,Intermediate,Yala,5.55,0.155,,51.8,1.28,119.6,28.8,100,40,60,226.4,90.4,100.7
3694,Trincomalee,Dry,Yala,7.03,0.159,7.7,68.8,1.46,67.1,29.3,100,60,40,208.7,123.9,71.4
3695,Mannar,Dry,Yala,5.62,0.154,9.2,79.4,1.36,74.8,28.6,100,60,40,212.3,133,68.7
3696,Puttalam,Dry,Yala,6.37,0.161,11.4,79.2,1.37,75.9,27.5,100,40,40,202.1,81.6,66.6
3697,Matale,Intermediate,Maha,5.98,0.103,13.4,60.4,1.11,195,26.6,120,40,40,279,92.8,69.5
3698,Puttalam,Dry,Yala,5.7,0.073,6.6,92.2,1.4,37.8,31.9,130,60,40,289.7,126.3,69.1
3699,Hambantota,Dry,Yala,6.54,0.081,12.2,,1.2,45.7,27.4,130,40,60,301,83.4,105.9
3700,Kalutara,Wet,Maha,5.29,0.124,5.6,117.2,1.75,228.7,25.6,120,60,20,251.7,123.1,31.8
3701,Matara,Wet,Maha,4.97,0.052,8.7,90.6,2.98,293,25,130,60,40,287.3,139.1,70.3
3702,Kurunegala,Intermediate,Yala,,0.144,17.4,116.8,1.87,144.7,27.3,120,20,20,267.9,44.9,32.3
3703,Nuwara Eliya,Wet,Yala,5.06,0.073,11.4,92.6,1.91,200.2,25.6,130,40,40,274.9,90.2,71.1
3704,Matale,Intermediate,Yala,6.47,0.151,6.1,70.1,1.6,178.2,29.5,100,60,40,228.8,130.4,64.5
3705,Mullaitivu,Dry,Maha,6.35,0.072,10.4,84.1,0.76,206.9,28.4,130,40,40,301.6,86.7,71
3706,Batticaloa,Dry,Maha,6.2,0.19,11.8,84.2,1.13,138,29.9,100,40,40,230,81.9,71.3
3707,Badulla,Intermediate,Maha,6.1,,9,70.2,1.06,161.6,27,100,60,40,225.2,131.6,63.2
3708,Kandy,Wet,Maha,5.57,0.168,11.2,84.2,1.81,338.6,26.9,100,40,40,210.1,83.7,71.4
3709,Colombo,Wet,Maha,4.66,0.178,6.6,130.9,2.4,216.8,26.9,100,60,20,210.3,139.7,31.2
3710,Ratnapura,Wet,Yala,4.51,0.183,11.3,114.5,2.23,335.8,24.5,100,40,20,232.5,90.9,31.9
3711,Gampaha,Wet,Maha,5.15,0.186,7.3,66.8,2.78,307.7,26.3,100,60,40,201.4,128.7,66.1
3712,Matara,Wet,Yala,5.31,0.155,7.7,121,1.72,286.8,24.9,100,60,20,224.4,123.6,35.8
3713,Ratnapura,Wet,Yala,5.91,0.085,11.3,92.4,1.63,249.8,24.7,130,40,40,291.3,90.7,66.6
3714,Badulla,Intermediate,Yala,5.64,0.195,6.3,64.8,1.8,141.8,29.4,100,60,40,221.4,123,67.2
3715,Puttalam,Dry,Maha,7.45,0.081,5.8,41.8,0.66,280.2,30.6,130,60,60,303.4,124.3,102.9
3716,Matale,Intermediate,Yala,6.39,0.141,18.8,128.5,1.29,188.8,29.7,120,20,20,253.5,41.6,35.6
3717,Gampaha,Wet,Yala,5.93,0.184,9.2,72.3,1.76,377.2,25.8,100,60,40,212.2,131.5,69.5
3718,Ratnapura,Wet,Yala,5.02,0.13,11.9,109.1,2.16,207.8,26.6,120,40,20,244.4,90.7,31.9
3719,Matale,Intermediate,Maha,6.37,0.196,8.6,77.5,1.33,144.3,26.4,100,60,40,215.5,126.8,64.7
3720,Nuwara Eliya,Wet,Yala,5.24,0.141,5.1,148,1.76,354.5,26.4,120,60,20,251.5,122.3,31.3
3721,Galle,Wet,Maha,5.09,0.116,,75,1.78,369.5,26.1,120,40,40,254.8,86.5,68.1
3722,Vavuniya,Dry,Maha,7.36,0.178,11.8,91.5,1.5,,31.7,100,40,40,228.3,90.2,63.5
3723,Matara,Wet,Maha,5.33,0.2,10.5,147.4,2.46,316.7,24.9,100,40,20,231.6,83.4,32.1
3724,Hambantota,Dry,Maha,5.82,0.115,13.2,105.7,0.96,183.1,28.6,120,40,20,248.6,83.3,35.2
3725,Puttalam,Dry,Maha,6.9,0.085,13.7,107.1,0.73,140.8,27.9,130,40,20,277.2,92.8,32.4
3726,Colombo,Wet,Yala,4.55,0.087,6.5,85,,276.1,26.9,130,60,40,300.8,139.3,67.4
3727,Jaffna,Dry,Maha,,0.125,14.9,79.4,1.37,184.1,29.2,120,40,40,243.8,93.4,65.7
3728,Puttalam,Dry,Yala,6.42,0.07,9.1,72.6,1.2,80.7,28.4,130,60,40,265.3,136.4,62.4
3729,Jaffna,Dry,Yala,6.61,0.192,7.4,103.2,0.59,20.7,27.8,100,60,20,206.4,124.3,32.6
3730,Kurunegala,Intermediate,Yala,,0.057,9,73.1,1.61,183.4,26.6,130,60,40,286.6,124.8,65.8
3731,Matale,Intermediate,Maha,6.05,0.147,9.5,105.5,1.47,130.7,28.6,120,60,20,247.2,127.3,35.3
3732,Hambantota,Dry,Maha,7.44,0.072,8.7,53.8,1.05,200.3,29.2,130,60,60,302.4,126.8,97.4
3733,Anuradhapura,Dry,Yala,6.88,0.06,12.7,74.1,1.34,95.2,29.6,130,40,40,280.3,93,65.5
3734,Kalutara,Wet,Yala,5.09,0.104,9.5,100.5,2.33,233.2,25.4,120,60,20,261,136.1,34.7
3735,Vavuniya,Dry,Yala,6.97,0.197,14,101.8,0.87,55,30,100,40,20,209.1,89.9,34.6
3736,Polonnaruwa,Dry,Yala,5.66,0.155,9.1,114.7,0.75,50.1,,100,60,20,216.5,124.3,34.8
3737,Matara,Wet,Yala,5.58,0.092,11.6,78.9,2.61,343.6,25.2,130,40,40,289.5,92.3,71.2
3738,Badulla,Intermediate,Yala,,,10.8,67.2,1.03,236.8,29.9,120,40,40,270.7,91.3,69.7
3739,Nuwara Eliya,Wet,Maha,,0.14,11.3,109.7,2.8,251,,120,40,20,270.8,82.6,32.8
3740,Batticaloa,Dry,Yala,5.6,,12.2,93.2,1.11,56,28.2,100,40,40,219.9,91.8,69.9
3741,Kalutara,Wet,Maha,4.9,0.179,6.2,,1.92,258.6,25.2,100,60,20,230.6,125.9,33.3
3742,Hambantota,Dry,Yala,5.51,0.122,10.5,88.6,1.2,43.8,31.7,120,40,40,273.3,81.5,64.5
3743,Polonnaruwa,Dry,Yala,7.08,0.122,10.1,85.2,1.42,68.7,28.3,120,40,40,271,89,64.7
3744,Kalutara,Wet,Yala,5.95,0.184,10.5,107.5,2.82,250,26.2,100,40,20,202.9,89,31.9
3745,Kilinochchi,Dry,Maha,6.55,0.058,10.2,71.1,0.87,188.3,29.4,130,40,40,261.7,81.7,63.1
3746,Anuradhapura,Dry,Maha,6.55,0.056,12.6,55.2,0.87,185.8,,130,40,60,270.4,84.6,95.3
3747,Matale,Intermediate,Maha,5.94,0.152,16.8,122,1.36,237.7,27.4,100,20,20,222.7,46.7,31.1
3748,Nuwara Eliya,Wet,Yala,5.24,0.121,8.9,72,2.77,389.8,24.5,120,60,40,257.4,133.9,70.6
3749,Nuwara Eliya,Wet,Maha,4.76,0.057,6.7,105.9,1.89,204.1,26,130,60,20,278.5,134.9,35.5
3750,Ampara,Dry,Maha,7.27,0.15,9,72.7,1.4,165.3,30.7,100,60,40,229.9,124.8,67.6
3751,Hambantota,Dry,Maha,5.96,0.194,12.3,66.9,0.63,207.9,27.3,100,40,40,230.3,81.5,70.1
3752,Kilinochchi,Dry,Yala,7.2,0.072,8.8,111.1,0.66,,28.2,130,60,20,299.9,126,31.7
3753,Monaragala,Intermediate,Yala,5.84,0.056,15,97.7,1.14,241.6,26.8,130,20,40,274.7,41.9,70.7
3754,Hambantota,Dry,Maha,6.45,0.192,14,46.1,1.44,133.2,30.2,100,40,60,223.6,83.5,100.1
3755,Jaffna,Dry,Maha,5.74,0.174,10.3,81,0.98,242.2,31.9,100,40,40,210,83,62.4
3756,Polonnaruwa,Dry,Yala,7.36,0.159,7.5,,0.95,46,29.7,100,60,20,207.3,131.9,31.5
3757,Ampara,Dry,Maha,5.73,0.143,8.4,94.3,0.7,213.4,30.5,120,60,40,248.6,127,64.8
3758,Trincomalee,Dry,Maha,5.85,0.15,7.3,59.7,1.45,145.5,30.9,100,60,60,212.3,136.7,93.2
3759,Ratnapura,Wet,Maha,4.85,0.093,9.2,140.9,1.96,345.1,25.9,130,60,20,279.6,124.2,32.3
3760,Trincomalee,Dry,Maha,6.52,0.175,7.7,105.9,0.59,264,,100,60,20,228.2,129.7,31.1
3761,Polonnaruwa,Dry,Yala,6.95,0.145,10.2,41.3,,45.4,27.7,120,40,60,246,80.7,96
3762,Badulla,Intermediate,Maha,6.57,0.08,17.6,99.6,1.82,217.9,27.9,130,20,40,292.6,43.4,64.4
3763,Kandy,Wet,Maha,5.94,0.064,10,98.2,2.64,218.7,26.1,130,40,40,283.9,81.2,71.6
3764,Kandy,Wet,Maha,5.93,0.096,7.8,95.1,2.12,340.2,24.2,130,60,40,273.6,139.7,64.1
3765,Jaffna,Dry,Maha,,0.192,11.9,83.9,0.58,235.7,28.2,100,40,40,217.2,90.8,64.1
3766,Kegalle,Intermediate,Yala,6.32,0.098,,69.8,,224.6,28.7,130,20,40,274.1,43.4,68.6
3767,Kurunegala,Intermediate,Yala,5.55,0.062,14.6,104.1,1.64,102.8,29.2,130,40,20,286.7,81.6,35.1
3768,Mannar,Dry,Maha,7.1,0.119,9.2,116.6,0.82,170,28.4,120,60,20,258.3,132.2,32.7
3769,Vavuniya,Dry,Maha,6.1,,11,41.6,1.4,,28,100,40,60,206.5,90.4,105.6
3770,Ratnapura,Wet,Yala,5.73,0.144,10.7,92.5,2.73,213.5,,120,40,40,245.9,83,65.1
3771,Ratnapura,Wet,Maha,5.53,0.056,9.4,144.6,1.77,301.3,26.1,130,60,20,284.6,131.7,31.8
3772,Kegalle,Intermediate,Yala,5.89,0.087,11.5,74.8,1.13,113.4,26.4,130,40,40,299.7,91.1,65
3773,Matara,Wet,Maha,4.71,0.101,10.9,72.1,2.2,314.4,24.3,120,40,40,254.8,90.5,67.8
3774,Gampaha,Wet,Maha,4.84,0.133,10.3,77.6,1.59,315.8,26.9,120,40,40,270,91,65.4
3775,Ampara,Dry,Maha,5.72,0.184,6.6,68.4,1.26,145.9,31.6,100,60,40,222.6,137.8,68.4
3776,Kandy,Wet,Maha,4.94,0.106,6.5,74.7,1.52,319,25.2,120,60,40,277.8,139,64.1
3777,Matara,Wet,Maha,5.22,0.119,7.2,112.7,2.26,214.6,26.1,120,60,20,273.5,128.6,34.3
3778,Mullaitivu,Dry,Yala,7.34,0.134,9.9,50.3,1.43,56,31.6,120,60,60,263.5,131.7,97.7
3779,Colombo,Wet,Maha,4.7,0.085,7.4,67.7,2.95,210.1,24.7,130,60,40,289.3,136.1,66.3
3780,Puttalam,Dry,Maha,7.35,0.11,6.7,104.9,1.31,221.1,27.5,120,60,20,276.5,134.3,33.6
3781,Puttalam,Dry,Yala,6.96,0.091,5.1,56,1.45,58.1,30.9,130,60,60,278.3,140.1,102.8
3782,Kandy,Wet,Maha,5.97,0.167,11.5,135.2,2.25,201.7,27.6,100,40,20,211.8,80.7,32
3783,Mullaitivu,Dry,Yala,6.82,0.164,7,112.8,1.38,60.2,27.2,100,60,20,201.4,127.6,35
3784,Ratnapura,Wet,Maha,5.78,0.103,10.2,109.1,2.79,202.8,,120,40,20,273.7,84.1,34.4
3785,Kalutara,Wet,Yala,,0.085,10,127.3,2.65,261.2,26.6,130,40,20,295.4,83.9,32
3786,Batticaloa,Dry,Yala,6.6,0.191,,92.6,0.94,,30.3,100,60,40,204.5,125,71.5
3787,Badulla,Intermediate,Yala,5.52,0.18,9.4,52.1,1.27,237.6,28.9,100,60,60,219.9,134.5,102.5
3788,Ratnapura,Wet,Yala,5.01,0.156,5.8,96.9,1.95,319.4,26.6,100,60,40,216.2,122.3,66.2
3789,Kilinochchi,Dry,Yala,7.24,0.184,12.1,109.4,1.29,83.5,,100,40,20,205,90.2,31.6
3790,Hambantota,Dry,Yala,7.19,0.085,,108.6,1.2,97.4,31.6,130,40,20,303,89.5,33.5
3791,Mullaitivu,Dry,Yala,6.49,0.07,14.4,84.4,1.14,92.9,27.5,130,40,40,270.5,83.7,63.3
3792,Matara,Wet,Maha,4.97,0.084,10.6,123.8,2.25,267,26.8,130,40,20,264.3,83.8,32.9
3793,Vavuniya,Dry,Yala,6.46,0.162,10.3,57.4,0.91,61.2,27.9,100,40,60,220.5,88.7,98.6
3794,Ratnapura,Wet,Maha,5.5,0.171,8.7,92.3,1.98,348.1,27.2,100,60,40,225.2,135.5,68.9
3795,Kandy,Wet,Yala,,0.133,6.9,143.6,1.62,302.8,26.4,120,60,20,242.6,137.8,31.8
3796,Monaragala,Intermediate,Maha,5.86,0.154,13.7,124.2,1.21,213.8,28.9,100,40,20,222.6,91.6,34.9
3797,Kurunegala,Intermediate,Yala,5.59,0.052,6.1,81.4,1.07,158.1,27.8,130,60,40,284,139.5,65
3798,Mullaitivu,Dry,Maha,5.63,0.156,10.2,104.5,,159.8,28.2,100,40,20,204.5,88.1,33
3799,Batticaloa,Dry,Maha,7.28,0.166,7,44.2,1.35,297.2,29.8,100,60,60,206.7,138.4,104.1
3800,Vavuniya,Dry,Maha,6,0.182,12.8,47.4,1.12,165.4,29.2,100,40,60,219.6,91,101.9
3801,Trincomalee,Dry,Maha,6.47,0.069,11.6,91.1,1.42,199.7,28.2,130,40,40,274,92.2,64.8
3802,Matale,Intermediate,Yala,5.84,,17.5,53.7,1.99,245.5,28.1,130,20,60,301.2,40.3,98.3
3803,Mullaitivu,Dry,Yala,6.29,0.193,7.5,86,0.88,57.5,31.3,100,60,40,227.8,139.5,64.8
3804,Batticaloa,Dry,Maha,5.73,0.115,5.4,90.3,0.52,162.1,30,120,60,40,279.8,129.9,67.6
3805,Hambantota,Dry,Yala,7.25,0.107,13.6,,1.37,94.6,28.3,120,40,20,251.5,90.9,32.5
3806,Matale,Intermediate,Maha,5.88,0.084,12.4,58.9,1.23,223,27.8,130,40,60,302.5,82.1,103.4
3807,Matara,Wet,Yala,5.79,0.087,5.3,76.1,1.75,215.9,27.2,130,60,40,279.7,128.4,67.5
3808,Galle,Wet,Yala,5.49,0.186,10.7,86,2.58,267,24.7,100,40,40,212.4,84,63.2
3809,Kilinochchi,Dry,Maha,6.05,0.125,13.4,90.1,,214,31.1,120,40,40,243.3,84.3,64.8
3810,Kegalle,Intermediate,Yala,5.39,0.15,5.2,,1.41,184,27,100,60,40,202.8,123,63.9
3811,Batticaloa,Dry,Yala,7.46,0.187,10.7,85.7,1.32,26.4,27.2,100,40,40,223.7,91,65.6
3812,Kurunegala,Intermediate,Maha,5.53,0.154,14.1,80.5,1.68,,27.6,100,40,40,216,80.6,66.9
3813,Gampaha,Wet,Maha,5.44,0.196,,96.8,1.82,260.1,25.8,100,60,40,208.5,126.7,66.8
3814,Mullaitivu,Dry,Yala,7.25,0.19,,54.7,1.38,63.7,28.7,100,40,60,221.1,82.8,103.8
3815,Colombo,Wet,Yala,4.62,0.053,7.5,113.3,1.66,299.3,27.8,130,60,20,272.1,132.1,31.7
3816,Kandy,Wet,Yala,5.9,0.06,10.3,70.7,,348.2,25.7,130,40,40,285.9,83.8,71.2
3817,Puttalam,Dry,Maha,7.42,0.173,6.9,43.2,0.65,178,29.5,100,60,60,212.8,125.7,97.6
3818,Mannar,Dry,Yala,6.38,0.104,10.9,114.4,1.1,55.1,30.7,120,40,20,273.6,86.8,32.3
3819,Kilinochchi,Dry,Maha,5.73,0.078,5.7,99.7,0.59,133,,130,60,40,296.2,133.4,68.6
3820,Jaffna,Dry,Yala,6.55,0.084,11,81.1,1.33,59.3,29.3,130,40,40,281.6,82.1,69.8
3821,Kurunegala,Intermediate,Yala,5.73,0.088,15.9,88.8,1.17,204.9,28.8,130,20,40,276.3,41.4,65.5
3822,Monaragala,Intermediate,Yala,6.7,0.086,6.9,50.5,1.35,168.1,28.2,130,60,60,276.8,125.5,103.7
3823,Colombo,Wet,Yala,5.29,0.05,5.1,109.7,2.1,219.7,27.2,130,60,20,295.6,139.7,35.2
3824,Ratnapura,Wet,Yala,5.77,0.079,7.1,88.9,1.93,351,26,130,60,40,275.3,128.4,69.4
3825,Anuradhapura,Dry,Maha,7.06,0.114,9.6,82.5,0.86,180.8,31.7,120,60,40,249.5,132.3,62
3826,Hambantota,Dry,Maha,5.84,0.157,7.5,111,1.46,151.3,30,100,60,20,203.9,125.3,34.9
3827,Kandy,Wet,Yala,5.62,0.054,6.2,78.5,2.65,395.7,,130,60,40,281.2,130.2,69.4
3828,Colombo,Wet,Maha,4.74,0.117,7,93.1,2.77,282,25.5,120,60,40,260.2,122.1,68.4
3829,Kalutara,Wet,Maha,5.43,0.134,11.4,100,2.93,374.3,24.3,120,40,20,274.2,80.9,34.6
3830,Colombo,Wet,Yala,4.82,0.162,7.4,62.7,2.19,357,27.4,100,60,40,208.3,129.8,71.5
3831,Trincomalee,Dry,Yala,7.1,0.054,,97.4,1.35,85.7,32,130,40,40,277.6,85.7,66
3832,Mannar,Dry,Yala,6.57,,11.8,,0.73,81.4,28.7,120,40,40,273,82.3,62.4
3833,Ampara,Dry,Maha,5.89,0.102,,44.3,0.65,291.2,31.4,120,60,60,273.6,134.1,99.4
3834,Kandy,Wet,Yala,5.85,,6.4,88.3,2.62,300.4,24,120,60,40,256.4,140,62.2
3835,Nuwara Eliya,Wet,Yala,5.94,0.183,10.1,,,308.6,25.6,100,40,40,216.1,85.6,64.6
3836,Ratnapura,Wet,Maha,,0.195,8.9,108.7,1.59,382.5,27.5,100,60,20,211,132.8,33.7
3837,Galle,Wet,Yala,,0.098,11.6,,2.62,,27.1,130,40,20,300.9,93,32.3
3838,Polonnaruwa,Dry,Maha,6.1,0.188,,53.9,0.57,228.7,30.8,100,60,60,205,136.9,102.8
3839,Puttalam,Dry,Yala,5.81,0.074,14,101.9,0.85,31.4,29.5,130,40,20,301,86.5,34.9
3840,Batticaloa,Dry,Yala,7.12,0.094,13.3,,1.01,65.2,27.9,130,40,20,290.4,90.1,32.9
3841,Monaragala,Intermediate,Yala,5.76,0.126,12.2,126.2,1.79,229.9,29.9,120,40,20,262.1,82.1,35.3
3842,Vavuniya,Dry,Maha,,0.104,8.3,110.7,1.3,,32,120,60,20,242.6,130.6,31.2
3843,Kurunegala,Intermediate,Yala,5.67,0.117,12.6,93.2,1.1,241.4,28.4,120,40,40,259.9,84.1,70.1
3844,Kilinochchi,Dry,Yala,6.85,0.174,8.1,42.1,1.37,90.7,29,100,60,60,214.4,123.8,104.9
3845,Polonnaruwa,Dry,Maha,5.54,0.081,13,64.7,1.15,161.3,31.5,130,40,40,268.2,86,64.9
3846,Kurunegala,Intermediate,Maha,5.91,0.068,16.2,68.6,1.97,231.5,28.6,130,20,40,289.2,41.1,64.7
3847,Badulla,Intermediate,Maha,5.93,0.07,17.2,109.7,1.23,204.6,28.1,130,20,20,302.6,44.8,32.3
3848,Polonnaruwa,Dry,Maha,7.43,0.059,9.1,112.4,0.81,133.7,29.2,130,60,20,285.2,129.5,34.9
3849,Ampara,Dry,Maha,6.75,0.149,8.5,116.9,0.71,259.8,29.9,120,60,20,269.3,131,35
3850,Gampaha,Wet,Yala,5.71,0.17,6.4,64,2.29,214.9,26.8,100,60,40,203.3,123.5,65
3851,Matara,Wet,Maha,5.53,0.198,10.1,107.1,2.41,306.8,24.8,100,40,20,214.7,82.3,33.8
3852,Mannar,Dry,Maha,7.2,,10.9,40.7,1.45,144.4,31.9,120,40,60,245.9,88.1,94.6
3853,Mannar,Dry,Maha,5.84,0.17,11.3,85.7,1.31,138.2,30.7,100,40,40,221.1,93.3,66.4
3854,Colombo,Wet,Yala,5.46,0.081,11.6,127,1.99,235.2,24.2,130,40,20,301.2,81.7,35.8
3855,Nuwara Eliya,Wet,Maha,4.52,0.071,6.8,125.8,2.14,,27.1,130,60,20,289.5,126.2,31.6
3856,Colombo,Wet,Yala,4.82,0.081,6.9,130.3,2.5,324.1,24.5,130,60,20,264.7,137.6,35.5
3857,Kegalle,Intermediate,Maha,5.72,0.056,13.4,124.2,1.19,224.5,27.4,130,40,20,276.4,81.4,34.9
3858,Ampara,Dry,Yala,6.19,0.106,11.5,56.2,0.65,77.6,31.4,120,40,60,262.9,91.9,107.1
3859,Anuradhapura,Dry,Yala,5.61,0.071,6.6,106.7,1.4,23.5,28.8,130,60,20,278.5,130.9,31.7
3860,Ampara,Dry,Yala,6.33,0.099,7.7,50,1.35,69.2,30.2,130,60,60,296.7,128.6,95.7
3861,Kilinochchi,Dry,Maha,7.07,0.096,14.6,74.9,1.06,188,31.1,130,40,40,295.9,84.5,61.9
3862,Kilinochchi,Dry,Yala,7.03,0.085,7.4,81.9,0.57,72.9,30.2,130,60,40,287.3,126.4,68.9
3863,Polonnaruwa,Dry,Maha,6.4,0.156,9.6,70.9,1.22,243.3,28.8,100,60,40,213.3,126.6,68.1
3864,Badulla,Intermediate,Yala,6.4,0.192,15.6,120.8,,135.1,26.2,100,20,20,209.4,46,31.7
3865,Kalutara,Wet,Yala,4.97,0.174,7.4,79.8,2.18,206.7,27.5,100,60,40,204.5,134.8,69.6
3866,Kandy,Wet,Maha,5.12,0.196,9.2,106.3,2.94,244.8,25.7,100,60,20,212.7,133.7,32.3
3867,Kilinochchi,Dry,Yala,,,5.8,87.2,1.15,88,28.7,120,60,40,257.5,136.2,63
3868,Matale,Intermediate,Maha,6.69,0.075,12.3,93,1.13,160.1,,130,40,40,290.1,83.8,65.9
3869,Puttalam,Dry,Yala,7.27,0.082,8.6,62.6,0.58,92.1,28.1,130,60,40,289.3,132.7,62.6
3870,Nuwara Eliya,Wet,Maha,5.65,0.153,7.3,89.6,2.89,283.6,24.2,100,60,40,203.4,129.6,64.3
3871,Kalutara,Wet,Yala,4.94,0.091,6.5,89.6,2.6,362.5,25.9,130,60,40,278.2,135.9,65.4
3872,Monaragala,Intermediate,Maha,5.51,0.138,18.4,120.9,1.01,229.1,28.6,120,20,20,248.4,42.3,35.1
3873,Jaffna,Dry,Yala,6.97,0.164,9.7,114.4,0.89,82,30.9,100,60,20,206.2,133.2,34.8
3874,Kandy,Wet,Yala,5.46,0.096,9.3,137.1,1.57,359.4,26.8,130,60,20,296.5,137.9,33
3875,Monaragala,Intermediate,Maha,6.14,0.08,12,52.4,1.74,228,26.9,130,40,60,263.2,85.7,103.4
3876,Batticaloa,Dry,Yala,7.21,0.131,9.1,101.8,0.67,53.5,30.2,120,60,20,257.7,121.9,33.6
3877,Matale,Intermediate,Yala,5.86,,8.3,102.3,1.77,212.7,29.5,130,60,20,268.5,130.7,32.5
3878,Matara,Wet,Maha,,0.199,5.9,65,2.63,226.5,24.8,100,60,40,229.8,127.4,69
3879,Kandy,Wet,Maha,5.49,0.066,9.4,106.4,1.87,355.2,25.2,130,60,20,285,133.8,34.2
3880,Mullaitivu,Dry,Yala,5.92,0.074,13.8,52.6,1.26,26.4,29.7,130,40,60,271.2,92.9,101.8
3881,Vavuniya,Dry,Maha,6.37,0.117,14.1,65.5,0.93,129.1,29.7,120,40,40,261,86.8,67.9
3882,Gampaha,Wet,Yala,,0.173,11,138.4,1.68,280.6,26.4,100,40,20,224.9,86.6,34.2
3883,Vavuniya,Dry,Maha,7.22,0.144,6.7,46.3,0.62,277.8,30,120,60,60,278.8,133.4,98.3
3884,Anuradhapura,Dry,Maha,6.43,0.053,11.5,94.6,0.74,197.9,30.7,130,40,40,270.7,81.8,70.4
3885,Badulla,Intermediate,Maha,6.56,0.054,,100.1,1.96,127.9,29.3,130,20,20,299,41.9,31.6
3886,Anuradhapura,Dry,Maha,7.4,0.157,14.4,80.2,0.89,274.8,31.5,100,40,40,231.6,92.5,70.5
3887,Vavuniya,Dry,Maha,6.52,0.166,5.6,118.7,1.46,218.5,29.7,100,60,20,231,133.7,32.5
3888,Nuwara Eliya,Wet,Maha,5.01,0.135,,123,2.5,253.4,26.5,120,60,20,266.2,120.9,31.4
3889,Anuradhapura,Dry,Yala,5.79,0.173,6.1,56.6,0.87,32.6,31.7,100,60,60,221.6,124.6,101.5
3890,Galle,Wet,Yala,5.52,0.123,10,108.5,2.25,267.8,25.9,120,40,20,257.1,89.4,32.7
3891,Batticaloa,Dry,Yala,6.7,0.051,5.1,45.3,1.27,77.7,30.5,130,60,60,293.3,135.6,104.7
3892,Jaffna,Dry,Yala,6.01,0.178,11.6,101.7,1.22,48.5,29.3,100,40,20,218.4,91.4,33
3893,Mannar,Dry,Maha,6.6,,12.3,105.7,0.91,233.6,28.4,100,40,20,223.2,84.3,34.1
3894,Polonnaruwa,Dry,Yala,6.8,0.136,11.8,75,1.04,52.1,29.6,120,40,40,258.1,92.6,64.8
3895,Colombo,Wet,Maha,4.57,0.146,10.2,134.9,2.01,384.9,25.2,120,40,20,270,87.7,31.8
3896,Polonnaruwa,Dry,Maha,6.57,0.074,6.4,117.5,0.94,223.1,31.1,130,60,20,296.4,134.2,32.7
3897,Matale,Intermediate,Maha,5.34,0.098,12.8,106.7,,143.4,27.2,130,40,20,267.6,88.3,33.8
3898,Nuwara Eliya,Wet,Yala,5.94,0.191,6.8,91.2,1.87,231,26,100,60,40,228.3,123,68.3
3899,Kurunegala,Intermediate,Yala,5.43,0.195,7,63.8,1.85,185.4,27.4,100,60,40,218.7,139.5,67.5
3900,Ratnapura,Wet,Yala,5.49,0.13,10.7,76.4,2.46,235.5,27.5,120,40,40,274.4,82.1,71.6
3901,Matale,Intermediate,Maha,,0.101,11.5,67.2,1.3,223.4,27.6,120,40,40,258.2,83.8,68.6
3902,Kandy,Wet,Maha,5.71,,7.1,103.1,2.48,316.8,24.5,100,60,20,213.5,136.5,35.5
3903,Monaragala,Intermediate,Maha,6.31,0.141,16.4,59,1.45,201.2,26.3,120,20,60,277.1,44.3,94.3
3904,Puttalam,Dry,Maha,7.22,,14.2,58.2,0.98,156.8,29.7,120,40,60,251.2,91.4,93.4
3905,Matara,Wet,Maha,5.26,0.079,5.7,90.4,1.5,390.6,25.8,130,60,40,297.2,130.7,64.8
3906,Mullaitivu,Dry,Yala,5.61,0.174,14.9,99,0.99,54.6,31.4,100,40,40,216.9,85.4,63.1
3907,Anuradhapura,Dry,Yala,5.91,0.114,,74.4,,42.9,28,120,40,40,261.5,92.5,67
3908,Anuradhapura,Dry,Yala,7.04,0.142,12.7,112.6,0.93,23.6,31.5,120,40,20,253.4,80.9,33.4
3909,Gampaha,Wet,Maha,5.28,0.167,11.5,95.9,2.34,207.5,26.2,100,40,40,219.8,91.6,67.5
3910,Galle,Wet,Maha,4.8,0.142,11.3,149,2.06,284.3,26.6,120,40,20,254.1,83.5,34.5
3911,Trincomalee,Dry,Maha,6.9,0.12,7.7,88.8,1.25,289.6,29.4,120,60,40,242.9,137.2,71.4
3912,Monaragala,Intermediate,Maha,6.74,0.111,17.9,95.4,1.05,183.8,26.2,120,20,40,252,41.1,70.5
3913,Matara,Wet,Yala,,0.12,5.3,74,2.65,362.2,26.1,120,60,40,241.6,132,62.9
3914,Trincomalee,Dry,Yala,5.77,0.067,7.1,55.1,0.77,38.2,28.4,130,60,60,302.9,138,97.6
3915,Vavuniya,Dry,Yala,5.72,0.091,,57.9,0.54,68.2,30.3,130,40,60,302.3,86.7,96.3
3916,Anuradhapura,Dry,Yala,6.19,0.152,10.6,51.5,0.85,48.1,31.2,100,40,60,214,90.2,95.2
3917,Monaragala,Intermediate,Yala,6.31,0.146,9,59.9,1.65,208.1,26.7,120,60,60,269.8,136.4,100.7
3918,Colombo,Wet,Maha,5.93,0.15,5.8,121.3,2.01,365.7,26.1,100,60,20,212.4,135,33.6
3919,Kalutara,Wet,Maha,5.54,0.097,7.2,96.4,1.5,379.8,27.2,130,60,40,289.9,138.7,64
3920,Matara,Wet,Maha,5.8,0.053,6.7,79.7,2.48,352.4,24.7,130,60,40,295.5,129.4,68.8
3921,Kurunegala,Intermediate,Yala,5.76,0.058,12.7,83,1.79,179,29.4,130,40,40,301.5,82.7,69
3922,Ratnapura,Wet,Maha,4.87,0.06,8.2,120.1,2.97,206.1,24.6,130,60,20,278.4,121.6,30.9
3923,Hambantota,Dry,Yala,6.83,0.076,8.6,53.2,1.09,82.6,30.9,130,60,60,294.6,125.4,98.4
3924,Jaffna,Dry,Maha,7.27,0.099,9,63.1,1.24,,31.5,130,60,40,272.7,123.4,70.6
3925,Kilinochchi,Dry,Yala,6.96,0.058,7.6,51.2,0.89,98.9,27.6,130,60,60,303.4,131.5,100.3
3926,Matara,Wet,Maha,5.85,0.089,8.1,115.5,2.8,331.6,26.5,130,60,20,262.5,124.2,32.5
3927,Puttalam,Dry,Yala,5.81,0.053,11.9,79.5,1.28,68.5,27.3,130,40,40,287,81,64.2
3928,Galle,Wet,Yala,4.73,0.162,,82.5,2.33,288.5,27.4,100,60,40,222.6,121.3,64.1
3929,Monaragala,Intermediate,Maha,6.1,0.157,17.6,94.1,1.7,141.1,30,100,20,40,223.5,45.7,62.7
3930,Badulla,Intermediate,Maha,5.73,0.057,13,87.6,1.65,103.6,28.4,130,40,40,266.5,88.2,69.9
3931,Mullaitivu,Dry,Yala,5.62,0.109,10,44.7,,38.7,30.1,120,40,60,278.1,85.1,93.8
3932,Kalutara,Wet,Maha,5.88,0.05,7,125.8,1.68,393.8,26.5,130,60,20,269.1,138.1,32.3
3933,Nuwara Eliya,Wet,Maha,5.3,,7.2,136.3,2.09,390.1,26.2,130,60,20,287.8,122,31
3934,Nuwara Eliya,Wet,Maha,5.33,0.113,6.2,107.9,2.97,240.9,27.9,120,60,20,250,139.8,34.7
3935,Galle,Wet,Yala,5.44,0.155,11.3,88.8,2.05,286.1,26.1,100,40,40,211.1,88.5,62.1
3936,Kurunegala,Intermediate,Maha,5.81,0.147,8.8,69.6,1.35,215.3,29.4,120,60,40,262.7,124.2,64.8
3937,Puttalam,Dry,Yala,7.2,0.086,8.6,53,0.63,42.5,27.3,130,60,60,279.1,133.9,101.1
3938,Vavuniya,Dry,Maha,7.3,0.076,9,69.3,1.36,193.8,31.2,130,60,40,268.2,135.6,65.8
3939,Jaffna,Dry,Maha,6.82,0.107,5.2,99.4,1.24,238.9,29,120,60,40,248,129,64.5
3940,Kalutara,Wet,Maha,4.56,0.159,10.6,71.1,1.6,218.7,27.9,100,40,40,214.7,91.7,64.5
3941,Vavuniya,Dry,Maha,7.3,0.172,10.3,98.6,1.42,277.7,31.6,100,40,40,225.8,82.4,69.7
3942,Kandy,Wet,Maha,5.81,0.128,7,147.3,2.59,290,24.9,120,60,20,276.5,126.1,35.7
3943,Ratnapura,Wet,Yala,4.72,0.182,6.5,84.4,1.69,249.9,24.1,100,60,40,203.8,122.4,65.2
3944,Puttalam,Dry,Yala,5.6,0.076,14.1,116.7,1.21,43.4,27.1,130,40,20,278.1,83.2,31
3945,Kalutara,Wet,Yala,5.6,0.085,5.3,142.1,2.49,209.1,25.9,130,60,20,265.7,125.3,31
3946,Vavuniya,Dry,Yala,5.86,0.11,8.2,71.8,0.9,55.7,29.7,120,60,40,242,138.6,69.3
3947,Jaffna,Dry,Maha,7.08,0.126,6.4,59,0.92,234.2,27.8,120,60,60,267.2,122.1,100.8
3948,Colombo,Wet,Maha,4.82,0.066,6.5,122.8,1.7,386.6,26.5,130,60,20,286.9,129,34.7
3949,Matara,Wet,Yala,5.17,0.182,11.6,119.3,1.74,357.4,27.8,100,40,20,206.4,87.4,34.3
3950,Jaffna,Dry,Yala,7.48,0.082,14,95.8,0.51,54.5,31,130,40,40,271.3,92.2,70.8
3951,Mullaitivu,Dry,Yala,6.39,0.096,8.8,113.4,1.04,97.4,27.3,130,60,20,262.4,140.1,35.2
3952,Galle,Wet,Yala,4.88,0.123,11.4,111.4,2.81,298.1,25.2,120,40,20,274,90.3,34.7
3953,Kurunegala,Intermediate,Maha,5.38,0.07,13.8,124.6,1.29,192.3,26.3,130,40,20,302.7,93.1,33.2
3954,Puttalam,Dry,Yala,6.07,0.126,14.7,,0.54,56,31.2,120,40,40,246.6,90.7,64.8
3955,Galle,Wet,Yala,4.53,0.08,11.4,121.1,2.58,329.3,26.1,130,40,20,271.2,93,33.3
3956,Mannar,Dry,Yala,5.89,0.191,13.7,74.8,1.22,42.6,27.3,100,40,40,229.4,89.7,66.7
3957,Hambantota,Dry,Maha,5.65,0.176,,82.8,1.43,255.9,29.5,100,60,40,231.3,122.2,67.8
3958,Badulla,Intermediate,Maha,5.39,0.081,11.7,61.7,1.03,155.1,28.8,130,40,40,279.2,85.7,63.6
3959,Badulla,Intermediate,Maha,6.04,0.141,,93.1,1.53,235.8,28.7,120,60,40,243.3,133.3,68.3
3960,Mullaitivu,Dry,Maha,6.01,0.091,14,87.7,,201.3,28,130,40,40,263.1,85.1,66.3
3961,Vavuniya,Dry,Maha,6.99,0.124,10.7,59.9,1.12,243.7,29.5,120,40,60,263.8,84,101.8
3962,Kegalle,Intermediate,Yala,6.47,0.089,11.7,129.3,1.16,229.4,27.9,130,40,20,278.1,88,32
3963,Vavuniya,Dry,Maha,6.08,0.061,10.2,73.9,0.64,220.3,30.7,130,40,40,262.6,92.7,66
3964,Kegalle,Intermediate,Maha,5.77,0.131,13.8,125.9,1.89,190.7,26.3,120,40,20,264.2,80.9,31.9
3965,Ampara,Dry,Yala,6.25,0.124,9.3,60.2,0.66,40.5,30.9,120,60,40,241.8,135.7,70.5
3966,Gampaha,Wet,Maha,4.97,0.196,10.2,63.4,2.02,343,25.2,100,40,40,226.8,89.9,66.6
3967,Badulla,Intermediate,Maha,6.73,0.109,14.3,128.1,1.28,195.1,27.5,120,40,20,253.3,93.1,31.9
3968,Nuwara Eliya,Wet,Maha,,0.169,7.5,85.9,2.36,,24.1,100,60,40,202.4,138.8,62.1
3969,Mannar,Dry,Maha,7.15,0.151,13.8,91,1.22,166.3,27.4,100,40,40,220.3,90.4,68.5
3970,Puttalam,Dry,Yala,6.43,0.152,8.7,54.8,1.16,55.9,28.5,100,60,60,214.1,130.8,95.7
3971,Jaffna,Dry,Maha,5.9,0.153,11.6,81.6,1.27,214,31.6,100,40,40,232.9,83.1,71.6
3972,Mannar,Dry,Maha,6.94,0.095,13.1,96.1,0.68,149.4,30.7,130,40,40,284.5,87.6,67
3973,Nuwara Eliya,Wet,Yala,5.07,0.148,11.2,121.9,2.47,315.2,24.9,120,40,20,252.1,90.5,32.2
3974,Batticaloa,Dry,Yala,,0.104,9.3,98.8,0.58,82.6,,120,60,40,269.1,138.1,68.3
3975,Ampara,Dry,Yala,5.65,0.051,8.1,,1.45,92.2,30.5,130,60,40,272.9,136.1,64.5
3976,Kalutara,Wet,Maha,5.28,,6.3,,2.52,320.4,26.9,120,60,20,276.7,124.4,34.9
3977,Batticaloa,Dry,Maha,6.8,0.144,8.2,109.3,1.24,275.6,27.2,120,60,20,256,132.3,32.3
3978,Hambantota,Dry,Yala,5.58,,6.1,69.1,,91.3,27.3,120,60,40,262.9,127.1,71.6
3979,Ampara,Dry,Maha,7.42,0.15,12.3,63.9,1.47,243.4,32,100,40,40,202.7,80.6,67.8
3980,Ratnapura,Wet,Yala,5.08,0.174,12,76.3,1.57,377.3,25,100,40,40,215,83.1,70.1
3981,Kurunegala,Intermediate,Yala,5.34,0.075,9.2,86,1.34,155.6,29.2,130,60,40,296.7,122.8,62.4
3982,Gampaha,Wet,Yala,5.47,0.092,8.3,71.6,2.67,,26.8,130,60,40,295.6,137.1,65.2
3983,Kurunegala,Intermediate,Maha,6.73,0.148,5.5,123.4,1.98,219.8,26.8,120,60,20,250.1,125.7,34.5
3984,Puttalam,Dry,Yala,7.39,0.166,7.5,89.4,0.56,21.9,31.8,100,60,40,208.5,126.2,68.3
3985,Kurunegala,Intermediate,Maha,6.21,0.184,11.9,67.2,1.69,123,27,100,40,40,227.7,93,63.6
3986,Vavuniya,Dry,Maha,6.61,0.135,12,108.9,1.47,226.2,28.5,120,40,20,277.7,85.4,32.6
3987,Ampara,Dry,Yala,6.96,0.062,8.3,72.1,0.51,87.8,27.2,130,60,40,265.4,120.8,64.3
3988,Monaragala,Intermediate,Yala,5.39,0.08,16.3,100.6,1.63,139.4,28.3,130,20,20,280.5,42.1,33.9
3989,Mannar,Dry,Maha,6.28,0.128,8.6,68,0.82,167.9,31.4,120,60,40,254.5,123,65.1
3990,Badulla,Intermediate,Maha,5.5,0.05,9.7,86.2,1.56,179,27.4,130,60,40,298.3,122.6,64.8
3991,Mannar,Dry,Maha,7.38,0.087,7.9,90,0.93,292.1,29,130,60,40,264.9,122.1,63.8
3992,Anuradhapura,Dry,Maha,7.16,0.061,5.2,75.6,0.85,164.2,28,130,60,40,270.4,132.2,65.8
3993,Polonnaruwa,Dry,Yala,7.18,0.176,10.4,105.5,0.77,90,29.2,100,40,20,225.6,82.9,31.8
3994,Batticaloa,Dry,Yala,7.22,0.15,,70.8,0.58,44.8,28,100,60,40,202.8,127.7,71.3
3995,Hambantota,Dry,Maha,7.11,0.106,,114.6,0.57,182.5,29.5,120,40,20,260.6,91.7,31.6
3996,Anuradhapura,Dry,Yala,6.06,0.168,11.8,87.5,,94.1,28.4,100,40,40,215.5,86,70.8
3997,Vavuniya,Dry,Yala,6.96,0.06,11.3,55.2,0.86,92.6,30.5,130,40,60,275.6,92.4,98.9
3998,Hambantota,Dry,Maha,6.82,,5.1,41.7,1.24,124.1,30.4,130,60,60,278.1,130.4,98.2
3999,Kilinochchi,Dry,Maha,6.04,0.069,9,40.4,0.9,,28.8,130,60,60,283.9,128.4,96
4000,Anuradhapura,Dry,Yala,7.16,0.051,11.8,92.4,0.6,80.8,29.7,130,40,40,268.2,90.3,68.1
4001,Kandy,Wet,Maha,4.7,0.055,,68.5,1.78,207,27.2,130,60,40,285.7,122.1,68.6
4002,Monaragala,Intermediate,Yala,5.4,0.163,13.7,,1.31,111.8,29.2,100,40,40,227.4,81.6,66.4
4003,Batticaloa,Dry,Yala,6.89,0.115,13.5,41.1,0.59,43.7,,120,40,60,271.1,89,93.3
4004,Kilinochchi,Dry,Maha,6.47,0.138,13.1,88.9,0.82,271.7,28.9,120,40,40,247.4,86.8,70.9
4005,Hambantota,Dry,Yala,6.56,0.12,5.9,,1.48,31.8,31.7,120,60,40,247.2,136.1,71.5
4006,Galle,Wet,Maha,5.71,0.074,10.1,92.6,2.59,296.8,26.9,130,40,40,272.8,92.4,66
4007,Kilinochchi,Dry,Maha,7.19,0.171,6.7,42.3,0.76,175.9,27.5,100,60,60,212.9,128.2,101.7
4008,Matale,Intermediate,Maha,6.58,0.197,17.5,71,1.29,102.8,29.4,100,20,40,214.4,44.1,66.2
4009,Monaragala,Intermediate,Yala,5.28,0.059,15.6,55.2,1.11,,26.3,130,20,60,290.2,43.5,97.3
4010,Puttalam,Dry,Maha,6.97,0.126,8.1,97.3,1.08,213.4,29.7,120,60,40,243.6,139.8,62.5
4011,Mullaitivu,Dry,Yala,6.17,0.143,7.9,101.3,1.28,87.5,29.9,120,60,20,242.7,136.9,33.1
4012,Kandy,Wet,Maha,5.12,0.154,10.8,62.5,1.99,339.5,26.1,100,40,40,213.9,92.4,69.9
4013,Badulla,Intermediate,Maha,6.54,0.154,8.5,99.7,1.72,,29.4,100,60,40,223.8,125.6,61.9
4014,Vavuniya,Dry,Maha,,0.113,,83.5,0.52,207.3,30.5,120,60,40,248.9,135.7,67.5
4015,Trincomalee,Dry,Yala,6.34,0.117,11.6,56.9,1.14,35.6,30.8,120,40,60,266.4,83.9,105.7
4016,Puttalam,Dry,Yala,7.31,0.193,11.3,65,1.23,36.7,27.4,100,40,40,209.6,83.2,63.9
4017,Colombo,Wet,Maha,5.38,,5.3,60.9,2.67,354.8,25.4,100,60,40,230,139.1,63.5
4018,Polonnaruwa,Dry,Yala,6.6,0.147,5.2,,0.87,46.8,29.8,120,60,20,276.4,121,34.7
4019,Mannar,Dry,Yala,6.73,0.135,13.7,64,0.59,79.8,30.4,120,40,40,253,93.1,64.2
4020,Kurunegala,Intermediate,Yala,5.82,,7.2,52.8,1.44,185.4,28.9,120,60,60,250.3,123.5,95.4
4021,Vavuniya,Dry,Maha,6.72,0.121,8.8,94.6,1.06,156.3,29.4,120,60,40,257.4,136.6,65.5
4022,Jaffna,Dry,Maha,7.01,0.15,5.4,102.1,0.86,200.5,29.8,100,60,20,208.9,126,32.8
4023,Trincomalee,Dry,Yala,7.45,0.112,10.6,57.4,1.5,65.3,28.3,120,40,60,267.6,85.1,105.6
4024,Colombo,Wet,Yala,4.75,0.174,5.7,109.4,2,331.6,26.6,100,60,20,228,124.9,33.9
4025,Polonnaruwa,Dry,Maha,5.8,0.176,14.7,115.8,,168.5,28,100,40,20,223,88.1,32.8
4026,Batticaloa,Dry,Yala,6.77,0.124,12.9,98.7,1.29,65.3,28,120,40,40,273.6,85,67
4027,Badulla,Intermediate,Yala,6.65,0.069,13.1,119,1.4,233.1,29.9,130,40,20,278.2,89.1,35.6
4028,Kurunegala,Intermediate,Maha,5.4,0.118,7.6,100.8,1.92,133.8,26,120,60,20,247.4,120.9,31.4
4029,Kilinochchi,Dry,Maha,6.31,0.118,11.9,76.3,0.67,176.6,30.2,120,40,40,270.2,81.3,63.8
4030,Matara,Wet,Maha,5.32,0.134,8.3,67.2,1.54,280,26.6,120,60,40,255.4,122.6,71.3
4031,Ampara,Dry,Yala,5.59,0.154,12.7,,0.62,52.2,30.1,100,40,40,223,85.9,71.3
4032,Ampara,Dry,Yala,5.72,0.187,15,45.1,0.91,,30.2,100,20,60,209.9,45.6,95.2
4033,Mannar,Dry,Yala,6.51,0.056,7.4,58.2,,46.4,27.6,130,60,60,264.8,138,94.7
4034,Monaragala,Intermediate,Yala,,0.086,18.6,101.4,1.98,227.1,29.8,130,20,20,303.5,41.8,32.9
4035,Hambantota,Dry,Yala,7.46,0.105,12.1,111.1,1.1,83.6,29.1,120,40,20,247.4,88,31.1
4036,Trincomalee,Dry,Maha,6.61,0.092,11.5,42.2,1.22,275.1,28.7,130,40,60,303.3,90.5,102.3
4037,Ampara,Dry,Maha,5.58,0.086,7.7,55.2,1.24,170.3,28.7,130,60,60,302.8,126.3,93.7
4038,Batticaloa,Dry,Yala,5.77,0.197,7.7,47.1,1.39,32.1,,100,60,60,227,128.6,93.4
4039,Matale,Intermediate,Maha,5.74,0.151,18.8,84.9,1.27,163.8,27.7,100,20,40,222.6,43.7,66.6
4040,Matara,Wet,Yala,,0.189,5.8,66.3,2.06,274,25,100,60,40,219.9,123.3,71.3
4041,Mullaitivu,Dry,Maha,7.41,0.139,7.4,66.1,0.7,162.4,31.3,120,60,40,275.2,121.1,66
4042,Galle,Wet,Yala,5.87,0.134,8.8,114,1.77,249.7,27.4,120,60,20,252.7,123.6,32.6
4043,Matale,Intermediate,Maha,5.44,0.119,11.7,110.9,1.03,133.2,29.2,120,40,20,259.6,88.7,35.8
4044,Hambantota,Dry,Maha,6.23,0.108,12.1,90.9,1.36,199.2,31.6,120,40,40,265.6,81.4,67
4045,Matara,Wet,Yala,5.49,0.158,8.1,71.6,2.35,325.9,26.6,100,60,40,214.5,124.3,65.5
4046,Badulla,Intermediate,Maha,6.61,0.126,10.2,98.3,1.62,128.6,26.3,120,40,40,258.1,84.9,65.6
4047,Kilinochchi,Dry,Maha,6.06,0.196,11,57.9,0.99,171,30.2,100,40,60,211.9,81.5,95.4
4048,Ratnapura,Wet,Yala,5.86,0.139,6.4,117.7,,304.7,25.4,120,60,20,263.4,124.4,33.4
4049,Puttalam,Dry,Maha,,0.104,6.7,110.9,,255.2,31.9,120,60,20,274.6,138.4,33
4050,Jaffna,Dry,Maha,5.96,0.068,10.8,92.4,1.44,224,27.5,130,40,40,269.9,80.7,64.4
4051,Hambantota,Dry,Maha,6.44,0.085,7.8,72.6,0.74,133.3,28.2,130,60,40,301,133.4,63.3
4052,Matale,Intermediate,Yala,5.59,0.133,16.2,120.3,1.09,188.4,,120,20,20,268.3,42.7,32.4
4053,Nuwara Eliya,Wet,Maha,5.72,0.131,8.9,137.9,1.76,299.8,27.9,120,60,20,273.6,133.8,33.3
4054,Kandy,Wet,Maha,4.65,0.055,5.9,106.9,1.55,380,26.8,130,60,20,285,132.1,31.1
4055,Trincomalee,Dry,Maha,7.12,0.11,6.6,82.5,1.46,170.1,28.8,120,60,40,271.8,125,63.2
4056,Kurunegala,Intermediate,Yala,6.6,0.114,14.5,67.1,1.3,145.4,27.4,120,40,40,242,91.5,71.2
4057,Ampara,Dry,Maha,7.38,0.181,5.2,46.7,1.28,164,28.9,100,60,60,227.8,130.2,100.6
4058,Matale,Intermediate,Yala,5.26,0.146,5.9,129.2,1.39,140.7,27.5,120,60,20,242.9,136.7,31.1
4059,Kandy,Wet,Maha,4.54,0.19,9.2,116.6,1.88,224.1,24.2,100,60,20,230.1,128.6,34.3
4060,Puttalam,Dry,Yala,6.68,0.121,14.7,113.5,0.98,92.9,30.2,120,40,20,280.2,93.3,31.1
4061,Anuradhapura,Dry,Yala,5.63,0.181,10,82.9,1.28,26.3,30.2,100,40,40,210.7,90.5,69.1
4062,Polonnaruwa,Dry,Maha,7.09,,,119.6,0.89,294.6,28.9,100,40,20,208,93.1,34.5
4063,Trincomalee,Dry,Maha,7.19,0.114,8.3,,1.48,290.3,29.4,120,60,40,271.3,130.7,68.2
4064,Matara,Wet,Maha,4.99,0.052,,128.1,1.93,385.7,26.9,130,60,20,272.1,129.9,34.5
4065,Galle,Wet,Yala,5.6,0.054,6.2,100.5,2.75,364.3,24.4,130,60,20,298.1,135.4,31.2
4066,Matara,Wet,Maha,5.71,0.186,9.9,79,2.73,244.5,24.3,100,60,40,204.4,137.8,69
4067,Colombo,Wet,Yala,5.51,,5.2,61.6,2.04,255.4,26.9,100,60,40,205.2,139.5,63.1
4068,Monaragala,Intermediate,Yala,6.72,0.081,15.3,113.8,1.56,207.9,26.7,130,20,20,302.9,42.4,32.5
4069,Kurunegala,Intermediate,Maha,,0.197,17.4,113.7,1.68,148,28.2,100,20,20,223.1,45.4,35.5
4070,Jaffna,Dry,Yala,6.55,0.196,12,88.7,1.23,72.7,31.9,100,40,40,228.7,83.2,66.7
4071,Vavuniya,Dry,Maha,5.55,0.165,11.7,65.7,1.44,154.5,27.4,100,40,40,211.7,87.6,71.4
4072,Nuwara Eliya,Wet,Yala,4.65,0.132,10.5,70.4,1.79,211.9,26.7,120,40,40,267.8,82.8,62.6
4073,Nuwara Eliya,Wet,Maha,5,0.062,6.2,142.4,,237.2,24.8,130,60,20,286.6,127.4,33.2
4074,Hambantota,Dry,Maha,6.77,0.107,11.9,44.5,1.33,250.3,28.4,120,40,60,264.9,92.6,93.4
4075,Kalutara,Wet,Yala,5.48,0.172,6.4,111.7,2.49,268.8,27,100,60,20,223.4,123.5,34
4076,Hambantota,Dry,Maha,5.72,0.068,13.3,44.8,0.82,234.2,31.7,130,40,60,285.8,88.7,93.7
4077,Kandy,Wet,Yala,4.6,0.173,9.6,148.9,1.52,244.6,24.6,100,60,20,215.1,132.2,31.7
4078,Ratnapura,Wet,Yala,5.91,0.078,10.9,117.3,2.16,250.7,26.7,130,40,20,273.1,82.1,32.1
4079,Monaragala,Intermediate,Maha,6.56,0.147,18.6,67.7,,130.6,27,120,20,40,271.4,42.4,69.2
4080,Trincomalee,Dry,Yala,5.97,,14.4,82.4,0.81,54.6,27.2,120,40,40,250.2,87.8,63.3
4081,Puttalam,Dry,Maha,5.8,0.181,14.6,79.4,1.23,154.1,27.5,100,40,40,223.7,82.9,70.2
4082,Nuwara Eliya,Wet,Maha,4.74,0.099,11.4,140.2,2.83,298.2,,130,40,20,271.3,90.9,31.5
4083,Trincomalee,Dry,Maha,6.47,0.19,6.9,116.5,0.7,247.9,30.6,100,60,20,221.5,139.6,31
4084,Anuradhapura,Dry,Yala,7.22,0.109,6.8,95.7,0.93,97.5,31.4,120,60,40,270.6,124.8,65.6
4085,Trincomalee,Dry,Yala,6.71,0.087,10.5,58.9,1.48,88.6,27.6,130,40,60,270.7,82.9,107.2
4086,Mullaitivu,Dry,Maha,7.47,0.059,10,77.8,0.8,161.4,29.3,130,40,40,263.9,86.4,62.8
4087,Nuwara Eliya,Wet,Yala,4.88,0.052,8,93.3,3,,25.1,130,60,40,267,135.2,62.7
4088,Kurunegala,Intermediate,Yala,6.57,0.099,15.5,103.2,1.91,198.7,29.8,130,20,20,287.1,42.1,34.6
4089,Monaragala,Intermediate,Yala,6.73,0.18,8.5,106.8,1.25,161.9,27.1,100,60,20,228.8,121,32.4
4090,Ratnapura,Wet,Maha,5.14,0.197,11.8,124.7,1.61,335.1,26.7,100,40,20,202.6,87.5,34.4
4091,Badulla,Intermediate,Yala,5.73,0.08,11,,1.95,214.8,28.8,130,40,40,292.5,93,63.7
4092,Kurunegala,Intermediate,Yala,5.37,0.092,9,110.4,1.13,187.8,29.8,130,60,20,275.9,128.3,33.1
4093,Matale,Intermediate,Yala,6.08,0.115,18.1,62.3,1.54,228.9,30,120,20,40,260.1,43,64.4
4094,Ampara,Dry,Yala,6.72,0.15,13.9,86.3,1.24,97.1,31.2,100,40,40,231.4,93.1,66.2
4095,Kandy,Wet,Yala,5.62,0.064,5.8,92.8,1.94,257.8,27.6,130,60,40,275.5,134.2,69.4
4096,Mannar,Dry,Maha,7.19,0.09,9,111.8,0.72,125.9,27.3,130,60,20,281.1,134.7,34.6
4097,Mullaitivu,Dry,Yala,5.67,0.141,13.7,52.3,1.12,57.6,,120,40,60,241.9,87.8,100.2
4098,Vavuniya,Dry,Yala,6.21,0.065,9.9,108.8,0.83,44.1,29.9,130,60,20,264.9,139.7,35.4
4099,Anuradhapura,Dry,Maha,7.38,0.135,8.4,58.1,1.41,125.6,30.2,120,60,60,251.5,134.1,96.5
4100,Batticaloa,Dry,Maha,6.99,0.169,13,90.1,0.65,263.6,27.5,100,40,40,202,92.2,64.1
4101,Kandy,Wet,Maha,4.88,0.085,7.8,66.5,2.82,331.6,24.3,130,60,40,288.2,134.3,67.8
4102,Puttalam,Dry,Yala,7.05,0.184,10.3,80.7,1.36,85.5,30.5,100,40,40,215,90.1,67.9
4103,Kalutara,Wet,Maha,5.03,0.153,10.8,63.9,2.02,279.6,26.9,100,40,40,219,84.3,62.2
4104,Vavuniya,Dry,Maha,7.18,0.194,11.9,97.5,0.65,130.4,27.2,100,40,40,206.8,84.4,67.8
4105,Monaragala,Intermediate,Maha,5.66,0.158,16,96.3,1.83,225.1,28.6,100,20,40,210.7,45.3,65.4
4106,Mullaitivu,Dry,Yala,5.89,0.074,10.5,91.5,,73.4,31.8,130,40,40,289.5,84.3,69.2
4107,Kandy,Wet,Yala,4.73,0.17,,132,2.67,321.4,27.8,100,60,20,232.6,131.6,34.8
4108,Matara,Wet,Maha,4.82,0.154,10.5,82.8,2.85,367.2,25.7,100,40,40,202.7,83.7,67.2
4109,Vavuniya,Dry,Maha,5.9,0.098,7.3,84.8,,134.9,31.3,130,60,40,299.1,136.6,61.7
4110,Kegalle,Intermediate,Maha,5.4,0.154,11.3,,,152.9,27.6,100,40,20,219.9,81.9,34
4111,Kalutara,Wet,Maha,5.13,0.179,9.4,136.6,1.82,332.8,24,100,60,20,219.5,136.8,34.5
4112,Ratnapura,Wet,Maha,5.11,0.145,10.5,149.8,2.92,366.8,27.6,120,40,20,260.9,88.3,32
4113,Monaragala,Intermediate,Maha,5.9,0.075,15.5,78.7,1.83,184.6,29.1,130,20,40,264.3,41.5,66.3
4114,Nuwara Eliya,Wet,Yala,5.98,0.097,8.7,93.5,2.27,309.5,24.2,130,60,40,265.2,131.2,71.4
4115,Ampara,Dry,Yala,7.38,0.168,7,73.3,0.7,87.6,,100,60,40,220.7,126.1,64.7
4116,Gampaha,Wet,Yala,5.53,0.086,6.2,77.9,2.88,284,24.1,130,60,40,275.9,126.9,63.9
4117,Ratnapura,Wet,Maha,5.67,0.088,6.9,74,2.31,329.8,26.7,130,60,40,300.3,127.5,63.8
4118,Trincomalee,Dry,Maha,6.82,0.082,8.7,66.4,1.3,280.6,30.9,130,60,40,278.6,121.9,67.3
4119,Anuradhapura,Dry,Yala,7.08,0.163,10.8,75.6,1.07,46.5,29.4,100,40,40,205.8,93.3,71.2
4120,Hambantota,Dry,Maha,5.5,0.192,8.2,105.3,0.86,236.8,31.2,100,60,20,224.4,121.2,33.8
4121,Colombo,Wet,Yala,5.62,0.186,7.9,81.4,2.07,395.4,26.3,100,60,40,210.7,133.6,64.7
4122,Kilinochchi,Dry,Maha,6.58,0.104,13.2,52.5,0.75,236.9,27.9,120,40,60,261.9,85.3,102.1
4123,Kilinochchi,Dry,Maha,7.4,0.142,14,117.8,0.85,120.1,27.8,120,40,20,268.6,88.9,33.9
4124,Badulla,Intermediate,Yala,6.73,,11.4,125.1,1.24,236.8,26.4,130,40,20,299.6,85.1,33.8
4125,Matale,Intermediate,Yala,5.47,0.086,12.8,59.4,1.77,119.8,28,130,40,60,295,89.3,94.9
4126,Kegalle,Intermediate,Yala,6.24,0.138,16,87.3,1.22,144.3,,120,20,40,267.8,45,68
4127,Jaffna,Dry,Maha,6.12,0.157,10.5,47.5,1.42,221.9,29.7,100,40,60,223.3,89.5,99
4128,Galle,Wet,Yala,4.65,0.058,7.8,62.8,2.25,272,24.6,130,60,40,301.5,122.8,61.9
4129,Colombo,Wet,Yala,5.94,0.12,9.7,123.3,2.01,360.9,27.4,120,60,20,252.9,133.5,33.5
4130,Badulla,Intermediate,Yala,5.55,0.138,6.7,117.5,1.43,162,26.5,120,60,20,241.4,126.1,35.7
4131,Ampara,Dry,Yala,5.76,0.124,6.9,94.2,0.53,49.5,31,120,60,40,252,121.2,65.2
4132,Trincomalee,Dry,Yala,5.76,0.073,8.7,108.8,1.42,68.7,29.6,130,60,20,270.6,128.7,35.6
4133,Kalutara,Wet,Maha,4.55,0.051,7.1,74.5,2.5,246.8,24.5,130,60,40,289.5,129.1,62.7
4134,Matale,Intermediate,Yala,5.5,0.093,11.2,106.2,1.82,165,29.8,130,40,20,288.3,86.6,34.5
4135,Anuradhapura,Dry,Yala,7.4,0.096,11.4,48.4,1.34,92.1,30.2,130,40,60,286.6,89.7,94.2
4136,Matale,Intermediate,Maha,5.91,0.051,8.8,121.5,1.9,246.8,,130,60,20,262.1,126.7,32.2
4137,Badulla,Intermediate,Maha,5.76,0.196,13.4,126.8,1.77,186.5,26.9,100,40,20,224.9,84.6,33.7
4138,Matale,Intermediate,Maha,5.45,0.12,18.5,,1.93,216,29.7,120,20,60,254,40.6,101.4
4139,Vavuniya,Dry,Maha,5.92,0.072,8.7,68.7,1.32,138,30.8,130,60,40,289.6,134.1,69.5
4140,Puttalam,Dry,Maha,6.16,0.064,11.2,56.9,0.8,195.5,30.2,130,40,60,285,87.9,101.7
4141,Kandy,Wet,Yala,5.38,0.15,7.6,73.4,2.78,236.7,26.3,100,60,40,212.3,127.5,67.6
4142,Kegalle,Intermediate,Yala,6.28,0.089,5.1,80.4,1.78,145.5,,130,60,40,267.1,134.4,70.8
4143,Trincomalee,Dry,Maha,6.28,0.133,8.1,,0.62,121.2,29.3,120,60,40,245,131.1,66.2
4144,Kegalle,Intermediate,Maha,6.55,0.132,10.5,68.4,1.72,113.2,29.2,120,40,40,273.9,86.6,64
4145,Kurunegala,Intermediate,Yala,5.8,0.087,19,81.1,1.37,168.4,26.5,130,20,40,300.3,43.6,63.3
4146,Matara,Wet,Yala,,0.182,10,97.5,1.57,204.7,26.5,100,40,40,222.3,88.8,65.7
4147,Gampaha,Wet,Maha,4.93,0.084,5.8,70.4,2.09,259.3,24.1,130,60,40,265.8,133.5,68.8
4148,Gampaha,Wet,Maha,5.21,0.115,6.8,109.5,,385.3,27.6,120,60,20,257.1,126.3,31
4149,Mannar,Dry,Maha,5.73,0.068,5.6,68.5,0.61,252,28.6,130,60,40,292.3,123.4,63
4150,Ratnapura,Wet,Yala,4.59,0.08,7.8,91.9,2.72,268.7,27.3,130,60,40,294.5,123.7,62.8
4151,Ratnapura,Wet,Yala,4.79,0.086,7.5,103.8,1.97,345.8,25.6,130,60,20,266.4,133.1,33.7
4152,Trincomalee,Dry,Yala,6.87,0.091,13.4,100.8,1.29,62.2,29.8,130,40,20,261.4,91.9,32
4153,Kegalle,Intermediate,Maha,6.49,0.16,6.7,71.8,1.39,204,26.7,100,60,40,224.3,128.6,63.4
4154,Kalutara,Wet,Yala,4.75,0.193,5.2,124.5,2.29,305.3,27.6,100,60,20,212.7,123.9,33.8
4155,Kandy,Wet,Maha,5.1,0.062,8.3,92.2,2.23,324.4,26,130,60,40,272.2,135.4,69.3
4156,Kalutara,Wet,Maha,5,0.114,10.5,134.1,2.09,339.3,26,120,40,20,241.8,91.3,32.5
4157,Hambantota,Dry,Yala,6.09,0.145,11.4,97.1,1.14,34.1,28.4,120,40,40,262.5,92,67.5
4158,Badulla,Intermediate,Yala,6.64,0.16,14.2,60.8,1.22,,26.8,100,40,40,228.9,88.4,62.7
4159,Ratnapura,Wet,Maha,5.37,0.096,9.9,111.5,1.95,281.4,25.7,130,60,20,302,137.5,35.5
4160,Trincomalee,Dry,Maha,6.16,0.121,10.9,48,1.28,136.8,28.3,120,40,60,263.5,80.7,97.6
4161,Gampaha,Wet,Maha,5.44,0.179,11.5,62.3,2.68,,25.5,100,40,40,217.9,81.9,71.7
4162,Kurunegala,Intermediate,Yala,6.68,0.053,18.6,80.7,,115.3,26.6,130,20,40,265,40.8,71.5
4163,Monaragala,Intermediate,Yala,6.75,0.08,15.2,52.8,1.7,169,27,130,20,60,284.7,44.9,104.2
4164,Anuradhapura,Dry,Maha,6.16,0.113,12,79.1,1.28,133.6,28.6,120,40,40,256.2,81.4,61.9
4165,Kilinochchi,Dry,Maha,6.92,0.1,9.6,57.7,1.28,218.2,28.4,120,60,60,265.1,130.3,100.7
4166,Kandy,Wet,Maha,4.85,0.136,10.3,110.9,1.72,201.2,24.1,120,40,20,256.5,86.6,31.2
4167,Galle,Wet,Yala,4.92,0.168,8.8,125.2,1.92,361.9,25.7,100,60,20,208.9,126.7,35.3
4168,Hambantota,Dry,Maha,6.71,0.191,7.2,58,0.78,167.3,30.2,100,60,60,204.2,137.6,104.3
4169,Kurunegala,Intermediate,Maha,6.56,0.151,16,55.8,1.65,,27.8,100,20,60,211.4,41.3,107.1
4170,Trincomalee,Dry,Maha,6.66,0.106,,109.2,1.09,,30,120,60,20,245.1,127.5,33.8
4171,Vavuniya,Dry,Yala,6.07,0.098,13,41.9,1.4,83,27.1,130,40,60,268.9,90.6,100.3
4172,Gampaha,Wet,Maha,5.05,0.075,11.3,134.9,2.12,366.6,26.5,130,40,20,303.3,80.9,33.4
4173,Kalutara,Wet,Yala,4.59,0.085,9.5,65.6,2.23,,26.4,130,60,40,280.2,133.8,65.6
4174,Kurunegala,Intermediate,Maha,5.58,,18.1,117.9,1.54,231.2,29.2,100,20,20,218.4,45.6,33.1
4175,Trincomalee,Dry,Maha,6.78,0.179,8.5,67.8,1.07,285.2,29.7,100,60,40,229.6,138.9,68.1
4176,Nuwara Eliya,Wet,Maha,5.61,0.173,11.4,124.4,2.86,289.1,24.4,100,40,20,233.6,91.9,35.5
4177,Monaragala,Intermediate,Maha,5.98,0.076,19.3,108.1,,212.1,29.4,130,20,20,286.1,42.3,33.8
4178,Kurunegala,Intermediate,Yala,6.46,0.117,,57.2,1.94,232.5,28.7,120,60,60,273.1,132.1,105.4
4179,Puttalam,Dry,Maha,6.18,0.121,11.3,58.3,0.81,229.8,28.9,120,40,60,254.1,81.5,105.4
4180,Batticaloa,Dry,Yala,7.5,0.133,10.4,48.6,0.62,44.4,30.4,120,40,60,253.3,83.8,100.3
4181,Mannar,Dry,Yala,6.77,0.121,10.5,92.5,1.42,74.5,29.6,120,40,40,257.1,81.7,65.2
4182,Matale,Intermediate,Yala,5.93,,11.5,53.7,1.95,,26.1,120,40,60,267.7,84.6,102.1
4183,Badulla,Intermediate,Maha,5.5,0.069,15.5,108.2,1.92,241,27.4,130,20,20,290.3,45.9,33
4184,Puttalam,Dry,Yala,6.65,0.082,,108.7,0.68,72.5,27.7,130,60,20,274.8,127.4,31.2
4185,Batticaloa,Dry,Maha,7.03,,10.5,51,1.24,173,31,130,40,60,267.1,87.8,98.2
4186,Ampara,Dry,Yala,6.64,,13.1,77.9,0.8,79.9,27.8,100,40,40,221.7,86.1,71.6
4187,Ampara,Dry,Yala,5.86,0.081,8.6,,1.34,21.6,32,130,60,40,266.8,129.6,62.2
4188,Mullaitivu,Dry,Yala,6.71,0.069,7,54.7,1.26,71.3,31.7,130,60,60,285.9,139.6,103
4189,Mannar,Dry,Yala,6.64,0.165,,115,0.86,57,28.6,100,40,20,223.7,84.3,35
4190,Kalutara,Wet,Yala,4.71,0.095,6.1,103.1,2.05,240.8,26.9,130,60,20,291.1,132.9,34
4191,Vavuniya,Dry,Yala,7.31,0.102,8.3,94.3,0.74,82.6,,120,60,40,270.8,128.8,67.4
4192,Gampaha,Wet,Maha,4.86,0.187,8,138.5,1.62,305.2,27.1,100,60,20,229.6,121.8,34.3
4193,Kurunegala,Intermediate,Yala,6.06,0.194,19.1,93.9,1.24,102,26.3,100,20,40,217.4,43.4,66
4194,Mullaitivu,Dry,Yala,6.31,0.148,,89.7,1.06,74.7,31.9,120,40,40,269.9,91.1,62.6
4195,Ratnapura,Wet,Maha,4.97,0.15,5.4,148.7,2.56,258.2,26,100,60,20,221.3,122.6,35.6
4196,Kurunegala,Intermediate,Yala,5.66,0.18,9.9,119.9,1.76,113,29,100,60,20,207.2,122,33
4197,Kurunegala,Intermediate,Maha,6.21,,19.1,63.4,1.57,166.7,26.2,130,20,40,262.5,41.2,68.4
4198,Batticaloa,Dry,Yala,5.67,0.153,,101.3,1.48,28.4,27.3,100,40,20,210.4,90.5,33.5
4199,Galle,Wet,Maha,5.63,0.192,5.4,73.6,1.75,369.4,26.2,100,60,40,215.5,134.8,62.2
4200,Vavuniya,Dry,Yala,7.47,0.085,6.2,65.6,0.87,,31,130,60,40,287.6,131.7,71.2
4201,Galle,Wet,Yala,4.58,0.053,6.3,117.6,1.78,389.5,27.8,130,60,20,297.4,129.8,34.8
4202,Galle,Wet,Maha,5.46,0.199,10,140.4,1.67,208.2,24.8,100,40,20,207.5,92.1,31.5
4203,Puttalam,Dry,Maha,6.27,,8.1,96,0.84,220.1,29.3,120,60,40,246.2,135.6,71.5
4204,Mannar,Dry,Maha,6.38,0.112,13.7,92.1,,251,31.9,120,40,40,279,91.1,69.1
4205,Puttalam,Dry,Yala,7.47,0.189,11,80,0.53,47.8,27.9,100,40,40,204.6,91.1,66.4
4206,Hambantota,Dry,Yala,7.43,0.08,10.8,108.9,1.13,83.2,31.4,130,40,20,281.7,88.9,33.9
4207,Gampaha,Wet,Yala,4.67,0.144,5.6,82.3,2.8,232.4,27.2,120,60,40,264.2,129.6,62.8
4208,Ratnapura,Wet,Yala,4.55,0.116,11.6,84.2,2.5,368,24.3,120,40,40,262.5,91.8,67.3
4209,Polonnaruwa,Dry,Yala,6.76,0.146,7.3,,1.38,63.1,29.6,120,60,60,244.7,138.7,93.6
4210,Ampara,Dry,Maha,,0.091,,95,0.72,155.6,27.3,130,40,40,263.8,80.8,67.1
4211,Mannar,Dry,Yala,6.92,0.147,11.2,116.5,1.45,76.7,29.9,120,40,20,245.5,81.1,33.6
4212,Puttalam,Dry,Maha,,0.131,7.3,109.8,0.51,273.2,30.9,120,60,20,264.2,139.4,35.2
4213,Trincomalee,Dry,Maha,6.57,0.088,11.1,66.5,0.85,288.6,28.6,130,40,40,284.5,84.1,69
4214,Matara,Wet,Yala,5.43,0.089,10.8,,1.76,350.5,24.8,130,40,20,271.3,91.9,32
4215,Polonnaruwa,Dry,Maha,6.35,0.086,11,81.7,0.87,184.7,27.3,130,40,40,288.4,85.5,70.6
4216,Nuwara Eliya,Wet,Yala,5.34,0.063,11.5,91.5,1.62,282.9,26.9,130,40,40,296.2,82,67.4
4217,Kandy,Wet,Maha,5.33,0.168,9,60.6,2.66,208.5,24.9,100,60,40,202.5,122.2,67.8
4218,Nuwara Eliya,Wet,Maha,5.73,0.088,10.7,67.8,2.23,280.1,26.8,130,40,40,282.5,82.5,63.4
4219,Polonnaruwa,Dry,Yala,7.15,0.075,12,62.8,0.86,51.7,27.7,130,40,40,290.6,83.7,70.3
4220,Polonnaruwa,Dry,Maha,6.08,0.188,7.9,64.1,0.51,274.9,27.2,100,60,40,209.3,130.2,71
4221,Vavuniya,Dry,Yala,6.58,0.089,7.1,47.7,,54.2,28.5,130,60,60,274.5,134.3,104.1
4222,Kalutara,Wet,Maha,5.96,0.155,11.4,102,2.15,304.3,25.4,100,40,20,221.1,93.3,35.5
4223,Polonnaruwa,Dry,Maha,5.8,0.151,11.6,76,1.42,222.2,29,100,40,40,230.4,86.2,64.7
4224,Kalutara,Wet,Yala,5.53,0.111,9.9,78.5,2.17,282.3,26.3,120,60,40,273,130.8,70.3
4225,Colombo,Wet,Maha,5.45,0.15,5.2,108.8,2.66,222.5,24.4,100,60,20,220.1,130.8,33.2
4226,Trincomalee,Dry,Yala,7.38,0.067,5.1,64.1,1.13,91.3,31.8,130,60,40,292.4,131.2,63.3
4227,Matara,Wet,Yala,5.26,0.156,5.9,60.6,,345.5,25.9,100,60,40,213,130.7,68.4
4228,Hambantota,Dry,Yala,7.05,0.196,10,94.9,1.04,41.2,31.6,100,40,40,222,80.6,68.5
4229,Mullaitivu,Dry,Maha,6.82,0.192,6.8,111.8,0.69,272,30,100,60,20,216.3,120.7,32.2
4230,Colombo,Wet,Yala,5.73,0.105,5.7,79,2.11,214.4,25,120,60,40,248.8,122.5,62
4231,Hambantota,Dry,Maha,6.77,0.132,12,55.2,1.38,216.7,28.3,120,40,60,268.8,81.8,95.5
4232,Jaffna,Dry,Maha,6.39,0.114,,117.3,,193.9,31.2,120,40,20,263.1,89.7,32.8
4233,Hambantota,Dry,Yala,7.04,0.085,7.5,57,,66.8,30.3,130,60,60,276.6,124.6,95
4234,Kandy,Wet,Maha,5.92,0.151,11.1,137.2,2.81,223.6,26.4,100,40,20,230.8,92.2,31.8
4235,Hambantota,Dry,Maha,6.13,0.143,,50.1,1.36,152.5,27.5,120,60,60,242.2,138.8,98.4
4236,Trincomalee,Dry,Maha,6.16,0.075,11.2,,0.96,220.6,31.1,130,40,40,274.8,93.2,71.3
4237,Badulla,Intermediate,Yala,6.65,0.106,18.8,95.3,1.34,189.7,26.6,120,20,40,243.6,46.4,69.3
4238,Mannar,Dry,Maha,5.88,0.083,10.9,53.1,1.35,194.2,27.7,130,40,60,293.9,84,97.3
4239,Mannar,Dry,Yala,5.88,0.097,7.5,98.9,0.5,30.9,31.8,130,60,40,291.2,130.6,71.2
4240,Puttalam,Dry,Yala,7.36,,11.9,51.8,1.33,40.9,28.2,120,40,60,254.3,82.8,102.2
4241,Nuwara Eliya,Wet,Maha,5,0.143,8.4,60.8,2.34,225.4,27.7,120,60,40,267.8,136.4,66.3
4242,Ampara,Dry,Yala,5.73,0.066,6,55.4,1.48,90.2,27.8,130,60,60,278.2,138,99.5
4243,Polonnaruwa,Dry,Maha,6.36,0.111,11.6,88,1.48,276.8,31.4,120,40,40,270.9,91.6,65.8
4244,Kalutara,Wet,Maha,5.78,0.122,9.6,118.2,1.85,357.2,25.2,120,60,20,259.1,129.1,32
4245,Monaragala,Intermediate,Maha,6.66,0.182,17.2,128.1,1.38,201.9,26.6,100,20,20,214.5,45.2,32.7
4246,Jaffna,Dry,Maha,6.19,,7.2,117,0.7,153.1,31,130,60,20,301,122.5,33.4
4247,Badulla,Intermediate,Yala,6.35,0.19,15.6,74.6,1.86,131.9,29.3,100,20,40,209.3,40.5,67
4248,Mannar,Dry,Maha,7.26,0.157,5.2,65,0.84,222,27.9,100,60,40,205,135.4,69.3
4249,Colombo,Wet,Maha,4.9,,8.9,88.4,1.63,257,27.7,130,60,40,286.2,128.9,65.3
4250,Puttalam,Dry,Maha,6.32,0.145,14.4,100.1,0.66,190.3,28.9,120,40,20,279.3,93.5,34.4
4251,Trincomalee,Dry,Yala,6.12,0.157,7.1,,0.96,66.1,31,100,60,40,213.4,122.5,67.5
4252,Hambantota,Dry,Yala,6.85,0.092,13.7,63.2,1.26,27.3,31.1,130,40,40,264,91.6,71.3
4253,Nuwara Eliya,Wet,Yala,5.69,0.098,7.8,95.8,2.46,391.5,25,130,60,40,275.8,130,65.6
4254,Mannar,Dry,Yala,7.22,0.154,,71.2,0.55,82.1,28.4,100,60,40,217.6,136.8,70.7
4255,Ratnapura,Wet,Yala,5.65,0.175,5.4,119.5,1.95,254.3,25.6,100,60,20,206.4,136.6,34.9
4256,Batticaloa,Dry,Yala,5.64,0.125,13,49.5,0.71,99.1,30.7,120,40,60,267.1,92.4,102.1
4257,Vavuniya,Dry,Yala,5.95,0.091,13.5,51.1,,98,31.6,130,40,60,303.7,84.4,102.3
4258,Kandy,Wet,Yala,5.34,0.067,11.4,72.3,1.99,,26.8,130,40,40,280.6,92.9,62.5
4259,Vavuniya,Dry,Maha,6.69,0.083,10.9,92.7,0.77,265.5,31.6,130,40,40,276.4,82.5,71.2
4260,Ampara,Dry,Yala,5.92,0.181,8.8,66.4,0.77,49.9,29.9,100,60,40,214.2,122.2,62.8
4261,Jaffna,Dry,Yala,5.62,0.196,11.9,52.7,0.83,26.5,28.4,100,40,60,204.8,86.1,100.9
4262,Matale,Intermediate,Yala,,0.084,16,115.4,1.24,222.5,26.3,130,20,20,298.8,45.6,32.5
4263,Gampaha,Wet,Yala,4.64,0.139,11.5,85.3,2.33,260.4,25.2,120,40,40,257.6,86.7,66
4264,Matara,Wet,Maha,4.91,0.105,10.5,133.9,1.7,212.2,27.7,120,40,20,256.5,91.3,33.9
4265,Nuwara Eliya,Wet,Yala,5.99,,6.2,108.6,2.32,295.7,24.8,100,60,20,222.6,134.9,35.3
4266,Polonnaruwa,Dry,Yala,5.97,0.199,,72.5,0.62,88.2,27.8,100,60,40,215.5,124.7,66.3
4267,Mullaitivu,Dry,Maha,6.33,0.061,13.4,55.3,1.1,247.6,27.9,130,40,60,288.9,92.9,107.3
4268,Vavuniya,Dry,Yala,6.91,0.188,9.7,46.9,1.18,54.3,29,100,60,60,203.1,121.8,101.4
4269,Batticaloa,Dry,Maha,5.53,0.051,14.2,82.5,0.77,231.5,,130,40,40,295.9,92.2,63.3
4270,Kilinochchi,Dry,Maha,6.41,0.15,5.2,72.4,0.66,160.5,27.9,100,60,40,231.8,126.6,63.6
4271,Kegalle,Intermediate,Yala,,0.174,14.2,73.1,,,28.7,100,40,40,222.3,87,68.9
4272,Badulla,Intermediate,Maha,6.6,0.181,11.4,123.3,1.13,182.2,28.7,100,40,20,232.2,86,31.1
4273,Hambantota,Dry,Maha,7.23,0.115,12.1,84.1,0.56,269,32,120,40,40,247.3,82.7,66.5
4274,Hambantota,Dry,Maha,6.99,0.199,12.4,64.8,1.21,230,30.1,100,40,40,216.7,85.1,63.2
4275,Badulla,Intermediate,Yala,5.55,0.108,18.1,99.4,1.22,196.5,28.1,120,20,40,264.9,41.5,66
4276,Puttalam,Dry,Yala,,0.191,9.4,92.9,0.97,72.9,30.9,100,60,40,220.1,124.6,69.2
4277,Badulla,Intermediate,Maha,5.69,0.17,17.1,55.8,1.76,223.9,29.5,100,20,60,214.2,41.5,99.4
4278,Ratnapura,Wet,Yala,5.6,0.111,7.1,74.3,2.04,358.8,27.3,120,60,40,254.6,130.2,63.3
4279,Kegalle,Intermediate,Yala,5.86,,15.6,77,1.89,204.9,29.9,130,20,40,266.8,45.4,64.2
4280,Monaragala,Intermediate,Maha,5.99,0.117,17.7,88.7,1.2,103,28.8,120,20,40,256.7,44,65.4
4281,Badulla,Intermediate,Maha,6.61,0.076,,66.5,1.18,128.5,28.8,130,20,40,268.3,46.1,62.4
4282,Anuradhapura,Dry,Maha,6.82,0.163,6.8,81,1.35,172.9,28.8,100,60,40,225,133.1,67.5
4283,Gampaha,Wet,Maha,5.72,,6.6,97.4,2.73,388.2,26.3,120,60,40,249.5,134.1,67.8
4284,Colombo,Wet,Maha,5.66,0.094,,102.1,,216.9,27.8,130,60,20,263.9,133.7,31.1
4285,Batticaloa,Dry,Yala,6.86,0.181,8.9,61.8,1.13,,29.4,100,60,40,219.1,129.4,65.7
4286,Jaffna,Dry,Maha,5.81,0.123,6.2,107.8,1.48,280.9,29.5,120,60,20,264.6,134.1,32.9
4287,Kurunegala,Intermediate,Maha,5.93,0.085,8.3,101.5,1.65,166.8,28.3,130,60,20,298.4,122,32.5
4288,Anuradhapura,Dry,Yala,5.97,0.107,11.6,118.5,0.59,95.3,31.1,120,40,20,263.9,91.7,33.6
4289,Batticaloa,Dry,Maha,6.76,0.096,10.5,114.7,1.03,234.6,31.5,130,40,20,276,90.6,32.5
4290,Puttalam,Dry,Maha,7.24,,10.6,88.6,0.55,157,28.2,130,40,40,295.4,83.7,65.9
4291,Hambantota,Dry,Yala,7.43,0.088,10,,1.43,80.7,28.5,130,40,20,284.3,90.5,34.8
4292,Vavuniya,Dry,Yala,7.11,0.1,11.1,45.7,0.95,99.8,28.9,120,40,60,244.4,80.6,94.9
4293,Gampaha,Wet,Yala,5.29,0.128,7.7,139.3,1.63,220.4,26.3,120,60,20,263.5,124.9,33.9
4294,Monaragala,Intermediate,Yala,6.25,0.084,19.7,104,1.85,135.4,29.7,130,20,20,299.9,40.7,33.3
4295,Badulla,Intermediate,Maha,6.19,0.079,18.6,112.1,1.92,179.8,29.4,130,20,20,278.2,45.3,32.3
4296,Mannar,Dry,Maha,7.22,0.096,14.8,89.3,0.81,206.4,28.2,130,40,40,274,90.3,69
4297,Kandy,Wet,Maha,5.56,0.063,5.2,142.8,,276.9,26.3,130,60,20,267.5,136.5,33.6
4298,Mannar,Dry,Yala,6.1,0.177,6.9,103.3,0.63,46.8,27.3,100,60,20,206,120.7,33.2
4299,Badulla,Intermediate,Yala,6.4,0.112,12,59.8,1.13,102.4,29.9,120,40,60,258.3,87,102.5
4300,Ampara,Dry,Yala,6.67,0.191,,72.1,0.96,58.5,29.5,100,60,40,220.5,134.4,69.7
4301,Polonnaruwa,Dry,Maha,6.31,0.122,5.8,51.2,1.23,189.8,31,120,60,60,244.5,123.7,107.1
4302,Hambantota,Dry,Yala,6.05,0.082,9.5,117.4,1,76.3,31.4,130,60,20,301.2,133.3,33.9
4303,Jaffna,Dry,Yala,,,5.8,113.2,0.98,80.4,30.7,100,60,20,225.7,122.3,35.2
4304,Batticaloa,Dry,Maha,7.21,0.163,5.2,107.9,1.32,160.8,29.5,100,60,20,220.2,124.2,30.8
4305,Matale,Intermediate,Maha,5.39,0.119,8.5,91.3,,174.5,29.1,120,60,40,273.8,129.9,67
4306,Polonnaruwa,Dry,Yala,7.21,0.055,14.2,59.6,1.47,48.6,,130,40,60,264.8,89,95.7
4307,Vavuniya,Dry,Yala,7.1,0.193,11.3,47.9,0.72,52.9,31.2,100,40,60,216.6,82.4,93.9
4308,Batticaloa,Dry,Maha,7.26,,9.9,85.1,0.83,241.9,27.6,100,60,40,221.6,124.2,67
4309,Batticaloa,Dry,Maha,5.92,0.143,11.7,48.9,1.12,226,27.7,120,40,60,273.8,83.1,103.7
4310,Ratnapura,Wet,Maha,5.8,0.077,7.4,114.8,2.44,357.4,25.6,130,60,20,294.6,125.3,32.9
4311,Kandy,Wet,Yala,5.66,0.182,6.3,81,2.56,224,24.2,100,60,40,210.1,125.1,68.4
4312,Jaffna,Dry,Yala,5.81,0.079,6.5,113.1,0.84,71.3,30.3,130,60,20,301.3,128.3,33.2
4313,Mullaitivu,Dry,Maha,,0.059,6,72.5,1.29,167.7,27.2,130,60,40,266.7,133.4,66.1
4314,Kalutara,Wet,Yala,5.85,0.08,10.6,112.7,1.87,390.7,25.3,130,40,20,298.5,86.2,32.3
4315,Polonnaruwa,Dry,Maha,6.38,0.147,5.6,93,1.3,276.7,27.7,120,60,40,279.3,135.8,65.5
4316,Matara,Wet,Yala,5.14,0.105,11.9,91.1,1.87,246.3,,120,40,40,248.3,89.9,65.2
4317,Hambantota,Dry,Maha,6.17,0.156,9.4,114.4,1.24,220.8,31.5,100,60,20,224.6,123.1,34
4318,Jaffna,Dry,Yala,6.51,0.064,10.1,96.3,0.91,92.2,31.2,130,40,40,263.1,81.1,62.9
4319,Kegalle,Intermediate,Maha,6.62,0.182,10.5,50.7,,122.3,26.8,100,40,60,214.3,91.9,93.9
4320,Ampara,Dry,Maha,7.31,0.128,13.2,48.1,1.16,257.6,30,120,40,60,261.5,81.5,102.4
4321,Batticaloa,Dry,Yala,6.79,0.067,6,101.8,1.35,45.2,29.5,130,60,20,286,123.5,33.5
4322,Matale,Intermediate,Maha,,0.181,9.8,90.9,1.02,241.3,28.3,100,60,40,231.6,121.1,66
4323,Kegalle,Intermediate,Maha,6.3,0.131,9.1,75.3,1.19,,,120,60,40,267.6,132.9,63.2
4324,Matale,Intermediate,Yala,6.75,,8.8,109,1.51,185.6,26.1,130,60,20,281.8,132,32.9
4325,Anuradhapura,Dry,Yala,7.17,0.116,7.1,77.2,0.98,95.3,28.9,120,60,40,273,139.9,69.6
4326,Ratnapura,Wet,Maha,5.9,0.065,7,109.9,2.73,284.5,26,130,60,20,301.7,138,35.2
4327,Matara,Wet,Yala,5.16,,11,131.6,2.08,351.4,26.5,120,40,20,242.2,85.8,34.3
4328,Anuradhapura,Dry,Yala,6.25,0.128,8.7,93,1.17,66,29.3,120,60,40,279.8,127.9,62.3
4329,Galle,Wet,Yala,5.67,0.106,5.4,141.5,2.9,359.5,24.6,120,60,20,244.7,126.4,34.2
4330,Anuradhapura,Dry,Yala,5.86,0.131,9.3,49.8,0.82,89.9,29.8,120,60,60,273.2,123.6,96.1
4331,Puttalam,Dry,Yala,6.53,0.142,,114.6,0.86,53.4,30.1,120,60,20,252.3,123.3,32.4
4332,Trincomalee,Dry,Maha,7.17,0.083,6.2,63.1,0.7,121.3,29.3,130,60,40,267,123.2,63.7
4333,Ampara,Dry,Yala,6.62,0.1,5.2,49.2,,22.3,31.5,120,60,60,258.5,122.9,104.1
4334,Kegalle,Intermediate,Maha,5.94,0.134,8.2,119.7,1.5,125.1,27.9,120,60,20,266.5,125.3,34
4335,Kegalle,Intermediate,Yala,5.35,0.196,14.1,117.1,1.82,190.2,26.2,100,40,20,213.5,84.5,33.9
4336,Ampara,Dry,Maha,7.23,0.158,5.6,64.5,1.19,151.4,29.8,100,60,40,202.9,139.4,68.4
4337,Polonnaruwa,Dry,Maha,7.27,0.155,7.3,65.2,1,143.7,30,100,60,40,220.6,131.9,64.1
4338,Matale,Intermediate,Maha,5.23,0.167,14.9,123.1,1.81,167.2,29,100,40,20,230.5,93.4,33
4339,Matale,Intermediate,Yala,5.6,0.086,10.5,98.1,1.29,139.9,28.5,130,40,40,277.6,85.3,68
4340,Matale,Intermediate,Yala,6.56,0.104,6.9,120.4,1.3,196.4,28.9,120,60,20,249.8,129.6,34
4341,Batticaloa,Dry,Maha,,0.098,11.2,54.7,0.59,232.3,,130,40,60,280.2,84.7,104.4
4342,Matara,Wet,Yala,5.72,0.194,5.9,63,2.75,,,100,60,40,202.7,124.2,64.6
4343,Hambantota,Dry,Maha,7.21,0.13,13,,1.35,155.8,29.6,120,40,40,273.4,82.3,69.4
4344,Kilinochchi,Dry,Yala,6.79,0.088,,108.8,1.3,78.7,28.4,130,60,20,296.4,139.1,33
4345,Matale,Intermediate,Yala,5.22,0.089,18.1,79.6,1.11,237.1,28.9,130,20,40,286.3,46.7,68.4
4346,Jaffna,Dry,Maha,6.69,0.153,6.3,103.4,1.01,293.1,27.3,100,60,20,212.6,121.5,33.1
4347,Hambantota,Dry,Yala,6.85,0.137,11.8,104.7,1.07,40.2,27.5,120,40,20,272.6,82.4,35.5
4348,Ratnapura,Wet,Yala,5.52,0.073,10.3,108.2,2.09,358.5,24.4,130,40,20,284.9,86,31.7
4349,Batticaloa,Dry,Maha,6.5,0.126,8,59.2,1.47,294.8,28.2,120,60,60,273.7,124.3,102.6
4350,Ampara,Dry,Maha,6.38,0.121,7.8,106.4,0.75,264,32,120,60,20,266,127.7,33.7
4351,Kurunegala,Intermediate,Yala,6.73,0.083,5.6,,1.95,150.3,29.4,130,60,20,294.7,123.1,31.7
4352,Polonnaruwa,Dry,Maha,7.47,0.072,13.4,49.3,0.9,202.1,28.1,130,40,60,286.8,86.4,93.5
4353,Galle,Wet,Maha,5.03,0.186,9.2,116,2.72,331.8,27.9,100,60,20,214.6,125.9,34.8
4354,Kegalle,Intermediate,Yala,,0.181,8.8,76.4,1.39,175.5,27.2,100,60,40,232.3,127.5,63.3
4355,Anuradhapura,Dry,Yala,6.24,0.112,5.9,103.1,0.89,,30.2,120,60,20,262.5,122.5,31.7
4356,Batticaloa,Dry,Maha,6.31,0.195,14.4,42.5,1.22,130.3,29.6,100,40,60,220.8,86.1,107.2
4357,Ampara,Dry,Yala,5.69,0.198,11.9,101.3,1.2,73.3,31.1,100,40,20,208.3,93.3,34.4
4358,Kegalle,Intermediate,Maha,6.5,0.054,17.6,111.9,1.67,213.6,26.7,130,20,20,287.9,42.4,32.1
4359,Kilinochchi,Dry,Maha,6.66,0.148,11.3,97,1.38,,27.7,120,40,40,263.7,91.9,67.6
4360,Kegalle,Intermediate,Yala,6.16,0.163,16.1,84.4,1.33,137.5,29.7,100,20,40,207.1,45.7,67
4361,Matara,Wet,Yala,5.66,0.178,7.4,141.4,2.5,385.4,26.7,100,60,20,203,139.2,35
4362,Trincomalee,Dry,Yala,6.81,0.122,9,94.2,0.88,75.6,30.9,120,60,40,265,136.1,69
4363,Hambantota,Dry,Yala,6.55,0.097,6.5,114.4,1.11,86.8,28.9,130,60,20,293.8,133.5,35
4364,Vavuniya,Dry,Maha,5.98,0.129,14.3,85.9,0.86,257.5,31.3,120,40,40,261.8,91.7,63.8
4365,Galle,Wet,Maha,5.44,0.065,11.5,116.3,1.67,263.4,24.7,130,40,20,271,81.5,34
4366,Trincomalee,Dry,Yala,6.58,0.127,,77.4,1.18,70,27.2,120,60,40,267.4,129.7,62.1
4367,Mannar,Dry,Maha,6.64,0.14,14.8,71.4,0.56,174.2,29.6,120,40,40,244.5,93.4,62.4
4368,Mannar,Dry,Yala,6.14,0.086,8.9,120,1.47,,27.9,130,60,20,280.1,135.7,34.4
4369,Vavuniya,Dry,Yala,6.68,0.182,14.1,45.7,1.39,51.4,,100,40,60,206.4,93,92.9
4370,Puttalam,Dry,Yala,5.82,0.158,10.8,118.6,1.13,96.1,31.7,100,40,20,207.1,90.6,33.7
4371,Kilinochchi,Dry,Maha,6.39,0.139,14.1,73.7,0.63,191.3,28.7,120,40,40,249.2,91.9,70.1
4372,Polonnaruwa,Dry,Yala,6.04,0.066,9.8,115.1,0.79,54.7,30,130,60,20,277.8,134.4,32.7
4373,Kalutara,Wet,Yala,4.66,0.152,7.1,137.1,2.04,256.9,24.8,100,60,20,202.8,135.5,31
4374,Kilinochchi,Dry,Maha,5.76,0.171,9.5,42.6,0.62,194.4,29.4,100,60,60,214.1,130.9,103.2
4375,Mullaitivu,Dry,Yala,,0.071,12.2,55.7,1.01,83.8,30.3,130,40,60,283.1,92.5,106.4
4376,Puttalam,Dry,Yala,5.7,0.08,12.2,98.7,1.29,55.7,28.1,130,40,40,281.9,91.2,68.9
4377,Kandy,Wet,Maha,5.13,,11.1,,2.81,389.5,27.4,120,40,20,256.3,91.5,33.7
4378,Matara,Wet,Yala,,0.094,11.5,71.5,2.53,260,27.4,130,40,40,297,89.3,64
4379,Ampara,Dry,Maha,5.65,0.106,12.1,44,1.36,200.4,31.1,120,40,60,247,84.4,92.7
4380,Hambantota,Dry,Yala,6.77,0.057,,79.6,1.48,43.4,28.9,130,40,40,282.8,80.9,68.6
4381,Galle,Wet,Maha,5.99,0.129,5.5,122.7,2.74,326.4,24.2,120,60,20,243.8,138.9,32
4382,Monaragala,Intermediate,Yala,6.28,0.096,15.5,76.6,1.28,142.3,28.7,130,20,40,264.4,44.1,70.3
4383,Hambantota,Dry,Yala,7.33,0.092,12,109.8,1.29,43,27.3,130,40,20,285.7,84.4,33.1
4384,Anuradhapura,Dry,Yala,5.59,0.067,8,101.4,1.32,66.4,28.4,130,60,20,285.4,123.5,33.5
4385,Mullaitivu,Dry,Maha,7.47,0.153,10.7,102.1,1.2,168,29.3,100,40,20,229.7,91.3,34.6
4386,Gampaha,Wet,Yala,5.42,0.079,7.3,94.2,1.65,371.6,,130,60,40,285.1,137,69.5
4387,Kandy,Wet,Maha,5.76,0.114,11.1,135.3,1.99,212.4,,120,40,20,278.9,91.1,34
4388,Anuradhapura,Dry,Yala,6.5,0.084,6.4,69.4,1.15,,28.2,130,60,40,263.5,133.2,71.1
4389,Jaffna,Dry,Yala,7.17,0.059,6.4,95.2,0.8,85.2,30.2,130,60,40,265.6,127.8,71.5
4390,Vavuniya,Dry,Maha,7.47,0.199,6.7,,1.49,122.4,28.5,100,60,40,202.5,126.6,71.2
4391,Matale,Intermediate,Yala,5.62,0.062,6,121.5,1.21,221.3,27.6,130,60,20,269.3,120.8,34.9
4392,Kurunegala,Intermediate,Yala,5.34,0.149,11.9,,1.82,175.3,27.5,120,40,20,262.5,91.4,34.3
4393,Kurunegala,Intermediate,Yala,6.33,0.099,11,89.3,1.97,172.8,28,130,40,40,288.8,81.6,68.3
4394,Matara,Wet,Yala,5.49,0.188,10.5,64.6,,222.4,26.7,100,40,40,202.6,88.7,62.7
4395,Anuradhapura,Dry,Yala,6.16,0.169,8.5,62.6,1.22,20.3,30.7,100,60,40,231.9,130.5,64.4
4396,Polonnaruwa,Dry,Maha,5.89,0.087,13.8,101.7,0.77,233.5,27.6,130,40,20,297.1,87.3,30.8
4397,Polonnaruwa,Dry,Yala,6.71,0.148,8.2,105.6,1.2,75.1,30,120,60,20,252.9,138.7,31.5
4398,Matale,Intermediate,Yala,5.71,0.128,17.3,74,1.42,,29.2,120,20,40,244.4,40.4,66.1
4399,Kurunegala,Intermediate,Maha,,0.106,19,59.6,1.27,240.1,27.5,120,20,60,248,45.3,94.7
4400,Kandy,Wet,Maha,4.7,0.173,11,140.8,2.48,225.6,24.5,100,40,20,205.2,81.2,35.3
4401,Ampara,Dry,Maha,,0.083,10.1,,1.14,271,29.9,130,40,40,266.6,81,69.8
4402,Puttalam,Dry,Yala,,0.159,11.4,64.1,1.45,99.7,29.1,100,40,40,218,86.1,62.4
4403,Galle,Wet,Yala,4.78,0.107,8.4,132.3,1.7,261.3,24.5,120,60,20,251,121.9,32
4404,Ratnapura,Wet,Maha,5.56,0.067,8,67.6,2.37,327,27.6,130,60,40,276.6,136.1,69.9
4405,Batticaloa,Dry,Yala,7.43,0.076,7.8,46.5,1.16,33.3,28.2,130,60,60,303.4,131,104.5
4406,Kilinochchi,Dry,Maha,6.39,0.163,14,55.9,1.18,226.7,29.1,100,40,60,223.4,80.9,106.7
4407,Kurunegala,Intermediate,Maha,6.02,0.12,16.3,117.1,1.92,157.6,27,120,20,20,278.5,40.5,35.8
4408,Puttalam,Dry,Yala,6.68,0.095,6.2,72.2,0.72,23.5,32,130,60,40,267.4,132.6,71.5
4409,Puttalam,Dry,Maha,6.84,,7.9,98.7,1.21,273.3,30.8,130,60,40,277.6,136.4,65.8
4410,Matale,Intermediate,Maha,6.37,0.08,9.9,56.6,1.6,156.7,26.2,130,60,60,284.9,129.2,96.3
4411,Kilinochchi,Dry,Maha,6.44,0.13,7.5,103.3,1,266.8,30.8,120,60,20,244.3,131.5,34.6
4412,Kandy,Wet,Maha,4.55,0.16,10.7,133.2,2.7,388.7,26.9,100,40,20,201.2,90.9,32.3
4413,Batticaloa,Dry,Maha,6.1,0.097,14.2,98.1,1.1,134.9,30.8,130,40,40,289.8,88.4,69.8
4414,Puttalam,Dry,Maha,5.67,0.167,11.3,71.2,1.23,271.1,29.7,100,40,40,222,83.4,67
4415,Kurunegala,Intermediate,Maha,5.66,0.119,13,122.8,,136.9,27.3,120,40,20,257.4,88.5,34.8
4416,Hambantota,Dry,Maha,7.06,0.197,8,44.6,0.97,231,29.5,100,60,60,217.1,132.9,96.6
4417,Kurunegala,Intermediate,Maha,5.33,0.139,8.2,77.7,1.94,145.1,30,120,60,40,257.6,135,66.8
4418,Batticaloa,Dry,Maha,5.98,0.191,7,114.9,0.72,204.8,30.4,100,60,20,201.9,132.8,33.6
4419,Kandy,Wet,Maha,4.61,0.117,,76.6,2.76,385.6,25,120,60,40,254.5,139.6,71.1
4420,Matara,Wet,Maha,4.89,0.11,8.1,92.7,1.52,387.2,26,120,60,40,248.3,124.5,64.4
4421,Puttalam,Dry,Maha,5.9,0.066,5.7,96.4,0.92,208.9,,130,60,40,265.6,139.2,71.1
4422,Anuradhapura,Dry,Yala,6.33,0.123,5.2,41.9,1.09,95.4,,120,60,60,278.8,131.1,104.6
4423,Batticaloa,Dry,Yala,5.76,0.194,6,,0.64,24.1,28.3,100,60,40,220.6,133.8,69
4424,Ratnapura,Wet,Yala,5.4,0.116,6.3,83.4,2.61,261,24.5,120,60,40,269.8,122.6,69.6
4425,Monaragala,Intermediate,Yala,5.75,0.12,12.2,58.3,1.69,242.1,29.2,120,40,60,253.7,85.4,101.6
4426,Kilinochchi,Dry,Yala,7.3,0.147,14.7,42.1,1.39,92,29.7,120,40,60,256.7,90.5,96.2
4427,Kegalle,Intermediate,Maha,5.78,0.186,7.8,107.6,1.38,170.3,29.3,100,60,20,208.8,134.4,31.7
4428,Kalutara,Wet,Yala,4.98,0.057,5.2,102.8,2.46,241,,130,60,20,265.5,121.4,35.1
4429,Mullaitivu,Dry,Maha,5.52,0.146,11,,1.26,297.5,29.7,120,40,20,248.3,87.6,34.4
4430,Matale,Intermediate,Yala,,0.178,18,95.1,1.95,176.7,29.9,100,20,40,227.1,40.8,63.8
4431,Mannar,Dry,Maha,5.7,0.183,5.3,80.9,1.44,184,31.8,100,60,40,223.2,140.1,67.9
4432,Polonnaruwa,Dry,Yala,5.84,,12.3,108.2,0.68,74.2,31.3,130,40,20,284.6,92.2,33
4433,Hambantota,Dry,Yala,6.24,0.06,12.1,62.9,0.85,93,31.1,130,40,40,281.5,80.8,63.3
4434,Kalutara,Wet,Maha,5.84,0.128,9.7,79.4,2.69,,24.2,120,60,40,277.4,137.4,67
4435,Polonnaruwa,Dry,Maha,5.58,,8.5,45.5,0.7,141.8,28.6,130,60,60,264.5,138.6,96.7
4436,Colombo,Wet,Maha,5.68,0.096,7.4,92.1,1.91,315.9,24.9,130,60,40,273.3,127.5,62.7
4437,Colombo,Wet,Maha,5.25,0.142,11.7,95.8,2.21,276.8,25.7,120,40,40,255,89.9,66.4
4438,Badulla,Intermediate,Maha,5.32,0.126,18.1,94.1,1.56,123.5,29.1,120,20,40,272,43.1,67.6
4439,Hambantota,Dry,Yala,6.8,0.096,13.7,73.2,0.72,82.3,30.1,130,40,40,303.5,89,62.2
4440,Badulla,Intermediate,Yala,5.48,0.053,14.9,60.4,1.5,206.4,26.8,130,40,40,271.6,84.9,65.7
4441,Ratnapura,Wet,Maha,,0.106,8.2,,2.5,,25.5,120,60,20,275.5,126.9,32.1
4442,Puttalam,Dry,Yala,7.01,0.075,11.6,46.2,0.73,89.8,28.7,130,40,60,296.6,86,93
4443,Mullaitivu,Dry,Maha,7.33,0.071,6.5,80.7,0.84,248.2,31.1,130,60,40,270.9,123.5,63
4444,Kandy,Wet,Maha,5.78,0.104,9.6,143.1,2.6,356.9,25.6,120,60,20,257,136.9,31.5
4445,Batticaloa,Dry,Maha,6.4,0.076,5.6,117.9,0.55,219.2,28.6,130,60,20,278.8,127.4,31.7
4446,Ratnapura,Wet,Yala,4.85,0.12,6.9,88,1.89,205.8,25.7,120,60,40,279.6,128.4,69.7
4447,Monaragala,Intermediate,Maha,5.79,0.098,17.2,107.7,1.48,249.9,26.4,130,20,20,269.1,46.1,33
4448,Trincomalee,Dry,Yala,6.34,0.178,9.8,87.8,0.73,68.9,28.6,100,60,40,227.2,130.3,63.2
4449,Kilinochchi,Dry,Maha,6.66,0.084,7.9,79.8,0.92,279.9,29.7,130,60,40,275.6,131.3,62.7
4450,Batticaloa,Dry,Yala,5.71,0.193,5.8,119.8,1.45,95.6,31.2,100,60,20,224.9,139.3,32.3
4451,Kandy,Wet,Yala,5.97,0.17,11.3,112.2,2.3,225.8,26.9,100,40,20,214.8,92,34.8
4452,Jaffna,Dry,Yala,7.03,0.15,8.2,63.3,1.37,92.8,28.9,100,60,40,220,123.9,65.3
4453,Colombo,Wet,Maha,5.81,0.153,10.3,65.6,1.9,224.3,25.9,100,40,40,228.2,86.7,63.3
4454,Monaragala,Intermediate,Maha,5.47,0.159,16.1,106.8,1.94,186.9,27.3,100,20,20,227.3,46.6,32.8
4455,Ratnapura,Wet,Maha,,0.153,9.1,137,1.58,393.4,25.3,100,60,20,229.3,127.9,33.6
4456,Galle,Wet,Yala,5.56,0.175,6.2,115.4,2.68,394.1,27.4,100,60,20,203,127.9,31
4457,Kegalle,Intermediate,Maha,6.68,0.073,14.7,79.9,1.32,,29.7,130,40,40,290.7,83,68
4458,Trincomalee,Dry,Yala,6.17,0.144,8.9,62.9,1.16,,28.6,120,60,40,246.8,122.9,65.7
4459,Nuwara Eliya,Wet,Yala,5.15,0.132,6.7,108.9,2.4,248.5,25.6,120,60,20,257.6,135.1,30.9
4460,Gampaha,Wet,Yala,5.25,0.061,8,74.5,1.65,287,25.7,130,60,40,284.7,135.7,68.4
4461,Monaragala,Intermediate,Maha,6.47,0.105,14.3,55.6,1.38,170.9,27.8,120,40,60,257.1,93.1,103.2
4462,Matale,Intermediate,Yala,5.68,0.155,15,108,1.32,138.7,29.6,100,20,20,218,45.3,33.9
4463,Kegalle,Intermediate,Yala,5.41,0.191,20,70.7,1.12,,26.1,100,20,40,233.6,41.8,65.1
4464,Galle,Wet,Yala,5.66,0.106,7.3,84.4,2.57,,28,120,60,40,246.6,121.4,67
4465,Vavuniya,Dry,Maha,6.86,0.197,9.5,47,0.71,217.7,29.1,100,60,60,223.1,139.9,98.3
4466,Ratnapura,Wet,Maha,5.1,0.084,6.7,84.8,2.15,276.1,27.4,130,60,40,278.2,127.3,68.7
4467,Vavuniya,Dry,Yala,5.84,0.184,5,93.2,1.14,39.7,27.7,100,60,40,205.4,126.7,67.5
4468,Polonnaruwa,Dry,Yala,5.73,0.186,11.9,49.7,0.71,32.8,29.3,100,40,60,206.3,92.3,93.7
4469,Gampaha,Wet,Yala,5.46,0.063,6.6,107.3,2.79,259.2,24.6,130,60,20,301.6,132.1,34
4470,Kurunegala,Intermediate,Maha,6.6,0.095,6.6,50.7,1.5,161.9,29.3,130,60,60,298.7,124.8,102.8
4471,Galle,Wet,Maha,5.47,0.154,11.4,135.2,1.55,325.6,26.1,100,40,20,230.7,92.1,32.7
4472,Hambantota,Dry,Maha,7.02,0.068,8.2,66.3,,134.6,31.8,130,60,40,303.4,140.1,70.5
4473,Kurunegala,Intermediate,Maha,6.54,0.116,15.6,54.2,1.56,192.5,27.8,120,20,60,249.5,40.8,105.1
4474,Batticaloa,Dry,Maha,7.38,0.065,6.5,62.7,,120.7,29.1,130,60,40,276.5,137.5,63.5
4475,Puttalam,Dry,Yala,6.65,0.072,5.4,102.5,0.52,71.2,31.1,130,60,20,289.8,128.3,35.3
4476,Ratnapura,Wet,Maha,5.35,0.154,11.9,139.2,2.08,326.4,25.2,100,40,20,216.9,87.3,33
4477,Nuwara Eliya,Wet,Maha,5.64,0.068,7.6,74.9,2.42,239.6,,130,60,40,279.1,138.5,68.9
4478,Kandy,Wet,Yala,,0.128,7.9,77,2.07,225.5,25.2,120,60,40,255.3,139.7,69.8
4479,Matara,Wet,Maha,5.82,0.092,7.3,126.5,2.71,323.7,24.6,130,60,20,286.6,125.7,33.3
4480,Jaffna,Dry,Maha,7.43,0.07,14.7,68.8,0.55,235.2,31.5,130,40,40,285.8,83.3,65.7
4481,Hambantota,Dry,Yala,6.38,0.174,10.3,40.6,0.88,77.1,,100,40,60,206.4,81.5,106.2
4482,Jaffna,Dry,Maha,7.36,0.167,6.8,106.5,,198.1,32,100,60,20,216.5,131.6,32
4483,Kandy,Wet,Maha,5.82,,,144.9,1.54,300.2,24.7,100,60,20,219.1,120.9,32.1
4484,Matale,Intermediate,Maha,6.77,0.06,17.9,129.6,1.56,216.2,27.8,130,20,20,285.6,42.9,32.6
4485,Batticaloa,Dry,Maha,6.97,,8.9,94,1.18,233.8,29.3,120,60,40,249.6,122.1,70.3
4486,Kilinochchi,Dry,Maha,6.88,0.164,10.8,83,0.5,135.9,27.5,100,40,40,225.3,85.8,71.1
4487,Kurunegala,Intermediate,Yala,5.46,0.16,7.9,91.3,,,29.8,100,60,40,201.9,121.4,63.9
4488,Gampaha,Wet,Yala,5.27,0.12,11.3,134.5,1.97,,26.5,120,40,20,255.2,91.4,35.1
4489,Gampaha,Wet,Yala,5.19,0.054,8.6,72.3,2.09,330.5,27.9,130,60,40,294.5,124.7,64.3
4490,Nuwara Eliya,Wet,Maha,4.7,0.055,9.6,83.7,2.03,250.6,26.9,130,60,40,285.3,127,71.4
4491,Badulla,Intermediate,Maha,6.16,0.121,14.4,80.6,1.51,218.2,27.8,120,40,40,251.6,91.8,67.7
4492,Kandy,Wet,Maha,5.85,0.167,6.5,115.7,2.86,350.5,27.5,100,60,20,223.8,135.2,30.8
4493,Vavuniya,Dry,Yala,6.49,0.182,10.4,116.7,0.67,78.8,31.8,100,40,20,219.6,83.3,31
4494,Badulla,Intermediate,Yala,6.68,0.155,9.4,80.5,1.95,244.3,28.2,100,60,40,227.1,122,63.2
4495,Ratnapura,Wet,Yala,5.1,0.165,10.5,140.4,2.08,346.6,24.2,100,40,20,225.1,89.8,31.7
4496,Galle,Wet,Maha,4.61,0.154,10.7,,2.21,270.4,24.5,100,40,40,221,85.6,69.4
4497,Vavuniya,Dry,Yala,5.82,0.146,14.1,94.6,,30.8,,120,40,40,260.4,90.5,63.9
4498,Colombo,Wet,Maha,5.82,0.054,9.7,68.7,2.03,309.4,24.8,130,60,40,267.1,129.3,71.4
4499,Kalutara,Wet,Yala,5.29,0.054,10.6,104.4,1.83,240.2,27.3,130,40,20,272.5,85,34
4500,Monaragala,Intermediate,Yala,6.6,0.118,19.5,129,1.73,185.3,28.6,120,20,20,257.7,43.2,34.3
4501,Colombo,Wet,Maha,5.13,0.079,9.5,68,2.16,387.9,,130,60,40,286.8,135.3,63.9
4502,Matale,Intermediate,Yala,6.1,0.104,13.4,121.2,1.61,195.6,26.3,120,40,20,261.4,92.2,35.3
4503,Mannar,Dry,Maha,6.7,0.077,9.3,58.4,0.97,257.8,30.3,130,60,60,273.6,121.6,102.5
4504,Nuwara Eliya,Wet,Yala,5.51,0.06,6.6,122.7,2.05,359.4,27.2,130,60,20,261.7,130.9,35.1
4505,Vavuniya,Dry,Maha,5.55,0.105,13.7,71.3,1.38,184.5,31.9,120,40,40,260.8,80.9,71.3
4506,Batticaloa,Dry,Maha,7,0.088,6,70,0.85,247.1,29.2,130,60,40,273.5,129.8,63
4507,Puttalam,Dry,Maha,7.01,0.133,12.7,56.9,0.63,216.2,31.1,120,40,60,270.1,92,93.9
4508,Colombo,Wet,Yala,5.63,0.063,9.4,127.5,2.01,282.4,24.6,130,60,20,262.4,127.7,34.8
4509,Mullaitivu,Dry,Maha,6.93,0.196,,85.2,0.63,,30.1,100,60,40,220.2,138.9,70.4
4510,Ampara,Dry,Yala,6.22,0.177,12,119.3,1.22,47.7,28.4,100,40,20,231.8,88.7,33.7
4511,Matara,Wet,Maha,5.59,0.051,8.5,130.4,2.89,216.7,27.1,130,60,20,268.8,138.9,32.6
4512,Matale,Intermediate,Maha,6.02,0.11,8.1,51.9,1.84,216.6,30,120,60,60,259.8,135.4,102.3
4513,Kegalle,Intermediate,Maha,6.36,0.18,12.2,66.8,1.95,248.4,29.3,100,40,40,204.1,81.8,64.8
4514,Kegalle,Intermediate,Maha,5.53,,18.4,114.6,1.08,154.7,26.9,120,20,20,265.8,41.7,32
4515,Hambantota,Dry,Yala,6.33,0.088,14.6,,1.14,63.6,29.8,130,40,40,284.7,85.6,66.6
4516,Kurunegala,Intermediate,Yala,6.08,0.054,12,52.5,1.46,227.6,,130,40,60,278.7,82.7,95.7
4517,Kurunegala,Intermediate,Yala,6.15,0.101,14.1,99.1,1.33,178.3,27.8,120,40,40,261.7,86.9,66.5
4518,Vavuniya,Dry,Maha,7.08,0.18,13.1,68.8,0.92,249,27.5,100,40,40,230.3,86.6,71.3
4519,Matale,Intermediate,Yala,5.59,0.141,18.8,72.3,1.62,113.2,29.6,120,20,40,249,46.5,70.1
4520,Kalutara,Wet,Maha,,0.084,,147.2,2.62,352.9,,130,60,20,262.4,129.1,35.5
4521,Matara,Wet,Yala,5.11,0.184,,112.1,2.31,217.8,25.8,100,60,20,229.2,136,34.8
4522,Matara,Wet,Maha,5.81,0.126,9.7,97.8,2.13,372.9,26.1,120,60,40,263.9,139,65.2
4523,Matara,Wet,Yala,5.47,0.061,5,78.8,1.79,392.8,24.9,130,60,40,299.2,137.8,69.8
4524,Badulla,Intermediate,Yala,6.04,0.175,15,77.1,1.79,192.5,27.6,100,20,40,220.6,41.6,70.9
4525,Kilinochchi,Dry,Maha,5.75,0.12,12.8,90.4,1.43,160.2,29.4,120,40,40,273,86.9,71.2
4526,Badulla,Intermediate,Maha,6.44,0.072,19.8,75.4,1.14,197.9,,130,20,40,279.6,42.5,68.5
4527,Nuwara Eliya,Wet,Yala,5.8,0.093,5.9,106,2.3,322.6,24.2,130,60,20,293.2,128.4,31.9
4528,Mannar,Dry,Yala,7.44,0.054,8.5,,1.26,59.4,28.2,130,60,20,300.1,127.7,31
4529,Batticaloa,Dry,Yala,7.36,0.145,13.5,62.1,0.64,87.7,27.7,120,40,40,263.7,91.3,63.2
4530,Kandy,Wet,Maha,4.64,0.157,6.7,128.1,2.78,377.8,27.6,100,60,20,207,129.5,35.6
4531,Puttalam,Dry,Yala,6.33,0.076,5.7,95.9,0.82,90.8,28.5,130,60,40,272.8,130.9,66.3
4532,Gampaha,Wet,Yala,5.57,,12,107.7,1.83,399.9,,120,40,20,249.1,93.3,35.1
4533,Colombo,Wet,Maha,5.92,0.184,7,135.3,2.53,236.9,27.2,100,60,20,209.1,121.8,33.1
4534,Kandy,Wet,Maha,5.56,0.146,9.6,143.2,1.5,317.3,27.4,120,60,20,253.3,130.2,34.1
4535,Ampara,Dry,Yala,5.89,0.064,7.8,60.1,0.95,90,28.5,130,60,40,284.9,135.8,61.9
4536,Ratnapura,Wet,Yala,5.76,0.104,7.6,65.1,1.93,337.3,26,120,60,40,264.3,123.6,64.2
4537,Galle,Wet,Maha,4.82,0.082,11.3,142.5,2.95,221.6,25.6,130,40,20,279.5,88.5,33
4538,Polonnaruwa,Dry,Maha,7.49,0.1,8.7,58.6,1.2,177.7,28,120,60,60,265.4,125.3,102
4539,Polonnaruwa,Dry,Yala,6.2,0.088,11.3,57,0.58,39.3,30.3,130,40,60,264.9,91.8,95.1
4540,Nuwara Eliya,Wet,Yala,5.86,0.197,,88.4,1.58,348.3,26.5,100,60,40,204,127,69.3
4541,Matale,Intermediate,Yala,5.73,0.145,7.8,125.5,1.4,223,29.7,120,60,20,248.1,127.1,32.6
4542,Matara,Wet,Maha,4.78,0.162,8.4,97.9,2.09,360.9,26.5,100,60,40,218,132.3,69.9
4543,Polonnaruwa,Dry,Yala,5.89,0.158,5.9,59.8,0.72,51.1,29.4,100,60,60,208.1,124.2,94
4544,Trincomalee,Dry,Maha,5.51,0.07,11.1,102.4,1.09,251.9,27.1,130,40,20,273.4,84.2,34.2
4545,Ampara,Dry,Maha,6.73,0.153,8.1,55.2,1.3,236.4,28.7,100,60,60,214.1,128.8,96.9
4546,Kandy,Wet,Maha,5.41,0.166,5.8,126.1,2.09,247.8,28,100,60,20,227.6,127.5,34.8
4547,Nuwara Eliya,Wet,Yala,4.8,0.181,7.8,111.7,,232.4,27.6,100,60,20,201.5,130.9,32.8
4548,Kandy,Wet,Yala,5.75,0.085,7.6,112.8,1.84,201.8,27.3,130,60,20,288.9,132.3,34.1
4549,Gampaha,Wet,Yala,,0.091,7.8,139.3,2.14,296.3,25.7,130,60,20,289.8,131.7,35.5
4550,Trincomalee,Dry,Yala,,0.168,8.5,93.2,0.98,80.9,28.4,100,60,40,227.1,133.4,61.9
4551,Jaffna,Dry,Yala,,0.191,8.4,51,1.23,92.4,31.1,100,60,60,231.5,126.6,92.7
4552,Mannar,Dry,Yala,6.82,0.095,14.5,119.3,1.23,60.8,27.9,130,40,20,262.3,82.1,34.7
4553,Anuradhapura,Dry,Maha,6.08,0.166,6.6,74.9,0.5,154,30,100,60,40,206.1,135.5,68.2
4554,Kilinochchi,Dry,Yala,7.39,0.078,10.5,40.1,1.41,45.8,30.4,130,40,60,299,91.6,96.9
4555,Hambantota,Dry,Maha,5.98,0.173,5.2,91.4,1.49,216.4,30.1,100,60,40,216,125.6,66.6
4556,Jaffna,Dry,Maha,6.92,0.132,12,,1.32,197.5,27.1,120,40,20,263.4,85.8,31
4557,Puttalam,Dry,Yala,5.64,0.108,6.7,77.5,1.42,26.3,30.3,120,60,40,267.3,130.4,63.6
4558,Colombo,Wet,Maha,5.44,0.075,8,74.7,2.4,203.7,24.2,130,60,40,290.2,131.1,65.9
4559,Badulla,Intermediate,Maha,5.86,0.061,19.1,117.5,1.4,204.5,26.4,130,20,20,300.9,44.5,35
4560,Galle,Wet,Yala,4.67,0.198,7.9,135.9,2.63,333.6,25.8,100,60,20,233.6,121.4,33.2
4561,Matara,Wet,Maha,4.64,0.06,6.1,70.5,1.79,250.7,,130,60,40,291.9,134.7,67.6
4562,Jaffna,Dry,Yala,5.78,0.151,,40.4,1.34,32.1,28.8,100,40,60,210.5,81.3,105.6
4563,Badulla,Intermediate,Yala,6.06,0.08,16.9,102,,229.8,26.1,130,20,20,298.7,43.3,32.3
4564,Matara,Wet,Yala,5.03,0.155,6.4,114.8,2.55,269.5,25.6,100,60,20,202.7,136.8,34.3
4565,Kilinochchi,Dry,Maha,6.07,,12.5,78.6,0.75,194.9,29.7,120,40,40,250.4,86.4,70.3
4566,Mannar,Dry,Yala,7.3,0.112,6.8,75.3,1.27,57.2,31.7,120,60,40,276.5,123.5,63.7
4567,Badulla,Intermediate,Maha,5.67,0.051,16.2,51.9,1.51,167.8,27.7,130,20,60,272.3,46.7,97.8
4568,Matale,Intermediate,Yala,5.75,0.112,8.2,96.8,1.01,242.3,28.2,120,60,40,250,138,71.5
4569,Kandy,Wet,Maha,4.68,0.109,7.3,73.7,2.03,255.7,25.3,120,60,40,246.7,135.7,71.5
4570,Matara,Wet,Maha,5.76,0.065,,112.8,1.64,242.4,27.7,130,60,20,297.8,128.7,31.9
4571,Gampaha,Wet,Maha,5.09,0.056,6.7,71.3,2.22,337.4,26.6,130,60,40,282.6,124.2,62.4
4572,Puttalam,Dry,Maha,,0.072,12.1,,1.09,163.7,30.7,130,40,40,290,92.8,64.4
4573,Matara,Wet,Yala,5.94,0.051,7.5,140,1.75,295.1,26.8,130,60,20,271.5,131,32.8
4574,Polonnaruwa,Dry,Maha,5.56,0.164,9.3,105.6,0.67,169.9,31.6,100,60,20,225.8,137.3,33
4575,Mullaitivu,Dry,Yala,6.39,0.191,14.9,103.6,1.21,24.2,28.5,100,40,20,225.9,84.9,33.9
4576,Polonnaruwa,Dry,Yala,6.36,0.109,5,114.8,1.18,89,27.1,120,60,20,253.6,127.2,35.3
4577,Hambantota,Dry,Maha,5.54,0.185,9,47.6,0.93,150,30.7,100,60,60,214.5,139.9,97.5
4578,Puttalam,Dry,Maha,6.37,0.109,13.9,119.8,1.32,,30.8,120,40,20,249.5,87.3,35
4579,Hambantota,Dry,Maha,6.57,0.175,9.9,,0.93,125.6,31,100,60,60,232.9,123.4,93.9
4580,Monaragala,Intermediate,Yala,6.05,0.124,5.4,76,1.52,134.6,,120,60,40,266.6,124.9,62.1
4581,Kalutara,Wet,Yala,4.85,0.119,7.3,91.3,1.95,258.7,25.4,120,60,40,277.9,130,66.7
4582,Mullaitivu,Dry,Yala,6.86,0.12,9.1,113.4,1.4,50.6,30.5,120,60,20,253.2,121.5,31.1
4583,Batticaloa,Dry,Yala,6.18,0.077,14.8,64.4,0.53,66.2,30.3,130,40,40,294.5,86.5,65.6
4584,Ratnapura,Wet,Yala,4.96,0.076,6.8,93.4,2.23,205.9,25.5,130,60,40,293.9,128.8,70.7
4585,Ampara,Dry,Yala,6.28,0.096,8.6,96.9,0.55,29.1,28.5,130,60,40,290.7,135.9,64.1
4586,Mullaitivu,Dry,Maha,7.09,0.093,6.5,85.8,1,258.5,28.4,130,60,40,302.3,127.6,68.8
4587,Kilinochchi,Dry,Yala,6.02,0.129,9.7,75.4,0.58,66.8,27.3,120,60,40,256.7,139.8,64.7
4588,Polonnaruwa,Dry,Maha,7.42,0.106,7.3,,1.26,290.7,31.9,120,60,60,246.4,124.2,93.2
4589,Polonnaruwa,Dry,Yala,7.39,0.073,13,74.8,1.27,50.9,29.3,130,40,40,289.9,88.2,67.3
4590,Kilinochchi,Dry,Yala,6.3,0.15,9.3,83.5,1.07,38.9,31.3,100,60,40,224.9,122.4,70.1
4591,Ampara,Dry,Yala,5.81,0.154,12.6,,1.36,80.8,27.7,100,40,40,219.8,90.1,65.8
4592,Vavuniya,Dry,Yala,5.79,0.198,12.3,93.1,1.29,77,29.2,100,40,40,207.8,93.5,67.9
4593,Colombo,Wet,Maha,5.66,0.103,,99.8,,343.8,25.7,120,40,40,261.1,91.2,70.7
4594,Batticaloa,Dry,Yala,6.27,0.095,7.8,90.4,1.03,36.6,29.7,130,60,40,274.6,131.5,69.6
4595,Puttalam,Dry,Maha,7.47,0.141,12.8,102.2,1.43,190.9,31.9,120,40,20,258.1,86.8,31.8
4596,Kalutara,Wet,Yala,5.81,0.177,5.3,94.6,1.98,257.2,,100,60,40,222.1,137,69
4597,Gampaha,Wet,Yala,4.75,,8,121,2.03,324.5,27.6,100,60,20,225.4,138.9,33.3
4598,Ratnapura,Wet,Maha,5.81,0.11,7.2,65.5,2.84,364.5,25.9,120,60,40,250.4,140,69.2
4599,Hambantota,Dry,Yala,6.23,0.077,6.3,115.1,1.5,49.6,31,130,60,20,278.6,128.4,33.3
4600,Galle,Wet,Maha,4.61,0.128,6,63.8,2.33,394.5,26.5,120,60,40,251.9,140,63
4601,Jaffna,Dry,Yala,6.51,0.152,13.6,99.6,1.09,59.8,30.3,100,40,40,207.6,82.5,67.4
4602,Anuradhapura,Dry,Maha,5.78,0.198,5.9,62.4,1.07,279.8,31.1,100,60,40,226.6,125.6,66.6
4603,Vavuniya,Dry,Yala,7.17,0.065,12.3,77.5,0.66,97.6,28.8,130,40,40,299.9,81.6,66.9
4604,Nuwara Eliya,Wet,Maha,5.77,0.057,8.4,98.2,2.86,286.7,25.5,130,60,40,277.1,125.9,70.5
4605,Matale,Intermediate,Maha,6.22,0.182,6.9,79.6,1.56,227.3,26.6,100,60,40,225.6,135.6,70.7
4606,Mullaitivu,Dry,Maha,7.2,0.078,14.9,68.3,1.04,229,28.6,130,40,40,299.4,91.6,66.2
4607,Matara,Wet,Yala,4.7,0.181,8,126.4,2.77,340.1,26.6,100,60,20,228.7,135.9,33.1
4608,Vavuniya,Dry,Yala,5.96,0.106,9.6,97.8,0.58,41,30.6,120,60,40,248.5,133,66.9
4609,Kurunegala,Intermediate,Maha,6.36,0.091,8.4,107.1,1.73,182.1,28.8,130,60,20,301.9,130.7,33.4
4610,Trincomalee,Dry,Yala,5.64,0.2,7,54.7,0.54,48.9,27.1,100,60,60,213.4,134.5,106.8
4611,Kilinochchi,Dry,Maha,6.2,0.135,7.3,99.4,0.73,242.2,29,120,60,40,254.6,128.3,68.2
4612,Polonnaruwa,Dry,Maha,6.88,0.062,11.8,62.1,1.48,251.3,29.6,130,40,40,264.1,91.5,64.5
4613,Kandy,Wet,Yala,5.15,0.115,5.9,133.4,2.58,351,27.4,120,60,20,260.4,133.9,33.5
4614,Anuradhapura,Dry,Maha,6.81,0.101,11.2,46.2,1.05,176.6,29.4,120,40,60,245.6,89.6,101.9
4615,Monaragala,Intermediate,Yala,5.32,,12.5,100.8,,192.1,29.6,100,40,20,209.2,87.5,34
4616,Hambantota,Dry,Maha,7.25,0.065,8.5,51.1,1.11,163,31,130,60,60,274.8,137.9,101.3
4617,Kegalle,Intermediate,Yala,5.56,0.12,10.2,67.3,1.41,166.6,26.6,120,40,40,273,83.8,63.5
4618,Monaragala,Intermediate,Yala,5.43,0.197,11.6,115.3,1.48,108.7,26.1,100,40,20,229.6,85.4,31
4619,Ratnapura,Wet,Yala,5.27,0.127,7.3,147.2,1.83,304.2,24,120,60,20,253.2,135.8,32.5
4620,Badulla,Intermediate,Yala,6.01,0.193,12.4,117.9,1.52,249.8,27.8,100,40,20,229.1,86.9,32.9
4621,Kurunegala,Intermediate,Maha,6.79,0.112,9.1,89.3,1.21,134.7,28.1,120,60,40,274.9,138,62.3
4622,Hambantota,Dry,Maha,7.41,0.165,14.4,47.4,1.31,274.1,27.9,100,40,60,226,85,104.7
4623,Trincomalee,Dry,Yala,7,0.181,11,81.8,1.09,93.7,27.7,100,40,40,205.9,85.3,65.1
4624,Matara,Wet,Maha,4.72,0.106,6.5,128.4,1.54,309.1,24.4,120,60,20,268.3,138,35.4
4625,Kilinochchi,Dry,Maha,6.88,0.141,8.3,112.6,0.68,190.2,27.6,120,60,20,278.3,129.7,31.6
4626,Badulla,Intermediate,Yala,5.28,,10,78.1,1.65,235.5,27,120,40,40,268,87.2,62.3
4627,Anuradhapura,Dry,Yala,5.57,0.167,8.6,88.8,1.08,,29.5,100,60,40,211.9,127.1,66.5
4628,Vavuniya,Dry,Yala,7.02,0.077,9.1,76.1,1.24,36.1,28.3,130,60,40,282.6,126,63.6
4629,Kegalle,Intermediate,Maha,6.25,0.083,5.5,122.1,1.99,177.2,26.8,130,60,20,288.8,133.5,35.5
4630,Matale,Intermediate,Maha,6.7,0.105,7.5,104.2,1.09,144.7,27.8,120,60,20,261.3,123,30.9
4631,Polonnaruwa,Dry,Maha,,0.188,5.5,57.7,0.77,132.8,30.1,100,60,60,205,137.8,98.7
4632,Ampara,Dry,Maha,7.4,0.103,13.9,74.6,0.77,293.8,28.9,120,40,40,253.5,90.6,71
4633,Mannar,Dry,Yala,6.53,0.132,,,1.26,31.6,30.1,120,40,60,272.7,83,98.3
4634,Ampara,Dry,Yala,5.76,0.182,10.4,,1.11,42.5,,100,40,60,229.2,89.5,93.9
4635,Colombo,Wet,Yala,5.92,0.107,11,111,2.79,288.7,26.7,120,40,20,246.7,88.3,32.3
4636,Vavuniya,Dry,Maha,5.53,0.132,14,58.3,0.8,298.7,27.6,120,40,60,278.6,82.9,100
4637,Ampara,Dry,Maha,6.78,0.087,,85.1,0.75,240.7,28.9,130,60,40,275.3,126,63.5
4638,Jaffna,Dry,Yala,6.45,0.093,8.9,116.1,1.25,25.8,27.5,130,60,20,289.5,128.6,33.1
4639,Kurunegala,Intermediate,Maha,5.54,0.191,16,80.4,1.57,195.2,29.7,100,20,40,225.6,44.8,70.1
4640,Vavuniya,Dry,Maha,6.7,0.052,6.5,86.4,0.98,266.1,30.7,130,60,40,295.8,133.1,70.4
4641,Kalutara,Wet,Yala,5.23,0.111,10.1,110.9,2.8,306.3,27.8,120,40,20,278.3,87.4,31
4642,Kalutara,Wet,Maha,5.33,0.177,6.8,115.6,2.78,226.2,26.2,100,60,20,211.3,135.7,31.6
4643,Kurunegala,Intermediate,Yala,6.63,0.153,13.5,78.1,1.38,105,28.5,100,40,40,229.1,90.4,64.5
4644,Galle,Wet,Maha,5.35,0.116,8.1,88.2,2.47,353.7,25.6,120,60,40,246.5,132.7,67.6
4645,Polonnaruwa,Dry,Yala,6.63,0.07,14.3,116.8,1.14,46.6,27.5,130,40,20,291.3,90.7,32.6
4646,Mannar,Dry,Yala,6.62,0.094,13.2,105.5,1.27,,30.2,130,40,20,292.9,84.8,35
4647,Badulla,Intermediate,Maha,6.25,0.134,9.4,76.1,1.23,118.2,29.2,120,60,40,267.9,137.9,68.9
4648,Vavuniya,Dry,Yala,5.7,0.171,8.2,66.3,0.52,74.4,27.4,100,60,40,209.3,132.6,62.7
4649,Kegalle,Intermediate,Yala,5.27,0.066,6.7,94.7,1.05,195,27.8,130,60,40,298.4,136.7,67.9
4650,Ampara,Dry,Maha,7.11,0.193,14.3,43.8,1.21,237.7,28.7,100,40,60,206.6,87.6,94.2
4651,Trincomalee,Dry,Maha,6.56,0.16,10,100.5,1.15,275.6,27.1,100,40,20,202.8,83.3,32.1
4652,Jaffna,Dry,Maha,6.69,0.141,11.7,43.7,0.77,203.5,29.1,120,40,60,269.4,87.6,95.2
4653,Jaffna,Dry,Maha,5.93,0.061,5.7,74.2,1.43,241.6,28.4,130,60,40,281.6,127.9,63.4
4654,Polonnaruwa,Dry,Yala,7,0.059,10.2,81.8,0.69,58.7,31.5,130,40,40,297.4,89.6,67.9
4655,Ampara,Dry,Maha,5.61,,13.7,65.3,0.91,237,31.1,130,40,40,277.7,86.7,67.3
4656,Galle,Wet,Yala,5.25,0.059,7.2,134.7,1.63,,26.6,130,60,20,268.5,137,31.7
4657,Kalutara,Wet,Yala,5.33,0.164,6.1,87.7,2.35,,25.7,100,60,40,228.4,133.9,71.6
4658,Matale,Intermediate,Maha,5.91,0.114,16.8,114.6,1.19,145.7,27.9,120,20,20,262.8,44.7,32.9
4659,Nuwara Eliya,Wet,Yala,5.25,0.066,9.6,132.2,2.01,368.7,26.6,130,60,20,269.4,124.9,31.3
4660,Gampaha,Wet,Maha,5.67,0.092,7.2,105.6,1.74,331.4,,130,60,20,291.9,139.9,31.4
4661,Anuradhapura,Dry,Yala,6.5,0.108,11.3,111.8,0.52,29.7,27.5,120,40,20,261.3,91.5,33.7
4662,Hambantota,Dry,Yala,,0.075,,117.9,1.27,80.1,28.3,130,60,20,287,136.1,35.7
4663,Batticaloa,Dry,Yala,6.51,0.191,13.1,66.6,,72.5,29.9,100,40,40,216.1,84.8,67.4
4664,Batticaloa,Dry,Maha,5.51,0.141,12.5,54.7,0.65,268.4,28.7,120,40,60,273.8,87.5,106.7
4665,Colombo,Wet,Yala,5.28,0.173,7.5,95.9,2.28,382.2,26.2,100,60,40,228.1,123.3,66.1
4666,Matara,Wet,Maha,4.54,0.093,9.9,,2.56,369,26.9,130,60,40,291.5,131.2,66.1
4667,Mullaitivu,Dry,Maha,5.63,0.194,13.1,89.8,0.97,266.5,28.1,100,40,40,204.5,82.4,66.7
4668,Kalutara,Wet,Yala,5.97,0.057,8.8,127.9,1.93,346.8,27.7,130,60,20,297,131.4,34.3
4669,Galle,Wet,Maha,5.56,0.116,10.3,,1.52,299.5,27.2,120,40,20,267.6,88.9,32.6
4670,Matale,Intermediate,Maha,6.19,0.127,10.5,64.5,1.94,100.1,29.8,120,40,40,268.6,85.6,70.3
4671,Jaffna,Dry,Yala,7.15,0.099,7.1,94.9,0.56,50.7,31.9,130,60,40,276.8,130.4,62
4672,Trincomalee,Dry,Maha,7.25,0.187,14,80.7,,128.4,28.2,100,40,40,229.8,91.9,66.1
4673,Ratnapura,Wet,Maha,5.19,0.142,5.7,133.6,2.26,221.2,24.7,120,60,20,269.7,122.7,33.4
4674,Batticaloa,Dry,Maha,,0.143,12.4,,0.91,185,27.1,120,40,20,245.7,90.8,33.8
4675,Badulla,Intermediate,Yala,6.17,0.084,,119.4,1.21,185.1,28.9,130,40,20,278.7,82.7,32.2
4676,Kandy,Wet,Maha,5.72,0.077,6.4,,2.51,259,27.2,130,60,20,299,121.3,32.9
4677,Mannar,Dry,Maha,6.42,0.16,9.8,102.3,1.4,281.1,29.2,100,60,20,202.6,124.2,33.2
4678,Colombo,Wet,Maha,4.96,0.111,5.4,116.7,2.74,,,120,60,20,279,135.6,34.2
4679,Vavuniya,Dry,Maha,6.88,0.052,5.4,69.2,1.16,226.4,29.9,130,60,40,290.2,128.5,69.4
4680,Polonnaruwa,Dry,Maha,6,0.094,11.8,89.3,0.98,136.6,,130,40,40,288.2,91.9,69.1
4681,Colombo,Wet,Maha,,0.103,9.1,72.3,1.93,,25.1,120,60,40,251.9,130.9,65.1
4682,Hambantota,Dry,Maha,6.95,0.075,7.2,105.1,1.04,204,28,130,60,20,272,121.1,35.8
4683,Anuradhapura,Dry,Yala,6.45,0.092,8.8,79,1.18,79.7,31,130,60,40,301.3,134.6,70.2
4684,Anuradhapura,Dry,Maha,6.5,,8.2,,1.33,264,29.4,120,60,20,253,122.8,32.1
4685,Nuwara Eliya,Wet,Yala,4.84,0.14,7.1,63.1,1.68,366.3,25.1,120,60,40,271.7,136.1,63.6
4686,Kalutara,Wet,Maha,5.15,0.171,7.9,75,1.99,240.1,24.9,100,60,40,213.9,123.9,64.8
4687,Nuwara Eliya,Wet,Maha,5.75,0.199,5.1,61.6,2.33,233.2,24.4,100,60,40,205.6,127.4,66.2
4688,Kegalle,Intermediate,Yala,5.91,0.137,5.6,55.8,1.37,124.1,27.6,120,60,60,241.8,135.5,105.3
4689,Kalutara,Wet,Yala,5.75,0.111,6.8,129.6,1.7,324.3,26.3,120,60,20,262.6,139.3,34.7
4690,Trincomalee,Dry,Maha,,0.186,9.6,98.3,1.49,274.8,30.8,100,60,40,232.9,127.9,70.2
4691,Anuradhapura,Dry,Maha,5.98,0.073,7.5,64.5,0.86,163.7,29,130,60,40,277.1,136.8,64.4
4692,Mannar,Dry,Maha,5.84,0.148,,58.6,0.91,198.4,31.6,120,60,60,255.3,124.4,101.4
4693,Colombo,Wet,Maha,5.5,0.055,6.7,118,1.68,355.7,,130,60,20,276,136.4,32.2
4694,Jaffna,Dry,Yala,7.06,0.187,10.2,65.6,0.82,90.3,30.5,100,40,40,218.1,89.1,62.8
4695,Puttalam,Dry,Maha,7.44,0.11,12.2,77.7,0.94,175.1,28,120,40,40,258.6,83,68.5
4696,Kegalle,Intermediate,Maha,5.26,0.128,5.8,,1.98,140,28.3,120,60,20,275.8,126.5,31.5
4697,Kilinochchi,Dry,Maha,7.22,0.176,13.4,85.9,0.75,222.9,28.2,100,40,40,217.6,82.2,68.4
4698,Ratnapura,Wet,Yala,4.82,0.155,7.4,138.7,2.92,234.2,25.8,100,60,20,217.7,128.1,34
4699,Kalutara,Wet,Maha,5.31,0.107,10.5,101.6,2.79,257.4,25,120,40,20,246.7,83.1,34.8
4700,Monaragala,Intermediate,Maha,5.9,0.101,10.8,104.8,1.75,140.8,28,120,40,20,279.8,88.9,31.5
4701,Matara,Wet,Yala,,0.065,8.6,144.3,2.33,302.3,27,130,60,20,272,140.1,34.7
4702,Trincomalee,Dry,Maha,7.13,0.18,10,90.6,1.37,176,27.1,100,40,40,203.5,80.6,71.7
4703,Kandy,Wet,Maha,4.78,0.134,9.3,68.4,2.7,291.7,26.3,120,60,40,267.3,131.2,70.2
4704,Nuwara Eliya,Wet,Yala,5.23,0.168,6.5,131.5,2.49,384.9,25.9,100,60,20,220.5,131.8,34.6
4705,Kalutara,Wet,Yala,5.44,0.062,9.6,89.1,2.73,258.7,25.8,130,60,40,279,138.5,68.3
4706,Ampara,Dry,Maha,7.03,0.101,15,67.8,1.47,224,29.8,120,20,40,257.9,43.5,65.9
4707,Kilinochchi,Dry,Maha,6.88,0.081,11.7,111.7,1.21,146.9,27.9,130,40,20,294.7,87.6,34.5
4708,Badulla,Intermediate,Maha,5.68,0.085,12.5,68.9,1.22,196.6,26,130,40,40,269.7,86.6,68.9
4709,Ratnapura,Wet,Maha,5.62,0.159,9.5,143.8,2.91,261.9,25.2,100,60,20,227.8,125.9,34
4710,Puttalam,Dry,Yala,6.08,0.056,6.9,94.9,0.9,,29.8,130,60,40,288.9,121.7,69.7
4711,Matale,Intermediate,Yala,6.48,0.071,6.4,97.6,1.42,177.9,27.2,130,60,40,279.2,128.6,66.2
4712,Anuradhapura,Dry,Yala,6.69,0.135,9.6,61.5,0.73,32.2,31.3,120,60,40,259.3,121.6,62.9
4713,Monaragala,Intermediate,Yala,6.2,,13.8,77.2,1.9,144.5,27.7,120,40,40,251.4,87.7,67.3
4714,Jaffna,Dry,Yala,7.5,0.117,12.6,100.9,0.92,61.1,30.3,120,40,20,270.8,84.5,32.1
4715,Matale,Intermediate,Yala,,0.149,11.3,108.7,1.78,189.1,28.9,120,40,20,261.4,87.4,32.7
4716,Ratnapura,Wet,Yala,5.03,0.196,8.5,82.6,2.26,262.4,27.6,100,60,40,211.6,123.2,61.9
4717,Hambantota,Dry,Maha,5.51,0.115,14.2,91.5,1.46,256.8,28.1,120,40,40,264.7,92.6,65.5
4718,Kandy,Wet,Maha,4.55,0.195,7.9,84.6,1.6,337.2,27.3,100,60,40,233.6,138.1,69.8
4719,Kandy,Wet,Yala,4.88,0.112,5.5,134.5,2.67,370.2,24.8,120,60,20,258.4,124.3,33.5
4720,Polonnaruwa,Dry,Maha,7.45,0.106,14.7,50.3,1.47,239.8,29.5,120,40,60,277.4,85,92.6
4721,Colombo,Wet,Yala,5.88,0.15,6.6,114.7,2.55,380.9,24.5,100,60,20,212.3,132.6,33.1
4722,Batticaloa,Dry,Yala,6.61,0.149,10.9,114,0.58,78.7,27.1,120,40,20,243.5,81.7,32.3
4723,Monaragala,Intermediate,Yala,5.76,0.072,13.9,94.5,1.86,140.9,29,130,40,40,270.1,85.1,66.5
4724,Kandy,Wet,Yala,5.94,0.181,9.7,112.3,2.12,399.9,26.1,100,60,20,214.7,125.5,32.8
4725,Galle,Wet,Yala,4.66,0.061,5.2,134.2,2.61,288.4,25.1,130,60,20,270.7,138.5,35.5
4726,Matale,Intermediate,Maha,6.38,0.157,13,91.2,1.92,179.2,28.7,100,40,40,201.1,91.6,62.1
4727,Anuradhapura,Dry,Maha,7.42,0.079,13.2,84.5,1.31,279.8,30.1,130,40,40,300.2,88,68.5
4728,Anuradhapura,Dry,Yala,6.78,0.087,13.1,,1.13,82.1,,130,40,20,297.2,87.3,35.1
4729,Kilinochchi,Dry,Maha,6.15,0.155,10.2,115.3,1.37,158.8,29.4,100,40,20,225.3,92.6,35.6
4730,Matara,Wet,Maha,5.42,0.073,7.7,139.8,1.54,290.4,25.2,130,60,20,268.5,138.9,31.7
4731,Gampaha,Wet,Yala,5.51,0.175,5.5,128.1,2.9,314.8,27.9,100,60,20,205,139.6,33.5
4732,Puttalam,Dry,Maha,7.34,0.076,10.3,45.7,1.11,137.9,29.4,130,40,60,264.3,82.1,93.2
4733,Badulla,Intermediate,Maha,5.86,0.052,17.5,116.9,1.6,240.8,28.1,130,20,20,292.1,41.3,33.3
4734,Anuradhapura,Dry,Yala,7.49,0.068,8.9,76.8,1.46,46.3,31.4,130,60,40,300.8,133.9,63
4735,Kilinochchi,Dry,Maha,5.73,0.069,9.4,64.1,0.72,126.2,31,130,60,40,279.7,131.2,70.1
4736,Kandy,Wet,Yala,5.98,0.174,9.4,144.7,1.83,274.9,24.1,100,60,20,205,121,31.4
4737,Badulla,Intermediate,Maha,,0.095,13.2,89.5,1.43,168.8,29.9,130,40,40,283.1,81.3,66.8
4738,Trincomalee,Dry,Maha,6.3,0.095,6.1,111.4,1.35,296.3,27.8,130,60,20,276.2,138,33.4
4739,Nuwara Eliya,Wet,Yala,5.67,0.187,6,144.7,2.53,203.6,26.9,100,60,20,213.3,137.6,35.7
4740,Kilinochchi,Dry,Maha,7.13,0.139,7.6,83.8,1.12,247.2,29.5,120,60,40,265.6,127.6,68.3
4741,Kegalle,Intermediate,Maha,5.79,0.056,19.4,109,1.91,135.7,29.4,130,20,20,291.9,46.1,32.2
4742,Kilinochchi,Dry,Yala,7.42,0.193,10.2,88,0.58,95.9,28.9,100,40,40,204.7,88.2,64.1
4743,Nuwara Eliya,Wet,Maha,4.74,0.153,8.3,109.1,2.27,347.4,27.5,100,60,20,202.3,136.4,31.4
4744,Kegalle,Intermediate,Maha,5.24,0.166,6.1,55.9,1.09,170.1,27.2,100,60,60,233.5,129,103.8
4745,Vavuniya,Dry,Maha,5.71,0.145,14.5,53.7,0.89,274.4,27.2,120,40,60,250.4,82,102.9
4746,Nuwara Eliya,Wet,Maha,5.98,0.088,8.1,65.7,1.54,347.8,27.4,130,60,40,263.7,129.1,67.8
4747,Polonnaruwa,Dry,Maha,6.72,0.139,10,71.7,1.2,214,29.3,120,40,40,248.8,86.4,62.1
4748,Anuradhapura,Dry,Yala,6.5,0.199,11.3,,1.11,68.3,27.3,100,40,40,202.4,87.7,69.3
4749,Mullaitivu,Dry,Maha,7.11,0.134,12.4,63.1,0.62,196.7,27.1,120,40,40,256.7,81.9,68.1
4750,Nuwara Eliya,Wet,Maha,4.73,0.104,10.9,70.4,2.5,292,28,120,40,40,272.7,93.4,71.3
4751,Gampaha,Wet,Maha,4.62,0.183,8.7,146.7,2.42,227.6,25.7,100,60,20,212.2,125.4,33.7
4752,Kegalle,Intermediate,Maha,5.76,0.108,14.2,116.1,1.71,215,26.3,120,40,20,258.7,83.1,32.3
4753,Polonnaruwa,Dry,Yala,7.39,0.097,5.9,90.8,0.52,68.1,27.8,130,60,40,290,130.9,65.5
4754,Colombo,Wet,Yala,5.96,0.116,8.4,106.5,1.78,266.9,26.2,120,60,20,261.2,131.1,31.7
4755,Ratnapura,Wet,Maha,5.32,0.059,5.7,120.5,2.24,320,24.1,130,60,20,297.9,129.2,34.4
4756,Trincomalee,Dry,Yala,6.64,0.133,,97.2,,59.7,27.5,120,60,40,275.2,135.7,68.8
4757,Anuradhapura,Dry,Maha,6.4,0.097,7.8,113.2,0.71,286.1,31.4,130,60,20,261.8,130.7,31.8
4758,Kurunegala,Intermediate,Maha,5.76,0.139,7.8,107.3,1.18,120.5,29.4,120,60,20,271.8,132.5,31.6
4759,Kurunegala,Intermediate,Maha,5.92,0.054,15.9,87.8,1.79,194.9,28.6,130,20,40,280.9,45,62.5
4760,Mannar,Dry,Yala,6.71,0.084,5.4,98.1,1.24,43.6,29.7,130,60,40,303.3,121.1,70.8
4761,Jaffna,Dry,Yala,6.46,0.18,9.1,59.7,,28.9,29.3,100,60,60,216.9,131.8,96
4762,Colombo,Wet,Yala,4.66,0.164,9.9,126.9,1.67,330.4,24.7,100,60,20,233.3,137.9,32.5
4763,Colombo,Wet,Yala,5.88,0.11,10.2,94.9,1.53,240.7,28,120,40,40,270.9,80.7,64.5
4764,Hambantota,Dry,Maha,,0.155,8.8,115.7,0.79,251.5,29.2,100,60,20,209.2,128.5,32.9
4765,Trincomalee,Dry,Yala,6.9,0.1,8.9,83.6,0.73,96.4,28.8,120,60,40,262.4,138.7,68.8
4766,Batticaloa,Dry,Yala,5.93,0.197,5.5,70.6,0.81,67.7,28.5,100,60,40,233.4,127.5,70.4
4767,Mannar,Dry,Yala,,0.056,14.5,98.3,1,96.1,31.6,130,40,40,297.8,86.5,63.5
4768,Monaragala,Intermediate,Yala,5.71,0.136,10.7,117.9,1.53,166,26.4,120,40,20,245.1,93.3,34.2
4769,Jaffna,Dry,Yala,5.58,0.109,5.9,54.6,1.49,70.6,29.8,120,60,60,269,124.5,97.8
4770,Mannar,Dry,Maha,6.38,0.152,8.6,63.5,0.9,221.5,,100,60,40,212.4,121.9,71.5
4771,Galle,Wet,Maha,,0.112,11.1,148.7,2.9,235.7,26.4,120,40,20,241.6,91.7,32.3
4772,Jaffna,Dry,Maha,5.82,0.088,5.3,97.8,1.14,285,28.7,130,60,40,278.5,137.6,61.8
4773,Ampara,Dry,Yala,6.12,0.111,13,45.4,0.59,23.8,29.2,120,40,60,250.5,86.6,100.2
4774,Hambantota,Dry,Yala,6.46,0.057,6.8,72.4,1.05,52.6,27.3,130,60,40,296.1,130.7,63.2
4775,Jaffna,Dry,Yala,5.58,0.09,7.3,79.4,0.53,25.6,27.3,130,60,40,275.7,137,62.1
4776,Kegalle,Intermediate,Yala,6.4,0.062,13,124.6,1.19,213.8,29.1,130,40,20,296.5,90.1,34.3
4777,Kilinochchi,Dry,Yala,7.1,0.098,8.2,109.5,0.86,64.2,29.6,130,60,20,261.4,125.8,34.5
4778,Ratnapura,Wet,Maha,5.48,0.094,8.5,88.5,2.71,298,25.6,130,60,40,274.5,121,66.3
4779,Kandy,Wet,Maha,4.9,0.087,7.2,145.1,2.94,224.3,26.1,130,60,20,271.6,130,34.2
4780,Kalutara,Wet,Yala,5.51,0.06,9.2,62.7,2.78,229.1,,130,60,40,271.3,137.4,67.1
4781,Kalutara,Wet,Yala,5.38,0.074,6.2,144.9,,328,26,130,60,20,264.3,138.1,33.9
4782,Monaragala,Intermediate,Maha,5.44,0.062,,122.4,,177.5,29.4,130,20,20,269.3,46.5,33.8
4783,Matara,Wet,Yala,5.13,0.115,9.7,100.1,2.65,221.4,25.9,120,60,20,263.1,137.8,34.1
4784,Nuwara Eliya,Wet,Yala,,0.139,5.7,148.9,2.26,399.4,26.1,120,60,20,252.7,132,31.8
4785,Hambantota,Dry,Yala,6.03,0.053,10.4,88.4,0.7,52,31.8,130,40,40,279.1,86.3,64.4
4786,Kegalle,Intermediate,Maha,6.04,0.099,12,51.7,,117,26.6,130,40,60,277.4,90.6,99.1
4787,Kalutara,Wet,Maha,5.61,0.158,11.7,,2.88,388.1,24.2,100,40,40,229.7,90.1,66.2
4788,Hambantota,Dry,Maha,6.33,0.129,7.6,50.9,1.01,181,29,120,60,60,276.8,131.1,104.1
4789,Kilinochchi,Dry,Maha,6.46,0.111,6.4,80.1,0.97,210.9,31.9,120,60,40,260.6,122.3,65.4
4790,Hambantota,Dry,Maha,,0.188,,70.8,0.91,246.1,28.8,100,60,40,211.9,138.7,63.3
4791,Gampaha,Wet,Maha,5.02,0.108,9.1,139.1,2.23,331.1,,120,60,20,245.5,129.5,32.1
4792,Kandy,Wet,Yala,4.8,0.053,7.2,147.8,1.78,313.8,27.2,130,60,20,301.8,127.7,31.9
4793,Kalutara,Wet,Maha,4.68,0.134,8.2,81.1,,223.7,27.1,120,60,40,243.7,132.9,69
4794,Kegalle,Intermediate,Yala,,0.137,19.2,116.6,1.81,143.9,28.7,120,20,20,253,44.6,33.2
4795,Anuradhapura,Dry,Maha,5.89,0.082,9.9,45.8,0.67,162.8,,130,60,60,274,124.7,103.1
4796,Colombo,Wet,Yala,,0.17,6.5,133.9,2.48,346,27.2,100,60,20,211.5,137,32.9
4797,Vavuniya,Dry,Yala,6.49,0.162,11,61.1,1.2,99.6,29.7,100,40,40,206.5,84.3,70.6
4798,Mannar,Dry,Yala,6.07,0.084,6.7,44.4,0.64,,28.7,130,60,60,294.6,124.3,107.3
4799,Anuradhapura,Dry,Maha,6.35,0.132,14.5,46,1.46,120.6,32,120,40,60,246.1,85.8,102.5
4800,Anuradhapura,Dry,Maha,6.96,0.078,10.8,109.9,1.48,226.4,31.1,130,40,20,288.3,90,35.1
4801,Kandy,Wet,Maha,5.38,0.073,,121.3,2.3,265.7,25,130,40,20,266.7,93.1,33.3
4802,Kurunegala,Intermediate,Maha,5.5,0.076,15.3,59.8,1.07,168.2,28.5,130,20,60,264.4,45.5,106.5
4803,Puttalam,Dry,Yala,7.44,0.098,8.5,93.6,1.28,21.1,31.9,130,60,40,300,139,70
4804,Matale,Intermediate,Maha,6,0.129,7.3,104.1,1.24,179.1,26.7,120,60,20,248.8,123.4,35.8
4805,Nuwara Eliya,Wet,Yala,5.31,0.111,9.7,64.4,2.66,235.4,27,120,60,40,273.5,122,67.9
4806,Kurunegala,Intermediate,Yala,5.68,0.093,9.8,,1.13,166.5,29.5,130,60,40,284.5,131.5,69.5
4807,Vavuniya,Dry,Maha,5.88,0.068,8.6,94,0.54,252.1,30.5,130,60,40,264.7,126.3,67.1
4808,Ratnapura,Wet,Maha,5.28,0.181,11.7,137.8,1.81,231.3,28,100,40,20,232.3,91.3,32.1
4809,Kurunegala,Intermediate,Yala,6.4,0.171,13.1,59.5,1.95,150.7,28.2,100,40,60,209.1,89.2,97.8
4810,Jaffna,Dry,Maha,5.76,0.175,6.8,106.8,1.06,171.1,27.1,100,60,20,229.1,139.6,35.3
4811,Matale,Intermediate,Yala,5.93,0.056,14.5,103.2,1.78,169.6,28.8,130,40,20,268.6,83.8,31.1
4812,Vavuniya,Dry,Yala,6.68,0.17,,116.5,0.93,37.4,29.2,100,60,20,228.9,130.1,33.8
4813,Batticaloa,Dry,Maha,7.35,0.081,13.3,91.9,0.94,125.9,27.3,130,40,40,262,87,65.4
4814,Nuwara Eliya,Wet,Yala,4.64,0.088,11.6,101.3,1.86,315.3,24.3,130,40,20,283.1,83.6,32.7
4815,Mannar,Dry,Yala,5.88,0.188,8.9,59.3,1.13,39.1,29.6,100,60,60,226.2,132.2,105.8
4816,Monaragala,Intermediate,Yala,5.29,0.134,6.6,81.1,1.54,140.7,26.9,120,60,40,277.9,129.3,70.2
4817,Vavuniya,Dry,Maha,6.26,0.137,12.8,115.3,1.43,257.2,,120,40,20,276.9,86.3,33.8
4818,Monaragala,Intermediate,Maha,5.59,0.051,16.8,67.1,1.31,116.6,,130,20,40,296.1,42.6,64.4
4819,Kurunegala,Intermediate,Yala,6.6,0.196,18.8,,1.42,111.6,27.7,100,20,40,230.1,40.3,66.5
4820,Nuwara Eliya,Wet,Yala,4.5,0.079,5.2,109,2.85,332.2,25,130,60,20,269.8,130.8,32.8
4821,Ratnapura,Wet,Yala,5.56,0.189,6.3,71.2,2.36,322,25.1,100,60,40,210.4,127.2,65.2
4822,Batticaloa,Dry,Yala,5.87,0.132,5.7,79.3,1.22,26.4,31.9,120,60,40,252.6,120.6,62.7
4823,Hambantota,Dry,Yala,5.53,0.164,14.6,93.3,1.31,,27.3,100,40,40,213.4,84.5,67.1
4824,Jaffna,Dry,Maha,7.28,0.122,7.4,86.8,0.94,264.2,31.9,120,60,40,256.7,126.1,64.7
4825,Kilinochchi,Dry,Yala,7.04,0.185,7.7,41.4,1.36,63.1,28.5,100,60,60,218.9,128.3,102.4
4826,Gampaha,Wet,Maha,5.35,0.14,,70.1,1.74,288.3,26.6,120,60,40,247.6,123.2,64.9
4827,Polonnaruwa,Dry,Maha,7.23,0.176,,47.5,1.26,131.2,30.8,100,60,60,223.6,130.6,99
4828,Nuwara Eliya,Wet,Maha,5.02,0.144,6.7,138.8,1.92,382,24.2,120,60,20,247.9,134.2,31.1
4829,Kurunegala,Intermediate,Yala,5.76,0.19,19.3,80.9,1.38,200.4,26.4,100,20,40,211.2,44.3,71.6
4830,Galle,Wet,Yala,5.21,0.119,9.2,113.7,1.73,346,,120,60,20,261,136.3,33.3
4831,Kalutara,Wet,Maha,5.56,0.086,11.5,94.3,2.73,318.6,27.6,130,40,40,295.2,86.4,61.9
4832,Kalutara,Wet,Yala,5.76,0.144,7.7,97.2,2.95,342.8,26.7,120,60,40,270.3,130.8,67.1
4833,Anuradhapura,Dry,Maha,7.04,0.178,6,119.2,1.09,177,,100,60,20,222.1,136.5,35.1
4834,Nuwara Eliya,Wet,Maha,5.89,0.199,5.9,143.5,1.73,351.3,,100,60,20,206.2,129,34.7
4835,Colombo,Wet,Maha,4.98,0.054,9.9,109.6,1.54,378.8,26.7,130,60,20,284.6,134.3,34.3
4836,Badulla,Intermediate,Maha,6.77,0.186,13.3,56.2,1.51,220.6,28.5,100,40,60,203.9,86.1,94.6
4837,Ratnapura,Wet,Maha,4.88,,5.3,85.3,1.55,297,25.4,130,60,40,277.4,128.8,68.3
4838,Batticaloa,Dry,Maha,6.08,0.062,15,75.6,0.85,179.2,29.6,130,20,40,278.9,45.2,69.4
4839,Puttalam,Dry,Yala,5.68,0.165,13.9,68.4,1.18,76.3,,100,40,40,202.4,82.8,67.4
4840,Jaffna,Dry,Maha,6.62,0.196,12.4,62.5,1.32,293.5,28.7,100,40,40,210,84.9,70.6
4841,Vavuniya,Dry,Maha,6.43,0.111,,82.9,0.64,263.4,30.1,120,40,40,278.7,83.4,64.5
4842,Batticaloa,Dry,Maha,5.82,0.132,7.4,41.3,1.01,158.1,28.4,120,60,60,278.7,127.6,96.1
4843,Puttalam,Dry,Yala,5.9,,13.5,70.7,0.81,40.6,28.9,130,40,40,276.3,83.5,70.4
4844,Monaragala,Intermediate,Maha,6.13,0.076,7.8,84.9,1.3,180.3,29.5,130,60,40,263.2,132,68
4845,Kilinochchi,Dry,Yala,5.71,0.116,5.4,,0.66,36.8,27.5,120,60,40,248.3,136.2,61.7
4846,Badulla,Intermediate,Yala,6.42,0.113,13.4,89.5,1.76,172,28.5,120,40,40,256.7,90.7,65.2
4847,Ampara,Dry,Yala,7.47,0.058,5.3,40.9,1.32,43.6,27.9,130,60,60,301.6,127.7,105.4
4848,Ampara,Dry,Yala,6.74,0.116,5.3,83.9,1.37,97.3,27.4,120,60,40,246.9,140,62
4849,Badulla,Intermediate,Maha,6.06,0.057,13.3,95.3,1.1,107.7,29.4,130,40,40,293.8,88.2,61.7
4850,Ratnapura,Wet,Yala,4.66,,11.2,123.3,1.56,208.4,24.7,120,40,20,245.6,85.7,32.2
4851,Mullaitivu,Dry,Maha,7.02,0.155,,42.2,0.94,150.5,29.4,100,40,60,233.1,91.4,106.2
4852,Vavuniya,Dry,Yala,6.43,0.097,8.6,95.2,0.53,63.5,30.8,130,60,40,277.6,134.9,70.7
4853,Batticaloa,Dry,Yala,6.38,0.175,5.6,66.4,0.93,51.2,27.1,100,60,40,226.4,135.3,66.9
4854,Badulla,Intermediate,Yala,5.61,0.101,5.7,,1.68,200.1,29.2,120,60,60,254.7,124.5,100.8
4855,Nuwara Eliya,Wet,Maha,5.04,0.054,11.6,124.5,2.08,328.6,26.5,130,40,20,288,86.6,32.5
4856,Colombo,Wet,Maha,4.87,0.199,7.2,119,2.66,289.3,27.8,100,60,20,207.4,137.5,32
4857,Nuwara Eliya,Wet,Maha,4.65,0.189,10.9,150,2.16,360.7,24.2,100,40,20,205.9,87.1,34.9
4858,Jaffna,Dry,Yala,6.22,0.191,14.1,91.2,1.07,83,31.4,100,40,40,231.7,89.4,62.8
4859,Puttalam,Dry,Maha,5.66,0.074,8.2,65.3,1.28,142.4,29.6,130,60,40,300.3,132.1,66.6
4860,Galle,Wet,Yala,5.86,0.14,,97.4,2.2,,27.3,120,60,40,276.1,137.1,68
4861,Matara,Wet,Yala,5.38,0.197,8.2,149.4,1.69,254.7,27.3,100,60,20,221.5,126.2,31.3
4862,Matale,Intermediate,Maha,6.22,0.2,8,71.8,1.22,144.1,28.7,100,60,40,227.5,131.9,66.9
4863,Monaragala,Intermediate,Yala,5.38,0.085,8.8,99.3,1.7,101.4,26.4,130,60,40,264.3,123,67.5
4864,Kandy,Wet,Yala,5.97,0.183,11.7,130.5,1.6,315.7,26.7,100,40,20,212,89.5,34.5
4865,Nuwara Eliya,Wet,Yala,5.25,0.151,,70.9,1.56,313.8,27,100,60,40,211.3,134.9,64
4866,Kegalle,Intermediate,Maha,5.34,0.178,5.2,105.5,1.69,146.7,29.4,100,60,20,221.8,121.5,32.3
4867,Colombo,Wet,Yala,5.8,0.194,10.8,106.5,1.86,209.3,,100,40,20,212.7,89.3,33.6
4868,Ratnapura,Wet,Maha,5.91,0.124,8.4,100.3,2.63,240.6,25.1,120,60,20,247.1,128.7,35.7
4869,Kegalle,Intermediate,Maha,5.54,0.066,6.6,91.5,,125,29,130,60,40,286.7,123,63.9
4870,Kalutara,Wet,Maha,5.54,0.126,7.6,79.5,2.1,315.1,26.1,120,60,40,273.2,128.8,71.6
4871,Nuwara Eliya,Wet,Yala,6,0.066,8.6,,2.22,361.8,25.8,130,60,20,277.6,124.4,34.4
4872,Mannar,Dry,Maha,5.82,0.155,13.3,78.5,0.76,213.3,31.5,100,40,40,205.4,85.9,70
4873,Polonnaruwa,Dry,Maha,7.05,0.109,11.3,40.9,0.75,151.3,29.2,120,40,60,249,85.5,93.8
4874,Polonnaruwa,Dry,Yala,6.3,0.086,,103.4,,,29.7,130,40,20,271.5,90.1,32.3
4875,Trincomalee,Dry,Yala,6.44,0.197,,52.2,0.71,48.8,27.6,100,60,60,210.9,135.8,93.4
4876,Mullaitivu,Dry,Yala,6.68,0.153,8.3,59.7,1.44,62.2,28.2,100,60,60,222.1,132.5,98.1
4877,Ratnapura,Wet,Maha,4.9,0.151,10.6,87.9,2.21,279,24.1,100,40,40,220.7,80.8,71.5
4878,Matara,Wet,Yala,5.35,0.182,6.1,88.1,2.41,231.6,27.2,100,60,40,223.8,138.8,62.8
4879,Polonnaruwa,Dry,Maha,6.17,0.164,10.8,64.3,0.82,145.5,31.9,100,40,40,212.9,89.4,67.3
4880,Jaffna,Dry,Maha,6.1,,5.5,56.1,0.59,241.9,29.9,120,60,60,273.6,121.3,92.6
4881,Jaffna,Dry,Maha,5.76,0.096,8.4,70.6,1.49,136.4,29.7,130,60,40,270.1,136.6,68.8
4882,Jaffna,Dry,Maha,7.19,0.07,10,95.5,1.29,196.6,31,130,40,40,281.3,83.1,63.7
4883,Mannar,Dry,Maha,7.32,0.116,5.7,117.3,1.35,297,30.8,120,60,20,272.7,131.9,31.4
4884,Kandy,Wet,Yala,4.72,0.136,9.4,117.4,2.31,350.5,24.3,120,60,20,248.4,129.7,32.5
4885,Kurunegala,Intermediate,Maha,6.29,0.111,15.4,53.8,1.12,147.6,,120,20,60,245.6,43,104.1
4886,Nuwara Eliya,Wet,Yala,4.85,0.15,6.3,130.5,1.9,211.2,24.7,100,60,20,229.9,138,31.3
4887,Colombo,Wet,Yala,5.1,0.124,5.6,66.3,1.73,,26.9,120,60,40,254.8,129.2,64
4888,Ratnapura,Wet,Yala,4.95,0.066,7,127.8,2.3,260.1,25.8,130,60,20,290.4,122.1,30.8
4889,Kalutara,Wet,Maha,4.67,0.15,9.9,94.2,2.32,,27.5,100,60,40,201.9,139.1,71.4
4890,Monaragala,Intermediate,Yala,5.4,0.155,16.8,50.2,1.87,141.1,29.7,100,20,60,223.6,46.2,101.4
4891,Mannar,Dry,Yala,6.49,0.106,14.9,46.1,0.7,,31.4,120,40,60,253.7,89.4,103.3
4892,Trincomalee,Dry,Maha,5.56,0.179,10.6,117,1.48,,27,100,40,20,202.9,86.6,34.1
4893,Galle,Wet,Maha,5.04,0.181,11.9,110.8,2.61,237,26.8,100,40,20,221,81.7,31.5
4894,Mullaitivu,Dry,Yala,7.43,0.178,5.9,95.6,0.62,67.6,29.8,100,60,40,208.9,136.1,67.6
4895,Puttalam,Dry,Maha,6.3,0.114,10.8,99,0.66,250.9,29.3,120,40,40,256.5,81.5,63
4896,Kurunegala,Intermediate,Yala,,0.08,17.3,123.9,,241.9,29.2,130,20,20,264.8,40.7,32.8
4897,Kegalle,Intermediate,Maha,5.76,0.139,5.3,82.2,1.67,242.1,28.2,120,60,40,247.1,131.1,67.4
4898,Kurunegala,Intermediate,Yala,6.69,0.18,10.1,105,1.02,106,27.9,100,40,20,210.8,82.6,33.6
4899,Hambantota,Dry,Maha,6.96,0.088,8.5,106.2,1.49,246,28.8,130,60,20,265.2,120.8,31.4
4900,Galle,Wet,Maha,5.89,0.14,7.2,97.7,2.85,317.7,24.1,120,60,40,277,128.9,62
4901,Kurunegala,Intermediate,Maha,5.31,0.079,,108.4,1.85,205.3,26.5,130,60,20,261.7,123.3,34.8
4902,Kurunegala,Intermediate,Maha,6,0.072,19.2,86.7,1.92,159.6,29.2,130,20,40,281.9,41.3,69
4903,Ampara,Dry,Maha,5.54,0.174,5.3,47.2,0.75,220,31.8,100,60,60,205.1,122.1,93.7
4904,Matara,Wet,Yala,5.67,0.164,9.9,126.8,2.13,204.2,25.3,100,60,20,211.1,124.6,31.4
4905,Jaffna,Dry,Maha,6.85,,8.8,67.2,0.74,206.7,30.4,130,60,40,300.7,134.6,70.6
4906,Gampaha,Wet,Yala,5.67,0.146,5.4,64.7,1.92,251.2,25.2,120,60,40,247.7,136.4,69.4
4907,Trincomalee,Dry,Yala,6.14,0.085,11,67.7,1.44,27.2,27.6,130,40,40,302.3,86.4,71.7
4908,Mannar,Dry,Yala,5.95,0.109,,116.9,1.14,23.7,30.2,120,60,20,249.4,130.5,32.1
4909,Kalutara,Wet,Maha,5.56,0.184,8.3,,1.99,398,,100,60,40,225.3,121.3,66.6
4910,Anuradhapura,Dry,Yala,6.1,0.166,9.1,86.5,1.15,65.3,31.7,100,60,40,218.9,122,64.1
4911,Colombo,Wet,Maha,5.57,0.093,10.2,92.5,2.78,327.5,25.8,130,40,40,298.9,83.8,67.9
4912,Gampaha,Wet,Maha,5.19,0.094,5.8,102.9,2.71,378.8,24.9,130,60,20,284.9,131.3,31.4
4913,Mullaitivu,Dry,Maha,6.22,0.165,5.8,72.5,0.76,228.2,29.2,100,60,40,218.5,135.1,63
4914,Galle,Wet,Yala,5.27,0.167,11.9,98.5,1.99,265.4,26.5,100,40,40,207.5,88.4,62.4
4915,Galle,Wet,Yala,5.8,0.116,8.4,104.4,2.78,368.6,26.6,120,60,20,247.8,128.3,34.3
4916,Kalutara,Wet,Maha,4.71,0.189,8.8,72.8,1.83,237.2,24.4,100,60,40,231,122.9,66.6
4917,Matale,Intermediate,Yala,6.54,0.137,15.7,126.3,1.48,164,29.7,120,20,20,254.2,45.3,33.9
4918,Mullaitivu,Dry,Yala,6.06,0.176,6.2,105.8,1.12,38.9,31.9,100,60,20,213.2,127.7,35.2
4919,Matara,Wet,Maha,4.95,0.115,6,73.1,2.64,387.4,24.3,120,60,40,271.1,135,69.1
4920,Batticaloa,Dry,Maha,5.97,0.061,6.1,72.2,1.42,,28.1,130,60,40,275.8,130.7,66.3
4921,Mullaitivu,Dry,Yala,6.39,0.084,6.2,118.3,1.36,96.1,28.2,130,60,20,301.8,135.1,35.7
4922,Polonnaruwa,Dry,Yala,5.61,0.112,10.6,107.4,1.23,40.7,30.7,120,40,20,270.2,92.3,33.1
4923,Puttalam,Dry,Yala,5.79,0.115,12.1,47.6,1.39,,,120,40,60,264.7,92.5,94.2
4924,Matara,Wet,Yala,5.02,0.195,6.5,78.9,2.96,303,24,100,60,40,229.8,131.1,71.6
4925,Matale,Intermediate,Maha,6.63,0.12,17.4,78.9,1.21,166.9,29.4,120,20,40,243.3,43.6,61.9
4926,Vavuniya,Dry,Maha,5.72,0.195,6.5,48.3,0.53,183.3,30.7,100,60,60,209.5,125.8,100.7
4927,Matara,Wet,Yala,5.33,0.126,7.3,109,2.39,211.4,,120,60,20,259.5,138.9,32.3
4928,Batticaloa,Dry,Maha,6.67,0.081,10.9,106.6,1.47,199.6,27.5,130,40,20,271,86.5,33.3
4929,Mullaitivu,Dry,Yala,6.88,0.148,14.5,119.7,1.37,77.4,28.6,120,40,20,270.4,82.1,33.6
4930,Polonnaruwa,Dry,Yala,5.81,0.163,7.3,89.7,0.75,68.9,27.8,100,60,40,231.1,129.1,64.1
4931,Kurunegala,Intermediate,Maha,6.39,0.083,16.4,67.3,1.42,100.1,26.6,130,20,40,279.4,41.1,67.3
4932,Trincomalee,Dry,Yala,6.84,0.143,14.8,46.3,1.47,23.7,30,120,40,60,254.7,87,103.8
4933,Gampaha,Wet,Maha,4.52,0.051,11.6,108.9,,233.3,27,130,40,20,302.2,87.8,32.1
4934,Batticaloa,Dry,Maha,5.63,0.09,10.4,56.2,0.56,187.6,30,130,40,60,280.3,84.9,98.3
4935,Matara,Wet,Maha,5.86,0.062,8.4,73.1,2.53,374.3,27.4,130,60,40,282.1,122,64.4
4936,Vavuniya,Dry,Yala,6.18,0.184,12.2,99.6,0.56,45.2,30,100,40,40,212.6,92.8,69.9
4937,Kandy,Wet,Yala,4.74,0.184,8.3,107.3,2.36,399.9,25.5,100,60,20,230.8,135.7,34.4
4938,Matara,Wet,Yala,5.92,0.06,8.5,92.8,2.9,362.9,27,130,60,40,285.5,137,70.4
4939,Kurunegala,Intermediate,Yala,6.35,0.185,14.4,86.1,1.47,,28.1,100,40,40,225.9,85.3,63.4
4940,Kegalle,Intermediate,Yala,6.4,0.162,7,115,1.78,195.8,26.5,100,60,20,227.6,135.5,31.2
4941,Matara,Wet,Maha,4.87,0.184,10.2,110,2.34,224.4,24.5,100,40,20,212.2,86.8,31.4
4942,Kandy,Wet,Yala,4.56,0.197,7.4,66.7,2.12,373.3,25.5,100,60,40,215.2,124.6,63.3
4943,Puttalam,Dry,Yala,6.27,0.053,10.3,72.8,0.78,69,29.6,130,40,40,297.4,82.1,67
4944,Puttalam,Dry,Yala,7.17,0.105,10.7,46.2,1.15,38.5,30.4,120,40,60,255.5,85,107.1
4945,Matara,Wet,Maha,5.81,0.151,11.8,122.9,2.49,386.2,27.8,100,40,20,227,82.3,32.6
4946,Anuradhapura,Dry,Yala,5.88,0.168,6.6,71.7,1.26,36.6,,100,60,40,231.8,140.1,71.3
4947,Jaffna,Dry,Maha,6.33,0.068,9.8,61.2,1.31,174.2,,130,60,40,287.8,121.6,62.1
4948,Vavuniya,Dry,Maha,6.07,0.124,9.6,42.6,,127.4,30.7,120,60,60,270.4,129.2,106.4
4949,Polonnaruwa,Dry,Yala,5.53,0.085,10.8,71.5,0.78,44.4,28.1,130,40,40,295.5,86.4,63.5
4950,Badulla,Intermediate,Yala,5.52,0.152,8.8,120.5,1.3,152.7,27.4,100,60,20,228.7,126.5,35.4
4951,Trincomalee,Dry,Maha,5.75,0.143,15,68.7,0.97,141.2,31.2,120,20,40,256.8,44,62.3
4952,Kandy,Wet,Maha,5.27,0.081,11.4,68.4,2.47,305.7,24.8,130,40,40,263.6,82.4,71.2
4953,Monaragala,Intermediate,Yala,6.01,0.105,8.4,86.8,1.34,142.3,27.1,120,60,40,257.1,136,63.7
4954,Ampara,Dry,Yala,6.4,0.102,12.3,81,0.75,55.8,29.2,120,40,40,267.7,84.8,64.7
4955,Anuradhapura,Dry,Yala,5.9,0.102,12.8,,1.07,32.7,30.9,120,40,20,259,88.2,33.3
4956,Puttalam,Dry,Yala,6.49,,7.2,91.3,0.54,67.9,30.2,130,60,40,293.2,134.6,65.5
4957,Badulla,Intermediate,Maha,6.04,0.124,7.7,59.6,1.47,138.2,26.4,120,60,60,255.3,138,102.5
4958,Nuwara Eliya,Wet,Maha,5.27,0.07,6.5,145.4,2.1,205.7,26.9,130,60,20,288.3,137,35.7
4959,Kegalle,Intermediate,Maha,6.72,0.195,9.7,76.9,1.79,216.2,26.6,100,60,40,207.2,132.5,67.8
4960,Kalutara,Wet,Yala,5.24,0.066,10.6,137.5,2.7,394.4,27.1,130,40,20,293.2,85.5,34.4
4961,Vavuniya,Dry,Maha,7.23,0.199,10,69.8,1.43,212.7,28,100,40,40,218.9,87,62.6
4962,Batticaloa,Dry,Yala,7.1,0.174,11.5,50.7,1.22,30,27.1,100,40,60,207.7,90.5,101.9
4963,Puttalam,Dry,Yala,6.94,0.053,12.6,60.8,1.35,,30.4,130,40,40,273.8,91.9,66.2
4964,Ampara,Dry,Yala,7.34,0.174,8.3,41.9,0.73,77.9,27.4,100,60,60,225.5,122.6,105.8
4965,Kurunegala,Intermediate,Maha,6.07,0.081,14.4,84.1,1.97,163.1,,130,40,40,281.9,85.5,65.6
4966,Puttalam,Dry,Yala,6.37,0.078,12.1,,1.22,36.3,30.5,130,40,20,270.6,90.6,34.2
4967,Mullaitivu,Dry,Yala,5.64,0.149,6.3,85.8,1.41,98,30.2,120,60,40,279.2,129.1,64
4968,Badulla,Intermediate,Maha,6.2,0.06,15.4,116.4,1.37,202.5,29.8,130,20,20,291.7,42.4,32.1
4969,Colombo,Wet,Yala,5.78,0.153,6.7,97.1,2.26,207.7,28,100,60,40,232.3,128.7,65.5
4970,Matara,Wet,Maha,5.9,0.161,10.2,113.3,2.41,302.9,26,100,40,20,215,88.3,32.3
4971,Trincomalee,Dry,Maha,5.84,0.153,14.9,87.1,0.64,154.2,31.6,100,40,40,216.6,93.5,64.2
4972,Polonnaruwa,Dry,Yala,6,0.076,13.4,73.1,0.58,75.4,29.3,130,40,40,299.5,86.9,62.2
4973,Jaffna,Dry,Yala,5.81,0.134,10.7,,1.2,50.7,27.4,120,40,60,261.9,83.2,105.1
4974,Kegalle,Intermediate,Maha,6.34,,6.4,99.2,1.4,113.8,29.8,130,60,40,291.4,123.8,62.3
4975,Polonnaruwa,Dry,Maha,6.81,0.179,14,107.5,0.9,149.9,27.7,100,40,20,209.3,81,35.2
4976,Puttalam,Dry,Maha,6.75,0.135,13.7,90.6,0.68,186.9,31.7,120,40,40,258.8,87.8,63
4977,Nuwara Eliya,Wet,Yala,4.82,0.077,10.1,63,2.53,,25.6,130,40,40,266.6,87.6,62.4
4978,Ampara,Dry,Yala,6.07,0.187,6.6,94.9,1.32,73.6,28.1,100,60,40,207.8,124.6,67.3
4979,Puttalam,Dry,Yala,7.48,0.126,5.9,64.1,0.86,93.2,27.2,120,60,40,241.4,134.2,66.7
4980,Nuwara Eliya,Wet,Maha,5.21,0.061,11.5,103,2.47,254.4,25.2,130,40,20,263.1,90.1,33.3
4981,Mannar,Dry,Maha,7.3,0.105,8,85.8,1.35,274.6,30.7,120,60,40,279.6,125.7,67.4
4982,Polonnaruwa,Dry,Maha,7.39,0.193,9,75.8,1.27,,30.5,100,60,40,209,127.4,64.6
4983,Matale,Intermediate,Yala,6.15,0.157,9.7,109.5,1.4,236.2,27.9,100,60,20,222.7,140,34.1
4984,Ampara,Dry,Yala,5.84,0.067,,78.7,0.83,30.5,29,130,60,40,297,127.9,66.7
4985,Kurunegala,Intermediate,Maha,6.58,0.147,10.8,123.2,1.93,165,26.6,120,40,20,262.9,90.4,32.5
4986,Kalutara,Wet,Yala,4.6,0.086,9.1,114.9,1.52,295.8,25.5,130,60,20,267.9,129.5,34.9
4987,Polonnaruwa,Dry,Maha,7.19,0.177,5.6,75.6,1.45,293.7,31.6,100,60,40,224.8,136.1,69
4988,Kilinochchi,Dry,Yala,6.01,0.111,5.3,73,1.43,93.2,28.8,120,60,40,264.8,135.7,65.6
4989,Mannar,Dry,Maha,7.47,0.105,5.3,101.9,0.73,201.3,28,120,60,20,269.9,133.7,35
4990,Badulla,Intermediate,Maha,6.52,0.112,15.5,114.7,1.12,195.3,29.8,120,20,20,271.5,45.8,35.4
4991,Colombo,Wet,Yala,4.84,0.167,6.8,135.7,2.68,227.8,26.9,100,60,20,232.9,139,33.5
4992,Kilinochchi,Dry,Yala,6.16,0.179,9.2,116.8,0.74,99.7,27.8,100,60,20,219.8,132,31.9
4993,Monaragala,Intermediate,Yala,5.72,0.182,8.9,127.9,1.57,163.4,27.3,100,60,20,212.2,125.3,35.4
4994,Ampara,Dry,Maha,6.26,0.135,11.8,71.9,1.04,128.4,30.6,120,40,40,266.7,85.7,63.6
4995,Kilinochchi,Dry,Maha,5.66,0.145,10.9,74.8,0.7,262.7,27.5,120,40,40,244,90.4,62.2
4996,Ratnapura,Wet,Maha,5.1,0.086,6.9,85.2,1.73,287.7,26.5,130,60,40,299.4,133.4,65
4997,Gampaha,Wet,Maha,5.4,0.068,9.5,79.3,2.98,315.1,24.5,130,60,40,266.5,124.1,69
4998,Hambantota,Dry,Yala,6.18,0.062,14.5,96.2,0.69,94,27.9,130,40,40,275.3,81.1,70.9
4999,Nuwara Eliya,Wet,Maha,4.93,0.088,5.6,84.5,1.96,,24.3,130,60,40,296,134,68.1
5000,Gampaha,Wet,Yala,4.87,0.168,8.3,88.4,2.01,342.5,26.9,100,60,40,220.6,125.5,71.2
5001,Anuradhapura,Dry,Maha,6.06,0.062,8,69.8,,273.9,30.3,130,60,40,278.1,130.4,62.6
5002,Matale,Intermediate,Yala,,0.13,,91.6,1.88,163.2,28.4,120,60,40,259.9,135.2,62.3
5003,Kandy,Wet,Maha,5.39,0.094,5.8,116.6,2.67,202.7,27.5,130,60,20,297.6,131.6,33.8
5004,Matale,Intermediate,Yala,6.15,0.101,8.1,81.1,1.81,232.6,26.2,120,60,40,254.6,122.2,71.4
5005,Batticaloa,Dry,Yala,5.65,0.057,7,116,1.13,21,30.4,130,60,20,298.3,124.2,33.3
5006,Vavuniya,Dry,Yala,6.67,0.067,12.3,117.2,1.35,61.7,30.9,130,40,20,265.1,83.3,31.1
5007,Galle,Wet,Yala,5.63,0.155,5.4,118.9,1.97,340.2,24.5,100,60,20,226.4,125.7,31.9
5008,Anuradhapura,Dry,Maha,6.05,0.159,6.9,63.3,1.38,211.6,29.8,100,60,40,228.7,131.7,64.1
5009,Badulla,Intermediate,Yala,5.35,0.131,16.1,55.1,1.75,156,27.1,120,20,60,248.4,43.5,97.6
5010,Batticaloa,Dry,Yala,6.23,0.126,13.9,51.7,0.65,80.3,27.7,120,40,60,258.2,83.1,93.2
5011,Monaragala,Intermediate,Yala,5.58,0.187,13.1,93.8,1.91,163,28.5,100,40,40,206.5,81.4,70.8
5012,Gampaha,Wet,Yala,5.22,0.082,7.9,68.2,2.49,290.1,26.7,130,60,40,291.4,124,66.9
5013,Hambantota,Dry,Maha,5.51,0.056,5,114.6,1.17,280,29.2,130,60,20,284.1,139.9,34.2
5014,Anuradhapura,Dry,Maha,5.7,0.178,9,75.6,0.91,242.8,30,100,60,40,221.8,129.8,62.4
5015,Matara,Wet,Maha,4.98,0.188,9.5,113.6,2.27,254,25.8,100,60,20,207.5,137.6,31.1
5016,Polonnaruwa,Dry,Yala,7.29,0.139,6.7,91.8,0.53,,28.3,120,60,40,249.6,137.2,67.6
5017,Puttalam,Dry,Maha,7.39,0.055,12.1,44.8,0.63,168.1,31.5,130,40,60,263.2,87.2,105.8
5018,Monaragala,Intermediate,Maha,6.53,0.176,11.6,73.1,1.9,191.5,29.5,100,40,40,211.6,89.7,67
5019,Ratnapura,Wet,Maha,4.52,0.183,11.4,134.6,2.57,227.7,26,100,40,20,219.3,83,35.2
5020,Jaffna,Dry,Yala,6.5,0.17,11.5,91.3,1.12,56.5,30.9,100,40,40,229.1,89.5,69.8
5021,Gampaha,Wet,Yala,4.94,0.102,11.4,80.3,2.57,297,26.5,120,40,40,267.4,84,62.5
5022,Anuradhapura,Dry,Yala,5.75,0.116,6.5,110.8,1.1,59.5,28.7,120,60,20,258.4,136.9,31.8
5023,Kegalle,Intermediate,Maha,5.76,0.099,11.6,65.5,1.34,201.7,29.3,130,40,40,301.8,81.6,68.3
5024,Hambantota,Dry,Maha,7.17,0.118,6.5,115.5,1.16,163.4,28.3,120,60,20,269.5,135.7,33
5025,Hambantota,Dry,Maha,7.48,0.106,7.6,61.3,0.87,196.5,29.9,120,60,40,277.7,122.6,64.6
5026,Ratnapura,Wet,Maha,5.71,0.199,5.9,140.8,2.15,317.3,24.8,100,60,20,218.3,137.9,32.9
5027,Anuradhapura,Dry,Maha,,0.195,7,53.8,0.79,222.2,31.8,100,60,60,209.5,126.6,99.2
5028,Matale,Intermediate,Yala,6.71,0.134,18,103,1.38,160.6,27.4,120,20,20,243.4,44.5,35.4
5029,Trincomalee,Dry,Maha,7.04,0.098,11.4,56.4,1.26,258.1,28,130,40,60,292.2,86.8,94.1
5030,Matara,Wet,Maha,4.59,0.067,10.6,109.3,2.08,258.5,25.7,130,40,20,266.5,85.3,32.2
5031,Kalutara,Wet,Yala,5.68,0.155,11.5,118.7,2.33,320.8,24.1,100,40,20,211,88.9,33.5
5032,Monaragala,Intermediate,Maha,5.32,0.161,7.5,103.5,1.2,191.2,27.2,100,60,20,218.5,139.2,34.3
5033,Gampaha,Wet,Yala,5.82,0.082,10.7,130.9,2.25,341.9,25.5,130,40,20,285.3,81,34
5034,Batticaloa,Dry,Yala,5.79,0.08,10.5,,0.73,81.5,28.9,130,40,40,286.9,92.5,71.1
5035,Ratnapura,Wet,Maha,5.84,0.142,8.3,85.9,2.65,281.3,24.8,120,60,40,247.8,132.5,69.7
5036,Kandy,Wet,Maha,4.64,0.177,11.7,104.4,1.86,340.7,24.8,100,40,20,213.5,91,33.6
5037,Vavuniya,Dry,Yala,6.5,0.166,10.9,108,1.41,76.6,31.9,100,40,20,221.2,85.5,31.9
5038,Kalutara,Wet,Yala,5.08,0.152,8.9,107.6,2.59,347.8,26.9,100,60,20,232.7,129.8,33.1
5039,Anuradhapura,Dry,Yala,6.7,0.188,5.9,96.6,0.79,97.9,28.9,100,60,40,224.8,137.6,68.6
5040,Badulla,Intermediate,Maha,5.89,0.118,5.1,60.3,,245.6,26.6,120,60,40,277.4,128.7,70.1
5041,Trincomalee,Dry,Maha,6.67,0.174,8.7,119.2,1.35,136.8,28.6,100,60,20,226,131.1,35.6
5042,Mannar,Dry,Maha,6.6,0.108,14.5,71.2,0.79,228.4,29.2,120,40,40,264.5,80.7,67.8
5043,Mannar,Dry,Yala,7.29,0.126,5.9,41.8,1.12,93.3,,120,60,60,248.8,123.7,100.4
5044,Nuwara Eliya,Wet,Maha,5.19,0.1,9,66,2.06,372.7,25.6,120,60,40,267.4,133.2,61.9
5045,Kilinochchi,Dry,Yala,6.71,0.081,10.4,90.5,1.29,68.6,31.9,130,40,40,287.8,89.8,62.4
5046,Ampara,Dry,Yala,7.14,0.085,7.8,47.3,1.41,86.1,31.3,130,60,60,286.9,132,94.8
5047,Hambantota,Dry,Yala,5.62,0.167,15,102.3,0.7,45.1,28.2,100,20,20,217.1,41.2,31.1
5048,Mullaitivu,Dry,Yala,7.03,0.175,8.4,86.7,,94.4,31.6,100,60,40,218.3,129.3,65.7
5049,Galle,Wet,Maha,5.97,0.056,11.1,129.9,1.61,287.5,25.5,130,40,20,275.6,85.1,32.5
5050,Nuwara Eliya,Wet,Maha,4.71,0.2,10.8,145.3,,336.3,24.5,100,40,20,218,86.9,34
5051,Monaragala,Intermediate,Maha,5.85,0.189,12.8,58.1,1.93,,,100,40,60,207.5,91.8,100.5
5052,Ratnapura,Wet,Maha,5.36,0.085,10.5,85.3,1.96,354.8,27.5,130,40,40,295.5,90.6,67.7
5053,Kandy,Wet,Maha,5.84,0.078,11.4,119.3,2.5,323.8,27,130,40,20,269.3,81.6,33.2
5054,Anuradhapura,Dry,Maha,5.54,0.131,8.4,76.8,0.96,,30.6,120,60,40,244.7,138,64.5
5055,Colombo,Wet,Yala,4.87,0.168,11.5,128,2.85,279.5,24.9,100,40,20,215.3,86.6,35.6
5056,Ratnapura,Wet,Yala,4.52,0.115,10.2,100.5,2.47,316.6,27.6,120,40,20,267.1,90.2,31.2
5057,Kandy,Wet,Maha,5.61,0.177,9.7,111.5,2.36,384.8,27.3,100,60,20,215.4,123.4,35.5
5058,Anuradhapura,Dry,Yala,7.03,0.081,7.4,110.6,0.67,86.3,31.4,130,60,20,273.1,133.7,32.4
5059,Polonnaruwa,Dry,Yala,6.33,0.142,14.9,85.1,0.71,33.3,31,120,40,40,263.2,83.6,66.8
5060,Galle,Wet,Maha,5.03,0.094,9.5,76.9,2.46,362.5,26.8,130,60,40,276.1,129.2,62.8
5061,Kurunegala,Intermediate,Maha,6.16,0.16,6.9,107.8,1.66,245.9,27.8,100,60,20,231.5,120.9,31.2
5062,Kalutara,Wet,Maha,5.47,0.087,6,99.3,2.89,375.8,24.3,130,60,40,300.5,123.6,66
5063,Polonnaruwa,Dry,Yala,7.36,,,71.1,0.88,42.7,30.3,120,60,40,261,122.4,69.1
5064,Badulla,Intermediate,Yala,6.04,0.196,11.6,118.9,1.03,232.3,28.6,100,40,20,211.8,83.6,32.1
5065,Kurunegala,Intermediate,Maha,5.6,0.071,19.8,88.8,1.88,116.1,29.9,130,20,40,292.7,40.9,67.3
5066,Matara,Wet,Yala,4.59,0.15,7.3,80.6,1.65,295.4,24.2,100,60,40,202.3,134.2,64.5
5067,Mannar,Dry,Yala,6.95,0.146,12,107.8,1.18,25.8,28.2,120,40,20,259.9,80.9,32.7
5068,Vavuniya,Dry,Maha,7.35,0.18,8.8,82,1.27,246.8,29.3,100,60,40,212.1,132.7,70.8
5069,Matale,Intermediate,Yala,6.61,0.188,9.4,125.5,1.52,133.5,27.9,100,60,20,231.1,123.4,35.1
5070,Matale,Intermediate,Maha,5.97,0.141,17.6,81.4,1.12,129.3,26.1,120,20,40,241.8,46.4,66.9
5071,Kandy,Wet,Maha,4.99,0.097,11.2,146.7,2.95,203.6,27.7,130,40,20,284.8,92.7,32
5072,Hambantota,Dry,Maha,6.86,0.056,11.5,62.5,1.31,283.5,27.5,130,40,40,292.8,83.4,63.6
5073,Kilinochchi,Dry,Yala,6.85,0.129,10.7,85.5,0.56,46.9,28.5,120,40,40,260.3,88.5,71.2
5074,Monaragala,Intermediate,Yala,5.5,0.168,16.3,124.8,1.55,169.7,27.7,100,20,20,203.9,40.4,31.8
5075,Matara,Wet,Yala,5.34,0.077,5,93,2.84,305.5,25.5,130,60,40,302.6,138.8,69.8
5076,Nuwara Eliya,Wet,Maha,5.92,0.069,5.6,95.3,2.91,314.9,,130,60,40,283.4,130.8,65.4
5077,Trincomalee,Dry,Maha,6.27,0.116,10.3,80,0.72,243.1,29.5,120,40,40,265.4,81,71.6
5078,Batticaloa,Dry,Maha,5.73,0.134,10.2,100.5,1.18,277.7,28,120,40,20,250.6,84.9,32.6
5079,Matara,Wet,Maha,5.65,0.134,,101,2.07,365.1,25.5,120,60,20,260.3,122.1,32.6
5080,Colombo,Wet,Maha,5.71,0.199,5.4,121.2,1.64,215.6,26,100,60,20,215.1,128.3,34
5081,Anuradhapura,Dry,Yala,6.98,0.187,6.7,109.2,0.88,78.1,30.8,100,60,20,203.5,133.7,35.6
5082,Puttalam,Dry,Maha,5.59,0.101,6.3,47.8,0.57,172.8,31.5,120,60,60,245.5,129.8,107.1
5083,Badulla,Intermediate,Maha,6.7,,9,96.1,1.5,136.1,28.7,130,60,40,296.9,128.1,68.8
5084,Kalutara,Wet,Yala,5.5,0.168,5.3,69.9,1.91,342.7,25.9,100,60,40,208.9,123,69.2
5085,Anuradhapura,Dry,Maha,5.88,0.108,,103.2,0.52,187,30.7,120,40,20,249,83.7,33.6
5086,Vavuniya,Dry,Yala,7.18,0.131,10.6,118.5,1.25,49.6,30.3,120,40,20,261.1,81.8,34.6
5087,Jaffna,Dry,Yala,6.57,0.121,14.1,113.8,1.35,80.1,29.5,120,40,20,271.4,91,35.1
5088,Galle,Wet,Maha,5.95,0.056,9,142.3,2.4,298.8,25.3,130,60,20,264,123.3,33.2
5089,Anuradhapura,Dry,Maha,5.82,0.112,14.8,54.3,0.61,190.8,30.6,120,40,60,263.9,88.2,101.8
5090,Kurunegala,Intermediate,Maha,6.67,0.061,11.3,50.2,1.75,137.8,27.9,130,40,60,266.5,84.9,100.6
5091,Jaffna,Dry,Maha,6.45,0.118,10.7,109.6,1.24,200.9,29.8,120,40,20,242.8,83.4,33.6
5092,Vavuniya,Dry,Yala,6.25,0.073,13.7,110.4,1.25,87.7,28.2,130,40,20,263.6,88.8,35.2
5093,Mullaitivu,Dry,Yala,6.96,0.124,6,80.2,1.16,39,30.1,120,60,40,274,129.6,65.3
5094,Mannar,Dry,Maha,7.35,0.065,7.2,91,0.63,257.1,31.3,130,60,40,266.4,128.4,63.8
5095,Monaragala,Intermediate,Yala,5.55,0.077,5.5,,1.56,236.2,27.1,130,60,20,263.3,132.2,33.1
5096,Ampara,Dry,Yala,6.16,0.15,14.9,92.1,0.59,61.1,31.1,100,40,40,215.4,86.9,63.8
5097,Kegalle,Intermediate,Maha,6.37,0.123,19.7,106.4,1.13,104.3,27.5,120,20,20,274.4,42.2,33.3
5098,Kilinochchi,Dry,Yala,7.24,0.12,10.7,91.2,0.66,,27.5,120,40,40,251.6,87.8,70.7
5099,Gampaha,Wet,Maha,5.88,0.196,8.3,,2.59,266.8,24.6,100,60,20,214.8,133.7,33.9
5100,Kilinochchi,Dry,Maha,7.5,0.131,14.7,116.8,1.25,230.5,27.5,120,40,20,242.9,80.8,35.1
5101,Kegalle,Intermediate,Yala,5.95,0.094,14.3,,1.92,103.3,28.6,130,40,40,280.4,86.6,63.4
5102,Nuwara Eliya,Wet,Yala,5.23,0.189,5.1,,1.65,267.2,27.4,100,60,20,219.9,121.7,35.3
5103,Kalutara,Wet,Maha,5.89,0.108,10.4,144.4,2.82,224.8,25.8,120,40,20,263.7,82.9,33.8
5104,Ratnapura,Wet,Yala,5.96,0.16,11.4,66.2,1.85,386.9,26.5,100,40,40,211.9,87.8,62
5105,Kalutara,Wet,Yala,5.68,0.191,10.8,92.1,1.6,308.9,24.3,100,40,40,211.4,91.8,68
5106,Kegalle,Intermediate,Maha,6.76,0.177,15.6,112.8,1.67,128.4,26.8,100,20,20,204.6,46,35.6
5107,Puttalam,Dry,Yala,6.19,0.16,10.7,61.5,1.04,45.1,29.5,100,40,40,213.1,81.4,62.5
5108,Anuradhapura,Dry,Maha,6.34,,12.1,116.6,0.75,157.4,27.3,100,40,20,204.3,85.9,33.7
5109,Hambantota,Dry,Maha,7.29,0.18,12.4,114.6,0.83,197.9,30.6,100,40,20,226.1,88.1,35.4
5110,Kalutara,Wet,Yala,5.06,0.146,5,140.4,,298.3,,120,60,20,279.1,123.5,30.9
5111,Monaragala,Intermediate,Maha,5.24,0.061,14.3,74.2,1.06,162.9,26.1,130,40,40,302.5,90.5,68
5112,Mullaitivu,Dry,Yala,5.85,0.084,13.3,64,0.91,67.2,30.2,130,40,40,298.1,90.2,66.4
5113,Trincomalee,Dry,Yala,7.33,0.181,6.8,91.1,0.76,24.7,29,100,60,40,220.7,138.3,65.2
5114,Colombo,Wet,Yala,4.63,0.055,9.7,85.7,1.7,336.6,26,130,60,40,291.1,120.8,68
5115,Batticaloa,Dry,Yala,6.23,0.058,9.3,101.5,1.49,82.7,28.1,130,60,20,273.5,124.9,31.1
5116,Kurunegala,Intermediate,Maha,6.49,0.146,18.4,120.8,1.35,178.3,26.7,120,20,20,266,45.6,34.6
5117,Ratnapura,Wet,Maha,5.79,0.133,9.7,,1.55,285.5,24.1,120,60,20,259.2,133.7,30.8
5118,Anuradhapura,Dry,Maha,5.7,0.052,12,83.3,1.32,174.7,30.2,130,40,40,281.8,92.1,64.8
5119,Galle,Wet,Yala,4.62,0.185,6.5,145.1,2.16,256.8,25.9,100,60,20,225.8,121.7,33.3
5120,Mullaitivu,Dry,Yala,5.57,0.052,7.5,113.7,1.07,92.3,31.7,130,60,20,273.4,132.3,32.7
5121,Kalutara,Wet,Yala,4.8,0.173,7.7,124.5,1.53,239.6,26.6,100,60,20,211.5,131.8,32.3
5122,Batticaloa,Dry,Yala,6.47,0.171,8.8,48.8,1.18,56.7,27.2,100,60,60,231.2,121.3,105
5123,Mullaitivu,Dry,Maha,6.84,0.171,11.5,82.3,0.96,250.7,31.9,100,40,40,202.9,87.2,71.1
5124,Mannar,Dry,Maha,5.72,0.083,8.9,99.3,1.49,247.3,28.2,130,60,40,282,132.5,70.4
5125,Badulla,Intermediate,Yala,6.54,0.097,17.1,97.4,1.29,228.8,26.9,130,20,40,300.1,41.5,66.9
5126,Matale,Intermediate,Maha,5.21,0.187,12.4,120.6,1.32,224.3,28.3,100,40,20,221,84,35.2
5127,Colombo,Wet,Maha,5.19,,11.1,129.1,1.61,256.7,24.1,120,40,20,262.7,88.8,35.4
5128,Ratnapura,Wet,Maha,4.75,0.065,5.1,77.5,1.83,345.2,25.9,130,60,40,272,129.8,65.8
5129,Trincomalee,Dry,Maha,5.89,0.069,,51.3,1.19,145.6,,130,40,60,276,91.7,96.8
5130,Monaragala,Intermediate,Maha,5.5,0.172,18.1,53.6,1.49,103.9,28.8,100,20,60,228.9,42.5,94
5131,Galle,Wet,Maha,5.72,0.189,10.3,,2.68,259.6,26.2,100,40,20,219.3,84,33.2
5132,Batticaloa,Dry,Maha,5.76,0.104,6.4,91.9,1.08,268.6,27.2,120,60,40,261.5,139.9,71.2
5133,Mullaitivu,Dry,Maha,6.23,0.138,11.7,62.9,0.6,132,29.7,120,40,40,245.2,92.4,67.3
5134,Trincomalee,Dry,Maha,6.32,0.075,6.3,,0.65,166.8,27.4,130,60,60,262.1,121.2,102.5
5135,Trincomalee,Dry,Yala,6.63,0.064,5.5,106.2,1.01,97.1,29.5,130,60,20,302.3,135.7,31.4
5136,Matale,Intermediate,Maha,6.73,,11.5,109.1,1.47,105.9,27.7,100,40,20,213.4,81.9,31.5
5137,Batticaloa,Dry,Yala,6.29,0.1,,100.4,0.56,64.8,29.8,120,40,20,264.9,80.8,33.1
5138,Hambantota,Dry,Yala,6.55,0.178,9.9,110,1.04,85.4,29.4,100,60,20,203.7,126,35.6
5139,Ratnapura,Wet,Yala,,0.074,10.8,72.7,2.87,267.8,24.1,130,40,40,290.4,84,65.3
5140,Colombo,Wet,Maha,4.82,0.089,11.6,94.5,1.52,344.7,24.4,130,40,40,300.9,91.2,70.5
5141,Kegalle,Intermediate,Yala,,0.158,6.5,53.3,1.58,193.9,27.3,100,60,60,219.9,134.5,94.3
5142,Mannar,Dry,Yala,7.22,0.14,5,89.8,,63.6,31.4,120,60,40,246.3,139.8,67.9
5143,Hambantota,Dry,Maha,6.29,0.056,6,62.4,1.49,189.7,31.1,130,60,40,286.1,134.5,67.7
5144,Batticaloa,Dry,Maha,6.9,0.122,10.6,70.1,1.33,203.2,31.1,120,40,40,271.3,85.9,70.3
5145,Mannar,Dry,Yala,6.89,,11.2,62.6,0.51,45.6,29.6,130,40,40,278.6,89.6,61.7
5146,Gampaha,Wet,Yala,5.1,0.196,11.2,99.3,1.61,305.5,27.7,100,40,40,229.8,93.5,63.6
5147,Kurunegala,Intermediate,Yala,5.25,0.06,18.8,100.2,1.67,156.6,30,130,20,20,288.9,44.9,31.9
5148,Matale,Intermediate,Yala,5.61,0.161,8.6,58,1.89,117.2,28.3,100,60,60,230.4,135.5,106.7
5149,Nuwara Eliya,Wet,Maha,5.16,0.147,11.8,109.5,2.73,,26.3,120,40,20,265.7,92.7,31.6
5150,Puttalam,Dry,Yala,6.83,0.148,7.8,60.6,0.55,64,28.5,120,60,40,246.5,122.8,62.1
5151,Anuradhapura,Dry,Yala,6.01,0.141,,68.7,0.98,44.8,27.2,120,40,40,253.5,89.7,67
5152,Ratnapura,Wet,Maha,4.6,0.129,11.9,121.5,,398.9,25.8,120,40,20,249.2,91.6,33.4
5153,Puttalam,Dry,Yala,6.3,0.199,8,76.6,,35.1,29.1,100,60,40,230.7,139.3,70.1
5154,Colombo,Wet,Yala,4.69,0.186,7.2,130.9,1.65,345.4,26.7,100,60,20,225.9,124.7,35.5
5155,Ratnapura,Wet,Maha,4.92,0.153,8.4,94,2.61,,24.7,100,60,40,223.2,130.5,67.1
5156,Kandy,Wet,Yala,4.59,0.171,7.4,,2.78,392.3,26.5,100,60,20,210.9,133.9,35.4
5157,Kegalle,Intermediate,Maha,6.75,0.083,18.9,65.3,1.43,105.7,26.1,130,20,40,269.2,41.9,69
5158,Badulla,Intermediate,Maha,5.52,0.191,19.2,71.8,1.82,133.7,29.4,100,20,40,225.8,44.2,64.3
5159,Trincomalee,Dry,Maha,6.07,0.148,9.9,56.3,0.64,216.5,30.7,120,60,60,259.9,125.7,106.4
5160,Trincomalee,Dry,Yala,7.38,0.146,10.1,113.4,0.72,50.7,31.8,120,40,20,250.2,84.8,34.1
5161,Kandy,Wet,Yala,5.66,0.178,9.3,95.2,2.27,305.1,26.9,100,60,40,221.2,129.3,65.8
5162,Ampara,Dry,Yala,6.4,0.163,5.4,40.7,0.66,74.2,27.9,100,60,60,202.4,131,102.7
5163,Mullaitivu,Dry,Yala,5.52,0.122,10.9,114.7,1.08,97.2,27.2,120,40,20,254.1,86.3,32.8
5164,Galle,Wet,Maha,4.6,0.105,9.5,143.1,1.9,252.3,27.8,120,60,20,259.7,130.3,31.4
5165,Nuwara Eliya,Wet,Yala,5.94,0.17,11.8,124.4,2.09,206.1,26.2,100,40,20,205.9,84.4,34.4
5166,Kalutara,Wet,Yala,5.6,0.06,11.6,130,2.36,393.5,26.7,130,40,20,303.1,82.5,34.9
5167,Anuradhapura,Dry,Maha,6.33,0.167,9.4,59.8,1.19,163.7,30.7,100,60,60,207.9,121.5,103.4
5168,Trincomalee,Dry,Maha,6.37,0.142,15,41,0.58,174.3,31.6,120,20,60,246.4,41.5,95.9
5169,Polonnaruwa,Dry,Yala,7.42,0.052,12.1,106.3,1.26,27.4,28,130,40,20,270,88.1,35.6
5170,Kurunegala,Intermediate,Yala,5.23,0.19,14.9,89.4,1.49,194.8,28.5,100,40,40,226.2,90.7,62
5171,Kurunegala,Intermediate,Maha,,0.16,9.3,88.9,1.98,215.2,29.2,100,60,40,215,123.9,65
5172,Jaffna,Dry,Yala,6.67,0.186,8.8,106.1,0.9,87.2,30.7,100,60,20,219.5,122.7,32.1
5173,Monaragala,Intermediate,Maha,5.88,0.138,12.1,53.8,1.14,135.5,27.6,120,40,60,242.2,90.3,93.2
5174,Trincomalee,Dry,Maha,6.22,0.074,9.3,113.6,,,27.5,130,60,20,262.9,126.6,32.8
5175,Polonnaruwa,Dry,Yala,7.28,0.161,14.3,83.1,1.04,39.7,27.8,100,40,40,215.6,92.9,67.9
5176,Badulla,Intermediate,Maha,6.42,0.159,20,73.2,1.86,122.9,28.8,100,20,40,227.7,44.9,70.5
5177,Trincomalee,Dry,Maha,5.68,0.161,8.1,71.7,0.78,171.9,27.7,100,60,40,230,127,71.6
5178,Kandy,Wet,Yala,5.98,0.161,8.6,,2.28,288.4,25.6,100,60,20,203.9,126.3,34.8
5179,Trincomalee,Dry,Yala,6.78,0.176,7.5,71,1.33,64.4,28.4,100,60,40,218.7,130.9,66.4
5180,Badulla,Intermediate,Yala,6.07,0.112,6.7,62.2,1.55,229.6,28.5,120,60,40,277.1,122.2,68.9
5181,Jaffna,Dry,Maha,5.59,0.117,14.6,54.7,1.09,220.4,30.8,120,40,60,256.5,82,105.2
5182,Kurunegala,Intermediate,Yala,5.99,0.197,6,,1.08,200.2,28.3,100,60,40,228.1,124.1,66.4
5183,Ratnapura,Wet,Yala,5.55,0.114,8.5,145.7,2.1,252,24,120,60,20,246.6,135.8,34.7
5184,Galle,Wet,Maha,4.96,0.119,5.9,108.5,2.05,230.9,25.1,120,60,20,277.9,130.7,33.2
5185,Ratnapura,Wet,Yala,5.27,0.134,7.6,103.4,2.65,263.5,25.2,120,60,20,270.7,120.8,32.7
5186,Anuradhapura,Dry,Yala,5.67,0.123,7.3,51.9,0.61,65.9,27.9,120,60,60,278.2,133.8,100.4
5187,Monaragala,Intermediate,Maha,5.51,0.152,12.7,55.2,1.04,114.1,26.4,100,40,60,223.2,86,102.6
5188,Jaffna,Dry,Maha,6.71,0.158,8.3,87.3,0.74,295.6,31.5,100,60,40,212.9,130.6,69
5189,Matara,Wet,Yala,5.43,0.087,5.7,140.3,2.48,399.9,25.8,130,60,20,301.2,124.8,32.6
5190,Galle,Wet,Yala,4.89,0.132,5.3,85.1,,355.3,24.7,120,60,40,252.1,131.4,67.4
5191,Nuwara Eliya,Wet,Maha,4.93,0.145,10.9,109.5,2.96,303.2,27,120,40,20,254.3,93.3,35.3
5192,Kilinochchi,Dry,Maha,7.14,0.114,11.2,108,0.55,222.4,31.3,120,40,20,268.8,81.4,35.7
5193,Trincomalee,Dry,Maha,5.55,0.154,10.4,81.6,1.33,237.9,29.7,100,40,40,226.1,84.2,64
5194,Kurunegala,Intermediate,Maha,5.39,0.093,,57.4,1.97,185.8,28.4,130,60,60,300.8,125.4,95.4
5195,Ratnapura,Wet,Maha,5.99,0.134,8.5,83.9,1.5,369.6,24.1,120,60,40,249.3,125.5,68.5
5196,Vavuniya,Dry,Maha,5.88,0.089,7.3,91.3,0.91,240,29.9,130,60,40,295.2,128,65.8
5197,Trincomalee,Dry,Yala,5.6,0.078,7.9,92.4,1.17,24.4,28.1,130,60,40,292.7,136.6,61.9
5198,Mannar,Dry,Yala,6.2,0.151,8.2,115.5,0.89,75.9,30.7,100,60,20,203.2,138.5,32.5
5199,Polonnaruwa,Dry,Yala,6.21,0.08,12.1,105.9,0.85,26.5,27.9,130,40,20,277.8,83.1,34.8
5200,Ampara,Dry,Maha,7.1,0.107,10.7,56.4,1.16,122,31.3,120,40,60,252.4,87.6,104.5
5201,Matara,Wet,Maha,5.86,0.072,8.1,141,2.83,347.9,27.1,130,60,20,274.3,133.1,33.3
5202,Colombo,Wet,Yala,4.84,0.158,9.2,101.1,1.55,,27.4,100,60,20,233.1,130.8,33.2
5203,Jaffna,Dry,Yala,6.63,0.059,7.9,106.9,0.93,96.6,30.5,130,60,20,288.7,129.1,33.7
5204,Kalutara,Wet,Yala,5.87,0.076,5.4,60.6,2.47,302,24.9,130,60,40,291.8,124.4,63.9
5205,Galle,Wet,Yala,5.73,0.165,10.7,128.2,,263.4,25.2,100,40,20,232.9,86.8,33.4
5206,Puttalam,Dry,Yala,5.94,0.153,13.9,52,1.06,83.9,29.5,100,40,60,213.4,85.7,92.7
5207,Galle,Wet,Yala,4.63,0.199,9.9,119.2,2.67,,25.1,100,60,20,227.2,136.2,33.2
5208,Ampara,Dry,Yala,5.58,0.127,14.1,114.7,0.99,44.5,29.5,120,40,20,258.3,90.4,32.5
5209,Ampara,Dry,Maha,7.07,0.147,11.3,44,1.36,264.1,30.1,120,40,60,275.4,82.2,102.6
5210,Puttalam,Dry,Yala,7.18,0.126,14.1,101.6,1.4,47,,120,40,20,248.4,81.6,34
5211,Polonnaruwa,Dry,Maha,5.94,0.169,14,89.9,1.5,163.6,,100,40,40,232,92.3,65.5
5212,Galle,Wet,Yala,5.59,0.162,7,129.5,2.41,359.8,26.1,100,60,20,208.2,131.1,30.8
5213,Jaffna,Dry,Maha,7.41,0.108,10.5,46.1,1.48,277.4,29.6,120,40,60,254.1,91.7,96.3
5214,Anuradhapura,Dry,Maha,6.93,0.064,11.2,,1.49,146.5,,130,40,40,293.5,81.2,68
5215,Ampara,Dry,Yala,6.55,0.182,8.1,57.4,0.88,58.3,27.3,100,60,60,213.9,130.9,93.6
5216,Kurunegala,Intermediate,Maha,6.24,0.114,15.1,96.9,1.53,182.2,,120,20,40,265.1,43.8,62.8
5217,Trincomalee,Dry,Maha,5.56,0.157,9,77.7,1.03,186.3,30.1,100,60,40,215.6,137.5,68.2
5218,Kandy,Wet,Maha,5.07,0.184,7.3,128.5,2.58,397,24.6,100,60,20,225.3,122.5,34.6
5219,Anuradhapura,Dry,Yala,6.55,0.189,10.7,119.8,0.62,59.3,31.5,100,40,20,208.5,83.6,32.4
5220,Mannar,Dry,Maha,6.88,0.163,13.1,118.8,0.67,286.8,27.1,100,40,20,203,85.8,33.2
5221,Nuwara Eliya,Wet,Maha,5.37,0.192,11.3,105.5,2.52,200.9,26.1,100,40,20,210.9,91.8,35.5
5222,Gampaha,Wet,Yala,4.7,0.169,11.6,111.9,2.93,216.6,25.7,100,40,20,216.6,92.7,35.5
5223,Matara,Wet,Maha,5.65,0.116,10,127.3,2.87,241.2,25.2,120,40,20,247.9,93.4,32.3
5224,Hambantota,Dry,Yala,6.76,0.055,13.5,51.5,1.39,22.1,28.1,130,40,60,276.4,93,104.6
5225,Badulla,Intermediate,Maha,5.61,0.187,17.4,105.9,1.95,146.7,26.3,100,20,20,214.1,40.3,33.8
5226,Mannar,Dry,Maha,6.91,0.179,9.9,51.3,1.49,,30.7,100,60,60,203,121.6,107.1
5227,Mannar,Dry,Maha,6.38,0.064,8.8,42.4,1.12,,31.1,130,60,60,286.1,123.5,99.7
5228,Matara,Wet,Maha,4.62,0.062,11,,2.58,242.9,27.5,130,40,40,298.9,85,69.4
5229,Trincomalee,Dry,Maha,7.03,0.17,12.7,57.9,1.28,284.9,27.6,100,40,60,206,91.3,104
5230,Anuradhapura,Dry,Maha,6.97,0.095,14.3,105.8,0.87,159.4,28.1,130,40,20,286.7,92.1,33.3
5231,Trincomalee,Dry,Maha,5.96,0.088,7.3,61.3,0.75,190.4,31.2,130,60,40,289.6,124.3,69.7
5232,Kandy,Wet,Yala,5.53,0.088,5.4,,2.41,355.4,27.1,130,60,40,279.2,132.7,64.3
5233,Ratnapura,Wet,Yala,4.73,0.178,8.2,134.6,2.37,305.2,26.2,100,60,20,224,138.6,31.4
5234,Ampara,Dry,Yala,6.1,0.152,12.3,115.1,0.84,49.3,27.5,100,40,20,214.5,86.5,32.9
5235,Anuradhapura,Dry,Maha,,0.126,12,73.4,0.74,200.1,27,120,40,40,261.1,81.8,71.1
5236,Nuwara Eliya,Wet,Yala,5.07,0.148,11.3,137.1,2.55,269.3,25.3,120,40,20,241.6,86.4,33.3
5237,Anuradhapura,Dry,Maha,6.98,0.075,13.8,114.1,1,201.2,31.6,130,40,20,290.7,85.4,34
5238,Batticaloa,Dry,Maha,6.01,0.059,6.2,77.5,1.32,195.5,31,130,60,40,289.4,131.9,67.9
5239,Matale,Intermediate,Maha,6.14,0.175,11.3,76.9,1.53,224.9,28.4,100,40,40,202.3,86.2,63
5240,Matale,Intermediate,Yala,6.16,0.085,11.8,101.5,1.86,156.9,29.1,130,40,20,277,80.7,32.8
5241,Kalutara,Wet,Yala,5.3,0.16,8.1,,2.92,335.8,25.2,100,60,20,233,140.1,34.3
5242,Vavuniya,Dry,Yala,7.39,0.151,7.6,40.7,1.15,56.6,28.5,100,60,60,214.8,131.3,107.1
5243,Colombo,Wet,Maha,5.64,0.065,11.5,83.7,2.08,349.9,26.3,130,40,40,282.7,86.7,63.4
5244,Vavuniya,Dry,Maha,6.68,0.14,12.8,104.3,1.43,184.3,28.6,120,40,20,276.9,92.9,32.9
5245,Kandy,Wet,Yala,5.44,0.159,7.8,65.8,1.54,298.1,26.5,100,60,40,224.5,123.7,62.6
5246,Anuradhapura,Dry,Maha,5.88,0.051,13,79.1,0.75,126.6,28.7,130,40,40,286.1,82.9,64.1
5247,Trincomalee,Dry,Yala,6.3,0.155,11.4,79.9,0.93,98.4,,100,40,40,227.1,91,65.5
5248,Batticaloa,Dry,Maha,6.76,0.062,6.9,100.1,1.07,164.9,31.8,130,60,20,298,125.7,33.5
5249,Badulla,Intermediate,Maha,6.68,0.121,,112.3,1.52,177.2,29.7,120,40,20,259.2,90.9,32
5250,Nuwara Eliya,Wet,Yala,5.39,0.162,5.3,118.6,1.71,325.8,24.3,100,60,20,216.6,125.9,31.9
5251,Mullaitivu,Dry,Yala,7.1,0.146,8.9,89.2,,83.8,27.6,120,60,40,256.4,121.3,69.5
5252,Badulla,Intermediate,Yala,,0.155,9.2,,1.24,209.7,28.5,100,60,20,232.6,130.7,35.6
5253,Hambantota,Dry,Maha,6.42,0.069,10.7,96.5,0.82,274.9,31.6,130,40,40,291,83,64.9
5254,Kalutara,Wet,Maha,5.8,0.186,5.7,,1.78,345.8,24,100,60,40,203.8,135.4,68.6
5255,Colombo,Wet,Maha,,0.097,7.4,123.7,1.94,237.6,27.7,130,60,20,298,133.2,32.1
5256,Colombo,Wet,Maha,4.64,0.08,6.4,61.1,2.08,251.5,24.3,130,60,40,281.8,138.7,71
5257,Gampaha,Wet,Maha,4.73,0.145,5.6,116.4,1.77,,27,120,60,20,244,135.9,34.2
5258,Kandy,Wet,Maha,4.69,0.178,6.3,137.7,2.15,346.8,27.1,100,60,20,219,124.2,34.8
5259,Mullaitivu,Dry,Maha,7.34,,8.4,64,0.6,282.1,31.8,130,60,40,279.1,136.3,62.2
5260,Polonnaruwa,Dry,Yala,5.67,0.153,9.3,73.5,,77.8,30,100,60,40,229.7,133.2,67.7
5261,Badulla,Intermediate,Maha,5.49,0.098,6,116.4,1.66,244,29.8,130,60,20,270.1,133.7,33.4
5262,Kegalle,Intermediate,Yala,5.75,0.081,11.7,128.4,1.92,196.7,29,130,40,20,296.4,91.3,32.3
5263,Mannar,Dry,Maha,5.68,0.07,7.6,114.7,0.94,210.5,30.1,130,60,20,285,131.8,32.1
5264,Jaffna,Dry,Maha,6.97,0.198,5.6,108.6,1.47,,31.8,100,60,20,202.9,129.7,33.7
5265,Ratnapura,Wet,Yala,5.15,0.094,10.5,97,2.11,277.4,24.1,130,40,40,302.6,88.8,68.8
5266,Ratnapura,Wet,Maha,5.79,0.142,12,136.8,1.7,249.6,24.1,120,40,20,261.4,84.4,31
5267,Ampara,Dry,Maha,7.26,0.126,12.1,74.6,0.58,138.7,27,120,40,40,252.7,82.9,67.4
5268,Matale,Intermediate,Yala,5.57,0.083,13.3,129.7,1.13,143.3,26.9,130,40,20,281.3,88.5,31.7
5269,Polonnaruwa,Dry,Yala,5.94,0.077,14.8,118.1,1.08,58.4,27,130,40,20,297.8,83.5,31.5
5270,Batticaloa,Dry,Maha,5.52,0.171,8.4,96,0.58,128.7,27.5,100,60,40,211,122.2,67.9
5271,Trincomalee,Dry,Yala,5.73,0.129,5.9,107,1.32,22.6,29.7,120,60,20,248.9,120.6,32.4
5272,Gampaha,Wet,Maha,5.74,0.107,7.1,115.4,2.56,,27.2,120,60,20,246.4,132.5,33
5273,Hambantota,Dry,Yala,6.29,0.059,9.4,45.3,0.53,27,28.5,130,60,60,274,127.7,97.9
5274,Jaffna,Dry,Maha,5.62,0.134,13.4,118.3,0.69,264.3,30.1,120,40,20,271.9,90.3,34
5275,Galle,Wet,Maha,5.94,0.083,8.9,123.5,2.81,331.4,27.9,130,60,20,281.4,128,33.2
5276,Mannar,Dry,Maha,5.87,0.134,10.6,111,0.63,200,28.5,120,40,20,250.2,86.8,35.6
5277,Vavuniya,Dry,Maha,7.43,0.135,13.5,95.4,1.46,272.3,27.7,120,40,40,247.8,85.8,65.2
5278,Ampara,Dry,Yala,7.38,0.053,14.4,94.9,1.03,86.8,28.9,130,40,40,275.5,89,69.1
5279,Ampara,Dry,Yala,5.6,0.193,14.4,95.4,1.42,86,28.8,100,40,40,231.7,85.1,64.3
5280,Kandy,Wet,Yala,,0.096,9.1,148,2.73,237.8,27.1,130,60,20,275.9,139.5,33.3
5281,Badulla,Intermediate,Yala,5.45,0.146,13.8,52.4,1.8,197.4,27.6,120,40,60,280,92.7,100.8
5282,Nuwara Eliya,Wet,Maha,5.26,0.117,8,121.1,2.36,247.2,25.2,120,60,20,260.3,137.2,32.4
5283,Mannar,Dry,Yala,6.67,0.074,13.9,53.2,0.77,73.4,30.1,130,40,60,269,92.5,99.6
5284,Puttalam,Dry,Yala,7.48,0.059,7.5,69.5,0.59,32.9,28.1,130,60,40,299.2,129.4,64.5
5285,Puttalam,Dry,Yala,7.29,0.168,8.3,58.4,0.5,41.8,31.5,100,60,60,216.1,131.1,92.6
5286,Kegalle,Intermediate,Yala,6.49,0.058,11.6,95.6,1.76,239.3,29.4,130,40,40,291.5,90.2,63.9
5287,Kandy,Wet,Maha,4.82,0.099,7.6,115.5,1.86,208.9,,130,60,20,303.1,134.2,34.3
5288,Kilinochchi,Dry,Maha,7.28,0.188,,114.6,0.99,195.6,29.6,100,40,20,202.7,92.1,34.7
5289,Puttalam,Dry,Maha,,0.149,5.3,52.1,0.69,247.8,28.6,120,60,60,245.1,134.6,96.7
5290,Matara,Wet,Yala,5.83,0.07,11,74.4,2.96,392.5,25.8,130,40,40,291.9,93.5,65.8
5291,Kalutara,Wet,Yala,,0.069,6.3,97.4,2.96,303.2,26.2,130,60,40,273.4,127.4,62.1
5292,Nuwara Eliya,Wet,Maha,5.28,0.102,9.8,98.6,1.53,306.2,27.2,120,60,40,248.5,136.9,64.1
5293,Galle,Wet,Maha,5.3,,10.9,147.8,1.88,388,28,120,40,20,242.9,89.6,34.7
5294,Kegalle,Intermediate,Yala,6.11,0.149,10.1,91,1.53,220.2,29.5,120,40,40,242.2,89.5,67.8
5295,Badulla,Intermediate,Maha,6.72,0.171,9.1,58.2,1.08,184.6,27.8,100,60,60,226.4,127,95.6
5296,Jaffna,Dry,Maha,5.5,0.196,11.4,94,0.79,261.1,27.3,100,40,40,205.5,90.7,64.3
5297,Kalutara,Wet,Maha,5.17,0.054,10.7,146.5,1.91,352.5,26.3,130,40,20,281.2,92.2,34.9
5298,Anuradhapura,Dry,Maha,7.23,0.176,14.2,45.4,0.92,265.9,31.5,100,40,60,220.9,83.3,95.6
5299,Kandy,Wet,Yala,5.06,0.121,11.9,96.4,2.66,256.3,27.2,120,40,40,258.1,88.6,65
5300,Gampaha,Wet,Yala,5.11,0.167,9.8,,2.58,323.8,26.4,100,60,40,202,128.3,68.3
5301,Kegalle,Intermediate,Maha,5.77,0.19,5,73.4,1.75,153.6,29.7,100,60,40,226.6,140,67.3
5302,Ratnapura,Wet,Maha,5.4,0.079,6,118.3,1.83,367.3,24.1,130,60,20,261.9,130,33.1
5303,Hambantota,Dry,Maha,6.86,0.2,9.8,100.7,0.94,294.9,29.8,100,60,20,225.9,125.1,35.3
5304,Kurunegala,Intermediate,Maha,6.37,0.16,13,105.5,1.74,125.9,27.7,100,40,20,230.2,85.5,31.9
5305,Puttalam,Dry,Maha,5.86,0.111,9.1,89.7,1.15,262.1,30,120,60,40,258.3,133.4,69.1
5306,Kegalle,Intermediate,Yala,5.58,0.185,16.3,118.9,1.66,108.6,27.2,100,20,20,218.6,40.7,31.6
5307,Kurunegala,Intermediate,Yala,6.21,0.166,17.7,63,1.23,183.8,29.2,100,20,40,216.6,44.2,67.9
5308,Polonnaruwa,Dry,Maha,6.42,0.097,8.6,87.6,0.85,297.5,29.7,130,60,40,277.9,138.8,70.4
5309,Vavuniya,Dry,Maha,6.17,0.081,5.7,106,1.49,173.8,28.9,130,60,20,299,137.3,33.1
5310,Hambantota,Dry,Yala,7.43,0.156,9.4,44.7,0.94,,27.7,100,60,60,230.2,121.9,103.4
5311,Vavuniya,Dry,Yala,6.28,0.17,9.4,73.4,1.47,95,28.9,100,60,40,212,140.1,69.9
5312,Ampara,Dry,Yala,,0.168,11,74.8,1.29,75.7,27.5,100,40,40,221.2,89.6,63.1
5313,Ampara,Dry,Yala,6.76,0.07,7.4,72.8,0.77,87.4,29.8,130,60,40,300.7,123.8,68.8
5314,Kandy,Wet,Yala,5.36,0.187,6.8,73.8,2.11,,27.4,100,60,40,232.5,120.9,70.9
5315,Kandy,Wet,Maha,5.1,0.08,10.3,121.3,2.21,215.8,25,130,40,20,283,82.7,33.7
5316,Kegalle,Intermediate,Maha,5.95,0.059,17,79.5,1.44,136.9,26.8,130,20,40,280.6,45.7,63.6
5317,Galle,Wet,Yala,5.19,0.116,9,139,2.45,,24.2,120,60,20,252.2,121,31.4
5318,Gampaha,Wet,Yala,,0.117,7,101.3,,389.7,26.1,120,60,20,278.9,125.2,32.1
5319,Matale,Intermediate,Yala,,0.119,9.6,,1.2,,29,120,60,20,246.9,135.4,31.3
5320,Kurunegala,Intermediate,Yala,,0.053,18.5,111.2,1.93,233.8,26,130,20,20,286,44.1,33.4
5321,Trincomalee,Dry,Yala,6.83,0.099,11.8,68.2,1.16,97.9,31.8,130,40,40,273.4,90.7,62.4
5322,Polonnaruwa,Dry,Maha,5.99,0.124,8,97.6,0.63,141.3,28.1,120,60,40,252.3,135.2,63.9
5323,Kegalle,Intermediate,Maha,5.8,0.099,9.3,87,1.56,171.6,27.8,130,60,40,278.6,121.6,66.1
5324,Ampara,Dry,Yala,6.59,0.121,9.3,109.4,0.83,21.7,30.5,120,60,20,280.4,138.1,33.2
5325,Nuwara Eliya,Wet,Yala,5.08,0.125,6.3,101.3,2.91,287.8,26.1,120,60,20,243.5,125.1,33.6
5326,Kilinochchi,Dry,Maha,5.5,0.056,8.2,77.9,1.04,175,29.3,130,60,40,285.9,131.4,68.8
5327,Kalutara,Wet,Maha,5.38,0.192,8.1,138.9,2.96,264.4,24.5,100,60,20,203.8,133.2,31
5328,Kurunegala,Intermediate,Maha,5.53,0.172,7.2,128.3,1.17,157.3,28.4,100,60,20,206.1,123.9,31.2
5329,Kegalle,Intermediate,Maha,6.4,0.058,9.2,109.2,1.06,100.3,28.6,130,60,20,280,139.7,31.1
5330,Kandy,Wet,Maha,5.21,0.083,10.4,117.5,1.52,269.8,25.1,130,40,20,283,86.8,32.9
5331,Vavuniya,Dry,Maha,6.3,0.129,14.6,76.9,1.16,186.7,29,120,40,40,251.5,81.2,62.1
5332,Jaffna,Dry,Yala,6.47,0.162,,,1.42,90,30.9,100,40,40,211.4,92.7,69.2
5333,Nuwara Eliya,Wet,Maha,4.63,0.075,11.8,143,2.1,313.8,24.5,130,40,20,265.1,88.1,31.9
5334,Kilinochchi,Dry,Maha,6.48,0.141,5.1,81.7,1.44,296.3,27.3,120,60,40,253.2,134.3,71.1
5335,Kandy,Wet,Maha,5.38,0.116,12,143.6,2.04,222.4,25.5,120,40,20,279.2,87.3,33.2
5336,Kurunegala,Intermediate,Yala,6.04,0.097,9.8,104.8,1.31,202.4,28.3,130,60,20,301.5,136.9,33
5337,Jaffna,Dry,Yala,6.17,,9,56.5,0.83,51.9,29.2,130,60,60,275.6,121.3,104.2
5338,Trincomalee,Dry,Yala,5.87,0.2,8.1,119,1.44,81.8,30.7,100,60,20,219.7,125.9,34.4
5339,Jaffna,Dry,Maha,6.81,0.117,10.8,79.1,0.99,125.5,31.2,120,40,40,276.9,86.6,67.8
5340,Kurunegala,Intermediate,Yala,6.03,0.061,11.7,103.3,1.09,229.7,28.6,130,40,20,261.7,81.5,35.5
5341,Kurunegala,Intermediate,Yala,,0.141,,58.1,1.78,207.6,26.2,120,20,60,273.1,44.8,98.8
5342,Monaragala,Intermediate,Yala,6.31,0.059,6.3,57.2,1.94,176.8,29.7,130,60,60,301.6,128.3,104.6
5343,Matara,Wet,Yala,,0.067,6.7,90.2,1.87,284.8,27.2,130,60,40,265.3,126,65.5
5344,Polonnaruwa,Dry,Yala,7.05,0.179,14.5,52.1,1.3,27.2,,100,40,60,206.4,80.5,105.1
5345,Trincomalee,Dry,Maha,5.76,0.057,6.1,73.9,1.38,209.9,27.5,130,60,40,302.1,134.7,64.3
5346,Kandy,Wet,Maha,4.71,0.076,9.5,65.5,2.53,383.4,24.2,130,60,40,284.2,136.9,64.6
5347,Kurunegala,Intermediate,Yala,6.46,0.095,18.8,129.2,1.09,143.6,26.5,130,20,20,262,42.8,34.2
5348,Anuradhapura,Dry,Yala,5.9,0.181,7.8,55.8,1.34,82.1,27.5,100,60,60,209.5,131.7,95.7
5349,Kandy,Wet,Maha,,0.099,10.8,109.9,2.54,349.6,27.6,130,40,20,280.5,83.4,31.9
5350,Mullaitivu,Dry,Maha,6.01,0.162,14.7,96,0.89,299.3,27.9,100,40,40,223.7,88.6,64.8
5351,Batticaloa,Dry,Maha,6.12,0.095,10.5,101.1,1.27,278.3,29.2,130,40,20,292.5,80.6,34.2
5352,Kurunegala,Intermediate,Yala,5.89,0.159,19.8,64.6,1.45,141.8,,100,20,40,233.6,43.4,70.6
5353,Kalutara,Wet,Maha,5.73,0.051,9,107.5,2.81,305.3,24.5,130,60,20,273.6,133.2,34.2
5354,Kurunegala,Intermediate,Maha,5.76,0.053,6.9,102.7,1.55,110.3,27,130,60,20,284.2,138.6,34.9
5355,Kandy,Wet,Yala,5.98,0.06,10.2,135.8,,387.3,,130,40,20,284,85.5,33.5
5356,Ampara,Dry,Maha,6.7,0.173,11.3,111.6,0.79,296.5,27.6,100,40,20,214.3,90.5,31.1
5357,Batticaloa,Dry,Maha,5.62,,11.8,60.6,0.78,273.5,,100,40,40,206.6,88.3,62.7
5358,Nuwara Eliya,Wet,Yala,4.87,0.136,10.9,113.6,1.88,220.4,27.7,120,40,20,279.6,92.6,33.6
5359,Matara,Wet,Maha,5.44,0.083,8.9,123.4,2.67,218.1,25.1,130,60,20,297.6,128.4,32.4
5360,Matale,Intermediate,Maha,5.58,0.112,9.9,83.6,1.65,212.3,29.8,120,60,40,260.8,126.9,63.9
5361,Mannar,Dry,Yala,5.86,0.096,14.5,59.8,0.94,23,30.4,130,40,60,287,92.1,99.5
5362,Ratnapura,Wet,Yala,4.69,0.146,11,80,1.77,318,24.6,120,40,40,250.2,81.1,68.4
5363,Hambantota,Dry,Yala,6.24,0.168,10.4,54.6,1.27,76,29.8,100,40,60,218.8,82.3,98.3
5364,Nuwara Eliya,Wet,Yala,4.83,0.187,5.7,107.6,2.14,308.3,24.7,100,60,20,223.8,122.2,34.8
5365,Ampara,Dry,Maha,6.74,0.134,15,86.2,1.14,167.3,27.2,120,20,40,261.5,45.7,69.1
5366,Matale,Intermediate,Yala,5.64,,16.8,95,1.11,121.2,27.3,100,20,40,233.4,40.3,69.1
5367,Colombo,Wet,Maha,5.18,0.103,9.7,127.7,1.85,237.7,27.4,120,60,20,265.3,137.5,35.7
5368,Badulla,Intermediate,Yala,,0.071,13.4,98.7,1.77,206.1,26.5,130,40,40,277.1,86.4,64.7
5369,Batticaloa,Dry,Yala,6.43,0.179,14.2,72.7,0.87,83,29.5,100,40,40,226.3,80.5,68.1
5370,Galle,Wet,Yala,5.48,0.153,7.7,111.1,2.43,368.4,27.4,100,60,20,206.7,128.5,35.1
5371,Monaragala,Intermediate,Maha,6.56,,12.6,78.5,1.37,180.3,27.9,100,40,40,213.6,82.9,67.5
5372,Mannar,Dry,Maha,6.09,0.091,12.5,76,0.98,213.7,29.8,130,40,40,276.1,88.6,69.6
5373,Galle,Wet,Maha,4.96,0.165,5.3,131.4,1.78,258.1,27.8,100,60,20,215.2,133.9,32.9
5374,Batticaloa,Dry,Maha,7.13,0.184,9,105.4,,239.6,31.6,100,60,20,226.6,130.2,33.8
5375,Puttalam,Dry,Maha,6.7,0.062,7.6,57.2,1.12,238.4,27.2,130,60,60,281.9,121.4,93.3
5376,Badulla,Intermediate,Maha,6.69,0.106,10.3,62.2,1.11,124.6,27.8,120,40,40,272.4,89,71.6
5377,Badulla,Intermediate,Yala,6.07,0.083,9.9,,,179.6,27.2,130,60,20,285.8,137.1,34.8
5378,Gampaha,Wet,Maha,4.96,0.196,5.5,67.1,2.65,358.8,26.4,100,60,40,212.2,134.7,70.4
5379,Jaffna,Dry,Yala,6.36,0.144,10.8,96.1,1.25,63,28,120,40,40,273,91.3,68.6
5380,Kalutara,Wet,Yala,5.65,0.073,10.6,72.1,1.72,382.2,27.2,130,40,40,271.5,83.1,63.6
5381,Jaffna,Dry,Yala,7.47,0.155,5.7,49.5,0.79,,31.5,100,60,60,208.4,138,93
5382,Gampaha,Wet,Maha,5.68,0.2,9.7,72.7,,316,27.6,100,60,40,217.5,126.9,70.3
5383,Jaffna,Dry,Yala,6.69,0.156,6.7,117.9,0.89,,29.2,100,60,20,209.6,120.9,32.8
5384,Ratnapura,Wet,Yala,5.05,,7.9,116.2,2.74,,24.2,100,60,20,201.4,137.1,32.1
5385,Trincomalee,Dry,Maha,6.88,0.108,8.8,95.3,0.55,,27.3,120,60,40,266.7,139,67.3
5386,Badulla,Intermediate,Maha,6.11,0.082,18.9,51.1,1.85,104.8,27.7,130,20,60,283.1,44.5,98.8
5387,Hambantota,Dry,Yala,,0.11,8.2,49.9,1.04,51.5,31.1,120,60,60,258.8,125.1,102.3
5388,Gampaha,Wet,Maha,5.48,0.165,5.5,80.4,,382.6,25.6,100,60,40,232.6,125.5,66.5
5389,Matale,Intermediate,Yala,5.7,0.169,19.8,73,1.54,179.9,29.5,100,20,40,219.7,43.3,68.7
5390,Ratnapura,Wet,Maha,5.74,0.149,9.9,149.9,1.54,323.3,26.9,120,60,20,275.1,138.2,35.1
5391,Gampaha,Wet,Yala,5.61,0.192,9.1,112.7,2.39,283.8,27.9,100,60,20,205.6,123.5,31.8
5392,Matara,Wet,Yala,4.53,0.171,5.1,123.5,1.64,345,27,100,60,20,219.7,136.8,32.4
5393,Batticaloa,Dry,Yala,5.51,0.115,10.6,55,0.64,56.2,30.9,120,40,60,275.3,84.3,99.1
5394,Kilinochchi,Dry,Maha,,0.185,6.8,104,1.38,162.3,27.5,100,60,20,220.1,136.4,35.6
5395,Anuradhapura,Dry,Maha,6.17,,12.8,105,1.27,216.4,27.7,100,40,20,224.5,92.5,32.6
5396,Trincomalee,Dry,Yala,6.65,0.083,5.3,46.7,0.96,,30.2,130,60,60,277.2,129,98.2
5397,Trincomalee,Dry,Maha,6.5,0.184,9.6,48.8,0.91,192.2,30.7,100,60,60,204.1,127.8,102.3
5398,Kegalle,Intermediate,Yala,6.27,0.165,11.4,86.8,1.96,227.2,26.1,100,40,40,216,90.9,65.9
5399,Monaragala,Intermediate,Maha,5.34,0.108,9.5,74.5,1.66,249.7,29.1,120,60,40,256.8,131,71.2
5400,Mannar,Dry,Yala,6.71,0.199,13.6,66,0.63,27.1,31.9,100,40,40,229.4,89.4,70.6
5401,Ampara,Dry,Yala,,,,43.6,0.8,46.7,30.6,100,40,60,209.1,88.6,100.2
5402,Matara,Wet,Maha,5,0.152,12,,2.43,201.5,27.6,100,40,40,232.6,82.5,68.1
5403,Polonnaruwa,Dry,Yala,7.02,0.065,13.7,107.5,0.54,74.8,31.5,130,40,20,302,91.5,31.1
5404,Trincomalee,Dry,Maha,6.87,0.109,5.1,77.8,0.56,159.4,27.9,120,60,40,251,124.4,68.7
5405,Batticaloa,Dry,Yala,7,0.181,6.1,55.1,0.51,28.7,28.1,100,60,60,212.4,138.9,103.1
5406,Polonnaruwa,Dry,Maha,6.99,0.118,11.3,47.6,1.09,220.6,27.3,120,40,60,276.4,83.7,97.9
5407,Kandy,Wet,Maha,5.16,0.176,11.6,89.2,2.72,316.1,25,100,40,40,232.6,90.1,63.9
5408,Colombo,Wet,Yala,5.63,0.1,10.6,140.4,2.25,289.4,,120,40,20,258.7,84.2,35.4
5409,Kalutara,Wet,Maha,5.68,0.178,10.2,143.8,2.61,265,24.8,100,40,20,211.6,84.6,32.9
5410,Kalutara,Wet,Yala,4.76,0.108,11.8,125.8,1.98,,27.2,120,40,20,261.9,84.5,34.1
5411,Kandy,Wet,Yala,5.64,0.134,11.5,75.4,2.39,,24.7,120,40,40,268.2,90.2,62
5412,Kilinochchi,Dry,Yala,6.5,0.055,,79.5,0.67,51.8,27,130,60,40,273,131.5,65.8
5413,Kalutara,Wet,Maha,5.68,0.137,11,,2.98,358.3,24.4,120,40,20,270.2,92,34.9
5414,Batticaloa,Dry,Yala,6.61,0.181,6.3,116,0.93,52.5,31.6,100,60,20,202.8,126.6,32.7
5415,Vavuniya,Dry,Yala,5.86,0.168,8.6,88.2,1.08,95.3,29.6,100,60,40,202.7,134.2,67.7
5416,Kilinochchi,Dry,Maha,5.59,0.148,7.7,77.6,0.55,281.8,27.3,120,60,40,256.4,135.3,63.8
5417,Puttalam,Dry,Maha,5.97,0.081,13.3,100.3,0.61,237.9,28.2,130,40,20,276.4,82.5,32.9
5418,Matara,Wet,Maha,5.2,0.115,9.3,75.4,1.77,345.7,27.7,120,60,40,253.7,128.5,71
5419,Batticaloa,Dry,Maha,6.2,0.111,8.1,59.1,0.52,223.2,29.8,120,60,60,260.5,130.1,101
5420,Mannar,Dry,Maha,7.08,0.133,6.5,94.6,0.76,277.5,30.9,120,60,40,253.9,127.6,70.7
5421,Badulla,Intermediate,Maha,6.42,0.102,14.7,118.1,1.55,228.8,28,120,40,20,248.9,84.7,35.3
5422,Polonnaruwa,Dry,Maha,6.94,0.105,10,82.5,0.92,251.4,27.3,120,40,40,253.4,89.4,71.1
5423,Kegalle,Intermediate,Yala,6.56,0.13,18.8,98.1,1.24,179.3,29.1,120,20,40,279.5,41.6,70.7
5424,Ampara,Dry,Maha,6.23,0.148,10.2,,,149.5,,120,40,60,257.4,89.7,92.5
5425,Polonnaruwa,Dry,Maha,6.9,0.148,9.6,56.2,1.06,172.8,31.7,120,60,60,258.7,138.9,106.5
5426,Ratnapura,Wet,Maha,4.52,0.129,11.7,63.2,2.39,255.7,27.1,120,40,40,263.9,87.9,63.1
5427,Gampaha,Wet,Maha,5.72,0.134,10.6,84.1,2.33,265.5,26.9,120,40,40,279.8,88.5,62.1
5428,Jaffna,Dry,Yala,6.72,0.123,14.9,41.6,1.44,95.7,,120,40,60,250.8,81.4,93.3
5429,Batticaloa,Dry,Maha,6.76,0.141,11.6,,1.19,161.8,29,120,40,40,268,91.8,65.2
5430,Ampara,Dry,Maha,5.94,0.112,,91.4,0.9,234.2,28.8,120,60,40,269.4,126.2,67.9
5431,Kegalle,Intermediate,Yala,5.49,0.197,16.2,116.4,1.34,178.9,29.2,100,20,20,220.9,44.3,32.8
5432,Polonnaruwa,Dry,Yala,6.51,0.172,13.8,53,0.63,85.6,31.6,100,40,60,204,93.3,92.9
5433,Monaragala,Intermediate,Maha,6.42,0.102,8.5,82.7,1.23,218.3,28.8,120,60,40,267.8,132.3,66.5
5434,Galle,Wet,Yala,4.85,0.156,9.1,118.1,2.02,,26.4,100,60,20,203.2,134.8,33
5435,Matara,Wet,Yala,5.29,0.164,7.7,92.3,2.8,306.1,,100,60,40,220.5,129.3,69.3
5436,Matale,Intermediate,Maha,5.77,0.127,13.6,96.7,1.91,194.9,28.8,120,40,40,270.3,81.3,64.5
5437,Kandy,Wet,Yala,5.34,0.197,11.9,132.7,,218.9,26.2,100,40,20,208,90.9,31.9
5438,Kilinochchi,Dry,Yala,7.38,0.16,7.8,41.6,1.32,69.4,29.3,100,60,60,228.5,121.3,96.3
5439,Vavuniya,Dry,Yala,5.85,0.144,7.4,79,0.52,58.3,30.1,120,60,40,242.5,134.3,64.7
5440,Kurunegala,Intermediate,Maha,5.95,0.17,5.3,82.5,1.74,,28.3,100,60,40,228.6,121.1,67.7
5441,Jaffna,Dry,Yala,6.2,0.184,14.1,113.4,0.98,46.3,27.3,100,40,20,216.1,91.7,33.2
5442,Batticaloa,Dry,Yala,5.61,0.118,12.2,81.4,1.01,90.3,27.4,120,40,40,249.8,82.5,65.1
5443,Polonnaruwa,Dry,Maha,6.22,0.136,6.5,105.8,0.73,210.5,28.7,120,60,20,246.6,130.7,32.7
5444,Puttalam,Dry,Maha,7.32,0.051,10.8,73.2,0.8,212.4,27.6,130,40,40,301.8,88.3,65.4
5445,Batticaloa,Dry,Yala,7.48,0.07,10.2,114.8,1.09,33.1,31.6,130,40,20,264.5,86.4,35.7
5446,Ampara,Dry,Yala,6.7,0.092,,93.5,1.3,82.9,28.8,130,60,40,269.8,127.3,64
5447,Polonnaruwa,Dry,Yala,6.19,0.093,12.6,69.2,1.34,83.9,31.8,130,40,40,276.1,86.6,69.9
5448,Kandy,Wet,Maha,4.72,0.121,11.7,132.3,1.75,357,27.6,120,40,20,265.6,84.5,34.3
5449,Ratnapura,Wet,Maha,5.39,0.192,9.9,149.8,1.83,325.7,26.1,100,60,20,218.9,129.2,30.8
5450,Nuwara Eliya,Wet,Maha,5.06,,11.1,86.1,2.89,371.2,,120,40,40,246.2,85.2,71.6
5451,Colombo,Wet,Maha,5.12,,6.2,129.7,2.11,205.7,25.8,130,60,20,273.7,131.7,34.6
5452,Kilinochchi,Dry,Maha,6.73,0.163,8.2,64.3,0.73,127,32,100,60,40,208.9,125.3,68.5
5453,Jaffna,Dry,Maha,6.14,0.122,11,43.4,1.03,262.7,31.6,120,40,60,249.7,93.4,98.6
5454,Ampara,Dry,Yala,5.56,0.11,7.2,59.1,0.97,92,30.1,120,60,60,257.4,130.4,100.8
5455,Vavuniya,Dry,Maha,7.48,0.175,7.9,82.6,0.9,274.5,27.5,100,60,40,224.1,124.4,64.2
5456,Mannar,Dry,Maha,5.7,0.082,7,46.8,1.28,212.7,29.3,130,60,60,270.6,130,93
5457,Trincomalee,Dry,Yala,6.15,0.102,9.3,81.8,1.27,48.2,31,120,60,40,255.7,137.6,70.1
5458,Kilinochchi,Dry,Yala,7.3,0.052,11.1,90.4,0.69,61.8,29.6,130,40,40,278,80.8,70.7
5459,Kilinochchi,Dry,Maha,6.1,0.124,11.8,45.3,1,172.2,29.1,120,40,60,279.5,89.3,94.9
5460,Matale,Intermediate,Yala,6.57,0.118,15.5,69.5,1.15,113.6,29,120,20,40,278.7,43.8,69.6
5461,Badulla,Intermediate,Maha,6.73,0.092,14.5,67,1.37,182.1,,130,40,40,295.3,82.7,69.1
5462,Ratnapura,Wet,Yala,4.92,0.094,5.7,104.1,1.87,277.3,25,130,60,20,271.6,136.6,31.7
5463,Mannar,Dry,Maha,5.57,0.15,6.3,79.6,0.66,170,28.3,100,60,40,203.3,127.8,65.9
5464,Jaffna,Dry,Maha,7.14,0.184,12.8,120,,295.8,28.7,100,40,20,211.4,84.3,32.9
5465,Kilinochchi,Dry,Maha,5.63,0.134,13,69,,287,29,120,40,40,251.8,91.3,69.3
5466,Nuwara Eliya,Wet,Yala,4.99,0.164,,86.6,1.63,,25.8,100,60,40,217.6,133.1,70.1
5467,Ratnapura,Wet,Yala,5.54,0.197,6.4,88.7,2.79,376.5,24.1,100,60,40,226.5,138.2,62.6
5468,Hambantota,Dry,Maha,6.89,0.187,8.4,60.3,1.14,224.8,28.9,100,60,40,229.1,132.9,67.3
5469,Kurunegala,Intermediate,Maha,5.79,0.079,11.4,50.6,1.57,199.6,26.5,130,40,60,297.2,90.1,103.9
5470,Galle,Wet,Maha,5.86,0.12,6.1,,2.03,328.6,26.6,120,60,20,255.4,137,34.7
5471,Jaffna,Dry,Maha,7.24,0.125,11.4,63.2,0.77,238.8,,120,40,40,268.2,81.2,63.2
5472,Ampara,Dry,Yala,5.51,0.113,14.5,99.5,0.89,36.1,28.5,120,40,40,253.6,90.6,67
5473,Ratnapura,Wet,Yala,5.91,0.088,8.1,83.3,2.32,325.7,26.6,130,60,40,264,132.6,70.3
5474,Ampara,Dry,Maha,5.63,0.069,9.9,91.8,0.89,276.9,28.7,130,60,40,291.1,122,64.9
5475,Badulla,Intermediate,Yala,6.64,0.156,6.5,52.4,1.87,105.1,28.1,100,60,60,201.4,130.6,98.9
5476,Ratnapura,Wet,Maha,5.68,0.124,10.1,138,1.5,339.6,28,120,40,20,257.3,81.6,34.8
5477,Matara,Wet,Yala,5.77,0.189,6.2,66.3,2.67,237.9,25.7,100,60,40,211.8,135,62.6
5478,Anuradhapura,Dry,Maha,6.42,0.091,13.6,107.4,1.48,193.1,31.6,130,40,20,290.8,87.6,35.1
5479,Kandy,Wet,Maha,5.53,0.093,7.1,104,1.75,290.5,25.7,130,60,20,293.9,139.3,32.4
5480,Matale,Intermediate,Yala,5.61,0.192,17.5,57.1,1.55,207.6,26.7,100,20,60,211,41.4,92.5
5481,Galle,Wet,Yala,5.96,0.136,5.8,77.4,2.44,352.4,,120,60,40,273.1,132.5,64
5482,Puttalam,Dry,Maha,7.36,0.063,10.5,84.8,1.41,274.5,31.6,130,40,40,273.9,83.2,62.6
5483,Mannar,Dry,Maha,5.86,0.096,9.7,69.5,1.12,231.5,29.4,130,60,40,280.3,132.6,62.6
5484,Jaffna,Dry,Maha,6.26,0.18,7.9,58.1,1.14,225.4,,100,60,60,224.8,134.8,102.9
5485,Matara,Wet,Yala,4.59,0.093,8.1,143.2,2.4,349.1,24.8,130,60,20,290.8,134.7,31.9
5486,Kandy,Wet,Maha,5.95,0.115,,95.7,,340.7,24.1,120,40,40,280,91.1,71
5487,Galle,Wet,Maha,4.63,0.16,5.7,,2.12,260.5,26.6,100,60,40,208.4,137.3,66.9
5488,Vavuniya,Dry,Yala,7.31,0.169,6.8,116.8,0.53,71.1,27.5,100,60,20,222.7,122.1,33.1
5489,Colombo,Wet,Maha,5.91,0.18,7.2,94.6,2.11,351.1,24.4,100,60,40,221,127.3,66
5490,Monaragala,Intermediate,Maha,6.11,0.139,19.2,85.6,1.51,155.2,26.6,120,20,40,277.1,44.7,68.6
5491,Kalutara,Wet,Maha,5.01,0.112,10,75.8,2.8,333.9,26.5,120,40,40,247.5,87,66.2
5492,Batticaloa,Dry,Maha,6.99,0.104,14.3,50.2,1.14,286,31.4,120,40,60,270.8,83,94.4
5493,Colombo,Wet,Yala,5.28,0.076,6.1,105.8,1.64,361.5,27.7,130,60,20,285.5,131.4,35.2
5494,Monaragala,Intermediate,Yala,6.21,0.099,19.4,71.5,1.51,190.4,28.3,130,20,40,273,42.9,66
5495,Jaffna,Dry,Maha,6.42,0.107,13.9,78.9,1.44,249.2,27.6,120,40,40,259.9,85.6,62.4
5496,Puttalam,Dry,Maha,6.6,0.128,,75.2,1.38,255.4,29.6,120,60,40,254.4,136.5,67
5497,Jaffna,Dry,Yala,5.59,0.148,13.3,85.2,0.96,75.9,30.4,120,40,40,264,85.8,68.2
5498,Kilinochchi,Dry,Maha,6.44,,12.4,66.6,0.5,161.8,27.4,120,40,40,276.1,80.8,64.5
5499,Batticaloa,Dry,Yala,5.95,0.178,8.5,103.4,1.38,66.7,31.2,100,60,20,219.7,121.8,34.8
5500,Ratnapura,Wet,Yala,4.89,0.056,10.7,63.2,2.26,366.9,25.5,130,40,40,288.2,91.6,68.4
5501,Kandy,Wet,Maha,5.82,0.168,5.5,109.2,1.78,394.8,26.3,100,60,20,218,139.4,34.1
5502,Kurunegala,Intermediate,Yala,5.75,0.112,6.7,77.9,1.48,148.6,27.3,120,60,40,243.3,134.1,65.9
5503,Puttalam,Dry,Yala,7,0.091,14.4,92.2,0.56,74.2,,130,40,40,271.3,85.2,71.3
5504,Mullaitivu,Dry,Yala,6.16,0.087,7,60.7,1.19,52.1,30.4,130,60,40,282.3,139,64.4
5505,Badulla,Intermediate,Yala,5.64,0.182,11.6,102.3,1.33,140.4,29.1,100,40,20,211.2,89.1,33.7
5506,Polonnaruwa,Dry,Yala,6.37,0.19,9,48.2,0.75,23.2,29.5,100,60,60,207,137.1,97.1
5507,Matara,Wet,Maha,4.67,0.187,11.3,61,2.79,369.5,26.2,100,40,40,217.5,90.5,69.1
5508,Badulla,Intermediate,Yala,5.99,0.067,19.3,77.5,1.12,229.9,29.7,130,20,40,275.1,42.7,62.2
5509,Vavuniya,Dry,Yala,7.25,0.159,8,42.3,0.73,80.8,29.9,100,60,60,209.5,130,93.2
5510,Polonnaruwa,Dry,Yala,7.15,0.069,6.6,55.3,1.02,76.8,30.6,130,60,60,281.1,124.3,104.7
5511,Batticaloa,Dry,Yala,,0.189,5.3,96.4,0.67,38.2,31.4,100,60,40,205.4,126.3,66
5512,Monaragala,Intermediate,Yala,6,0.111,7.4,119.1,1.03,155.4,29.9,120,60,20,277.6,135.8,32.5
5513,Matara,Wet,Maha,5.06,0.075,9.7,98.1,1.66,227.1,25.4,130,60,40,298.2,138.1,67.8
5514,Ampara,Dry,Maha,6.92,0.125,7,53.7,0.59,266.9,30.4,120,60,60,269,134.8,103
5515,Matara,Wet,Maha,5.72,0.159,9.8,134,2.51,240,25.1,100,60,20,204.6,129.7,31.8
5516,Gampaha,Wet,Maha,5.33,0.055,,,2.15,255.6,26.9,130,60,40,294.3,122.3,63.6
5517,Jaffna,Dry,Maha,7.32,0.112,10.7,120,1.38,147.4,,120,40,20,273,81.2,35.6
5518,Trincomalee,Dry,Maha,6.39,0.189,7.7,59.4,1.36,297.2,27.2,100,60,60,226.1,127.9,101.3
5519,Colombo,Wet,Yala,5.1,,7.4,104.4,2.41,319.2,26.5,100,60,20,204.8,129.7,32.8
5520,Galle,Wet,Maha,5.07,0.08,9.9,,1.57,363.5,,130,60,20,288.7,132.5,34.8
5521,Mullaitivu,Dry,Yala,5.55,0.174,5.4,105.9,1.09,21.5,28.3,100,60,20,228.3,120.7,33.4
5522,Anuradhapura,Dry,Maha,5.73,0.07,6.1,55,0.91,255,29,130,60,60,285.9,140,96.1
5523,Galle,Wet,Yala,4.77,0.176,6,142.8,1.94,,27.8,100,60,20,222.2,127.7,31.8
5524,Anuradhapura,Dry,Maha,6.44,0.168,11.2,55.2,0.66,147.3,30.4,100,40,60,216,91.5,98.5
5525,Jaffna,Dry,Yala,5.74,,13,95.8,1.23,30.8,27.4,100,40,40,218.3,87.5,70.3
5526,Kurunegala,Intermediate,Maha,6.39,0.105,12.1,102.6,1.3,148.1,28.8,120,40,20,242.7,82.2,31.1
5527,Galle,Wet,Yala,4.59,,8.9,101.6,1.88,292.9,26.4,130,60,20,288.5,136.2,31.9
5528,Ampara,Dry,Yala,6.49,0.115,6.9,63.5,1.48,40.7,29.3,120,60,40,244.5,134.5,70.6
5529,Anuradhapura,Dry,Yala,6.52,0.077,8.3,57.8,0.53,96.9,29,130,60,60,279.8,130.9,94.3
5530,Trincomalee,Dry,Maha,5.88,0.177,13.3,94,1.3,180,29.2,100,40,40,210.6,87.2,68
5531,Polonnaruwa,Dry,Yala,6.28,0.152,,96.2,0.77,59.6,27.2,100,40,40,218.9,81.6,63.8
5532,Jaffna,Dry,Yala,7.18,0.079,10.2,103,1.34,44.8,29.7,130,40,20,267.1,89,33.8
5533,Kegalle,Intermediate,Yala,6.35,,5.7,83.5,1.95,219.5,27.8,120,60,40,268.4,138.4,65.5
5534,Colombo,Wet,Maha,,0.147,7.8,112.8,2.28,228.2,24.3,120,60,20,272.4,122.4,31.3
5535,Puttalam,Dry,Yala,6.78,0.143,7.6,55.3,0.72,35.9,29.2,120,60,60,247.7,125.8,101.2
5536,Galle,Wet,Maha,5.64,0.137,8.9,76.9,2.75,376.8,25.2,120,60,40,245.4,138.3,68.5
5537,Monaragala,Intermediate,Maha,5.55,0.062,,62.4,1.49,177.1,28.4,130,40,40,267.6,84.2,68.5
5538,Badulla,Intermediate,Yala,5.35,0.085,17.6,70.8,1.26,127.9,28.9,130,20,40,298.6,44.5,68.1
5539,Galle,Wet,Yala,,0.127,9.6,64.1,,275.2,25.9,120,60,40,262,131.1,66.7
5540,Kandy,Wet,Yala,5.48,0.056,6.3,112.1,2.82,285.8,24.8,130,60,20,281.2,132.3,33.4
5541,Hambantota,Dry,Maha,7.17,0.101,11.3,81.7,0.61,247.6,31,120,40,40,245.5,85.9,68.1
5542,Kalutara,Wet,Yala,5.37,0.183,8.9,79.9,2.57,378.5,26.9,100,60,40,222.3,126.5,68.6
5543,Badulla,Intermediate,Maha,5.83,0.181,18.9,102.3,1.4,144.5,27.4,100,20,20,229.4,40.6,34.1
5544,Anuradhapura,Dry,Yala,5.95,0.151,11.1,54.8,0.64,31.1,27.9,100,40,60,228.1,90.2,101.3
5545,Puttalam,Dry,Yala,5.55,0.112,14.5,83.6,0.74,71.1,31,120,40,40,265.8,90.2,63.3
5546,Kegalle,Intermediate,Maha,5.99,0.169,18.8,53.4,1.75,175.4,27.5,100,20,60,203.5,44.6,95.7
5547,Nuwara Eliya,Wet,Yala,4.7,0.167,6.7,137,1.69,399.8,25.2,100,60,20,204.8,133.2,32.1
5548,Matara,Wet,Maha,4.71,0.18,7.8,74.1,2.64,247.2,26.5,100,60,40,202.7,125.4,70.9
5549,Galle,Wet,Maha,5.15,0.124,8,111.2,2.88,261.9,26.9,120,60,20,251.4,121.1,34.6
5550,Kegalle,Intermediate,Yala,6.53,0.051,8.4,59.5,1.79,232.5,29.6,130,60,60,267.2,136.4,100.8
5551,Monaragala,Intermediate,Maha,5.88,0.19,17.9,114.9,1.07,229.1,28.2,100,20,20,209.6,43.4,32.1
5552,Matale,Intermediate,Maha,5.98,0.143,12.4,99.6,1.1,217.3,26.4,120,40,40,256.4,84.5,62.8
5553,Batticaloa,Dry,Maha,7.28,,5.8,63,0.97,204.4,31.7,130,60,40,301.4,122.6,70.7
5554,Kilinochchi,Dry,Yala,5.52,0.078,10.9,53.7,0.94,90.4,31.5,130,40,60,287.3,81.3,105.9
5555,Vavuniya,Dry,Maha,7.08,0.138,9.6,118.9,1.31,175.6,28.6,120,60,20,274,127.4,31.4
5556,Matara,Wet,Yala,5.74,0.062,11.1,125.3,2.33,243.6,25.6,130,40,20,291.5,91,34.8
5557,Ampara,Dry,Yala,7.06,0.135,10.4,72,0.54,90.3,29.8,120,40,40,245.7,92.5,66.2
5558,Kegalle,Intermediate,Maha,,0.121,5.6,123.8,1.19,145.6,28.2,120,60,20,270.1,138.2,32.4
5559,Kilinochchi,Dry,Yala,7.27,0.066,13.4,56.8,,58.5,31.9,130,40,60,273.1,92.5,103.6
5560,Anuradhapura,Dry,Yala,6.61,0.115,12.7,,1.48,71.9,30.9,120,40,60,266.3,92.3,101.7
5561,Polonnaruwa,Dry,Yala,6.75,0.197,7.3,70.4,,22.5,29.5,100,60,40,212.2,130.9,69.5
5562,Kandy,Wet,Yala,,0.188,11.7,65.9,2.4,219.5,,100,40,40,233.6,83.3,62.4
5563,Galle,Wet,Yala,5.61,0.177,8.1,114.2,,339.9,25.3,100,60,20,209.7,136.2,32.4
5564,Vavuniya,Dry,Yala,6,0.077,11.4,81.1,1.14,,30.7,130,40,40,273.2,83.3,64.9
5565,Kilinochchi,Dry,Yala,5.75,0.155,5.8,60.9,1.03,73.3,27.9,100,60,40,231.4,125.8,65
5566,Mullaitivu,Dry,Yala,6.23,0.178,5.1,75.6,0.71,,,100,60,40,201.9,125.2,66.7
5567,Gampaha,Wet,Yala,5.34,0.141,7,132.1,1.85,306.5,25.9,120,60,20,268.6,130.7,32.2
5568,Trincomalee,Dry,Yala,7.29,0.067,8.6,108,0.77,30.2,27.9,130,60,20,292.2,126.9,33
5569,Galle,Wet,Maha,5.87,0.085,7.9,74.6,2.38,295.2,27.7,130,60,40,296.9,123.6,65.4
5570,Kalutara,Wet,Maha,5.9,,5.8,129.3,1.64,263.3,25.7,130,60,20,302.7,129.5,34.5
5571,Anuradhapura,Dry,Maha,6.75,0.094,11,97.5,,219.3,31.1,130,40,40,302.8,91.9,67.7
5572,Vavuniya,Dry,Yala,,0.096,5.8,70.3,0.75,61.1,30.2,130,60,40,264.2,131.8,68.2
5573,Kegalle,Intermediate,Maha,6.55,0.161,9.4,77.6,1.27,234.2,27.8,100,60,40,227.9,137.8,63.8
5574,Nuwara Eliya,Wet,Maha,5.34,0.059,7.3,140.1,2.95,235.4,25.2,130,60,20,288.8,124.5,32.4
5575,Colombo,Wet,Maha,4.93,0.163,7.5,125.1,1.99,205.9,24.7,100,60,20,222.2,123.9,30.9
5576,Puttalam,Dry,Maha,5.53,0.073,7.3,107.2,0.65,229.9,28.1,130,60,20,266.8,131.9,31.3
5577,Gampaha,Wet,Maha,5.1,0.146,5.8,71.1,2.04,302.7,27.3,120,60,40,266.8,129.7,64.3
5578,Kegalle,Intermediate,Yala,5.68,0.141,9,74.8,1.7,244.9,29.7,120,60,40,279.8,133.5,62.4
5579,Hambantota,Dry,Yala,7.02,0.081,12.2,65.4,,60.7,30.1,130,40,40,300.1,90.8,67.7
5580,Kurunegala,Intermediate,Maha,5.82,0.153,17.2,77.3,1.45,185.2,27.8,100,20,40,215.4,45.1,71.7
5581,Kegalle,Intermediate,Yala,5.35,0.19,18.6,54.2,1.2,136.3,27.9,100,20,60,202.4,46.4,94
5582,Mullaitivu,Dry,Maha,7.46,0.127,5.4,80.1,1.42,,31.5,120,60,40,255.5,128.4,69.9
5583,Kurunegala,Intermediate,Yala,6.66,0.167,9.2,128.7,1.32,214.6,27.8,100,60,20,228,124.7,31.4
5584,Polonnaruwa,Dry,Maha,7.2,0.12,10.7,42.2,0.67,209.6,31.6,120,40,60,268.8,87.7,102.5
5585,Galle,Wet,Yala,5.31,0.196,8.3,81.8,2.33,271.7,24.7,100,60,40,216.1,122.8,68.1
5586,Ratnapura,Wet,Maha,4.97,0.068,11.3,82.8,2.45,261.2,24.7,130,40,40,263.7,84.2,70.7
5587,Nuwara Eliya,Wet,Yala,5.44,0.134,6.3,101,2.35,241,25.5,120,60,20,258,124.7,31.4
5588,Kilinochchi,Dry,Yala,6.01,0.141,11.7,,1.16,37.9,30.6,120,40,40,259.7,85.7,64.9
5589,Mannar,Dry,Yala,7.19,0.111,12.3,44.2,1.39,47.1,31.5,120,40,60,277.7,81.9,93.9
5590,Vavuniya,Dry,Yala,7.31,0.118,10.5,98.8,0.77,21.1,29.1,120,40,40,266.4,80.9,65.8
5591,Kilinochchi,Dry,Yala,7.17,0.199,7.5,116.8,1.28,20.1,28,100,60,20,211.3,133.5,35.4
5592,Kalutara,Wet,Maha,5.27,0.123,10.4,116,2.86,311.8,25.7,120,40,20,261.9,88.4,34.7
5593,Ampara,Dry,Maha,6.75,0.087,12.7,92.8,1.15,286.4,30.3,130,40,40,264.2,89.7,68.9
5594,Mannar,Dry,Maha,5.97,0.13,8.3,102.5,0.72,229.4,27.5,120,60,20,279.4,133.5,33.5
5595,Jaffna,Dry,Yala,7.21,0.128,13.3,111.2,0.71,62,29.3,120,40,20,255.4,82,35.2
5596,Monaragala,Intermediate,Maha,5.94,0.11,16.5,100.8,1.26,242.5,,120,20,20,260,42.1,33
5597,Batticaloa,Dry,Yala,5.82,0.059,10.4,86,1.3,,28.2,130,40,40,276.5,82.2,63.2
5598,Badulla,Intermediate,Maha,6.53,0.137,11.9,79,1.28,146.7,29.8,120,40,40,268,91.5,70.1
5599,Kilinochchi,Dry,Yala,7.42,0.162,6.3,52.2,0.65,84.1,28.6,100,60,60,222.7,135.2,96.7
5600,Jaffna,Dry,Yala,5.62,0.105,8.6,69,0.57,28.2,27.5,120,60,40,269.3,124.6,62.2
5601,Monaragala,Intermediate,Maha,6.14,0.069,5.7,52.6,1.5,112.7,27.3,130,60,60,272.8,127.3,94.4
5602,Anuradhapura,Dry,Maha,7.14,0.198,12.4,78.4,1.44,270.6,28.9,100,40,40,211.4,93.1,67.8
5603,Hambantota,Dry,Maha,6.69,0.188,10,46.5,1.45,287.7,31,100,40,60,205.2,88.2,101.6
5604,Kurunegala,Intermediate,Maha,6.22,0.102,6.9,107.6,1.14,210.4,26.5,120,60,20,267,136.3,32.1
5605,Badulla,Intermediate,Maha,5.88,0.154,12.8,92.7,1.12,185.2,29.3,100,40,40,202.4,83.9,69
5606,Colombo,Wet,Yala,5.27,0.171,9.4,123.1,2.96,370.2,25.7,100,60,20,220.6,124.7,34.7
5607,Batticaloa,Dry,Maha,6.23,0.093,10.7,86.1,1.39,237.4,30.9,130,40,40,298.3,90.7,70.9
5608,Kilinochchi,Dry,Yala,6.84,0.154,8.8,43.3,1.4,77.4,27.4,100,60,60,230.1,134,101.3
5609,Nuwara Eliya,Wet,Yala,5.32,0.067,10.2,105.6,1.71,381.5,27.7,130,40,20,280.4,89.4,34.7
5610,Polonnaruwa,Dry,Maha,5.91,0.104,11.1,100,0.9,297.2,28.4,120,40,20,259.3,87.7,34.6
5611,Colombo,Wet,Yala,5.38,0.145,11,124.7,2.56,228.3,25,120,40,20,244.3,87.8,32.1
5612,Kandy,Wet,Maha,5.64,0.148,6.1,116.1,1.79,231.6,27.1,120,60,20,267.6,135,32.4
5613,Anuradhapura,Dry,Yala,6.1,0.051,11.3,59.7,0.68,47.5,28.4,130,40,60,296.2,84,99.7
5614,Nuwara Eliya,Wet,Yala,4.82,0.195,6.7,114,2.78,360.7,27.4,100,60,20,209.1,127.5,30.9
5615,Monaragala,Intermediate,Maha,5.93,0.167,19.6,107.8,1.36,141.1,28.2,100,20,20,214.8,45.9,32.3
5616,Kegalle,Intermediate,Yala,5.58,0.09,8,,1.89,201.8,27,130,60,40,297,126.7,66.4
5617,Ampara,Dry,Yala,5.65,0.076,6,76,1.09,91,28.6,130,60,40,298.6,131.3,62.8
5618,Anuradhapura,Dry,Maha,5.89,0.168,5.2,59.5,0.98,259.3,28.1,100,60,60,209,134.4,94.4
5619,Matale,Intermediate,Maha,6.71,0.17,8,79.7,1.83,160,29.1,100,60,40,219,140.2,66.3
5620,Trincomalee,Dry,Maha,,0.07,10,76,1.15,,29.5,130,40,40,269.6,86.2,69
5621,Badulla,Intermediate,Maha,6.09,0.15,11.7,94.2,1.44,187.5,27,100,40,40,204.4,86.1,70
5622,Vavuniya,Dry,Yala,6.55,0.183,11.4,86,1.01,47.8,31.7,100,40,40,230.8,91.5,67.2
5623,Monaragala,Intermediate,Maha,5.72,0.14,,111.3,1.25,105.8,27.5,120,20,20,273.4,45.5,33.2
5624,Monaragala,Intermediate,Yala,,0.165,,109,1.32,203.8,26.4,100,60,20,225.9,134.9,32.7
5625,Matara,Wet,Maha,5.4,0.171,10,77.2,1.55,383.4,25.1,100,40,40,202.7,86.5,63.6
5626,Badulla,Intermediate,Yala,6.35,0.186,15.8,123.4,1.44,238.1,28.1,100,20,20,228.6,42.4,31.5
5627,Ratnapura,Wet,Yala,,0.141,10.1,71.6,2.97,290.9,25,120,40,40,258.5,88.4,69.6
5628,Anuradhapura,Dry,Maha,6.57,0.088,8.7,119.9,1.23,186.2,31,130,60,20,275.9,137.8,33.1
5629,Batticaloa,Dry,Yala,7.46,0.179,11.8,115.8,0.64,87.1,28,100,40,20,218.9,92,34.8
5630,Batticaloa,Dry,Yala,7.08,0.053,11,70.8,0.63,56.4,31,130,40,40,265.3,81.9,68.7
5631,Kalutara,Wet,Yala,4.87,0.136,8.9,109.3,2.25,209.2,25.7,120,60,20,270.9,129,31.8
5632,Gampaha,Wet,Maha,5.33,0.15,11,82.9,2.66,258.9,,100,40,40,220.1,86.5,66.8
5633,Jaffna,Dry,Maha,6,0.084,5.1,40.8,1.3,122,29.7,130,60,60,269.3,139.7,99.2
5634,Batticaloa,Dry,Yala,6.4,0.054,11.6,115.6,1.48,66.1,31.2,130,40,20,269.4,89.3,32.9
5635,Colombo,Wet,Maha,5.31,0.104,10.2,105.5,2.54,279.4,25.9,120,40,20,248.5,85.8,33.5
5636,Anuradhapura,Dry,Maha,6.6,0.133,11.1,115.5,1.37,,32,120,40,20,243.6,80.8,35.7
5637,Trincomalee,Dry,Maha,6.19,0.051,5.9,107.5,0.73,123.5,29.7,130,60,20,286.3,131.7,34.9
5638,Kegalle,Intermediate,Yala,,0.12,14.2,55.9,1.06,191,26.7,120,40,60,274.2,81.7,106.1
5639,Monaragala,Intermediate,Yala,6.51,0.051,5.4,,1.53,209.5,27.6,130,60,20,262.1,136.9,31
5640,Puttalam,Dry,Maha,7.34,0.114,6.3,54.9,0.71,138.8,29,120,60,60,243.3,135.3,94.6
5641,Kalutara,Wet,Yala,5.63,0.136,9.7,130.9,2.55,221.5,25.1,120,60,20,263.7,129.6,31.2
5642,Mullaitivu,Dry,Maha,6.61,0.06,12.8,92.6,1.49,136.5,27.1,130,40,40,296.1,86.1,64.3
5643,Jaffna,Dry,Maha,6.4,0.193,,87.8,1.26,238.5,31.7,100,60,40,211.7,138.2,66.1
5644,Mullaitivu,Dry,Yala,6.64,0.121,14.8,80.2,0.54,78.3,28.4,120,40,40,255,84.2,68.1
5645,Batticaloa,Dry,Maha,6.21,0.157,6.5,66.6,,294.3,,100,60,40,220.5,125.5,66.7
5646,Kegalle,Intermediate,Yala,5.57,0.113,13.8,77.5,1.52,187,29.9,120,40,40,252.1,92.7,70.7
5647,Gampaha,Wet,Yala,4.63,0.08,8.4,76.2,2.34,250,26.7,130,60,40,262.5,136.4,71.1
5648,Kandy,Wet,Yala,5.23,,7.9,,2.36,202.7,27.4,120,60,40,270.1,136.7,63.3
5649,Kandy,Wet,Maha,4.96,0.157,6.7,97.5,,201.9,25.6,100,60,40,221.5,124.4,70.2
5650,Galle,Wet,Maha,5.32,0.197,,98.4,2.56,394.7,26,100,40,40,220,82.3,66.5
5651,Ratnapura,Wet,Yala,4.73,0.065,9.8,114.8,2.29,,25.6,130,60,20,292.8,121.1,33.1
5652,Mannar,Dry,Maha,6.54,0.099,11.5,85.4,,120.9,31.8,130,40,40,290,83.6,69.6
5653,Jaffna,Dry,Yala,6.63,0.105,12.2,58.6,,,28.2,120,40,60,249.4,90.6,93.9
5654,Ratnapura,Wet,Maha,5.05,0.129,11.1,127.7,2.33,353.9,24.8,120,40,20,255.1,83.6,35.2
5655,Monaragala,Intermediate,Maha,6.61,0.067,11.5,109.2,1.46,158.8,27.2,130,40,20,266.8,90,34.2
5656,Vavuniya,Dry,Yala,6.45,0.145,9.7,62.7,1.02,63.2,31.4,120,60,40,246.4,125.5,70.5
5657,Batticaloa,Dry,Maha,6.38,0.074,14.1,,1.22,138,28.2,130,40,60,290.1,85.6,107.4
5658,Hambantota,Dry,Yala,6.4,0.057,12,114,1.07,68,29.7,130,40,20,297.8,93.3,33.4
5659,Ratnapura,Wet,Yala,,0.153,5.6,102.3,2.2,283.1,27.2,100,60,20,232.5,125.4,31.3
5660,Polonnaruwa,Dry,Yala,5.85,0.06,8,85.4,1.3,50.4,27.3,130,60,40,288,128,63.4
5661,Badulla,Intermediate,Maha,5.8,0.127,10.6,91.4,1.61,210,26.1,120,40,40,248.5,84.4,64.9
5662,Jaffna,Dry,Yala,5.95,0.149,7.2,,,83.8,28.9,120,60,40,245.5,122.8,62.7
5663,Kegalle,Intermediate,Yala,6.67,0.059,19.9,58,1.47,219.8,28.7,130,20,60,295.9,43.4,104.7
5664,Mannar,Dry,Maha,5.84,0.107,12.8,55.8,0.6,247.4,31,120,40,60,264,85.4,97
5665,Kurunegala,Intermediate,Yala,5.65,0.093,12.3,117.6,1.67,246,29.1,130,40,20,287.6,89.5,35.7
5666,Anuradhapura,Dry,Maha,7.27,0.156,12.7,62,0.99,125.4,31.9,100,40,40,226.6,91.1,68.7
5667,Kilinochchi,Dry,Maha,5.62,0.16,10.4,112.6,0.78,232.4,27.5,100,40,20,224,87.6,31.7
5668,Galle,Wet,Yala,5.07,0.14,11.6,132.8,2.6,244.5,26.9,120,40,20,274,80.9,33.2
5669,Anuradhapura,Dry,Maha,6.92,0.073,,65.7,0.6,190.8,27.7,130,40,40,263.8,88.6,66.4
5670,Matale,Intermediate,Yala,5.32,0.186,8.9,83.7,1.16,170.1,26.9,100,60,40,225.5,121.7,66.6
5671,Vavuniya,Dry,Yala,6.41,0.126,6,68.7,1.2,,32,120,60,40,274.6,132.7,67.1
5672,Anuradhapura,Dry,Yala,6.54,0.062,12.9,67.5,0.62,77.9,29,130,40,40,273.5,89.4,62
5673,Vavuniya,Dry,Yala,5.99,0.168,9.8,88.6,1.21,40.2,28.7,100,60,40,222,124.5,68.6
5674,Kalutara,Wet,Yala,5.39,0.175,9.4,66.5,2.81,209.6,,100,60,40,211.3,136.6,66.6
5675,Anuradhapura,Dry,Maha,6.74,0.124,12.4,64.7,1.4,297.1,30.7,120,40,40,278.8,92.4,69.6
5676,Vavuniya,Dry,Yala,6.65,0.172,5.1,65.4,1.23,39.4,31.3,100,60,40,202.2,136.5,69.9
5677,Polonnaruwa,Dry,Yala,6.47,0.192,5.8,113.5,0.52,54.8,29.1,100,60,20,220,126.6,32
5678,Badulla,Intermediate,Yala,6.31,0.188,17,120.8,1.43,168.7,29.5,100,20,20,206.5,44.1,31
5679,Monaragala,Intermediate,Maha,,0.176,,83.2,1.71,129.8,29.6,100,60,40,224.3,138.5,68.7
5680,Gampaha,Wet,Yala,5.01,0.056,8.7,104,2.18,263.8,,130,60,20,268.9,126.9,35.7
5681,Hambantota,Dry,Maha,6.17,0.069,12,64.8,1.43,,28.1,130,40,40,271.4,91.2,66.2
5682,Polonnaruwa,Dry,Yala,6.44,0.193,6.6,,0.55,21.8,28,100,60,40,217.2,120.8,64.3
5683,Monaragala,Intermediate,Maha,5.76,0.17,18.3,120.7,1.31,179.6,29.7,100,20,20,230.9,40.3,31.6
5684,Anuradhapura,Dry,Maha,7.45,0.149,13,48.7,0.88,182.2,30.1,120,40,60,249.6,90.4,96.8
5685,Kalutara,Wet,Maha,5.5,0.158,8.6,103.3,,274.1,24.3,100,60,20,205.8,135.5,32.4
5686,Ratnapura,Wet,Yala,4.67,0.131,9.4,126.5,1.6,238.8,25.7,120,60,20,271,136.1,32.9
5687,Hambantota,Dry,Yala,6.83,0.144,11.6,44.2,1.15,71.9,28.7,120,40,60,260.9,92.6,102.3
5688,Kilinochchi,Dry,Yala,6.2,0.111,6.6,93.5,1.18,71.7,31.8,120,60,40,277,122.9,64.4
5689,Kurunegala,Intermediate,Maha,5.38,0.07,19.4,83,1.15,158.4,29.7,130,20,40,267.6,41.8,62.2
5690,Batticaloa,Dry,Yala,6.36,0.176,9.9,106.8,0.98,,29.2,100,60,20,222.2,138.3,32.7
5691,Kurunegala,Intermediate,Yala,5.36,0.115,12.8,112.2,1.76,165.1,28.8,120,40,20,250.4,82.8,35.1
5692,Ampara,Dry,Maha,5.63,0.179,14.4,78.1,0.92,274.5,30.5,100,40,40,206.2,89.4,66.7
5693,Mannar,Dry,Yala,6.29,0.144,14,119.9,0.6,96,31.9,120,40,20,268.1,87.4,35.6
5694,Kegalle,Intermediate,Yala,5.53,0.15,6.5,83.4,1.68,232.6,28.2,100,60,40,220.5,122.2,66.7
5695,Batticaloa,Dry,Maha,6.42,0.118,6.9,43.5,1.3,214.1,27.7,120,60,60,270.9,126.2,96.6
5696,Trincomalee,Dry,Yala,,0.071,9.9,51.7,,64.9,28.2,130,60,60,274.5,130.8,95.4
5697,Kalutara,Wet,Yala,5.91,0.11,10.1,146.8,2.89,332.1,27.4,120,40,20,258.9,91.6,34.3
5698,Batticaloa,Dry,Maha,6.26,0.097,11.7,103.3,0.7,131,31.5,130,40,20,278.6,89.7,33.5
5699,Polonnaruwa,Dry,Yala,5.71,0.179,6,82.9,0.83,74.1,27,100,60,40,233.2,132.8,67.7
5700,Galle,Wet,Yala,5.58,0.095,5.4,,,344,25.5,130,60,40,273.8,130.3,69.3
5701,Nuwara Eliya,Wet,Maha,5.36,0.154,6.5,124.6,2.94,210.2,27.4,100,60,20,210.7,126.5,34.4
5702,Ampara,Dry,Maha,7.17,0.118,7.7,45.7,1.22,133.8,28.8,120,60,60,255.2,123,93.2
5703,Kandy,Wet,Yala,4.81,0.192,8.1,104.4,2.02,246.4,27.3,100,60,20,219.5,128.6,34.8
5704,Trincomalee,Dry,Yala,6.61,,14.9,75.6,0.83,36.1,31.3,120,40,40,251.2,80.8,67
5705,Anuradhapura,Dry,Maha,,0.169,5.9,110.5,1.18,285.4,29.8,100,60,20,230.9,124.7,32.8
5706,Matale,Intermediate,Maha,6.55,0.058,15,76.3,1.08,186.4,26.1,130,20,40,272.7,43.1,67.1
5707,Trincomalee,Dry,Yala,7.18,0.167,14.8,72.4,0.91,38.5,29.9,100,40,40,230.3,85.9,67.8
5708,Batticaloa,Dry,Yala,5.77,0.143,9.5,61.2,0.68,97.9,29.3,120,60,40,245.4,121.5,63.2
5709,Trincomalee,Dry,Maha,6.62,0.067,13.4,68.7,0.81,230.2,30.8,130,40,40,289.2,88.2,65.9
5710,Nuwara Eliya,Wet,Maha,5.15,0.157,6.5,149.2,1.97,272.7,27.6,100,60,20,230.7,131.4,32.5
5711,Matara,Wet,Maha,5.76,0.078,6.1,120.4,2.83,366.2,26.2,130,60,20,268.6,122.1,32.6
5712,Gampaha,Wet,Yala,5.5,0.17,,129.7,2.57,270.3,26,100,60,20,232.7,139.1,31.3
5713,Batticaloa,Dry,Maha,5.95,0.111,7.8,102.8,0.94,244.8,30.6,120,60,20,259.1,122.6,31.6
5714,Jaffna,Dry,Yala,6.68,0.12,6.5,96.6,1.01,95.7,31.6,120,60,40,278.3,137.3,63.3
5715,Anuradhapura,Dry,Yala,5.74,0.184,5.3,92.1,0.84,77.8,31.6,100,60,40,223.2,120.6,65.4
5716,Hambantota,Dry,Yala,6.6,0.123,6.2,96.8,0.84,87.6,31.1,120,60,40,253.1,137.9,70.6
5717,Polonnaruwa,Dry,Yala,6.45,0.149,12.6,,0.71,94.7,,120,40,40,248.7,80.7,63.8
5718,Colombo,Wet,Yala,5.08,0.093,10.5,126,2.97,,25.3,130,40,20,274.3,90.4,32.9
5719,Kurunegala,Intermediate,Yala,5.3,0.192,8.9,60.7,1.54,241.6,27.7,100,60,40,204.1,127.7,64.8
5720,Monaragala,Intermediate,Maha,5.7,0.1,7.4,75.4,1.31,118.6,29.1,120,60,40,247,135.1,69.6
5721,Nuwara Eliya,Wet,Maha,4.58,0.137,8,62.8,1.72,326.5,25.7,120,60,40,245.4,128.5,62.2
5722,Jaffna,Dry,Yala,5.63,0.09,8.2,113.5,0.96,81.4,31.7,130,60,20,279.3,122,31.8
5723,Vavuniya,Dry,Maha,6.34,0.132,7,115.6,1.05,216.6,30.6,120,60,20,272.5,135.6,31.9
5724,Hambantota,Dry,Yala,6.64,0.141,12.9,61.9,1.32,,30.3,120,40,40,246.9,81.4,71.6
5725,Kegalle,Intermediate,Maha,5.61,0.119,17.1,68.2,1.62,145.9,26.6,120,20,40,246.4,46.3,67.4
5726,Mullaitivu,Dry,Yala,6.38,0.132,13.9,81.5,0.65,24.6,30.4,120,40,40,266.5,81.1,63.1
5727,Nuwara Eliya,Wet,Yala,5.55,0.12,11.5,135.7,1.71,213.6,25.6,120,40,20,249,86.7,32.2
5728,Batticaloa,Dry,Yala,7.29,0.132,12.8,90.4,1.34,91,30.8,120,40,40,245.2,89.9,63.4
5729,Gampaha,Wet,Yala,,0.071,,66,2.65,381.5,25.4,130,60,40,268.5,128.3,62.9
5730,Mannar,Dry,Maha,6.06,0.172,8,58.8,0.81,284.5,28.9,100,60,60,231.2,124.9,104.5
5731,Matara,Wet,Yala,4.53,0.177,7.7,89.1,2.89,324.7,25.4,100,60,40,227.9,135.5,66.7
5732,Vavuniya,Dry,Yala,7.43,0.148,14.9,78.5,,90.1,,120,40,40,255.2,90.7,68
5733,Mannar,Dry,Yala,7.31,0.155,,45.2,0.9,,29.6,100,60,60,222.5,138.7,97.5
5734,Ampara,Dry,Maha,7.09,,14.8,73.8,0.77,147.3,28.9,130,40,40,284.2,85.4,67.2
5735,Ratnapura,Wet,Maha,4.67,0.072,9.4,146.8,2.56,293.7,26.6,130,60,20,290.1,130.5,32.1
5736,Kegalle,Intermediate,Yala,5.86,,19.9,104.1,1.36,217.2,28.4,120,20,20,268,42.6,32.3
5737,Badulla,Intermediate,Yala,5.93,,14.1,113.7,1.33,142.2,29,120,40,20,265.9,83.8,34.1
5738,Kegalle,Intermediate,Maha,5.58,0.052,6.2,77.2,1.29,188.8,27.9,130,60,40,272.7,135.3,63.2
5739,Polonnaruwa,Dry,Maha,6.21,0.125,9.3,69.2,0.56,201.2,29.8,120,60,40,242.9,127.3,67.9
5740,Kandy,Wet,Yala,5.17,0.087,10.7,130.8,,382.3,27.6,130,40,20,280.7,86.1,35.1
5741,Vavuniya,Dry,Yala,6.3,0.077,11.4,59.3,1.3,50.6,29.2,130,40,60,299.2,85.7,94.3
5742,Puttalam,Dry,Maha,6.32,0.055,9.2,79.3,0.97,123.8,29.2,130,60,40,285.5,134.6,70.7
5743,Kilinochchi,Dry,Yala,7.34,0.117,7,117.5,0.52,92.3,28,120,60,20,273.9,138.6,31.2
5744,Kalutara,Wet,Maha,5.1,0.121,8.2,138.9,2.71,382.9,27,120,60,20,280.1,133.7,32.5
5745,Mannar,Dry,Yala,,0.172,5.6,120,1.24,74.3,,100,60,20,206.4,129.8,33.9
5746,Jaffna,Dry,Yala,6.67,0.129,10.2,111.8,1.09,50.4,28.3,120,40,20,268.4,90.6,33.6
5747,Galle,Wet,Maha,4.76,0.163,5.7,103.2,2.68,313.1,27.3,100,60,20,223.1,133.2,31.3
5748,Anuradhapura,Dry,Maha,7.18,0.06,5.3,106.9,,158.7,30,130,60,20,302.9,121.8,34.8
5749,Polonnaruwa,Dry,Maha,5.84,0.148,13.2,41.6,0.84,245.5,27.2,120,40,60,279.9,81.7,107.1
5750,Kurunegala,Intermediate,Maha,6.59,0.072,11.8,112,1.53,186,,130,40,20,290.5,81,31.7
5751,Nuwara Eliya,Wet,Yala,5.52,0.125,9.8,142.5,2.56,299.5,,120,60,20,250.9,129.6,35.3
5752,Kalutara,Wet,Maha,5.33,0.149,10.6,136.9,2.12,317.2,24.4,120,40,20,272.6,91.3,33.6
5753,Ratnapura,Wet,Maha,5.98,,7.2,120.8,1.94,309,26,130,60,20,265.9,126.7,35.5
5754,Mannar,Dry,Maha,6.1,0.186,7.2,113.6,1.39,137.1,30.9,100,60,20,226.6,128.1,31.7
5755,Anuradhapura,Dry,Maha,7.49,0.167,5.2,,1.12,186.5,30.9,100,60,40,230.8,138.4,69.6
5756,Colombo,Wet,Yala,5.9,0.19,8.8,100.8,1.77,357.3,24.4,100,60,20,213.6,137,31.1
5757,Kandy,Wet,Yala,4.53,0.09,11,112.6,2.23,234.4,25,130,40,20,288.1,89.2,35.2
5758,Mullaitivu,Dry,Maha,6.53,0.148,12.2,64.5,0.88,240.7,31.4,120,40,40,258.2,84,68.4
5759,Vavuniya,Dry,Maha,7.12,0.129,13.7,62.4,1,143.2,30.8,120,40,40,258.5,82,65.4
5760,Matara,Wet,Yala,4.81,0.152,9,82,2.51,249.7,27.8,100,60,40,211.2,120.9,63.6
5761,Anuradhapura,Dry,Yala,6.75,0.183,7.4,116.7,1.12,38.3,27.2,100,60,20,225.9,122.7,34.9
5762,Matara,Wet,Yala,5.6,0.087,5.7,71.5,2.8,294.8,25.8,130,60,40,301.1,126.3,67.7
5763,Trincomalee,Dry,Maha,6.81,0.17,6.6,92.2,0.99,242.4,29.5,100,60,40,231.8,131.4,65.3
5764,Vavuniya,Dry,Yala,5.59,0.063,9.6,63.7,0.95,28.4,31.8,130,60,40,268.8,121.9,66.1
5765,Puttalam,Dry,Yala,7.43,0.132,,54.6,1.42,68.8,28.4,120,60,60,275.6,123.3,104.9
5766,Ratnapura,Wet,Maha,5.36,0.127,7.7,88.2,1.67,264.7,27.6,120,60,40,270.2,124.2,65.1
5767,Badulla,Intermediate,Maha,5.62,0.116,17.2,109.1,1.17,123.2,26.2,120,20,20,251.2,44.4,31.3
5768,Kalutara,Wet,Yala,4.63,0.18,,99.3,2.29,271.3,24,100,60,40,203.3,132.7,70.8
5769,Puttalam,Dry,Yala,,0.116,13.6,96.7,0.51,46.8,31.4,120,40,40,251.8,87.7,65.6
5770,Gampaha,Wet,Yala,5.2,0.162,9.7,98.7,2.31,263.8,27.4,100,60,40,230.8,125.5,65.2
5771,Hambantota,Dry,Yala,7.13,0.113,,91,1,62.1,29.7,120,40,40,266.1,85.3,63.7
5772,Kandy,Wet,Yala,5.2,0.137,7.4,78,1.63,308.9,27.6,120,60,40,269.6,122.5,70.7
5773,Galle,Wet,Yala,4.69,0.06,7.8,116.5,2.64,394.9,24.9,130,60,20,272.3,125,31.9
5774,Kegalle,Intermediate,Yala,5.52,0.126,15,,1.7,142.6,27.7,120,20,20,269.5,46.1,34
5775,Jaffna,Dry,Maha,7.37,0.184,8,88.6,1.29,171.6,28.1,100,60,40,202,139.8,70.5
5776,Hambantota,Dry,Yala,5.99,0.077,6.6,90,1.1,68.7,27.3,130,60,40,277.3,133.3,62
5777,Polonnaruwa,Dry,Yala,6.39,0.155,9.3,98.8,0.67,91.2,30.7,100,60,40,221.5,138.6,70
5778,Nuwara Eliya,Wet,Maha,5.55,0.104,6,76.4,,260,25.3,120,60,40,247,133.2,65.8
5779,Vavuniya,Dry,Yala,5.79,0.143,9.6,62.4,0.77,92.1,30.5,120,60,40,273.5,121.3,68.3
5780,Kegalle,Intermediate,Maha,6.21,0.181,7.4,106.5,1.59,142.5,26.2,100,60,20,208.8,140.1,32.7
5781,Trincomalee,Dry,Yala,6.04,0.052,11.7,54.7,1.05,29.1,30.9,130,40,60,289.1,81.8,102.9
5782,Anuradhapura,Dry,Yala,5.57,0.178,7.9,55.4,1.02,21.4,27.9,100,60,60,214.3,134,96.3
5783,Kandy,Wet,Yala,4.94,0.174,8.4,141.5,2.25,294.2,26.8,100,60,20,220.5,125.6,30.9
5784,Matara,Wet,Maha,,0.122,,117.8,1.95,226.3,26.2,120,60,20,245.5,128.3,35.5
5785,Kurunegala,Intermediate,Yala,6.25,,13.4,118.8,1.95,162.6,27.8,100,40,20,201.6,88.9,30.9
5786,Polonnaruwa,Dry,Yala,6.83,0.194,10.8,58.5,0.83,35.3,,100,40,60,230.8,86.2,104.9
5787,Colombo,Wet,Maha,5.86,0.128,6.8,93.2,2.13,394.2,26.6,120,60,40,251.9,125.5,63.4
5788,Mullaitivu,Dry,Maha,7.21,0.078,14.3,85.5,0.76,205.9,31.8,130,40,40,296.2,84.8,65.6
5789,Vavuniya,Dry,Maha,6.88,0.172,10.3,,1.09,137.8,27.6,100,40,20,233.7,84.9,34.9
5790,Matara,Wet,Maha,5.48,0.127,7.7,120.9,2.67,363.6,25.6,120,60,20,249.6,139.4,31.8
5791,Badulla,Intermediate,Maha,5.93,0.157,7.2,104.7,1.1,169.5,28.6,100,60,20,209.7,136.2,35.1
5792,Kegalle,Intermediate,Yala,6.37,0.08,17.5,104.7,1.59,190.6,30,130,20,20,289.5,43.2,33.3
5793,Colombo,Wet,Yala,4.75,0.1,8.6,148.6,2.9,369.8,24.3,120,60,20,279.1,124.5,32.6
5794,Mannar,Dry,Yala,6.02,0.091,10.9,113.5,0.94,40.1,30.6,130,40,20,300.2,91.1,34.1
5795,Batticaloa,Dry,Maha,6.02,0.172,7.6,59.8,0.52,144.7,27.8,100,60,60,217.5,123.7,97.6
5796,Polonnaruwa,Dry,Yala,6.92,0.185,13.3,50.4,0.64,64.6,32,100,40,60,227,83.2,97.7
5797,Kandy,Wet,Maha,4.86,0.101,10.6,121.3,2.94,382.4,,120,40,20,246.6,85.3,34.5
5798,Batticaloa,Dry,Maha,6.65,0.159,13.7,42.8,0.9,216.7,31.2,100,40,60,233,92,97.1
5799,Matara,Wet,Maha,4.55,0.069,11.4,100.1,1.77,,,130,40,20,302.3,82.2,31.8
5800,Galle,Wet,Maha,5.91,0.07,9.3,133.2,,242.9,26.2,130,60,20,268.3,123,34.8
5801,Matara,Wet,Maha,4.51,0.169,10.9,60.6,2.49,387.6,24.2,100,40,40,210.9,86.9,69.8
5802,Matale,Intermediate,Maha,5.93,0.107,6.4,77.6,1.52,201,26.3,120,60,40,245.3,126,66.7
5803,Monaragala,Intermediate,Maha,5.77,0.1,18,95,1.74,194.6,26.4,120,20,40,252,43.9,67
5804,Ampara,Dry,Yala,6.65,0.087,10.6,41.3,0.58,60,31.1,130,40,60,296,86.4,102.9
5805,Gampaha,Wet,Yala,4.66,0.131,6.3,127.2,2.3,268.7,24.1,120,60,20,256.1,129.1,33.3
5806,Gampaha,Wet,Maha,5.51,0.115,6.7,73.4,1.73,347,28,120,60,40,244.8,122.8,65.9
5807,Nuwara Eliya,Wet,Yala,5.86,0.102,6.5,125.9,2.08,301.1,26.8,120,60,20,254.7,123.4,35.8
5808,Anuradhapura,Dry,Maha,6.33,0.102,11.6,41.6,1.14,125.3,27.7,120,40,60,279.7,91.2,94.7
5809,Matale,Intermediate,Maha,6.42,0.175,6.4,117,1.81,155.7,27.8,100,60,20,221.6,137.9,33.8
5810,Kilinochchi,Dry,Maha,7.46,0.199,6.9,65,0.74,186.4,28.9,100,60,40,214.7,125.2,70.6
5811,Jaffna,Dry,Yala,5.65,0.06,13.9,96.5,1.46,75,30,130,40,40,268.5,82,68.6
5812,Polonnaruwa,Dry,Yala,5.66,0.17,13.4,94.6,1.36,45,28.7,100,40,40,233.3,81.2,70.5
5813,Kurunegala,Intermediate,Maha,5.89,0.094,,129.9,2,246,27.7,130,20,20,296.2,44.2,32.5
5814,Kurunegala,Intermediate,Maha,6.33,0.184,17.1,113.9,1.08,157,28.7,100,20,20,210.3,44.9,32.2
5815,Badulla,Intermediate,Yala,5.9,0.149,11.8,107.4,1.07,101.9,27,120,40,20,244.1,85.3,35.1
5816,Badulla,Intermediate,Yala,6.65,0.097,12,85.8,1.97,174.9,27.9,130,40,40,263.8,89.3,65.6
5817,Jaffna,Dry,Maha,5.96,0.108,12,52.7,1.32,,27.6,120,40,60,246,89.8,103.1
5818,Hambantota,Dry,Maha,6.95,0.169,9.1,87.2,1.02,259,29,100,60,40,220,138.9,63.2
5819,Colombo,Wet,Yala,5.83,0.065,9.1,144.8,2.07,205,25.2,130,60,20,300.8,121.9,34.6
5820,Jaffna,Dry,Maha,7.02,0.083,8.1,42.3,0.89,181.4,30.6,130,60,60,282.5,124.4,100.7
5821,Matale,Intermediate,Yala,5.48,0.145,15.5,,1.39,124.3,29.2,120,20,40,274.3,40.7,64.4
5822,Puttalam,Dry,Maha,6.81,0.106,5.8,96.8,0.55,151.6,31.7,120,60,40,258.8,137.6,66.6
5823,Mannar,Dry,Maha,6.78,0.117,10.6,55.9,1.27,257.9,29.6,120,40,60,269.1,90.8,103
5824,Batticaloa,Dry,Yala,7.2,0.058,5.9,103.4,0.89,,30.8,130,60,20,292.4,131.9,30.9
5825,Ratnapura,Wet,Yala,5.87,0.056,7.8,139.1,2.67,379.8,26.5,130,60,20,268.8,122.3,34
5826,Kurunegala,Intermediate,Yala,5.36,0.106,,75.9,1.14,218,28.9,120,60,40,255.5,126,67.1
5827,Kegalle,Intermediate,Maha,5.49,0.1,16.8,86.1,1.54,231.3,30,120,20,40,266.3,42.2,63.9
5828,Batticaloa,Dry,Maha,5.97,0.133,8.8,74.6,0.69,259.1,27.2,120,60,40,244.1,131.6,69.2
5829,Ampara,Dry,Maha,5.94,0.09,,57,0.61,174.3,27.5,130,40,60,276.7,83.8,97.1
5830,Jaffna,Dry,Yala,,,8.4,57.7,,89.3,30.5,120,60,60,262.3,122,96.7
5831,Kilinochchi,Dry,Maha,6.35,0.089,9.2,110,0.99,284.9,,130,60,20,303.6,134.9,33.2
5832,Trincomalee,Dry,Yala,6.96,0.191,9.7,,1.38,42.3,29.1,100,60,40,216.6,126.5,68.5
5833,Nuwara Eliya,Wet,Maha,5.29,0.166,9.1,125.1,2.7,381.2,25.6,100,60,20,227.7,129.5,35.4
5834,Puttalam,Dry,Maha,,0.172,9,117.6,0.53,128.7,28.9,100,60,20,215.2,123.1,31.5
5835,Kalutara,Wet,Yala,4.72,0.099,7.3,93.8,1.52,302.2,25,130,60,40,295.2,136.3,65.7
5836,Trincomalee,Dry,Yala,6.61,0.155,5.4,80.3,1.2,47.2,30.7,100,60,40,220.5,131.7,62.4
5837,Ampara,Dry,Maha,7.24,,13.7,102.4,0.83,203.9,27.4,100,40,20,230,92.2,34.6
5838,Kilinochchi,Dry,Yala,7.36,0.066,6,42.6,1.23,87.2,31,130,60,60,278.8,130.3,99.2
5839,Monaragala,Intermediate,Yala,6.51,0.181,18.3,87.8,1.1,151.2,26.2,100,20,40,220.8,46.4,68.8
5840,Gampaha,Wet,Maha,5.99,0.169,,139.8,2.48,382.3,25.3,100,40,20,221.6,92.1,32.4
5841,Colombo,Wet,Maha,4.58,0.075,9.3,74.2,2.12,321.1,26.1,130,60,40,279.1,131.9,70.1
5842,Colombo,Wet,Yala,4.93,0.089,7.5,88.1,2.48,346.7,26.2,130,60,40,267.5,138.9,67
5843,Batticaloa,Dry,Yala,6.19,0.133,7.9,109,0.82,89.9,27.8,120,60,20,245,126.9,35.5
5844,Kegalle,Intermediate,Yala,,0.162,7.2,112,1.27,137.3,26.6,100,60,20,201.6,127.8,31.2
5845,Ratnapura,Wet,Yala,4.83,0.131,6.2,122.3,1.74,394.8,28,120,60,20,275.5,121.5,33.4
5846,Kilinochchi,Dry,Yala,5.68,0.163,8.1,99.9,0.61,26.6,28.1,100,60,40,208.8,132.1,69.4
5847,Nuwara Eliya,Wet,Yala,4.6,0.122,9.1,109.8,2.1,214.3,25.5,120,60,20,249.6,134.7,33.8
5848,Vavuniya,Dry,Yala,7.02,0.159,9.7,94.7,1.09,50.7,27.1,100,60,40,225.1,135.8,61.9
5849,Kilinochchi,Dry,Maha,6.9,0.051,13.5,71,0.89,297.2,29.1,130,40,40,275,82.4,71.4
5850,Ratnapura,Wet,Yala,5.41,0.106,6.8,114.6,2.43,328.9,26.5,120,60,20,261.1,129.3,32.3
5851,Puttalam,Dry,Maha,7.32,0.06,13.3,100.5,1.09,121,31.4,130,40,20,268.3,82.8,32
5852,Anuradhapura,Dry,Maha,7.08,0.051,7.5,101.4,0.68,222.6,31.7,130,60,20,302.1,133.6,33.2
5853,Nuwara Eliya,Wet,Maha,4.64,0.077,,75.8,1.7,294,26.7,130,60,40,297.5,123.7,67.1
5854,Gampaha,Wet,Yala,4.55,0.125,6.3,98,2.07,302.3,24.2,120,60,40,275.1,138.3,69.4
5855,Jaffna,Dry,Yala,6.06,0.198,6.7,107.1,1.06,65.5,29.7,100,60,20,214.4,125.1,32.8
5856,Kilinochchi,Dry,Yala,6.66,0.128,8.4,117.4,0.97,75.4,27,120,60,20,271.2,126.3,33
5857,Polonnaruwa,Dry,Maha,7.46,0.171,8.4,78.5,1.25,282.9,31.8,100,60,40,205.8,137.3,67
5858,Kilinochchi,Dry,Maha,6.85,0.138,13.6,,0.92,277.9,29.3,120,40,40,241.7,86.5,65.6
5859,Kegalle,Intermediate,Yala,5.21,0.077,13.4,95.2,1.51,229.5,27.6,130,40,40,262.3,80.8,70.8
5860,Badulla,Intermediate,Yala,5.77,0.083,11.9,50.5,1.87,175.9,27.8,130,40,60,286.3,86.9,105.3
5861,Nuwara Eliya,Wet,Yala,5.14,0.153,9.2,141.1,2.63,399.8,24.9,100,60,20,215.9,122.3,33.1
5862,Kalutara,Wet,Maha,,0.151,9.9,,2.16,343.3,25.4,100,60,20,218,139.9,30.8
5863,Mannar,Dry,Maha,6.77,0.078,,76.4,1.09,202.1,29.5,130,40,40,261.7,88.1,70.7
5864,Trincomalee,Dry,Maha,6.67,0.169,10.8,62.8,1.05,142.6,27.4,100,40,40,214.9,83.8,62.9
5865,Puttalam,Dry,Maha,6.7,0.069,9.2,106.2,0.73,267.9,28.9,130,60,20,291.8,131.6,32
5866,Mullaitivu,Dry,Maha,5.78,0.136,11.5,107.1,0.66,145,31.3,120,40,20,258.7,81.5,31.6
5867,Anuradhapura,Dry,Maha,6.39,0.198,12.2,,0.82,231.7,28.3,100,40,40,225,90.9,63.5
5868,Polonnaruwa,Dry,Maha,7.48,,8.7,44.5,1.17,242.3,,130,60,60,271.3,138.7,104.5
5869,Matara,Wet,Yala,5.58,0.103,8.3,80.3,2.61,377.9,26,120,60,40,273.2,137.7,67.5
5870,Galle,Wet,Maha,5.19,0.152,5.5,89.5,1.73,267.6,24.4,100,60,40,220.3,127.3,71.3
5871,Batticaloa,Dry,Yala,7.43,0.178,14.4,79,1.02,,27,100,40,40,208,84.7,64
5872,Mannar,Dry,Maha,5.54,0.089,7.2,41.7,0.91,174.5,31.1,130,60,60,271.4,121.3,99.8
5873,Ratnapura,Wet,Yala,5.87,0.1,5.6,109,2.7,314.8,26.7,120,60,20,265.9,133.4,35.7
5874,Galle,Wet,Yala,4.61,0.157,11.8,79.8,2,256.3,25,100,40,40,228.2,87.5,70
5875,Mullaitivu,Dry,Maha,6.04,0.191,14,88.6,1.48,,,100,40,40,214.6,86.5,69
5876,Mullaitivu,Dry,Yala,6.4,0.068,7.1,41.9,1.35,60.1,27.5,130,60,60,272.4,138.4,95.3
5877,Kegalle,Intermediate,Maha,5.44,0.189,9.8,64.1,1.86,180.5,27.4,100,60,40,229.4,123.9,69.4
5878,Nuwara Eliya,Wet,Yala,5.89,0.126,8.4,132.2,1.72,,26.7,120,60,20,267.5,120.8,32.5
5879,Hambantota,Dry,Maha,7.11,0.139,11.9,42.4,0.84,175.1,29.1,120,40,60,258.9,81.4,100.5
5880,Hambantota,Dry,Maha,6.2,0.199,12.8,47,0.65,229.4,27.6,100,40,60,217,83.4,101.6
5881,Batticaloa,Dry,Yala,5.89,,8.5,99.7,0.89,60.9,27.3,130,60,40,270.1,121.3,67.8
5882,Colombo,Wet,Yala,5.52,0.194,11.6,144.5,2.27,333.3,25.8,100,40,20,221.5,87,34.4
5883,Mullaitivu,Dry,Yala,5.53,0.086,5.4,105.1,0.79,38.9,27.3,130,60,20,276.6,126.8,34.1
5884,Kilinochchi,Dry,Maha,5.94,0.092,13.4,50.3,1.2,273,30.6,130,40,60,303.6,82.8,93.5
5885,Kurunegala,Intermediate,Yala,5.71,,7.3,121.4,1.18,180.2,28.3,100,60,20,216.8,135.3,33.1
5886,Kandy,Wet,Maha,5.3,0.113,6.3,145.2,2.56,315.5,24.3,120,60,20,260.3,124.6,34.1
5887,Matara,Wet,Maha,5.36,0.168,5.6,81.8,2.18,370.7,26.5,100,60,40,219.5,134.1,64.7
5888,Ratnapura,Wet,Yala,5.49,0.183,10.6,135.4,1.98,390.8,25.3,100,40,20,231,85,32.4
5889,Mannar,Dry,Maha,6.02,0.195,14.5,54.4,1.07,190.3,29.5,100,40,60,227.2,87.2,94.4
5890,Galle,Wet,Yala,,0.102,8.1,89.8,2.63,291.1,26.1,120,60,40,259,138.9,65.9
5891,Matale,Intermediate,Yala,6.68,0.13,19.6,107.9,1.83,114.2,27.4,120,20,20,269.5,40.5,35.7
5892,Jaffna,Dry,Yala,5.79,0.068,5.4,92.9,1.07,28.7,27.9,130,60,40,286.3,130.4,64.6
5893,Vavuniya,Dry,Maha,6.04,0.166,13.6,64.6,0.98,223.9,28.3,100,40,40,217.2,91.6,67
5894,Matale,Intermediate,Yala,,0.067,6.6,121.2,1.86,164.4,29.5,130,60,20,269.6,132.1,34.5
5895,Batticaloa,Dry,Yala,5.91,0.12,14.9,41.7,1.02,40.8,31.3,120,40,60,259.5,84.1,92.7
5896,Trincomalee,Dry,Maha,7.12,0.072,7.7,64.4,0.55,184.2,28,130,60,40,271.8,128.4,70.7
5897,Matara,Wet,Yala,4.74,0.177,11,74.8,,361.2,26.7,100,40,40,230.9,89.4,65.6
5898,Kalutara,Wet,Yala,5.36,0.14,10.3,67.8,2.58,313.8,26.6,120,40,40,254.5,92.1,70.4
5899,Badulla,Intermediate,Maha,5.94,0.167,19.6,88.5,1.34,151.4,27.6,100,20,40,232.1,40.5,62.1
5900,Batticaloa,Dry,Yala,5.52,0.072,8.5,113.5,1.3,22.8,27.6,130,60,20,284,122,31.5
5901,Gampaha,Wet,Yala,5.72,0.158,9.6,64.3,2.86,365.1,25.1,100,60,40,221.7,127,64.9
5902,Kegalle,Intermediate,Yala,6,0.106,16.2,83.4,1.44,157.4,28.3,120,20,40,262.6,41.8,65.2
5903,Kurunegala,Intermediate,Yala,5.27,0.142,10.7,95.5,1.37,230.9,27.4,120,40,40,246.4,83.9,70.2
5904,Nuwara Eliya,Wet,Yala,,0.168,11.1,92.7,2.91,275.2,26.8,100,40,40,213.4,83.4,61.8
5905,Polonnaruwa,Dry,Maha,7.29,0.076,11.9,64.3,0.88,257.3,29.1,130,40,40,265.6,83,68.1
5906,Polonnaruwa,Dry,Yala,,0.155,8.9,75,1.26,78.4,29.6,100,60,40,221.4,123.2,63
5907,Trincomalee,Dry,Yala,,0.159,6.2,65.6,0.9,79.4,29.3,100,60,40,215.7,138.9,69.9
5908,Polonnaruwa,Dry,Yala,6.22,0.108,12.5,111.9,0.81,33.4,27.5,120,40,20,271.8,82.4,34.7
5909,Colombo,Wet,Yala,4.53,0.05,6.5,96.5,2.7,331.7,27.6,130,60,40,270.8,124.6,66.7
5910,Vavuniya,Dry,Yala,7.42,0.075,,116,1.02,45,31.3,130,40,20,268.4,83.7,31.9
5911,Monaragala,Intermediate,Yala,6.14,0.061,16,112.1,1.84,170.5,26.4,130,20,20,278.6,46.3,34
5912,Trincomalee,Dry,Yala,5.7,,6.4,118.4,1.37,37,31.7,100,60,20,231.3,135.4,31.6
5913,Kandy,Wet,Yala,4.89,0.087,10.4,109.8,2.95,287.6,27.9,130,40,20,291.5,90.8,31.8
5914,Jaffna,Dry,Maha,5.53,0.068,5.5,84.1,0.82,133.7,31.9,130,60,40,279.2,122.7,68
5915,Mullaitivu,Dry,Maha,6.5,0.09,10.3,67.8,,279.9,30.7,130,40,40,283.3,91.4,71.6
5916,Batticaloa,Dry,Maha,7.16,0.144,11,45.2,0.67,207.4,31.1,120,40,60,244.6,85.8,105.9
5917,Puttalam,Dry,Maha,6.86,0.09,5.8,59.5,0.81,241.3,28.1,130,60,60,303.1,125.8,101.4
5918,Kalutara,Wet,Maha,5.97,0.142,11.2,96.6,2.34,273.2,24.3,120,40,40,267.4,88,67.1
5919,Kegalle,Intermediate,Yala,5.63,0.12,14.1,77.9,1.58,165.5,26.2,120,40,40,252.5,91.2,71.7
5920,Gampaha,Wet,Maha,5.77,,6.6,101.4,1.81,318.3,24.4,120,60,20,264.3,135.9,33.5
5921,Matale,Intermediate,Maha,6.06,0.13,9.3,127.9,1.91,216.7,29.9,120,60,20,245.6,138,32.9
5922,Kilinochchi,Dry,Yala,6.45,0.122,10.2,76.4,1.09,67.7,,120,40,40,279.1,92.6,70.8
5923,Kilinochchi,Dry,Maha,5.65,0.076,11,107.5,1.34,250.8,27.2,130,40,20,268.8,83.6,32
5924,Batticaloa,Dry,Maha,,0.199,10.6,107,1.23,231,27.5,100,40,20,222.2,86,31.3
5925,Vavuniya,Dry,Maha,6.59,0.062,9.9,107.3,1.34,129.5,31.6,130,60,20,271.8,120.9,34
5926,Colombo,Wet,Maha,5.3,0.102,9,82.7,2.38,278.1,26.9,120,60,40,269.4,137.8,62.7
5927,Kilinochchi,Dry,Yala,,0.155,5.8,86.7,0.76,86.4,28.9,100,60,40,226.4,123.6,65.4
5928,Ampara,Dry,Yala,5.64,,9.8,107.3,,32,29.6,130,60,20,290,137.5,32.9
5929,Matale,Intermediate,Yala,5.95,0.102,9.5,92,1.31,205.8,27.1,120,60,40,265.4,127.1,67.2
5930,Kalutara,Wet,Maha,5.65,0.169,8.1,76.6,2.31,234.5,27.4,100,60,40,230.2,127.8,71.6
5931,Badulla,Intermediate,Maha,5.49,0.096,6.4,79.9,1.38,246.4,29.6,130,60,40,264.7,121.4,63.9
5932,Ratnapura,Wet,Yala,,0.094,6,99.6,1.54,284.4,26.9,130,60,40,275.4,127,65.5
5933,Anuradhapura,Dry,Yala,5.76,0.098,7,106.8,1.04,50.5,29.5,130,60,20,271.9,138,31.5
5934,Matale,Intermediate,Maha,6.38,0.183,13.6,111.4,1.68,103.5,29.8,100,40,20,233.3,80.8,33.8
5935,Kurunegala,Intermediate,Maha,5.35,0.165,9.6,,1.97,100.9,27.2,100,60,60,213.8,128.6,103.4
5936,Mullaitivu,Dry,Yala,5.65,0.091,,88.4,1.41,90.1,,130,60,40,292.5,121.2,66.5
5937,Matale,Intermediate,Yala,6.29,0.123,17.4,50.8,1.01,121.6,29.3,120,20,60,268.1,42.7,96.2
5938,Galle,Wet,Maha,5.76,0.098,,84.8,2.03,217,26.5,130,60,40,270.4,124,67.9
5939,Ratnapura,Wet,Maha,4.85,0.162,7.5,107.1,2.61,,27.7,100,60,20,208.9,125.6,33.5
5940,Polonnaruwa,Dry,Maha,6.42,0.168,10.9,42.7,0.91,242,30.5,100,40,60,210.3,91.9,95.1
5941,Kurunegala,Intermediate,Yala,6.62,0.104,9,128.9,1.82,204.5,27.8,120,60,20,257.4,129.1,32.8
5942,Mannar,Dry,Maha,5.85,0.111,13.4,48.7,1.18,243.1,27.5,120,40,60,250.5,84,99
5943,Kandy,Wet,Yala,4.56,0.127,9.4,101.8,1.67,369.2,26.5,120,60,20,242.1,132.1,35.7
5944,Matale,Intermediate,Yala,6.12,,7.4,73.7,1.64,221.8,,120,60,40,275.7,123.4,70.2
5945,Kilinochchi,Dry,Yala,6.68,0.197,5.1,80.4,0.7,,27.1,100,60,40,232.6,125.7,69
5946,Jaffna,Dry,Maha,6.69,0.134,8.5,113.8,0.94,253.4,28.9,120,60,20,254.7,131.3,35.2
5947,Badulla,Intermediate,Yala,6.3,0.195,8.7,83.1,1.68,234.6,28.7,100,60,40,212.1,125.3,69.1
5948,Vavuniya,Dry,Maha,6.17,0.179,7.3,85,1.31,184.3,30.2,100,60,40,201.3,133.9,70.7
5949,Kurunegala,Intermediate,Maha,6.47,0.15,16.1,58.1,,183.7,27.5,100,20,60,223.3,43.4,93.3
5950,Badulla,Intermediate,Yala,5.71,0.076,6.9,63.9,1.04,222.1,26.4,130,60,40,296.4,135.7,66.3
5951,Ampara,Dry,Yala,,0.081,,72.1,1.44,64.7,31.2,130,40,40,267.6,92.8,69.2
5952,Monaragala,Intermediate,Yala,5.72,0.106,11.2,110.5,1.69,205.6,26.6,120,40,20,247.6,82,33.7
5953,Matale,Intermediate,Maha,6.46,0.154,10.2,112.1,1.72,187.9,29.4,100,40,20,226.9,84.8,31.7
5954,Kilinochchi,Dry,Maha,6.31,0.194,14.6,48.1,1.07,224.9,29,100,40,60,221.2,84.6,97.6
5955,Nuwara Eliya,Wet,Yala,5.23,0.181,6.7,117.7,1.9,342.8,25.8,100,60,20,202.6,123.6,32.4
5956,Trincomalee,Dry,Maha,,0.067,10.5,42.7,0.85,203,29.8,130,40,60,287.8,91,96.4
5957,Matale,Intermediate,Yala,5.99,0.143,17,,1.7,110.3,28.3,120,20,40,253.4,45.2,65.1
5958,Badulla,Intermediate,Yala,6.5,0.158,9.5,60.5,1.76,187.6,29,100,60,40,213.1,130.1,66.8
5959,Kalutara,Wet,Yala,5.51,0.12,,72.1,1.72,391.3,25.7,120,60,40,271.5,131.1,70.3
5960,Kandy,Wet,Maha,5.67,0.076,11.8,141.7,2.34,255.4,,130,40,20,295.8,81.3,34.5
5961,Puttalam,Dry,Yala,6.17,0.074,5.4,,1.43,31.3,29.2,130,60,40,278.4,131.5,70.1
5962,Batticaloa,Dry,Maha,5.56,0.158,5.8,54.4,0.99,292.8,31.8,100,60,60,232,136.1,105.8
5963,Monaragala,Intermediate,Yala,6.12,0.161,12.4,116.1,1.07,195.5,28.2,100,40,20,214.3,88,32.9
5964,Anuradhapura,Dry,Yala,6.2,0.196,5.5,52.4,1.09,38.7,29,100,60,60,226.3,125.8,97.7
5965,Galle,Wet,Maha,5.04,0.134,,127.1,2.03,308.2,25.9,120,60,20,260.3,133.7,31.1
5966,Puttalam,Dry,Maha,,0.16,14.5,63.5,1.08,177.3,30.4,100,40,40,230.4,85.2,71
5967,Ampara,Dry,Yala,6.31,0.123,13.7,112,1.04,79.3,,120,40,20,276.9,87.6,31.1
5968,Anuradhapura,Dry,Maha,6.42,0.072,8.8,99.3,0.65,,31.4,130,60,40,265.1,130.2,69.1
5969,Hambantota,Dry,Maha,7.3,0.058,14.6,95.5,1.03,160.1,31.8,130,40,40,301.1,85.4,65.5
5970,Gampaha,Wet,Maha,5.17,0.155,8.6,91.6,2.82,217.1,27.6,100,60,40,228,134.7,71.2
5971,Gampaha,Wet,Yala,,0.123,9.6,97.8,1.57,399.5,27.6,120,60,40,272.3,137.9,65.9
5972,Mannar,Dry,Yala,5.79,0.063,6.6,100.7,1.17,25,29.7,130,60,20,269.9,120.7,34.9
5973,Colombo,Wet,Maha,5.05,,7.5,126,1.98,288.4,26.7,130,60,20,295.5,138.9,32.2
5974,Jaffna,Dry,Yala,6.66,0.052,13,77.2,1.02,64.5,31.9,130,40,40,297.4,87.2,64.7
5975,Gampaha,Wet,Yala,4.79,0.181,5.9,99.1,2.46,224,24.8,100,60,40,210.5,134.3,67.7
5976,Jaffna,Dry,Maha,5.89,0.123,12.9,97.9,0.58,264.1,29.4,120,40,40,278.6,91.6,71.7
5977,Jaffna,Dry,Maha,,0.178,9,61.5,0.64,223.9,29.2,100,60,40,202.7,129.8,66.9
5978,Gampaha,Wet,Maha,,0.072,12,140.7,2.6,346.5,25.2,130,40,20,267.8,91.4,35.5
5979,Ratnapura,Wet,Maha,4.92,0.129,10.4,83.4,2.74,271.1,24.9,120,40,40,262.4,82.8,69.6
5980,Colombo,Wet,Yala,5.75,0.09,10.6,93.5,2.34,397.9,27.4,130,40,40,285.8,82.6,69.7
5981,Polonnaruwa,Dry,Yala,6.34,0.192,5.8,44.1,0.75,89.1,27.5,100,60,60,222.1,133.5,99
5982,Trincomalee,Dry,Maha,7.37,0.112,14.1,119.7,1.08,203.3,31.1,120,40,20,242,91.8,32.7
5983,Badulla,Intermediate,Yala,5.95,0.188,16.9,67.2,1.49,197.4,26.4,100,20,40,232.4,46.1,63.6
5984,Badulla,Intermediate,Yala,5.66,0.094,7.2,51.4,1.04,247.7,26.6,130,60,60,263.3,133.2,107
5985,Kalutara,Wet,Yala,5.84,0.122,11.6,99.2,2.83,398.6,24.3,120,40,40,246.9,87.3,71.3
5986,Nuwara Eliya,Wet,Yala,5.7,0.057,11.1,127.8,2.46,399,,130,40,20,262,84.8,34.5
5987,Kurunegala,Intermediate,Maha,5.46,0.122,14.7,,1.97,232.4,26.1,120,40,40,263.5,93.3,64.7
5988,Gampaha,Wet,Yala,5.03,0.125,12,131.4,1.72,324.8,27,120,40,20,277.8,84.6,32
5989,Matale,Intermediate,Yala,6.03,0.158,18.6,102.7,,126.8,27.8,100,20,20,222.8,45.1,35.7
5990,Monaragala,Intermediate,Maha,6.3,0.13,18.5,74.4,1.8,104.3,27.7,120,20,40,273.5,43.7,62.4
5991,Gampaha,Wet,Yala,4.64,0.125,5.3,104.6,1.96,377.1,24.9,120,60,20,241.9,132.5,35
5992,Jaffna,Dry,Maha,5.72,0.11,5,73.2,0.74,263.7,27.5,120,60,40,262.5,128.3,65.3
5993,Anuradhapura,Dry,Yala,6.57,0.182,9.7,55.6,0.96,21.2,,100,60,60,216.1,139.5,98.8
5994,Polonnaruwa,Dry,Maha,5.67,0.124,12.7,111.3,1,242.9,30.4,120,40,20,260.9,87.9,35
5995,Vavuniya,Dry,Yala,6.45,0.165,6.4,106.8,1.18,46.1,30.8,100,60,20,203.4,139,31.3
5996,Galle,Wet,Maha,4.57,0.157,6.4,61.5,1.77,294,24.9,100,60,40,223.4,120.8,65.2
5997,Ampara,Dry,Maha,,0.067,13,43.8,1.09,156.7,29.3,130,40,60,282.7,87.9,106.8
5998,Kalutara,Wet,Maha,5.39,0.126,11.8,96.3,1.84,241.4,,120,40,40,271.3,89.8,68.7
5999,Mullaitivu,Dry,Maha,6.81,0.109,11.9,50.9,0.54,175.4,27.7,120,40,60,260.3,90.2,103.8
6000,Kilinochchi,Dry,Yala,5.52,0.178,5.1,106.1,0.69,86.3,29.6,100,60,20,206,138.3,34.6
6001,Anuradhapura,Dry,Yala,7.32,0.091,8.4,82.4,0.65,26,27,130,60,40,288.9,120.7,62.3
6002,Hambantota,Dry,Yala,6.56,0.191,13.9,,,64.8,30.2,100,40,40,206.7,80.5,63.7
6003,Polonnaruwa,Dry,Yala,,0.156,5.2,40.6,1.05,77.9,31.5,100,60,60,229.5,129.9,99.9
6004,Matale,Intermediate,Maha,6.08,,18.7,,1.54,178.9,26.4,120,20,40,265.3,40.4,65.4
6005,Kandy,Wet,Yala,5.76,0.122,7.7,72.2,1.69,284.5,27.4,120,60,40,247.5,139.7,65.8
6006,Anuradhapura,Dry,Maha,6.69,0.073,8.2,61,1.36,242.4,29.5,130,60,40,302.2,125,69.5
6007,Ratnapura,Wet,Yala,5.76,0.119,11.5,121.1,2.7,270.5,24.5,120,40,20,261.6,86.6,30.9
6008,Kurunegala,Intermediate,Maha,5.77,0.156,9.1,58.7,1.29,134.7,28.9,100,60,60,203.5,121.8,102.4
6009,Mullaitivu,Dry,Yala,5.95,0.088,12.4,42.2,0.69,66.4,29,130,40,60,288,87.3,92.5
6010,Batticaloa,Dry,Yala,6.2,0.144,7,59.2,0.85,28.7,29,120,60,60,251.2,128.1,93.4
6011,Gampaha,Wet,Yala,5.47,0.129,6.2,,1.88,200.9,,120,60,40,272.8,121.5,65.8
6012,Gampaha,Wet,Yala,5.22,0.104,7.3,61.3,1.54,268.2,24.3,120,60,40,273.3,127.2,70.1
6013,Kandy,Wet,Yala,5.21,0.177,7.9,66.8,2.05,323.2,24.3,100,60,40,233,128.3,63.1
6014,Hambantota,Dry,Maha,6.41,0.061,13.2,119.7,0.87,172.5,29.6,130,40,20,282.7,93.4,33.6
6015,Mullaitivu,Dry,Yala,6.39,0.068,14.6,114.7,0.96,,27.7,130,40,20,280.7,83.2,34.2
6016,Mullaitivu,Dry,Yala,7.43,0.113,10.2,53.4,1.04,95.4,30.7,120,40,60,270.8,87.6,95.9
6017,Puttalam,Dry,Yala,6.27,0.121,5.4,74.6,1,50.3,28.1,120,60,40,246.5,139.9,66.8
6018,Matale,Intermediate,Maha,6.16,0.068,10.2,107.4,1.71,104.2,29.7,130,40,20,284.6,90.8,35.4
6019,Anuradhapura,Dry,Yala,5.87,0.13,6,89.1,0.77,27.4,30.1,120,60,40,262.7,140.1,66.8
6020,Anuradhapura,Dry,Maha,7.4,0.178,10.9,40.8,1.35,178.5,30.6,100,40,60,204,93.1,94.9
6021,Kalutara,Wet,Maha,5.52,,11.1,135.4,2.57,369.3,24,130,40,20,279.1,86.9,33.9
6022,Mullaitivu,Dry,Yala,6.93,0.1,6.6,117.3,1.03,77.5,30.6,120,60,20,274.7,134.2,33.8
6023,Vavuniya,Dry,Maha,6.8,0.053,10,85.6,0.83,151.9,31.1,130,40,40,297.7,81.9,62
6024,Matale,Intermediate,Maha,6.64,0.078,19.9,67.3,1.52,166.2,29.3,130,20,40,265.6,43.1,62.6
6025,Kalutara,Wet,Yala,5.34,,7.1,81.4,2.04,312.4,25.1,120,60,40,244.9,136.4,63.3
6026,Ampara,Dry,Yala,7.45,0.182,14.2,98.3,1.02,36.4,28,100,40,40,209.7,87.1,63.1
6027,Nuwara Eliya,Wet,Yala,4.69,0.119,6.1,121.8,2.17,254.7,25.1,120,60,20,275.6,134.4,32.1
6028,Hambantota,Dry,Maha,5.52,0.088,10.4,48.7,0.52,192.8,30.7,130,40,60,266.9,90.2,99.3
6029,Jaffna,Dry,Yala,5.9,0.073,13.1,91.2,0.63,58.2,27.9,130,40,40,291.9,83.8,65.4
6030,Ratnapura,Wet,Maha,5.51,0.185,8.2,132.9,1.77,219.8,27.5,100,60,20,204.4,137.7,35.3
6031,Colombo,Wet,Maha,4.59,0.131,9.7,132.6,2.16,264.2,27.2,120,60,20,265.7,129.6,33.9
6032,Ampara,Dry,Yala,7.22,0.14,7.4,60.7,1.11,49.2,27.9,120,60,40,255.3,124.7,70.5
6033,Ratnapura,Wet,Maha,,0.099,9.7,143.7,2.64,249.9,24.2,130,60,20,294.8,137.5,33.4
6034,Colombo,Wet,Yala,5.52,0.12,9.5,,2.2,345.8,24.5,120,60,40,250.5,128.8,62.6
6035,Badulla,Intermediate,Yala,6.53,0.086,19.4,75.2,1.06,220,29.5,130,20,40,288.5,45.1,66.3
6036,Mannar,Dry,Yala,5.57,0.09,9.6,96.4,1.08,73.2,27.1,130,60,40,271.4,131.3,69.9
6037,Mannar,Dry,Yala,5.9,0.093,5.6,54.1,0.85,,28.4,130,60,60,291.7,128.1,95.4
6038,Galle,Wet,Yala,5.51,0.092,11.7,121.7,2.72,271.6,27.5,130,40,20,298.4,91,31.3
6039,Ampara,Dry,Maha,7.23,0.184,14.6,92.1,,297.1,28.7,100,40,40,205.2,88.1,65
6040,Nuwara Eliya,Wet,Maha,4.54,0.151,10.4,116.8,2.22,299.9,25.3,100,40,20,229.4,85.6,32.7
6041,Monaragala,Intermediate,Yala,6.75,0.176,19.3,92.4,1.21,235.2,26.4,100,20,40,220.5,41,64.8
6042,Kalutara,Wet,Yala,5.24,,9.2,115.9,2.73,266.9,27.9,130,60,20,266.8,138.1,31.5
6043,Galle,Wet,Maha,4.77,0.165,11.7,82.7,2.42,333.8,,100,40,40,215,80.9,64.2
6044,Vavuniya,Dry,Maha,5.97,0.11,5.3,47.1,1.13,216.6,29.9,120,60,60,247.6,137.5,102.7
6045,Trincomalee,Dry,Yala,7.01,0.116,8.8,114.4,1.13,33.7,27.6,120,60,20,268.7,127.7,32.7
6046,Kandy,Wet,Maha,5.88,0.144,11.6,105.2,1.76,378.2,,120,40,20,271,88.8,34
6047,Polonnaruwa,Dry,Maha,5.61,0.189,13.1,,1.21,239.8,30,100,40,40,204.5,92.5,67.1
6048,Hambantota,Dry,Yala,,0.088,13.1,,0.63,89.1,31.9,130,40,20,282.9,82.5,33.5
6049,Kandy,Wet,Yala,5.7,0.083,11.2,123.5,2.79,240.3,27.6,130,40,20,295.9,87.9,32
6050,Kurunegala,Intermediate,Maha,5.62,0.176,6.5,107.7,1.57,205.5,29.9,100,60,20,231.6,135.6,33.4
6051,Badulla,Intermediate,Yala,5.61,0.173,19.7,120.7,1.93,208.9,29.4,100,20,20,217.8,45.2,30.9
6052,Hambantota,Dry,Yala,6.17,0.2,12.8,65.7,0.81,84.8,28.6,100,40,40,232.1,87.3,66
6053,Batticaloa,Dry,Yala,5.51,0.071,8.4,86.5,1.03,29.8,28.9,130,60,40,284.1,132.8,67.4
6054,Anuradhapura,Dry,Yala,7.35,0.182,7.3,52.8,0.58,88.7,27.6,100,60,60,213.9,135.4,95.2
6055,Puttalam,Dry,Maha,6.18,0.09,12,88,1.17,,28.9,130,40,40,297.4,91.5,64.3
6056,Colombo,Wet,Maha,5.74,0.16,6.7,72.9,2.82,250.8,27.7,100,60,40,217.2,135.5,63.9
6057,Batticaloa,Dry,Yala,5.87,0.151,9.6,61.9,0.96,34.6,27.3,100,60,40,216.5,127.5,62.4
6058,Trincomalee,Dry,Yala,7.44,0.123,12.4,70.5,0.63,37.9,,120,40,40,260.5,93.5,65.2
6059,Kegalle,Intermediate,Maha,5.86,0.086,17.8,79,1.78,135.7,26.7,130,20,40,297.3,43.1,71.5
6060,Colombo,Wet,Yala,5.2,0.057,7.8,77,2.65,331.8,25,130,60,40,296.7,121.1,65.2
6061,Matale,Intermediate,Maha,6.49,0.087,19.7,123.8,1.16,195.4,26.7,130,20,20,278.5,42.6,33.1
6062,Matale,Intermediate,Yala,6.56,0.059,5.8,112.9,1.19,164.2,28.7,130,60,20,275.5,123.1,34.1
6063,Galle,Wet,Maha,5,0.185,9.1,126.8,1.77,342.4,27.7,100,60,20,217.1,123,34
6064,Colombo,Wet,Yala,5.44,0.157,8.7,88.8,2.73,244.5,25.7,100,60,40,219.8,126.1,71.2
6065,Gampaha,Wet,Maha,5.18,0.105,8.4,135.1,2.39,308,27.6,120,60,20,250.7,121.7,35.1
6066,Trincomalee,Dry,Yala,6.43,0.105,7.4,80.4,0.91,76.5,30.2,120,60,40,272.4,134.1,69.6
6067,Nuwara Eliya,Wet,Maha,5.36,0.176,5.3,148,1.9,385.4,25.9,100,60,20,217,122.1,35.6
6068,Monaragala,Intermediate,Yala,6.6,0.145,12.7,109.5,1.03,101.2,29.1,120,40,20,254.4,83.1,32
6069,Mannar,Dry,Maha,7.31,0.138,13.1,81.5,,140.5,31.4,120,40,40,245.5,81.7,67.9
6070,Kalutara,Wet,Yala,4.53,0.103,6.1,144.9,2.84,354,24.1,120,60,20,250.7,121.9,35.2
6071,Trincomalee,Dry,Maha,6.09,,14.1,61.2,1.1,254.4,30,120,40,40,278.5,84,67.9
6072,Batticaloa,Dry,Maha,6.16,0.077,,115.8,0.56,212.7,30.4,130,40,20,274.3,87.9,35.7
6073,Polonnaruwa,Dry,Yala,6.73,0.114,6.7,45.2,0.68,,29.8,120,60,60,247.9,139.5,94
6074,Ampara,Dry,Yala,6.89,0.078,13.8,50.9,1.13,80.1,31.9,130,40,60,280.9,91.9,99.1
6075,Kegalle,Intermediate,Maha,6.64,0.131,11,86.9,1.46,152.4,29.3,120,40,40,253.4,91.9,71.5
6076,Mannar,Dry,Yala,7.37,0.075,,51.3,1.12,90.6,28.6,130,60,60,262.9,124.1,98.2
6077,Ampara,Dry,Maha,6.98,0.094,5.4,69.2,0.84,219.5,30.2,130,60,40,275.1,125.8,69.1
6078,Mullaitivu,Dry,Maha,6.98,0.196,8.5,115.1,1.37,,29.2,100,60,20,218.8,122.1,31
6079,Colombo,Wet,Maha,5.41,0.174,6.3,140.1,2.31,234.5,27,100,60,20,219.1,135.8,34.3
6080,Badulla,Intermediate,Maha,5.71,,14.4,73.6,1.5,150.7,28.9,130,40,40,276.5,81.4,71
6081,Kurunegala,Intermediate,Yala,5.86,0.183,9.4,78.9,1.28,194.5,27.2,100,60,40,215.7,131.5,65.5
6082,Hambantota,Dry,Maha,7.08,0.098,10.5,77.3,,140,29.9,130,40,40,302.3,83.7,61.9
6083,Colombo,Wet,Maha,5.53,0.097,8.6,73.6,2.67,239.9,25.4,130,60,40,277.4,125.4,62
6084,Gampaha,Wet,Yala,5.94,0.104,10.8,138.7,2.84,381.3,26.7,120,40,20,251.4,93.4,35.3
6085,Batticaloa,Dry,Yala,,,6.5,53.3,,74.4,31,120,60,60,250.9,135.4,103.3
6086,Mannar,Dry,Yala,7.48,,12.8,112.7,1.05,54.8,28.2,100,40,20,216,91.4,31.3
6087,Hambantota,Dry,Yala,6.64,0.091,11.2,43.4,0.67,,27,130,40,60,293.6,87.9,93.3
6088,Anuradhapura,Dry,Maha,,0.109,10.4,86.2,1.18,230,29,120,40,40,249.4,91.8,69.7
6089,Trincomalee,Dry,Yala,6.41,0.161,5.6,85.6,1.41,29.2,30.8,100,60,40,224.2,133.2,69.8
6090,Kalutara,Wet,Yala,5.68,0.186,7.5,129.4,2.98,204,24.9,100,60,20,201.8,139.1,31.4
6091,Mullaitivu,Dry,Maha,6.79,0.147,8.5,88.2,1.36,,31.5,120,60,40,257.7,126.1,64.7
6092,Matale,Intermediate,Yala,6.06,0.147,13.8,90.9,1.71,221.2,29.9,120,40,40,271.7,88.2,69.5
6093,Galle,Wet,Maha,4.75,0.093,8.2,105.8,2.82,385.1,26,130,60,20,275.8,134.1,33.4
6094,Kurunegala,Intermediate,Yala,6.2,0.189,5.2,121.4,1.88,169.7,28.3,100,60,20,219.5,128.3,35.6
6095,Kalutara,Wet,Yala,,0.07,11.2,95.9,2.18,269.9,27.6,130,40,40,270.1,92,66.5
6096,Badulla,Intermediate,Yala,6.03,0.129,8.1,68.2,1.74,125.4,28.7,120,60,40,270.4,139.8,68.5
6097,Mullaitivu,Dry,Maha,6.37,0.192,6.8,111,1.47,235.3,27.8,100,60,20,202.8,130.3,33.3
6098,Nuwara Eliya,Wet,Yala,5.78,0.182,7.4,88.1,,362.1,27,100,60,40,228.9,128.3,71.1
6099,Mannar,Dry,Yala,6.3,0.147,9.7,40.7,1.04,61.2,28.7,120,60,60,249.1,129.9,98.5
6100,Puttalam,Dry,Yala,6.7,0.062,11.9,118,1.23,82.1,28.6,130,40,20,298.5,91.6,32
6101,Kalutara,Wet,Maha,5.1,0.118,9.8,117.6,2.8,249.7,27.4,120,60,20,255.1,133.2,32.4
6102,Hambantota,Dry,Maha,6.78,0.08,6.2,52.1,1.37,170.6,31.9,130,60,60,292,121.5,105.3
6103,Kilinochchi,Dry,Yala,5.82,0.131,12.5,89.7,1.13,25.6,27.1,120,40,40,253.8,87.6,66.7
6104,Nuwara Eliya,Wet,Maha,4.55,0.109,11,81,2.19,252.3,25.1,120,40,40,276.8,80.7,65.2
6105,Kegalle,Intermediate,Yala,6.16,0.088,8.7,126.8,1.5,224.9,29.2,130,60,20,266.8,135.8,33.5
6106,Trincomalee,Dry,Maha,6.64,0.132,5.8,75,0.7,132.7,28,120,60,40,248.3,127,63
6107,Mannar,Dry,Maha,6.5,0.052,6.8,48.8,0.69,220.2,29.7,130,60,60,282.3,129.9,92.6
6108,Kegalle,Intermediate,Maha,5.76,0.198,16.9,57.2,1.18,189.5,26.2,100,20,60,203.8,45.4,96.7
6109,Ratnapura,Wet,Maha,5.47,0.084,9.2,125.3,2.38,279.9,26,130,60,20,269.7,121.5,33.8
6110,Jaffna,Dry,Yala,6.81,,12.8,115.1,0.85,80.1,30.7,100,40,20,231.9,82.5,34.4
6111,Badulla,Intermediate,Maha,6.14,0.077,7.8,105.8,1,238.4,28.4,130,60,20,302.8,128.4,34.9
6112,Anuradhapura,Dry,Yala,6.37,0.06,10.3,103.7,0.9,87.2,,130,40,20,277.4,83.5,35.4
6113,Trincomalee,Dry,Maha,5.91,0.079,5.9,89.1,0.65,283.5,29.1,130,60,40,300.5,127.2,65.8
6114,Batticaloa,Dry,Yala,6.15,0.14,13.5,97.3,0.73,38.9,29.6,120,40,40,262.7,93.5,69.1
6115,Trincomalee,Dry,Yala,7.38,0.072,13.9,50.9,1.26,89.2,27.1,130,40,60,272.8,91.2,93.6
6116,Monaragala,Intermediate,Yala,6.35,,15.3,95.4,1.08,104,27.3,130,20,40,291.2,46,62.3
6117,Kandy,Wet,Yala,5.89,0.142,9.9,137.5,2.73,256.5,26.1,120,60,20,267.1,138.9,31.4
6118,Nuwara Eliya,Wet,Maha,5.46,0.144,9.9,133.6,1.66,391.5,25.5,120,60,20,280,127.3,33
6119,Vavuniya,Dry,Maha,6.39,0.16,5.1,65.5,1.02,190.2,28.7,100,60,40,209.7,126.4,63.8
6120,Kalutara,Wet,Yala,4.87,0.186,5.3,141.8,,369.6,24.3,100,60,20,223,125.2,32.2
6121,Kurunegala,Intermediate,Maha,5.55,0.1,17.5,50.1,1.92,186.8,29.1,120,20,60,243.4,45.7,102.2
6122,Ampara,Dry,Yala,5.63,,11.9,53.3,0.84,24.4,30.7,120,40,60,245.8,89.3,97.9
6123,Kurunegala,Intermediate,Yala,6.41,0.056,10.4,60.1,1.26,219.4,27.6,130,40,40,261.6,83.6,67.3
6124,Mannar,Dry,Maha,6.12,0.082,14.9,60.1,1.25,202.9,31.1,130,40,40,303.8,85.4,65.8
6125,Kandy,Wet,Yala,5.26,0.167,6.1,86.5,2.85,373.5,26.6,100,60,40,227.3,130.5,63.4
6126,Monaragala,Intermediate,Yala,5.43,0.156,16,123.8,1.68,111.8,29.5,100,20,20,226.8,43.7,31.2
6127,Puttalam,Dry,Yala,7.46,,8,81.6,1.37,57.3,28,120,60,40,261.3,138,64.1
6128,Monaragala,Intermediate,Yala,5.55,0.057,11.4,100.1,1.81,143.9,29.3,130,40,20,274.1,85.4,31.1
6129,Kalutara,Wet,Yala,5.39,0.15,11.9,126,2.55,363.6,26.8,100,40,20,206,92.3,33.9
6130,Matale,Intermediate,Maha,6.02,0.147,7.2,105,1.45,177.6,28.3,120,60,20,252.5,129.3,34.8
6131,Trincomalee,Dry,Maha,6.8,,9.9,95.7,1.16,297.8,31.9,100,60,40,213.4,135.2,65.1
6132,Kegalle,Intermediate,Yala,5.86,0.171,18.2,99.3,,173.4,27.7,100,20,40,225.8,46.3,65.6
6133,Gampaha,Wet,Yala,5.48,0.075,10.4,129.6,,,25.6,130,40,20,284.3,92.3,34.9
6134,Badulla,Intermediate,Yala,6.5,0.094,15.1,119.1,1.84,202.7,27,130,20,20,264.7,40.6,31.9
6135,Vavuniya,Dry,Maha,,0.191,8.8,,0.62,,28.2,100,60,40,201.7,124.6,62.9
6136,Badulla,Intermediate,Yala,6.61,0.14,14.8,94.4,1.43,108.9,29.5,120,40,40,245.3,86.7,66.7
6137,Polonnaruwa,Dry,Yala,6.19,0.119,13,115.8,0.62,42.5,31.8,120,40,20,257.4,86.1,34
6138,Gampaha,Wet,Maha,5.73,0.199,5.3,122.6,2.95,355.6,26.6,100,60,20,231.5,133.2,33.8
6139,Jaffna,Dry,Maha,7.4,0.194,7.1,53.8,0.59,206.8,27.1,100,60,60,221.9,139.1,103.2
6140,Colombo,Wet,Yala,5.53,0.094,8.1,100.5,2.37,235.7,25.1,130,60,20,295.4,122.8,31.1
6141,Kandy,Wet,Maha,4.72,0.186,11.8,62.6,2.06,249.7,25.7,100,40,40,216.3,86.4,66
6142,Galle,Wet,Yala,5.99,0.099,9.8,93.9,2.89,388.5,28,130,60,40,276.7,124.4,64.1
6143,Kegalle,Intermediate,Maha,6.23,0.066,13.8,50,1.21,156.9,29.5,130,40,60,266,92.1,103.9
6144,Polonnaruwa,Dry,Maha,,0.075,7.8,61.5,1.07,253,31.6,130,60,40,298.5,139.5,70.4
6145,Gampaha,Wet,Maha,4.74,0.104,6.6,136.2,2.67,399.5,26.3,120,60,20,272,130,32.2
6146,Mullaitivu,Dry,Yala,6.42,0.178,6.1,87,0.78,49.5,28.1,100,60,40,206.6,122.7,62.7
6147,Badulla,Intermediate,Maha,5.31,0.13,13.7,83.4,1.55,117.8,26.6,120,40,40,261.4,90.7,64.2
6148,Gampaha,Wet,Maha,5.67,0.06,8.7,93.2,2.21,376.8,27.5,130,60,40,282.1,134.3,62.7
6149,Matara,Wet,Maha,5.95,0.157,7.5,126.1,2.87,,26.7,100,60,20,221.5,127.6,32.4
6150,Kalutara,Wet,Maha,5.27,0.082,11.1,103.6,1.58,299.5,,130,40,20,301.5,92.1,33.5
6151,Badulla,Intermediate,Maha,5.65,0.181,6.3,128.1,1.62,127,27.4,100,60,20,220,139.7,35.7
6152,Ampara,Dry,Maha,5.67,0.176,9.5,118.6,1.13,295.8,30.9,100,60,20,218.7,131.5,32.8
6153,Nuwara Eliya,Wet,Maha,4.88,0.183,7.3,133.7,2,339.1,26.1,100,60,20,202.7,131.7,31.9
6154,Polonnaruwa,Dry,Maha,5.75,0.092,12.2,89.3,1.03,215.1,31,130,40,40,264.1,84.4,63.4
6155,Mullaitivu,Dry,Yala,6.8,0.192,5.5,107.7,1.48,62.8,29.6,100,60,20,207.2,132.1,31.7
6156,Ampara,Dry,Yala,6.99,0.195,,55.4,0.76,97.8,29.8,100,40,60,202.2,86.2,95.4
6157,Ampara,Dry,Yala,6.55,0.089,12.8,64.4,0.77,46.9,30.1,130,40,40,292.9,84.4,69.3
6158,Badulla,Intermediate,Yala,6.46,0.076,9.9,80.6,1.46,,28.7,130,60,40,292.1,121.9,62.3
6159,Mannar,Dry,Maha,6.4,0.177,,72.9,0.67,158.8,,100,60,40,205.5,125.6,71.7
6160,Kalutara,Wet,Yala,4.76,0.069,5.6,89.3,1.97,395.8,26.5,130,60,40,296.8,124.5,66.9
6161,Kurunegala,Intermediate,Yala,6.5,0.06,7.8,99.2,1.19,228.3,29.3,130,60,40,268,131.2,67.1
6162,Ampara,Dry,Yala,6.78,0.118,7,50.9,1.49,,27,120,60,60,253.1,132.4,97.9
6163,Jaffna,Dry,Maha,6.03,0.086,14.1,51.9,0.59,199.4,27.5,130,40,60,272,88.4,102.9
6164,Kurunegala,Intermediate,Maha,6.36,0.072,19.6,94.5,1.4,208.9,26.1,130,20,40,277.2,42.8,66.4
6165,Kalutara,Wet,Maha,5.32,0.196,7.9,111.2,2.56,209.4,25.2,100,60,20,209.4,128.9,32.4
6166,Badulla,Intermediate,Maha,6.3,0.166,9,109.8,1.9,171.9,27,100,60,20,217,136.9,32.1
6167,Kandy,Wet,Maha,5.95,0.179,10.2,80.9,1.75,355.4,26.8,100,40,40,214.4,86.7,71
6168,Kilinochchi,Dry,Yala,,0.152,6.5,71.8,0.84,62.6,28,100,60,40,233.3,139.9,64.6
6169,Kegalle,Intermediate,Yala,6.18,0.125,8.8,83.9,,111.5,29.9,120,60,40,243.5,129.2,66.1
6170,Mannar,Dry,Yala,7.27,0.074,8.3,41.1,0.86,96,31.7,130,60,60,267.4,133.3,97.8
6171,Anuradhapura,Dry,Maha,6.19,0.094,14.9,72.2,1.35,237.3,29.3,130,40,40,263.6,81.1,62.6
6172,Mannar,Dry,Maha,5.92,0.069,14,77,1.4,261.8,30.8,130,40,40,287.9,89,63.6
6173,Puttalam,Dry,Yala,7.04,0.162,10,117.7,1.41,61.4,27.6,100,40,20,202.9,91.6,31.7
6174,Monaragala,Intermediate,Maha,6.54,0.117,11.9,50.9,1.53,133.7,26.5,120,40,60,274.1,92.8,102.9
6175,Batticaloa,Dry,Yala,6.31,0.137,12.3,69.4,0.64,,30.5,120,40,40,261.4,93.5,65.8
6176,Hambantota,Dry,Yala,7.11,0.066,11.1,57,,79.5,30.6,130,40,60,283.7,84.2,104.2
6177,Mannar,Dry,Maha,6.04,0.161,14.3,87.1,1.2,248.8,27.2,100,40,40,219.4,88,68.8
6178,Kalutara,Wet,Yala,5.6,0.156,9.9,90.2,2.85,394.6,27.3,100,60,40,206.7,129.4,63.6
6179,Badulla,Intermediate,Yala,5.36,0.101,5.3,63.1,1.62,116.5,29.2,120,60,40,249.1,131.6,67.3
6180,Anuradhapura,Dry,Yala,6.99,0.129,5.3,94.7,0.88,77.4,27.7,120,60,40,253.8,123.7,69.1
6181,Matale,Intermediate,Yala,5.52,0.193,5.9,113,1.04,137.7,28.2,100,60,20,220.4,137.4,34
6182,Kegalle,Intermediate,Maha,5.62,0.162,8.7,111.8,1.78,246.4,28.8,100,60,20,207.9,138.4,33.8
6183,Monaragala,Intermediate,Maha,5.46,0.136,11.9,70.2,1.47,154,28.2,120,40,40,245.9,86.3,69.1
6184,Badulla,Intermediate,Maha,6.48,0.131,9.3,112.2,1.21,197.9,27.2,120,60,20,279.3,126.1,31.1
6185,Kegalle,Intermediate,Maha,6.03,0.163,8.7,86.3,1.19,181.7,27.7,100,60,40,201.8,123.4,69
6186,Ampara,Dry,Maha,6.84,0.103,7.2,55.1,0.99,240.3,28.2,120,60,60,272.7,134,96.6
6187,Colombo,Wet,Yala,5.67,0.129,11.4,60.4,2.53,329.3,26.3,120,40,40,272.2,84.5,67.4
6188,Puttalam,Dry,Yala,7.35,0.185,8.3,79.3,1.23,51.8,28.8,100,60,40,210.8,138.4,64.1
6189,Kurunegala,Intermediate,Maha,6.52,0.188,12.7,85.2,1.19,134.1,27.7,100,40,40,205.5,89.2,70.1
6190,Colombo,Wet,Yala,5.12,0.199,9.1,86.2,2.9,393.5,25.2,100,60,40,205.8,133.2,66.5
6191,Trincomalee,Dry,Maha,6.84,0.163,5.3,57.7,0.91,,27.2,100,60,60,223.8,131.6,102.1
6192,Kilinochchi,Dry,Maha,6.04,0.086,9.9,81.8,,260.2,29.6,130,60,40,288.7,121.5,69.6
6193,Kegalle,Intermediate,Maha,6.49,0.073,19.2,77.7,1.44,244.9,27.3,130,20,40,294.6,46.3,70.7
6194,Vavuniya,Dry,Maha,7.48,,7.8,114.7,1.37,236.8,29.2,130,60,20,301.1,132.9,34.5
6195,Jaffna,Dry,Yala,6.06,,6.5,57.5,0.91,65.4,30.7,100,60,60,223.7,140.1,94.7
6196,Kurunegala,Intermediate,Yala,,0.164,12.7,97,,103.6,28.4,100,40,40,206.2,87.5,70.2
6197,Matale,Intermediate,Yala,6.59,0.106,9.9,105.5,1.14,221.5,28.9,120,60,20,250.9,134.5,33.9
6198,Polonnaruwa,Dry,Yala,5.69,0.164,12.9,108,1.25,58.8,29.7,100,40,20,228.6,81.2,33.8
6199,Kegalle,Intermediate,Yala,5.23,0.157,12.3,55.4,1.57,163.8,26.5,100,40,60,207.9,88.7,106.3
6200,Puttalam,Dry,Maha,5.71,0.159,6.1,80.3,1.48,226,27.7,100,60,40,203.5,135.6,64.2
6201,Matara,Wet,Yala,5.03,0.121,6.3,61.7,1.75,364.8,24.7,120,60,40,268.9,135.8,64.1
6202,Mannar,Dry,Yala,6.17,0.179,11.9,113.6,0.5,91.8,30.5,100,40,20,214.2,90.5,33.4
6203,Ratnapura,Wet,Maha,5.96,0.075,7.3,128.9,1.57,241.7,26.4,130,60,20,300.4,125,34.6
6204,Kegalle,Intermediate,Maha,5.22,0.079,18.3,53.3,1.03,195.8,26.4,130,20,60,289,46.6,99.2
6205,Vavuniya,Dry,Yala,6.55,0.135,9.9,41,,,29.8,120,60,60,244.9,140.1,102
6206,Monaragala,Intermediate,Maha,5.46,0.173,,112.4,1.55,120.5,28.6,100,40,20,232,81.5,33.1
6207,Kurunegala,Intermediate,Yala,5.24,0.11,7.1,110.3,1.83,194.5,26.5,120,60,20,251.5,138.9,33.9
6208,Mullaitivu,Dry,Yala,7.3,0.132,9.3,102,1,43.2,28.4,120,60,20,254.5,126.3,34.9
6209,Vavuniya,Dry,Maha,7.14,,7.2,109.4,0.9,289.5,31.2,120,60,20,257.1,134.1,31.7
6210,Matale,Intermediate,Maha,6.12,0.081,17.7,92,1.56,113.6,26.4,130,20,40,263.6,42.4,68.7
6211,Ampara,Dry,Maha,5.5,0.064,,85.1,0.83,188,27.3,130,40,40,282.5,93.1,69.6
6212,Galle,Wet,Maha,5.6,,11.3,75.6,2.28,283.5,24.1,120,40,40,246.2,81.8,66.2
6213,Vavuniya,Dry,Maha,6.15,0.104,11.8,,0.67,157.1,29.8,120,40,20,257,87,32.4
6214,Ampara,Dry,Maha,5.56,0.066,13.6,76.9,,,30,130,40,40,276.3,86.1,61.8
6215,Vavuniya,Dry,Maha,6.43,0.198,11,53.1,0.53,229.1,29,100,40,60,226.3,84.7,104.5
6216,Matara,Wet,Yala,5.4,0.173,6,120.3,2.57,235.2,24.9,100,60,20,227.3,133.2,32.4
6217,Ampara,Dry,Maha,7.11,0.083,6.1,61.4,1.38,249.5,30.2,130,60,40,267.9,123.2,65.3
6218,Batticaloa,Dry,Yala,6.92,0.146,6.1,80.6,0.76,39.7,29.5,120,60,40,255.7,134.6,65.1
6219,Mannar,Dry,Yala,7.33,0.069,8.1,56,1.35,35.9,29.2,130,60,60,277.2,139.8,100
6220,Kegalle,Intermediate,Yala,5.78,0.106,8.3,102.2,1.43,100.9,27.6,120,60,20,247.3,136.4,34.3
6221,Badulla,Intermediate,Maha,5.4,0.199,10.5,126.9,1.94,184.5,26.7,100,40,20,227.1,91.7,34.7
6222,Polonnaruwa,Dry,Maha,6.82,0.085,14.3,74.6,0.66,203.4,27.8,130,40,40,291.4,85.2,65.6
6223,Badulla,Intermediate,Yala,5.8,,18.5,90.9,1.81,178.5,29.6,120,20,40,248.8,42.4,68.3
6224,Badulla,Intermediate,Maha,,,18.3,62.8,1.43,247.3,26.6,100,20,40,213.1,43.6,68.9
6225,Anuradhapura,Dry,Maha,6.62,0.135,,98.1,0.89,168.6,28,120,60,40,245.5,121.5,64.7
6226,Monaragala,Intermediate,Maha,6.27,0.142,5.8,128.1,1.9,144.4,26.2,120,60,20,265.9,139.1,31.3
6227,Kandy,Wet,Maha,4.94,0.195,7.6,100.2,2.95,314,26.9,100,60,20,205.1,123.4,35.3
6228,Kalutara,Wet,Yala,5.55,0.121,6.7,106.9,1.65,293.6,26.2,120,60,20,279.9,138.3,34.2
6229,Galle,Wet,Yala,4.62,0.051,9.6,136.7,1.83,207.2,25.4,130,60,20,294.5,122.3,34
6230,Nuwara Eliya,Wet,Yala,,0.082,8.1,67,,284.2,26,130,60,40,277.9,136.7,62.3
6231,Matale,Intermediate,Yala,5.61,0.13,14.3,98.4,1.47,215.9,28.6,120,40,40,264,82.5,69.9
6232,Hambantota,Dry,Maha,6.25,0.151,14.9,92,0.64,,31,100,40,40,230.8,81,67.4
6233,Polonnaruwa,Dry,Yala,6.62,0.198,8.6,42.4,1.47,29.9,30,100,60,60,219.2,134.7,105.2
6234,Nuwara Eliya,Wet,Yala,5.16,0.15,5.2,127.2,1.83,237.8,27.6,100,60,20,206.8,126.1,35.7
6235,Monaragala,Intermediate,Yala,5.56,0.162,5,57,1.55,114.4,27.2,100,60,60,213.4,134.6,106.9
6236,Kurunegala,Intermediate,Maha,5.71,0.095,10.2,90.2,,226.4,29.3,130,40,40,297.1,87.7,70.3
6237,Vavuniya,Dry,Maha,7,0.133,13,88.9,0.62,294.5,29.6,120,40,40,266.5,81.9,61.8
6238,Kilinochchi,Dry,Maha,6.31,0.152,10.9,49.6,1.24,185.3,29.8,100,40,60,222.3,92.6,105.8
6239,Hambantota,Dry,Yala,5.51,0.198,14.6,104,1.48,69.5,30.1,100,40,20,229.4,86.4,31.2
6240,Kalutara,Wet,Maha,4.57,0.196,10.3,144.2,2.85,,26.5,100,40,20,230.2,90.1,35.1
6241,Anuradhapura,Dry,Yala,6.09,0.083,7.9,73.5,0.71,27.7,31.7,130,60,40,300.4,130.4,64.5
6242,Matale,Intermediate,Maha,6.12,0.176,11.8,62.6,1.24,241.9,29.2,100,40,40,204.2,88.4,67.8
6243,Puttalam,Dry,Yala,5.77,0.179,6.9,101.2,1.32,36.8,31.5,100,60,20,218.8,126.5,31
6244,Ampara,Dry,Yala,7.44,0.089,13.8,69.4,1.4,34.9,32,130,40,40,292.8,83.1,69.4
6245,Mullaitivu,Dry,Maha,5.6,0.164,8.3,45.3,1.01,252.9,,100,60,60,225.8,131.2,94.2
6246,Jaffna,Dry,Yala,6.51,0.144,9.6,71,1.44,47.2,30.8,120,60,40,265.1,129.2,65.8
6247,Ratnapura,Wet,Maha,5.2,0.147,5.3,133.6,2.29,284,25.5,120,60,20,247.9,128.3,34.9
6248,Kalutara,Wet,Yala,5.25,0.132,5.2,141.6,1.98,247.5,,120,60,20,272.5,133.8,34.3
6249,Monaragala,Intermediate,Yala,6.18,0.189,11.2,92.1,1.99,214.5,27.8,100,40,40,224.6,89.5,61.8
6250,Polonnaruwa,Dry,Yala,5.7,0.188,6.3,94.1,0.55,36.7,27.8,100,60,40,203.9,121.5,65.7
6251,Puttalam,Dry,Maha,6.44,0.183,13.5,45.7,0.53,253.4,30.8,100,40,60,216.2,84.9,93.1
6252,Ampara,Dry,Yala,6.88,0.158,8.9,104.4,,82,27.7,100,60,20,206.8,128.7,34.2
6253,Kegalle,Intermediate,Maha,6.51,0.153,14.6,111.6,1.77,134.3,28.1,100,40,20,212.1,81.7,35.6
6254,Anuradhapura,Dry,Maha,7.12,0.178,14.5,76.7,0.71,144.1,29.4,100,40,40,201.7,83.6,68.3
6255,Badulla,Intermediate,Maha,5.55,0.103,12.5,112.7,1.63,146.5,28,120,40,20,257,81.1,31.9
6256,Gampaha,Wet,Maha,4.71,0.164,8.2,120.7,2.11,305.6,26.9,100,60,20,219,140.1,32.6
6257,Jaffna,Dry,Yala,5.83,0.159,8.2,52.3,0.96,43.5,29.4,100,60,60,221.3,135,107.1
6258,Monaragala,Intermediate,Maha,5.96,0.199,12.7,88.9,1.67,188.1,28.3,100,40,40,222.7,81.6,63.9
6259,Puttalam,Dry,Yala,6.32,0.054,9.4,69.7,1.37,34.8,29,130,60,40,296.9,121,67.3
6260,Kurunegala,Intermediate,Yala,6.72,0.074,13.4,71.8,1.12,176.9,27.8,130,40,40,270.5,89.9,65.7
6261,Kegalle,Intermediate,Maha,6.11,0.1,19.1,100.8,1.7,103.3,26.8,120,20,20,246,43.1,34.6
6262,Kilinochchi,Dry,Yala,6.83,0.08,5.4,57.2,1,50.8,31.7,130,60,60,297.5,136,105.5
6263,Mullaitivu,Dry,Maha,6.98,0.058,5.1,61.9,0.97,261.3,31.6,130,60,40,268,138.7,65.1
6264,Mullaitivu,Dry,Yala,7.36,,9.5,62.5,1,30.7,27.9,120,60,40,279.5,132.3,68.3
6265,Colombo,Wet,Yala,5.29,0.106,9.1,83.2,2.73,386.1,24.9,120,60,40,274.3,124.3,67.2
6266,Monaragala,Intermediate,Yala,6.73,0.1,13.7,121,1.16,190.4,28,120,40,20,260.9,90.7,32.2
6267,Anuradhapura,Dry,Yala,5.88,0.14,9.9,103.2,,89.5,30.4,120,60,20,279.7,139.3,32.2
6268,Galle,Wet,Yala,5.13,0.183,7.7,68.8,2.37,267.7,26.4,100,60,40,204.3,132,67.1
6269,Monaragala,Intermediate,Maha,6.55,0.1,18.8,113.9,1.21,110.1,26.7,120,20,20,253.2,44.7,31.6
6270,Batticaloa,Dry,Maha,6.43,0.163,10.5,56,0.96,216.3,29.5,100,40,60,221.9,84.9,104.7
6271,Kandy,Wet,Yala,5.84,0.172,11.7,147.6,1.57,379.4,25.4,100,40,20,212.5,85.5,31.1
6272,Polonnaruwa,Dry,Maha,6.98,0.18,13.4,,0.56,228,28.5,100,40,20,231.4,90.1,31.3
6273,Trincomalee,Dry,Maha,6.84,0.05,,48.5,1.18,167,27.9,130,60,60,264.2,138.8,97.6
6274,Kandy,Wet,Yala,5.98,0.099,11.5,62.4,1.84,276.4,24.9,130,40,40,284.7,88.7,62.9
6275,Puttalam,Dry,Maha,6.28,0.154,10.9,105.4,0.59,299.1,29.3,100,40,20,220.4,90.8,33.2
6276,Trincomalee,Dry,Maha,5.71,0.084,11.2,76.5,0.99,242.5,,130,40,40,289.1,82.7,65.7
6277,Badulla,Intermediate,Yala,6.6,0.112,16.6,118,1.03,149.5,27.1,120,20,20,251.3,41.6,34.4
6278,Anuradhapura,Dry,Maha,6.46,0.146,8,74.8,1.46,145.7,31.2,120,60,40,255.6,131,71.2
6279,Puttalam,Dry,Yala,5.51,0.165,11.4,95.1,1,70.7,27.7,100,40,40,228.6,82.8,69.2
6280,Anuradhapura,Dry,Yala,7.25,0.102,7.3,43.4,,66.3,29.2,120,60,60,249,133,95.2
6281,Mullaitivu,Dry,Yala,6.9,0.154,12.6,64.9,1.39,59.1,27.2,100,40,40,228.1,84.3,71.1
6282,Kalutara,Wet,Maha,4.67,,5.2,118.7,2.24,378.6,26.3,100,60,20,219.4,136.1,32.8
6283,Polonnaruwa,Dry,Yala,,0.138,,67.2,1.2,53,29.6,120,40,40,271.2,91,66.4
6284,Kegalle,Intermediate,Maha,6.64,0.074,15.7,122.1,1.62,249,27.1,130,20,20,291.7,43.3,32.9
6285,Kurunegala,Intermediate,Maha,6.72,0.159,17,52,1.99,236.5,26.3,100,20,60,207.9,41.4,96.7
6286,Galle,Wet,Maha,5.96,0.067,5.6,131.7,2.08,338,26.6,130,60,20,285.5,133.3,35.3
6287,Nuwara Eliya,Wet,Maha,4.51,0.087,7.6,62.2,2.15,303,26.2,130,60,40,298.2,140,65
6288,Mullaitivu,Dry,Yala,6.22,0.149,6.7,59.9,1.46,22.4,29.6,120,60,60,258.2,132.8,101.2
6289,Trincomalee,Dry,Maha,6.35,0.066,14.9,106.3,0.6,252.1,27.4,130,40,20,302.4,80.9,32
6290,Matale,Intermediate,Maha,5.4,0.103,16.5,51.4,1.58,229.6,26.5,120,20,60,259,40.4,104.5
6291,Kandy,Wet,Maha,4.66,0.069,8,143.2,1.99,223.7,26.6,130,60,20,267.5,126.9,34.7
6292,Kurunegala,Intermediate,Maha,6.36,0.086,18.9,109,1.79,104.8,28.9,130,20,20,277.9,41.5,32.3
6293,Kandy,Wet,Maha,5.48,0.155,6.3,61.3,2.34,246.8,25.1,100,60,40,232.1,136.5,68.5
6294,Trincomalee,Dry,Yala,6.9,0.166,9.6,101.7,1.05,68.5,28.3,100,60,20,211.5,137.1,34.3
6295,Kilinochchi,Dry,Yala,6.51,0.158,11,77.5,1.19,54.2,27.1,100,40,40,229.4,83.8,67.3
6296,Nuwara Eliya,Wet,Yala,4.94,0.113,11.6,71.3,2.4,256.1,26.3,120,40,40,275.8,84.7,67.7
6297,Mullaitivu,Dry,Maha,6.7,0.067,12.2,41.7,0.74,296.8,31.4,130,40,60,276.2,83.6,101.1
6298,Trincomalee,Dry,Maha,5.6,0.091,8.4,110.3,1.17,295.9,28.7,130,60,20,264.9,138.4,31.2
6299,Matale,Intermediate,Maha,5.33,0.15,18.9,116.5,1.07,198.6,28.8,100,20,20,224.7,43.5,34.2
6300,Colombo,Wet,Maha,4.78,0.137,11.3,124.4,1.79,396.8,27.7,120,40,20,253.5,89,33.1
6301,Nuwara Eliya,Wet,Yala,5.4,0.137,5.6,130.8,2.09,362.9,25.9,120,60,20,272,128.7,33
6302,Trincomalee,Dry,Yala,5.54,0.093,13.8,41.1,0.96,90.3,30.4,130,40,60,280.2,88.7,105.4
6303,Puttalam,Dry,Maha,6.38,,,101.1,0.77,258.7,31.2,100,40,20,216.9,85.5,30.9
6304,Matara,Wet,Maha,5.78,0.141,7.9,144.5,2.83,268.7,25.3,120,60,20,271.8,127.3,32.1
6305,Ratnapura,Wet,Yala,5.73,0.095,8.9,133.8,2.92,229.8,26.2,130,60,20,277.6,133,31.4
6306,Hambantota,Dry,Maha,5.97,0.052,6.9,99.6,0.94,219.8,31.6,130,60,40,280.2,132.2,62.1
6307,Nuwara Eliya,Wet,Maha,4.76,0.071,10.4,104.2,2.52,332.9,24.4,130,40,20,277.4,84.3,32.2
6308,Matale,Intermediate,Maha,6.37,0.184,13,108.5,1.46,118.6,26.4,100,40,20,213.1,82.4,35.7
6309,Batticaloa,Dry,Maha,7.06,,14.9,46.4,,126.8,28.9,130,40,60,283.7,85.3,96.6
6310,Matara,Wet,Maha,5.93,0.136,8.8,129.1,2.12,329.3,24.6,120,60,20,273,128.7,34.1
6311,Kurunegala,Intermediate,Maha,5.33,0.184,7.6,67.8,1.12,234.9,26,100,60,40,212.9,132.9,62.9
6312,Matara,Wet,Yala,5.61,0.076,9.6,90.5,1.63,280.3,27.2,130,60,40,283.6,138.5,67.7
6313,Colombo,Wet,Maha,5.46,0.105,7.5,128.4,2.43,345.3,25.2,120,60,20,267.6,121.3,35.7
6314,Matale,Intermediate,Yala,6.43,0.168,17.1,102.9,1.69,243.3,27.3,100,20,20,209.9,41.8,32.3
6315,Mullaitivu,Dry,Yala,6.81,0.105,8.5,54.5,,34.6,31.8,120,60,60,252.2,124.4,105.2
6316,Ampara,Dry,Yala,7.14,0.15,14.8,42.3,1.3,78.2,29.2,100,40,60,231.5,87,107.5
6317,Jaffna,Dry,Maha,5.68,0.061,12.3,42.9,0.53,160.9,30.4,130,40,60,292.1,86.1,101.3
6318,Vavuniya,Dry,Maha,7.31,0.106,13.3,55.4,0.78,290.9,31.2,120,40,60,263.9,90,97.1
6319,Ratnapura,Wet,Yala,5.15,,11,129.4,2.73,263.3,24.6,130,40,20,288.9,83.6,34.2
6320,Badulla,Intermediate,Maha,5.99,0.189,18.1,74.8,1.97,101.8,26.1,100,20,40,202.1,44.1,70.2
6321,Ampara,Dry,Maha,6.57,0.158,12.5,80.9,1.36,217,29.5,100,40,40,221.3,92,63.4
6322,Monaragala,Intermediate,Maha,6.2,0.175,14.9,76.6,1.74,205.6,28.2,100,40,40,217.7,92.4,66.2
6323,Kandy,Wet,Yala,5.86,0.093,7.2,146.2,2.11,396.7,27.6,130,60,20,284.5,139.4,32.4
6324,Jaffna,Dry,Yala,7.15,0.114,9.2,55.5,1.1,34,27.6,120,60,60,255.4,135.7,96.8
6325,Mannar,Dry,Yala,5.73,0.067,5.8,42.6,1.21,90.2,28.7,130,60,60,264.9,138.3,105.4
6326,Anuradhapura,Dry,Maha,7.49,0.185,8.7,106.5,0.6,185.3,27.3,100,60,20,207.4,125.2,32.9
6327,Kurunegala,Intermediate,Yala,6.42,0.062,14.2,50.1,1.44,232.3,29,130,40,60,301.7,83.1,97.6
6328,Nuwara Eliya,Wet,Yala,5.02,0.175,,89.9,2.92,243.7,27.3,100,40,40,214.4,80.6,67.7
6329,Ratnapura,Wet,Yala,5.95,0.102,11.5,75.4,2.06,274.1,24.2,120,40,40,259.6,89.7,63.9
6330,Vavuniya,Dry,Maha,5.65,0.091,9,111.8,1.06,127.1,29.3,130,60,20,263.6,139,32
6331,Mullaitivu,Dry,Maha,6.56,0.125,9.3,66.8,,257.8,29.7,120,60,40,242.8,124.3,66.9
6332,Mannar,Dry,Maha,6.25,0.154,11.3,101.4,0.85,170.2,30.4,100,40,20,224.5,88.8,32.8
6333,Kilinochchi,Dry,Maha,6.97,0.065,6.8,60.5,1.14,165.6,28.5,130,60,40,284.2,135.2,64.6
6334,Matara,Wet,Maha,5.55,0.052,8.8,88.7,2.4,256.1,24.5,130,60,40,283,138.8,62.2
6335,Colombo,Wet,Yala,5.12,0.089,,137.5,2.7,224.6,26.3,130,40,20,271.7,88.9,33.4
6336,Colombo,Wet,Maha,,0.081,11.1,94.3,2.25,203.4,26.9,130,40,40,293,93.1,69.9
6337,Puttalam,Dry,Yala,5.7,0.197,9,67.6,1.47,79.5,28.1,100,60,40,206.6,127.4,70.2
6338,Vavuniya,Dry,Yala,7.02,0.164,8.4,92.5,1.26,98.1,27.2,100,60,40,207.3,127.5,64.1
6339,Kandy,Wet,Maha,4.87,0.15,8.9,87.3,1.55,389.4,25.9,100,60,40,216.1,131.2,67.7
6340,Kurunegala,Intermediate,Yala,6.61,0.059,11.2,112.6,1.88,240.3,26.5,130,40,20,273.5,85.5,35.1
6341,Kalutara,Wet,Yala,5.57,0.173,5.4,127.9,2.31,325.8,24.7,100,60,20,209.2,120.6,32.8
6342,Monaragala,Intermediate,Maha,5.81,0.146,16.4,72.8,1.23,131.1,26.1,120,20,40,266.6,45,71
6343,Vavuniya,Dry,Yala,,0.152,6.6,75.7,0.93,40.8,29.8,100,60,40,222.3,135.3,70.7
6344,Nuwara Eliya,Wet,Maha,5.37,0.195,,86.6,,310.7,25.5,100,60,40,228,135.2,63.8
6345,Ratnapura,Wet,Yala,5.43,0.14,9.9,95.6,1.75,388.7,24.4,120,60,40,257.7,127.4,64.3
6346,Monaragala,Intermediate,Maha,6.48,0.131,19.9,81.6,1.78,216.3,27.4,120,20,40,244.2,43.6,63.5
6347,Nuwara Eliya,Wet,Yala,4.6,0.135,5.2,98.7,1.91,342.6,26.1,120,60,40,252,127.7,63.7
6348,Matara,Wet,Maha,6,0.148,7.5,74.5,,307.7,27.3,120,60,40,279.7,120.9,70.8
6349,Anuradhapura,Dry,Yala,7.49,0.135,11.2,47.2,1.42,64.5,31.1,120,40,60,264.7,87.8,106.5
6350,Ratnapura,Wet,Yala,4.82,0.189,11.2,84.4,2.59,236.8,25.1,100,40,40,224.2,82.1,62.2
6351,Mannar,Dry,Yala,6.26,0.054,13.7,63.8,1.47,58.8,27.6,130,40,40,261.7,81.5,67.6
6352,Kilinochchi,Dry,Yala,6.11,0.124,14.9,42.2,1.26,20.4,29.8,120,40,60,261.6,90.3,101
6353,Kilinochchi,Dry,Yala,6.02,0.173,12.2,48.1,1.22,99.2,27.2,100,40,60,202.3,80.6,98.4
6354,Kurunegala,Intermediate,Maha,6.03,0.174,18.7,106.3,1.94,151.4,,100,20,20,219.7,46.5,34
6355,Ampara,Dry,Yala,7.17,0.102,5.6,67.4,1.31,29,31.1,120,60,40,277.4,130.7,71.2
6356,Hambantota,Dry,Maha,6.75,0.191,7.9,108.3,0.89,229,31,100,60,20,232.7,139.8,31.7
6357,Vavuniya,Dry,Maha,6.95,0.097,6.4,,1.44,149.6,28.2,130,60,20,284.3,121.8,31.4
6358,Nuwara Eliya,Wet,Yala,4.66,0.148,5.1,127.1,2.85,227.4,25.3,120,60,20,259.3,132,31
6359,Kilinochchi,Dry,Yala,6.6,0.058,7.6,90.6,0.72,49.9,30.5,130,60,40,301.5,127.5,65.3
6360,Matale,Intermediate,Yala,5.3,0.052,6.4,122.3,1.55,220.7,27.5,130,60,20,290,137.1,32.5
6361,Kilinochchi,Dry,Yala,7.17,0.141,5.6,49,,91.9,,120,60,60,243.9,127.7,99
6362,Galle,Wet,Yala,4.65,0.155,8.9,102.9,2,239.1,25.8,100,60,20,216.3,125.7,33.3
6363,Mannar,Dry,Maha,7.23,0.109,14.1,107.1,0.52,281.6,31.7,120,40,20,250.7,91.7,34.6
6364,Gampaha,Wet,Maha,4.62,0.123,9.4,71,2.44,307,26.9,120,60,40,259.7,127.9,65.6
6365,Polonnaruwa,Dry,Maha,6.52,0.156,,96.2,0.99,272.1,29.8,100,40,40,215.9,80.7,65
6366,Nuwara Eliya,Wet,Maha,5.42,0.149,9,144.9,2.77,266.4,24.2,120,60,20,264.1,128.3,34.9
6367,Monaragala,Intermediate,Yala,5.22,0.1,10.3,120.9,1.67,133.7,28.8,120,40,20,255.3,89,35
6368,Kurunegala,Intermediate,Yala,6.61,0.184,9.9,62.2,1.46,104.8,27.7,100,60,40,206.5,125.6,64
6369,Nuwara Eliya,Wet,Maha,4.81,0.054,8.1,148.1,,205.5,25.6,130,60,20,282.8,129.1,32.4
6370,Hambantota,Dry,Maha,6.8,0.068,8.3,105.4,1.34,296.8,29.5,130,60,20,296.6,121.7,34.9
6371,Kurunegala,Intermediate,Maha,,0.18,19.1,119.9,1.02,247,26.8,100,20,20,222.7,44.1,31.2
6372,Batticaloa,Dry,Maha,6.69,0.096,10.3,56.5,1.04,190.2,29.4,130,40,60,275.7,90.3,97.4
6373,Hambantota,Dry,Maha,7.43,0.148,8.2,48.6,1.38,157,,120,60,60,277.9,128.7,99.2
6374,Ratnapura,Wet,Yala,4.82,0.187,11.9,132.3,2.07,373.5,27.8,100,40,20,230.8,86,31.7
6375,Ratnapura,Wet,Yala,5.89,0.178,11.7,81.3,2.07,320.7,27.8,100,40,40,207.9,81.6,63.5
6376,Kurunegala,Intermediate,Yala,5.36,0.094,10.9,65.4,1.63,,27.3,130,40,40,263.1,83.1,65.9
6377,Monaragala,Intermediate,Yala,5.27,0.118,8.9,69.6,1.5,101.4,27.6,120,60,40,270.3,123.6,69.2
6378,Trincomalee,Dry,Yala,6.23,0.059,7.9,118.7,1.05,52.9,27.7,130,60,20,296.5,130,35
6379,Batticaloa,Dry,Yala,5.99,0.124,11.9,59.6,1,70.5,27.2,120,40,60,279.2,87.4,107.2
6380,Kurunegala,Intermediate,Yala,6.07,0.14,18.8,97.7,1.59,176.7,29.9,120,20,40,276.2,46.4,62.4
6381,Monaragala,Intermediate,Yala,6.23,0.159,10.1,,1.24,115.6,28.2,100,40,60,220.7,81.4,95.8
6382,Colombo,Wet,Yala,5.95,0.194,5.6,132.1,2.46,345.1,25,100,60,20,218.4,132.4,34.6
6383,Kilinochchi,Dry,Maha,6.02,0.061,11.3,58.9,1.33,255.8,,130,40,60,262.6,87.3,100.6
6384,Kandy,Wet,Maha,4.51,0.195,12,106.8,1.6,300.9,24.3,100,40,20,209.1,87.2,32.4
6385,Mullaitivu,Dry,Maha,6.43,0.115,6.3,61.2,0.6,202.7,30.4,120,60,40,259.3,137.7,63.8
6386,Kilinochchi,Dry,Maha,7.07,0.09,5.1,113.7,0.86,261.7,30.3,130,60,20,288,124.6,32.2
6387,Vavuniya,Dry,Maha,6.22,0.193,13,88.3,0.77,268.9,27.7,100,40,40,219.3,81,66
6388,Mullaitivu,Dry,Maha,6.22,0.169,,80.4,1.46,261.3,28.4,100,40,40,225.3,89.2,63.5
6389,Matale,Intermediate,Maha,5.86,0.1,13.6,123.2,1.61,145.3,29.2,120,40,20,252.3,85,35.6
6390,Ampara,Dry,Maha,6.49,0.126,8.6,74,1.36,260.1,29.9,120,60,40,263.4,121,62.8
6391,Vavuniya,Dry,Yala,5.67,0.163,6.1,83.4,,73,27.5,100,60,40,204,125.5,71.6
6392,Kegalle,Intermediate,Yala,6.38,0.106,8.3,91.3,1.13,242.4,28.9,120,60,40,257.5,126.7,70.1
6393,Kandy,Wet,Maha,5.95,0.091,9.9,94.6,2.88,369.8,25.7,130,60,40,293.2,132.7,65.9
6394,Ratnapura,Wet,Maha,4.82,0.165,10.4,118,2.87,377.1,27.5,100,40,20,223.7,82.7,34.5
6395,Trincomalee,Dry,Maha,6.19,0.155,13.8,74.8,0.96,,30.3,100,40,40,233.4,85.9,68.4
6396,Kilinochchi,Dry,Maha,6.52,0.092,13.4,93.3,1.11,136.3,30,130,40,40,273.2,86.8,63.8
6397,Anuradhapura,Dry,Maha,7.27,0.15,12.3,93.9,0.82,,30.5,100,40,40,217.3,86.5,65.1
6398,Ampara,Dry,Maha,5.69,0.127,9,109.4,1.41,258.8,30.8,120,60,20,254.2,139.7,33.4
6399,Hambantota,Dry,Yala,5.61,0.112,7.1,59.3,,49.9,27.2,120,60,60,258.6,121.5,102.1
6400,Kilinochchi,Dry,Maha,5.66,0.052,,112.3,1.35,282.1,29.6,130,60,20,297.7,139.2,33.5
6401,Monaragala,Intermediate,Maha,5.81,0.184,14,89.6,1.3,207.9,26.6,100,40,40,223.4,88.1,66.4
6402,Batticaloa,Dry,Yala,5.72,0.146,13.1,71.1,1.18,89.9,31.5,120,40,40,275.9,90.9,66.1
6403,Ampara,Dry,Yala,,0.115,13.3,90.7,,23,30.6,120,40,40,249.3,86.1,66.7
6404,Hambantota,Dry,Maha,6.25,0.176,11.3,75.9,0.85,224.7,27.2,100,40,40,229.6,86.4,66
6405,Puttalam,Dry,Maha,6.22,0.078,7.3,43.9,1,282.2,32,130,60,60,263.9,137.8,100.6
6406,Kegalle,Intermediate,Yala,5.38,0.113,8.5,69.5,1.25,211.6,27.1,120,60,40,276.1,138.1,70.6
6407,Ampara,Dry,Yala,5.56,0.144,14.3,48.8,1.22,41.1,30.1,120,40,60,254.2,83.6,102
6408,Kurunegala,Intermediate,Maha,6.25,0.085,5.1,104.2,1.13,142.6,27.4,130,60,20,274.7,124.5,34.4
6409,Colombo,Wet,Yala,5.77,0.176,9.1,61.7,2.12,379.2,25,100,60,40,217.8,130.3,67.7
6410,Galle,Wet,Maha,4.73,0.055,6.4,129.2,1.81,261.4,25.2,130,60,20,301.3,138.2,34
6411,Ratnapura,Wet,Maha,4.92,0.121,10.9,113.7,2.96,373.6,26.4,120,40,20,243.2,84.7,33.7
6412,Matara,Wet,Maha,5.42,0.109,5.7,112.3,2.87,231.5,27.8,120,60,20,255.1,133.4,30.9
6413,Badulla,Intermediate,Maha,5.37,0.157,6.5,83.5,1.59,109.9,27.5,100,60,40,229,134.5,71.7
6414,Ampara,Dry,Maha,7.24,0.142,11.4,103.5,1.39,252,28.7,120,40,20,256.8,90.6,31
6415,Kegalle,Intermediate,Maha,5.73,0.076,9.8,127.3,1.72,173.5,29.2,130,60,20,269.8,131.7,32.8
6416,Kandy,Wet,Yala,5.26,0.194,10.5,99.9,1.56,312.1,26.6,100,40,40,214.9,85.7,62.7
6417,Badulla,Intermediate,Yala,6.37,0.192,7.2,114.3,1.29,153.2,28.6,100,60,20,213.7,139.5,31.3
6418,Ratnapura,Wet,Yala,4.93,0.165,6.2,92.2,2.19,206.8,26.9,100,60,40,230.9,132.6,69.6
6419,Vavuniya,Dry,Maha,,0.153,14.9,69.1,1.42,199.3,27.2,100,40,40,225.9,90,66
6420,Ampara,Dry,Yala,7.31,0.174,12.6,92.6,1.38,60.6,30.1,100,40,40,217.6,85,69.7
6421,Gampaha,Wet,Maha,5.77,,5.8,80.7,2.34,268.4,25.9,120,60,40,280,133.7,64.4
6422,Hambantota,Dry,Maha,7.26,0.154,,64.2,1.33,254.4,27.7,100,40,40,216.3,83.8,64.3
6423,Kilinochchi,Dry,Maha,5.88,0.09,9.5,59.4,1.27,294.1,30.3,130,60,60,263.9,125.4,96.3
6424,Matale,Intermediate,Yala,6.42,0.081,19.4,,1.3,149.2,27.5,130,20,40,272.5,44.9,67.9
6425,Ampara,Dry,Yala,7.09,0.199,13.2,108.2,0.92,38.8,,100,40,20,215.3,87.3,34.9
6426,Trincomalee,Dry,Yala,,0.098,,91.3,1.38,44.7,27.5,130,60,40,268.1,134,66.2
6427,Gampaha,Wet,Yala,4.76,0.116,10.1,,1.73,302,25.2,120,40,40,278.4,84,65.5
6428,Kilinochchi,Dry,Maha,6.6,,11,65.7,1.09,123.9,,130,40,40,293.9,88.3,71.4
6429,Kurunegala,Intermediate,Maha,,0.073,17.8,88,1.07,134.7,26.6,130,20,40,272.8,43.1,62.9
6430,Trincomalee,Dry,Yala,6.67,0.051,13.7,102.8,0.82,91.9,28.7,130,40,20,286.4,88.3,33.2
6431,Kilinochchi,Dry,Yala,5.71,0.152,14.1,91.9,0.54,69.6,28.4,100,40,40,224.6,84.3,65.8
6432,Kilinochchi,Dry,Yala,6.98,,8.6,83.1,1.45,29,31.2,120,60,40,278.2,134.6,62.7
6433,Batticaloa,Dry,Yala,6.24,0.058,13.8,79.5,,64.2,31.2,130,40,40,298.8,91,64.4
6434,Matale,Intermediate,Maha,6.77,0.076,,60.1,1.21,149.2,29.7,130,60,40,283.2,125.7,62
6435,Mullaitivu,Dry,Yala,5.76,0.09,5.7,91.2,0.9,32.2,31.5,130,60,40,294.2,126.5,70.5
6436,Mannar,Dry,Yala,7.17,0.071,11.2,73,0.91,65.2,29.1,130,40,40,285.2,89.1,67.8
6437,Hambantota,Dry,Maha,7.13,0.109,14.5,78.7,0.86,127.6,28.3,120,40,40,263,89.6,69.9
6438,Kandy,Wet,Maha,,0.175,10.3,118.1,1.66,262.1,25.3,100,40,20,204.8,89.7,33.4
6439,Galle,Wet,Maha,5.54,0.149,11.1,64.1,1.67,282.6,25,120,40,40,246.3,89.4,67.7
6440,Vavuniya,Dry,Yala,7.4,0.166,13.3,103.6,1.18,99.8,27.6,100,40,20,218.4,85.6,34.3
6441,Colombo,Wet,Maha,5.34,0.069,7.7,77.1,1.52,229.1,25.5,130,60,40,272.8,128.3,70.8
6442,Matale,Intermediate,Maha,,0.197,10.8,123.7,1.25,195.3,27.1,100,40,20,201.8,83.8,31.3
6443,Matara,Wet,Maha,5.88,0.196,8.5,122,1.6,373,26.5,100,60,20,224.7,123.7,32.5
6444,Trincomalee,Dry,Yala,7.37,,12.8,117.8,1.16,88.7,29.7,100,40,20,202.2,89.5,34.3
6445,Badulla,Intermediate,Yala,5.84,0.11,16.7,60.1,1.3,192.6,27.7,120,20,40,264.6,40.8,71.3
6446,Vavuniya,Dry,Yala,6.96,0.169,10.8,81.3,1.37,81.7,30.2,100,40,40,218.7,92.7,71.5
6447,Nuwara Eliya,Wet,Maha,5.64,0.05,,,3,255.6,26.4,130,60,40,302.5,136.8,68.1
6448,Gampaha,Wet,Maha,5.06,0.097,5,147.4,2.7,,24.7,130,60,20,281.9,137.4,31.8
6449,Ampara,Dry,Maha,7.1,0.104,5.2,98.9,1.33,132,30,120,60,40,243.8,138.4,62.9
6450,Puttalam,Dry,Yala,7.01,0.196,14.7,92.1,0.99,75.2,29.8,100,40,40,219.1,85.8,71.2
6451,Nuwara Eliya,Wet,Yala,4.85,0.056,6.9,90.9,2.34,215.3,,130,60,40,297.1,137.2,66
6452,Kilinochchi,Dry,Maha,5.97,,11.3,44.9,0.72,261.9,30.7,120,40,60,280.3,82.5,95.4
6453,Matale,Intermediate,Yala,6.08,0.059,7.4,86,1.59,200.8,27.9,130,60,40,279.6,121,71
6454,Nuwara Eliya,Wet,Maha,5.69,0.095,8.8,82.7,1.91,398.9,28,130,60,40,275,136,62.7
6455,Kalutara,Wet,Yala,5.65,0.111,10.9,147,1.83,209.1,27,120,40,20,276.8,81.5,34.4
6456,Matale,Intermediate,Maha,6.57,0.157,16.4,82.2,1.74,187.7,26.2,100,20,40,207.3,46.7,68
6457,Vavuniya,Dry,Maha,5.61,0.167,11.6,58.5,0.52,271.8,31.5,100,40,60,221.2,89.3,93.8
6458,Hambantota,Dry,Maha,5.74,,13.8,66.9,1.06,165.5,28.3,100,40,40,214.3,90.3,65.1
6459,Galle,Wet,Yala,5.07,0.087,9.4,77,1.94,211.9,25,130,60,40,263.1,125.4,63.2
6460,Hambantota,Dry,Maha,6.45,0.053,13.2,54.2,,141.8,30.1,130,40,60,276.1,89.3,101.6
6461,Hambantota,Dry,Maha,6.29,0.142,10.4,63.2,,192.3,29,120,40,40,251.7,81,66.5
6462,Kilinochchi,Dry,Yala,6.46,0.06,10.4,100.8,1.09,85.5,30.5,130,40,20,290.5,91.4,30.8
6463,Kandy,Wet,Maha,5.18,0.142,,102.2,2.22,227.8,27.3,120,60,20,278.5,123.9,35.7
6464,Kegalle,Intermediate,Yala,5.88,0.121,16.5,90.6,1.36,170.1,,120,20,40,251.8,44.8,65.2
6465,Ratnapura,Wet,Yala,5.14,0.169,11.5,102,1.86,376.9,24.6,100,40,20,227.6,83.4,32.1
6466,Ampara,Dry,Maha,6.51,0.162,10.6,43.4,0.57,231.7,30.9,100,40,60,202.9,81.4,95.8
6467,Kalutara,Wet,Maha,4.63,0.063,8.5,110.6,,265.1,25.2,130,60,20,284.2,130,31.6
6468,Nuwara Eliya,Wet,Yala,4.78,0.168,,99.8,2.49,312.6,27.8,100,40,40,203.4,82.7,71.7
6469,Kandy,Wet,Maha,5.48,0.061,5.6,80.6,1.7,285.6,25.7,130,60,40,301,134.9,64.7
6470,Puttalam,Dry,Maha,7.09,0.113,9.6,114.5,1.14,251.1,30.1,120,60,20,271.3,125.3,32.8
6471,Mannar,Dry,Maha,6.04,0.066,12.5,61.4,1.25,284,30.3,130,40,40,289.3,84.9,70.4
6472,Gampaha,Wet,Maha,5.79,0.17,11.8,144.4,1.63,287.5,24.4,100,40,20,228,87.9,34
6473,Vavuniya,Dry,Yala,5.82,0.136,13.9,45.4,0.94,40.6,30.9,120,40,60,266.7,84.2,98
6474,Ratnapura,Wet,Yala,4.77,0.126,6.5,,1.65,356.1,27.5,120,60,20,279.3,128,35.3
6475,Nuwara Eliya,Wet,Maha,5.99,0.121,7.2,81.2,2.78,234.4,24.8,120,60,40,269.3,136.6,69.2
6476,Mannar,Dry,Yala,6.25,0.163,,53.5,0.91,28.2,29.2,100,40,60,231.2,82.8,95.9
6477,Badulla,Intermediate,Yala,5.44,,12.5,54.7,1.64,192.5,27.9,130,40,60,283.3,81.5,102.2
6478,Ratnapura,Wet,Maha,4.88,0.188,6.8,86.5,2.22,292.2,24.1,100,60,40,204.9,127,70.9
6479,Badulla,Intermediate,Yala,5.82,0.095,17.3,124.6,1.75,150.5,26.1,130,20,20,283.8,43,33.3
6480,Mannar,Dry,Maha,5.67,0.1,14.4,69.3,0.64,161.7,27.6,120,40,40,246.3,87.6,69
6481,Puttalam,Dry,Maha,6.03,0.178,8.9,96.9,,161,28.6,100,60,40,220.4,127.9,71.4
6482,Mullaitivu,Dry,Maha,7.03,0.102,9.2,64,,260.3,29.6,120,60,40,260.2,136.1,68.6
6483,Ampara,Dry,Maha,7.45,0.069,15,105.3,1.4,139.1,31.2,130,20,20,287.8,40.5,31.3
6484,Kurunegala,Intermediate,Maha,6.04,0.114,8.8,,1.18,212.2,28.2,120,60,40,241.7,129.1,64.1
6485,Mannar,Dry,Maha,6.56,0.076,6.8,89.8,0.91,196.4,29.4,130,60,40,269.7,128.1,67.7
6486,Anuradhapura,Dry,Yala,5.95,0.117,14.4,115.1,1.48,87.4,27.9,120,40,20,260.6,88.9,32.2
6487,Kilinochchi,Dry,Yala,6.16,0.098,14.2,66.2,0.66,37.9,29.3,130,40,40,301.7,93.1,71.3
6488,Hambantota,Dry,Maha,7.41,0.096,12.8,64.7,1.48,278.9,28.4,130,40,40,277.7,87.1,65.8
6489,Batticaloa,Dry,Maha,6.95,0.116,9.7,83,0.56,293.2,30.9,120,60,40,257.9,139.9,66.3
6490,Trincomalee,Dry,Yala,5.84,0.064,6.1,76.3,1.2,77.9,30.1,130,60,40,291.7,126.5,68.7
6491,Ratnapura,Wet,Maha,4.69,0.197,7.8,79.2,2.7,,27.1,100,60,40,220.8,121.2,66.9
6492,Hambantota,Dry,Maha,5.99,0.052,9.6,114.1,,206.3,30.3,130,60,20,274.1,123.9,32.7
6493,Colombo,Wet,Yala,5.99,0.124,7.5,74.2,2.66,248.9,27.4,120,60,40,257.4,128.3,62.5
6494,Kegalle,Intermediate,Yala,6.66,0.15,9.2,,2,190.5,27.8,100,60,40,208.2,126.8,67.7
6495,Puttalam,Dry,Maha,7.41,0.085,5.2,75.1,0.83,,27.6,130,60,40,302.4,122.5,70.4
6496,Puttalam,Dry,Yala,6.58,0.17,12.4,64.4,1.4,67.8,27.4,100,40,40,205.4,86.1,68.6
6497,Monaragala,Intermediate,Maha,6.52,0.104,14.9,97,1.62,173.2,29.4,120,40,40,255.9,84.9,65.5
6498,Galle,Wet,Yala,4.68,0.074,7.5,139.4,2.68,375.1,26.1,130,60,20,262.5,123,31.4
6499,Nuwara Eliya,Wet,Maha,5.96,0.19,10.5,86,2.87,286.6,24.9,100,40,40,208.3,84.3,69.9
6500,Mannar,Dry,Yala,5.53,0.053,8.3,92.1,1.16,28.2,31.8,130,60,40,294.5,138,71.1
6501,Badulla,Intermediate,Maha,5.77,0.144,8.6,101.4,1.15,111.8,,120,60,20,249.2,126.5,32.7
6502,Kegalle,Intermediate,Yala,5.47,0.18,15.2,97.5,1.17,248.2,29.1,100,20,40,203.7,44.9,69
6503,Gampaha,Wet,Yala,5.65,0.125,7.5,85.8,2.89,357.6,28,120,60,40,259.9,132.6,65.8
6504,Kurunegala,Intermediate,Maha,6.41,0.191,11.5,128.2,1.18,146.2,29.7,100,40,20,201.4,86,33.3
6505,Badulla,Intermediate,Maha,6.49,0.166,10.3,72.1,1.93,194.1,29.6,100,40,40,203.9,83.6,70.1
6506,Kegalle,Intermediate,Maha,5.78,,11.9,127.6,1.02,164.9,29.6,130,40,20,295.6,85.3,31.2
6507,Matara,Wet,Yala,4.61,0.079,8.7,125.8,2.36,202.1,24.3,130,60,20,294.1,132.2,33.5
6508,Kilinochchi,Dry,Maha,5.7,0.067,7.7,52.6,0.67,127.7,31.9,130,60,60,300.2,127.5,95.7
6509,Matara,Wet,Maha,4.57,0.198,8.4,128.3,2.7,214,25.7,100,60,20,229,124.8,32.5
6510,Mullaitivu,Dry,Maha,6.39,0.123,7.6,75.2,1.35,244.1,30.5,120,60,40,268.1,122.9,68.1
6511,Mullaitivu,Dry,Yala,6.31,0.192,11.1,118.6,1.25,65.8,27.2,100,40,20,202.8,92,30.9
6512,Vavuniya,Dry,Maha,6.65,0.181,12.4,46,0.96,257.2,28.6,100,40,60,226.6,86.2,101.4
6513,Matara,Wet,Maha,5.29,0.15,5.3,71.3,2.84,325.7,25.6,100,60,40,228.7,132.8,64.5
6514,Polonnaruwa,Dry,Yala,7.15,0.169,14.2,115.9,0.74,36.2,28.4,100,40,20,227.2,86.9,34.1
6515,Jaffna,Dry,Maha,5.57,0.081,11.5,107.7,0.86,211.3,29.7,130,40,20,283,91.9,31.5
6516,Colombo,Wet,Yala,5.7,0.123,6.9,116.7,1.89,257.3,26.8,120,60,20,250.4,131.3,34.5
6517,Nuwara Eliya,Wet,Yala,5.11,0.083,6.3,91.9,1.53,392.8,25.4,130,60,40,297.2,130,68.2
6518,Kegalle,Intermediate,Yala,6.52,0.122,14.1,115.1,1.99,144.6,27,120,40,20,269.8,92.5,35.7
6519,Kalutara,Wet,Maha,5.56,0.185,11.4,90.8,2.22,345.7,25.9,100,40,40,233.1,89.9,70.8
6520,Kandy,Wet,Yala,4.96,0.094,6.5,140.4,2.92,388.2,25.4,130,60,20,268,122.8,32.2
6521,Polonnaruwa,Dry,Yala,7.3,0.18,14.6,110.4,0.87,63.5,31.5,100,40,20,208.5,82.8,30.9
6522,Puttalam,Dry,Maha,,0.117,14.3,71.4,0.55,180.5,28.5,120,40,40,249.6,90.7,68.3
6523,Vavuniya,Dry,Maha,5.57,0.088,,74.2,0.68,181.5,29.7,130,60,40,295,137,67.7
6524,Nuwara Eliya,Wet,Maha,5.65,0.129,9.5,145.2,2.7,227.8,27.9,120,60,20,248.6,131.3,30.9
6525,Matale,Intermediate,Maha,6.45,0.094,16.4,54.2,1.88,194.4,26.4,130,20,60,264.2,43.9,94.3
6526,Mullaitivu,Dry,Maha,6.58,0.075,9.2,109.6,0.8,203.9,31.1,130,60,20,303.7,133,33.7
6527,Kurunegala,Intermediate,Yala,5.92,,18.6,66.3,1.79,189.5,28.5,130,20,40,262.5,43.1,70.8
6528,Badulla,Intermediate,Maha,5.78,0.116,,65.2,1.67,154.7,26.5,120,40,40,274,89.4,70.8
6529,Ampara,Dry,Maha,7.31,0.092,14.8,86.3,1.29,212.6,28,130,40,40,276.9,81.9,63.2
6530,Batticaloa,Dry,Yala,7.03,0.105,10.4,48.9,1.13,96.7,30,120,40,60,274.3,93,98.3
6531,Kurunegala,Intermediate,Yala,5.52,0.181,,68.9,1.21,158.9,28.1,100,60,40,219.2,135.3,62.1
6532,Batticaloa,Dry,Maha,7.44,0.153,12.5,81.5,1.22,235.1,28,100,40,40,230.5,88.7,66.4
6533,Mullaitivu,Dry,Maha,6.45,0.11,6.6,44.9,0.75,196.8,32,120,60,60,277.6,126.8,103.8
6534,Mannar,Dry,Maha,6.65,0.057,13.6,116.1,1.16,286.7,30.9,130,40,20,261.8,82.6,34.7
6535,Kalutara,Wet,Yala,5.33,0.163,5.2,110.5,,284.4,27.3,100,60,20,203.6,128.6,33.3
6536,Batticaloa,Dry,Yala,7.25,0.187,11.8,,0.84,71,27.2,100,40,60,209.3,89.1,93.9
6537,Colombo,Wet,Maha,4.91,0.162,11.5,64.4,1.66,379.3,24.3,100,40,40,222.9,88.7,65.5
6538,Gampaha,Wet,Yala,5.02,0.114,9.4,107.8,1.6,344.3,25,120,60,20,276.1,128.1,35.5
6539,Trincomalee,Dry,Yala,6.21,0.123,5.5,98.5,0.92,88.3,27.8,120,60,40,259.3,132.6,64
6540,Colombo,Wet,Yala,5.49,0.131,5.2,126.7,2.02,227.1,26.9,120,60,20,265.1,136.5,32.4
6541,Kegalle,Intermediate,Yala,6.04,0.138,17.8,103.5,1.87,175.7,29.4,120,20,20,248.7,40.4,34.5
6542,Nuwara Eliya,Wet,Maha,5.53,,9.9,120.7,,335.4,26.3,100,60,20,227.3,129.4,34.5
6543,Kegalle,Intermediate,Yala,6.03,0.11,11.1,,1.5,125.5,28.7,120,40,20,279.2,90.4,35.4
6544,Anuradhapura,Dry,Maha,7.38,0.169,10.7,77.9,1.38,248.4,30.8,100,40,40,209.9,87.6,65.6
6545,Puttalam,Dry,Maha,,0.141,14.2,104.7,0.81,128.5,28.2,120,40,20,260.7,89,33.4
6546,Colombo,Wet,Maha,5.82,0.059,,60.9,1.68,290,24.4,130,40,40,265.1,87.2,66.4
6547,Nuwara Eliya,Wet,Maha,5.64,0.149,7.5,127.7,2.27,214.2,27.1,120,60,20,263.2,140,35.4
6548,Jaffna,Dry,Yala,6.08,0.172,8.8,118.4,0.68,62.9,28.3,100,60,20,217.5,121.7,34.6
6549,Matara,Wet,Yala,4.94,0.162,9.6,149,1.65,333.9,25.3,100,60,20,205.8,130.2,35
6550,Monaragala,Intermediate,Maha,6.38,0.066,17.2,88.5,1.77,186,26.4,130,20,40,280.1,40.8,63
6551,Kegalle,Intermediate,Maha,5.75,0.141,15.6,59.2,1.03,154.4,28.8,120,20,60,254.4,41.3,104.4
6552,Kandy,Wet,Maha,4.98,0.175,6.7,140.6,2.9,309.4,27.1,100,60,20,218.1,128.1,33
6553,Jaffna,Dry,Maha,7.31,,9.7,111.3,,293.7,31.6,120,60,20,264.3,123.7,30.9
6554,Mannar,Dry,Maha,6.19,0.103,9.7,41.7,0.6,130.9,27.2,120,60,60,241.7,139.5,93.4
6555,Matara,Wet,Yala,5.31,0.098,8.5,65.4,2.24,386,27.8,130,60,40,293.7,139.1,68.5
6556,Trincomalee,Dry,Yala,5.8,0.195,7.7,90.5,1.16,56.8,28,100,60,40,224.3,127.2,65.4
6557,Vavuniya,Dry,Yala,6.06,0.095,,80.8,1.45,84.1,27,130,40,40,276.9,88.8,70.4
6558,Nuwara Eliya,Wet,Maha,5.53,0.189,7.9,111.2,1.56,224,27,100,60,20,202.8,131.1,34.5
6559,Ampara,Dry,Maha,5.66,0.086,11.5,69.3,0.67,250.3,29.7,130,40,40,293.4,91.1,61.9
6560,Ratnapura,Wet,Maha,5.82,0.131,11,97.4,2.13,259.1,27.1,120,40,40,278.7,88.7,68.6
6561,Matara,Wet,Yala,5.4,0.117,5.2,145.3,2.2,293.5,27.4,120,60,20,250.7,120.6,31.8
6562,Vavuniya,Dry,Yala,7.12,0.075,9.5,109.6,1.3,76.4,27.3,130,60,20,275.1,135.5,32.9
6563,Badulla,Intermediate,Maha,6.58,,14.2,59.5,1.09,178.4,,100,40,60,207.1,90.2,101.9
6564,Kegalle,Intermediate,Yala,5.5,0.147,9,83.1,1.77,146.2,29,120,60,40,263.9,130.6,70.4
6565,Kurunegala,Intermediate,Maha,5.57,0.123,16.4,56.1,1.29,112.8,27.7,120,20,60,247.4,46.1,99.3
6566,Ampara,Dry,Yala,7.28,0.116,6.3,51,1.25,56.5,30.6,120,60,60,255.3,138.4,104.6
6567,Gampaha,Wet,Yala,,0.059,10.9,70.9,,300.1,25.9,130,40,40,291,87.3,69.5
6568,Monaragala,Intermediate,Maha,5.56,0.155,17.4,92.5,1.23,138.1,29.2,100,20,40,219.4,44.2,65.8
6569,Matara,Wet,Maha,4.79,,11,106.3,1.66,203.5,26.7,120,40,20,256.5,93.5,33.3
6570,Puttalam,Dry,Maha,6.93,0.149,11,42.9,1.39,214.5,28.2,120,40,60,257.8,84.4,103
6571,Matale,Intermediate,Yala,5.48,0.077,6.6,53.1,1.11,207.3,28.7,130,60,60,285.2,127,93
6572,Vavuniya,Dry,Yala,6.25,0.195,10.9,98.1,0.7,,30.6,100,40,40,201.3,82.9,70.6
6573,Gampaha,Wet,Maha,5.08,0.134,7.3,90.8,1.73,252.3,27.6,120,60,40,244.4,138.1,69.4
6574,Ampara,Dry,Yala,6.36,0.181,10.3,93.5,0.74,27.2,29.9,100,40,40,229.8,90.2,64.2
6575,Galle,Wet,Yala,5.48,0.102,10.3,124.1,2.89,303.7,27.2,120,40,20,244.4,81.9,35.7
6576,Colombo,Wet,Maha,5.2,0.168,11.3,92.3,2.71,386.7,26.3,100,40,40,224.1,93.3,63.5
6577,Trincomalee,Dry,Yala,7.43,0.178,14.2,51.5,0.61,93.9,28.4,100,40,60,231.1,90,106.2
6578,Ampara,Dry,Yala,5.94,0.114,6.5,85.1,0.84,32.5,30.1,120,60,40,251.9,137.3,64.9
6579,Polonnaruwa,Dry,Yala,6.72,0.121,5.2,75.4,1.22,43.4,28.1,120,60,40,255.8,121.6,69.3
6580,Mannar,Dry,Yala,5.71,0.149,12.8,63.4,1.07,91.8,31.9,120,40,40,263.6,87.1,66.3
6581,Mannar,Dry,Maha,6.63,0.074,14.8,106.8,0.73,190.3,30.2,130,40,20,298.8,89.6,34.5
6582,Kegalle,Intermediate,Maha,6.22,0.133,17.2,114.4,1.36,156.6,27.4,120,20,20,278.2,43.8,31.6
6583,Kilinochchi,Dry,Yala,6.05,0.182,8.5,98.3,1.34,97.1,29.6,100,60,40,225.2,133.7,64.4
6584,Kilinochchi,Dry,Maha,5.89,0.141,8.6,108.4,0.93,289.1,31.3,120,60,20,244.7,136.6,31.3
6585,Monaragala,Intermediate,Yala,5.46,0.08,19.3,93.5,1.79,120.7,29.8,130,20,40,289.8,42.7,70.4
6586,Hambantota,Dry,Maha,6.97,0.081,5.8,81.6,0.77,246.4,31.3,130,60,40,278.8,137.2,64.7
6587,Batticaloa,Dry,Maha,7.23,0.126,5.1,66.9,1.26,,30.2,120,60,40,259.8,123.8,68.6
6588,Mullaitivu,Dry,Maha,7.4,0.124,11.4,,0.88,272.9,,120,40,40,243.3,84,69.9
6589,Trincomalee,Dry,Maha,7.4,0.198,13.6,54.6,0.55,140,32,100,40,60,207.3,81,106
6590,Hambantota,Dry,Maha,6.86,0.091,10.2,110,1.16,276.5,31.3,130,40,20,294.9,85.2,31.3
6591,Kilinochchi,Dry,Maha,5.74,0.098,,53.9,1.43,181,30.3,130,60,60,280.6,128.1,105.9
6592,Kalutara,Wet,Maha,5.03,0.058,10.4,68.4,2.09,378.8,24.3,130,40,40,274.2,91,63.7
6593,Galle,Wet,Maha,4.71,0.062,5.2,76.4,2.53,238.8,25,130,60,40,277.7,133.4,69.1
6594,Matara,Wet,Yala,5.56,0.058,9,119.7,1.75,314.2,25.9,130,60,20,297.6,129.2,34.4
6595,Ratnapura,Wet,Maha,4.87,0.108,7.7,90.7,1.71,294,26,120,60,40,270.6,133.4,61.8
6596,Ampara,Dry,Maha,6.48,0.137,8.8,62,1.14,202.3,28,120,60,40,252,121.7,63.9
6597,Matara,Wet,Maha,5.77,0.076,7.3,134.9,1.6,,24.7,130,60,20,266.4,124.1,33.3
6598,Galle,Wet,Yala,4.7,0.197,9.6,105,2.93,283.3,24.2,100,60,20,209.3,132.9,32.9
6599,Jaffna,Dry,Yala,6.08,0.114,11.2,45.6,0.56,84.4,30.5,120,40,60,277.4,88.8,106.3
6600,Kegalle,Intermediate,Maha,5.84,0.106,19.2,69.9,1.28,154.2,26.8,120,20,40,264.1,45.3,65.3
6601,Monaragala,Intermediate,Maha,5.95,0.185,6.2,94.2,1.84,220.1,27.6,100,60,40,218.5,128.5,71.1
6602,Mullaitivu,Dry,Maha,6.11,0.094,5.1,55.9,0.7,,31.4,130,60,60,286.7,134.8,99.4
6603,Batticaloa,Dry,Yala,7.31,0.072,6.8,80,1.19,44.5,27.1,130,60,40,276.9,134,71.3
6604,Anuradhapura,Dry,Maha,5.53,0.189,14.9,117.3,1.37,195.2,31.2,100,40,20,227.4,93,34.5
6605,Kilinochchi,Dry,Maha,6.29,0.159,6.1,44.4,,,27.9,100,60,60,218.2,124.8,104.9
6606,Ampara,Dry,Yala,6.97,0.109,10.3,50.2,0.91,38.9,28.6,120,40,60,245.9,87.7,94.1
6607,Kalutara,Wet,Yala,5.68,0.184,9.9,68.1,2.98,269.6,26.9,100,60,40,205.3,132.4,67.6
6608,Anuradhapura,Dry,Yala,7.47,0.163,8.2,83,,69,29.2,100,60,40,218.6,140.2,63.1
6609,Matara,Wet,Maha,4.54,0.097,,110.8,2.87,255.4,25.4,130,60,20,301.1,124.6,32.3
6610,Ratnapura,Wet,Maha,4.8,0.184,7.4,84.9,2.95,316.4,26.4,100,60,40,211.2,130.9,67.9
6611,Nuwara Eliya,Wet,Yala,5.23,0.068,7.5,65.8,2.14,359.6,27,130,60,40,298.3,127.4,69
6612,Galle,Wet,Maha,5.07,0.119,10.9,115.5,1.69,207.8,24.7,120,40,20,271.2,87.3,31
6613,Matara,Wet,Maha,5.51,0.14,5.2,116.8,1.68,365,24.1,120,60,20,251,125.2,33.5
6614,Badulla,Intermediate,Yala,6.4,0.165,10.4,66.9,1.84,241.3,29.4,100,40,40,202.3,81.1,67.4
6615,Mannar,Dry,Maha,5.96,0.178,8.8,94.8,0.7,231.4,29.2,100,60,40,204.4,131.8,62.5
6616,Matale,Intermediate,Maha,6.48,0.084,12.7,61.2,1.11,219.5,27,130,40,40,292.3,84.9,66.7
6617,Kandy,Wet,Maha,5.53,0.077,10.3,141.4,2.31,240.7,27.5,130,40,20,269.9,82.8,34.4
6618,Badulla,Intermediate,Maha,6.62,0.118,10,,1.62,192.7,27.2,120,40,40,255.9,84.7,62.2
6619,Hambantota,Dry,Yala,5.86,,,61.7,0.67,84.8,30.7,100,40,40,217.5,81.1,69.3
6620,Kalutara,Wet,Yala,5.36,0.093,9.6,65.8,2.75,305.1,26.2,130,60,40,292.2,139.2,67.5
6621,Trincomalee,Dry,Yala,6.11,0.111,14.6,65.5,0.95,96.8,27.7,120,40,40,245.8,88.1,70
6622,Ampara,Dry,Maha,6.74,0.145,11,104.5,0.93,146,29.8,120,40,20,257.2,91.1,31.9
6623,Nuwara Eliya,Wet,Yala,5.05,0.113,10,125.7,2.92,396.9,24.4,120,40,20,260.3,86,35
6624,Kegalle,Intermediate,Maha,5.24,0.086,15.3,100,1.23,220.4,26.5,130,20,20,284.3,46.1,31.3
6625,Trincomalee,Dry,Yala,6.51,0.125,12.1,100.3,1.04,60.7,28.8,120,40,20,273.4,86.8,32.8
6626,Ampara,Dry,Maha,6.04,0.177,11.5,102.2,1.36,203.7,28.7,100,40,20,206.7,88,31.8
6627,Nuwara Eliya,Wet,Yala,5.59,0.076,11.1,108.8,2.26,355.5,25.6,130,40,20,295.6,86.9,35.2
6628,Gampaha,Wet,Yala,5.18,0.1,8.8,132.4,2.32,305.3,27.3,120,60,20,268.4,135,34.3
6629,Polonnaruwa,Dry,Maha,7.31,0.089,12.9,90.4,0.55,121.1,27.3,130,40,40,285,87.9,62
6630,Mullaitivu,Dry,Yala,6.56,,6,61.1,0.72,85.2,28.9,100,60,40,223.9,125.9,61.8
6631,Badulla,Intermediate,Maha,5.74,0.122,5.5,83.8,1.28,165.5,27.9,120,60,40,257.5,123.5,64.6
6632,Monaragala,Intermediate,Yala,6.38,,6.4,122,1.57,129.1,29.2,130,60,20,267.3,132.5,31.5
6633,Polonnaruwa,Dry,Yala,5.58,0.127,8.5,108.9,1.06,53.4,31.5,120,60,20,267.4,130.2,34
6634,Monaragala,Intermediate,Yala,6.71,0.158,8.3,92.2,1.79,153.8,,100,60,40,218.2,122.5,68.3
6635,Puttalam,Dry,Yala,6.94,0.094,8.1,108.5,0.57,34.8,28.8,130,60,20,288.5,128.4,35.5
6636,Kilinochchi,Dry,Maha,6.97,0.135,7.9,75.9,0.52,171.5,27.9,120,60,40,254.6,130.7,71.2
6637,Monaragala,Intermediate,Maha,6.6,0.092,7.6,67.8,1.01,154.3,29.4,130,60,40,299.8,136.8,68.3
6638,Batticaloa,Dry,Yala,7.02,0.068,11.1,109.7,1.35,92.2,29,130,40,20,286.3,81.5,30.8
6639,Badulla,Intermediate,Yala,6.52,0.126,11.9,89.5,,191.6,28.6,120,40,40,244.7,85,65.3
6640,Monaragala,Intermediate,Maha,5.94,0.12,5,105.7,1.2,183.3,26.4,120,60,20,258.9,136.7,33.4
6641,Anuradhapura,Dry,Maha,5.57,0.175,10.8,50.9,0.99,152.4,32,100,40,60,225.8,88.9,100
6642,Kandy,Wet,Yala,4.92,0.121,6.1,142.7,,283.1,27.8,120,60,20,272.4,126.3,33.8
6643,Ratnapura,Wet,Yala,4.61,0.089,7.6,63.9,1.72,343,27.4,130,60,40,282.4,137.2,71.3
6644,Gampaha,Wet,Yala,,,10.3,73,2.67,200.4,26.3,100,40,40,230.3,86.9,70.6
6645,Matale,Intermediate,Yala,6.6,0.1,7.4,107.5,1.98,150.4,28,120,60,20,251.8,130.4,31.3
6646,Trincomalee,Dry,Maha,,,,47.1,1.08,198.6,28.9,120,60,60,257.4,139.7,96.5
6647,Mullaitivu,Dry,Yala,5.67,0.134,13.2,79.4,1.1,40.7,30,120,40,40,276.5,92.8,70
6648,Matara,Wet,Yala,4.55,0.081,5.8,88.7,1.81,342.7,27.7,130,60,40,299.4,127.6,69.9
6649,Polonnaruwa,Dry,Maha,6.85,0.126,11.1,74.4,1.1,269.9,28.3,120,40,40,268.2,82.3,64.5
6650,Anuradhapura,Dry,Yala,,0.116,10.3,95.5,0.63,73.8,30.2,120,40,40,274.9,84.7,69
6651,Ampara,Dry,Maha,7.01,0.054,5.8,76.1,1.09,230.9,31.7,130,60,40,265.2,121.2,68.4
6652,Nuwara Eliya,Wet,Yala,5.36,,5.2,69.4,2.4,330.8,27,100,60,40,229.3,121,66.4
6653,Matara,Wet,Maha,4.93,0.184,11.7,119.7,2.84,370.2,26.2,100,40,20,211.6,85.6,31.8
6654,Monaragala,Intermediate,Maha,5.82,0.083,7.3,62.9,1.08,103.5,29.6,130,60,40,269,139,70.6
6655,Polonnaruwa,Dry,Yala,6.67,0.16,5.8,119,1.14,,27.8,100,60,20,208.9,137.7,34.2
6656,Kegalle,Intermediate,Maha,6.42,0.131,17.5,118.1,1.41,206.7,28.9,120,20,20,257.7,43.6,31.6
6657,Batticaloa,Dry,Maha,6.54,0.066,5.5,71.1,1.12,227.6,,130,60,40,272.1,131.7,68.7
6658,Kandy,Wet,Maha,5.43,0.173,9.4,146.8,2.24,212.9,25.7,100,60,20,211.5,120.7,34.5
6659,Jaffna,Dry,Yala,5.99,0.157,11.6,47.6,0.98,99.2,31.8,100,40,60,205.5,83.3,105.8
6660,Trincomalee,Dry,Maha,,0.075,6.5,91.3,1.2,239.3,31.8,130,60,40,274,121.1,63.9
6661,Kalutara,Wet,Yala,4.63,0.158,10.5,124.4,2.28,233.5,24.8,100,40,20,219.8,90.3,35.7
6662,Mullaitivu,Dry,Maha,5.68,0.081,5.1,76.9,1.41,121,27.7,130,60,40,280.1,123.5,63.2
6663,Polonnaruwa,Dry,Maha,6.77,0.139,,96.6,0.77,283,28.9,120,60,40,254.9,137.6,67.7
6664,Colombo,Wet,Maha,5.55,0.086,6.3,60.4,2.36,253.6,25.7,130,60,40,293,133.2,68.3
6665,Ampara,Dry,Maha,6.33,0.174,7.2,79,0.99,269.7,30.6,100,60,40,230.2,125.1,65.9
6666,Badulla,Intermediate,Maha,6.68,0.163,17.5,86.3,1.78,,26.5,100,20,40,225.8,41.3,66.5
6667,Matale,Intermediate,Maha,6.64,,18.3,,1.12,110.9,26.9,130,20,20,275.5,44.3,35.3
6668,Galle,Wet,Maha,4.83,,10.4,97.3,2.05,271.6,27.6,130,40,40,293,92.2,68.2
6669,Ratnapura,Wet,Yala,5.71,0.167,8.6,110.8,2.35,338.5,24.7,100,60,20,206.1,134.7,33.3
6670,Colombo,Wet,Yala,5.21,0.184,9.1,78.9,1.88,316.2,24.7,100,60,40,205.3,127.4,63
6671,Badulla,Intermediate,Yala,6.57,0.086,9.3,99.1,1.76,158.7,27.1,130,60,40,276.1,132.1,61.8
6672,Kilinochchi,Dry,Maha,6.63,0.054,14.4,103.1,0.61,298.3,30.6,130,40,20,295.6,84.5,31.4
6673,Ratnapura,Wet,Yala,5.46,,7.1,126.3,2.57,274.7,24.5,120,60,20,251,140.2,35.6
6674,Kilinochchi,Dry,Yala,6.7,0.158,13.9,70.9,0.76,63.5,28.3,100,40,40,203.2,90.2,69.3
6675,Batticaloa,Dry,Maha,6.31,0.124,10.4,51.7,0.56,254.3,31.9,120,40,60,246.5,88.5,107
6676,Matale,Intermediate,Maha,5.56,0.15,7.9,,1.46,160.3,28.8,100,60,60,229.1,128.9,93
6677,Matara,Wet,Maha,,0.159,10.7,,2.83,226.3,27.3,100,40,20,221.8,88.5,34.2
6678,Ampara,Dry,Yala,7.43,0.117,7.7,56.8,0.85,98.1,31.5,120,60,60,251.2,127.3,93.2
6679,Monaragala,Intermediate,Yala,6.01,0.057,14.3,89.4,1.32,214.3,28.7,130,40,40,284.9,80.9,69.5
6680,Vavuniya,Dry,Maha,5.89,0.06,8.4,115.4,0.9,248.9,,130,60,20,283.8,128.3,32.7
6681,Badulla,Intermediate,Maha,6.56,0.197,,56.7,1.31,241.1,27.2,100,60,60,222.5,138.8,93.9
6682,Ratnapura,Wet,Maha,5.94,0.142,9.1,61.2,2.18,272.6,28,120,60,40,250.5,132.9,67.4
6683,Mullaitivu,Dry,Maha,6.64,0.198,11.9,55.1,1.42,289.3,27.7,100,40,60,229.3,81.6,96.7
6684,Ratnapura,Wet,Yala,5.16,0.179,6.2,69.6,2.41,248.1,27.3,100,60,40,211.2,137.9,68.3
6685,Galle,Wet,Yala,4.95,0.151,11.3,149.2,2.36,,27.4,100,40,20,223.7,84,34.1
6686,Colombo,Wet,Yala,4.6,0.194,7.6,110.8,2.03,263.6,25.1,100,60,20,201.6,125.4,34.3
6687,Polonnaruwa,Dry,Yala,6.4,0.078,8.8,78.1,1.37,83.1,31.5,130,60,40,277.2,126.4,71.6
6688,Polonnaruwa,Dry,Maha,7.4,0.067,12.9,85.6,1.11,174.8,31.4,130,40,40,276.3,88,65.6
6689,Jaffna,Dry,Yala,5.97,0.181,8.5,51.1,0.67,71.5,,100,60,60,218.8,131.3,99.5
6690,Batticaloa,Dry,Yala,6.79,0.178,13.1,77.9,0.63,86.1,28.9,100,40,40,203.5,86.9,69.7
6691,Kurunegala,Intermediate,Maha,5.93,0.198,14.9,91.6,1.11,199.6,28.2,100,40,40,226.9,89.8,67.5
6692,Mannar,Dry,Maha,5.8,0.148,12.1,74.3,1.16,214.6,29.5,120,40,40,249.9,84.6,62.1
6693,Ampara,Dry,Maha,7.13,0.151,11,53,0.56,162.6,31.2,100,40,60,223.2,90.7,105.1
6694,Matale,Intermediate,Maha,5.94,0.068,17.9,96.9,,246,28.6,130,20,40,295.5,41.4,62.2
6695,Kalutara,Wet,Maha,5.37,0.176,7.6,132.3,2.95,252.1,24,100,60,20,219.4,135.9,31.7
6696,Ampara,Dry,Yala,6.86,0.061,12.8,98.3,1.09,54,28.8,130,40,40,292.8,89.1,62.7
6697,Kalutara,Wet,Maha,,0.197,5.5,107.9,2.93,,26,100,60,20,222.7,134,31.2
6698,Ratnapura,Wet,Yala,4.67,0.141,6.1,139.9,1.99,245.2,25.5,120,60,20,255.2,130,30.9
6699,Kandy,Wet,Maha,5.86,0.162,8.4,136.9,2.88,296.9,24.3,100,60,20,227.5,133.7,31.1
6700,Kilinochchi,Dry,Maha,6.92,0.199,11.9,104.7,0.96,278.4,30.2,100,40,20,210.7,81.5,33
6701,Gampaha,Wet,Maha,5.96,0.133,9,100.6,1.51,209.4,,120,60,20,263.7,137.3,32.1
6702,Polonnaruwa,Dry,Maha,6.31,0.08,6.3,84.8,0.98,199.1,,130,60,40,293,121.7,63
6703,Batticaloa,Dry,Maha,5.96,0.117,9.6,57.3,0.76,227.4,,120,60,60,256.2,123.5,102.4
6704,Kurunegala,Intermediate,Maha,5.33,,10.1,83.9,1.09,176,27.8,120,40,40,253.2,88,64
6705,Colombo,Wet,Maha,4.79,0.088,10.7,61.7,1.74,,24.7,130,40,40,280.9,90.1,61.9
6706,Nuwara Eliya,Wet,Maha,4.87,0.117,7.5,65.2,2.63,320.4,26.6,120,60,40,273.3,122.1,65.9
6707,Gampaha,Wet,Maha,4.64,0.081,8.6,125.8,2.92,266.7,26.5,130,60,20,300.8,138.6,32.4
6708,Batticaloa,Dry,Maha,5.53,,12,119,0.92,135.4,29.1,100,40,20,218.9,93.2,32.4
6709,Kegalle,Intermediate,Maha,6.03,,15.1,104.3,1.91,234.8,28.5,100,20,20,222.7,44.2,33
6710,Anuradhapura,Dry,Maha,6.04,0.074,5.4,64.5,1.36,146.7,30.9,130,60,40,299.7,130,68.4
6711,Gampaha,Wet,Yala,5.77,0.151,11.7,148.5,1.7,370.7,25,100,40,20,204.3,90.2,33.9
6712,Mannar,Dry,Maha,6.93,0.056,6.1,54.9,0.5,241.2,29.9,130,60,60,271.2,127,106.6
6713,Colombo,Wet,Maha,5.17,0.141,,107.5,2,271.9,25.2,120,60,20,269.1,130.3,33.4
6714,Kandy,Wet,Maha,5.14,0.179,11.1,,2.61,229.1,24.7,100,40,40,228,92.4,66.4
6715,Mullaitivu,Dry,Maha,5.78,0.106,14.2,68.5,0.67,,31.3,120,40,40,274.9,92.9,63.8
6716,Kilinochchi,Dry,Yala,5.96,0.083,12.1,90,1.18,94.7,31.2,130,40,40,279,92.6,69.3
6717,Ampara,Dry,Yala,6.18,0.143,11.3,90.4,0.64,64.6,28.5,120,40,40,244.8,83.9,63.1
6718,Ampara,Dry,Yala,5.6,0.066,14.9,,1.17,64.4,30.4,130,40,60,280,83.5,99.9
6719,Kegalle,Intermediate,Maha,6.01,0.108,15.2,82.9,1.8,195.6,29.4,120,20,40,250.4,42.2,65.9
6720,Kalutara,Wet,Maha,4.68,0.153,5.4,76.9,2.92,276.1,24,100,60,40,210.6,129.3,68.3
6721,Kurunegala,Intermediate,Maha,6.75,0.094,7,56.8,1.61,161.8,27.8,130,60,60,294.1,126.8,106.3
6722,Puttalam,Dry,Yala,7.09,0.109,14.4,103.6,0.91,94.6,27.3,120,40,20,244.3,85.4,35.5
6723,Batticaloa,Dry,Maha,5.78,0.198,8.9,44.2,0.68,180.8,27.6,100,60,60,228.1,132.8,95
6724,Matale,Intermediate,Maha,6.51,0.146,9,115,1.38,146.5,29.3,120,60,20,258.1,135.5,32.1
6725,Matara,Wet,Yala,5.49,0.088,7.6,121.5,2.54,210.4,27.8,130,60,20,286.7,135,34.9
6726,Kalutara,Wet,Maha,4.53,0.087,8.5,76.5,,282.5,25.8,130,60,40,265.2,136.6,66.9
6727,Ratnapura,Wet,Maha,4.55,0.198,11.1,135,2.64,332.8,24.4,100,40,20,212.1,80.9,33.1
6728,Matara,Wet,Yala,5.07,0.141,,83.2,2.66,372.6,24.4,120,60,40,244.8,121.6,68.8
6729,Matale,Intermediate,Maha,5.5,0.083,18.3,88.1,1.11,112.2,28.1,130,20,40,302.2,45.4,67.7
6730,Polonnaruwa,Dry,Maha,7.09,0.188,5.7,90.3,1.26,163.8,27.3,100,60,40,227.4,131,71.4
6731,Galle,Wet,Yala,5.59,0.098,5.4,100.2,1.79,344.5,24.4,130,60,20,280.9,131.9,33.7
6732,Trincomalee,Dry,Maha,5.64,0.145,9.1,,0.6,199,27.7,120,60,40,250.1,121.6,66.4
6733,Matara,Wet,Yala,5.29,0.074,7,66.1,1.66,286.7,27.7,130,60,40,301,125.6,67.1
6734,Matara,Wet,Maha,5.46,,10.1,73.2,1.98,334.5,,130,40,40,276,88.8,69.8
6735,Nuwara Eliya,Wet,Yala,5.88,0.179,11.2,149.3,2.99,274.5,27.8,100,40,20,206.3,91.7,33.9
6736,Polonnaruwa,Dry,Maha,6.55,0.12,9.4,46.5,0.51,139.1,31.7,120,60,60,263.4,138.6,102.2
6737,Kalutara,Wet,Yala,4.91,0.175,8.7,113.7,2.38,,24.7,100,60,20,231.9,130.4,35.7
6738,Kurunegala,Intermediate,Yala,6.34,0.148,7.3,109.3,1.86,209.6,28.3,120,60,20,241.5,131.3,33.9
6739,Batticaloa,Dry,Maha,5.9,0.166,13.1,56.4,0.86,285.8,31.6,100,40,60,208.9,91.3,98.2
6740,Badulla,Intermediate,Yala,5.74,0.053,14.1,117.6,1.19,,27.7,130,40,20,301.2,87.5,34.3
6741,Nuwara Eliya,Wet,Yala,4.56,0.196,11.9,106,2.34,227.6,24.6,100,40,20,206.7,87.2,34.1
6742,Colombo,Wet,Yala,5.79,0.085,11.2,84.9,1.52,395.2,25.7,130,40,40,266.2,92.3,61.8
6743,Matale,Intermediate,Maha,,0.161,12.7,79,1.14,244.4,26.1,100,40,40,219.7,90.8,66.4
6744,Matale,Intermediate,Maha,6.03,0.061,9.3,120.3,1.89,186.9,27.2,130,60,20,297.9,138.4,34.5
6745,Kalutara,Wet,Yala,5.82,0.185,8,146.1,2.27,296.8,26.2,100,60,20,216.7,124.9,33.3
6746,Mullaitivu,Dry,Yala,6.63,0.098,7.1,65,0.75,57.9,30.4,130,60,40,303.6,130.9,69.5
6747,Kurunegala,Intermediate,Maha,6.29,0.147,14.4,79.2,1.61,137.7,27.9,120,40,40,267.9,91.5,66.2
6748,Puttalam,Dry,Yala,6.49,0.179,10.3,48.6,0.74,46.3,28,100,40,60,203.5,81.9,107.2
6749,Trincomalee,Dry,Yala,6.41,0.116,9.4,108.4,0.88,80.3,29.2,120,60,20,280.2,136.2,32.3
6750,Mannar,Dry,Maha,6.98,0.189,14.2,107,0.75,234,30.6,100,40,20,214.4,82.9,31.3
6751,Jaffna,Dry,Yala,6.92,0.064,6.9,102.8,1.05,62.3,31.8,130,60,20,273.6,136.4,33
6752,Puttalam,Dry,Maha,6.98,0.102,13.8,97.4,1.23,283.4,31.8,120,40,40,263.2,88.5,67.1
6753,Ratnapura,Wet,Yala,5.85,0.113,8.4,92.2,2.07,201.2,26.6,120,60,40,253.2,124.4,65.2
6754,Anuradhapura,Dry,Maha,6.6,0.151,14.4,49.4,0.87,196.8,29.4,100,40,60,203.9,86.7,96.1
6755,Badulla,Intermediate,Yala,6.76,0.2,15,114.5,1.06,195.4,26.9,100,20,20,201.1,44.7,34.2
6756,Monaragala,Intermediate,Maha,6.58,0.12,15.5,59.9,1.94,130.1,29.2,120,20,60,258.9,44.4,98.2
6757,Trincomalee,Dry,Maha,7.26,0.126,11.7,42.2,,136.8,27.1,120,40,60,274.1,86.1,102
6758,Kandy,Wet,Maha,4.5,0.117,11.1,112.3,2.79,264.6,26.9,120,40,20,263.7,92.2,34.7
6759,Matara,Wet,Yala,5.68,0.179,6.3,127.9,1.56,260.6,27.6,100,60,20,233.7,130.8,34.6
6760,Galle,Wet,Yala,5.11,0.068,10.7,127.8,2.7,303.2,26.8,130,40,20,273.6,87.1,32.7
6761,Gampaha,Wet,Yala,4.83,0.186,10.7,83.2,2.69,371.3,27.7,100,40,40,210.2,81.3,67.4
6762,Vavuniya,Dry,Yala,6.25,0.168,13.6,69.6,1.12,36.9,28.4,100,40,40,206.3,92.5,66.2
6763,Jaffna,Dry,Yala,6.63,0.128,14.6,42.8,0.77,63.7,29.8,120,40,60,247.8,82.8,105.6
6764,Monaragala,Intermediate,Yala,6.73,0.106,11.5,73.7,,179,29.9,120,40,40,252.5,87.4,70.5
6765,Kalutara,Wet,Yala,5.38,0.145,11.5,79.4,2.32,285.3,26.8,120,40,40,272.4,91,65.1
6766,Monaragala,Intermediate,Maha,6.31,0.153,7,125.7,1.88,207.4,28.5,100,60,20,230.6,124.8,31.3
6767,Matara,Wet,Maha,4.74,0.163,6.6,61.4,2.22,282.3,24.7,100,60,40,232.9,130.9,63.4
6768,Galle,Wet,Maha,5.13,0.1,5.8,138.3,2.81,280.8,25.6,120,60,20,250.4,125.3,32.6
6769,Batticaloa,Dry,Yala,7.1,0.081,9.2,118.1,0.68,98.1,31.9,130,60,20,298.8,135.5,33.6
6770,Matale,Intermediate,Yala,6.49,0.067,16.6,82.7,1.79,129.7,27.9,130,20,40,275.3,43.9,68.3
6771,Kandy,Wet,Yala,5.46,0.138,5.5,,1.79,320.2,27.1,120,60,40,245.7,137.4,65
6772,Vavuniya,Dry,Maha,6.48,0.136,11.2,46,1.29,250.7,,120,40,60,275.4,92.1,102.5
6773,Mannar,Dry,Maha,5.7,0.183,9.1,46,1.48,153.3,31.3,100,60,60,221.8,133.3,106.6
6774,Anuradhapura,Dry,Maha,7.24,0.065,,46.9,1.32,154,30.6,130,60,60,268.4,134.8,102.3
6775,Hambantota,Dry,Yala,5.58,0.194,14.1,,0.8,74.2,31,100,40,40,215.1,87.6,63.3
6776,Monaragala,Intermediate,Yala,5.6,0.135,10.6,,1.74,241.6,29,120,40,40,252.6,85.5,67.5
6777,Gampaha,Wet,Yala,5.81,0.155,10.8,76.1,1.75,314.5,25.7,100,40,40,225.1,88.9,67.1
6778,Ampara,Dry,Maha,5.98,,10.3,42,1.05,276.3,30.9,120,40,60,259.1,92.3,105.6
6779,Kandy,Wet,Maha,4.71,0.099,9.1,70.1,1.63,367.8,24.6,130,60,40,303.3,128.8,65.2
6780,Hambantota,Dry,Yala,7.04,0.095,9.6,80.2,0.73,69.5,31,130,60,40,263.7,126.8,65.9
6781,Kilinochchi,Dry,Yala,7.38,0.116,6.7,115.8,1.43,63.5,30.5,120,60,20,255.2,128.2,33.8
6782,Galle,Wet,Yala,4.74,0.121,6,79,2.18,257.9,26.1,120,60,40,260.2,129.1,66.9
6783,Colombo,Wet,Maha,5.13,0.05,6.7,,2.01,227.8,25.6,130,60,40,282.7,122.1,68.9
6784,Kalutara,Wet,Yala,5.83,0.054,6.7,100,2.93,367.4,27.1,130,60,20,274.8,130.4,31
6785,Matara,Wet,Maha,5.05,0.066,5.2,140.1,2.49,,25.2,130,60,20,292.3,130.3,33.6
6786,Vavuniya,Dry,Maha,7.41,0.065,9.7,117.8,1.48,228.4,30.9,130,60,20,298.5,132.1,31.4
6787,Matara,Wet,Maha,5.89,0.112,5.5,132.3,2.16,213.6,26.1,120,60,20,278.1,127.7,32.4
6788,Trincomalee,Dry,Maha,7.03,0.093,9.4,60.9,0.89,133.9,29.2,130,60,40,295.5,132.6,68.3
6789,Kurunegala,Intermediate,Yala,6.75,0.1,5.1,103.2,1.13,242.6,26.5,120,60,20,274.6,137.8,31.6
6790,Hambantota,Dry,Yala,6.14,0.16,14,88.7,1.3,47.9,29.2,100,40,40,219,92.9,64.8
6791,Colombo,Wet,Maha,4.75,0.067,5.7,119.7,2.58,221.8,26.4,130,60,20,296.4,132,34.3
6792,Polonnaruwa,Dry,Maha,6.57,0.158,8.3,43.4,0.55,190.5,30.1,100,60,60,211,121.5,102.3
6793,Hambantota,Dry,Maha,7.31,0.182,11.7,107.8,1.15,238.1,31.9,100,40,20,214.1,93.1,31.3
6794,Polonnaruwa,Dry,Yala,5.72,0.178,12.8,116.4,1.26,95.9,29.7,100,40,20,211.4,89.7,33.7
6795,Monaragala,Intermediate,Maha,5.42,0.14,17.1,85.9,1.41,109.3,29,120,20,40,259.6,42.4,63.2
6796,Puttalam,Dry,Maha,5.55,0.068,5.1,79.6,1.01,284.5,28.9,130,60,40,273.5,123.5,64.2
6797,Galle,Wet,Maha,5.12,0.174,8.6,115.6,1.71,355.7,24.4,100,60,20,232.5,123.4,33.1
6798,Matale,Intermediate,Yala,6.17,0.199,19.5,98.5,1.52,198.7,29.2,100,20,40,211.3,41.3,62.8
6799,Kilinochchi,Dry,Maha,,0.194,6.4,42.9,0.98,206.9,29,100,60,60,204.3,121.5,107.4
6800,Batticaloa,Dry,Yala,,0.186,9.1,76.3,0.69,62.9,29.1,100,60,40,218.3,138.3,63.4
6801,Colombo,Wet,Maha,4.74,0.063,11.2,129,1.91,336.3,24.5,130,40,20,263.8,87.5,34.7
6802,Batticaloa,Dry,Maha,7.29,0.112,12.1,52.6,1.35,264.8,29.9,120,40,60,245.7,89.6,104.9
6803,Monaragala,Intermediate,Yala,6.51,0.143,,103.2,1.19,151.4,29.4,120,40,20,249.9,91.3,35.8
6804,Kurunegala,Intermediate,Yala,5.73,,5,76.6,1.91,218,27.3,120,60,40,259.5,136.1,66
6805,Ampara,Dry,Maha,7.24,0.127,5.6,82.7,0.6,277,29.4,120,60,40,258.3,137.9,70.4
6806,Badulla,Intermediate,Yala,5.45,0.12,14.1,52.3,1.8,186.2,,120,40,60,272.6,93.1,106.9
6807,Mannar,Dry,Yala,7.26,0.069,11,98.3,1.18,40.3,31.4,130,40,40,292.8,86.2,63.4
6808,Jaffna,Dry,Maha,7.38,0.122,6.9,71,0.96,234.4,28.5,120,60,40,258,139.2,66.5
6809,Vavuniya,Dry,Yala,7.36,0.151,11.2,54.7,0.79,69.9,28.5,100,40,60,212,89.9,93.4
6810,Gampaha,Wet,Maha,5.46,0.062,7.7,108.9,2.23,346,25.4,130,60,20,274.8,122,33.9
6811,Matara,Wet,Maha,4.64,0.124,11.7,120.3,2.28,389,24.4,120,40,20,271.6,89.4,33.7
6812,Anuradhapura,Dry,Maha,7.03,,9.9,79.1,1.19,199.3,29.9,130,60,40,263.6,134.1,63.7
6813,Batticaloa,Dry,Yala,7.17,,6.3,99.8,0.96,,27.5,130,60,40,261.9,138.3,69.7
6814,Matale,Intermediate,Yala,5.46,0.171,5.4,62.4,1.05,169.4,28.5,100,60,40,227,127.9,62.1
6815,Matale,Intermediate,Maha,5.48,0.16,,123.2,1.66,131.6,28.3,100,60,20,216.7,132.1,34.8
6816,Kilinochchi,Dry,Maha,6.14,0.073,15,90.2,1.19,154.5,27.1,130,20,40,267,40.3,62
6817,Matara,Wet,Yala,5.49,0.079,6.1,89,1.96,203.5,27.5,130,60,40,271.4,127.1,68.3
6818,Monaragala,Intermediate,Maha,5.94,0.155,9.1,74.7,1.34,134.9,26.6,100,60,40,231.5,121.8,62.5
6819,Vavuniya,Dry,Maha,,0.147,14.4,41.3,1.39,162.9,31,120,40,60,275,87.3,96.3
6820,Batticaloa,Dry,Maha,6.05,0.171,14,51,1.26,293.5,29,100,40,60,224.2,91.1,103.3
6821,Batticaloa,Dry,Yala,,0.188,9.3,46,0.5,56.9,28.3,100,60,60,216.8,124.7,96.7
6822,Ratnapura,Wet,Yala,5.96,0.189,7.1,90.7,1.7,365.7,27.9,100,60,40,218.1,130.9,66.8
6823,Kalutara,Wet,Maha,5.53,0.177,10.1,96.9,2.58,361.7,24.3,100,40,40,232.9,83.1,70.9
6824,Mannar,Dry,Yala,6.55,0.144,14.5,63.5,0.65,26.6,31.2,120,40,40,279.1,82,62.2
6825,Galle,Wet,Yala,5.17,0.173,5.6,82.4,2.28,388.6,24.3,100,60,40,208.1,130.6,69.8
6826,Batticaloa,Dry,Yala,5.96,0.156,8.7,72,1.06,73.1,27.9,100,60,40,227.5,122.2,62.4
6827,Puttalam,Dry,Yala,6.84,0.071,13.7,119.4,0.85,,31.4,130,40,20,269.8,88.1,31.4
6828,Kilinochchi,Dry,Maha,5.86,0.144,7.7,87.4,1.24,251.8,28.9,120,60,40,249.7,121.2,62.9
6829,Monaragala,Intermediate,Maha,5.23,0.103,,99.8,1.57,224.1,29.6,120,40,40,267.8,81.9,71.6
6830,Badulla,Intermediate,Maha,6.32,0.057,9,99,1.21,196,29.7,130,60,40,278.6,131.4,63.5
6831,Kegalle,Intermediate,Maha,6.22,0.191,7.2,54.9,1.24,160.8,28.6,100,60,60,231.5,132.2,106
6832,Monaragala,Intermediate,Maha,6.52,0.186,5.7,104.9,1.72,149.1,29.7,100,60,20,204,121.2,35.8
6833,Vavuniya,Dry,Maha,6.73,0.065,11.5,81.3,1.34,293.6,31.5,130,40,40,283.1,88,65.5
6834,Polonnaruwa,Dry,Yala,5.94,0.154,,49.7,0.84,54,29.8,100,60,60,231,137,102
6835,Hambantota,Dry,Maha,6.47,0.077,7.4,42.2,1.3,203.1,28.2,130,60,60,299.7,134.7,104.2
6836,Ratnapura,Wet,Maha,5.6,0.078,5.5,141.9,1.94,209.5,27.3,130,60,20,268,123.2,32.8
6837,Polonnaruwa,Dry,Maha,6.2,0.15,,108.5,1.11,192.5,31,100,60,20,213.1,132.2,31.6
6838,Jaffna,Dry,Yala,6.59,0.088,14.5,60.1,0.55,96.7,27.8,130,40,40,287.6,89.2,66
6839,Trincomalee,Dry,Maha,6.62,0.083,13.7,70.5,1.45,201.9,29.1,130,40,40,268.2,81,69.4
6840,Hambantota,Dry,Yala,6.86,0.051,13.1,110.7,0.7,29.7,27.2,130,40,20,302.4,91.6,34.7
6841,Kegalle,Intermediate,Maha,6.27,0.139,6.8,96.4,1.74,106.5,27.3,120,60,40,277.1,138.3,64
6842,Batticaloa,Dry,Yala,7.45,0.071,13.2,40.9,0.97,36.8,,130,40,60,268.5,91.6,95.1
6843,Ampara,Dry,Yala,6.58,0.143,13.3,118.3,1.06,70.1,30,120,40,20,246.1,91.2,35.4
6844,Matara,Wet,Yala,4.95,0.113,7,114,2.14,351.1,24.3,120,60,20,244.7,135.2,31
6845,Kurunegala,Intermediate,Maha,,,12.1,102.9,1.26,132.9,28.3,130,40,20,300,88.7,34.5
6846,Galle,Wet,Maha,4.9,0.084,9,81.5,2.27,272.1,25.8,130,60,40,269.6,133.9,62.2
6847,Monaragala,Intermediate,Yala,5.47,0.115,15.8,119.5,1.07,132.7,28.2,120,20,20,257.6,45.5,35
6848,Ratnapura,Wet,Maha,,0.149,10.3,119.1,2.61,262.2,27.7,120,40,20,258.9,89.1,35.3
6849,Gampaha,Wet,Maha,5.88,0.169,6.2,92.4,2.7,394.1,27.6,100,60,40,220.6,127,64.7
6850,Batticaloa,Dry,Maha,5.83,0.15,7.1,59.6,1.24,,29.1,100,60,60,203.4,128,93.6
6851,Colombo,Wet,Yala,5.22,0.142,7.5,107.1,2.58,259.9,26.9,120,60,20,250.2,138.2,33.2
6852,Colombo,Wet,Maha,5.35,0.084,6.2,92,2.13,250.1,27.1,130,60,40,300.9,121,64.7
6853,Matara,Wet,Maha,4.8,0.08,8.6,111,2.64,365.7,25.4,130,60,20,299.9,134.3,32.9
6854,Ampara,Dry,Yala,6.9,0.099,9.8,78,1.27,21.8,30.3,130,60,40,294.5,139.3,68.4
6855,Monaragala,Intermediate,Maha,5.51,0.1,6.3,109.3,1.52,105,28.8,120,60,20,242.1,134.4,31.9
6856,Matara,Wet,Yala,5.95,0.148,5.5,89.6,1.98,345.2,25.6,120,60,40,254.1,140.1,65.3
6857,Polonnaruwa,Dry,Maha,7.49,0.2,14.6,95.1,1.36,284.2,27.5,100,40,40,221.6,89.4,69.5
6858,Matara,Wet,Yala,5.43,0.057,5.2,78.7,2.53,358.7,27.6,130,60,40,273.1,121.3,68.1
6859,Anuradhapura,Dry,Maha,6.97,0.162,14.6,88.4,0.82,236.3,29.7,100,40,40,230.8,91.3,65
6860,Hambantota,Dry,Maha,6.89,0.161,9.2,94.6,0.78,226.8,28.2,100,60,40,221.8,126.2,68.3
6861,Monaragala,Intermediate,Maha,5.88,0.094,5.5,108.5,1.36,206.6,28.3,130,60,20,264.5,129.3,34.6
6862,Monaragala,Intermediate,Maha,5.6,0.187,17.3,,1.65,166.1,26.2,100,20,60,230.7,42.3,101.4
6863,Mullaitivu,Dry,Yala,5.53,0.145,7.3,112.4,0.61,67,27.3,120,60,20,278.8,125.9,32
6864,Mullaitivu,Dry,Maha,,0.175,,47.5,1.47,260.5,31.2,100,60,60,203.6,129.1,92.5
6865,Vavuniya,Dry,Maha,6.3,0.137,9,69.9,,262.1,28.2,120,60,40,262.2,128,69.7
6866,Badulla,Intermediate,Yala,6.37,0.168,16.7,75.7,1.7,246.2,28.8,100,20,40,211,44.4,69.9
6867,Badulla,Intermediate,Maha,6.1,0.062,8.8,58.4,1.7,184.5,28.9,130,60,60,278.1,136.5,103
6868,Colombo,Wet,Maha,5.05,0.174,11,97.3,2.67,316.4,25.2,100,40,40,207,84.4,62.5
6869,Gampaha,Wet,Maha,4.98,0.183,,137,2.59,203,25.5,100,60,20,219.9,124.8,33.7
6870,Kurunegala,Intermediate,Maha,6.23,0.08,15.8,82.2,1.06,116.1,28.3,130,20,40,302,44.6,69.9
6871,Ampara,Dry,Yala,6.52,0.08,13.2,70,1.43,46.8,30.6,130,40,40,282.7,89.2,65.6
6872,Ratnapura,Wet,Yala,5.35,0.194,6.7,141.1,1.54,234.3,25.1,100,60,20,203.8,138.2,31.8
6873,Anuradhapura,Dry,Yala,6.59,0.125,11.8,72.9,1.47,91.2,30.6,120,40,40,265.6,80.7,67.6
6874,Kalutara,Wet,Maha,5.62,0.114,5.4,118.3,1.79,,26.3,120,60,20,254.6,137.3,34.9
6875,Kalutara,Wet,Yala,,0.106,9.8,77.8,1.99,,24.4,120,60,40,274.8,130.8,62.2
6876,Ratnapura,Wet,Yala,4.68,0.181,9.9,148.4,1.95,368.8,25.6,100,60,20,215.3,132.8,33.8
6877,Matara,Wet,Yala,5.34,0.155,10.2,64.1,2.19,338.6,24.8,100,40,40,207.4,81.7,68.1
6878,Hambantota,Dry,Yala,6.93,0.127,12.8,95.2,0.51,20.7,31.5,120,40,40,248.8,86.1,67.7
6879,Matara,Wet,Maha,5.89,0.196,9.2,60.4,2.68,323.5,26.2,100,60,40,226.2,125.1,68.2
6880,Kalutara,Wet,Yala,5,0.136,11.4,73.1,2.2,237.3,25.5,120,40,40,251.7,83.8,68
6881,Nuwara Eliya,Wet,Yala,,0.14,11.7,70.4,2.57,394.1,27.2,120,40,40,271.4,87.1,63
6882,Colombo,Wet,Maha,5.36,0.062,11.1,145.3,2.15,225.6,27.1,130,40,20,270.1,91.1,32
6883,Puttalam,Dry,Yala,5.79,0.132,12.2,94.7,1.11,46.4,28.8,120,40,40,253.9,90.2,67.9
6884,Trincomalee,Dry,Yala,5.61,0.121,5.5,118.9,0.93,20.7,27.1,120,60,20,259.5,132.2,30.9
6885,Batticaloa,Dry,Yala,6.96,0.082,12,63.3,0.59,35.5,31.6,130,40,40,301.4,87.5,68
6886,Ratnapura,Wet,Maha,5.07,0.058,,143.8,2.78,,26,130,60,20,300.9,129,34.1
6887,Galle,Wet,Maha,4.62,0.123,7.2,76,2.58,206.4,25,120,60,40,249.4,139.6,64.1
6888,Kilinochchi,Dry,Maha,6.04,,9.6,101.1,1.01,154.9,31.8,120,60,20,255.4,131.6,33.8
6889,Monaragala,Intermediate,Yala,6.3,0.104,17.2,115.3,1.35,195.7,30,120,20,20,247.2,41.9,33.5
6890,Anuradhapura,Dry,Yala,6.94,0.161,13.7,95.9,1.27,59.8,27.1,100,40,40,217.7,83.5,64.3
6891,Mannar,Dry,Maha,7.07,,,68,0.53,187.1,28.1,100,40,40,216.1,88.5,66.3
6892,Kalutara,Wet,Maha,,0.063,9.7,121.1,1.73,356.7,24.3,130,60,20,299.6,130.8,35.3
6893,Mullaitivu,Dry,Maha,7.43,0.095,13.4,67.3,0.87,143.4,29.2,130,40,40,300.8,80.6,66
6894,Kegalle,Intermediate,Yala,6.79,0.107,9.1,73,1.87,125.9,27,120,60,40,256.3,136.9,68
6895,Vavuniya,Dry,Yala,6.76,0.083,5.7,116.8,1.43,66.8,27.8,130,60,20,282.2,134.4,31
6896,Hambantota,Dry,Maha,5.94,0.11,8.3,40.7,0.79,211.5,31.1,120,60,60,276.4,133.6,93.7
6897,Polonnaruwa,Dry,Maha,6.98,0.123,6.6,104.6,1.46,156.2,31.3,120,60,20,272.9,122,31.2
6898,Monaragala,Intermediate,Maha,5.57,0.115,9.9,105.5,1.62,214.4,27.3,120,60,20,241.5,127.7,34.7
6899,Kilinochchi,Dry,Maha,6.22,0.063,,97.6,0.92,192,32,130,40,40,275,92.7,65.2
6900,Matale,Intermediate,Maha,5.81,0.124,17.2,102.9,1.21,191.4,27,120,20,20,257.8,45.9,31.9
6901,Jaffna,Dry,Maha,5.81,0.16,12.4,50.7,0.65,176,29.4,100,40,60,208.6,84.2,103.7
6902,Polonnaruwa,Dry,Maha,6.76,0.126,8.7,65.5,0.85,,28.7,120,60,40,249.1,123.7,63.4
6903,Colombo,Wet,Maha,5.71,0.111,11.7,81.4,2.69,266.3,26.8,120,40,40,242.8,86.3,64.2
6904,Polonnaruwa,Dry,Maha,6.45,0.163,6.9,109.5,1.42,234.4,31.2,100,60,20,222.1,127.6,33
6905,Puttalam,Dry,Maha,6.74,0.137,10.8,50.1,0.66,,30.1,120,40,60,251.6,89.4,97.5
6906,Colombo,Wet,Yala,4.84,0.151,8.1,125.4,2.03,397.2,,100,60,20,202.8,139.5,33.7
6907,Polonnaruwa,Dry,Maha,5.87,0.074,9.3,44.7,1.14,172.7,30.6,130,60,60,271.2,127.7,97.6
6908,Anuradhapura,Dry,Yala,5.69,0.103,,116.9,1.33,31.1,30,120,40,20,272.7,81.3,32.8
6909,Trincomalee,Dry,Yala,6.75,0.182,5,103.4,1.02,51.5,,100,60,20,228.9,138.2,35.1
6910,Vavuniya,Dry,Yala,5.51,0.074,11.8,112.7,0.66,58.5,29.8,130,40,20,281.9,81,35.2
6911,Mullaitivu,Dry,Maha,6.87,0.166,,52.3,1.02,265.5,,100,60,60,214.7,139.3,104.9
6912,Gampaha,Wet,Maha,4.93,0.13,5,88.9,2.9,378.7,26.9,120,60,40,279.6,133.6,70.4
6913,Galle,Wet,Yala,4.64,0.151,9,124.3,2.83,265,27.9,100,60,20,207.6,139,33.6
6914,Mullaitivu,Dry,Maha,6.36,0.118,10.1,106.3,1.1,223.2,29.5,120,40,20,249.8,83.1,34
6915,Monaragala,Intermediate,Yala,5.79,0.163,16.8,60.9,1.11,112.1,28.7,100,20,40,210.6,40.5,67.3
6916,Vavuniya,Dry,Yala,5.57,0.071,12.5,82.9,0.82,56.3,29.1,130,40,40,268.7,86.8,69.6
6917,Vavuniya,Dry,Yala,5.53,0.148,10.6,82.7,0.91,82.1,31.4,120,40,40,256.2,86.4,67.2
6918,Kilinochchi,Dry,Maha,6.1,0.128,6.2,82,1.08,294.2,29.2,120,60,40,277,127.1,62.8
6919,Ratnapura,Wet,Yala,,0.082,11.6,149.4,1.95,222,27.5,130,40,20,287.5,93,34.8
6920,Ratnapura,Wet,Maha,5.2,0.068,9.5,98.3,2.26,340.1,26.3,130,60,40,278.9,136.7,69.3
6921,Nuwara Eliya,Wet,Maha,4.82,0.13,8.3,132.6,2.43,370.8,,120,60,20,277.9,133.6,34.9
6922,Colombo,Wet,Maha,4.77,0.1,7.9,121.2,2.63,274.3,25.1,120,60,20,243.2,123.8,31.8
6923,Kandy,Wet,Yala,5.52,0.093,8,79.7,1.78,346.2,27.4,130,60,40,270.3,135,64.4
6924,Badulla,Intermediate,Yala,5.34,0.163,18.1,94.5,1.1,220.4,29.7,100,20,40,219.5,45,64.7
6925,Monaragala,Intermediate,Yala,6.23,0.136,12.8,67.4,1.57,248.3,29.5,120,40,40,265.4,86,66.8
6926,Ampara,Dry,Yala,5.68,0.183,11.6,,1.15,92.9,29.4,100,40,20,202.4,92.5,31.5
6927,Anuradhapura,Dry,Yala,6.74,0.093,7.6,85.5,1.26,49,27.1,130,60,40,278.5,123.9,65.6
6928,Puttalam,Dry,Maha,7.46,0.096,10.3,58.5,0.66,156.3,32,130,40,60,288.9,84,95.2
6929,Kegalle,Intermediate,Maha,5.25,0.102,19.1,127.5,1.89,155,27.1,120,20,20,268.7,40.7,32.1
6930,Trincomalee,Dry,Yala,,0.143,6.2,70.1,0.89,34.2,28.2,120,60,40,266.3,136.2,68.8
6931,Trincomalee,Dry,Yala,6.76,0.083,6,76.7,0.59,56.9,31.8,130,60,40,275,132.8,70.2
6932,Puttalam,Dry,Maha,7.14,0.127,14.6,66.8,1.5,285,28.3,120,40,40,245,84.6,61.9
6933,Colombo,Wet,Maha,4.97,0.189,11.8,99.8,2.6,338.8,27.6,100,40,40,215,82.6,67.4
6934,Kilinochchi,Dry,Yala,7.33,0.11,11.7,56.2,,57.5,29,120,40,60,246.4,81,93
6935,Matara,Wet,Maha,4.88,0.072,10.3,67.9,2.82,340.7,26.4,130,40,40,301.6,82.7,62.6
6936,Anuradhapura,Dry,Maha,6.3,0.137,7,101.4,1.41,261.4,30.2,120,60,20,259.9,129.5,34.3
6937,Galle,Wet,Maha,5.75,0.063,6.5,70,,333.3,24.5,130,60,40,274.9,125.5,69.1
6938,Nuwara Eliya,Wet,Yala,5.78,0.167,7.5,,2.55,264.2,25.9,100,60,20,226.1,125.7,34.9
6939,Badulla,Intermediate,Yala,6.05,0.106,16.3,55.8,1.98,185.8,27.7,120,20,60,260.8,46,99.6
6940,Vavuniya,Dry,Maha,7.12,0.185,6.6,117.8,1.48,157.9,29.8,100,60,20,211.2,130.7,35.1
6941,Hambantota,Dry,Yala,5.98,0.143,10.6,49.2,1.02,71.7,29.5,120,40,60,273.1,90,95
6942,Nuwara Eliya,Wet,Yala,5.41,0.124,8.3,94.8,1.99,269.8,26.3,120,60,40,275.3,121.3,64.2
6943,Trincomalee,Dry,Yala,6.22,0.198,14.8,114.6,1.16,27.7,31.2,100,40,20,223,85.2,31.5
6944,Batticaloa,Dry,Yala,7.23,0.158,14.9,74.3,0.79,31.9,29.5,100,40,40,202.6,86.7,69.7
6945,Kalutara,Wet,Yala,,0.187,,125,1.74,286.7,26.5,100,60,20,219.6,124.3,31.9
6946,Polonnaruwa,Dry,Yala,7.36,0.183,15,110,1.16,,28.2,100,20,20,226,41,31.6
6947,Mullaitivu,Dry,Maha,6.35,0.139,14.3,40.3,1.31,269,31.1,120,40,60,246.7,91.8,101.8
6948,Polonnaruwa,Dry,Maha,6.55,0.181,5,74,0.92,242,28.6,100,60,40,208.6,139,62.5
6949,Trincomalee,Dry,Yala,5.92,0.057,13.4,64.4,1.5,46.2,31.5,130,40,40,298.8,81.5,62.1
6950,Ampara,Dry,Yala,6.61,0.2,12.4,51,0.92,88,31.4,100,40,60,201.8,85,94.1
6951,Nuwara Eliya,Wet,Maha,5.99,0.18,5.8,61.4,2.76,214.1,25.2,100,60,40,225.6,139.4,61.7
6952,Matale,Intermediate,Yala,5.48,0.105,11.6,69.8,1.21,181.3,28.1,120,40,40,259.9,81.6,68.7
6953,Nuwara Eliya,Wet,Yala,5.56,0.147,10,,2.77,,27.3,120,40,20,258.8,88.9,33.6
6954,Kalutara,Wet,Yala,5.98,0.142,7.4,124.1,1.72,208.5,26.8,120,60,20,241.6,139.6,31.9
6955,Ampara,Dry,Maha,7.12,0.197,5.6,95.4,1.48,260.4,28.8,100,60,40,227.8,139.8,64
6956,Vavuniya,Dry,Maha,6.88,0.193,9.3,,1.02,,27.5,100,60,20,212.8,129.8,34.9
6957,Galle,Wet,Yala,5.99,0.189,8.2,149.8,2.8,356,25.2,100,60,20,218.7,123.8,33.3
6958,Ratnapura,Wet,Maha,4.67,0.127,5,66.9,2.57,352.5,27.6,120,60,40,267.8,124.6,68.7
6959,Galle,Wet,Maha,5.3,0.106,,60.3,2.94,,25.9,120,40,40,268.8,92.1,66.2
6960,Colombo,Wet,Yala,5.74,0.074,5.3,,1.62,,24.8,130,60,40,301.9,138.5,64.1
6961,Nuwara Eliya,Wet,Maha,5.71,0.174,7.9,138.1,2.15,259.1,27.3,100,60,20,218.4,132.5,35.6
6962,Kegalle,Intermediate,Maha,5.9,0.161,17.8,87.7,1.03,143.5,28.4,100,20,40,214.1,45.2,67.4
6963,Ampara,Dry,Maha,6.22,0.101,10.1,117.3,1.16,220.9,28.1,120,40,20,278.7,90.1,31.5
6964,Vavuniya,Dry,Yala,5.84,0.072,8.2,89.9,1.45,,27.1,130,60,40,288.6,133.6,65.8
6965,Vavuniya,Dry,Yala,6.65,0.089,10.5,71,0.97,94.5,28,130,40,40,274,91.3,65
6966,Jaffna,Dry,Maha,5.52,0.129,,46.4,1.44,257.8,28.5,120,60,60,246.3,134,95.7
6967,Polonnaruwa,Dry,Yala,5.55,0.192,5.6,45.5,,30.8,30.3,100,60,60,228.6,131.1,106.5
6968,Ratnapura,Wet,Yala,5,0.142,10.6,64.6,2.07,286.2,26.9,120,40,40,255.5,83.6,70.5
6969,Kilinochchi,Dry,Maha,7.36,0.052,8.9,,1.32,177.7,29.2,130,60,20,289.4,135.2,31.8
6970,Kandy,Wet,Maha,5.46,0.188,7.8,122.6,1.67,320.6,25.2,100,60,20,216.4,129.9,32.6
6971,Galle,Wet,Maha,5.32,0.168,9.6,109.8,2.29,230.1,27.8,100,60,20,207.6,126.4,34.6
6972,Hambantota,Dry,Yala,6.61,0.131,,119,1.18,50.6,31,120,60,20,264.9,136.3,31.8
6973,Polonnaruwa,Dry,Yala,5.71,0.094,9.7,46.9,1.1,39.4,29.7,130,60,60,264,134.2,101.4
6974,Mannar,Dry,Maha,7.01,0.053,7.1,72.3,1.31,260.4,29,130,60,40,278.9,139,68.7
6975,Kandy,Wet,Yala,4.99,,5.5,80.3,2.7,286.3,24.6,100,60,40,218.9,123.9,68.2
6976,Kilinochchi,Dry,Maha,7.5,0.158,10,86.6,0.76,210.6,28,100,40,40,215.3,88.9,68.8
6977,Mannar,Dry,Maha,6.91,0.179,7.3,95.5,0.78,238.8,28.5,100,60,40,225.5,125.4,68.8
6978,Trincomalee,Dry,Maha,,0.186,6.4,88,0.7,218.4,29.6,100,60,40,228.1,138.3,71.4
6979,Kurunegala,Intermediate,Maha,6.04,0.186,8.5,116,1.33,101.5,26.1,100,60,20,226.2,122.6,32.5
6980,Hambantota,Dry,Yala,6.63,0.161,9.8,65.2,1.07,65.7,31.9,100,60,40,202.4,133.5,70.5
6981,Jaffna,Dry,Maha,6.74,0.147,6.7,63.9,0.54,153.3,29.8,120,60,40,248.9,136.1,61.9
6982,Colombo,Wet,Yala,5.85,0.188,9.6,79.7,2.05,245.9,25,100,60,40,218.6,127.6,64.6
6983,Kegalle,Intermediate,Maha,6.49,0.137,18.8,112.6,1.76,204.1,26.9,120,20,20,277.9,46.5,31
6984,Colombo,Wet,Maha,5.6,0.163,10.9,66.2,2.07,302.9,27,100,40,40,228.3,91.6,68.2
6985,Kalutara,Wet,Yala,5.74,0.067,9.9,62,2.13,227.2,27.2,130,60,40,297.1,126.4,62.7
6986,Kandy,Wet,Maha,4.77,0.058,9.4,96.1,1.54,323.2,25.2,130,60,40,274.3,120.8,70.2
6987,Ratnapura,Wet,Maha,4.56,0.07,11.8,63.1,2.67,308.6,27.2,130,40,40,279.6,84.3,68.2
6988,Mullaitivu,Dry,Maha,5.79,0.073,8.2,106.1,0.96,220.1,27.6,130,60,20,281.4,126.1,30.9
6989,Puttalam,Dry,Maha,7.43,0.188,13.4,42.9,0.91,143.1,30.6,100,40,60,206.2,92.1,103.2
6990,Mullaitivu,Dry,Maha,7.18,0.095,11.3,,0.87,122.9,29.8,130,40,40,262.7,93.1,70.3
6991,Batticaloa,Dry,Maha,7.08,0.188,12.7,52.8,1.23,249.8,30.3,100,40,60,232,81.4,102.4
6992,Ratnapura,Wet,Maha,4.68,0.06,6.3,115,1.52,215.3,26.8,130,60,20,271.6,129.8,31
6993,Batticaloa,Dry,Yala,6.23,0.117,12.2,69.5,0.58,20.2,31.1,120,40,40,250.7,87.6,70.3
6994,Anuradhapura,Dry,Yala,6.06,0.136,8.6,71,1.22,66.2,28.3,120,60,40,244.6,122.4,69
6995,Trincomalee,Dry,Maha,7.09,0.175,14.7,78.4,,188.4,29.5,100,40,40,231.4,85.4,65.5
6996,Kalutara,Wet,Yala,5.5,0.125,8.8,76.4,2.48,283.1,25.8,120,60,40,264,126.8,65
6997,Polonnaruwa,Dry,Yala,5.71,0.057,13.9,49.9,0.94,28.6,29.3,130,40,60,289.7,87.5,99.7
6998,Kurunegala,Intermediate,Yala,5.3,0.188,6.9,95.4,1.68,180,28.2,100,60,40,230.8,133.6,70.4
6999,Kegalle,Intermediate,Yala,6.31,0.116,18.8,102.7,1.23,229.1,29.4,120,20,20,254.9,44.8,32.1
7000,Ratnapura,Wet,Maha,5.61,0.147,6,98.9,2.04,281.8,26.6,120,60,40,265.7,123.3,62.7
7001,Matara,Wet,Yala,5.96,0.064,10,60.2,1.85,360.5,25.2,130,40,40,263,91.1,70.3
7002,Kalutara,Wet,Maha,5.55,0.146,8.9,63.8,2.51,302,27.7,120,60,40,248.6,133.9,62
7003,Anuradhapura,Dry,Maha,7.23,0.051,5.2,97.5,0.89,241.8,29.8,130,60,40,296.6,138,70.8
7004,Mannar,Dry,Maha,7.31,,15,102.1,1.47,249.5,29.2,120,20,20,271.3,43.2,32.3
7005,Kurunegala,Intermediate,Yala,5.62,0.155,10.9,51,1.04,115.5,27.9,100,40,60,212.5,92.1,100.1
7006,Nuwara Eliya,Wet,Maha,,0.092,6.6,65.9,1.77,,27.1,130,60,40,277.4,137.6,63
7007,Vavuniya,Dry,Yala,7.42,0.122,12.7,79.4,0.69,62.6,27.4,120,40,40,262.2,86.2,70.7
7008,Polonnaruwa,Dry,Maha,7.28,0.132,,94.7,1.04,257.1,,120,60,40,241.3,128.1,69.2
7009,Jaffna,Dry,Maha,6.43,0.087,9.5,80.9,1.4,271,31.6,130,60,40,271.6,138.9,70.9
7010,Jaffna,Dry,Maha,5.74,0.08,6.4,57,1.19,285.2,28.6,130,60,60,270.2,134.6,102.7
7011,Ratnapura,Wet,Yala,5.57,0.061,8.4,117.1,2.28,305,25.6,130,60,20,272,138.8,31.7
7012,Kurunegala,Intermediate,Yala,6.11,,12.5,92.2,1.47,149.6,29.1,130,40,40,295.6,90.9,64.8
7013,Vavuniya,Dry,Maha,5.68,,,105,1.38,129.6,28.6,120,40,20,252.3,88.4,33.2
7014,Puttalam,Dry,Yala,7.16,0.192,13.4,46.8,1.18,63.8,30.3,100,40,60,207.3,82,101.6
7015,Kilinochchi,Dry,Maha,6.35,0.169,11,116.9,1.47,242.5,30.8,100,40,20,217.5,84.3,35.4
7016,Hambantota,Dry,Maha,6.26,0.174,7.5,47.3,,247.1,28,100,60,60,229.3,139.6,98.3
7017,Nuwara Eliya,Wet,Yala,5.12,0.074,6.2,95.9,,393.7,26,130,60,40,271.6,126.9,68.7
7018,Gampaha,Wet,Yala,5.07,0.162,10.8,77.8,2.83,308,25.5,100,40,40,203.7,81.7,71.3
7019,Ratnapura,Wet,Maha,4.71,0.114,10.5,62.1,1.75,231.9,27.4,120,40,40,255.3,89.7,63.2
7020,Trincomalee,Dry,Yala,6.22,0.128,9.3,73.6,0.82,47.6,28.3,120,60,40,270.6,135,70.3
7021,Monaragala,Intermediate,Yala,6.52,,10.4,56.4,1.94,113,28.2,130,40,60,284.7,84.2,98.8
7022,Ratnapura,Wet,Maha,4.87,,8.4,63.8,1.56,299.1,27.7,120,60,40,273.3,126.4,69
7023,Kalutara,Wet,Yala,5.26,0.187,7.5,87.3,2.67,307.7,26.6,100,60,40,232.4,129.8,64.6
7024,Anuradhapura,Dry,Yala,6.96,0.065,13,60.2,1.46,92.5,30.3,130,40,40,295,80.8,65
7025,Anuradhapura,Dry,Yala,5.99,0.177,6.7,86.4,0.72,98,30.3,100,60,40,220.8,136.1,62
7026,Kalutara,Wet,Maha,4.77,0.062,6.3,71.6,2.61,236.2,,130,60,40,282.3,126.8,71.4
7027,Vavuniya,Dry,Maha,5.9,0.074,7.7,93.7,1.28,270.4,28,130,60,40,263.1,137.3,69.8
7028,Kilinochchi,Dry,Yala,5.55,0.086,6.4,59.3,0.64,53.9,28.2,130,60,60,303.1,136.3,93.9
7029,Kurunegala,Intermediate,Yala,5.7,0.085,6.7,115.6,1.58,220.6,26.6,130,60,20,277.7,133.6,35.8
7030,Colombo,Wet,Maha,4.62,0.082,10.6,129.6,1.79,332.7,25.9,130,40,20,267.9,84.7,33.8
7031,Matale,Intermediate,Yala,6.55,0.109,15.8,61.8,1.42,128.2,28.6,120,20,40,267.4,43.6,70.2
7032,Monaragala,Intermediate,Yala,5.7,0.068,18,73.3,1.88,167.7,29.8,130,20,40,273.5,43.1,62.4
7033,Batticaloa,Dry,Yala,5.52,0.066,12.8,65.5,0.88,94.1,27.7,130,40,40,286.2,84.9,65.6
7034,Monaragala,Intermediate,Yala,6.43,0.165,18.9,89.3,,147.1,29.9,100,20,40,220.2,45.8,68.4
7035,Batticaloa,Dry,Yala,6.47,0.147,6.8,88.2,1.4,78.8,30.2,120,60,40,258.8,130.1,62.8
7036,Batticaloa,Dry,Yala,6.38,0.053,11.6,83.7,1.31,77.1,28.2,130,40,40,296.8,91.3,66.6
7037,Ratnapura,Wet,Yala,5.32,0.134,5.3,143.2,2.07,265,25.9,120,60,20,251.7,122.7,33
7038,Ratnapura,Wet,Yala,5.31,0.058,7.6,103.4,2.14,349.4,24.3,130,60,20,280.4,123.4,31.9
7039,Ampara,Dry,Yala,,0.155,8.4,65.3,1.08,77.7,30.2,100,60,40,218.6,139.7,64.7
7040,Colombo,Wet,Yala,5.78,0.118,9.7,139.7,,212.5,27.9,120,60,20,267.3,132.1,35.6
7041,Matale,Intermediate,Yala,5.74,0.134,14,81.5,,143.1,30,120,40,40,272,87.1,64.6
7042,Trincomalee,Dry,Yala,7.32,0.077,13,113.1,0.76,34.3,28.3,130,40,20,278.1,87.3,31.9
7043,Kurunegala,Intermediate,Maha,6,0.141,13.7,,1.69,182.1,27.4,120,40,20,266.6,83.3,33.5
7044,Matale,Intermediate,Yala,5.22,0.186,10,,1.32,114.8,29.5,100,40,20,206,89.9,34.2
7045,Gampaha,Wet,Yala,4.78,0.109,10.8,72.8,2.22,313.3,26,120,40,40,277.8,81.6,69
7046,Batticaloa,Dry,Maha,5.98,0.139,6.3,82.8,1.24,292,30.4,120,60,40,256.3,131.8,69.2
7047,Mullaitivu,Dry,Yala,7.21,0.191,10.4,85.6,1.01,76,30.5,100,40,40,224.9,87.9,62.1
7048,Mullaitivu,Dry,Maha,6.33,0.195,6.5,51.5,1.29,248.5,29.9,100,60,60,201.8,138.5,98.4
7049,Trincomalee,Dry,Maha,6.75,0.182,12.5,91.4,0.55,132.7,28.8,100,40,40,207.8,87.3,69.4
7050,Puttalam,Dry,Maha,5.85,0.051,12.1,119.3,1.18,227.4,31.6,130,40,20,282.1,82.3,35.3
7051,Kegalle,Intermediate,Maha,5.2,0.053,8,74.5,1.95,144.7,29.7,130,60,40,298.6,131.8,67.7
7052,Ampara,Dry,Yala,5.75,0.194,11.9,83.8,1,95.9,30.2,100,40,40,218.3,81.7,62.2
7053,Polonnaruwa,Dry,Maha,6.43,0.183,11,55.2,,294.9,28.1,100,40,60,231.4,83.1,98.4
7054,Batticaloa,Dry,Yala,5.99,0.196,5,113.4,1.02,76.5,27.5,100,60,20,216.9,121.2,31.2
7055,Monaragala,Intermediate,Maha,5.39,0.077,17.4,65.9,1.63,187.2,29.6,130,20,40,282.2,43.6,69.2
7056,Kandy,Wet,Maha,4.85,0.184,11.9,141.3,2.89,329.5,27.6,100,40,20,205,81.6,31.1
7057,Batticaloa,Dry,Maha,5.53,0.118,14.7,41.9,0.78,170.6,29.1,120,40,60,272.7,86.6,95.3
7058,Hambantota,Dry,Yala,6.92,0.182,11.4,76.5,0.62,97.7,31.3,100,40,40,209.1,92.6,65.9
7059,Matale,Intermediate,Maha,6.48,0.188,18.2,62.2,1.12,247.6,26.5,100,20,40,230.4,44.9,66.3
7060,Trincomalee,Dry,Yala,5.54,0.125,5.4,108.4,0.7,43.2,28,120,60,20,277,122.1,32.8
7061,Kurunegala,Intermediate,Yala,5.51,0.171,18.7,96.1,1.98,142.7,27.6,100,20,40,231.9,41.7,66.3
7062,Hambantota,Dry,Maha,6.85,0.193,13.5,111.8,0.77,278.7,29.7,100,40,20,218.1,89.3,34.4
7063,Anuradhapura,Dry,Yala,7.02,0.113,14.7,,0.87,84.2,27.8,120,40,40,267.8,92.2,65.4
7064,Kurunegala,Intermediate,Yala,6.45,0.154,7.5,74.8,1.96,138.1,26.7,100,60,40,226.5,121.3,67.2
7065,Colombo,Wet,Yala,5.91,0.121,7.2,99.1,2.93,379.2,27.1,120,60,40,246.5,136.5,64.7
7066,Ampara,Dry,Yala,6.92,0.163,13.3,79.9,1.03,40.1,28.2,100,40,40,220.7,87.8,65.2
7067,Trincomalee,Dry,Yala,7.08,0.078,7.1,101.4,1.43,57.4,28.5,130,60,20,262.9,131.3,33.9
7068,Anuradhapura,Dry,Yala,5.63,0.157,8.3,73.6,1.3,55.5,,100,60,40,217.3,139.4,66.6
7069,Trincomalee,Dry,Yala,,0.151,14.9,87.5,1.23,21.7,27.4,100,40,40,206.1,90.2,68.9
7070,Vavuniya,Dry,Maha,5.99,0.156,14.2,105,1.26,237.4,30.8,100,40,20,207.1,91.6,33.6
7071,Matale,Intermediate,Maha,6.79,,,86.6,1.69,164.4,26.8,100,60,40,213,127.5,69.7
7072,Nuwara Eliya,Wet,Maha,5.1,0.104,9.7,98.3,2.89,,24.3,120,60,40,258.3,131.5,66.1
7073,Colombo,Wet,Maha,5.37,0.152,8.2,106.6,2.8,397.9,27.2,100,60,20,221.4,132.7,33.3
7074,Badulla,Intermediate,Maha,5.79,0.17,19.3,91,1.25,178.1,27.3,100,20,40,203.5,42.3,68.4
7075,Anuradhapura,Dry,Yala,6.74,0.07,6.7,49,0.66,47.7,28.4,130,60,60,282.8,131.8,95.8
7076,Matale,Intermediate,Yala,6.72,0.082,12.7,67.5,1.65,239.4,29.6,130,40,40,269.1,83.6,65.6
7077,Kandy,Wet,Maha,5.35,0.058,5.6,110.3,2.46,396.2,24.2,130,60,20,285.7,123.4,33.9
7078,Matara,Wet,Yala,4.94,0.2,10.8,93.2,2.95,355,25.8,100,40,40,221.9,85.4,62
7079,Vavuniya,Dry,Yala,7.45,0.19,10.3,,1.29,77.7,28.8,100,40,20,219.2,90.1,33
7080,Puttalam,Dry,Yala,6.55,0.093,,76.9,0.85,98.9,28.3,130,60,40,292.7,138.5,67.7
7081,Matale,Intermediate,Maha,6.17,0.088,13.2,69.7,1.7,205.8,28.6,130,40,40,275.6,86.4,71.4
7082,Matale,Intermediate,Maha,6.55,0.18,5.2,59.4,1.45,166.1,28.4,100,60,60,226,133.2,105.7
7083,Badulla,Intermediate,Yala,5.83,0.138,11.7,,1.1,153.9,26.1,120,40,60,258.3,81.8,96.7
7084,Matale,Intermediate,Maha,5.6,0.065,14.7,127.9,1.55,156.6,28.6,130,40,20,281.9,92.3,33.3
7085,Kegalle,Intermediate,Yala,5.77,0.116,13.6,99.9,1.77,163,28.2,120,40,40,266.7,87.9,62.3
7086,Kilinochchi,Dry,Yala,6.98,0.155,14.6,94.2,0.94,30.8,28.1,100,40,40,201.7,90.7,64.1
7087,Mullaitivu,Dry,Yala,5.62,0.189,7.3,112.4,0.77,76.9,28.1,100,60,20,222.4,136.2,34.7
7088,Colombo,Wet,Yala,5.97,0.186,10.9,137,1.59,241.3,26.4,100,40,20,221.3,83.8,31.4
7089,Matale,Intermediate,Maha,,0.089,7.9,95.6,1.95,107.4,29.2,130,60,40,274.5,131,64.3
7090,Mannar,Dry,Maha,6.79,0.082,13.3,106.3,1.41,247.5,,130,40,20,265,93,35.5
7091,Matale,Intermediate,Maha,5.7,0.08,19.1,105.9,1.25,223.3,28.8,130,20,20,265.3,40.8,34.9
7092,Matale,Intermediate,Yala,5.52,0.06,18.8,74.6,1.64,189.5,28.3,130,20,40,300.5,44.7,69.5
7093,Galle,Wet,Yala,4.53,0.174,6.4,133.2,2.04,273.2,24.7,100,60,20,223.6,139.4,35.1
7094,Ampara,Dry,Yala,6.68,0.101,10.4,117.6,0.66,95,31.6,120,40,20,246.3,84.4,34.5
7095,Gampaha,Wet,Yala,5.62,0.179,5.4,132.1,2.07,286.7,25.8,100,60,20,212.7,137.5,31.4
7096,Galle,Wet,Yala,5.88,0.107,11,98.7,2.66,224.3,26.7,120,40,40,264.5,92.7,66.9
7097,Matara,Wet,Maha,5.26,0.169,8.8,105.7,1.99,346.1,24.2,100,60,20,228.3,135.2,33
7098,Matara,Wet,Maha,5.38,0.056,9.9,81.7,2.79,205.7,27.4,130,60,40,263.3,125.1,64.8
7099,Gampaha,Wet,Maha,4.8,0.074,11.3,76.3,2.32,266.5,24.2,130,40,40,271.4,84.8,70
7100,Hambantota,Dry,Yala,6.78,0.052,8.8,94.8,1.38,30.3,30.4,130,60,40,299.1,121.3,66.3
7101,Kurunegala,Intermediate,Maha,5.76,0.15,19.4,65.1,1.76,124.6,26.7,100,20,40,201.4,45.7,62.3
7102,Polonnaruwa,Dry,Maha,,0.199,11.5,42.2,0.9,195.8,,100,40,60,207.7,91.6,96.6
7103,Ratnapura,Wet,Yala,5.28,0.176,5.7,98.4,2.14,217.8,25,100,60,40,232.4,133,64
7104,Kegalle,Intermediate,Maha,5.39,0.154,17.5,104.1,1.42,190.2,27.1,100,20,20,221.1,42.5,35.2
7105,Galle,Wet,Yala,5.71,0.174,9.8,127.4,2.65,215.2,24.6,100,60,20,209.6,122.1,34
7106,Gampaha,Wet,Maha,,0.152,7,146.9,2.61,279.5,27,100,60,20,203.3,135.3,33.6
7107,Hambantota,Dry,Maha,6.29,,5.3,,0.61,291.3,29.3,130,60,40,262.6,134.8,66.8
7108,Batticaloa,Dry,Maha,6.87,0.171,6.4,83.3,1.19,152.9,27.3,100,60,40,209.1,138.5,68.2
7109,Kurunegala,Intermediate,Maha,6.02,0.103,11.5,114.5,1.46,188.9,28.9,120,40,20,275.8,90,34.6
7110,Batticaloa,Dry,Yala,7.16,0.109,9.6,62.4,0.68,98.6,28.4,120,60,40,257.6,136.8,67.2
7111,Colombo,Wet,Yala,5.26,,8.6,124.3,1.65,203.2,24.9,130,60,20,291.9,135.2,35.5
7112,Puttalam,Dry,Maha,7.1,0.077,12.8,109.9,0.72,242.8,30.9,130,40,20,300.3,88.7,35.7
7113,Kurunegala,Intermediate,Maha,5.75,0.179,7.3,100.9,1.34,118.7,28.6,100,60,20,214.4,129,35.8
7114,Matara,Wet,Yala,5.7,0.147,10.3,84.2,2,287.9,24.6,120,40,40,248.8,92.2,68.4
7115,Nuwara Eliya,Wet,Maha,4.57,0.158,8.1,77.6,2.62,377.8,24.7,100,60,40,218,133.4,71
7116,Galle,Wet,Yala,5.17,0.159,6.8,64.2,2.83,320.5,25.7,100,60,40,230.7,128.4,65.7
7117,Trincomalee,Dry,Yala,6.7,0.165,14.5,114.7,1.15,43.4,29.7,100,40,20,227.3,81.6,35.1
7118,Jaffna,Dry,Yala,6.04,0.159,14.8,66.1,0.67,98.8,29.4,100,40,40,203.2,84.3,70.8
7119,Mannar,Dry,Maha,6.45,0.136,9.6,53.4,0.91,275.2,31,120,60,60,268.4,131.3,106.1
7120,Puttalam,Dry,Maha,7.15,0.064,10.3,53.5,0.96,126.4,30.8,130,40,60,285.6,84.1,105
7121,Matale,Intermediate,Yala,6.7,0.129,8.2,123,1.99,202.2,29.4,120,60,20,276.8,124.9,32.8
7122,Kandy,Wet,Maha,5.18,0.173,10,103.9,,259.9,25.1,100,40,20,205.1,87.4,31.6
7123,Mullaitivu,Dry,Yala,6.85,0.134,12.7,93,0.67,81.5,,120,40,40,262.2,82.7,65
7124,Batticaloa,Dry,Maha,7.17,0.09,6.3,,0.8,173.2,28.1,130,60,40,298.7,136.3,69.4
7125,Monaragala,Intermediate,Yala,5.33,0.053,15.3,92.5,1.19,247.6,26.1,130,20,40,278.8,43.4,64
7126,Monaragala,Intermediate,Yala,5.71,0.189,18.3,128.6,1.88,228.1,27.9,100,20,20,216.8,44,33.2
7127,Jaffna,Dry,Maha,5.7,0.081,9,98.9,0.59,268,28.2,130,60,40,264.4,123.5,67.4
7128,Matara,Wet,Maha,5.25,0.147,6.7,84.2,1.9,372.1,,120,60,40,252.2,127,67.7
7129,Polonnaruwa,Dry,Maha,6.03,0.075,12.7,76.5,1.49,175.7,31.1,130,40,40,275.2,85.8,71.1
7130,Kilinochchi,Dry,Maha,7.24,0.18,7.2,114,1.37,297.8,29.6,100,60,20,231.9,136.4,34.1
7131,Mullaitivu,Dry,Maha,5.86,0.161,14.6,45.7,1.18,286.5,28.1,100,40,60,210.3,90.5,104.3
7132,Kalutara,Wet,Maha,4.64,0.102,6.5,138.8,2.83,,24.7,120,60,20,259.4,125,33.7
7133,Matale,Intermediate,Maha,6.45,0.08,8.3,125.8,1.94,111.5,26.8,130,60,20,289.9,132.7,35
7134,Matara,Wet,Maha,5.72,,6.6,84.9,1.72,347.7,25.1,100,60,40,206.4,125.4,64.3
7135,Batticaloa,Dry,Yala,7.15,0.137,7,41,0.65,98.3,31.4,120,60,60,260.4,140,95.6
7136,Anuradhapura,Dry,Yala,5.83,0.119,10.2,94.3,1.16,48.9,30.4,120,40,40,270.2,92.9,71
7137,Colombo,Wet,Yala,5.01,0.193,5.1,62.9,1.51,273.7,,100,60,40,229.4,131.6,68.6
7138,Gampaha,Wet,Yala,5.52,0.191,10.2,69.2,2.92,378.1,,100,40,40,221.5,89.6,68.4
7139,Matara,Wet,Maha,4.79,0.068,8.2,96.2,1.91,287.8,26.8,130,60,40,289.8,136.3,66.4
7140,Kilinochchi,Dry,Yala,6.44,0.097,5.4,101.1,1.41,98.5,29.1,130,60,20,266.8,134.7,32.7
7141,Kilinochchi,Dry,Yala,6.13,0.191,7.2,97.3,1.27,31.5,31.5,100,60,40,231.9,134.3,67.3
7142,Matale,Intermediate,Yala,6.57,0.129,13.9,57.8,1.9,116.2,29.5,120,40,60,246.5,93,94.3
7143,Trincomalee,Dry,Maha,5.83,0.104,10.4,51.1,0.66,132.3,29.5,120,40,60,271.6,88.3,99.3
7144,Matara,Wet,Yala,4.84,0.077,9.2,110.9,2.26,305.7,25.6,130,60,20,272.6,133.1,33.1
7145,Trincomalee,Dry,Maha,6.72,0.089,,76.3,1.49,164.6,29.1,130,60,40,301,137.2,67.1
7146,Mullaitivu,Dry,Yala,6.4,0.074,8.9,119.2,1.32,27.1,29.6,130,60,20,291.9,133.7,34
7147,Anuradhapura,Dry,Yala,7.22,0.09,8.6,101.5,0.76,42.1,29.4,130,60,20,293.4,135,35.6
7148,Kurunegala,Intermediate,Maha,5.57,0.096,11.4,58.8,1.28,,28.7,130,40,60,270.7,83.5,102.3
7149,Kurunegala,Intermediate,Yala,6.28,0.133,17.5,,1.76,112.7,27.6,120,20,60,258.7,42.7,105.8
7150,Matara,Wet,Yala,5.85,0.068,6.9,84.1,2.36,328.6,25.1,130,60,40,287.6,123.5,67.3
7151,Matale,Intermediate,Yala,5.23,0.065,8.2,67.7,1.63,238.6,28.6,130,60,40,294,130.5,68
7152,Galle,Wet,Yala,4.64,0.133,12,115.5,2.43,240.4,26.9,120,40,20,245.4,86.4,31.2
7153,Colombo,Wet,Yala,5.84,0.131,,134,2.5,344.5,27.8,120,60,20,279,140.1,31.5
7154,Mannar,Dry,Yala,5.94,0.128,6.7,103.6,0.78,37.6,31.3,120,60,20,276.2,132.6,33.7
7155,Badulla,Intermediate,Yala,5.8,0.106,6.9,94.1,1.75,122.1,29.8,120,60,40,251.9,136,65.7
7156,Ratnapura,Wet,Maha,4.79,,9.5,141.8,1.64,292.1,25,130,60,20,296.3,127.2,34.8
7157,Kurunegala,Intermediate,Yala,5.67,0.099,5.9,119.4,1.18,166.3,26,130,60,20,283.4,136.9,33.5
7158,Kurunegala,Intermediate,Yala,,0.117,13,127.4,1.78,117.1,26.2,120,40,20,259.4,88.5,35.2
7159,Matale,Intermediate,Yala,6.12,0.136,10.7,107,1.89,125.2,26.2,120,40,20,253.6,89.6,35.7
7160,Kilinochchi,Dry,Yala,6.15,0.148,14.8,,0.79,72.8,27.2,120,40,60,264.1,84.3,94.7
7161,Kurunegala,Intermediate,Yala,6.01,0.124,8.2,54.4,1.88,161.5,27.3,120,60,60,269.9,131.4,98.4
7162,Badulla,Intermediate,Maha,6.16,0.062,18.4,72,1.07,208.5,27.2,130,20,40,278.8,44.4,68.4
7163,Badulla,Intermediate,Yala,5.29,0.057,15.8,118.7,1.22,115.6,26,130,20,20,288.1,44.1,32.3
7164,Kilinochchi,Dry,Maha,6,0.053,5.8,108.1,1.04,194.3,30.4,130,60,20,291,138.5,32.1
7165,Anuradhapura,Dry,Maha,,0.115,6.5,63.3,1.15,213.2,29.8,120,60,40,269.2,138.2,69.8
7166,Matara,Wet,Maha,5.9,0.155,11.3,89.3,2.83,353.5,27.1,100,40,40,202.8,93.1,71.5
7167,Polonnaruwa,Dry,Yala,5.73,0.168,8.7,51.6,0.61,39.3,27.7,100,60,60,229.1,133.7,104.1
7168,Mullaitivu,Dry,Maha,6.25,0.173,12.6,109.1,1.38,251.2,30.5,100,40,20,216,93.2,33.4
7169,Puttalam,Dry,Yala,7.19,0.141,8,76,1.25,48.7,27.1,120,60,40,251.6,136.9,66.1
7170,Badulla,Intermediate,Yala,6.6,0.194,15.7,102.9,1.23,131,29.6,100,20,20,209,42,33.5
7171,Matara,Wet,Yala,5.17,0.064,5.3,62.1,2.74,,27.9,130,60,40,281.9,129,66.3
7172,Mullaitivu,Dry,Maha,6.96,0.129,,53.5,0.91,232,28.4,120,60,60,276,125.3,100
7173,Anuradhapura,Dry,Yala,5.53,,7,82.1,0.63,,31.6,120,60,40,256.1,120.7,63.7
7174,Ampara,Dry,Yala,7.38,0.186,13.4,85.5,0.72,54.6,,100,40,40,225.5,82.9,70.7
7175,Galle,Wet,Maha,5.55,0.129,10.8,75.3,2.33,241.2,27.6,120,40,40,245.1,80.5,69.2
7176,Gampaha,Wet,Yala,4.83,0.157,7.2,,1.59,,27.8,100,60,20,216.6,134.7,34.2
7177,Nuwara Eliya,Wet,Maha,5.76,0.2,7.9,64.7,2.79,,,100,60,40,233.4,128.9,71.2
7178,Ampara,Dry,Yala,6.67,0.184,11.4,75.5,1.28,90.5,28.2,100,40,40,226.2,84.6,64.5
7179,Gampaha,Wet,Maha,4.62,0.079,6.3,118,1.51,239.5,26.3,130,60,20,270.3,135.5,31.2
7180,Hambantota,Dry,Yala,7.48,0.069,14,44.1,0.91,94.4,,130,40,60,282.7,91.3,104.9
7181,Kegalle,Intermediate,Yala,6.66,0.186,12.2,62.4,1.42,237.3,29.5,100,40,40,208.7,93.2,71.7
7182,Colombo,Wet,Maha,5.24,0.104,8.2,,1.5,251.8,24,120,60,40,257.4,133.2,67.5
7183,Trincomalee,Dry,Yala,6.39,0.071,5.6,118.4,1.19,78.8,,130,60,20,294.5,129.6,31.1
7184,Matale,Intermediate,Maha,,0.075,16.9,87.1,1.87,145.6,26.6,130,20,40,294.1,42.2,69.5
7185,Kurunegala,Intermediate,Yala,6.43,0.063,15.9,85.2,1.51,,26.3,130,20,40,271.1,41.7,62.4
7186,Matale,Intermediate,Yala,5.6,0.102,16.5,119.7,1.27,240,27.3,120,20,20,277.4,41.6,33.5
7187,Batticaloa,Dry,Maha,5.6,0.103,5.3,65.5,0.96,233.4,27,120,60,40,264.5,128.6,64.5
7188,Colombo,Wet,Maha,5.99,0.071,6,117.9,1.53,331.9,24.9,130,60,20,277.5,140,35.4
7189,Polonnaruwa,Dry,Maha,7.31,0.102,14.4,78.4,0.66,237.7,31.9,120,40,40,261,80.5,66.2
7190,Monaragala,Intermediate,Maha,6.45,0.091,6,124.2,1.15,,29,130,60,20,287.1,124.5,35.3
7191,Mannar,Dry,Yala,,0.088,11.4,94.2,0.73,30.7,29.7,130,40,40,285.1,82.9,64.7
7192,Nuwara Eliya,Wet,Yala,4.54,0.083,,117.8,2.93,396.8,28,130,60,20,282,134.6,32.7
7193,Galle,Wet,Yala,5.43,0.113,5.9,120.9,1.65,,27.9,120,60,20,261.1,127.5,35.5
7194,Kandy,Wet,Maha,5.44,0.195,8.8,126.6,2.08,269,25.9,100,60,20,206.8,129.6,31.8
7195,Batticaloa,Dry,Yala,7.41,0.105,10.6,81.1,1.01,63.3,,120,40,40,273.1,82.4,67.5
7196,Kurunegala,Intermediate,Maha,6.72,0.167,9.5,112.6,1.14,242.1,26.4,100,60,20,218.8,128.5,32.7
7197,Monaragala,Intermediate,Maha,5.85,0.115,7.9,64.2,1.81,244.8,28.7,120,60,40,246.5,122.6,69.4
7198,Batticaloa,Dry,Maha,6.01,,9.5,112.1,1.14,262.6,27.2,120,60,20,271.3,131,31.4
7199,Mullaitivu,Dry,Yala,6.73,0.132,5.2,71.8,1.29,38.3,29.3,120,60,40,277.8,122.5,66.1
7200,Matale,Intermediate,Yala,5.48,0.126,13.7,90.5,1.51,117,28.8,120,40,40,278.4,90.8,68.7
7201,Badulla,Intermediate,Yala,6.7,0.123,14.2,72.7,1.55,156.4,27.5,120,40,40,255.8,87.9,65.8
7202,Kalutara,Wet,Maha,4.59,0.099,7.6,68.1,2.87,297.7,27.5,130,60,40,267.1,134.8,62.3
7203,Mullaitivu,Dry,Maha,7.23,,10.9,56.9,0.73,171,27.7,100,40,60,218,85.9,103.1
7204,Mullaitivu,Dry,Yala,6.76,0.148,11,107.8,0.62,79.8,30.6,120,40,20,245.7,85.5,33.3
7205,Kurunegala,Intermediate,Yala,6.66,0.154,14.4,105.8,1.65,161.5,28.1,100,40,20,231.6,81.8,30.9
7206,Galle,Wet,Yala,5.47,0.164,5.1,95.5,2.68,350.2,25.4,100,60,40,207.1,130.9,67.8
7207,Colombo,Wet,Maha,5.17,0.067,5.2,81.7,1.98,382,26.3,130,60,40,272.1,130.7,70.9
7208,Ratnapura,Wet,Yala,5.27,0.192,11.5,90.4,2.52,286,24.3,100,40,40,214.4,86.6,62.8
7209,Matale,Intermediate,Yala,6.18,0.12,18.6,52.6,1.58,113.2,26.9,120,20,60,256.3,45.1,101.4
7210,Trincomalee,Dry,Maha,7.31,0.117,6.3,63.5,0.54,269.5,31.8,120,60,40,272.4,136.9,69
7211,Matara,Wet,Yala,5.43,0.12,6,103.7,1.72,275.2,24.2,120,60,20,259.2,135.3,31.2
7212,Kurunegala,Intermediate,Yala,5.53,0.186,13.2,115.9,,169.7,26.4,100,40,20,206.7,82.4,30.9
7213,Ampara,Dry,Maha,7.26,0.199,13.7,77.5,1.35,280.6,30.3,100,40,40,209.8,88.6,66.3
7214,Hambantota,Dry,Yala,6.88,0.111,13.2,110.6,0.53,,31,120,40,20,261.3,81.5,34.8
7215,Polonnaruwa,Dry,Maha,7.1,0.167,8.3,54.5,1.1,,29.6,100,60,60,205.9,134.2,94.9
7216,Anuradhapura,Dry,Yala,7.18,0.118,14.5,67.3,0.54,72.9,29.3,120,40,40,265.3,85.5,70.1
7217,Kurunegala,Intermediate,Maha,6.05,0.138,9.8,59,1.56,108.5,30,120,60,60,263.5,123.2,102.3
7218,Kegalle,Intermediate,Maha,5.83,0.059,13.2,56.7,1.22,164.6,26.8,130,40,60,291.7,91.7,97.5
7219,Kurunegala,Intermediate,Maha,5.88,0.138,,111.8,1.05,113.6,26.6,120,40,20,278,88.5,33.4
7220,Galle,Wet,Yala,4.69,0.075,11.2,74.3,1.9,354.4,24,130,40,40,300.1,85.1,71.4
7221,Monaragala,Intermediate,Maha,5.45,0.114,12.4,118.8,1.1,203.4,27,120,40,20,278.4,80.9,31.9
7222,Mullaitivu,Dry,Maha,6.1,0.155,10.1,,1.4,265.9,29,100,40,20,209.1,87.5,33.3
7223,Ratnapura,Wet,Maha,4.78,0.107,10.4,99.9,,289.5,,120,40,40,246.5,92.5,67.9
7224,Mannar,Dry,Yala,7.28,0.177,7.5,41.7,1.12,35.5,30.1,100,60,60,211,132.3,94.6
7225,Vavuniya,Dry,Yala,5.59,0.186,5.4,43.6,0.65,38.4,28.3,100,60,60,230.3,139.6,93.2
7226,Jaffna,Dry,Yala,6.4,0.09,11.9,55.3,1.32,39.1,27.6,130,40,60,302.6,82.3,92.7
7227,Mannar,Dry,Maha,5.55,0.181,12.7,119.3,0.89,137.3,27.6,100,40,20,229.1,87.9,32.4
7228,Mullaitivu,Dry,Yala,5.84,,9.2,83.7,0.61,70.6,29,130,60,40,266.1,136.2,62.4
7229,Kegalle,Intermediate,Yala,5.88,0.198,18,101,1.31,119.3,27.4,100,20,20,232,43.7,34.8
7230,Monaragala,Intermediate,Yala,5.91,0.085,10.4,61.8,1.25,195.2,26.9,130,40,40,279.4,81.7,71.7
7231,Matara,Wet,Maha,5.95,0.096,8.4,126.8,2.38,312,26.5,130,60,20,261.8,132,31.1
7232,Ampara,Dry,Maha,7.3,,12.4,81.3,0.58,276.6,31.3,100,40,40,215.5,88.5,66
7233,Matale,Intermediate,Maha,5.67,0.164,5.8,71.5,1.76,204.2,27.9,100,60,40,202.6,134.9,62
7234,Kurunegala,Intermediate,Maha,5.71,0.11,5.8,80.9,1.98,149,29.4,120,60,40,262.6,135.5,63
7235,Kandy,Wet,Maha,5.6,0.138,11,68.6,3,337.5,24.6,120,40,40,254.6,90.5,64.9
7236,Kegalle,Intermediate,Yala,6.66,0.066,6.2,69.4,1.85,160.2,,130,60,40,281.5,133.6,65.6
7237,Kalutara,Wet,Maha,5.81,0.053,7,74.6,2.28,319.3,27.7,130,60,40,287.4,124.8,71.1
7238,Galle,Wet,Yala,4.62,0.182,11.2,84.3,1.51,388.9,25.9,100,40,40,229.4,85.8,65.7
7239,Batticaloa,Dry,Maha,6.86,0.13,12.1,46.3,0.64,189,,120,40,60,267.2,90.6,99.9
7240,Kurunegala,Intermediate,Maha,5.9,0.057,,56.6,1.32,240.6,28.8,130,60,60,279.8,139.3,96.2
7241,Puttalam,Dry,Maha,5.7,,7.8,101.7,1.2,289,,120,60,20,273.4,122.2,30.8
7242,Ratnapura,Wet,Yala,5.81,0.075,,69.4,2.45,375.6,27.1,130,60,40,299.8,131.1,70.7
7243,Vavuniya,Dry,Maha,6.19,0.155,6.1,82.2,0.63,240.4,29.5,100,60,40,205,126.7,62.5
7244,Polonnaruwa,Dry,Maha,5.58,0.178,6.2,64.5,1.35,271.8,31.8,100,60,40,218.4,125,71.3
7245,Kandy,Wet,Yala,4.58,0.101,6.3,,2.59,,26.7,120,60,20,252.5,130.5,31.5
7246,Jaffna,Dry,Yala,5.72,0.062,12.4,59.7,1.12,60.8,27.5,130,40,60,263.4,88.4,101.6
7247,Ampara,Dry,Maha,5.79,0.052,,72.6,,127.3,29.3,130,60,40,289.7,120.8,71.7
7248,Hambantota,Dry,Yala,5.96,0.076,12.1,111.4,0.95,52.9,29.4,130,40,20,298,90.7,31.5
7249,Monaragala,Intermediate,Yala,5.47,0.152,9,105.6,1.63,113.9,,100,60,20,206.4,136.7,32.9
7250,Anuradhapura,Dry,Yala,6.72,0.109,11.6,107.9,1.24,91.6,30.5,120,40,20,273.1,93.1,34.7
7251,Trincomalee,Dry,Maha,7.38,0.181,10,118.1,1.32,245.6,31.4,100,40,20,228.9,82.8,31
7252,Batticaloa,Dry,Maha,5.78,0.088,8.6,90.5,0.77,139.7,30.1,130,60,40,300.2,132.2,68.6
7253,Colombo,Wet,Maha,5.02,0.175,6.2,122.5,2.75,396.8,24.1,100,60,20,209.7,129,31.2
7254,Kilinochchi,Dry,Yala,7.13,0.082,8.9,111.4,1.33,37.5,27.4,130,60,20,299.7,127.2,32
7255,Mullaitivu,Dry,Maha,6.72,0.058,5.7,60,0.7,160.9,28.2,130,60,40,275,131.7,63.3
7256,Matale,Intermediate,Maha,5.31,0.063,10.9,56,1.64,135.7,28,130,40,60,284.8,90.7,106.1
7257,Kandy,Wet,Yala,4.54,0.101,9.1,,1.81,335.9,26.7,120,60,20,243.3,121.1,31.7
7258,Kilinochchi,Dry,Yala,6.57,0.105,14.4,54.9,,84.4,29.5,120,40,60,243,93.1,93.1
7259,Trincomalee,Dry,Maha,6.62,0.116,8,58.9,1.46,201.8,27.5,120,60,60,269.5,136.5,101.3
7260,Badulla,Intermediate,Maha,5.53,0.057,19.3,98.4,1.4,180.9,28.8,130,20,40,280.2,45.1,65.2
7261,Matara,Wet,Maha,5.58,0.145,8,121.9,1.92,258.9,25.1,120,60,20,251.4,135.5,32.8
7262,Anuradhapura,Dry,Yala,6.76,0.116,7.6,101.4,0.53,39.5,29.7,120,60,20,248.8,128.2,31.4
7263,Matale,Intermediate,Maha,6.39,0.082,7.5,92.5,1.69,164.7,28.7,130,60,40,289.8,135.3,69.2
7264,Colombo,Wet,Maha,5.66,0.107,5.6,66.4,2.42,313.4,24.6,120,60,40,241.3,128.2,67.7
7265,Mannar,Dry,Yala,5.97,0.129,6.5,115.4,0.81,74.2,27.9,120,60,20,272.9,138.2,32.6
7266,Vavuniya,Dry,Maha,6.87,0.064,15,63,1.04,140.7,31.1,130,20,40,264.8,41.4,63.4
7267,Mannar,Dry,Yala,6.32,,14.9,49.8,1.26,94.1,31.8,120,40,60,248.8,84.3,101.4
7268,Monaragala,Intermediate,Maha,6.25,0.152,15.7,62.1,1.82,,28.1,100,20,40,213.7,43.8,69.5
7269,Kurunegala,Intermediate,Yala,6.51,0.183,7.5,63.4,1.9,157.1,29.6,100,60,40,216.9,126.9,64.8
7270,Kalutara,Wet,Yala,4.9,0.102,8,85,1.51,297,26.3,120,60,40,255.2,128.9,62
7271,Puttalam,Dry,Yala,,0.185,6.3,94.8,1.19,49.4,27.7,100,60,40,211.6,130.3,63.8
7272,Trincomalee,Dry,Yala,6.62,0.179,14.3,114.9,1.29,84.4,,100,40,20,232.5,91.7,34.2
7273,Vavuniya,Dry,Yala,5.53,0.051,7.4,69.4,1.33,53,27,130,60,40,288.6,130.9,71.6
7274,Kandy,Wet,Yala,5.43,0.085,6.3,144.5,2.4,369.5,25,130,60,20,262.4,127.7,30.9
7275,Kurunegala,Intermediate,Maha,5.82,0.12,8.7,70.8,1.72,199.9,28.8,120,60,40,258.2,125.5,64.8
7276,Kandy,Wet,Maha,5.26,0.191,5.1,120.1,,326.3,24.2,100,60,20,229.6,128.6,31.1
7277,Galle,Wet,Maha,4.96,0.095,5.5,98.5,,251.2,26.7,130,60,40,274.2,130.7,64.9
7278,Puttalam,Dry,Yala,,0.174,5.5,40.6,0.53,28.6,29,100,60,60,204.2,135.2,98.6
7279,Mannar,Dry,Maha,5.55,0.142,7.7,85.6,1.34,241.5,31.2,120,60,40,271,123,70.9
7280,Kalutara,Wet,Yala,5.33,0.091,10.7,122.7,2.55,269.9,24.9,130,40,20,287.1,83.4,31.2
7281,Nuwara Eliya,Wet,Yala,4.76,0.083,6.2,135.7,2.87,,24.7,130,60,20,285.6,128,34.7
7282,Ratnapura,Wet,Yala,5.99,0.111,5.8,109.7,2.02,378.6,,120,60,20,243.4,127.7,32.8
7283,Mullaitivu,Dry,Maha,6.02,0.057,5.5,43.7,0.71,217.7,31.5,130,60,60,267.4,128.3,104.7
7284,Jaffna,Dry,Yala,6.07,0.198,11.2,67.4,0.79,53,31.3,100,40,40,221.4,90.8,66.8
7285,Mullaitivu,Dry,Yala,6.78,0.094,7.7,94.1,1.34,28.4,31.7,130,60,40,270.2,127,62.1
7286,Kalutara,Wet,Yala,4.8,0.093,11.5,118.8,1.53,330.2,24.4,130,40,20,282.8,87,35.5
7287,Matara,Wet,Yala,5.66,0.107,11.9,67.5,1.58,348.9,26.9,120,40,40,262.7,88.6,62.5
7288,Matale,Intermediate,Maha,6.18,0.109,10.6,108.7,1.6,170.6,27.2,120,40,20,252.4,83.5,33.8
7289,Matara,Wet,Maha,4.82,0.057,8.3,74.5,1.79,,27.1,130,60,40,301.6,134.7,70.5
7290,Matale,Intermediate,Yala,6.59,0.059,7.8,65.7,1.79,,28.7,130,60,40,297.1,131.3,62.5
7291,Mullaitivu,Dry,Maha,7.24,0.133,6.1,55.3,0.98,242.9,,120,60,60,269.6,129.4,100.8
7292,Kegalle,Intermediate,Maha,,0.058,15.6,51.6,1.1,167.9,26.5,130,20,60,264.7,45.5,104.9
7293,Kalutara,Wet,Maha,5.99,0.177,8,148.5,1.52,367.6,26.7,100,60,20,204.6,125.4,35.7
7294,Ampara,Dry,Yala,5.61,0.126,12,74.7,0.99,66.2,31.7,120,40,40,260.6,92,68.9
7295,Kegalle,Intermediate,Maha,5.33,0.171,8.2,50,1.78,,29.1,100,60,60,206.3,131.6,96.7
7296,Vavuniya,Dry,Maha,6.03,0.167,7.8,44.1,1.01,249.1,29.7,100,60,60,233,132.5,103
7297,Ratnapura,Wet,Maha,5.76,0.088,5.3,126.5,2.14,,24.3,130,60,20,268.1,137.7,34.3
7298,Kilinochchi,Dry,Maha,6.68,0.144,11.4,83.3,0.91,157.2,,120,40,40,260.4,91.1,68.7
7299,Kilinochchi,Dry,Maha,6.81,0.126,12.9,79.8,1.33,121.7,28.1,120,40,40,255.6,88.3,70.2
7300,Galle,Wet,Yala,4.93,0.095,8.6,72.8,2.3,239.8,24.5,130,60,40,288.5,135.4,62.6
7301,Nuwara Eliya,Wet,Yala,5.33,0.076,11.9,61.5,2.6,256.7,25.6,130,40,40,266.9,86.1,62.8
7302,Hambantota,Dry,Maha,5.92,0.098,12.7,55.1,0.62,285.9,,130,40,60,279.6,87.6,102.1
7303,Trincomalee,Dry,Maha,6.14,0.144,14.1,108.3,0.5,144.3,28.6,120,40,20,252.1,81.3,35.6
7304,Kurunegala,Intermediate,Maha,5.57,0.074,12.5,129.6,1.19,162.7,29.9,130,40,20,299,81.6,33.1
7305,Batticaloa,Dry,Maha,7.27,0.14,12.6,74.7,1.13,181.3,31.4,120,40,40,242.9,91.3,71.3
7306,Matara,Wet,Maha,5.28,0.172,9.7,120.6,2.02,342.5,25.1,100,60,20,230.9,121.8,35.5
7307,Badulla,Intermediate,Yala,5.35,0.117,7.8,83.8,1.08,186.2,29.2,120,60,40,273.9,123.9,70.7
7308,Ampara,Dry,Maha,7.26,0.077,9.2,112,1.19,232.9,27.5,130,60,20,274,136.2,35.3
7309,Gampaha,Wet,Maha,5.46,0.103,11.4,123.8,2.73,251.6,26.8,120,40,20,272.2,80.5,35.3
7310,Polonnaruwa,Dry,Maha,6.18,0.192,6.8,79.8,0.78,149.6,29.8,100,60,40,202.1,126.1,69.9
7311,Kurunegala,Intermediate,Maha,6.63,,12.5,56.6,1.51,139.8,26.2,120,40,60,279.2,88.1,102.9
7312,Colombo,Wet,Yala,4.62,0.136,6.7,,2.62,203.8,26.3,120,60,20,261.9,132.3,30.9
7313,Monaragala,Intermediate,Yala,6.06,0.113,14.1,115.1,1,102.7,26.8,120,40,20,253.2,90.6,31.5
7314,Matara,Wet,Yala,5.39,,8.9,66.6,2.62,381.5,25.2,130,60,40,276.8,130.5,63
7315,Kandy,Wet,Yala,4.53,0.197,5.2,109.7,2.17,255.3,26.2,100,60,20,203.3,130.6,30.9
7316,Ratnapura,Wet,Maha,4.91,0.059,5.2,108.6,2.11,237.5,24.3,130,60,20,303.3,134.8,31.4
7317,Nuwara Eliya,Wet,Maha,4.81,0.166,10,101.3,2.37,248.8,27.6,100,40,20,202.4,87,35.4
7318,Monaragala,Intermediate,Maha,6,0.057,13.2,80.8,1.86,111.5,27.7,130,40,40,289.2,88.4,68.3
7319,Kilinochchi,Dry,Yala,6.23,0.1,10.4,74.8,0.91,83.7,31.4,120,40,40,258.7,92.2,64.8
7320,Puttalam,Dry,Maha,6.84,0.085,6.2,110.7,0.75,249.1,29.4,130,60,20,301.6,128.5,34.8
7321,Ampara,Dry,Yala,5.92,0.108,14.7,,0.91,,29.2,120,40,40,251,85.5,66.6
7322,Monaragala,Intermediate,Maha,5.72,0.067,10.9,63.4,1.68,171,29.8,130,40,40,284,80.5,63.1
7323,Vavuniya,Dry,Maha,6.94,0.188,14.9,71.7,1.44,140.6,28.9,100,40,40,216.8,88.5,70.5
7324,Kalutara,Wet,Yala,5.77,0.079,6.3,122.7,2.53,349.2,25,130,60,20,291.2,121.2,32.5
7325,Kalutara,Wet,Maha,5.75,0.062,7.1,97.7,2.77,353.3,24.6,130,60,40,264.3,130.5,68.7
7326,Matara,Wet,Maha,4.54,0.196,9.4,70.2,1.53,352.6,24,100,60,40,207.4,136.4,64.6
7327,Hambantota,Dry,Yala,5.55,0.178,13.2,40.7,1.17,75.5,29.5,100,40,60,208.1,87.7,100
7328,Nuwara Eliya,Wet,Yala,5.19,0.149,8.8,123.7,3,215.2,27.3,120,60,20,270.2,125.9,34.9
7329,Monaragala,Intermediate,Yala,5.37,0.154,13.9,117.5,1.76,210.2,26.4,100,40,20,207.3,90.7,31.6
7330,Kegalle,Intermediate,Yala,5.95,0.169,6,98.8,1.49,137.6,29.3,100,60,40,219.8,125.9,71.5
7331,Batticaloa,Dry,Yala,5.94,0.137,6.6,85.5,0.68,24.8,,120,60,40,249.8,135,62.4
7332,Anuradhapura,Dry,Yala,7.11,0.141,7.2,106.1,1.26,80.5,28.7,120,60,20,275.1,132.6,33.5
7333,Galle,Wet,Maha,5.57,0.095,5.4,78.3,2.22,264.9,27.5,130,60,40,301.3,123.9,70.9
7334,Batticaloa,Dry,Yala,6.98,0.083,6.4,90.9,0.5,71.3,27.2,130,60,40,283.4,138.3,71.2
7335,Badulla,Intermediate,Maha,5.76,0.09,17.9,54.5,1.17,129.8,27.6,130,20,60,276.3,41.5,96
7336,Anuradhapura,Dry,Yala,6.7,0.175,7.8,112.4,0.83,82.3,30.9,100,60,20,208.7,140,31.5
7337,Anuradhapura,Dry,Maha,6.95,0.109,8.1,80.1,1.39,236.9,28.9,120,60,40,243.3,120.8,68.9
7338,Nuwara Eliya,Wet,Yala,5.1,0.158,,65.7,2.16,319.7,24.8,100,40,40,209.9,83.9,62.1
7339,Hambantota,Dry,Maha,6.33,0.092,11.4,101,1.25,162.7,28.6,130,40,20,289.1,83.1,33.2
7340,Galle,Wet,Maha,5.29,,11.8,114.3,,,26,100,40,20,218.5,80.7,34.8
7341,Anuradhapura,Dry,Yala,,0.066,10.5,47.1,1,,28,130,40,60,301.4,90,100.9
7342,Nuwara Eliya,Wet,Yala,5.99,0.056,8.1,,1.94,384,25.7,130,60,40,278.2,134.2,63.6
7343,Mannar,Dry,Maha,7.45,0.103,7.4,43.6,0.84,183.4,,120,60,60,268.5,136.1,99.8
7344,Kandy,Wet,Maha,5.76,0.105,11.4,75.3,1.85,200.2,24.6,120,40,40,260.5,83.8,70.9
7345,Jaffna,Dry,Yala,5.59,0.153,8.6,53,,99.3,31.8,100,60,60,217.8,129.3,101.8
7346,Hambantota,Dry,Maha,6.93,0.054,13,94.8,1.12,193.4,28.7,130,40,40,272.8,89.1,68.9
7347,Vavuniya,Dry,Maha,6.3,0.185,12.8,97.7,1.09,249.8,29.4,100,40,40,215.9,86.2,65.1
7348,Badulla,Intermediate,Maha,6.33,0.104,9.9,126.9,1.91,157.6,27.6,120,60,20,259.8,134.3,31.7
7349,Kilinochchi,Dry,Maha,6.98,0.117,9.8,46,1.16,214.8,27.8,120,60,60,269,133,96.3
7350,Batticaloa,Dry,Maha,6.88,0.167,8.7,60,1.47,123.4,29.1,100,60,40,231.8,122.9,67
7351,Kegalle,Intermediate,Maha,5.23,0.195,8.3,56.7,1.75,175.3,28.2,100,60,60,211.8,135.9,96.7
7352,Trincomalee,Dry,Yala,5.51,0.111,13.1,98.2,0.78,40.6,29,120,40,40,243,89.9,67.1
7353,Trincomalee,Dry,Maha,6.36,0.152,10.6,48.8,1.24,128.4,31,100,40,60,217.3,89,103.1
7354,Ratnapura,Wet,Maha,4.93,0.16,8.3,87.9,2.71,331,25,100,60,40,218.8,123.7,69
7355,Badulla,Intermediate,Yala,6.65,0.059,19.1,62.8,1.5,241.5,,130,20,40,268.5,42,63.3
7356,Gampaha,Wet,Yala,5.43,0.089,9.7,122.5,2.72,278.8,26.6,130,60,20,293.6,128.3,34.6
7357,Nuwara Eliya,Wet,Yala,5.84,0.13,9.4,96.7,1.87,371.6,26.8,120,60,40,279.9,126.1,68.4
7358,Matara,Wet,Maha,5.28,0.152,8.7,70.6,1.77,361.6,25.4,100,60,40,231.9,125.1,61.8
7359,Galle,Wet,Yala,,0.135,11.4,,2.5,200.2,25.3,120,40,40,249,91,62.3
7360,Nuwara Eliya,Wet,Yala,5.58,0.076,8.5,103,2.31,220.2,26.5,130,60,20,298.5,133.1,34
7361,Galle,Wet,Yala,5.96,0.167,6.4,82.6,2.05,,26.2,100,60,40,224.1,131.7,65.5
7362,Monaragala,Intermediate,Yala,6.01,0.163,8.1,75.8,1.4,114.5,26.2,100,60,40,215.9,125,63.2
7363,Matale,Intermediate,Maha,6.07,0.119,12.4,82,1.41,115.3,26.8,120,40,40,262.5,92.5,62.1
7364,Badulla,Intermediate,Yala,5.95,0.051,,96.8,1.35,154.1,29.2,130,40,40,297.4,83,63.3
7365,Mannar,Dry,Yala,6.48,0.057,6.5,50.3,1.35,34.6,31.1,130,60,60,281.8,136.2,106.9
7366,Jaffna,Dry,Maha,,0.123,7,103.2,1.26,292.3,28.8,120,60,20,255.9,139.5,34.4
7367,Nuwara Eliya,Wet,Maha,5.08,0.071,7.5,,1.89,259.6,24.1,130,60,40,282.3,134.8,67
7368,Kandy,Wet,Maha,4.72,0.175,6.8,136.9,2.04,331,25,100,60,20,220,140,35.5
7369,Kandy,Wet,Yala,5.41,0.083,8.8,117.5,1.58,205.5,24.1,130,60,20,269.4,133.4,33.9
7370,Matale,Intermediate,Maha,5.22,0.09,,92,1.53,196.1,28,130,20,40,299.6,41.7,69
7371,Ampara,Dry,Yala,6.51,0.121,,119.7,0.73,22.6,27.4,120,40,20,267.7,83.1,32.2
7372,Trincomalee,Dry,Maha,6.06,0.143,11.7,57.4,0.59,224.1,30.5,120,40,60,266.1,84.7,101.3
7373,Monaragala,Intermediate,Maha,6.26,0.149,7.6,120.7,1.38,222.4,26,120,60,20,245.2,120.8,31.5
7374,Mannar,Dry,Maha,6.15,0.198,15,89.3,1.31,198.5,28.5,100,20,40,220.8,44.7,65.7
7375,Ratnapura,Wet,Yala,4.52,0.194,7,75.6,1.77,333,25.6,100,60,40,205,125.9,62
7376,Anuradhapura,Dry,Maha,7.21,0.118,10.8,113.6,0.84,296.5,29.4,120,40,20,244.4,91.1,31.9
7377,Kurunegala,Intermediate,Yala,6.34,0.071,19.8,116,1.01,121.4,27.2,130,20,20,283.8,42.6,31.2
7378,Gampaha,Wet,Yala,5.24,0.151,5.3,69.1,2.15,388.7,26.1,100,60,40,214.2,130,65.6
7379,Ratnapura,Wet,Yala,4.58,,6.2,,1.97,389.2,27.5,120,60,20,264.4,139.5,35
7380,Batticaloa,Dry,Maha,7.06,0.197,9,107.8,0.73,163.5,29.3,100,60,20,204,125.4,32.7
7381,Anuradhapura,Dry,Maha,,0.092,10.3,72,0.59,266.5,31.7,130,40,40,279.7,89.9,70
7382,Puttalam,Dry,Maha,7.4,0.134,8.6,99.8,0.64,166.9,30.7,120,60,40,248.2,135.4,68.3
7383,Batticaloa,Dry,Maha,6.75,,12.3,107,0.73,290.4,31.4,120,40,20,280,83.4,33.3
7384,Vavuniya,Dry,Maha,6.16,0.081,14.2,99.2,0.6,133.8,,130,40,40,285.2,87,64.1
7385,Hambantota,Dry,Yala,6.11,0.063,5.3,94,1.28,34,29.4,130,60,40,290.5,127.5,70.9
7386,Gampaha,Wet,Maha,5.61,0.082,6.3,135.1,2.71,249,26.9,130,60,20,275.2,135.7,31.1
7387,Kegalle,Intermediate,Maha,5.6,0.081,19.7,72.2,1.78,233.9,26.7,130,20,40,265.4,44.3,68.6
7388,Ampara,Dry,Yala,6.29,0.066,10.8,79.2,1.43,84.1,28.3,130,40,40,302.8,86.7,67.9
7389,Kandy,Wet,Maha,4.94,0.086,6,81.3,1.94,342.7,,130,60,40,273.5,135.9,66.1
7390,Hambantota,Dry,Maha,5.51,0.069,8.6,65.5,1.15,289.3,31.3,130,60,40,279.4,125.2,64.1
7391,Puttalam,Dry,Yala,5.54,0.193,8,60.9,0.63,52.2,29.1,100,60,40,222.3,135.4,66
7392,Kegalle,Intermediate,Maha,5.38,0.101,9.3,125,1.74,244.4,,120,60,20,242.3,137.5,35.2
7393,Badulla,Intermediate,Yala,,0.141,6.2,114.7,1.17,104.8,29.6,120,60,20,273,137.8,35
7394,Mullaitivu,Dry,Yala,6.6,0.184,8.4,110.8,1.26,66.6,31.8,100,60,20,218.6,135.9,35.5
7395,Vavuniya,Dry,Yala,6.3,,12.1,98.4,1.38,39,31.3,130,40,40,273.2,85.8,64.8
7396,Ampara,Dry,Yala,5.78,0.067,8.2,68.2,1.37,59.9,27.7,130,60,40,264,139.8,65.6
7397,Anuradhapura,Dry,Maha,5.73,0.128,10.8,65.5,1.11,240,28.5,120,40,40,247.7,85.4,61.9
7398,Kilinochchi,Dry,Yala,6.86,0.077,8.3,117.3,1.34,96,28.2,130,60,20,299.3,133.1,35.5
7399,Ratnapura,Wet,Yala,4.94,0.055,6.3,,2.09,305.1,25.4,130,60,20,290.5,123.8,32.4
7400,Monaragala,Intermediate,Yala,5.78,0.136,10.9,109.8,1.87,203,27,120,40,20,251.1,93.3,32.8
7401,Badulla,Intermediate,Maha,5.24,0.062,9.3,93.6,1.44,139.1,26.9,130,60,40,264.2,134.4,70.8
7402,Kandy,Wet,Maha,5.06,0.085,9.7,109.8,2.41,330.3,27.3,130,60,20,290.7,135.4,33.4
7403,Kalutara,Wet,Maha,5,0.056,9.3,64,2.47,326.2,27.3,130,60,40,285.7,121.9,67.4
7404,Trincomalee,Dry,Yala,6.08,0.099,7.5,54.5,0.94,76.9,27.7,130,60,60,278.6,135.6,95.1
7405,Anuradhapura,Dry,Maha,,0.103,8.7,95.9,1.42,213.8,29.9,120,60,40,255.6,135.8,66.7
7406,Hambantota,Dry,Maha,7.27,0.169,12.6,93.9,1.28,239,29.2,100,40,40,208.2,89.2,70.9
7407,Gampaha,Wet,Yala,4.77,0.13,9,71.6,2.97,219.2,25.3,120,60,40,267.5,126.3,67.3
7408,Ratnapura,Wet,Yala,4.53,,6.4,62.1,2.76,243,27.1,130,60,40,302.6,130.2,64.2
7409,Kilinochchi,Dry,Maha,6.83,0.055,12.3,68.7,1.28,156,31.7,130,40,40,268.9,81.9,62
7410,Vavuniya,Dry,Yala,7.23,0.184,9.2,74.6,0.73,76.9,31,100,60,40,220.6,129.8,65.1
7411,Kegalle,Intermediate,Maha,6.49,0.09,19.9,66.9,1.79,145.2,29.2,130,20,40,279.4,41.8,67.4
7412,Kurunegala,Intermediate,Yala,5.96,0.137,9.9,123.6,1.4,,26.7,120,60,20,258.8,127.4,31
7413,Monaragala,Intermediate,Maha,6.07,0.149,15.7,67.6,1.83,141.8,29.9,120,20,40,251.3,41.3,67.8
7414,Mannar,Dry,Maha,6.46,0.113,8.1,113.2,1.1,180.7,28.8,120,60,20,273.6,125.1,33.4
7415,Nuwara Eliya,Wet,Maha,5.79,0.159,5.7,67.4,1.77,208.5,25.6,100,60,40,216.9,122.1,69.5
7416,Kandy,Wet,Yala,5.69,0.108,5,106.1,2.84,361.7,25,120,60,20,262.6,138.6,30.9
7417,Nuwara Eliya,Wet,Yala,5.3,0.152,11.8,139.7,2.23,248.1,25.7,100,40,20,211,87.4,34.7
7418,Monaragala,Intermediate,Yala,5.2,0.147,18.9,124.6,1.02,101.9,28.5,120,20,20,248.4,42.8,33.4
7419,Mannar,Dry,Yala,5.56,0.101,8.3,72.4,1.08,98.3,32,120,60,40,244.7,131.1,65.4
7420,Jaffna,Dry,Maha,7.47,0.153,14.2,93.2,1.39,283.8,30.2,100,40,40,224.4,88.7,71.4
7421,Ratnapura,Wet,Maha,4.65,0.085,5.1,111.8,2.11,263.4,24.3,130,60,20,269.7,138.7,31.6
7422,Polonnaruwa,Dry,Yala,6.99,0.064,6.2,53.1,,84.2,31.2,130,60,60,290.7,124.1,100.6
7423,Monaragala,Intermediate,Maha,5.32,0.07,17.7,55.6,1.41,189.4,28.8,130,20,60,278,42.2,97.3
7424,Jaffna,Dry,Yala,7.29,0.074,6.5,81.8,0.65,88.2,29.3,130,60,40,279,139.7,67
7425,Galle,Wet,Maha,,0.163,6.5,107.7,2.29,334.5,24.2,100,60,20,216.4,127.9,33.6
7426,Kegalle,Intermediate,Maha,6.53,0.094,13.1,,1.01,130.6,29,130,40,20,277,80.8,31.2
7427,Ampara,Dry,Maha,6.94,0.199,6.2,46.2,1.31,132.8,29.2,100,60,60,204.4,123.5,102.4
7428,Kandy,Wet,Maha,5.14,0.161,8.2,124.7,2.36,322.2,25.1,100,60,20,211.2,121.1,34
7429,Galle,Wet,Maha,,0.181,7.7,106.2,2.8,365.6,26.4,100,60,20,222.7,140,34.6
7430,Kilinochchi,Dry,Maha,6.86,0.056,7.6,113.2,1.12,225,29.3,130,60,20,289.6,126.1,31.3
7431,Ampara,Dry,Yala,5.58,0.074,6.7,69,0.52,80.7,30.7,130,60,40,273.5,138.7,64.7
7432,Matale,Intermediate,Yala,5.76,0.136,15.1,119.7,1.16,154.6,29,120,20,20,259.3,46.7,34
7433,Matara,Wet,Maha,5.22,0.086,5.6,142.9,1.8,396.6,26,130,60,20,269.6,132.4,31.5
7434,Kandy,Wet,Yala,4.91,0.086,7.9,104.1,2.6,293,25.9,130,60,20,270.3,121.3,34.2
7435,Vavuniya,Dry,Yala,7.04,0.052,5.5,89.3,1.19,75,28.1,130,60,40,262.4,122.2,62.3
7436,Anuradhapura,Dry,Yala,6.36,0.164,14,102.3,0.72,42,31,100,40,20,230.3,86.8,32.5
7437,Jaffna,Dry,Maha,5.99,0.125,12.8,,0.58,259,28.9,120,40,40,249.6,85.8,70.2
7438,Ampara,Dry,Maha,6.64,0.082,7.7,64.2,0.9,159.3,29.6,130,60,40,271.1,132.5,69.4
7439,Kilinochchi,Dry,Yala,6.42,0.11,9.2,110.2,1.28,49.5,27.9,120,60,20,252.3,129.2,34
7440,Matara,Wet,Maha,5.57,0.195,10.4,130,1.83,350.4,25.3,100,40,20,205.2,92.7,35.2
7441,Kegalle,Intermediate,Maha,5.36,0.194,19.6,125.9,1.39,112.3,28.4,100,20,20,221.9,43.7,34.3
7442,Matara,Wet,Maha,4.91,0.1,10.2,65.7,2.39,275.2,24.8,120,40,40,244.3,89.5,66.9
7443,Anuradhapura,Dry,Maha,6.29,0.101,7.1,75.7,1.32,142.2,28.6,120,60,40,246.6,138.2,71.5
7444,Kilinochchi,Dry,Maha,6.63,0.119,5.3,41.3,0.66,177.8,31,120,60,60,266.6,123.5,102.9
7445,Polonnaruwa,Dry,Yala,7.08,0.051,13.1,75.7,0.59,23,31.6,130,40,40,275.8,83.5,67.7
7446,Monaragala,Intermediate,Yala,5.56,,10.3,102.2,1.95,,26.4,130,40,20,291.4,81.9,32.8
7447,Batticaloa,Dry,Maha,6.6,0.137,10.2,52.5,1.06,277.3,28.7,120,40,60,263.1,82.3,106
7448,Batticaloa,Dry,Yala,5.93,0.164,13.5,62.4,0.72,85.1,30.1,100,40,40,209.4,87.2,64.7
7449,Polonnaruwa,Dry,Yala,5.7,0.146,5.8,48.6,0.74,37,,120,60,60,266.8,126.9,92.6
7450,Mullaitivu,Dry,Maha,7.3,0.087,11.8,92,1.44,207.6,28.8,130,40,40,266.3,86,63.7
7451,Batticaloa,Dry,Maha,5.97,0.117,13.7,82.2,1.25,187.2,31.3,120,40,40,262.3,93.3,62.8
7452,Ratnapura,Wet,Maha,5.43,0.167,10.2,124.2,2.51,270.4,27.5,100,40,20,215.4,82.5,32.4
7453,Polonnaruwa,Dry,Yala,6.71,0.071,13.4,116.2,0.85,55,28.8,130,40,20,272.8,87.5,34.9
7454,Puttalam,Dry,Yala,7.35,0.115,5.9,91.6,0.71,50.3,31.4,120,60,40,265,122.6,68.2
7455,Kilinochchi,Dry,Maha,6.52,0.169,14.9,86.3,0.88,226.4,28.1,100,40,40,229.5,84.6,63.4
7456,Kegalle,Intermediate,Yala,6.64,0.155,10.4,122.7,1.99,188.3,28.8,100,40,20,233.7,87.4,34.7
7457,Matara,Wet,Maha,4.97,0.12,6.5,114.4,2.8,203.2,26.2,120,60,20,265.1,139.1,33.3
7458,Hambantota,Dry,Yala,6.64,0.162,12.2,48.8,1.45,28.4,31.3,100,40,60,214.3,85.6,100.2
7459,Hambantota,Dry,Yala,7,0.106,11.8,75.4,1.49,51.7,29.3,120,40,40,250.1,81.3,65.3
7460,Galle,Wet,Maha,5.19,0.185,11.7,109.7,1.9,373.1,26.5,100,40,20,209.5,85.5,35.1
7461,Badulla,Intermediate,Yala,5.86,0.051,6,120.3,1.1,213.3,27.5,130,60,20,281.7,123.5,32.4
7462,Anuradhapura,Dry,Yala,5.62,0.185,,98.9,,34.4,27.9,100,60,40,213.1,125.1,62.6
7463,Kilinochchi,Dry,Maha,5.83,0.122,11.3,54.3,1.17,,30.2,120,40,60,277.1,88.5,97
7464,Mannar,Dry,Yala,6.37,0.159,9.6,80.8,0.62,23.8,27.4,100,60,40,213.1,121.9,68.9
7465,Kurunegala,Intermediate,Yala,5.56,,12.4,86.6,1.34,120.1,29.2,130,40,40,277.2,86.5,68.3
7466,Gampaha,Wet,Maha,5.76,0.108,9.5,61.4,2.03,289.7,25.7,120,60,40,256.3,132.5,63.6
7467,Kandy,Wet,Yala,,0.154,10.4,95,2.58,261,26.1,100,40,40,228.4,86,62.8
7468,Hambantota,Dry,Yala,5.83,0.065,9.1,58,1.31,49.9,29.2,130,60,60,289,121,102.4
7469,Mannar,Dry,Maha,5.51,0.197,8.6,82.3,1.23,187.2,29.6,100,60,40,221.1,139.9,68.5
7470,Kurunegala,Intermediate,Maha,6.05,0.14,18,80.2,1.81,,27.8,120,20,40,254.4,42.6,65.4
7471,Colombo,Wet,Maha,5.74,0.088,7.2,106,1.74,305.4,27.6,130,60,20,296.1,135.8,35
7472,Kalutara,Wet,Maha,5.53,0.152,7.1,76.2,2.68,290.9,26.7,100,60,40,202.3,127,71.5
7473,Hambantota,Dry,Yala,7.1,0.085,6.6,76.5,1.32,64.1,31.5,130,60,40,298.3,129.9,63.8
7474,Kilinochchi,Dry,Yala,6.3,0.1,12.5,51.3,0.55,,29.5,120,40,60,261.4,85.5,101.2
7475,Ampara,Dry,Maha,7.44,0.138,7.3,73.3,1.08,,29.6,120,60,40,256.9,127.3,61.8
7476,Ampara,Dry,Yala,6.89,0.11,8.8,66.5,0.5,,29.9,120,60,40,260.8,121,68.8
7477,Kilinochchi,Dry,Maha,7.42,0.179,9.3,105.7,1.06,266.2,28.4,100,60,20,222.9,127.7,32.9
7478,Ratnapura,Wet,Yala,5.89,0.121,,102.9,2.79,324.7,27,120,40,20,241.8,92.1,31.8
7479,Hambantota,Dry,Maha,6.12,0.181,6.9,53.8,0.71,297.7,29.6,100,60,60,229.5,134.1,103.8
7480,Matale,Intermediate,Maha,5.54,0.175,18.6,107.8,1.23,245.1,29,100,20,20,215.7,41.2,34.9
7481,Ampara,Dry,Yala,6.33,0.114,11.9,87.5,0.8,70.7,28.2,120,40,40,254.8,88.2,62.8
7482,Badulla,Intermediate,Maha,6.53,0.078,13.5,61.4,,175.7,27.8,130,40,40,267.3,92.1,62.1
7483,Kurunegala,Intermediate,Maha,5.4,0.197,15.7,79.7,1.58,116.2,28.7,100,20,40,215.4,44.8,65
7484,Matara,Wet,Maha,4.8,0.2,8.3,88.8,2.07,395.9,27.4,100,60,40,217.3,123.5,68
7485,Kandy,Wet,Maha,5.56,0.167,7.8,65.5,2.95,330.7,25.7,100,60,40,214.3,137.6,69.6
7486,Badulla,Intermediate,Yala,6.78,0.117,7.3,129,1.64,168,28.2,120,60,20,267.9,126.5,33.5
7487,Gampaha,Wet,Maha,5.46,0.147,5.2,115.3,2.24,248,25.7,120,60,20,257.8,129.5,33.7
7488,Puttalam,Dry,Yala,6.91,,9.9,101.3,1.33,98.7,29,130,60,20,302.2,130.9,34.8
7489,Kalutara,Wet,Maha,,0.186,5.8,142.7,1.96,258.1,24.6,100,60,20,220.6,137.3,33.4
7490,Kilinochchi,Dry,Maha,6.49,0.1,10.8,77.4,0.64,235.7,29.2,120,40,40,272.9,92.6,67.8
7491,Ampara,Dry,Maha,6.52,,12.2,113.8,1.19,140.9,29.2,100,40,20,204.7,92.6,33.4
7492,Kilinochchi,Dry,Maha,7.43,0.197,9.5,104.6,1.44,129.5,27.7,100,60,20,214.1,120.8,35.2
7493,Badulla,Intermediate,Maha,6.69,0.167,15.6,88,1.45,130.9,27.8,100,20,40,212.1,46.3,64.1
7494,Trincomalee,Dry,Maha,7.38,0.164,7.2,76.8,0.83,145.9,28,100,60,40,219.7,121.7,64.3
7495,Matara,Wet,Maha,5.46,0.153,7.4,69.8,1.71,294.2,27.3,100,60,40,229.2,125.8,63
7496,Anuradhapura,Dry,Yala,7.22,0.19,8.6,92.2,1.1,38.9,27.7,100,60,40,203.6,130.7,69.9
7497,Trincomalee,Dry,Maha,7.22,0.106,10.2,69.8,0.85,242.6,32,120,40,40,244.2,86.7,65.8
7498,Mullaitivu,Dry,Yala,5.6,0.051,11.3,42.1,1.38,63.2,,130,40,60,297.4,88.4,97.7
7499,Batticaloa,Dry,Maha,7.29,0.055,14.6,90.7,0.5,156.5,27.1,130,40,40,270.4,86.7,71.5
7500,Kilinochchi,Dry,Maha,6.1,,10.3,68.7,1.07,137.5,29.9,130,40,40,289.8,92.7,71
7501,Polonnaruwa,Dry,Yala,5.53,,9.5,115.1,1.26,27.6,31.4,100,60,20,218.8,125.3,35.7
7502,Ratnapura,Wet,Yala,4.58,0.119,,91.9,3,,,120,60,40,273.9,126,63.1
7503,Ampara,Dry,Yala,7.34,0.131,6.2,58.9,1.4,21.8,27.3,120,60,60,246.2,138.6,105.9
7504,Galle,Wet,Maha,4.51,0.051,5.1,,,332.9,27,130,60,40,266.9,122.1,65
7505,Mannar,Dry,Maha,7.18,0.179,11.1,,0.89,212.1,27.3,100,40,60,219.3,88.4,92.7
7506,Mannar,Dry,Maha,7.09,0.095,8.9,116.4,0.96,276.2,30.3,130,60,20,301.5,134,32.8
7507,Nuwara Eliya,Wet,Yala,5.64,0.151,7.5,123.8,1.63,256.8,25.8,100,60,20,214.6,130.5,33.3
7508,Badulla,Intermediate,Yala,6.16,0.197,6,112.6,1.97,200.4,27.5,100,60,20,211.8,134.2,31.3
7509,Vavuniya,Dry,Yala,7.43,0.116,7.7,119.2,0.72,82.7,27.8,120,60,20,265.1,124,33.5
7510,Badulla,Intermediate,Yala,6.72,0.13,7.7,68.2,1.98,137.1,,120,60,40,277.7,137.3,69.9
7511,Gampaha,Wet,Maha,5.31,0.2,5.7,60.9,1.57,330.8,24.3,100,60,40,228.4,123.4,65.5
7512,Kilinochchi,Dry,Yala,6.96,0.125,11.9,110.2,0.93,33.1,28.2,120,40,20,280.3,85.7,32.6
7513,Nuwara Eliya,Wet,Yala,5.37,0.102,,140.7,1.54,331.2,26.3,120,40,20,242.2,81.5,32.5
7514,Ratnapura,Wet,Yala,5.76,0.082,9.7,128.8,1.78,214.3,24.7,130,60,20,266.2,131.3,35.4
7515,Vavuniya,Dry,Yala,6.45,0.193,6.1,59.4,0.83,72.7,29.9,100,60,60,221,133.7,93.2
7516,Batticaloa,Dry,Maha,5.93,0.15,10.3,117.4,0.77,198.4,28.1,100,40,20,227.9,92.8,33
7517,Gampaha,Wet,Maha,4.96,0.178,9.5,68.2,2.23,353.6,24.5,100,60,40,210.4,135.1,64.3
7518,Badulla,Intermediate,Maha,6.55,0.188,16.3,95.2,1.83,147.5,26.8,100,20,40,208.9,43.8,70.6
7519,Matale,Intermediate,Yala,5.25,0.088,8.3,52.5,1.52,108.5,27.6,130,60,60,294.8,138.9,93.9
7520,Mannar,Dry,Yala,7.15,0.168,12.6,101.5,0.8,46.3,31.7,100,40,20,202.9,86.7,32.9
7521,Kalutara,Wet,Maha,5.54,0.066,5.3,69.8,1.6,359.1,26.4,130,60,40,277.1,131.6,65.8
7522,Kurunegala,Intermediate,Maha,5.45,0.076,8.1,106.6,,158.1,29,130,60,20,282.8,132.3,35.2
7523,Kilinochchi,Dry,Yala,6.98,0.132,11.3,69.9,1,96.4,28.7,120,40,40,263.3,85.8,63.9
7524,Ratnapura,Wet,Yala,5.26,0.184,7.6,109.2,2.91,318.6,24.4,100,60,20,224.9,137,34
7525,Kandy,Wet,Yala,5.8,0.061,,138.3,2.19,263.6,26.5,130,60,20,276.4,124.2,31.5
7526,Gampaha,Wet,Maha,4.54,0.136,5.1,62,2.84,277.8,,120,60,40,265.3,131.5,71.2
7527,Kandy,Wet,Yala,5.79,0.166,7.3,103.1,2.73,294.2,27.1,100,60,20,220.2,134.7,33.8
7528,Batticaloa,Dry,Maha,6.33,0.134,15,106.9,0.79,297.4,29.4,120,20,20,262.8,46.1,33.9
7529,Polonnaruwa,Dry,Yala,6.77,0.099,10.8,60.3,0.77,61.7,30.2,130,40,40,288.6,92,66
7530,Mannar,Dry,Yala,6.14,0.133,10.6,83.3,1,,27.1,120,40,40,251.5,87.1,65.1
7531,Kandy,Wet,Maha,4.81,0.051,7.7,62,2.86,350.1,24.4,130,60,40,265,133.2,63.8
7532,Mannar,Dry,Yala,6.84,0.191,9.1,85.3,1.27,24.1,,100,60,40,205,128.3,67.7
7533,Batticaloa,Dry,Yala,5.65,0.11,6.9,83.4,0.77,74.6,29.1,120,60,40,250.1,129.8,71.2
7534,Kegalle,Intermediate,Maha,6.63,0.157,18.4,86.9,,,26.7,100,20,40,217.4,46.2,65.3
7535,Kegalle,Intermediate,Yala,6.32,0.097,,105.2,1.38,138.6,28.4,130,40,20,297,92.6,35.2
7536,Jaffna,Dry,Maha,7.06,0.11,6.3,116.9,0.69,231.1,28.2,120,60,20,268.8,138.1,31.5
7537,Kilinochchi,Dry,Yala,6.13,0.118,6.4,60.8,0.61,57.5,31.8,120,60,40,272.2,123.3,71.1
7538,Galle,Wet,Maha,5.75,0.08,10,80.8,2.8,224.9,26.6,130,40,40,276.3,91.6,65.2
7539,Anuradhapura,Dry,Yala,6.07,0.1,11.2,104.4,1.36,93.1,31.9,120,40,20,257.2,92.9,32.7
7540,Batticaloa,Dry,Maha,5.57,0.108,11.4,76.2,0.86,142.5,29.1,120,40,40,256.7,85.2,66.3
7541,Batticaloa,Dry,Yala,7.03,0.074,5.3,53.9,1.2,46,28.6,130,60,60,269.5,130.8,103.3
7542,Hambantota,Dry,Yala,6.4,0.193,9.4,43.5,0.67,24.5,30.6,100,60,60,203.1,135.9,103.3
7543,Hambantota,Dry,Yala,7.26,0.082,15,65.2,0.58,64.1,30.3,130,20,40,286.5,43.9,66.5
7544,Gampaha,Wet,Maha,4.82,0.199,7.9,142.7,2.48,235,26.1,100,60,20,233.4,140.1,33.4
7545,Kandy,Wet,Maha,,0.101,7.4,,1.63,,27.6,120,60,40,247.9,129.5,62
7546,Kilinochchi,Dry,Maha,7.49,0.179,12.7,114.8,0.74,152.1,30.4,100,40,20,202.6,89.8,32.3
7547,Kilinochchi,Dry,Yala,7.09,0.074,7.3,91.6,0.72,27.1,27.2,130,60,40,294.4,136.1,65.2
7548,Kilinochchi,Dry,Yala,6.37,0.092,5.7,50.8,1.44,44.3,27.2,130,60,60,272.1,130.3,100.9
7549,Nuwara Eliya,Wet,Maha,5.98,,10.9,65.1,2.53,,25.4,120,40,40,273.8,91.7,67.3
7550,Batticaloa,Dry,Maha,6.14,0.072,10.1,75.8,1.2,298.6,28.7,130,40,40,291.2,87.6,68.8
7551,Kilinochchi,Dry,Maha,6.94,0.166,13.7,94.2,1.01,178.1,27.5,100,40,40,231.9,85.8,68.9
7552,Matara,Wet,Yala,4.54,0.168,8.4,109.6,2.73,245.3,24.9,100,60,20,214.4,122.7,32
7553,Monaragala,Intermediate,Maha,6.62,0.183,6.4,118.5,1.45,169.5,28.9,100,60,20,222.7,128.3,34.6
7554,Gampaha,Wet,Yala,5.52,0.132,10.9,89.5,2.62,264.8,27.7,120,40,40,259.5,90.1,61.9
7555,Nuwara Eliya,Wet,Maha,5.18,0.087,9.8,120.7,2.62,378.6,25.5,130,60,20,288.1,138.6,34.4
7556,Puttalam,Dry,Yala,5.84,0.066,7.7,,1.2,,27.4,130,60,40,280.5,125.5,62.7
7557,Mannar,Dry,Maha,6.95,0.196,10.5,109.2,0.68,293.7,28.8,100,40,20,207.2,85.1,34.4
7558,Kalutara,Wet,Maha,4.8,0.189,6.3,147.4,1.54,304.4,25.9,100,60,20,217.7,123.6,33.4
7559,Puttalam,Dry,Yala,6.89,0.183,8.7,,0.67,60,27.5,100,60,60,218.3,134.1,99.1
7560,Mullaitivu,Dry,Maha,5.85,0.081,13.7,75.4,1.2,153.1,29.3,130,40,40,295.8,93,68.6
7561,Mullaitivu,Dry,Maha,6.06,0.071,11.3,72,0.75,184.5,31.6,130,40,40,292.6,88.8,62.1
7562,Galle,Wet,Yala,5.9,0.137,10.4,88.6,1.62,270.6,24.6,120,40,40,267.3,88.5,63.9
7563,Colombo,Wet,Maha,5.76,0.197,6.7,110.5,2.39,,27.4,100,60,20,204.8,131.4,33.9
7564,Trincomalee,Dry,Yala,5.91,0.095,8.5,110.4,1.22,57.3,30.7,130,60,20,292,122.4,35
7565,Ratnapura,Wet,Maha,5.14,0.139,10.3,113.9,2.32,304.9,24.5,120,40,20,260.9,90,32.7
7566,Jaffna,Dry,Yala,6.83,0.14,10.3,48.8,,96.1,31.1,120,40,60,276.3,88.3,96.4
7567,Monaragala,Intermediate,Maha,6.18,0.188,5.7,120.4,1.17,233.3,29.3,100,60,20,231.1,133.6,33.4
7568,Galle,Wet,Maha,4.8,0.056,9,138.7,2.64,213.4,27.6,130,60,20,263.7,138.2,33.9
7569,Kandy,Wet,Maha,5.2,0.128,8.2,74.7,2.55,204.7,25.5,120,60,40,273.4,136,65.9
7570,Kilinochchi,Dry,Maha,6.03,0.07,11.9,,0.54,298.4,31.9,130,40,40,263,90.7,70.5
7571,Mannar,Dry,Maha,7.01,0.06,5.1,102.7,0.72,124.3,,130,60,20,277,138.8,33.4
7572,Matara,Wet,Yala,5.71,0.165,10.7,63,2.75,259.2,27.9,100,40,40,218.8,93.4,62.1
7573,Jaffna,Dry,Yala,6.62,0.106,14.5,105.5,0.74,52.4,27.5,120,40,20,247.1,88.1,31.9
7574,Badulla,Intermediate,Maha,5.23,0.152,10.3,104.4,1.67,211.7,27.6,100,40,20,225.4,81.9,33.1
7575,Ratnapura,Wet,Yala,5.85,0.125,9.8,92.6,2.71,365.2,24.7,120,60,40,241.7,129.6,68.7
7576,Kilinochchi,Dry,Maha,7.43,,10.9,,0.94,260.5,30.3,100,40,60,206.6,90.8,95.8
7577,Polonnaruwa,Dry,Maha,6.83,0.192,11,46,1.06,173.3,29.3,100,40,60,220,80.8,107.1
7578,Kurunegala,Intermediate,Yala,5.56,0.125,8.6,54.3,1.03,102.9,27.9,120,60,60,269.3,121.7,97.3
7579,Batticaloa,Dry,Maha,7.41,0.135,7.4,113.3,1.32,270.1,27.4,120,60,20,277.2,121.9,33.5
7580,Kandy,Wet,Yala,4.77,0.118,7.9,119.8,2.61,288.3,24.4,120,60,20,268.9,134.9,30.9
7581,Monaragala,Intermediate,Yala,5.42,,17.3,82.3,1.39,199.4,28.1,130,20,40,289.9,43.5,70.6
7582,Anuradhapura,Dry,Maha,6.34,0.099,10.6,42.8,1.2,292.1,27.5,130,40,60,278.1,85.3,104.3
7583,Hambantota,Dry,Maha,6.12,0.183,,75.3,0.53,159.8,,100,40,40,201.1,81.9,63.7
7584,Mannar,Dry,Maha,5.76,0.088,10,119,0.52,225.9,30,130,40,20,266.5,90,35.5
7585,Trincomalee,Dry,Yala,7.42,0.16,14.1,106.3,1.39,72.9,30.5,100,40,20,218.5,84.7,32.4
7586,Hambantota,Dry,Maha,7.05,0.115,8.7,90.7,1.43,134.1,29.1,120,60,40,267.8,125.8,68.6
7587,Matale,Intermediate,Yala,5.53,0.123,15.6,108.9,1.75,204.2,26.9,120,20,20,257.7,44.5,34.9
7588,Anuradhapura,Dry,Yala,6.3,0.103,,116.9,1.14,45,,120,60,20,269.9,131.6,34.5
7589,Matara,Wet,Yala,5.48,,10.3,,2.74,393,24.3,100,40,20,218.1,85.2,35.4
7590,Colombo,Wet,Yala,5.83,0.129,8,74,1.81,278.3,25.4,120,60,40,244.2,133.2,70.3
7591,Hambantota,Dry,Yala,7.41,0.056,6.1,104.8,1.39,88.2,28.2,130,60,20,269.5,125.9,35.8
7592,Puttalam,Dry,Yala,6.17,0.051,7.8,84,0.8,,28.1,130,60,40,297,136.2,63.5
7593,Vavuniya,Dry,Yala,6.48,0.144,9.3,103.4,1.09,92.9,29.8,120,60,20,269.7,125.1,32.3
7594,Kilinochchi,Dry,Maha,7.46,0.095,10.6,82.1,0.54,227,,130,40,40,299.3,82.5,68.1
7595,Mannar,Dry,Maha,6.33,0.179,11.3,,1.31,128.6,27.3,100,40,40,204.9,90.7,69
7596,Matale,Intermediate,Maha,5.69,0.107,13.4,118.9,1.51,216.8,29,120,40,20,280.1,89.7,33.5
7597,Hambantota,Dry,Yala,5.65,0.077,7.1,77.4,,34.5,28.2,130,60,40,270.3,124.2,62.4
7598,Kalutara,Wet,Yala,4.54,0.092,7,124.6,2.52,206.3,25.8,130,60,20,261.9,122.9,35
7599,Mannar,Dry,Yala,7.2,0.095,5.5,,0.67,69.3,31.5,130,60,60,303.7,137,106.9
7600,Kurunegala,Intermediate,Maha,6.27,0.132,16.7,91.8,1.51,155.4,,120,20,40,252.3,45.3,65.8
7601,Nuwara Eliya,Wet,Yala,4.89,0.107,11,109.8,2.74,379.2,27.3,120,40,20,267.5,84.7,31.9
7602,Anuradhapura,Dry,Maha,6.38,0.067,9.5,95.7,0.99,284,28.9,130,60,40,268.9,133.5,61.9
7603,Kalutara,Wet,Maha,5.5,0.182,10.8,147.2,2.92,323.2,25.8,100,40,20,220,82.1,32
7604,Gampaha,Wet,Maha,4.66,0.097,8.8,141,1.51,222.4,25.1,130,60,20,299.7,130.5,34.3
7605,Kandy,Wet,Maha,,0.182,5.7,128.6,1.62,368.7,26.3,100,60,20,211.5,121,35.4
7606,Matara,Wet,Yala,5.76,0.082,9.7,69.9,2.27,398.3,26.2,130,60,40,289.8,128.3,62.6
7607,Batticaloa,Dry,Yala,6.03,0.105,11.1,61.3,1.42,37.3,28.9,120,40,40,248.7,81.5,67.2
7608,Matara,Wet,Yala,5.98,0.076,9,149.8,1.98,248.3,25,130,60,20,287.9,129.9,34.3
7609,Kurunegala,Intermediate,Maha,6.6,0.106,17.7,58.2,1.36,160.9,27.8,120,20,60,254.5,43,96.6
7610,Matara,Wet,Maha,4.63,0.057,8.6,141,1.74,335,27.4,130,60,20,270.4,129.3,33.6
7611,Kegalle,Intermediate,Yala,6.76,0.156,15,69.5,1.51,140.8,27.1,100,20,40,211.3,40.5,68.9
7612,Gampaha,Wet,Maha,5.05,0.096,10.1,138.5,1.57,208.9,,130,40,20,269,85.2,35
7613,Jaffna,Dry,Yala,5.61,0.16,9.8,83.2,1.02,73.8,30,100,60,40,230.5,135.4,66.2
7614,Ampara,Dry,Yala,6.8,,9.3,42,1.45,25.9,32,100,60,60,214,127.8,103.7
7615,Anuradhapura,Dry,Maha,6.63,0.08,14.3,113.5,0.59,200.6,28.8,130,40,20,271.8,89.8,32.3
7616,Batticaloa,Dry,Maha,7.07,,12.4,80,0.69,251.3,28.5,130,40,40,280.4,85.3,63.8
7617,Monaragala,Intermediate,Yala,5.6,0.194,19.6,94.6,1.29,161,27,100,20,40,211.5,43,63.6
7618,Kandy,Wet,Maha,5.85,0.126,7.7,125.4,1.8,255.3,26.5,120,60,20,270.5,131.6,32.6
7619,Badulla,Intermediate,Maha,5.45,0.194,10.6,114.5,1.11,180.8,27.4,100,40,20,232.8,92.9,31
7620,Polonnaruwa,Dry,Maha,5.89,0.059,6.8,73.4,1.02,259,29.8,130,60,40,280,122.7,64.5
7621,Kurunegala,Intermediate,Maha,5.96,0.146,14.8,,1.67,233.6,29.2,120,40,40,275,80.9,68.2
7622,Ampara,Dry,Maha,7.04,0.126,14.1,104.6,,251.3,29.7,120,40,20,263.5,88.4,34
7623,Badulla,Intermediate,Maha,5.79,0.134,16.6,114.7,1.43,247.6,26.1,120,20,20,247.5,46.4,31.2
7624,Matara,Wet,Yala,4.61,0.107,5.3,142.4,1.56,312.2,26.4,120,60,20,268.4,140,32.2
7625,Polonnaruwa,Dry,Maha,5.67,0.084,13.8,117.6,1.23,218.9,31.5,130,40,20,283.2,86.8,33.6
7626,Ratnapura,Wet,Maha,5.4,0.052,9.5,132.6,1.59,250.9,25.3,130,60,20,289,129.8,32.4
7627,Kalutara,Wet,Yala,,0.064,6.8,149.4,2.87,351.8,25.2,130,60,20,299.1,133.2,32.9
7628,Kurunegala,Intermediate,Maha,5.62,0.197,6.1,86.1,1.07,186.1,26.8,100,60,40,215.5,131.5,68.8
7629,Monaragala,Intermediate,Maha,5.43,,,50.6,1.44,139.3,26.3,130,60,60,299.6,133,92.6
7630,Kilinochchi,Dry,Maha,5.59,0.14,6.8,79.2,0.82,,29.8,120,60,40,270.7,137.7,64.5
7631,Anuradhapura,Dry,Maha,7.19,0.192,9.6,51.3,0.68,185.1,30.5,100,60,60,217,135.2,94.6
7632,Kalutara,Wet,Yala,4.63,0.126,5.2,92.3,1.99,300.8,24.7,120,60,40,264.9,130.3,63
7633,Mullaitivu,Dry,Yala,6.98,0.068,8.9,43.1,1.13,93.9,,130,60,60,275.2,129.7,106.9
7634,Ampara,Dry,Yala,6.31,0.171,7.1,47.2,,27.3,28.7,100,60,60,233.2,133.1,98.1
7635,Matale,Intermediate,Yala,6.64,0.1,,118.4,1.46,193.4,30,120,40,20,267.4,86.4,33.4
7636,Kegalle,Intermediate,Yala,5.86,0.16,11.8,87.8,1.33,141.9,28.6,100,40,40,202.5,86.4,69
7637,Galle,Wet,Maha,5.62,0.117,7.8,117.3,2.64,283.3,25.8,120,60,20,254.1,120.9,31
7638,Kandy,Wet,Yala,5.89,0.19,5.9,124,2.37,247.9,27.4,100,60,20,221.4,124,32
7639,Anuradhapura,Dry,Yala,7.44,0.175,13.9,72.5,0.59,80.7,27.5,100,40,40,202.9,86.9,70
7640,Kurunegala,Intermediate,Yala,6.42,0.196,9.2,65.9,,,26.9,100,60,40,201.9,136.7,70.3
7641,Kurunegala,Intermediate,Yala,6.11,0.054,11.4,88.2,1.53,129.2,30,130,40,40,280.5,84.1,65.4
7642,Galle,Wet,Yala,5.85,0.055,11.2,111.4,2.43,339.6,25.9,130,40,20,275.5,87.3,32.7
7643,Mullaitivu,Dry,Maha,6.46,0.182,11.9,109.5,0.67,146.5,28.2,100,40,20,215.4,85,34.6
7644,Puttalam,Dry,Yala,6.46,0.173,13.4,117.9,1.08,31.1,27.9,100,40,20,209.7,81.8,32.3
7645,Monaragala,Intermediate,Yala,6.53,0.145,7.3,120.6,1.93,182.5,26.5,120,60,20,247.8,139.4,31.4
7646,Nuwara Eliya,Wet,Yala,5.07,0.097,11.4,96.9,2.64,339.4,25.6,130,40,40,290.6,91.6,64.3
7647,Mullaitivu,Dry,Yala,6.85,0.137,,43.8,0.75,57.7,30.5,120,60,60,261.5,122.2,98.3
7648,Kandy,Wet,Maha,5.36,0.051,6.3,149.9,2.74,362.2,26.5,130,60,20,269.9,134.7,31.1
7649,Mullaitivu,Dry,Yala,6.8,0.149,5.3,102.8,0.62,73.1,29.2,120,60,20,253.8,127.4,33.2
7650,Kegalle,Intermediate,Yala,5.73,0.15,20,51.8,1.6,200.5,28.3,100,20,60,220.4,46.7,103.6
7651,Vavuniya,Dry,Yala,5.78,0.126,6.7,44.4,0.93,90.7,28.6,120,60,60,244.2,126.5,100.2
7652,Puttalam,Dry,Maha,6.32,0.112,7.2,94.9,1.32,289.3,30.1,120,60,40,247.1,125.3,62.4
7653,Matara,Wet,Maha,,0.132,10.3,83.4,2.06,236.3,26.8,120,40,40,244.2,87.9,66.1
7654,Vavuniya,Dry,Yala,6.78,0.105,10.8,61.5,0.75,20.9,30.1,120,40,40,273.1,91.4,68.8
7655,Nuwara Eliya,Wet,Yala,5.84,0.196,8.1,136.7,2.13,269.5,26.9,100,60,20,225.6,124.4,31.1
7656,Vavuniya,Dry,Yala,7.05,0.174,6,,0.82,87.3,31.7,100,60,20,225.7,134.5,31.1
7657,Nuwara Eliya,Wet,Maha,5.96,0.082,,131.6,2.04,333.6,26.5,130,60,20,291.8,121.8,32.7
7658,Hambantota,Dry,Yala,5.66,0.183,9.2,,0.98,99,31.5,100,60,60,222.9,138.6,95.4
7659,Kilinochchi,Dry,Maha,6.26,0.064,13.5,97.1,0.61,124.6,,130,40,40,281.6,81.5,71
7660,Kandy,Wet,Maha,4.63,0.13,,137.9,1.95,269,25.7,120,60,20,266.5,138.5,33.7
7661,Trincomalee,Dry,Yala,5.68,0.07,14.6,67.8,1.38,47.1,28.6,130,40,40,263,86.9,64.6
7662,Kegalle,Intermediate,Maha,5.9,0.125,12.2,101,2,116.1,26.8,120,40,20,265.7,86.3,34.3
7663,Kegalle,Intermediate,Yala,6.53,0.062,14.8,113.3,1.21,146.3,27,130,40,20,294.4,93.2,32.7
7664,Nuwara Eliya,Wet,Maha,4.7,0.072,5.5,114.2,2.83,361.4,26.2,130,60,20,282.6,140,31.5
7665,Kandy,Wet,Yala,4.78,0.068,6.1,61.3,2.4,378.1,28,130,60,40,276.6,133.3,64.1
7666,Polonnaruwa,Dry,Yala,5.71,0.152,7.4,109.2,1.18,95.3,28.6,100,60,20,210.1,123.1,34
7667,Ampara,Dry,Maha,6.45,,5.4,49,1.37,136.2,29.5,130,60,60,288.7,130.5,93.3
7668,Gampaha,Wet,Maha,5.13,0.108,10.7,132.3,2.63,375.4,27.4,120,40,20,268.4,87.4,32.2
7669,Kurunegala,Intermediate,Maha,6.34,0.124,14.5,109.3,1.98,245,28.2,120,40,20,275.4,87.2,31.8
7670,Puttalam,Dry,Maha,6.07,0.152,5.5,99.1,0.62,126.9,28.1,100,60,40,212.3,131.8,63.7
7671,Gampaha,Wet,Yala,5.31,0.181,11.5,111,2.18,279,27.9,100,40,20,226.2,80.7,34.2
7672,Anuradhapura,Dry,Yala,6.96,,5.1,103.9,1.14,32.1,31,100,60,20,219.4,134.5,34.9
7673,Mannar,Dry,Yala,6.44,0.171,15,62.1,0.95,30.6,27.4,100,20,40,229.9,44.9,68.9
7674,Galle,Wet,Maha,5.65,0.171,7.5,70.1,1.78,221.7,26.4,100,60,40,218.3,122.9,68.2
7675,Nuwara Eliya,Wet,Yala,5.74,0.056,10.4,133.6,2.26,356.7,24.8,130,40,20,283.3,87.9,35.4
7676,Colombo,Wet,Maha,,0.078,11.9,94.2,2.45,255.6,25.4,130,40,40,285.9,87.9,62.3
7677,Batticaloa,Dry,Maha,6.92,0.088,5.9,68.3,0.65,149,31.2,130,60,40,293.2,134,63.4
7678,Monaragala,Intermediate,Maha,5.54,0.062,7.7,50.1,1.95,208.2,26.7,130,60,60,302.3,122.3,98.7
7679,Matale,Intermediate,Yala,5.88,0.178,14.7,68.4,,,29,100,40,40,203.5,88.7,65.4
7680,Polonnaruwa,Dry,Maha,6.45,0.147,9.8,80.4,0.88,265.5,,120,60,40,243.4,126.1,65.9
7681,Mannar,Dry,Maha,6.04,0.19,5.5,103.4,0.68,294.7,27.8,100,60,20,231.7,130.5,31.8
7682,Polonnaruwa,Dry,Maha,6,0.147,6.5,42.5,0.91,156,32,120,60,60,262.1,135.7,94.7
7683,Anuradhapura,Dry,Maha,5.78,,6.1,116.7,0.56,160.5,30.8,100,60,20,221.1,134.4,33.3
7684,Nuwara Eliya,Wet,Maha,5.11,0.189,11.3,69.7,2.17,307.4,27.2,100,40,40,216.8,82,71
7685,Ampara,Dry,Yala,,0.051,7.2,,1.46,96.9,31.9,130,60,20,265.4,132.2,32.8
7686,Jaffna,Dry,Maha,5.59,0.149,13.2,70.4,1.17,123.8,27.7,120,40,40,271.4,93.1,62.1
7687,Mullaitivu,Dry,Maha,6.21,0.057,10.3,116.3,0.6,247.4,31.1,130,40,20,293.1,82.5,34.3
7688,Kalutara,Wet,Maha,4.67,0.195,5.1,130.5,1.91,373.9,24.1,100,60,20,211.3,137.3,32.3
7689,Kandy,Wet,Maha,5.13,0.08,10.8,127.3,2.58,227.8,26.6,130,40,20,274.4,89.6,32
7690,Kalutara,Wet,Maha,5.96,0.057,5.9,89,2.52,214.5,27.7,130,60,40,296.9,135.8,64.9
7691,Matale,Intermediate,Maha,6.26,0.145,18.7,64.1,1.63,249.3,26.4,120,20,40,244.2,42.1,68.9
7692,Nuwara Eliya,Wet,Maha,5.42,0.178,5.1,102,2.49,380.5,25.8,100,60,20,229.8,126.3,34.9
7693,Mannar,Dry,Maha,7.22,0.106,5.6,86.4,0.95,121.9,,120,60,40,251.4,138.3,67.6
7694,Polonnaruwa,Dry,Yala,6.23,0.059,13.5,55.6,0.76,74.5,27.4,130,40,60,286.5,85.2,97.3
7695,Galle,Wet,Maha,4.65,0.079,10.1,144.3,2.29,360.1,24.4,130,40,20,301.1,81.3,32.4
7696,Polonnaruwa,Dry,Yala,5.62,0.13,10.9,104.6,1.24,42.6,28.8,120,40,20,267.9,88.3,31.4
7697,Hambantota,Dry,Yala,6.39,0.055,9.2,60.2,,37.3,30.6,130,60,40,279,123.1,71
7698,Trincomalee,Dry,Maha,5.65,0.175,10.2,73.4,0.7,181,30.7,100,40,40,223.6,90.9,68.1
7699,Kilinochchi,Dry,Maha,6.38,0.128,11.8,,1.13,136.5,30.6,120,40,40,254.8,88.8,62
7700,Vavuniya,Dry,Yala,7.05,0.122,10.1,45.6,1.12,53.6,31.2,120,40,60,252.2,91.9,102.4
7701,Hambantota,Dry,Maha,,0.127,9.1,54.6,1.23,283.7,30,120,60,60,280.3,136,99.2
7702,Colombo,Wet,Yala,5.29,0.11,10.7,100.2,1.62,289.5,26.6,120,40,20,270.7,81.9,35.7
7703,Kurunegala,Intermediate,Maha,6.17,0.072,19.7,59,1.84,243.4,26.6,130,20,60,288.7,42.7,104.8
7704,Mannar,Dry,Maha,6.76,0.124,,60.4,1.06,158.8,27.3,120,40,40,255.2,90.6,63.4
7705,Batticaloa,Dry,Yala,7.12,0.153,13.5,101.7,0.88,22.3,29.4,100,40,20,202.7,85.9,34.4
7706,Monaragala,Intermediate,Yala,5.57,0.194,9.1,102.3,1.61,114.6,27.7,100,60,20,202.1,139.6,33.2
7707,Trincomalee,Dry,Yala,7.15,0.1,6.3,110.8,0.96,94.6,29.9,120,60,20,263,135,31.7
7708,Mullaitivu,Dry,Yala,6.01,0.134,13.2,106.4,1.34,27.4,27.8,120,40,20,271.2,80.7,34.3
7709,Galle,Wet,Maha,5.48,0.195,11.6,81.6,2.12,249.3,24.4,100,40,40,218.6,92,67.2
7710,Galle,Wet,Yala,4.62,0.098,6.3,102.2,2.16,219.4,26.4,130,60,20,297,122.6,31
7711,Gampaha,Wet,Maha,5.59,0.192,11.7,133.2,2.84,389.3,26.6,100,40,20,202.2,82.3,34
7712,Colombo,Wet,Maha,5.91,0.115,6.7,114.2,2.85,295.8,25.7,120,60,20,255.7,135,34
7713,Badulla,Intermediate,Yala,6.78,0.186,16.3,119.3,1.95,102.6,29.5,100,20,20,208.8,45.9,31.5
7714,Kalutara,Wet,Yala,,0.123,10.6,,2.66,252.5,24.1,120,40,20,258.8,87.5,32.5
7715,Kegalle,Intermediate,Maha,6.68,0.174,7.2,91.2,1.04,104.3,27.9,100,60,40,203.5,126.3,67.6
7716,Matale,Intermediate,Maha,5.42,0.106,17.4,91.6,1.15,,29.8,120,20,40,278.7,42.5,63.1
7717,Colombo,Wet,Maha,4.59,0.137,10,134.8,2.75,324.2,27.5,120,40,20,250.1,84.9,35.1
7718,Kilinochchi,Dry,Yala,6.67,0.067,,86.1,1.43,80.7,30.8,130,40,40,300.5,84.7,62
7719,Kandy,Wet,Maha,,0.082,11.3,131.2,2.52,208.9,26.5,130,40,20,279.5,83.6,31.3
7720,Puttalam,Dry,Maha,7.14,0.095,13.1,83.2,,146.9,29.9,130,40,40,303.2,88.4,62.9
7721,Gampaha,Wet,Yala,5.44,0.108,8,138,2.77,231.5,,120,60,20,263,138.2,33.4
7722,Gampaha,Wet,Yala,5.05,0.167,9.5,88.6,2.83,384.5,26.3,100,60,40,231.4,126.6,67.9
7723,Jaffna,Dry,Maha,6.73,0.172,9.3,42,1.08,145.3,27.4,100,60,60,201.3,124.3,98.6
7724,Colombo,Wet,Yala,5.88,0.076,10,139.3,2.05,337.9,26.4,130,40,20,293.1,91.4,32.2
7725,Trincomalee,Dry,Yala,,0.154,12.8,63.2,1.18,59.3,29.6,100,40,40,230.5,90.2,69.8
7726,Trincomalee,Dry,Yala,6.1,0.061,8.5,61.8,0.52,88.5,31.6,130,60,40,267.3,138.8,62.4
7727,Nuwara Eliya,Wet,Yala,5.19,0.09,6.8,74.4,2.58,208.2,25.5,130,60,40,265.5,123.9,64.5
7728,Colombo,Wet,Maha,4.81,0.162,8.5,135.7,1.56,284,26.7,100,60,20,214.9,123.4,31
7729,Vavuniya,Dry,Yala,5.67,0.12,9,88.9,1.34,,29.3,120,60,40,277.9,131.2,61.8
7730,Vavuniya,Dry,Maha,6.49,0.185,8.7,115.5,1.12,159,31.7,100,60,20,218.8,132.6,32.6
7731,Vavuniya,Dry,Yala,5.56,0.126,,94.6,0.52,60.4,27.6,120,40,40,262,86.7,63.6
7732,Monaragala,Intermediate,Yala,5.23,0.18,16.1,123.7,1.11,220.8,,100,20,20,205.7,44.1,32.1
7733,Gampaha,Wet,Maha,4.77,0.124,9.6,100,2.4,389.7,26.2,120,60,20,241.4,124.1,34.9
7734,Hambantota,Dry,Maha,6.25,,5.1,82.2,1.04,294.8,30.6,130,60,40,295.7,130,63.3
7735,Anuradhapura,Dry,Yala,6.97,0.076,11.7,66.4,1.25,38.6,28.7,130,40,40,265.1,89.1,69.5
7736,Kurunegala,Intermediate,Yala,6.04,0.143,9.3,51.4,1.39,227.4,27.5,120,60,60,266.1,129.1,102.6
7737,Anuradhapura,Dry,Yala,7.27,0.182,10.2,45.3,1.26,48.5,30.4,100,40,60,230.9,89.3,97.4
7738,Kandy,Wet,Maha,4.53,0.141,10.4,83.1,2.36,318.3,27.9,120,40,40,249.5,86.4,67.2
7739,Kandy,Wet,Maha,4.93,0.157,6.8,115,2.46,362.5,25.7,100,60,20,222.8,127.1,33
7740,Kalutara,Wet,Maha,5.63,0.195,9,111.4,2.67,378.1,24.8,100,60,20,203.7,126.6,31.4
7741,Gampaha,Wet,Yala,5.18,0.106,6.3,105.9,2.59,352.8,27.8,120,60,20,265,128.7,35.3
7742,Badulla,Intermediate,Yala,5.8,0.185,18.5,76.2,1.5,201.7,27.2,100,20,40,206.4,40.4,67.4
7743,Matara,Wet,Maha,5.03,0.18,5.4,142.2,2.87,288.5,28,100,60,20,225.1,133.7,35.2
7744,Monaragala,Intermediate,Yala,5.85,0.109,5.8,78.9,1.66,103.6,28.9,120,60,40,253.1,137.2,69.9
7745,Hambantota,Dry,Yala,6.76,0.064,9.1,112,0.75,87.7,28.6,130,60,20,281,127.6,31.2
7746,Galle,Wet,Yala,5.23,0.146,8.2,69.3,1.83,262.1,27.2,120,60,40,264.8,121.5,63.8
7747,Ratnapura,Wet,Yala,5.25,0.106,8,87.9,2.99,331.9,24.4,120,60,40,248,139.9,63.2
7748,Colombo,Wet,Maha,5.04,0.093,6.8,86.8,2.17,269.9,25.6,130,60,40,292.8,125.8,70
7749,Gampaha,Wet,Yala,4.65,0.066,8.8,126.1,2.06,313.9,26,130,60,20,274.2,123.1,35.1
7750,Gampaha,Wet,Yala,5.36,0.108,8.3,106.2,1.86,280.4,27.2,120,60,20,267.3,127.9,33.4
7751,Galle,Wet,Yala,5.34,0.181,5.3,79.9,1.7,276.5,24.1,100,60,40,206.3,135.1,62.7
7752,Kilinochchi,Dry,Maha,,0.184,11.9,92.5,0.59,203.1,30.7,100,40,40,223.5,84.3,63.1
7753,Kegalle,Intermediate,Yala,6.73,0.178,17.1,96.7,1.11,167.4,28.7,100,20,40,205.3,44,69.8
7754,Ratnapura,Wet,Maha,5.7,0.116,,94.3,2.86,391.7,24.5,120,40,40,258,85.9,71
7755,Badulla,Intermediate,Yala,6.44,0.093,7.3,71.4,1.96,235,27.4,130,60,40,271.9,122.9,63.7
7756,Ratnapura,Wet,Maha,5.26,0.064,5.1,129.7,1.85,367.5,25.1,130,60,20,293.1,127.1,30.9
7757,Badulla,Intermediate,Yala,6.78,0.061,,56.3,1.03,162.4,29.9,130,40,60,272.5,89.9,97.5
7758,Trincomalee,Dry,Maha,6.87,0.089,15,48.4,0.63,139.3,30.1,130,20,60,298.8,44.2,93
7759,Matale,Intermediate,Yala,6.4,0.177,16.4,89.7,1.46,168.8,,100,20,40,230.2,41,70
7760,Kandy,Wet,Yala,5.06,0.107,12,124.5,1.66,327.8,25.1,120,40,20,249,82.6,33.3
7761,Kegalle,Intermediate,Maha,5.83,0.054,8,80,1.46,114.2,26.9,130,60,40,287.4,133.2,68.1
7762,Gampaha,Wet,Yala,5.44,0.147,7.9,138.3,1.93,332.1,27.4,120,60,20,244.8,136.5,32.9
7763,Kegalle,Intermediate,Yala,6.41,0.194,16.5,113,1.42,147.2,26.4,100,20,20,213.9,42.5,32.5
7764,Nuwara Eliya,Wet,Maha,4.54,0.185,5.5,107.8,1.85,248.9,27.9,100,60,20,224.4,132.3,31.9
7765,Kurunegala,Intermediate,Yala,5.39,0.106,13.5,104.6,1.1,204.9,26.4,120,40,20,267.1,82.7,34.7
7766,Polonnaruwa,Dry,Yala,5.87,0.117,5.2,89.7,0.59,38.6,27.1,120,60,40,265.8,126.7,68.7
7767,Mullaitivu,Dry,Maha,7.23,0.071,9.2,46.1,1.06,122.3,31.5,130,60,60,273.4,121,97.9
7768,Ampara,Dry,Yala,7.4,0.181,6.7,,1.39,,28.1,100,60,40,213.4,135.6,64.9
7769,Hambantota,Dry,Maha,6.61,0.158,14.9,72.1,1.19,253.8,28.1,100,40,40,204.5,85.7,61.7
7770,Mullaitivu,Dry,Maha,6.83,0.171,12.7,44.7,,181,31.6,100,40,60,224.5,91.1,93.5
7771,Hambantota,Dry,Maha,,0.103,10,52.3,1.25,147.7,28.1,120,40,60,261.1,89.7,101.8
7772,Anuradhapura,Dry,Yala,6.66,0.128,14.3,72.9,0.67,55.8,30.8,120,40,40,269.1,91.3,66.8
7773,Badulla,Intermediate,Yala,5.82,0.07,6.5,121.1,1.89,126,27.8,130,60,20,272,126.2,33
7774,Puttalam,Dry,Yala,6.29,0.165,5.8,44.5,0.53,80.4,31,100,60,60,211.7,124.2,104.9
7775,Badulla,Intermediate,Maha,5.89,0.104,8.6,98.5,1.68,133.5,27.5,120,60,40,254.4,139.6,66.7
7776,Kilinochchi,Dry,Yala,6.55,0.067,10.6,95.3,1,,31.4,130,40,40,262.5,89.8,65.5
7777,Nuwara Eliya,Wet,Yala,5,0.098,10.5,81.1,2.85,273,26.9,130,40,40,275.9,91.4,63.3
7778,Ratnapura,Wet,Maha,4.78,0.19,6,,2.22,321.5,26.9,100,60,40,227.3,120.9,69.9
7779,Monaragala,Intermediate,Yala,5.72,0.184,8,81.6,1.96,236.2,,100,60,40,230.4,127.6,67.5
7780,Ampara,Dry,Yala,6.02,0.054,5.8,65,0.57,70.5,28.1,130,60,40,283.4,135.1,62.6
7781,Kandy,Wet,Maha,5.28,0.064,9.3,139.2,1.9,207.6,26.2,130,60,20,280.7,122.1,34
7782,Vavuniya,Dry,Yala,5.88,0.175,7,83.2,1.18,28.7,31.5,100,60,40,202.1,131.7,66
7783,Mullaitivu,Dry,Maha,6.59,0.198,13.1,89.5,0.92,146.7,31.1,100,40,40,229.8,86.1,69.8
7784,Kilinochchi,Dry,Yala,5.9,0.15,6.1,106.5,,72.4,29,100,60,20,201.5,121,35.4
7785,Gampaha,Wet,Maha,4.56,0.132,11.4,79.1,2.08,291.9,26.1,120,40,40,278.3,83.6,67.7
7786,Kurunegala,Intermediate,Yala,,0.052,10.7,123.4,1.73,191.3,27.1,130,40,20,282.1,84.2,34.5
7787,Hambantota,Dry,Maha,6.14,0.11,,110.1,0.56,146.6,27.7,120,40,20,254.7,81.9,31.1
7788,Kalutara,Wet,Maha,4.9,0.164,10.1,79.5,2.88,270.3,26.1,100,40,40,231.2,88.7,67.3
7789,Hambantota,Dry,Maha,7.37,0.163,,65.4,1.25,270.7,31.4,100,60,40,201.9,125.4,69.3
7790,Ampara,Dry,Yala,7.41,,7.2,58.8,0.73,33.2,28.8,120,60,60,264.1,126.1,100
7791,Jaffna,Dry,Maha,7.31,0.116,12.8,76.9,1.22,252.6,31.2,120,40,40,262.8,92.2,67.6
7792,Mannar,Dry,Maha,5.86,0.166,14,83.8,0.68,283.9,28.2,100,40,40,208.2,86.6,70.7
7793,Anuradhapura,Dry,Yala,6.58,0.153,11.8,78,0.69,60.8,30.8,100,40,40,215.1,85.6,63.7
7794,Ratnapura,Wet,Maha,4.8,0.186,6.6,96,2.66,202,25.9,100,60,40,222.4,134.8,62.7
7795,Kandy,Wet,Maha,4.64,0.2,11.8,91.7,2.28,320.1,26.5,100,40,40,224.8,92.3,68.6
7796,Jaffna,Dry,Maha,5.61,0.126,14.1,85.2,0.86,209.8,27.7,120,40,40,241.4,80.8,69.9
7797,Badulla,Intermediate,Maha,6,0.091,19.6,129.1,1.17,104.1,28.3,130,20,20,301.1,43.2,35.1
7798,Nuwara Eliya,Wet,Maha,4.6,0.062,10.8,138,1.69,354.1,27.7,130,40,20,268.4,88.4,34
7799,Mannar,Dry,Yala,7.2,0.069,14,78.7,0.92,20.3,27.2,130,40,40,271.3,84.6,70
7800,Mannar,Dry,Maha,7.5,0.067,14.7,49.5,1.35,225.4,29.1,130,40,60,272.6,90.6,103
7801,Matara,Wet,Maha,5.81,0.151,7.4,122.4,2.65,345.9,25.7,100,60,20,202.3,139.6,31.2
7802,Matale,Intermediate,Maha,5.54,0.164,17.5,129.1,1.38,227,29.8,100,20,20,205.1,46.4,34.6
7803,Puttalam,Dry,Maha,6.71,0.107,7.8,67.8,0.88,151.4,28.9,120,60,40,279.9,125.8,63.5
7804,Mullaitivu,Dry,Yala,6.55,0.091,12.3,100.7,1.15,88.8,28.5,130,40,20,274.8,83.4,32
7805,Colombo,Wet,Yala,5.87,0.1,6.3,130.1,1.69,371.7,25.6,120,60,20,245.8,139.3,32.8
7806,Colombo,Wet,Yala,,0.182,11.6,64,1.58,234.5,26.5,100,40,40,204.6,86.5,64.8
7807,Jaffna,Dry,Maha,6.96,,12,108.6,1.41,287,29.7,120,40,20,269.5,83.2,32.4
7808,Galle,Wet,Yala,4.55,0.167,11.8,128.1,2.74,306.1,27.9,100,40,20,229,89.7,31.6
7809,Colombo,Wet,Yala,5.97,0.057,5.4,128.8,2.24,360.3,25.9,130,60,20,272.3,126.2,32.3
7810,Hambantota,Dry,Yala,7.36,0.145,10.5,,0.53,39.7,27.8,120,40,20,242.2,84,30.9
7811,Badulla,Intermediate,Yala,5.71,0.123,10.4,123.3,1.28,185,28.6,120,40,20,250.1,91.9,33.2
7812,Kandy,Wet,Maha,5.65,0.15,7.1,,2.27,294.7,27.7,100,60,20,202.9,123.8,34.6
7813,Galle,Wet,Yala,5.53,0.141,6.7,148.3,1.87,204,24.5,120,60,20,245.4,121.9,35.1
7814,Monaragala,Intermediate,Yala,6.25,0.163,13.9,125.7,1.29,149.2,27.5,100,40,20,215.2,84,34.9
7815,Ratnapura,Wet,Maha,5.13,0.179,,64.7,2.02,,26.5,100,60,40,208.6,132.5,65.9
7816,Kegalle,Intermediate,Maha,5.89,0.165,12.5,73.4,1.27,245,26.6,100,40,40,217.9,82.1,69
7817,Galle,Wet,Yala,5.59,0.052,9.3,146.1,,354.3,27.2,130,60,20,272.2,129.8,32.2
7818,Kilinochchi,Dry,Maha,,0.153,8,50.6,1.21,202.5,31.5,100,60,60,231.8,132.9,93.3
7819,Ampara,Dry,Maha,7.29,0.162,7.5,90,,159.8,27.3,100,60,40,230.6,137.2,68.5
7820,Badulla,Intermediate,Yala,5.72,0.161,14.5,72.6,1.46,152.5,26.8,100,40,40,219.6,83.5,68.2
7821,Kurunegala,Intermediate,Yala,,0.075,18.2,55.1,1.72,129.1,29,130,20,60,276.4,45.6,104.5
7822,Matara,Wet,Maha,5.06,0.075,6,146.8,1.84,253.6,24.4,130,60,20,277.6,125.2,33.9
7823,Anuradhapura,Dry,Yala,7.44,0.177,11.9,84.2,1.33,85.2,31.7,100,40,40,214.5,89.3,63.3
7824,Jaffna,Dry,Maha,7.35,0.135,5.6,86.4,1.34,211.1,29.4,120,60,40,269.8,129,70.2
7825,Anuradhapura,Dry,Yala,5.86,0.193,10.1,87.1,0.71,82.6,30.5,100,40,40,215.8,82,68
7826,Jaffna,Dry,Yala,6.54,0.157,12.8,69.3,0.74,,28.4,100,40,40,229,89.8,69.8
7827,Trincomalee,Dry,Yala,6.7,0.059,9.9,107,1.14,45.2,29.8,130,60,20,301.4,124.9,34.7
7828,Gampaha,Wet,Maha,4.85,0.09,9.4,,2.99,251.3,24.6,130,60,20,275.6,124.1,32.3
7829,Anuradhapura,Dry,Maha,,0.177,14.5,86.8,0.92,198.7,27.8,100,40,40,219.4,85.2,62.4
7830,Kurunegala,Intermediate,Maha,6.7,0.2,6.5,55.2,1.38,159.6,29.7,100,60,60,204.2,133.4,95.1
7831,Anuradhapura,Dry,Yala,6.61,0.099,6.5,,1.49,70.1,27.2,130,60,60,269.9,125.2,93.9
7832,Anuradhapura,Dry,Yala,6.44,0.086,8.7,105.4,1.46,40.5,31.9,130,60,20,278.9,124.2,32
7833,Mannar,Dry,Maha,6.7,,9.7,105.9,1.18,268.7,32,100,60,20,207.8,120.8,33.1
7834,Trincomalee,Dry,Yala,5.55,0.117,14.2,49.2,1.19,65.2,28.5,120,40,60,275.6,86.6,106.1
7835,Batticaloa,Dry,Yala,7.38,0.194,6.1,100.8,1.42,87,31.5,100,60,20,206.3,129,35.2
7836,Matale,Intermediate,Maha,6.28,0.137,15.1,81.5,1.37,113.9,29.1,120,20,40,259.2,41.8,68.9
7837,Kilinochchi,Dry,Maha,7.48,0.053,10.2,84,0.82,170.6,27.5,130,40,40,287.1,81.2,61.9
7838,Hambantota,Dry,Yala,5.96,0.116,5.8,112.3,,69.8,28.7,120,60,20,268.4,129,32.5
7839,Matara,Wet,Maha,5.61,,8.2,,2.82,251.3,28,130,60,20,277.6,136,34.2
7840,Gampaha,Wet,Maha,5.47,0.084,7.3,67.5,2.9,244.6,26.5,130,60,40,298.2,134.6,63
7841,Badulla,Intermediate,Maha,,0.059,9.9,92.7,1.64,202.8,29.2,130,60,40,285.5,137.5,69.7
7842,Mullaitivu,Dry,Maha,6.36,0.191,14.5,,0.88,153,,100,40,60,215.4,80.6,106.2
7843,Monaragala,Intermediate,Maha,6.58,0.106,17.3,77.9,1.19,219.1,28.1,120,20,40,244,46.5,65.2
7844,Badulla,Intermediate,Maha,5.5,0.135,15.8,58.7,1.71,108.5,28.8,120,20,60,259.5,42.5,103.1
7845,Nuwara Eliya,Wet,Maha,5.51,0.142,11.3,140.9,2.73,309.1,26.9,120,40,20,273.5,93.4,31.5
7846,Galle,Wet,Maha,4.6,0.129,10.2,68.8,,387.7,27.2,120,40,40,265.4,83.8,68.6
7847,Mullaitivu,Dry,Yala,6.76,,6.2,76.9,0.99,51,27.4,130,60,40,296.7,129.8,61.9
7848,Galle,Wet,Maha,5.85,0.123,10.8,140.6,1.6,305.1,24.4,120,40,20,260.7,85.1,31.6
7849,Batticaloa,Dry,Yala,6.99,0.142,5.1,,1.02,88.2,29.4,120,60,60,246,127.6,103.1
7850,Jaffna,Dry,Maha,5.71,0.051,10,111,1.22,254.5,30.7,130,40,20,262,91.5,34.4
7851,Monaragala,Intermediate,Maha,6.73,0.07,,52.8,1.6,249.3,28.6,130,40,60,274.3,90.2,102.1
7852,Hambantota,Dry,Maha,6.51,0.1,12.9,69,0.87,257.1,30.8,120,40,40,268.6,93.4,66.5
7853,Ratnapura,Wet,Yala,5.91,0.065,10.3,76.7,2.33,359.9,24.8,130,40,40,294.9,88.5,68.4
7854,Puttalam,Dry,Yala,6.92,0.09,14.3,41,0.57,44.4,27.2,130,40,60,273.9,86.5,104.1
7855,Kegalle,Intermediate,Yala,6.17,0.167,6.3,108.9,1.78,184,29.9,100,60,20,217.3,122.4,35.6
7856,Galle,Wet,Maha,5.07,,5.4,71.2,2.03,254.9,25.2,120,60,40,257.8,140.1,70.6
7857,Polonnaruwa,Dry,Maha,6.01,0.067,9,72.4,1.24,258.8,29.8,130,60,40,278.8,131.4,69.6
7858,Matale,Intermediate,Yala,6.2,0.054,19.4,95.7,1.03,135.3,28.9,130,20,40,271.2,44.8,68.6
7859,Ampara,Dry,Maha,7.05,0.199,11,60,0.73,158.4,30.7,100,40,40,205.5,85.8,67.4
7860,Ratnapura,Wet,Yala,4.62,0.087,10.7,88,2.72,398.7,27.2,130,40,40,269.7,87.6,62.9
7861,Puttalam,Dry,Maha,6.47,0.086,,57.4,1.33,229.5,30.1,130,40,60,263.8,92.8,95
7862,Batticaloa,Dry,Yala,5.51,0.054,9.4,113.7,0.91,,31.9,130,60,20,269.8,123.9,34.9
7863,Anuradhapura,Dry,Maha,6.47,0.09,10.9,57.5,0.66,122.7,28.1,130,40,60,261.8,84.3,104.5
7864,Mannar,Dry,Yala,6.08,0.087,11.2,85.5,1.03,51,29.8,130,40,40,288,82.5,67.8
7865,Trincomalee,Dry,Yala,,,6.5,78.9,0.78,67.4,29.7,100,60,40,211.4,136.1,66.1
7866,Nuwara Eliya,Wet,Yala,4.73,0.149,11.4,102.4,2.32,210.2,,120,40,20,279.4,81.3,30.9
7867,Colombo,Wet,Yala,5.29,0.181,9.8,128.2,2.76,395.3,25.4,100,60,20,207.4,122.2,32.4
7868,Ampara,Dry,Yala,5.88,0.175,11.3,103.4,1.14,30.6,30.7,100,40,20,212.4,84.4,32.9
7869,Badulla,Intermediate,Yala,5.68,0.068,16.8,122.2,1.85,119.9,27.9,130,20,20,276.6,43.6,33.2
7870,Batticaloa,Dry,Maha,7.49,0.168,5.2,,1.28,188.2,31.5,100,60,40,201.4,128.6,71
7871,Vavuniya,Dry,Maha,5.74,0.167,9.8,85.7,0.94,171.6,28.2,100,60,40,228.5,121.5,62.8
7872,Gampaha,Wet,Maha,5.24,0.185,,115.1,2.32,365.8,24,100,60,20,202.1,139.3,33.4
7873,Colombo,Wet,Maha,5.82,0.162,11.4,64.6,2.69,326.5,24,100,40,40,231.8,92.9,65.4
7874,Hambantota,Dry,Maha,5.56,0.055,6.1,119.7,0.84,182.1,30.6,130,60,20,299.2,126.1,35.7
7875,Gampaha,Wet,Maha,5.96,0.177,6.6,71.1,2.41,280.9,26.7,100,60,40,218.6,134.9,70.3
7876,Gampaha,Wet,Maha,5.03,0.14,11.3,135.8,1.99,232.7,26.9,120,40,20,262.6,88,33
7877,Jaffna,Dry,Maha,,0.195,10.8,66.4,1.25,204,28.5,100,40,40,222.4,83.6,71.7
7878,Monaragala,Intermediate,Yala,5.4,0.077,7.4,106.8,1.36,248.2,29.1,130,60,20,277.8,125.7,33.4
7879,Ampara,Dry,Maha,5.82,0.067,7.9,70.3,1.34,215.3,27.7,130,60,40,288.8,130.2,63.4
7880,Kurunegala,Intermediate,Yala,5.86,0.144,10,59.7,1.18,184.8,29.6,120,40,60,243.1,85.9,100.8
7881,Galle,Wet,Yala,5.43,0.168,9.9,128,2.81,278,26.5,100,60,20,202.9,126.3,31.9
7882,Kurunegala,Intermediate,Yala,5.33,0.192,17.9,95.5,1.79,123.8,27.5,100,20,40,216,45.5,68.1
7883,Polonnaruwa,Dry,Maha,5.58,0.19,9.8,112.1,0.75,294.9,31.9,100,60,20,219,130,35.5
7884,Badulla,Intermediate,Yala,5.65,0.094,16.8,101.7,1.95,197,26.6,130,20,20,299,44.5,34.7
7885,Batticaloa,Dry,Maha,5.57,0.095,9.2,50.4,1.42,252.4,29.3,130,60,60,265.8,124.3,96.6
7886,Nuwara Eliya,Wet,Maha,5.24,0.164,9.3,88.9,2.04,270.8,27.9,100,60,40,227.9,131.1,64.7
7887,Matara,Wet,Maha,4.63,,9.7,132,1.84,223.1,24.4,100,60,20,207.9,126.8,31.1
7888,Kandy,Wet,Maha,,0.198,9.4,92.4,2.01,365.5,25,100,60,40,213.9,130.9,64.6
7889,Kilinochchi,Dry,Maha,5.55,0.173,6.5,107,1.27,181.5,30.2,100,60,20,211.4,135.9,31.3
7890,Matale,Intermediate,Yala,5.84,0.052,5.9,,1.99,162.3,26.3,130,60,20,278.4,135.7,33.3
7891,Vavuniya,Dry,Yala,5.75,0.09,6.2,83.5,1.02,88.4,29,130,60,40,267.8,127.5,68.8
7892,Matara,Wet,Maha,4.87,0.08,5,123.4,2.79,371.9,24,130,60,20,282.8,134.2,34.6
7893,Jaffna,Dry,Yala,6.56,0.13,12.8,85.9,1.05,74.3,30.2,120,40,40,272.7,92.8,62.3
7894,Anuradhapura,Dry,Yala,6.2,0.069,6.9,117.5,1.02,93.9,30.1,130,60,20,280.1,132.9,32.5
7895,Jaffna,Dry,Maha,6.74,0.156,11,78,1.44,274.7,29.5,100,40,40,217.1,82.4,64.6
7896,Mannar,Dry,Yala,6.97,0.147,14,47,1.24,82.1,28.1,120,40,60,274.5,89.3,94.1
7897,Trincomalee,Dry,Maha,6.75,0.128,9.5,43.2,0.9,,30.1,120,60,60,269,122.7,97.9
7898,Mullaitivu,Dry,Maha,6.14,0.079,9.3,107.3,0.91,171.1,31.6,130,60,20,282.2,137.7,32.3
7899,Gampaha,Wet,Maha,5.71,0.117,8.2,63.7,2.45,362.3,25.1,120,60,40,251.4,130.7,68
7900,Polonnaruwa,Dry,Maha,6.44,0.111,9.7,48.2,1.36,228.9,,120,60,60,276,128.2,105.7
7901,Badulla,Intermediate,Yala,6.77,0.178,5.2,118.4,,215.2,27.3,100,60,20,219.9,121.7,33.1
7902,Polonnaruwa,Dry,Yala,7.4,0.059,12.4,46.4,1,95.2,31.7,130,40,60,270.8,85.4,103.7
7903,Kandy,Wet,Yala,5.58,0.069,5.1,,1.52,388,26.6,130,60,20,272.8,138.3,31.5
7904,Kurunegala,Intermediate,Yala,5.48,0.11,13.1,,1.49,215.5,26.3,120,40,40,272.8,80.7,70.7
7905,Trincomalee,Dry,Maha,6.68,0.139,,40.6,1.04,265.1,30.7,120,60,60,243.1,129.9,94.8
7906,Matara,Wet,Maha,5.56,0.056,5.5,78.1,,331,,130,60,40,303.5,138.8,63.6
7907,Kalutara,Wet,Maha,4.64,0.102,10.8,123.8,2.22,205.9,25.8,120,40,20,246.4,85.6,31.3
7908,Kilinochchi,Dry,Yala,,0.088,13.1,95.7,1.1,70.1,27.9,130,40,40,295.2,86.1,64.8
7909,Hambantota,Dry,Yala,7.43,0.135,12.5,79.1,0.62,91.2,28.1,120,40,40,256.8,88,67.2
7910,Mannar,Dry,Yala,6.68,0.159,9.3,51,0.71,,29.4,100,60,60,217.1,129.7,107.3
7911,Mannar,Dry,Yala,5.59,0.113,11.7,118.1,1.15,80,30,120,40,20,275.8,82.7,34.8
7912,Galle,Wet,Yala,,0.073,5.8,80.4,2.01,288.8,24.2,130,60,40,278.9,121,65.5
7913,Kilinochchi,Dry,Yala,5.77,0.078,11.8,85.5,0.75,85.3,30.2,130,40,40,284.2,88.4,67.5
7914,Ampara,Dry,Maha,6.28,0.176,11.6,81.4,1.36,169.2,30.6,100,40,40,202.7,92.5,67.9
7915,Hambantota,Dry,Maha,7.29,0.172,12.7,57.9,0.83,158.2,31.5,100,40,60,201.2,81.9,104.8
7916,Polonnaruwa,Dry,Maha,7.31,0.083,5.2,96.3,0.87,184.4,28.2,130,60,40,271.8,124.7,69.1
7917,Matale,Intermediate,Maha,5.38,0.169,19.4,86.6,1.5,242.2,29.5,100,20,40,223.3,42.7,67.4
7918,Monaragala,Intermediate,Maha,6.22,0.17,12.7,52.6,,246.2,27.1,100,40,60,205,91,102.5
7919,Mannar,Dry,Maha,,0.071,10,68,1.23,293.9,31.4,130,40,40,266.2,84,69.2
7920,Trincomalee,Dry,Yala,7.11,0.173,9.2,63.1,0.95,53,31.7,100,60,40,214.5,137.9,63
7921,Ampara,Dry,Yala,6.62,0.1,6.3,63.1,0.82,62.1,31.8,120,60,40,266.7,121.7,63.7
7922,Jaffna,Dry,Maha,6.68,0.116,7.4,61.9,0.6,247,28.7,120,60,40,269.2,139,68.6
7923,Ratnapura,Wet,Maha,5.14,0.101,8.7,99.4,2.01,395.7,25.1,120,60,40,248.3,131.6,70.2
7924,Vavuniya,Dry,Yala,6.28,0.123,11.7,96.5,0.91,67.8,27.1,120,40,40,244.4,89.1,65.8
7925,Hambantota,Dry,Maha,6.59,0.176,9.3,92.2,1.4,194.8,30,100,60,40,231.8,127.8,71.5
7926,Monaragala,Intermediate,Maha,6.23,0.112,5.2,113.8,1.77,214.9,29.4,120,60,20,251.5,135.9,31.9
7927,Vavuniya,Dry,Yala,6.28,0.064,13.4,47.6,0.91,24.1,30.4,130,40,60,297.6,82.6,98.8
7928,Kalutara,Wet,Maha,,0.097,8.8,78.2,1.88,260.4,25.2,130,60,40,298,121.6,65.5
7929,Gampaha,Wet,Yala,5.04,0.191,7.9,72.9,2.16,,27.2,100,60,40,226.3,128.4,71
7930,Batticaloa,Dry,Yala,6.17,0.09,13.2,42.7,0.55,63.1,28.2,130,40,60,268.6,91.6,96.8
7931,Gampaha,Wet,Yala,5.98,0.05,,136.9,2.72,389.6,28,130,60,20,296.2,135.4,33.2
7932,Mannar,Dry,Maha,6.93,0.158,9.2,61.1,0.92,160.8,31.8,100,60,40,226.2,130.7,63.6
7933,Vavuniya,Dry,Yala,6.66,0.106,11.4,96.8,0.81,83.7,28.9,120,40,40,264.7,87.9,66.9
7934,Batticaloa,Dry,Yala,6.76,0.178,5.3,44,0.73,93.3,28.2,100,60,60,212.1,123.2,105.4
7935,Trincomalee,Dry,Yala,5.56,0.153,5.6,113,1.28,,31.6,100,60,20,209.7,137.1,32.3
7936,Galle,Wet,Maha,4.64,0.061,11.2,104.5,1.68,315.6,26.7,130,40,20,266.6,90.7,34.9
7937,Matara,Wet,Yala,5.96,0.122,9.1,146.9,1.58,226.8,26,120,60,20,261.3,133.5,35.4
7938,Matara,Wet,Yala,4.82,0.114,7.5,64.2,2.08,230.4,26.9,120,60,40,264.2,129.7,62.4
7939,Nuwara Eliya,Wet,Yala,5.25,0.193,6.6,98.7,2.55,372.7,25.9,100,60,40,212.8,139.5,69.3
7940,Gampaha,Wet,Yala,5.19,0.176,9.1,113.9,1.99,204.3,27.7,100,60,20,216.6,137.8,32.1
7941,Gampaha,Wet,Maha,,0.149,8.8,142,2.73,304.6,,120,60,20,255.6,133.2,31.7
7942,Nuwara Eliya,Wet,Maha,4.79,,7.8,119.5,2.5,251.2,,120,60,20,266.4,127.9,33.8
7943,Nuwara Eliya,Wet,Maha,4.88,0.077,6.3,87.1,1.98,237.8,25.9,130,60,40,299.6,132.7,68.8
7944,Kalutara,Wet,Maha,5.22,0.151,6.2,117.5,2.92,,27.7,100,60,20,206.4,131.9,32.8
7945,Nuwara Eliya,Wet,Yala,5.47,0.154,9.7,106.2,1.65,255.7,24.1,100,60,20,213.5,128.3,31
7946,Anuradhapura,Dry,Maha,5.52,0.119,12.4,59.2,1.38,,32,120,40,60,246.8,84.5,106.1
7947,Galle,Wet,Maha,5.61,0.087,,,2.8,274.7,24.1,130,60,20,287.9,128.6,34.5
7948,Kandy,Wet,Yala,4.87,0.143,6.2,149.6,1.62,307.7,27.2,120,60,20,269.9,131.8,32.2
7949,Jaffna,Dry,Maha,6.6,0.067,13.8,,0.99,232.3,29.7,130,40,40,300.9,86.1,66.7
7950,Kandy,Wet,Yala,4.95,0.19,10.9,95.7,2.17,293.5,25.2,100,40,40,210.2,83.9,62
7951,Kilinochchi,Dry,Yala,5.64,0.133,12.7,86.6,1.47,,28.1,120,40,40,278.5,90.4,65.1
7952,Badulla,Intermediate,Yala,,0.106,8.4,90.9,1.25,117.7,29,120,60,40,243.8,131,66.9
7953,Trincomalee,Dry,Maha,6.31,0.087,7,49.7,0.87,253.6,31.7,130,60,60,287,121.9,100.3
7954,Anuradhapura,Dry,Yala,,0.051,6.5,69.2,0.65,92.5,30.3,130,60,40,263.8,127.8,63.8
7955,Mullaitivu,Dry,Maha,6.62,0.087,11.6,,0.74,242.3,28.2,130,40,40,299.3,92,69.5
7956,Jaffna,Dry,Maha,5.61,0.173,,108.5,,250.7,27.9,100,40,20,218.4,90.3,32.3
7957,Matale,Intermediate,Maha,,0.163,10.4,127.3,1.73,243,28,100,40,20,222.9,84.7,33.7
7958,Kurunegala,Intermediate,Maha,5.9,0.12,18,83.2,1.58,172.3,26.7,120,20,40,273.9,46.4,64.4
7959,Kurunegala,Intermediate,Maha,5.9,0.185,8.7,53.9,1.92,168.5,29.2,100,60,60,206,122.1,98.9
7960,Colombo,Wet,Yala,5.48,0.172,10.1,139.1,2.17,279.4,26.9,100,40,20,202.4,93,31.8
7961,Hambantota,Dry,Maha,6.45,0.191,6.7,65.9,0.6,277.1,29,100,60,40,229.8,125.4,68
7962,Badulla,Intermediate,Maha,6.72,0.171,6,115.7,1.85,219,28.9,100,60,20,211.4,120.8,32.9
7963,Hambantota,Dry,Yala,6.89,,7.2,40.2,0.82,43.3,30.5,120,60,60,246.4,129.1,92.7
7964,Jaffna,Dry,Maha,7.43,0.101,5.3,,0.89,217.1,30.4,120,60,40,259.7,127.6,62
7965,Polonnaruwa,Dry,Yala,5.86,0.08,9.7,55,1.29,38.2,27.9,130,60,60,286.8,131.2,99.6
7966,Gampaha,Wet,Maha,5.4,0.165,8.3,77.2,1.9,325.5,26.4,100,60,40,202.1,136.2,63.5
7967,Trincomalee,Dry,Maha,6.28,0.14,8,113.8,0.78,243.7,30,120,60,20,252.1,137.1,33.7
7968,Gampaha,Wet,Yala,5.25,,8,131.9,2.39,219.3,24.6,130,60,20,262.8,128.5,32.8
7969,Kurunegala,Intermediate,Yala,6.59,,8.1,77.9,1.37,147.7,29.2,130,60,40,279.2,129,68.2
7970,Mannar,Dry,Yala,6.16,0.061,6.2,60,1.48,38.2,31.2,130,60,40,299.3,123.5,71.2
7971,Mannar,Dry,Maha,5.51,0.139,10.2,75.4,1.22,188.2,31.6,120,40,40,279.8,81.1,67
7972,Mannar,Dry,Maha,6.92,0.171,10.9,69.4,1.14,268.4,30.6,100,40,40,221.9,88.8,69.6
7973,Jaffna,Dry,Yala,6.71,0.155,6.4,43,1.04,38.3,28,100,60,60,206.4,121.9,103.8
7974,Puttalam,Dry,Yala,5.51,0.053,6.4,52.9,1.2,88,27.1,130,60,60,299.8,135,106.3
7975,Kurunegala,Intermediate,Yala,6.55,0.08,15.8,86.8,1.4,242,29,130,20,40,283.3,43.8,63.8
7976,Kegalle,Intermediate,Maha,5.66,0.132,11.9,72.9,1.21,245.4,27.8,120,40,40,247.3,83.1,70
7977,Ratnapura,Wet,Yala,4.79,0.151,6.9,149.6,2.25,362.3,25.8,100,60,20,231.2,131.2,35.3
7978,Kilinochchi,Dry,Yala,5.85,0.052,7.9,80.8,0.83,,30.2,130,60,40,293.5,124.2,65.6
7979,Matara,Wet,Maha,4.6,0.182,6.6,71.7,1.84,305.6,28,100,60,40,225,129.2,64.8
7980,Mullaitivu,Dry,Yala,5.75,0.084,8,80,1.34,42,27.9,130,60,40,291.5,136.3,71.2
7981,Kilinochchi,Dry,Maha,6.5,0.053,12.5,,1.21,187.8,30.1,130,40,20,269.9,86.5,33.9
7982,Colombo,Wet,Yala,5.7,0.145,10.7,122.7,2.84,253.6,27.1,120,40,20,249.6,82.4,32.7
7983,Ratnapura,Wet,Maha,4.9,0.142,10.4,95,1.58,338.9,24.3,120,40,40,268.3,89.9,69.6
7984,Matara,Wet,Yala,4.7,0.067,6.6,144.5,2.15,370.3,24.8,130,60,20,270.7,124.3,32.3
7985,Monaragala,Intermediate,Yala,6.4,0.162,12.8,93.2,1.42,158.1,27.5,100,40,40,215.4,90.1,63.5
7986,Galle,Wet,Maha,5.59,0.17,5.6,96.5,,305.4,26.4,100,60,40,226.6,130,67.1
7987,Mannar,Dry,Maha,,0.091,11.7,109.3,1.23,126.9,28.4,130,40,20,294.6,86.4,33.6
7988,Puttalam,Dry,Yala,7.03,0.053,,67.2,1.17,56.7,27.3,130,40,40,280.6,91.6,70
7989,Anuradhapura,Dry,Maha,6.58,0.193,14.1,61.3,0.86,152.5,28.6,100,40,40,226.9,89.7,66.3
7990,Nuwara Eliya,Wet,Maha,5.69,0.099,8,109,2.15,395,24.1,130,60,20,297,121.3,34.9
7991,Mullaitivu,Dry,Maha,7.03,0.057,11.9,95.6,1.06,241.8,31.3,130,40,40,289.2,84.3,64.8
7992,Hambantota,Dry,Yala,5.58,0.15,5.8,111.3,0.82,59.3,31.7,100,60,20,208.5,137.7,33.7
7993,Vavuniya,Dry,Maha,6.74,0.11,5.1,115.7,1.21,148.5,,120,60,20,252.1,121,31.8
7994,Kandy,Wet,Yala,4.78,0.127,6.6,100.8,2.64,394.7,24.9,120,60,20,253.7,131.3,32.7
7995,Badulla,Intermediate,Yala,6.33,0.074,13.8,60.7,1.88,137.6,,130,40,40,266.4,90,70.3
7996,Trincomalee,Dry,Yala,7.34,0.116,10,93.9,0.57,79.4,31,120,40,40,252,88.6,63.9
7997,Jaffna,Dry,Maha,5.77,0.091,8.7,101.1,1.39,126.7,30.2,130,60,20,270.3,135.5,34.8
7998,Kegalle,Intermediate,Maha,6.29,0.135,8.9,105.8,1.87,119.9,28.4,120,60,20,259.2,134.8,32.2
7999,Polonnaruwa,Dry,Yala,6.04,0.17,10.9,79.2,,49.3,29.1,100,40,40,230.7,89.5,62
8000,Matara,Wet,Yala,5.8,0.162,8.4,139.8,2.36,348.8,26.6,100,60,20,204.5,136.7,31.4
8001,Kilinochchi,Dry,Yala,6.76,0.139,8.4,94.2,1.37,93.1,30.8,120,60,40,269.5,133.2,69.2
8002,Kegalle,Intermediate,Yala,6.59,0.071,5.8,110,1.39,155.1,29.3,130,60,20,290.5,128.5,32.1
8003,Kilinochchi,Dry,Yala,5.85,0.107,14.6,103.4,0.78,88.9,27.2,120,40,20,245.1,86.6,34.1
8004,Nuwara Eliya,Wet,Maha,4.51,0.07,7.5,,2.99,316.5,25.2,130,60,20,300.5,134.6,34.3
8005,Kegalle,Intermediate,Maha,5.69,0.097,17.6,,1.5,163.5,27,130,20,20,285.5,46,32.5
8006,Puttalam,Dry,Yala,7.42,0.155,12.6,98,1.06,81.4,27.2,100,40,40,213,84,66.4
8007,Gampaha,Wet,Yala,5.2,0.19,8.5,71.9,2.02,283.5,27.1,100,60,40,225.8,127.3,65.7
8008,Matara,Wet,Maha,4.73,0.057,11.8,91.7,2.31,390.2,26.7,130,40,40,272.3,92.6,71.2
8009,Monaragala,Intermediate,Yala,5.5,0.142,18.8,97.4,,170.2,28.7,120,20,40,268.5,44,64.9
8010,Trincomalee,Dry,Yala,7.47,0.153,5.9,81,1.47,65.9,27.3,100,60,40,202.4,124.1,63.5
8011,Badulla,Intermediate,Maha,5.37,0.082,15.6,53.9,1.96,176.5,28.4,130,20,60,297,44.6,98
8012,Hambantota,Dry,Yala,6.62,0.154,13.1,78.8,1.25,82.6,30.1,100,40,40,215.7,93.4,68.4
8013,Badulla,Intermediate,Maha,6.39,0.175,9.4,76.1,1.9,229,29.2,100,60,40,221.9,136.7,68.7
8014,Gampaha,Wet,Maha,5.01,0.076,9.7,81.1,2.11,,25.3,130,60,40,270.8,135.2,70.9
8015,Monaragala,Intermediate,Yala,5.59,0.072,9,100.9,1.05,120.4,29.4,130,60,20,290.1,124.7,35.2
8016,Batticaloa,Dry,Maha,6.39,,11.8,119.9,1.33,298.9,,130,40,20,294.1,91.9,32.2
8017,Ratnapura,Wet,Maha,5.77,0.086,9.6,140.3,2.93,307.7,,130,60,20,281.5,130.9,33.1
8018,Kalutara,Wet,Yala,4.66,0.2,8.3,122.2,1.54,297.5,26.4,100,60,20,221.2,138,34.5
8019,Kandy,Wet,Maha,,0.059,,100.7,2.81,212.2,27.7,130,40,20,280.7,84.8,35.4
8020,Mannar,Dry,Maha,5.86,0.106,14.6,,0.89,227.9,29.3,120,40,40,276.3,81.3,65.1
8021,Kilinochchi,Dry,Yala,7.25,0.152,8.9,67.2,1.07,86.1,30.3,100,60,40,217.3,129.9,66.1
8022,Trincomalee,Dry,Maha,6.77,0.054,8.1,52.8,0.86,268.9,30.4,130,60,60,297.1,125.9,106
8023,Batticaloa,Dry,Yala,6.07,0.102,6.9,43.1,1.2,48.9,29.3,120,60,60,272.7,134.6,97.9
8024,Mannar,Dry,Yala,6.74,,10,98.2,0.61,39.4,31.6,120,40,40,257.4,93,66.5
8025,Kurunegala,Intermediate,Yala,5.61,0.062,,,1.76,119.6,27.7,130,40,20,271.2,89.5,35.3
8026,Badulla,Intermediate,Maha,5.4,0.143,9,64.3,1.97,139.1,28.9,120,60,40,257.2,138,69.7
8027,Badulla,Intermediate,Maha,5.83,0.177,13.7,76.4,1.06,,27.8,100,40,40,228,86.4,64.1
8028,Jaffna,Dry,Yala,6.56,0.176,12.9,49.2,0.89,81.2,28.6,100,40,60,208.5,90.5,97.4
8029,Trincomalee,Dry,Maha,6.24,0.12,10.8,84.6,0.67,166.4,31.7,120,40,40,261.9,91.5,65.2
8030,Hambantota,Dry,Maha,6.01,0.175,8.6,117.5,1.16,248.2,27.6,100,60,20,227.4,134.5,35.4
8031,Matale,Intermediate,Maha,5.23,0.077,12.8,112.4,,239.7,26.1,130,40,20,276.4,87.1,35.8
8032,Trincomalee,Dry,Yala,6.39,0.169,6.2,100.4,1.27,30,29.5,100,60,20,222,132.9,34.7
8033,Galle,Wet,Maha,4.63,0.085,10.8,64,1.85,248.1,27.2,130,40,40,271.8,89.6,66.5
8034,Jaffna,Dry,Maha,5.57,0.099,13.2,113.2,1.26,165.7,28.3,130,40,20,266,83.8,30.9
8035,Jaffna,Dry,Yala,6.97,0.197,13.7,44.7,1.29,89,27.2,100,40,60,227,91,103
8036,Kalutara,Wet,Yala,4.81,0.167,10.5,104.1,2.85,344.7,27.3,100,40,20,204.3,92.9,32.7
8037,Trincomalee,Dry,Maha,6.79,0.101,5.7,86.9,1.07,263.5,28.8,120,60,40,252,129.7,68
8038,Gampaha,Wet,Maha,5.27,0.065,6.2,121.1,1.92,222.9,27.5,130,60,20,297.7,134.3,33.8
8039,Hambantota,Dry,Yala,,0.139,9.1,66.8,1.44,99.8,27.7,120,60,40,254.9,135,66.5
8040,Kandy,Wet,Yala,5.35,0.136,8.2,114.9,1.98,385.5,24.9,120,60,20,279.4,133.6,35.5
8041,Badulla,Intermediate,Maha,6.5,0.17,10.1,71,1.43,195.5,27.4,100,40,40,233,87.6,61.9
8042,Trincomalee,Dry,Yala,6.53,0.106,8.2,58.2,0.76,49.6,31.3,120,60,60,251.8,137.9,103.2
8043,Matara,Wet,Maha,5.91,0.171,7.6,63.5,2.34,394.6,27.3,100,60,40,202.4,129.4,65.8
8044,Jaffna,Dry,Yala,7.23,0.187,7.1,103.6,1.43,21.1,29.3,100,60,20,224.1,121.8,34.4
8045,Mullaitivu,Dry,Yala,6.33,0.099,13,49.5,1.18,89.9,27.9,130,40,60,280.5,91.5,102.6
8046,Colombo,Wet,Yala,5.56,0.111,9.9,119.2,2.96,,24.2,120,60,20,245.3,133.8,30.9
8047,Gampaha,Wet,Yala,5.42,0.074,6.9,98.6,1.58,230.7,27.9,130,60,40,291.4,137.2,64.6
8048,Matale,Intermediate,Maha,6.65,0.144,17.1,123.8,1.61,128.8,29.5,120,20,20,242.6,41.1,31.7
8049,Monaragala,Intermediate,Maha,6.46,0.129,13.7,121.8,1.01,155,26.2,120,40,20,275.4,80.9,31.6
8050,Batticaloa,Dry,Yala,7.07,0.103,14.1,51.7,1.2,93.2,28.8,120,40,60,246.8,92.7,103.4
8051,Puttalam,Dry,Maha,6.54,0.083,10.8,84.4,1.02,193,32,130,40,40,266.8,82.4,64.1
8052,Nuwara Eliya,Wet,Maha,4.78,0.196,8.8,75.1,2.79,313,25.1,100,60,40,206.8,136.5,66.4
8053,Mannar,Dry,Yala,7.07,0.09,11.1,86,1.37,43.5,29.4,130,40,40,302.1,91.2,64.2
8054,Kandy,Wet,Maha,,0.11,8,75.6,1.78,,26.8,120,60,40,268.5,134.5,67.5
8055,Galle,Wet,Maha,4.8,0.154,10,68.8,2.55,377.8,25.1,100,40,40,227.2,82.2,68.9
8056,Kurunegala,Intermediate,Yala,5.78,0.161,19.6,73.2,1.71,173.2,27.4,100,20,40,214.1,44.6,65
8057,Kilinochchi,Dry,Yala,,0.118,9.9,69,0.67,98.3,31.5,120,60,40,254.5,138,67.7
8058,Nuwara Eliya,Wet,Yala,,0.127,8.8,143.8,1.94,376.9,26.6,120,60,20,250.5,128.9,34.9
8059,Kalutara,Wet,Yala,5.04,0.143,5.4,127.4,2.82,394.5,24.3,120,60,20,260.1,128.7,31.3
8060,Anuradhapura,Dry,Maha,5.84,0.06,14,80.3,1.42,241.5,31.3,130,40,40,284.8,86.3,68.8
8061,Kurunegala,Intermediate,Yala,6.07,0.116,19.7,114,1.8,162.4,,120,20,20,266.1,40.8,32.4
8062,Hambantota,Dry,Maha,6.83,0.144,8.8,,,130.2,30.7,120,60,40,251.4,138.1,62.9
8063,Ratnapura,Wet,Yala,5.5,0.184,11.1,,2.79,383.2,26,100,40,40,232,91.8,67.2
8064,Galle,Wet,Yala,5.96,0.194,6.2,125.9,1.65,368.5,25.7,100,60,20,206.6,140.1,31.9
8065,Vavuniya,Dry,Yala,6.64,0.13,8.3,89.8,0.66,53.3,28.9,120,60,40,279.1,132.1,69.9
8066,Monaragala,Intermediate,Yala,5.36,0.194,18.8,91.1,1.54,229.1,29.6,100,20,40,201.6,45.1,62.1
8067,Monaragala,Intermediate,Yala,6.05,0.112,14,100.1,1.59,242.9,28.3,120,40,20,260.2,83.1,31.3
8068,Nuwara Eliya,Wet,Yala,4.65,0.07,10.7,138.2,1.99,231.5,25.4,130,40,20,275.5,89.2,33.4
8069,Nuwara Eliya,Wet,Maha,5.36,0.168,11.1,133.6,2.87,347.2,24.3,100,40,20,215.7,89,33.7
8070,Matale,Intermediate,Yala,5.52,0.092,14.6,54.8,1.22,219.1,29.4,130,40,60,285.6,92.2,103.4
8071,Matara,Wet,Maha,5.37,0.172,9.5,84.1,1.9,392.7,27.8,100,60,40,215.3,136.9,64.3
8072,Kalutara,Wet,Maha,4.99,,6.5,141.2,2.74,381,26.6,100,60,20,214.6,139,35
8073,Matale,Intermediate,Maha,6.13,0.072,11.1,86.6,1.75,220.5,27.8,130,40,40,292.5,91.8,71.2
8074,Kalutara,Wet,Yala,5.22,0.12,8.5,125.5,2.93,392,26.9,120,60,20,268.2,137.6,33.3
8075,Mannar,Dry,Maha,7.06,0.174,7.7,49.7,0.98,145.6,27.7,100,60,60,228.3,121.9,103.9
8076,Jaffna,Dry,Yala,5.79,0.181,10.1,43.6,1.07,41.9,29.5,100,40,60,209.2,91.5,100.4
8077,Puttalam,Dry,Yala,6.21,0.123,7.8,44.2,1.43,42.9,29.7,120,60,60,265.2,132.5,93.5
8078,Batticaloa,Dry,Yala,6.92,0.131,10.5,42.2,1.29,78.7,30.6,120,40,60,264.2,85.4,97.4
8079,Kurunegala,Intermediate,Yala,5.78,0.099,19.9,56.2,1.91,107.8,29.4,130,20,60,277.1,40.6,93.8
8080,Kandy,Wet,Yala,4.73,0.155,9.3,71.4,2.17,202.9,25,100,60,40,216.9,133.9,71.6
8081,Polonnaruwa,Dry,Yala,7.06,0.14,13.5,103.5,0.5,46,,120,40,20,253.6,84.8,31.9
8082,Batticaloa,Dry,Yala,7.1,0.173,8.9,58.3,1.49,25.4,27.3,100,60,60,205.7,129.8,102
8083,Polonnaruwa,Dry,Yala,5.93,0.196,11.1,60.3,1.41,99.8,27.7,100,40,40,208.1,89.4,64.5
8084,Ampara,Dry,Maha,5.69,0.092,11.4,119.5,0.52,149,27.6,130,40,20,265.9,92.4,34.1
8085,Nuwara Eliya,Wet,Yala,5.86,0.072,5.4,115,2.44,317.9,24.2,130,60,20,290.4,136.8,31.9
8086,Kegalle,Intermediate,Yala,5.74,0.085,12.2,108.2,1.69,171.6,27.2,130,40,20,289.4,86.4,34.7
8087,Kurunegala,Intermediate,Yala,5.21,0.093,8.6,79.9,1.1,184.5,27.7,130,60,40,301.7,128.2,62.8
8088,Mullaitivu,Dry,Maha,7.07,0.162,5.1,101.5,1.47,252.5,27.4,100,60,20,224.9,125.3,35.3
8089,Ampara,Dry,Yala,6.52,0.069,9,,0.71,55,29.8,130,60,40,263.6,127.9,70.1
8090,Kalutara,Wet,Yala,5.12,0.07,8.2,98.4,2.63,230.2,24.6,130,60,40,298.9,122.8,68.5
8091,Colombo,Wet,Maha,5.28,0.102,6.8,104.3,2.28,204.8,26,120,60,20,275.1,139.6,31.1
8092,Gampaha,Wet,Yala,5.68,0.173,6.5,80.8,2.63,298.4,26.7,100,60,40,215.6,131.8,63.8
8093,Trincomalee,Dry,Maha,6.35,0.061,6.1,58.6,1.28,141.8,27.5,130,60,60,286.2,123.1,105.4
8094,Mullaitivu,Dry,Yala,6.84,0.086,10.6,85.7,1.49,40.6,29.4,130,40,40,302.8,85.1,62.9
8095,Kegalle,Intermediate,Maha,6.02,0.062,19.4,,,175.9,27.9,130,20,60,284,43.8,94.8
8096,Kalutara,Wet,Maha,4.83,0.164,9.6,101.2,1.53,374.3,24.3,100,60,20,230.6,131,33.5
8097,Monaragala,Intermediate,Yala,5.27,0.152,8.2,66.9,1.81,122.3,29.6,100,60,40,203.8,121.3,64.4
8098,Kegalle,Intermediate,Yala,6.23,0.118,19.6,102.4,1.73,143,26.7,120,20,20,248.8,46.4,31.9
8099,Trincomalee,Dry,Yala,5.75,0.102,,92.2,1.06,42.8,31.5,120,40,40,258.6,84.1,67.5
8100,Batticaloa,Dry,Yala,6.16,0.148,10.4,90.9,1.2,70.2,29.5,120,40,40,264.2,80.7,65.4
8101,Kandy,Wet,Maha,5.87,0.124,7.7,125.1,1.92,207.9,25.6,120,60,20,273.3,122.1,31.5
8102,Kegalle,Intermediate,Maha,6.34,0.14,6.9,111.9,1.94,109.9,28,120,60,20,280,132,33.5
8103,Vavuniya,Dry,Maha,6.57,0.195,7.4,118.3,0.85,,31.5,100,60,20,213.8,123.3,32.7
8104,Hambantota,Dry,Yala,5.68,0.11,9.8,91.8,0.66,24.4,29.9,120,60,40,243.2,121.4,69
8105,Kandy,Wet,Maha,,0.1,8.3,140.8,1.83,221.7,25.6,120,60,20,272.7,128,31.3
8106,Mannar,Dry,Yala,6.88,0.16,10.9,55.6,0.61,78.6,31.2,100,40,60,220.8,88.6,101.8
8107,Kandy,Wet,Yala,5.44,0.09,8.4,124.1,,215.9,27.8,130,60,20,269.8,122.8,33
8108,Polonnaruwa,Dry,Maha,6.06,0.167,7.2,116.8,,180.5,30.1,100,60,20,217.2,126.7,32.8
8109,Colombo,Wet,Maha,5.02,,11.2,130.9,2.71,339.3,24.5,100,40,20,225.3,85.9,32
8110,Kurunegala,Intermediate,Yala,6.26,0.189,17.1,85.9,1.99,129,29.5,100,20,40,226.2,41.3,62
8111,Monaragala,Intermediate,Maha,5.43,0.181,13.9,56.7,1.29,237.9,26.5,100,40,60,217.4,87.1,105.2
8112,Ampara,Dry,Yala,6.39,,11.7,102.8,0.54,27.5,27.2,100,40,20,211,81.6,32.4
8113,Polonnaruwa,Dry,Maha,5.68,0.074,7,65.4,0.72,217.3,29,130,60,40,302.7,121.5,68.5
8114,Nuwara Eliya,Wet,Yala,5.06,0.054,9.9,72.4,2.63,286,27,130,60,40,289.5,130.8,71.2
8115,Anuradhapura,Dry,Yala,5.82,0.145,14.9,73.2,0.84,64.8,31.2,120,40,40,257.3,83.7,67.4
8116,Kilinochchi,Dry,Yala,7.17,0.13,12,43.5,1.38,22.9,30.1,120,40,60,252.3,81.7,98.5
8117,Kegalle,Intermediate,Maha,6.52,0.136,15.5,87.8,1.47,130.4,29.7,120,20,40,269.9,43,64.4
8118,Nuwara Eliya,Wet,Yala,5.14,,8.1,113.6,1.66,278.4,26.9,100,60,20,209,138.5,35.5
8119,Colombo,Wet,Maha,5.65,0.077,8,148,1.77,242.3,27.5,130,60,20,268.7,134.8,34.2
8120,Hambantota,Dry,Maha,5.8,0.198,13.3,81.3,1.16,244.4,27.4,100,40,40,218.4,91.1,68.4
8121,Nuwara Eliya,Wet,Maha,4.54,0.155,,77.1,2.3,390.8,24.5,100,60,40,210.6,137.7,66
8122,Hambantota,Dry,Maha,,0.174,5.5,47.3,0.6,,29,100,60,60,221.6,139.6,105.2
8123,Badulla,Intermediate,Yala,6.47,0.085,14.4,115.1,1.02,151.5,29.1,130,40,20,266.4,90.4,34.4
8124,Colombo,Wet,Maha,4.6,0.113,9.9,118.9,2.8,372.3,27,120,60,20,267,132.5,32.2
8125,Puttalam,Dry,Maha,5.56,0.187,5.9,78.1,1.46,213.3,27.7,100,60,40,210.3,127.8,67.7
8126,Batticaloa,Dry,Yala,7.46,0.198,6.1,94.6,0.77,35,,100,60,40,201.1,124.2,66
8127,Puttalam,Dry,Maha,5.68,,11.9,,1.07,260.1,29.9,130,40,60,266.8,89.4,92.6
8128,Monaragala,Intermediate,Maha,5.65,0.194,,105.4,1.88,237.1,28.6,100,40,20,231.5,93.5,34.8
8129,Vavuniya,Dry,Yala,6.44,0.194,5.3,111.8,1.19,41,29.5,100,60,20,229.4,129.8,31.4
8130,Ampara,Dry,Yala,6.86,,5.5,102.8,1.02,50.9,27.4,100,60,20,208.7,134.8,33.3
8131,Colombo,Wet,Maha,5.26,0.123,8.1,140.6,1.91,351.1,25.4,120,60,20,271.8,130.3,32.5
8132,Mullaitivu,Dry,Yala,6,0.148,5.5,69.1,0.6,91,30.4,120,60,40,265.1,129.1,65.1
8133,Batticaloa,Dry,Maha,6.49,0.111,5.8,90,0.55,250.7,27.4,120,60,40,279.3,128.6,66.5
8134,Polonnaruwa,Dry,Maha,7.2,0.072,8.5,72.4,0.61,172.9,28.8,130,60,40,277.2,130.5,71.7
8135,Badulla,Intermediate,Maha,5.51,0.087,13.2,96.2,1.81,166.3,28.1,130,40,40,290.3,85.3,65.8
8136,Jaffna,Dry,Yala,,,12.6,91.1,1.09,89.7,31.8,120,40,40,243.8,90.2,63.5
8137,Gampaha,Wet,Yala,5.54,0.153,9.3,126.8,1.78,230.1,26.2,100,60,20,214,137.7,33.9
8138,Jaffna,Dry,Yala,5.87,0.121,6.4,55.9,0.82,49.5,31.4,120,60,60,279.1,137.9,96
8139,Polonnaruwa,Dry,Yala,7.09,0.182,10,91.6,1.36,54.7,29.3,100,40,40,218.7,83.4,62.8
8140,Badulla,Intermediate,Maha,6.62,0.15,10.9,86.7,1.09,149.9,26.8,100,40,40,210.5,92.2,62.2
8141,Vavuniya,Dry,Maha,7.41,0.114,14.6,77.1,1.22,251.4,31.4,120,40,40,246,84.9,61.9
8142,Gampaha,Wet,Yala,5.71,0.088,8.6,89.6,2.56,258.5,25.8,130,60,40,291.2,126.7,66
8143,Matara,Wet,Yala,5.96,0.079,7.4,127.5,3,212.8,27.4,130,60,20,288.7,134.8,32.9
8144,Kandy,Wet,Maha,5.86,,8.1,94.7,2.75,226.3,25.2,100,60,40,213.3,126.6,63.6
8145,Vavuniya,Dry,Maha,5.58,0.081,12.9,57.3,1.01,203.1,30.8,130,40,60,301.7,81.2,104.3
8146,Colombo,Wet,Yala,5.34,0.067,7.9,68.9,2.35,345.6,27.6,130,60,40,262.3,127.9,63
8147,Matara,Wet,Yala,5.51,0.181,8.8,69.2,1.6,233.6,27.4,100,60,40,211,134.7,70.9
8148,Batticaloa,Dry,Maha,6.73,0.105,14.9,97.6,0.81,139.9,29.9,120,40,40,277.4,84.7,67.6
8149,Trincomalee,Dry,Yala,5.69,0.087,,47.7,1.03,81,,130,40,60,275,88.7,92.9
8150,Kilinochchi,Dry,Maha,6.39,0.111,13,96.1,1.27,212.7,27.4,120,40,40,251.2,89.1,71.3
8151,Mullaitivu,Dry,Maha,7,0.135,,82,,144.9,28.2,120,40,40,262.2,90.1,64.8
8152,Nuwara Eliya,Wet,Yala,,0.103,9.6,88.1,1.84,208.3,27,120,60,40,273.6,138.2,66.2
8153,Gampaha,Wet,Maha,4.56,0.119,,76.4,2.1,367.3,26.6,120,60,40,245.4,129.1,64.5
8154,Badulla,Intermediate,Maha,5.83,,13,,1.98,156.4,26.3,120,40,40,278.2,82.6,69
8155,Colombo,Wet,Maha,,0.17,9.4,138.7,1.67,397.9,27.2,100,60,20,227,126.9,33.2
8156,Trincomalee,Dry,Maha,6.91,0.126,7.3,79.5,0.68,152.7,27.7,120,60,40,248.4,129.1,63
8157,Gampaha,Wet,Maha,4.91,0.177,10.3,131.8,1.9,210.3,26.6,100,40,20,224.3,89.8,31.3
8158,Ampara,Dry,Maha,6.7,0.13,6.6,95.4,0.93,145.3,31.1,120,60,40,256.4,120.9,69
8159,Colombo,Wet,Yala,4.96,0.131,10.1,121.3,2.36,279.3,27.9,120,40,20,257.1,84.6,32
8160,Hambantota,Dry,Yala,6.63,,8.2,103.5,0.61,76.5,31.3,100,60,20,226.6,135.9,31.5
8161,Badulla,Intermediate,Yala,6.36,0.104,10.9,70.5,1.09,174,29,120,40,40,279,89.2,66.7
8162,Kandy,Wet,Maha,4.83,0.137,10.1,96.4,2.28,203.7,25.2,120,40,40,246.3,90,69.7
8163,Nuwara Eliya,Wet,Yala,5.84,0.057,5,135.9,2,241.6,24.1,130,60,20,279.2,136.5,32.2
8164,Galle,Wet,Maha,5.08,0.111,11.1,106.2,1.71,206.4,25.9,120,40,20,260.2,90.7,32.2
8165,Monaragala,Intermediate,Yala,6.46,,11.5,123.7,1.26,228.2,28.1,130,40,20,277.4,89.4,35
8166,Kalutara,Wet,Yala,4.69,0.16,,65.9,1.6,323.6,25.7,100,60,40,212.9,129.2,63.2
8167,Polonnaruwa,Dry,Yala,5.83,,10.6,52.2,1.11,22.6,,120,40,60,243.4,93.3,101.8
8168,Anuradhapura,Dry,Yala,5.72,0.183,13.1,59.6,0.69,66.6,30.5,100,40,60,223.5,87.9,106.8
8169,Nuwara Eliya,Wet,Yala,4.89,0.089,8.3,116.1,1.81,228.2,24.7,130,60,20,279.9,124.6,35
8170,Kegalle,Intermediate,Yala,6.46,0.154,,54.3,,224.4,28.6,100,40,60,207.4,84.3,93.4
8171,Ampara,Dry,Maha,7.18,0.105,14.9,113.1,0.83,171.1,30.1,120,40,20,273.3,89.5,32.4
8172,Mannar,Dry,Yala,6.83,0.096,6.1,40.5,0.92,79.8,28.1,130,60,60,295.4,138.7,94.6
8173,Vavuniya,Dry,Maha,6.82,0.147,7.1,88,1.17,234.3,31.7,120,60,40,260.4,124.1,71.2
8174,Colombo,Wet,Maha,5.28,,10.2,95.3,1.85,346.7,25.4,100,40,40,210.8,81.5,71.6
8175,Kandy,Wet,Yala,5.3,0.188,7.5,141.4,1.97,390.8,27.3,100,60,20,221.9,137.9,32
8176,Colombo,Wet,Maha,5.24,0.117,11.9,126.6,1.85,213.5,,120,40,20,252.6,92.4,34.1
8177,Galle,Wet,Yala,5.45,0.176,6.8,132.4,2.43,274.8,24.8,100,60,20,208.8,126,35
8178,Jaffna,Dry,Yala,7.04,0.117,7.9,74.1,0.82,33.8,31.9,120,60,40,269.9,128,64
8179,Badulla,Intermediate,Yala,5.47,0.107,9.5,92.7,1.77,221.4,29.4,120,60,40,242.9,133.5,63.6
8180,Mullaitivu,Dry,Yala,,0.104,7.4,97.9,1.05,43.8,27.6,120,60,40,245,127.1,61.8
8181,Hambantota,Dry,Maha,6.01,0.097,6.8,110.3,0.91,264.7,28.3,130,60,20,261.7,137.8,32.9
8182,Monaragala,Intermediate,Yala,,0.187,13.2,51.8,1.73,121.2,28.4,100,40,60,206.1,81.9,106
8183,Galle,Wet,Yala,5.16,0.068,10.9,117.5,2.44,379.7,25.2,130,40,20,264.3,81,35.3
8184,Kegalle,Intermediate,Yala,6.79,0.169,,120.2,,124.4,26.1,100,60,20,233.6,124.7,31.4
8185,Anuradhapura,Dry,Yala,6.24,0.152,5.3,103.3,1.31,61.1,28.1,100,60,20,210.5,126.2,31.8
8186,Batticaloa,Dry,Yala,6.09,0.057,12.8,62.9,0.67,83.9,27.6,130,40,40,267.7,81.9,65.8
8187,Kandy,Wet,Maha,4.78,0.104,9.7,74.6,2.93,389.9,26.3,120,60,40,250.8,121.9,69.5
8188,Vavuniya,Dry,Yala,6.97,0.187,12.3,91.6,1.47,40.3,30,100,40,40,231.6,90.3,67.8
8189,Nuwara Eliya,Wet,Maha,4.65,0.102,7.4,142.2,2.54,346,24.4,120,60,20,261.7,123.8,33.4
8190,Gampaha,Wet,Maha,5.34,0.157,9.3,107.8,1.75,272.6,24.4,100,60,20,213,138.5,33.8
8191,Anuradhapura,Dry,Maha,6.34,0.147,12.9,106.3,0.84,257.7,28.6,120,40,20,275.5,85.3,31.3
8192,Gampaha,Wet,Maha,4.56,0.134,8.4,118.5,1.54,201.8,26.2,120,60,20,256.8,133.7,33.2
8193,Polonnaruwa,Dry,Maha,6.09,0.112,5.8,91.6,1.32,291.5,30.3,120,60,40,254.4,125,71.6
8194,Galle,Wet,Yala,5.07,0.141,9.9,107.1,1.85,366.2,26,120,60,20,249.4,125.3,31.2
8195,Polonnaruwa,Dry,Yala,6.04,0.052,7.1,86.1,1.36,27.6,29.1,130,60,40,277.4,131.9,66.9
8196,Badulla,Intermediate,Maha,6.38,,13.6,65.8,1.4,245.9,28.1,130,40,40,274.8,87.8,64.7
8197,Jaffna,Dry,Maha,6.98,0.065,10.7,94.9,0.63,157.1,,130,40,40,290.1,90.5,67.1
8198,Ratnapura,Wet,Yala,4.62,0.065,5,112.7,1.52,387.8,27.2,130,60,20,273.7,135.4,33.7
8199,Matara,Wet,Maha,4.6,0.18,5.8,98.5,2.43,381.8,27.1,100,60,40,219.9,133.7,67.5
8200,Mannar,Dry,Maha,7,0.125,6.2,88.8,1.29,214.9,31.6,120,60,40,243.9,129.4,70.2
8201,Kilinochchi,Dry,Yala,5.72,0.178,8.3,106.7,1.14,67,30.9,100,60,20,207.3,138,32.7
8202,Ampara,Dry,Maha,6.11,0.08,5.8,60.5,,217.8,31.2,130,60,40,278.7,132.8,66.9
8203,Ratnapura,Wet,Yala,4.82,0.109,8.3,132.7,2.26,278.9,24.6,120,60,20,278,140,30.9
8204,Anuradhapura,Dry,Maha,5.55,,,97.4,0.52,180,,120,60,40,256.1,136.6,69.6
8205,Gampaha,Wet,Maha,4.7,0.116,7.9,120.6,2.7,311.8,27,120,60,20,267.3,121.5,32.1
8206,Nuwara Eliya,Wet,Yala,,0.114,11.3,145.9,1.52,259,26.9,120,40,20,251.3,84.7,34.9
8207,Jaffna,Dry,Maha,6.38,0.114,9.5,61.3,0.52,123.1,29.4,120,60,40,246.3,131.8,64.4
8208,Puttalam,Dry,Yala,7.44,0.169,5.5,86.5,1.14,61.5,29.1,100,60,40,203,134.7,61.8
8209,Kilinochchi,Dry,Maha,5.98,0.139,10.5,109.5,1.35,255.9,29.2,120,40,20,253.3,87.7,31.6
8210,Kurunegala,Intermediate,Yala,6.37,0.171,10.8,50.4,1.37,146.6,28.9,100,40,60,206.2,90.7,107.3
8211,Batticaloa,Dry,Maha,6.16,0.194,5.8,73.9,0.65,157.1,31.6,100,60,40,206.8,126.1,64.9
8212,Matara,Wet,Maha,5.29,0.058,10.4,106.1,1.67,386.3,27.4,130,40,20,293.7,82.9,31.3
8213,Matara,Wet,Maha,5.19,0.107,7.5,97.5,2.43,305.3,26.8,120,60,40,242,121.7,62.9
8214,Puttalam,Dry,Maha,6.81,0.078,10.3,41.7,0.98,218.9,27.6,130,40,60,285.1,88,97.2
8215,Galle,Wet,Maha,4.55,0.189,9.1,62,2.35,336.1,27.1,100,60,40,213.5,134.1,62.1
8216,Ratnapura,Wet,Maha,4.7,0.085,5.4,102.7,1.63,332.6,27.9,130,60,20,282.9,127,33.4
8217,Hambantota,Dry,Maha,5.71,0.071,13.4,52.7,0.55,175.7,31.3,130,40,60,285.3,88.5,95.7
8218,Kandy,Wet,Maha,5.81,0.184,9.2,86.4,2.87,,26.9,100,60,40,211.3,121.6,66.9
8219,Gampaha,Wet,Maha,5.63,0.114,10.5,66.9,2.74,376.6,26,120,40,40,252.9,81.8,63.1
8220,Batticaloa,Dry,Yala,7.4,0.176,10,116.5,0.67,36.3,31.2,100,40,20,225,89.6,32.9
8221,Jaffna,Dry,Yala,6.65,0.198,9.3,92.9,1.34,57.6,29.5,100,60,40,229.5,127.8,67.7
8222,Batticaloa,Dry,Maha,6.5,0.177,13.9,80.8,0.8,159.2,28.4,100,40,40,207.4,89.2,62.3
8223,Puttalam,Dry,Yala,6.88,0.095,7.4,45.6,0.53,61.3,27.8,130,60,60,265.5,136.9,98.5
8224,Kilinochchi,Dry,Maha,6.48,0.16,8.9,58.1,0.67,247.3,29.1,100,60,60,230.4,137.3,97
8225,Kilinochchi,Dry,Maha,7.32,0.192,5.9,105.9,0.6,263,27.3,100,60,20,212.5,124,32
8226,Matale,Intermediate,Maha,6.22,0.052,12.9,100.3,1.93,,26.2,130,40,20,284.8,86.8,33.8
8227,Ratnapura,Wet,Maha,5.43,0.19,6,72.5,2.87,241.6,26.7,100,60,40,212.8,135,67.6
8228,Hambantota,Dry,Yala,6.36,0.197,11.4,110.7,1.24,50.9,32,100,40,20,205.2,90.6,34
8229,Mannar,Dry,Maha,6.15,0.126,13.1,74,0.61,221.5,28.4,120,40,40,264.4,90.7,63.3
8230,Kegalle,Intermediate,Yala,5.67,0.198,18.6,58.3,1.04,194,26.8,100,20,60,218.2,41.7,96.8
8231,Trincomalee,Dry,Yala,,0.179,6.3,81.9,0.5,72.4,28.9,100,60,40,207.7,124.4,63.8
8232,Mullaitivu,Dry,Yala,7.02,0.101,7.6,92.8,0.74,33.4,28.7,120,60,40,259,132.2,67.1
8233,Nuwara Eliya,Wet,Maha,5.17,0.149,5,98.5,,335.1,27.6,120,60,40,272.5,135.1,66.3
8234,Matale,Intermediate,Maha,5.3,0.062,15.3,,1.68,130.4,28.1,130,20,40,286.4,42.3,65
8235,Kilinochchi,Dry,Maha,7.33,0.08,9.5,50,1.39,236.4,32,130,60,60,265.5,122.7,104.3
8236,Kalutara,Wet,Yala,,0.162,10.1,112.4,2.5,252.3,24.3,100,40,20,219,89.8,31.3
8237,Mullaitivu,Dry,Maha,,0.071,10.1,89.1,1.2,266.9,30,130,40,40,291.2,84.4,71.5
8238,Monaragala,Intermediate,Yala,6,0.172,11.2,81.2,1.73,164.2,26.4,100,40,40,226.9,82.6,62.9
8239,Mannar,Dry,Maha,7,0.167,14.8,43.2,1.43,261.3,30.2,100,40,60,221.6,82.4,104.1
8240,Ratnapura,Wet,Maha,4.64,0.054,6.1,105.1,1.88,201.9,25.7,130,60,20,267.9,126.8,32.6
8241,Hambantota,Dry,Maha,6.65,0.171,14.5,65.7,0.53,296.3,30.9,100,40,40,224.3,88.2,70.4
8242,Kegalle,Intermediate,Maha,6.76,0.083,,62,1.73,112.4,29.9,130,60,40,290.1,127.6,62.4
8243,Hambantota,Dry,Maha,7.25,0.134,8,77.2,1.11,157,28.6,120,60,40,242.3,121,65.4
8244,Mannar,Dry,Maha,6.47,0.102,12.8,,0.89,147.8,,120,40,60,257.4,81.7,97.5
8245,Mannar,Dry,Maha,5.71,0.054,12.9,59.6,1.45,261.3,27.9,130,40,60,275.5,84.3,107.4
8246,Kurunegala,Intermediate,Yala,5.38,0.178,10.4,119.7,1.71,174,27.3,100,40,20,222.9,89.1,35.7
8247,Colombo,Wet,Yala,4.74,0.145,5.5,106.7,1.96,228.1,26.1,120,60,20,249.8,122.5,31.8
8248,Ratnapura,Wet,Yala,4.61,0.166,6.4,69.1,2.06,,27,100,60,40,220.4,131.6,68
8249,Anuradhapura,Dry,Maha,6.81,0.11,8.7,73.5,0.72,214.8,31.7,120,60,40,277.1,123,67.1
8250,Kegalle,Intermediate,Yala,5.83,0.184,14.4,59.7,1.61,176.7,29.5,100,40,60,227.1,83.2,94.8
8251,Gampaha,Wet,Maha,5.27,0.092,9.1,140.5,1.96,,26.7,130,60,20,300.5,124,31.6
8252,Gampaha,Wet,Yala,5.14,0.166,12,112.1,,229.6,25.9,100,40,20,233,81.4,35.7
8253,Gampaha,Wet,Yala,4.92,0.151,7,96.6,2.48,311.4,26.9,100,60,40,201.4,133.8,66.2
8254,Ratnapura,Wet,Maha,4.6,,,75.7,,,24.4,100,40,40,221.4,86.5,63
8255,Monaragala,Intermediate,Maha,6.36,0.109,12.1,83.7,1.83,101.7,28.7,120,40,40,257.5,91.3,63.8
8256,Anuradhapura,Dry,Yala,7.48,0.072,8.8,56.3,1.01,,30.1,130,60,60,297.9,122.6,96.5
8257,Gampaha,Wet,Maha,4.95,0.084,8.9,148.5,2.19,268.7,27,130,60,20,272.1,123.5,33.4
8258,Kurunegala,Intermediate,Maha,6.38,0.185,7.8,104.4,1.07,188.4,29.7,100,60,20,233.1,126.6,32.5
8259,Mannar,Dry,Maha,6.52,0.107,11.9,69.6,0.87,151.1,27,120,40,40,265.3,90.5,66.2
8260,Monaragala,Intermediate,Maha,5.63,0.113,12.1,107.5,1.93,167.8,26.2,120,40,20,272.4,84.5,31.6
8261,Kilinochchi,Dry,Yala,5.6,,10.5,71.8,0.53,39.5,27,120,40,40,244.7,85.8,65
8262,Kegalle,Intermediate,Maha,5.93,0.178,6.8,97.3,1.95,119.3,27.8,100,60,40,207.1,126.5,62.4
8263,Kegalle,Intermediate,Yala,6.74,0.09,17.9,69,1.95,165,28,130,20,40,293.6,40.8,70.6
8264,Galle,Wet,Maha,,0.079,5,,1.51,318.6,24.9,130,60,40,262.3,139,63.7
8265,Kilinochchi,Dry,Yala,5.55,0.138,8.7,62.2,1.08,81.9,30.5,120,60,40,273.3,131.3,69.3
8266,Kegalle,Intermediate,Yala,5.99,0.144,5.4,54.3,1.6,170.4,29.4,120,60,60,241.9,136,97.7
8267,Jaffna,Dry,Maha,5.73,,7.7,58,1.5,231.1,30.7,120,60,60,267,133.5,99.6
8268,Matale,Intermediate,Yala,5.41,0.088,9.5,104.3,1.3,142.2,27.8,130,60,20,276.9,130.7,32.3
8269,Trincomalee,Dry,Yala,6.46,,6.3,59.8,1.05,63.5,31.8,100,60,60,221,122.4,102.9
8270,Monaragala,Intermediate,Maha,6.09,0.071,5.2,61.3,1.09,247.7,29.5,130,60,40,290.9,133.2,70.1
8271,Polonnaruwa,Dry,Yala,6.62,0.077,5.3,116,1.38,93.2,27.7,130,60,20,275.9,123.7,32.2
8272,Kandy,Wet,Yala,5.44,0.187,6.2,86.6,2.27,268.9,27.1,100,60,40,204.6,128.7,64.1
8273,Gampaha,Wet,Maha,4.86,0.081,5.7,99.7,2.24,378.6,25.4,130,60,40,264.4,132.9,68.5
8274,Batticaloa,Dry,Maha,7.04,0.061,9.3,96,0.54,221.4,27.5,130,60,40,286.4,135.9,63.7
8275,Kilinochchi,Dry,Maha,5.58,0.164,12.6,113,1.29,264.1,27.8,100,40,20,218.1,89.4,34
8276,Jaffna,Dry,Maha,7.42,0.195,,105.5,1.21,268.1,27.7,100,40,20,225.3,89.2,31.3
8277,Trincomalee,Dry,Yala,7.23,0.126,10.2,110.8,1.01,59.2,30.6,120,40,20,261.3,82.4,33.9
8278,Matale,Intermediate,Maha,5.36,0.098,12.9,94.3,1.91,106,26,130,40,40,279.3,85,66.8
8279,Matara,Wet,Maha,5.95,0.164,8.8,64.6,1.55,255.6,25.9,100,60,40,214.1,121.5,62.8
8280,Batticaloa,Dry,Yala,,0.118,14.3,66,0.58,33.1,28.5,120,40,40,242.4,89.9,68.2
8281,Mannar,Dry,Yala,5.79,0.089,12.5,69.8,1.05,26,27.3,130,40,40,275.6,92.9,66.2
8282,Matale,Intermediate,Yala,5.59,0.067,10.6,60.8,1.96,130.1,28.1,130,40,40,302.8,83.9,63.9
8283,Puttalam,Dry,Yala,6.88,0.185,13.5,42,1.17,47.6,29.2,100,40,60,229.6,81.6,97.8
8284,Puttalam,Dry,Yala,7.36,0.086,7.9,97,0.95,41.4,27.7,130,60,40,275.4,129.9,66.6
8285,Kegalle,Intermediate,Yala,6.42,0.179,19.1,64.7,1.77,182,28.8,100,20,40,220.3,45.8,62.6
8286,Nuwara Eliya,Wet,Maha,5.42,0.092,6.9,95.4,1.83,385.4,26.5,130,60,40,297.3,131.4,71.3
8287,Monaragala,Intermediate,Maha,5.95,,10.8,99.2,1.15,174.4,26.3,100,40,40,215.5,81.1,68.4
8288,Galle,Wet,Maha,4.67,0.135,5.7,95.4,2.12,217,24.5,120,60,40,242,139.7,62.7
8289,Matale,Intermediate,Maha,6.25,0.075,17.9,120.2,1.39,185.1,,130,20,20,264.6,45.6,34.9
8290,Vavuniya,Dry,Maha,7.07,0.14,6.2,77.5,0.81,129.1,31.4,120,60,40,261.3,123.2,64.9
8291,Monaragala,Intermediate,Maha,,0.057,19.2,,1.49,163.3,28.7,130,20,60,302.5,46.3,101.5
8292,Ratnapura,Wet,Maha,5.72,0.169,5.6,93.7,2.57,322.1,26.8,100,60,40,223.7,129.4,64.5
8293,Trincomalee,Dry,Maha,6.67,0.059,12.1,108.6,1.4,277.9,29.3,130,40,20,264.4,85.3,34.5
8294,Puttalam,Dry,Yala,7.18,0.161,14.2,109.9,1.34,55.2,29.3,100,40,20,207.3,86.5,34.4
8295,Matale,Intermediate,Yala,6.56,0.171,15.9,115.1,1.13,196.3,27.8,100,20,20,226.2,45.7,33.6
8296,Polonnaruwa,Dry,Yala,6.47,0.082,7.2,65.4,1.44,90.3,,130,60,40,297.1,133.5,64.1
8297,Anuradhapura,Dry,Yala,5.77,0.062,13.5,63.2,0.69,86.9,27.8,130,40,40,287.6,81.2,64.2
8298,Kurunegala,Intermediate,Maha,5.25,0.093,8.4,68.8,1.78,173.1,29.4,130,60,40,288.7,139.4,65.5
8299,Galle,Wet,Yala,5.97,0.19,5.4,111.8,1.9,251,25.6,100,60,20,202,123.5,31.5
8300,Trincomalee,Dry,Yala,5.9,0.163,5.5,52.3,1.47,77.9,27.7,100,60,60,228.1,135.2,97.6
8301,Badulla,Intermediate,Yala,6.01,0.165,7.8,74.4,1.17,185.7,26,100,60,40,226.8,133.1,68.5
8302,Vavuniya,Dry,Yala,6.89,0.118,9.4,54.9,0.81,95,28.1,120,60,60,251.5,124.3,105
8303,Mullaitivu,Dry,Yala,6.61,0.111,9.6,114.2,1.19,85.9,29.3,120,60,20,269.1,124,32.5
8304,Batticaloa,Dry,Maha,6.4,0.191,9.8,73,0.9,196.5,28.4,100,60,40,208.1,137.6,64
8305,Ampara,Dry,Maha,6.41,0.13,9.4,89,0.73,269.4,30,120,60,40,242.9,128.8,70
8306,Hambantota,Dry,Maha,7.34,0.067,7,88.1,0.66,274,28.2,130,60,40,269.9,133.4,70.6
8307,Kurunegala,Intermediate,Yala,5.89,0.147,11.7,96.3,1.08,158.4,29.5,120,40,40,248.3,87.1,65.8
8308,Trincomalee,Dry,Maha,6.48,0.123,,44.8,1.3,123.8,32,120,40,60,254.6,90,92.9
8309,Mannar,Dry,Maha,5.9,0.102,7.3,86,1.09,163.2,27.3,120,60,40,257.7,130,68.7
8310,Trincomalee,Dry,Yala,6.2,0.127,6.4,92,0.77,75.5,31,120,60,40,261.2,126.2,69.5
8311,Gampaha,Wet,Maha,4.94,0.057,8.5,87.9,1.63,,26.9,130,60,40,281.6,127.7,61.9
8312,Vavuniya,Dry,Maha,6.49,0.096,9,59.2,0.61,213.3,27.4,130,60,60,272.9,137.4,101.4
8313,Kilinochchi,Dry,Yala,6.32,0.095,9.3,44.4,0.86,45.5,28.6,130,60,60,262.6,129.8,101.3
8314,Ratnapura,Wet,Maha,5.63,0.118,11,112.8,2.24,214.6,27.6,120,40,20,265,83.3,32.7
8315,Vavuniya,Dry,Maha,6.88,0.085,6,68.9,1.35,251.3,30.1,130,60,40,278.2,138.9,69.2
8316,Matale,Intermediate,Yala,5.81,0.076,10.4,89.2,1.57,130.1,27.7,130,40,40,274.1,90.9,66
8317,Ratnapura,Wet,Maha,5.43,0.186,10.5,76.7,,351.8,27.1,100,40,40,229.4,81.2,68.5
8318,Trincomalee,Dry,Yala,6.57,0.124,10.7,51.3,0.87,96.2,28.9,120,40,60,270.6,93.5,100.3
8319,Colombo,Wet,Maha,,0.154,7.3,103.6,1.89,216.2,27.7,100,60,20,229.1,134.2,32
8320,Batticaloa,Dry,Maha,5.62,0.16,13.9,102.6,1.02,176.7,28,100,40,20,217.2,82.6,33.8
8321,Anuradhapura,Dry,Maha,7.3,0.118,11.5,49.6,0.97,127.8,,120,40,60,246.5,83.6,103.6
8322,Kandy,Wet,Maha,5.4,0.104,10.1,105,1.98,246.8,24.6,120,40,20,268.6,89.5,35.7
8323,Monaragala,Intermediate,Yala,5.46,0.135,6.6,116.7,1.89,202.8,29.2,120,60,20,249.4,135.9,32.7
8324,Colombo,Wet,Maha,4.98,0.125,10.2,71.9,1.51,348.9,27.4,120,40,40,258.6,83.6,62.3
8325,Kilinochchi,Dry,Maha,6.71,0.123,14.6,77,1.38,234,27.9,120,40,40,243.9,83.8,71.6
8326,Monaragala,Intermediate,Maha,6.27,0.198,5.7,101.5,1.76,155.7,27.8,100,60,20,228,126.6,33.9
8327,Galle,Wet,Maha,4.68,0.08,5.4,99.8,2.45,359.1,24.9,130,60,40,266.7,132.3,71.2
8328,Ampara,Dry,Maha,5.64,0.068,9.2,76,1.42,283.1,27.5,130,60,40,299.7,124,62.7
8329,Polonnaruwa,Dry,Yala,7.36,0.179,14.6,92.2,1.07,,30.8,100,40,40,229.3,81.8,65.1
8330,Matale,Intermediate,Maha,5.89,0.061,5.2,105.6,1.96,246.5,26.1,130,60,20,281.1,133.9,31.5
8331,Ampara,Dry,Maha,7.3,0.189,8.6,101,0.94,,27.2,100,60,20,225.4,135.9,35
8332,Colombo,Wet,Maha,5.89,0.107,8.5,86.4,2.73,273.4,27.1,120,60,40,265.6,130.4,70.5
8333,Kalutara,Wet,Yala,4.56,,8.2,123.3,1.75,269.3,25.9,130,60,20,295.4,127.7,33.3
8334,Matara,Wet,Maha,6,0.061,11.8,119.8,2.41,233.3,25.1,130,40,20,279.7,86.1,31.7
8335,Ampara,Dry,Yala,5.85,0.198,14.5,,1.16,68.7,31.7,100,40,60,226.7,85.5,94.4
8336,Nuwara Eliya,Wet,Maha,4.96,0.104,11.4,96.7,1.56,227.3,24,120,40,40,259.4,93,67.6
8337,Kurunegala,Intermediate,Maha,5.72,0.058,19,99.4,1.82,117.9,29.7,130,20,40,301.3,45.2,66.8
8338,Nuwara Eliya,Wet,Maha,4.83,0.157,5.7,111.6,,263.9,26.6,100,60,20,217,124.7,34.3
8339,Mullaitivu,Dry,Maha,6.87,0.105,9.4,93.8,1.26,212.1,30.9,120,60,40,259.4,128.1,64.8
8340,Anuradhapura,Dry,Yala,6.4,0.115,15,94.1,1.11,91.6,28.1,120,20,40,272.1,43.8,65.7
8341,Vavuniya,Dry,Maha,5.61,0.156,14.1,53.9,1.01,197.9,30.5,100,40,60,227.9,88.5,92.8
8342,Kegalle,Intermediate,Yala,5.46,0.059,14.2,80.8,1.31,193.2,26.7,130,40,40,284.9,86.6,67.8
8343,Puttalam,Dry,Yala,5.96,0.109,5.8,101.9,1.47,54.3,30.2,120,60,20,248.4,136.5,32.9
8344,Galle,Wet,Yala,4.5,0.12,11.6,109.9,2.22,276.3,26.2,120,40,20,259.6,90.5,35.4
8345,Matale,Intermediate,Yala,5.62,0.066,12.2,114,1.86,187.4,27.2,130,40,20,302.4,87.1,34
8346,Polonnaruwa,Dry,Maha,7.08,0.191,,84.2,1.34,169.3,28.7,100,60,40,225.6,137.3,65.7
8347,Mannar,Dry,Maha,6.15,0.088,10.1,80,,171.7,30,130,40,40,295.8,90.3,64.3
8348,Mannar,Dry,Maha,7.14,0.079,6.8,40.1,0.75,216.8,30.2,130,60,60,262.8,135.8,106.1
8349,Vavuniya,Dry,Yala,5.54,0.123,9.4,85.5,0.98,73.9,30.4,120,60,40,259.6,139.3,61.9
8350,Matale,Intermediate,Maha,6.08,0.115,16.5,68.2,1.04,188.4,28.1,120,20,40,266.6,42,65
8351,Matara,Wet,Yala,5.47,0.122,7.6,63.3,2.42,347.1,25.7,120,60,40,273.8,125.9,71.1
8352,Vavuniya,Dry,Maha,6.51,0.191,5.2,52.4,0.86,,28,100,60,60,202.7,138,102.3
8353,Kilinochchi,Dry,Maha,7.13,0.064,5.7,98.9,1.4,191.8,29.8,130,60,40,297.5,135.7,67
8354,Anuradhapura,Dry,Maha,6.3,0.119,14.5,90.8,1.48,270.3,31.3,120,40,40,262.8,92.6,63.7
8355,Kegalle,Intermediate,Maha,6.58,0.104,19.5,89.7,1.73,236.3,27.6,120,20,40,249.1,40.6,70
8356,Puttalam,Dry,Maha,6.64,0.07,11.9,109.9,0.8,235.9,,130,40,20,274.9,88.7,31.8
8357,Anuradhapura,Dry,Maha,6.63,0.101,13.5,81.4,0.6,174.9,31,120,40,40,252.4,82.4,64.2
8358,Hambantota,Dry,Maha,7.32,0.122,12.5,52.4,1.01,200.8,30.5,120,40,60,262.1,87.1,95.4
8359,Gampaha,Wet,Maha,5.63,0.095,5.2,111.9,2.22,351.3,26.7,130,60,20,263.6,123.7,31.6
8360,Puttalam,Dry,Yala,5.73,,10.5,55.5,1.41,87.3,30.4,100,40,60,206.3,82.1,106.8
8361,Monaragala,Intermediate,Maha,5.45,,9,,1.99,187.4,27.9,130,60,40,295.9,120.9,67.7
8362,Jaffna,Dry,Maha,6.35,0.15,14.6,72.3,1.41,274.5,,100,40,40,205.4,88.7,68.1
8363,Polonnaruwa,Dry,Yala,6.31,0.14,14.4,94.8,0.94,30.4,30.1,120,40,40,250.5,85.2,71.2
8364,Kegalle,Intermediate,Yala,6.05,0.126,16.9,82.4,1.9,236.4,27.4,120,20,40,259.1,40.9,64
8365,Jaffna,Dry,Maha,6.27,0.096,14.4,62.6,1.35,258.6,29.2,130,40,40,283.3,84.7,61.8
8366,Matale,Intermediate,Yala,6.45,0.135,18.2,97.4,1.91,245,27.7,120,20,40,271.2,41.3,67.7
8367,Jaffna,Dry,Maha,6.91,0.059,10.6,65.2,1.22,,28.4,130,40,40,280.4,92.8,66.8
8368,Batticaloa,Dry,Yala,7.39,0.139,12.9,116.3,0.92,61.8,28.6,120,40,20,272.2,84.7,33.2
8369,Gampaha,Wet,Yala,4.94,0.138,10.7,103.7,1.94,225.7,25.3,120,40,20,265.5,84.8,31.1
8370,Batticaloa,Dry,Yala,6.19,0.111,7.5,82.4,1.34,43.3,29,120,60,40,245.8,137,66.2
8371,Polonnaruwa,Dry,Maha,6.84,,11.6,74.7,0.85,144.7,28.5,130,40,40,268,88.9,64.6
8372,Hambantota,Dry,Yala,7.07,,14.8,83.6,1.29,87.5,28.5,100,40,40,215.3,89.7,64.4
8373,Mannar,Dry,Yala,7.16,0.178,14.9,46.8,1.36,33.6,28.2,100,40,60,214,88.8,95.8
8374,Kegalle,Intermediate,Yala,5.47,0.089,11.7,71.7,1.17,219.5,28,130,40,40,292.9,92.8,65
8375,Hambantota,Dry,Maha,6.87,0.198,10.1,49.3,0.94,139,28.6,100,40,60,220,83.2,97.8
8376,Kegalle,Intermediate,Maha,5.85,0.101,11.9,50.7,,145.6,29.2,120,40,60,256.5,93.4,97.1
8377,Trincomalee,Dry,Maha,7.07,0.104,13.4,106,1.35,139.4,,120,40,20,248,91.3,35.7
8378,Ratnapura,Wet,Yala,4.71,0.077,7.7,69.9,2.18,,26.6,130,60,40,271,132.1,71
8379,Kilinochchi,Dry,Maha,6.11,0.116,11.1,109.4,1.22,213.4,30,120,40,20,263.9,89.1,33.7
8380,Kalutara,Wet,Maha,5.7,0.141,5.2,61.6,,,26.2,120,60,40,257.9,133.3,71.5
8381,Mullaitivu,Dry,Yala,6.67,0.171,6,46.3,,31.8,28.6,100,60,60,217.9,121.8,107.4
8382,Anuradhapura,Dry,Yala,5.55,0.183,5.6,51.1,0.74,94.7,29.5,100,60,60,206.7,124.9,97.8
8383,Galle,Wet,Maha,5.36,0.124,8.3,109.7,1.73,,26.5,120,60,20,267.3,139.4,33
8384,Trincomalee,Dry,Maha,5.6,0.101,11.5,92.2,0.84,186.1,30.5,120,40,40,274.7,87.4,71.3
8385,Kurunegala,Intermediate,Maha,5.59,0.079,9.6,68.1,1.21,161.4,29.3,130,60,40,272.3,128,67.8
8386,Kurunegala,Intermediate,Yala,5.63,0.13,6.6,118.3,,159.6,28.4,120,60,20,260.6,135.5,31.9
8387,Colombo,Wet,Yala,,0.075,11,,2.07,252.6,27.9,130,40,40,302.8,87.3,68.6
8388,Jaffna,Dry,Yala,7.11,0.107,11.8,42.5,1.09,44.6,27.7,120,40,60,254.4,80.6,95.6
8389,Matara,Wet,Maha,5.27,0.103,9.7,75.7,2.65,339,26.3,120,60,40,264.6,135,65.1
8390,Trincomalee,Dry,Maha,,0.114,6,113.1,1.27,284.1,27.9,120,60,20,244.9,134.9,31.9
8391,Mullaitivu,Dry,Maha,,,8.8,93.3,1.29,218.9,31.7,130,60,40,287.1,123.9,64.1
8392,Kilinochchi,Dry,Yala,6.26,0.152,10.3,62.3,0.66,28.7,29,100,40,40,204,93,61.7
8393,Matale,Intermediate,Maha,,0.171,5.8,87.4,1.21,233.3,27.6,100,60,40,232.4,125,70.5
8394,Anuradhapura,Dry,Maha,6.41,0.06,7.7,95.3,0.76,279.7,30.7,130,60,40,291.7,129.6,64.7
8395,Ratnapura,Wet,Yala,4.73,0.077,10.6,101.6,1.98,323.7,27.7,130,40,20,294.8,82,31.2
8396,Kilinochchi,Dry,Maha,,0.135,14.9,,0.53,182.4,27.7,120,40,60,268.9,88.3,93.8
8397,Anuradhapura,Dry,Maha,5.64,0.167,12.3,75.3,0.8,191.2,29.2,100,40,40,220.3,85.4,67.3
8398,Gampaha,Wet,Maha,5.28,0.176,11.2,106.1,1.92,226.7,24.3,100,40,20,215.8,85.1,35.8
8399,Badulla,Intermediate,Yala,6.64,0.166,14,,1.08,112.4,28.1,100,40,20,229.1,91.3,31.5
8400,Kegalle,Intermediate,Yala,5.89,,10.8,50.8,1.38,197.5,29.4,130,40,60,302,80.6,94
8401,Nuwara Eliya,Wet,Yala,,0.098,7.7,72.3,1.74,392.3,27.9,130,60,40,282.6,136.2,66.1
8402,Kurunegala,Intermediate,Yala,5.82,0.141,15.4,109.7,1.32,140.4,28.9,120,20,20,277.8,44,33.6
8403,Ampara,Dry,Maha,7.36,0.14,5.8,88.7,0.78,219.6,27.9,120,60,40,264.2,139.9,64.6
8404,Trincomalee,Dry,Yala,6.33,0.187,11.9,107,0.89,72.6,29.2,100,40,20,218.7,88.2,32.3
8405,Batticaloa,Dry,Yala,6.28,0.07,8.6,58.5,1.1,25.1,28,130,60,60,280.7,121.7,98.9
8406,Badulla,Intermediate,Maha,6.51,0.053,14.4,96,1.09,100.1,27.2,130,40,40,270.3,81.1,64.8
8407,Anuradhapura,Dry,Maha,7.27,0.154,5.2,116.6,1.35,155.3,30.3,100,60,20,201.2,137.9,35.4
8408,Jaffna,Dry,Yala,5.55,0.072,6.4,77.9,0.79,26.2,30.8,130,60,40,271.6,137.1,62.1
8409,Kilinochchi,Dry,Maha,7.31,0.172,5.4,119.6,1.34,266.7,29.6,100,60,20,217.7,127.4,32
8410,Trincomalee,Dry,Maha,5.77,0.111,7.3,57.6,1.44,209.7,27.2,120,60,60,256.2,132.7,104.6
8411,Vavuniya,Dry,Maha,6.27,0.161,13.6,103.7,1.16,175.8,28.7,100,40,20,215.7,86.9,35
8412,Vavuniya,Dry,Yala,,0.164,12.4,96.1,0.66,45.2,29.6,100,40,40,233.1,93.1,62.8
8413,Polonnaruwa,Dry,Yala,5.79,0.188,13.7,96.6,,46.2,27.3,100,40,40,212.5,92.9,71.4
8414,Kurunegala,Intermediate,Yala,5.49,0.113,7,,1.75,201.7,26.1,120,60,20,259,139.9,34.3
8415,Trincomalee,Dry,Yala,,0.097,13.7,93,1.16,96,30.4,130,40,40,267.1,91.8,64.4
8416,Badulla,Intermediate,Maha,5.91,0.067,13.4,87.4,1.3,107.4,27,130,40,40,263.4,92.3,66.3
8417,Kandy,Wet,Yala,4.61,,9.1,136.3,1.83,270.4,28,120,60,20,271.7,124.9,32.3
8418,Mullaitivu,Dry,Yala,6.39,0.197,8.6,77.2,0.62,30.1,28.6,100,60,40,219.7,136.9,63.2
8419,Trincomalee,Dry,Yala,5.95,0.162,7.9,102,1.25,79.9,31.4,100,60,20,225.9,134.5,32.3
8420,Mullaitivu,Dry,Maha,6.19,0.102,7.6,119,1.33,140.7,28.1,120,60,20,247.2,139.5,33.7
8421,Trincomalee,Dry,Yala,6.32,0.167,7.3,71.1,0.51,30.5,29.8,100,60,40,219.7,131.8,70
8422,Kegalle,Intermediate,Maha,6.77,0.071,11.7,61.2,,184.7,26.5,130,40,40,272.2,81.6,65.3
8423,Mannar,Dry,Maha,6.34,0.05,9.2,88.2,0.64,238.1,28,130,60,40,271.1,132.3,65.2
8424,Ampara,Dry,Maha,7.21,0.075,14.4,53.3,1.32,272.3,27.1,130,40,60,261.9,89.4,99.5
8425,Batticaloa,Dry,Maha,,0.161,7.3,78.3,0.91,258.5,31.4,100,60,40,205.3,124.9,68.1
8426,Mullaitivu,Dry,Maha,7.37,0.196,,45.6,1.11,168.8,31.6,100,40,60,211.2,85.6,103.8
8427,Kegalle,Intermediate,Maha,5.48,,7.9,53.9,1.89,246.4,28.3,130,60,60,266.4,132.3,97.4
8428,Badulla,Intermediate,Maha,6.45,0.127,,86,1.46,151.7,27.5,120,40,40,279.9,85.4,67.6
8429,Hambantota,Dry,Yala,7.01,0.158,11.1,86.5,0.85,77.5,29.3,100,40,40,211.2,85.4,65.6
8430,Galle,Wet,Maha,4.59,0.086,9.6,124.4,2.57,381.9,24.6,130,60,20,266.9,123.2,34.4
8431,Matale,Intermediate,Maha,6.64,0.086,12.6,87,1.39,133.8,28.3,130,40,40,269.8,92.8,63.3
8432,Ampara,Dry,Yala,5.57,0.129,7.7,54.3,1.43,87.9,28.3,120,60,60,264.3,135.3,96.4
8433,Polonnaruwa,Dry,Yala,6.31,0.125,9.5,117,1.28,46.1,29.1,120,60,20,243.8,120.6,32.9
8434,Kegalle,Intermediate,Maha,6.64,0.061,,62.1,1.85,218.2,26.4,130,20,40,298,45.2,70.6
8435,Hambantota,Dry,Yala,5.57,0.158,,52.5,0.74,98.2,31.3,100,60,60,232.4,135.1,101.1
8436,Trincomalee,Dry,Yala,7.49,0.106,7.5,119.1,0.95,26.7,27.6,120,60,20,251,120.8,35.6
8437,Puttalam,Dry,Maha,6.15,0.131,8.6,94.1,0.71,143.2,31.1,120,60,40,258.9,127.8,62.7
8438,Hambantota,Dry,Yala,6.08,0.163,13.7,116.3,1.48,44.4,29.2,100,40,20,201.8,88.4,33.1
8439,Polonnaruwa,Dry,Maha,7.37,0.159,10.1,70.2,1.33,194.1,27.3,100,40,40,222,86.4,65.9
8440,Kurunegala,Intermediate,Yala,,0.193,5.6,116.8,1.05,245.4,28.2,100,60,20,214.6,135.8,33.8
8441,Jaffna,Dry,Yala,5.69,0.164,11.8,59.9,1.22,41.8,29.8,100,40,60,209.9,86,104.7
8442,Colombo,Wet,Maha,5.94,0.086,7.2,128.5,2.52,,24.4,130,60,20,270.2,123.6,35
8443,Jaffna,Dry,Yala,6.21,0.161,13.7,51.9,0.83,28.3,,100,40,60,222.4,93.2,102.6
8444,Monaragala,Intermediate,Yala,5.22,0.17,19.9,111,1.08,176.8,26.5,100,20,20,214.7,41.8,34
8445,Vavuniya,Dry,Yala,7,0.11,6.1,95.6,1,46.8,30.2,120,60,40,248.4,134.7,71.2
8446,Hambantota,Dry,Yala,7.33,0.105,,60.2,,46,30.6,120,60,40,268.3,123.4,65.5
8447,Ratnapura,Wet,Yala,5.08,0.101,8.5,65.4,2.48,236.3,24.3,120,60,40,263.4,127.1,70
8448,Kalutara,Wet,Maha,4.5,0.114,10.7,61,1.93,379.9,27.8,120,40,40,274.9,86.2,70.9
8449,Ratnapura,Wet,Yala,4.89,0.144,7.4,84.9,2.13,210.7,27.5,120,60,40,245.9,124.4,66.6
8450,Ampara,Dry,Yala,6.17,0.181,,83.2,1.37,67.9,30.8,100,60,40,226.7,129.4,69
8451,Mullaitivu,Dry,Yala,6.37,0.197,6.6,48.4,0.61,59.4,29.1,100,60,60,223.1,123.7,98.2
8452,Kalutara,Wet,Maha,5.33,0.172,9.3,110.8,2.03,310.2,27.4,100,60,20,204.8,131.6,31.6
8453,Colombo,Wet,Maha,5.94,0.137,,,2.3,328.8,24.8,120,60,20,268.5,133.6,33.7
8454,Matara,Wet,Yala,5.49,0.129,6.1,,2.72,379.3,26.2,120,60,20,258.6,121.8,31.8
8455,Polonnaruwa,Dry,Yala,6.13,0.165,11.2,100.4,0.74,94.7,28.7,100,40,20,231.9,91.8,33.1
8456,Mullaitivu,Dry,Maha,6.43,0.157,7.5,73.5,0.83,249.9,31.8,100,60,40,205.7,124.2,70.4
8457,Kilinochchi,Dry,Yala,6.5,0.191,8,67.1,1.32,86.5,28.4,100,60,40,222.1,125,62.6
8458,Kurunegala,Intermediate,Maha,5.76,0.081,5.1,101.4,,234.2,26.2,130,60,20,277.6,133.6,31
8459,Kalutara,Wet,Maha,5.5,0.139,9.8,100.3,2.53,292.1,24.5,120,60,20,278.8,129.8,33.8
8460,Kurunegala,Intermediate,Yala,5.88,0.178,8.5,124.2,1.56,141.6,29.5,100,60,20,211.9,130.4,32.5
8461,Nuwara Eliya,Wet,Maha,5.43,0.178,7.8,83.2,2.11,237.4,26,100,60,40,232.5,123.1,65.9
8462,Jaffna,Dry,Yala,7.1,0.072,9.6,82.5,0.59,85.4,29.3,130,60,40,299.6,136.4,65.8
8463,Vavuniya,Dry,Maha,6,0.126,7.5,86.3,0.95,159,30.8,120,60,40,251.9,132.7,62.6
8464,Nuwara Eliya,Wet,Maha,5.99,0.066,6.9,101.6,2.31,236.7,,130,60,20,295.5,123.3,30.8
8465,Polonnaruwa,Dry,Yala,7.25,0.054,6.1,61.5,0.69,67.9,31.2,130,60,40,303.6,127.9,70.7
8466,Matara,Wet,Yala,4.74,0.121,7.3,88.7,2.25,269.6,25.1,120,60,40,251.2,136.5,63.9
8467,Ampara,Dry,Yala,5.65,0.052,,98.4,,38,29.5,130,40,40,279.9,87.9,66
8468,Badulla,Intermediate,Maha,6.5,0.145,,110.9,1.78,105.7,26.5,120,20,20,261.7,40.9,35.7
8469,Ratnapura,Wet,Maha,5.72,0.135,9.5,,2.26,301.2,25.2,120,60,20,252.9,127.9,34.9
8470,Ratnapura,Wet,Maha,5.47,0.052,5.2,101.1,1.53,352.3,27.3,130,60,20,262.1,125.4,31.3
8471,Batticaloa,Dry,Maha,6.39,0.081,,85.1,1.15,123.1,30.4,130,60,40,270.7,130.7,66.8
8472,Jaffna,Dry,Maha,6.46,0.147,13.8,63.3,1.36,224.5,31.2,120,40,40,252.4,91.5,69
8473,Matale,Intermediate,Maha,6.37,0.057,,71,1.14,126.6,28.2,130,40,40,280.2,86.2,68.7
8474,Colombo,Wet,Yala,5.27,0.067,5.8,76.7,2.85,232.5,24.1,130,60,40,268.7,129.1,69.3
8475,Hambantota,Dry,Yala,6.11,0.087,7.8,52.5,1.34,78.5,29.3,130,60,60,298.4,138.3,99.4
8476,Kandy,Wet,Maha,5.97,0.099,6,101.3,2.5,321,25.6,130,60,20,291.3,131.9,31.7
8477,Badulla,Intermediate,Yala,6.46,0.148,13.6,123,1.91,226.8,28.6,120,40,20,244.7,87.9,33.1
8478,Matara,Wet,Maha,5.01,0.058,6.6,128.8,2.2,,27.6,130,60,20,289,125.7,34
8479,Colombo,Wet,Maha,5.29,0.11,5.9,78.1,2.87,261.9,27.3,120,60,40,266.9,132.5,67.8
8480,Mullaitivu,Dry,Yala,5.97,0.091,10.4,105.4,1.29,24.7,28.3,130,40,20,301.9,88,31.2
8481,Ampara,Dry,Yala,7.42,0.075,5.5,60.5,0.97,44.9,29.9,130,60,40,261.5,128.4,62.3
8482,Ampara,Dry,Maha,6.12,0.133,9.1,,1.17,286.9,28.8,120,60,40,251,140,71.4
8483,Ratnapura,Wet,Yala,5.08,0.145,11,136.5,2.29,277.5,24.8,120,40,20,277.6,92,31.6
8484,Badulla,Intermediate,Maha,5.8,0.127,14.6,125.9,1.93,,29.7,120,40,20,277.8,90.3,32.3
8485,Mullaitivu,Dry,Yala,7.04,0.196,5.3,63.7,1.17,22.9,,100,60,40,224.6,131.1,69.4
8486,Polonnaruwa,Dry,Maha,6.4,0.085,9.6,42.4,1.1,218.7,31,130,60,60,293.9,129.7,98.6
8487,Colombo,Wet,Yala,5.44,0.139,9.3,79.8,2.52,314.6,25.9,120,60,40,244.9,124.2,63.5
8488,Ampara,Dry,Maha,6.18,0.171,,100.2,1.32,141.2,31.8,100,60,20,217.9,126.6,33.1
8489,Polonnaruwa,Dry,Maha,7.25,0.13,14.9,80.3,0.55,237.9,27.9,120,40,40,250.4,90.6,67.4
8490,Mullaitivu,Dry,Maha,6.44,,11.8,75.1,1.02,266.3,30.8,100,40,40,207,86.4,66.2
8491,Kegalle,Intermediate,Yala,6.07,0.109,12.9,53.1,1.42,160.4,,120,40,60,273,92,106.3
8492,Colombo,Wet,Yala,5.03,0.156,8.3,84.2,2.17,210.8,24.7,100,60,40,205.5,123.5,64.5
8493,Kalutara,Wet,Yala,5.52,0.184,6.9,103.9,1.84,290.7,24.4,100,60,20,216.4,130.6,34.1
8494,Kalutara,Wet,Yala,5.32,0.142,8.8,131.4,2.21,257.1,24.7,120,60,20,278.1,133.3,31.4
8495,Anuradhapura,Dry,Maha,6.25,0.076,7.6,96.5,0.72,149.5,30.3,130,60,40,269.3,130.7,65.6
8496,Kandy,Wet,Maha,5.56,0.147,11.1,,2.06,368.1,27.5,120,40,40,279.6,92.1,69.1
8497,Kalutara,Wet,Maha,5.94,0.156,,110.2,2.67,,26.6,100,60,20,233.5,140,31.9
8498,Kandy,Wet,Yala,4.75,0.06,,92.9,,,27.4,130,60,40,285,122.9,67.6
8499,Vavuniya,Dry,Maha,5.72,0.174,,87.3,1.3,174.6,30.5,100,60,40,206.6,123.2,63.2
8500,Badulla,Intermediate,Yala,6.59,0.091,17.3,103.9,1.39,189.8,26.4,130,20,20,274.8,41.1,31.3
8501,Kurunegala,Intermediate,Yala,5.84,0.198,7.1,106.2,1.97,139.9,28.8,100,60,20,214.9,133.9,33.4
8502,Hambantota,Dry,Yala,,0.154,7.1,76.4,0.88,89.2,31.1,100,60,40,211.2,127.9,68.5
8503,Kandy,Wet,Yala,5.55,0.099,7.5,130,2.6,231.7,25.8,130,60,20,273.3,135,31.4
8504,Batticaloa,Dry,Maha,6.19,0.065,5.5,78.3,0.86,212.3,29.1,130,60,40,302.6,128.6,70.9
8505,Ratnapura,Wet,Maha,5.66,0.12,10.2,101.9,2.36,279.7,24.6,120,40,20,247.3,88.7,31.9
8506,Kandy,Wet,Yala,5.24,0.148,7.8,122.2,1.82,238.5,25.1,120,60,20,270,135.7,31.4
8507,Batticaloa,Dry,Maha,5.68,0.078,11.6,82.9,0.56,,31.9,130,40,40,261.4,87.6,63.7
8508,Polonnaruwa,Dry,Maha,6.09,0.183,14.8,50.1,1.47,288.9,31,100,40,60,220.5,87.5,95
8509,Badulla,Intermediate,Yala,6.67,0.052,8.1,57.6,1.72,244.3,30,130,60,60,300.2,122.3,93.9
8510,Kalutara,Wet,Yala,4.71,0.193,6.8,76.8,2.1,309.9,25.2,100,60,40,210.5,128.7,69.7
8511,Mullaitivu,Dry,Maha,6.68,0.156,6.8,97.8,1.21,164.3,31.7,100,60,40,207.1,131.3,66.7
8512,Ratnapura,Wet,Yala,5.69,0.095,5.3,94.6,3,240.9,26.2,130,60,40,289,129.7,65.6
8513,Puttalam,Dry,Yala,6.96,0.087,7.3,109.4,,94.8,28.8,130,60,20,291.6,138.2,35.6
8514,Kegalle,Intermediate,Maha,5.45,0.101,13.1,106.9,1.47,206.1,28.3,120,40,20,268.3,92.3,32.7
8515,Matale,Intermediate,Maha,5.66,0.164,9.5,64.6,1.72,166.2,29.9,100,60,40,211.5,136.7,63.4
8516,Ratnapura,Wet,Yala,4.61,0.072,8.7,,2.61,306.3,27.8,130,60,20,272.1,128,32.2
8517,Kalutara,Wet,Maha,4.7,0.143,10.9,149,1.62,327.2,26.4,120,40,20,278.7,89.8,32
8518,Anuradhapura,Dry,Maha,7.38,0.126,5.1,73.8,1.22,132.7,27.5,120,60,40,277.5,128.4,66.7
8519,Polonnaruwa,Dry,Yala,7.2,0.129,6.7,74.4,1.4,30.7,,120,60,40,259.2,125.2,64.6
8520,Matara,Wet,Maha,4.95,0.148,6,76.7,2.88,,25.5,120,60,40,274.4,127.3,66.9
8521,Jaffna,Dry,Yala,6.35,0.058,7.1,59.6,1.46,90.5,29.2,130,60,60,280.6,122,102.5
8522,Kilinochchi,Dry,Yala,6.72,0.112,12.3,112.5,0.85,73.8,29.7,120,40,20,257.9,84.8,34.7
8523,Jaffna,Dry,Maha,6.72,0.182,5.8,56.6,1.36,231.8,31.9,100,60,60,206.2,129.6,103.2
8524,Ratnapura,Wet,Maha,5.75,0.104,11.1,88.8,2.74,303.9,27.4,120,40,40,258,92.9,63.8
8525,Kandy,Wet,Yala,4.79,0.056,5.8,108.6,2.79,,26.6,130,60,20,284.2,126.8,31.4
8526,Galle,Wet,Yala,4.65,0.071,9.6,88.2,,247.8,26.1,130,60,40,262.4,138.3,67.1
8527,Kilinochchi,Dry,Yala,7.14,0.194,9.6,108.2,1.23,98.1,31.9,100,60,20,215.6,125.1,31.8
8528,Anuradhapura,Dry,Maha,7.46,0.131,13.4,80.2,1.42,267,30.6,120,40,40,271.9,83,62.5
8529,Kalutara,Wet,Maha,4.6,0.072,10.5,89.6,1.76,333.8,24.7,130,40,40,290.2,87.2,67
8530,Mannar,Dry,Maha,7.21,0.056,8,119.7,1.38,138.5,29.8,130,60,20,288.3,133.8,32.4
8531,Monaragala,Intermediate,Maha,6.52,0.133,,103.9,1.11,229.4,29.1,120,40,20,276.9,81.1,34.6
8532,Polonnaruwa,Dry,Yala,6.74,0.126,12.6,51.5,0.61,37.2,30.4,120,40,60,242,83.4,97.2
8533,Anuradhapura,Dry,Yala,5.97,0.123,13.3,95.3,0.79,51,30.5,120,40,40,263.1,86.4,71.5
8534,Colombo,Wet,Yala,5.24,0.077,9.5,105.7,1.56,391.4,25.9,130,60,20,294.8,127.1,34.6
8535,Matale,Intermediate,Yala,6.39,0.18,15.8,120.1,1.58,154.6,27.6,100,20,20,218.7,44.9,31.1
8536,Vavuniya,Dry,Maha,7.07,0.137,6.9,64,1.23,134.7,27.4,120,60,40,254,130.6,66.8
8537,Puttalam,Dry,Maha,6.08,0.175,12.5,63.8,1.12,129.7,28.9,100,40,40,205.5,82.6,67.3
8538,Nuwara Eliya,Wet,Maha,5.37,0.198,,98.5,2.06,362.1,25.6,100,60,40,230,138.1,68.7
8539,Batticaloa,Dry,Yala,6.84,0.162,6.9,46.1,1.39,56.6,30.4,100,60,60,216.4,126.3,100
8540,Mannar,Dry,Yala,6.64,0.06,8.6,73.5,1.18,26.4,,130,60,40,298.6,134.9,66.5
8541,Anuradhapura,Dry,Maha,6.08,0.171,8.4,80.9,1,203.9,28.3,100,60,40,220.2,135.9,65.4
8542,Jaffna,Dry,Yala,,0.074,13.9,45.9,0.78,95.2,31.3,130,40,60,290,93,96.6
8543,Mullaitivu,Dry,Yala,6.18,0.122,6.7,70.4,0.94,92.7,30.6,120,60,40,272.8,130.4,71.2
8544,Trincomalee,Dry,Yala,6.98,0.195,7.2,88.1,1.46,45.3,29.8,100,60,40,222.6,132.7,64.9
8545,Batticaloa,Dry,Maha,7.4,0.163,14.8,88.7,1.11,173.8,31.3,100,40,40,214.1,84.8,62.3
8546,Jaffna,Dry,Maha,6.48,0.06,12.3,55.6,1.18,178.1,31.5,130,40,60,283.2,89.3,95
8547,Kilinochchi,Dry,Maha,5.79,0.135,14.5,,0.9,163.5,31.8,120,40,40,272.8,86.5,70.3
8548,Gampaha,Wet,Yala,5.15,0.191,7.6,140.2,2.19,230.3,24.1,100,60,20,213.3,129.2,33.7
8549,Polonnaruwa,Dry,Maha,6.94,0.104,9.8,69.2,0.98,157.1,,120,60,40,256.5,137.4,69.5
8550,Monaragala,Intermediate,Yala,6.79,0.144,9.5,122,1.5,162,27.6,120,60,20,245.1,121.6,34.8
8551,Gampaha,Wet,Maha,5.68,,10.4,134.6,2.94,351.4,24.5,130,40,20,300.2,92,34.9
8552,Kilinochchi,Dry,Yala,6.68,0.08,5.7,75.2,0.96,61.9,31.6,130,60,40,265.3,137.3,67.2
8553,Gampaha,Wet,Maha,5.76,,11.7,79.5,2.75,293.6,26.4,120,40,40,266.7,87.1,63.5
8554,Puttalam,Dry,Maha,6.69,0.173,12.1,72.5,1.46,249,29.2,100,40,40,214.6,86.9,63.2
8555,Kandy,Wet,Yala,4.53,0.146,,75.5,2.11,291.9,26.3,120,60,40,257.2,127.7,67.4
8556,Trincomalee,Dry,Yala,,,12.6,,1.03,26.6,27.7,120,40,20,267.9,93.4,32.6
8557,Jaffna,Dry,Maha,6.86,0.185,6.9,110.6,0.65,145.8,28.7,100,60,20,203.3,122.8,33.6
8558,Nuwara Eliya,Wet,Yala,4.63,0.12,10.5,130.3,2.05,231.2,26.1,120,40,20,264.6,88.2,33.3
8559,Kandy,Wet,Yala,5.67,0.124,9.2,70.9,2.37,233.9,24.6,120,60,40,271.5,134,67.7
8560,Jaffna,Dry,Maha,5.57,0.184,13.4,45.1,0.66,280.1,30.8,100,40,60,228.1,92.7,93
8561,Matara,Wet,Yala,5.89,0.119,11.6,82.2,1.79,,27.5,120,40,40,248,90.7,62
8562,Kalutara,Wet,Yala,5.6,0.188,8.6,113,2.16,326.5,27.7,100,60,20,230.4,133.2,34.4
8563,Jaffna,Dry,Yala,6.92,0.124,11.1,59.9,1.1,79.6,,120,40,60,267,82,95.4
8564,Polonnaruwa,Dry,Yala,6.99,,13,71.5,1.43,85,27.6,130,40,40,298.8,85.4,68.2
8565,Kurunegala,Intermediate,Yala,6.57,0.104,16,70,1,179.8,29,120,20,40,260.3,41.1,67.2
8566,Gampaha,Wet,Maha,5.82,0.09,6.2,104.8,2.44,363.7,27.8,130,60,20,284.4,137.9,35.7
8567,Trincomalee,Dry,Maha,6.41,0.133,13.8,112.8,1.02,224.4,27.1,120,40,20,277.3,90.3,35
8568,Mannar,Dry,Yala,,0.182,11.7,97.6,0.81,34.7,31.8,100,40,40,230.4,90.4,65.8
8569,Ampara,Dry,Maha,7,0.073,5.4,99,0.85,206,29,130,60,40,280.4,133.4,67.9
8570,Badulla,Intermediate,Maha,6.32,0.077,5,61.9,1,247.2,26.9,130,60,40,273,130.5,62.9
8571,Ampara,Dry,Maha,6.55,0.088,10.3,75.1,0.7,222.4,30.5,130,40,40,278.1,82.4,65.6
8572,Gampaha,Wet,Yala,4.55,0.158,5.9,137.2,2.09,207.7,25.8,100,60,20,213.7,127.1,34.5
8573,Hambantota,Dry,Maha,6.59,0.12,6.9,59.1,0.88,240.4,27.7,120,60,60,252.6,123.3,101.8
8574,Galle,Wet,Maha,5.65,0.137,6.1,67.3,2.59,272.5,25.5,120,60,40,251.8,134.8,66.5
8575,Nuwara Eliya,Wet,Yala,4.67,0.094,9.3,121.4,2.76,,27.7,130,60,20,297.9,123.8,31.7
8576,Ratnapura,Wet,Yala,4.79,0.061,11.4,113.3,2.36,314.6,24.2,130,40,20,264.4,89.6,34.8
8577,Vavuniya,Dry,Maha,6.08,0.077,9.8,,1.12,159.3,30.4,130,60,40,290.1,134.2,64.4
8578,Ampara,Dry,Maha,6.51,0.109,7.9,43.7,1.43,245.1,28.8,120,60,60,248.1,129.6,104.8
8579,Matale,Intermediate,Maha,5.25,0.054,16.1,68.6,1.83,166.8,26.9,130,20,40,276,41.1,67.8
8580,Hambantota,Dry,Yala,6.75,0.158,12,77.4,1.27,,31.1,100,40,40,203.1,84.6,65.4
8581,Kurunegala,Intermediate,Yala,6.61,0.198,19,116.8,1,182.4,29.6,100,20,20,209.9,42.3,31
8582,Colombo,Wet,Maha,5.58,0.069,7.9,128.9,2.3,200.8,24.9,130,60,20,294,134.3,32
8583,Puttalam,Dry,Yala,5.85,0.082,13.5,74.2,1.46,31,30.6,130,40,40,298.9,82,70.6
8584,Kandy,Wet,Maha,5.13,0.145,6.7,146.1,,260.5,25.2,120,60,20,250,136.8,34.9
8585,Mullaitivu,Dry,Maha,5.95,0.058,10.4,103.4,0.83,147.1,27.6,130,40,20,281.1,90.4,33.7
8586,Colombo,Wet,Maha,5.21,0.073,7.5,104,2.07,213.9,25.8,130,60,20,281.3,124.3,33.1
8587,Anuradhapura,Dry,Yala,6.6,0.06,11.6,84.1,0.85,77.6,31.4,130,40,40,298.4,89.9,68.2
8588,Hambantota,Dry,Maha,5.9,0.083,7.1,108.3,0.98,174.1,31.3,130,60,20,293.7,133.7,33.1
8589,Monaragala,Intermediate,Yala,6.72,0.157,19,106.8,1.9,108.7,29.7,100,20,20,217.8,45.1,34
8590,Matale,Intermediate,Maha,,0.096,17.4,68.7,1.84,198,29.3,130,20,40,289.8,41.5,64.8
8591,Matale,Intermediate,Maha,6.19,0.154,19.5,93.4,1.42,204.8,27.1,100,20,40,228.7,41.3,70.1
8592,Kegalle,Intermediate,Maha,,0.149,6.1,120.7,1.41,184.1,26.7,120,60,20,241.7,125.2,34.3
8593,Matara,Wet,Maha,5.34,0.19,7.7,,1.78,313.8,24.6,100,60,40,214.2,127.8,65
8594,Ampara,Dry,Maha,6.27,0.193,10.3,90.7,0.92,163.3,29.4,100,40,40,230.7,90.8,70
8595,Mullaitivu,Dry,Yala,,0.086,10.7,49.1,1.39,31.3,29.9,130,40,60,292.8,90.1,99.8
8596,Batticaloa,Dry,Yala,7.32,0.064,14.6,115.7,1.02,50,27.8,130,40,20,284.4,92.6,31.7
8597,Mullaitivu,Dry,Maha,6.36,0.077,8.4,90.1,0.99,123.1,31.9,130,60,40,283.9,121.8,62.5
8598,Mullaitivu,Dry,Yala,6.77,0.151,15,82.4,1.35,84,30,100,20,40,212.4,40.3,68.7
8599,Kalutara,Wet,Yala,5.12,0.055,5.1,104.7,2.7,346.8,27.8,130,60,20,283.5,134.3,35.1
8600,Hambantota,Dry,Yala,5.9,0.061,13.8,79.2,1.46,83.2,31.4,130,40,40,289.2,84.1,69.8
8601,Monaragala,Intermediate,Maha,6.74,0.119,9.4,50.7,1.94,178.3,27.5,120,60,60,257.7,127.2,102.3
8602,Kandy,Wet,Maha,4.91,0.112,7,148.3,,,25.6,120,60,20,269.3,131.3,31.5
8603,Gampaha,Wet,Yala,4.88,0.181,10.4,125.9,1.77,284,24.8,100,40,20,229.2,81.8,31.3
8604,Ratnapura,Wet,Maha,5.34,0.136,11.8,88,2.98,281.5,26.9,120,40,40,247.4,88.9,65.1
8605,Trincomalee,Dry,Maha,7.46,0.13,6.8,57.5,0.59,188.7,29.2,120,60,60,259,127,105.3
8606,Hambantota,Dry,Yala,6.44,0.108,5.9,82.5,0.79,53.6,28.8,120,60,40,257.3,133,71.3
8607,Jaffna,Dry,Yala,7.36,0.162,9.1,105.1,1.44,29.3,28.5,100,60,20,223.5,136.9,32
8608,Ampara,Dry,Yala,6.01,0.149,7.6,86.9,0.67,72.3,28.5,120,60,40,251.1,124,69.3
8609,Matale,Intermediate,Maha,5.9,0.07,9.7,69.1,1.8,224.8,26.6,130,60,40,288.5,138.8,67.4
8610,Gampaha,Wet,Maha,5.9,0.186,5.4,73.8,1.6,256.5,27.8,100,60,40,229.7,131,62
8611,Kurunegala,Intermediate,Maha,6.32,0.074,15.7,55.5,1.06,237,26.6,130,20,60,279.1,46.3,100.6
8612,Matale,Intermediate,Maha,6.47,0.059,5.5,64,1.42,126.8,27.9,130,60,40,300,124.7,69.8
8613,Galle,Wet,Maha,5.74,0.051,7.4,121.3,2.06,,26.9,130,60,20,303.5,132.4,32.2
8614,Colombo,Wet,Maha,5.37,0.081,,72.5,1.92,337.7,27.6,130,40,40,265.9,85.7,70.7
8615,Polonnaruwa,Dry,Yala,7.16,0.133,13.9,41.8,0.93,27,27.8,120,40,60,250.5,90.6,96
8616,Ratnapura,Wet,Yala,5.86,0.157,5.7,149.4,2.41,305.9,26.6,100,60,20,232.1,132.5,31.2
8617,Nuwara Eliya,Wet,Yala,4.82,0.123,10,135.4,2.33,374.9,25.4,120,40,20,278.8,86.9,31.6
8618,Gampaha,Wet,Maha,5.74,0.121,9.1,96.6,1.63,239,27,120,60,40,245.2,138.5,70.1
8619,Jaffna,Dry,Yala,6.47,0.128,10.7,82.1,1.3,41.5,32,120,40,40,241.9,85.4,65.9
8620,Hambantota,Dry,Yala,6.88,0.107,9,96.5,1.43,79.3,27.8,120,60,40,247.6,124.9,69.7
8621,Mullaitivu,Dry,Yala,6.34,0.154,7.4,107.1,0.66,77.6,28.6,100,60,20,233.6,132.5,33.5
8622,Kalutara,Wet,Maha,,0.1,6.8,94.6,2.91,265.9,25.5,120,60,40,248.4,132.8,66.5
8623,Kandy,Wet,Maha,5.77,0.142,6.6,132.9,2.94,276.4,27.8,120,60,20,261,129.2,34.8
8624,Polonnaruwa,Dry,Yala,5.82,0.055,12,52.9,0.9,76.3,28.1,130,40,60,297.4,86.8,98.9
8625,Batticaloa,Dry,Maha,,0.198,11.2,41.2,1.07,254.4,,100,40,60,201.8,93,104.5
8626,Gampaha,Wet,Maha,5.92,0.116,6.5,142,2.15,320.7,24.3,120,60,20,265,135,31.3
8627,Galle,Wet,Yala,5.31,0.069,8.5,67.3,1.99,243.6,26.7,130,60,40,273.1,122.8,68.1
8628,Matale,Intermediate,Yala,5.77,0.166,13.5,79.5,1.28,197.8,29.7,100,40,40,229.2,83.2,68.7
8629,Gampaha,Wet,Yala,5.03,0.151,10.9,150,2.93,217.8,27.8,100,40,20,210.3,93.2,35.3
8630,Nuwara Eliya,Wet,Yala,4.92,0.16,10.8,149,2.19,208.8,25.2,100,40,20,223.5,90,31.9
8631,Puttalam,Dry,Maha,,0.121,14.4,,0.73,294.3,28.1,120,40,40,267.7,92.4,67.7
8632,Hambantota,Dry,Yala,6.72,0.137,8,51.2,0.68,,27.2,120,60,60,250,126.6,99
8633,Matale,Intermediate,Yala,6.2,0.056,18.3,116,1.46,171.3,27.8,130,20,20,262.9,45.1,32.7
8634,Nuwara Eliya,Wet,Yala,5.04,0.097,,,1.69,222.7,26.1,130,60,20,278.8,134.6,31.3
8635,Jaffna,Dry,Maha,6.56,0.194,8.7,47.6,1.33,257.9,29.1,100,60,60,210.5,126.4,94.5
8636,Mannar,Dry,Yala,6.57,0.194,14.2,106,0.69,21.5,31.3,100,40,20,227.5,87.7,35
8637,Nuwara Eliya,Wet,Maha,5.45,0.188,7.4,78.2,1.9,220.2,25.8,100,60,40,227.2,132.9,69.2
8638,Trincomalee,Dry,Maha,,0.103,11.4,89.1,1.18,,31.4,120,40,40,259.2,86.8,65.5
8639,Monaragala,Intermediate,Yala,6.33,0.184,11.4,122.3,1.63,226.1,27.3,100,40,20,220.9,91.3,34.9
8640,Kurunegala,Intermediate,Maha,6.28,0.182,10.4,,1.2,171.1,28.9,100,40,60,220.8,91.3,93.7
8641,Kandy,Wet,Maha,5.02,0.198,8.9,134.1,,242.2,26.4,100,60,20,228.1,137.3,33.9
8642,Kandy,Wet,Maha,5.03,0.157,8.4,64,3,263.9,26.4,100,60,40,215,136.3,70.4
8643,Kilinochchi,Dry,Yala,5.95,0.128,13.7,63.4,0.88,28.9,31.3,120,40,40,252.1,86.8,70.1
8644,Ampara,Dry,Maha,6.52,0.058,5.3,58.8,0.7,196.9,28.3,130,60,60,272.6,128.1,98.1
8645,Trincomalee,Dry,Yala,5.76,,9.2,45.3,1.29,47.1,27.1,120,60,60,262.3,136.9,103.7
8646,Kurunegala,Intermediate,Yala,6.23,0.097,,93,1.21,174.5,26.8,130,20,40,280.4,43.4,66
8647,Kalutara,Wet,Yala,5.26,0.051,8.1,121,2.05,224.1,24.1,130,60,20,280.1,125.4,35
8648,Matara,Wet,Maha,5.35,0.129,11.8,123.4,2.63,224.6,25.7,120,40,20,244.9,87.1,33.5
8649,Batticaloa,Dry,Maha,6.68,0.18,7.2,89.2,0.69,290.8,29.5,100,60,40,224.5,123.4,69.3
8650,Matale,Intermediate,Maha,6.34,,9.9,110.3,1.6,112.6,27.9,120,60,20,249.7,134.1,31.2
8651,Jaffna,Dry,Yala,7.45,0.06,14.9,65.3,1.37,24.7,27.7,130,40,40,269.8,84.9,67.6
8652,Kandy,Wet,Yala,5.62,0.146,6.6,66.7,1.77,308.8,27.4,120,60,40,257.5,125.7,67.2
8653,Badulla,Intermediate,Maha,5.49,0.164,6.2,78.2,1.65,186.8,26.5,100,60,40,208.5,139.3,67.8
8654,Jaffna,Dry,Maha,5.52,0.143,,113.7,0.85,237.1,29.4,120,60,20,264.2,135.8,34.3
8655,Nuwara Eliya,Wet,Maha,5.93,0.165,11,115.7,1.83,292.3,25.7,100,40,20,213.2,90.7,35.4
8656,Colombo,Wet,Maha,4.54,0.191,9.6,129.9,2.28,209.8,25.1,100,60,20,215.7,132.8,34.7
8657,Batticaloa,Dry,Yala,6.42,0.08,,101.2,1.37,85.8,30.7,130,60,20,284.2,137,31.9
8658,Galle,Wet,Yala,5.28,0.111,8.5,60.2,2.17,336.9,24.5,120,60,40,249.3,135.5,70
8659,Trincomalee,Dry,Maha,5.97,0.179,10,96.4,1.32,175.4,29.7,100,40,40,206.2,88.3,62.9
8660,Anuradhapura,Dry,Yala,7.34,0.185,7.4,70,1.1,67.8,30.8,100,60,40,229.8,139.4,67.9
8661,Monaragala,Intermediate,Maha,5.52,0.089,,61.6,1.37,181.5,29.7,130,60,40,279.8,124.4,70.5
8662,Ampara,Dry,Yala,5.59,0.115,10.2,96.8,1.1,39.9,31.7,120,40,40,257.5,92.8,62.7
8663,Vavuniya,Dry,Maha,6.15,0.175,14,96.9,1.45,194.2,29.8,100,40,40,202.3,85.7,70.2
8664,Anuradhapura,Dry,Maha,7.19,0.07,5.1,61.4,1.39,291.9,30.2,130,60,40,282.5,131,69.7
8665,Trincomalee,Dry,Yala,7.15,0.087,11.8,116,0.7,90.4,30.4,130,40,20,284.9,82.1,33.3
8666,Matale,Intermediate,Maha,5.8,0.14,8.2,107,1.81,106.1,28.5,120,60,20,263.2,131.2,32.3
8667,Vavuniya,Dry,Yala,6.09,0.157,5.9,57.9,1.29,55.9,31.5,100,60,60,224.2,132.6,98.6
8668,Monaragala,Intermediate,Maha,5.44,0.095,6,86.9,1.44,137.2,29,130,60,40,268.9,140.1,71.4
8669,Colombo,Wet,Maha,5.19,0.198,11.4,131.1,1.84,218.4,25.6,100,40,20,209.3,93.2,31.8
8670,Ampara,Dry,Maha,5.8,0.143,8.8,90.5,0.92,250.9,28.3,120,60,40,273.1,139.5,67.5
8671,Matale,Intermediate,Maha,5.86,0.084,18.7,81.8,1.22,108.8,29.1,130,20,40,301.6,42.5,62.5
8672,Matale,Intermediate,Yala,6.78,0.115,8,56.3,1.05,234.8,29.9,120,60,60,246.7,140,95.8
8673,Colombo,Wet,Maha,4.93,0.069,5.3,73.8,2.44,379.2,27.7,130,60,40,282.5,129.5,69.3
8674,Galle,Wet,Yala,4.5,0.097,9.5,,2.98,347.6,,130,60,20,270.5,137.3,32.3
8675,Kilinochchi,Dry,Yala,5.9,0.053,11.6,118.1,1.09,67,28.4,130,40,20,264,83.3,35.7
8676,Kandy,Wet,Maha,4.73,0.064,9.1,93.1,2.47,311.4,27.7,130,60,40,275.2,130.5,66.7
8677,Kandy,Wet,Yala,4.58,0.088,10.8,84,1.57,309.6,24.3,130,40,40,267.5,93.1,66.9
8678,Batticaloa,Dry,Maha,,0.195,8.4,79.9,0.61,169.5,30,100,60,40,224.2,139.1,62.1
8679,Polonnaruwa,Dry,Yala,6.59,0.14,13.3,77.7,1.39,61.1,29.2,120,40,40,262.2,89.4,71.3
8680,Matale,Intermediate,Maha,6.51,0.063,13,,1.59,163.2,,130,40,20,267.5,90.9,31.7
8681,Hambantota,Dry,Maha,6.71,0.061,8.5,91.1,0.98,242.9,30.5,130,60,40,261.8,124.1,67.1
8682,Nuwara Eliya,Wet,Yala,5.15,0.16,8.1,103.4,2.97,282.3,25.1,100,60,20,227.4,134.7,32.8
8683,Kurunegala,Intermediate,Yala,5.68,0.176,5.2,68.8,1.14,138.9,26.2,100,60,40,206.8,132.7,65.9
8684,Kurunegala,Intermediate,Maha,5.99,0.061,19.9,110.6,1.55,172.5,27.4,130,20,20,287.1,40.8,34
8685,Kurunegala,Intermediate,Maha,5.52,0.19,13.1,82.8,2,214.1,26.5,100,40,40,212.1,82,68.3
8686,Colombo,Wet,Yala,5.18,0.072,9.7,67.4,2.35,273,27.3,130,60,40,286.2,122.7,63.2
8687,Kegalle,Intermediate,Maha,6.05,0.084,9.7,68.9,1.45,222.7,28.9,130,60,40,274.8,134.8,66.7
8688,Polonnaruwa,Dry,Maha,5.63,0.09,,108.6,0.97,163.3,29,130,40,20,265.1,82.3,34.8
8689,Polonnaruwa,Dry,Maha,6.49,0.127,13.3,68.1,1.05,271.9,30.1,120,40,40,250.1,86.6,66.1
8690,Matale,Intermediate,Yala,6.72,0.072,9.7,71.3,1.7,197.9,26.2,130,60,40,269.4,127.6,63.4
8691,Vavuniya,Dry,Yala,7.23,0.162,13,68.6,1.18,50.8,28.7,100,40,40,215.1,87.7,64.8
8692,Matale,Intermediate,Maha,5.33,0.084,15.2,75,1.61,207.2,26.8,130,20,40,289.3,44.8,63.8
8693,Matara,Wet,Maha,5.29,0.169,7.7,119.8,1.95,333.2,26.3,100,60,20,209.7,134,31.4
8694,Polonnaruwa,Dry,Yala,6.04,0.079,11.9,82.9,0.8,36.5,27.4,130,40,40,261.9,87.2,65.5
8695,Mannar,Dry,Yala,7.26,0.084,9.1,103.6,1.08,89.6,29.3,130,60,20,283.4,129.7,33.5
8696,Kegalle,Intermediate,Yala,5.58,0.184,9.4,92.4,1.66,182.2,27.3,100,60,40,220.8,128.4,62.4
8697,Puttalam,Dry,Maha,,0.1,5.1,85.7,1.02,201.4,29.7,120,60,40,279,137.5,67.7
8698,Ampara,Dry,Yala,7.31,0.137,14.5,,1.03,33.9,27.2,120,40,40,264.4,84.8,71.6
8699,Kegalle,Intermediate,Yala,6.19,0.058,5.8,65.1,1.33,,26.4,130,60,40,281.4,125.7,71.3
8700,Kalutara,Wet,Maha,4.88,0.192,6.8,71.2,2.56,357.9,26.9,100,60,40,219.8,135.2,70
8701,Batticaloa,Dry,Maha,7.29,0.155,10.6,92.6,1.37,195.6,30.1,100,40,40,231.4,85.2,64.4
8702,Puttalam,Dry,Yala,6.29,0.19,10.8,53.6,0.91,38.1,31.5,100,40,60,228.1,91.5,92.8
8703,Hambantota,Dry,Maha,5.71,0.17,13.3,109.6,1.48,249.5,27.3,100,40,20,211.6,84.8,35
8704,Monaragala,Intermediate,Yala,6.77,0.134,9.4,86.8,1.12,177.7,27.4,120,60,40,250.6,134.4,62.3
8705,Ampara,Dry,Yala,6.35,0.165,9.5,86.8,1.2,64.9,28.6,100,60,40,209.7,121.5,63.8
8706,Puttalam,Dry,Yala,6.73,0.155,9.8,49.6,1.28,55.5,27.8,100,60,60,217.5,128.2,100.7
8707,Trincomalee,Dry,Maha,5.86,0.182,12.2,55.5,1.28,286.1,29.8,100,40,60,225.4,85,95.2
8708,Ampara,Dry,Yala,5.75,0.055,8.5,79.1,1.41,72.4,30.8,130,60,40,282.7,136.6,70
8709,Matara,Wet,Yala,4.62,0.145,9.1,113.8,2.84,222.6,24.4,120,60,20,244,139.5,34.7
8710,Kandy,Wet,Maha,5.5,0.127,7,62.6,2.21,261.5,24.3,120,60,40,269.6,129.6,69.3
8711,Ampara,Dry,Yala,5.84,0.124,10.1,93.5,0.93,25.6,27.1,120,40,40,272.9,91.2,69.9
8712,Puttalam,Dry,Maha,6.04,0.123,5.1,64.1,0.96,197.5,30.9,120,60,40,252.7,134.3,63.9
8713,Mullaitivu,Dry,Yala,7.39,0.096,12.8,70,0.78,92.6,,130,40,40,289.6,93.1,69
8714,Puttalam,Dry,Maha,7,0.144,9.1,78.3,0.82,281.4,30.9,120,60,40,258,136.5,65.3
8715,Trincomalee,Dry,Yala,5.98,0.073,10.2,90.7,0.7,76.6,30.9,130,40,40,299.1,81.5,68.4
8716,Vavuniya,Dry,Yala,5.61,0.112,6.2,79.6,1.17,24.1,31.3,120,60,40,274.4,134.6,62.9
8717,Colombo,Wet,Maha,5.17,0.17,6.1,145.8,1.97,244.1,24.4,100,60,20,218.2,131.1,34.3
8718,Ratnapura,Wet,Yala,5.16,0.153,8.7,136.3,2.69,355.8,27,100,60,20,223.6,120.9,35.7
8719,Polonnaruwa,Dry,Yala,6.89,0.058,11.3,105.9,1.06,26.1,28.9,130,40,20,298.9,83.8,31
8720,Mullaitivu,Dry,Yala,6.62,,14.4,46.6,1.32,40,30.3,120,40,60,260.7,92.5,93.9
8721,Kandy,Wet,Maha,5.63,,11,115.7,1.85,360.7,27.7,100,40,20,211.3,92.6,31.4
8722,Jaffna,Dry,Yala,6.81,0.124,9.5,63.9,0.58,47.9,30.2,120,60,40,270.8,136.2,66
8723,Vavuniya,Dry,Yala,6.5,0.067,10.5,100,1.17,34.5,30,130,40,20,270.7,93.3,32.3
8724,Kandy,Wet,Yala,5.05,0.096,9.4,136.8,2.26,304.7,25.6,130,60,20,277.9,136.4,34.8
8725,Monaragala,Intermediate,Yala,6.37,0.15,18,92.8,1.2,157.8,29.3,100,20,40,229.3,40.3,66.4
8726,Batticaloa,Dry,Yala,5.74,0.083,10.2,57.3,0.89,33.4,31.5,130,40,60,292.1,84.2,99.8
8727,Matale,Intermediate,Yala,,0.155,,61,1.95,129.2,29.4,100,20,40,214.3,40.4,68.9
8728,Matale,Intermediate,Yala,,,6.1,69.5,1.61,203.3,26.5,130,60,40,270.5,122.5,65.3
8729,Kalutara,Wet,Maha,5.23,0.072,7,146.7,1.76,239.8,24.4,130,60,20,276.5,124.9,32.6
8730,Nuwara Eliya,Wet,Maha,5.73,0.085,7.1,148.1,2.22,373.5,25.7,130,60,20,273.4,130.5,34.6
8731,Matara,Wet,Yala,5.3,0.051,8.1,113.5,1.55,326.6,27.1,130,60,20,268.9,137.2,34.7
8732,Kurunegala,Intermediate,Maha,6.27,0.185,19.6,122.9,1.83,182,26.8,100,20,20,225.3,45.9,30.9
8733,Mullaitivu,Dry,Maha,6.11,0.164,8.3,78.3,1.36,142.7,31.6,100,60,40,209.3,132.7,63.1
8734,Hambantota,Dry,Yala,7.08,0.068,11,73.6,0.58,77.5,27,130,40,40,280.7,92.6,63.8
8735,Matale,Intermediate,Yala,5.89,0.101,,79.2,1.81,154.3,28.1,120,40,40,256.4,87,65.2
8736,Batticaloa,Dry,Yala,6.56,0.128,11.5,111.3,0.52,48.4,32,120,40,20,279.8,92.1,32.3
8737,Colombo,Wet,Maha,5.33,0.15,6.1,88.6,2.71,248,28,100,60,40,213.8,129.5,68.4
8738,Monaragala,Intermediate,Yala,5.74,0.118,,,1.07,109.3,28.2,120,40,40,244.5,84.1,70
8739,Batticaloa,Dry,Yala,6.43,0.072,11.4,59.7,0.5,27.6,30.8,130,40,60,265.2,92.4,95.4
8740,Badulla,Intermediate,Yala,6.49,0.178,16.1,67.8,1.19,131.7,27.4,100,20,40,220.4,42.8,67.3
8741,Kegalle,Intermediate,Yala,5.85,0.123,16.4,94,1.57,228.1,28.4,120,20,40,264.8,43.5,65.4
8742,Puttalam,Dry,Yala,6.88,0.084,13.3,101.8,0.99,31.8,29.3,130,40,20,279.2,84.8,33.3
8743,Galle,Wet,Yala,5.07,0.086,11.4,146.2,2.66,380.3,24.9,130,40,20,279.7,89.1,33.9
8744,Mullaitivu,Dry,Yala,6.58,0.198,9.3,119.9,0.97,61.1,31.1,100,60,20,202.9,140.1,35.3
8745,Ratnapura,Wet,Yala,5.05,,7.9,138.3,2.77,307.7,25.7,130,60,20,283.3,121.1,31.8
8746,Matale,Intermediate,Maha,6.47,0.067,17.4,71,1.16,245.4,28.1,130,20,40,282.8,46.1,62.6
8747,Kegalle,Intermediate,Maha,5.97,0.051,6.3,124.4,1.96,190.9,27.6,130,60,20,267.7,120.7,33.9
8748,Trincomalee,Dry,Yala,6.46,,11.2,81.1,1.08,87.4,31.1,100,40,40,204.5,85.2,65.6
8749,Anuradhapura,Dry,Yala,7.5,0.14,11.3,101.6,1.49,41.4,27.8,120,40,20,246.2,82.7,31.6
8750,Batticaloa,Dry,Maha,7.12,0.178,5.9,95.1,,230.6,29.9,100,60,40,204.4,135.4,62.9
8751,Trincomalee,Dry,Yala,7.19,0.143,11.7,48.4,1.15,30.6,31.5,120,40,60,265.2,81.1,100.9
8752,Mullaitivu,Dry,Maha,5.86,0.169,5.2,56.2,,171.3,30.8,100,60,60,207.5,131.4,97
8753,Matale,Intermediate,Maha,6.25,0.176,,52.8,1.86,163.1,29.5,100,20,60,209.3,42.2,107.5
8754,Colombo,Wet,Yala,4.56,0.192,10.2,117.6,2.95,392.6,25,100,40,20,206.8,82.2,32.8
8755,Vavuniya,Dry,Maha,5.81,0.151,14.6,54.9,0.9,,31.4,100,40,60,232.3,90.5,95.7
8756,Polonnaruwa,Dry,Maha,6.67,0.156,11.3,75.1,1.39,172.5,29,100,40,40,229,83.3,68
8757,Kilinochchi,Dry,Yala,7.08,0.108,12.2,114,1.45,34.1,30.5,120,40,20,250.4,83.4,32
8758,Jaffna,Dry,Yala,6.91,0.171,,94.6,0.65,22.2,27.2,100,40,40,211.8,84.1,66.6
8759,Gampaha,Wet,Yala,5.7,0.062,10.4,113.1,1.93,243.2,27.4,130,40,20,270.3,88.1,33.2
8760,Vavuniya,Dry,Maha,5.83,0.188,7.3,47.1,0.7,122.9,31.9,100,60,60,217.1,133.5,99.3
8761,Puttalam,Dry,Yala,7.49,0.111,8.2,62.1,0.72,61.5,31.2,120,60,40,242.1,121,69.7
8762,Colombo,Wet,Maha,4.65,0.112,5.9,105.4,1.52,395.2,26,120,60,20,267.6,125.4,31.9
8763,Colombo,Wet,Yala,5.41,0.056,8.3,119,2.38,312.7,27.4,130,60,20,283.6,129,35.3
8764,Batticaloa,Dry,Maha,7.48,0.135,13.3,118.6,1.13,142,31,120,40,20,276.5,84.8,34.8
8765,Colombo,Wet,Maha,4.63,0.086,11.5,139.9,2.15,211.1,24.7,130,40,20,268.4,92,32.5
8766,Anuradhapura,Dry,Yala,7.4,0.103,5.2,98.2,0.61,38.8,29.2,120,60,40,272.8,136,63.5
8767,Ampara,Dry,Yala,5.55,0.185,13.3,106.8,0.73,63.3,31.6,100,40,20,226.9,88.6,32.2
8768,Polonnaruwa,Dry,Maha,7.08,0.176,10,103,,276,31.5,100,40,20,205.2,84.9,32.5
8769,Kandy,Wet,Yala,5.95,0.114,7.7,134.8,1.66,224.1,26.3,120,60,20,256.9,134.3,33.6
8770,Ratnapura,Wet,Yala,5.87,0.058,8.3,130.6,2.08,356.3,27,130,60,20,268.6,137.1,31
8771,Anuradhapura,Dry,Maha,5.61,0.136,12.9,91.4,1.22,191.2,31.4,120,40,40,251.3,88.2,70.8
8772,Monaragala,Intermediate,Maha,6.7,0.18,7.1,72.2,1.11,114.7,27.2,100,60,40,209.7,136,62.7
8773,Batticaloa,Dry,Yala,5.97,0.095,,117.3,0.9,78.8,27.5,130,60,20,285,135.3,32.2
8774,Polonnaruwa,Dry,Maha,7.07,0.066,12.7,73.6,1,231.1,,130,40,40,278.8,87.9,62.8
8775,Gampaha,Wet,Maha,4.89,0.16,7.8,133.4,2.44,292.5,24.9,100,60,20,232,126.7,32.1
8776,Gampaha,Wet,Maha,5.69,0.119,8.3,80.1,2.19,325.7,,120,60,40,246.3,135.2,70.1
8777,Kegalle,Intermediate,Yala,6.44,0.148,15.5,62.9,1.11,233.5,26.7,120,20,40,279.4,41.6,67.9
8778,Kandy,Wet,Maha,5.7,0.181,7.9,87.8,2.46,350.5,25.6,100,60,40,208.6,135.9,64
8779,Monaragala,Intermediate,Yala,5.33,0.19,,99.4,1.71,150.8,28.7,100,60,40,226.3,136.4,70.4
8780,Polonnaruwa,Dry,Yala,7.49,0.112,6.9,,0.92,20.4,29,120,60,60,254.6,136.7,104.5
8781,Anuradhapura,Dry,Yala,7.34,,6,,0.98,74.7,31.4,120,60,60,246.9,129.9,103.8
8782,Trincomalee,Dry,Yala,6.24,0.076,12.2,105,0.97,77.8,28.2,130,40,20,297.8,83,35
8783,Galle,Wet,Maha,4.84,,5.6,92.8,2.46,267.4,27.1,100,60,40,211.2,122.6,67.9
8784,Kalutara,Wet,Maha,5.25,0.054,10.9,,1.7,231.4,25.8,130,40,20,289.3,90.2,33.3
8785,Vavuniya,Dry,Maha,7.44,0.184,10.3,113.3,,241.7,29.3,100,40,20,219.6,92,32.7
8786,Kegalle,Intermediate,Yala,6.74,,19.2,109.4,1.22,,26.7,120,20,20,259.8,44.5,31.9
8787,Galle,Wet,Yala,4.9,0.18,5.5,126.9,2.69,275.2,24.7,100,60,20,217.3,123.4,33.6
8788,Kalutara,Wet,Maha,5.1,0.164,7.4,68.9,2.19,200.8,27.8,100,60,40,225,138.9,70.6
8789,Kegalle,Intermediate,Yala,6.14,0.196,18.2,71.3,1.67,100.8,26.5,100,20,40,204,46.7,67.6
8790,Polonnaruwa,Dry,Maha,7.12,0.195,11.5,83.8,0.7,173.5,28.3,100,40,40,222.9,86.1,70.9
8791,Monaragala,Intermediate,Maha,6.37,0.139,13.8,51.7,1.42,,27.2,120,40,60,276.4,88.2,97.9
8792,Galle,Wet,Yala,4.87,0.076,9,132.6,1.95,285.5,27.8,130,60,20,263.9,135.8,34.3
8793,Kegalle,Intermediate,Yala,5.68,0.062,5.5,111.9,1.21,105.6,27.4,130,60,20,267.4,135,34
8794,Badulla,Intermediate,Yala,6.77,0.143,,110.5,1.55,153.8,29.1,120,20,20,269.4,46.6,34.2
8795,Gampaha,Wet,Maha,5.87,0.18,6.4,105.6,2.12,395.8,24.4,100,60,20,215.4,122.9,34
8796,Batticaloa,Dry,Maha,7.27,0.121,7,102.8,0.72,259.5,31.7,120,60,20,257.1,132,31.9
8797,Matale,Intermediate,Maha,5.67,0.114,19.5,128.2,1.61,188,27.2,120,20,20,246.7,44.8,31.5
8798,Ratnapura,Wet,Maha,5.24,0.132,9.1,114.9,1.66,278.6,27,120,60,20,261.2,138,35.7
8799,Batticaloa,Dry,Yala,6.52,0.08,,,0.79,21,31.3,130,60,20,266.8,137.7,31
8800,Matara,Wet,Yala,4.6,0.102,10.2,85.6,1.79,374,,120,40,40,260,93.2,66.4
8801,Jaffna,Dry,Yala,7.02,0.153,12.2,74.9,1.04,25.8,27.2,100,40,40,226,87.2,66
8802,Mannar,Dry,Maha,5.74,0.085,11.8,47.9,0.59,262.8,31.1,130,40,60,272.4,91.3,97.9
8803,Matale,Intermediate,Maha,5.39,0.184,19.6,78,1.1,177.5,27.8,100,20,40,216.8,43,69.5
8804,Polonnaruwa,Dry,Yala,6.27,0.148,12.8,87.9,,51.7,31.4,120,40,40,280.2,86,69.2
8805,Colombo,Wet,Maha,5.03,0.182,9.1,140.4,2.54,382.3,25.2,100,60,20,223.5,125.6,35.3
8806,Kegalle,Intermediate,Maha,5.22,0.07,6.5,108.6,1.58,111,29.9,130,60,20,297.1,136.6,32.8
8807,Matale,Intermediate,Yala,5.66,0.092,10.1,123,1.86,178.2,26.9,130,40,20,279,93.3,33.6
8808,Monaragala,Intermediate,Yala,5.44,,10.9,69.8,,215.4,29.1,130,40,40,294,83.8,70.6
8809,Monaragala,Intermediate,Maha,5.29,0.178,13.1,89.6,1.53,218.4,30,100,40,40,202.4,81.2,71.6
8810,Colombo,Wet,Maha,5.82,0.087,9.3,63,2.12,343.9,26.8,130,60,40,266.6,136.6,71.4
8811,Trincomalee,Dry,Yala,5.57,0.145,7.8,82.7,0.79,58.8,27.5,120,60,40,249.3,132.8,68.9
8812,Nuwara Eliya,Wet,Yala,5.65,0.145,9.5,132.4,1.6,392,26.9,120,60,20,257.1,139.4,31.5
8813,Polonnaruwa,Dry,Yala,7.16,0.167,5.1,44.9,1.42,50.3,,100,60,60,228.7,125.6,92.8
8814,Kilinochchi,Dry,Maha,7.06,0.136,,96,1.44,124,31.3,120,60,40,254.9,122,70
8815,Matale,Intermediate,Yala,5.25,0.051,7.4,99.3,1.45,,28.9,130,60,40,289.2,130.3,70.1
8816,Kilinochchi,Dry,Yala,6.47,0.187,8.5,106.3,0.75,53.4,28.9,100,60,20,224.2,122.3,34.5
8817,Kandy,Wet,Yala,5.59,0.051,5.5,83.7,2.66,211.5,25,130,60,40,286.3,125.7,64.5
8818,Batticaloa,Dry,Maha,7.41,0.098,13.4,,0.99,293.6,32,130,40,40,276.5,82.1,68.1
8819,Kegalle,Intermediate,Maha,5.81,0.114,16.5,59.7,1.89,178.7,26.5,120,20,60,263.9,41.7,97.2
8820,Jaffna,Dry,Yala,6.97,0.053,13.5,102.5,1.17,65.8,31.8,130,40,20,275.9,81.9,33.1
8821,Matale,Intermediate,Yala,6.6,0.099,20,75.3,,234.8,29.6,130,20,40,265,46.5,65.5
8822,Gampaha,Wet,Yala,4.65,0.087,8,142.2,1.8,278.6,24.3,130,60,20,303.5,126.1,35.4
8823,Ratnapura,Wet,Maha,5.33,0.074,6.3,133.4,1.98,250.5,25.3,130,60,20,266.8,129.3,32
8824,Mullaitivu,Dry,Maha,,0.136,5.9,91.3,1.16,296.3,,120,60,40,244.2,138.2,67.5
8825,Matale,Intermediate,Yala,5.48,0.164,18,68.7,1.61,152,27.6,100,20,40,229.7,44.7,65.3
8826,Badulla,Intermediate,Yala,5.87,0.165,13.7,121.5,1.6,228.4,27,100,40,20,210.9,88.5,34.1
8827,Hambantota,Dry,Maha,5.86,0.104,10.8,103.5,1.41,264.1,29,120,40,20,266.8,89.7,33.6
8828,Colombo,Wet,Maha,4.62,0.079,8.9,70.5,1.59,207.1,25.2,130,60,40,275.4,136.8,70.9
8829,Hambantota,Dry,Yala,6.93,0.147,11.8,113.6,0.76,,29.7,120,40,20,256.7,91.9,31.3
8830,Kurunegala,Intermediate,Yala,6.39,0.108,16.4,60.8,1.87,222.2,29.7,120,20,40,251.6,44.4,63.9
8831,Ratnapura,Wet,Yala,4.87,0.063,10.6,87.5,2.28,217.4,26.1,130,40,40,275.9,92.1,69.4
8832,Gampaha,Wet,Yala,5.95,0.131,8.1,118.7,2.06,310.7,27.1,120,60,20,257.4,131.1,32.6
8833,Matale,Intermediate,Yala,6.53,0.125,10.7,116,,,30,120,40,20,269.5,84.1,31.6
8834,Hambantota,Dry,Maha,7.41,0.109,14.5,58.1,1.18,120.6,27.4,120,40,60,261.4,92,100
8835,Ratnapura,Wet,Yala,5.49,0.166,9.7,120.4,1.68,241.9,25.2,100,60,20,231.9,131.2,34.1
8836,Puttalam,Dry,Yala,6.49,0.068,14.4,56,1.49,56,30.5,130,40,60,263.2,92.3,93.2
8837,Gampaha,Wet,Maha,5.36,0.184,7,123.3,2.41,336.9,24.8,100,60,20,217.5,121.4,32.3
8838,Kegalle,Intermediate,Yala,6.43,0.198,6.5,,1.25,109.6,28.1,100,60,20,220.1,128.4,34.8
8839,Ampara,Dry,Maha,7.42,0.14,14.7,60.7,0.56,192.6,31,120,40,40,277.3,92.8,66.9
8840,Nuwara Eliya,Wet,Yala,4.7,0.11,8.7,111.7,2.74,249.3,27.6,120,60,20,243.3,125.5,31
8841,Trincomalee,Dry,Maha,6.85,0.124,10.4,53.9,1.43,219.1,30.2,120,40,60,263.8,92.8,96.7
8842,Kegalle,Intermediate,Maha,6.41,0.1,10,91.7,1.68,196.3,27.7,120,40,40,274.7,92.9,68.1
8843,Kilinochchi,Dry,Yala,5.77,0.094,13.9,83.4,0.58,99.3,27.7,130,40,40,271.7,92,63.7
8844,Kilinochchi,Dry,Maha,5.52,0.196,10.4,60.1,0.88,201.6,29.3,100,40,40,229.7,87.8,70
8845,Monaragala,Intermediate,Yala,6.69,0.087,15.6,79.4,1.09,173.7,28.4,130,20,40,262.2,44.5,68.5
8846,Kurunegala,Intermediate,Yala,6.11,0.196,12.2,126,1.43,212.8,26.5,100,40,20,225,91.8,33.2
8847,Vavuniya,Dry,Yala,7.26,0.187,9.7,113.9,1.19,49.6,27.1,100,60,20,231.5,135.8,35.4
8848,Mannar,Dry,Maha,,0.085,11.8,60.8,1.47,136.2,28.8,130,40,40,289.3,88.7,65.6
8849,Vavuniya,Dry,Maha,7.12,0.058,6.2,68.9,0.99,129.1,,130,60,40,280,139.8,64
8850,Ratnapura,Wet,Yala,5.16,0.11,,82.2,1.94,215.5,26.9,120,60,40,243.1,134,68.3
8851,Badulla,Intermediate,Yala,6.58,0.174,6.4,71.3,1.07,158.3,29.1,100,60,40,231.1,139.7,67.4
8852,Matara,Wet,Yala,5.1,0.136,7.3,124.1,2.08,395.1,26.3,120,60,20,259.7,121.7,32.5
8853,Puttalam,Dry,Maha,6.23,0.191,11.5,80.8,1.16,255.5,31.2,100,40,40,202,82.3,65.1
8854,Vavuniya,Dry,Maha,6.27,0.175,9.1,80.2,1.11,169.4,28.1,100,60,40,223.6,129.5,65.7
8855,Badulla,Intermediate,Yala,5.91,0.166,19,67.5,,113.9,28,100,20,40,216.8,42.7,64.6
8856,Polonnaruwa,Dry,Maha,6.97,0.091,9.5,109.2,0.58,224.7,29.1,130,60,20,266.7,135.9,34.4
8857,Puttalam,Dry,Yala,7.02,0.142,5,89.4,0.68,54,,120,60,40,249.7,123.8,68.2
8858,Anuradhapura,Dry,Yala,,0.175,8.9,70.5,0.64,75.2,30.4,100,60,40,203.2,139.7,66.1
8859,Monaragala,Intermediate,Maha,5.9,0.104,19.1,97.9,1.92,218.6,26,120,20,40,263.8,42.3,65.7
8860,Galle,Wet,Maha,5.52,0.167,,103.4,1.71,,24.8,100,60,20,221.4,129,32.6
8861,Matale,Intermediate,Maha,5.92,0.125,16.6,109.1,1.94,218.1,26.6,120,20,20,261.1,42,32.2
8862,Kilinochchi,Dry,Maha,7.14,0.105,11.3,108.8,1.22,124.8,29.4,120,40,20,273.3,88,31.2
8863,Polonnaruwa,Dry,Maha,7.37,,11.6,64.5,0.9,205.3,30,130,40,40,297.9,81.2,64.4
8864,Anuradhapura,Dry,Yala,7.07,0.131,9.9,60.8,0.51,31.6,27.5,120,60,40,265.4,123.5,64.9
8865,Kalutara,Wet,Yala,5.36,0.181,9,149.7,2.17,359.7,25,100,60,20,201.5,135.2,33.5
8866,Anuradhapura,Dry,Maha,6.05,0.129,12,101.8,1.24,238.7,28.1,120,40,20,268.5,82.9,34.7
8867,Batticaloa,Dry,Maha,5.65,0.143,6.3,99.4,1.18,230.3,29.8,120,60,40,257.7,125.2,65.7
8868,Jaffna,Dry,Maha,,0.176,6.7,114.1,0.6,259.7,30.2,100,60,20,219.5,136.1,35.5
8869,Kegalle,Intermediate,Yala,6.05,0.177,16.6,84.3,1.77,162.6,26.6,100,20,40,222.3,40.8,70
8870,Monaragala,Intermediate,Maha,5.64,0.115,16,68.8,1.92,123.9,29.6,120,20,40,255,43.1,71.6
8871,Anuradhapura,Dry,Maha,5.53,0.129,6.6,92.7,1.36,244.1,27.5,120,60,40,277.2,121.1,70.5
8872,Puttalam,Dry,Yala,6.62,0.132,12.3,113,0.55,48.2,28.7,120,40,20,246.6,85,33.9
8873,Kegalle,Intermediate,Maha,6.15,,9.2,72.1,1.8,151.1,27.7,120,60,40,267.6,134.3,67.7
8874,Vavuniya,Dry,Yala,6.7,0.155,6.9,54.1,1.47,84.2,30.2,100,60,60,201.2,122.4,94.4
8875,Polonnaruwa,Dry,Maha,7.02,0.129,7.2,93.9,,150.2,28.6,120,60,40,277.5,138,68.9
8876,Anuradhapura,Dry,Yala,5.82,0.07,5.9,86.1,1.24,30.2,28,130,60,40,266.2,138.4,67.7
8877,Gampaha,Wet,Yala,5.14,0.118,,63.6,2.43,375,,120,60,40,245,122.7,66.8
8878,Matara,Wet,Yala,5.18,0.093,10.1,140.1,2.35,330,24.7,130,40,20,275.5,93.4,34.3
8879,Kegalle,Intermediate,Maha,6.51,0.189,5.4,93,1.86,132.3,27.1,100,60,40,213.3,126.4,66.1
8880,Gampaha,Wet,Maha,5.71,0.136,,,3,230.5,27.2,120,40,40,249.7,81.6,66.9
8881,Kandy,Wet,Yala,5.51,0.189,5.4,90.4,1.82,275.5,25.4,100,60,40,220.2,120.7,65.7
8882,Gampaha,Wet,Yala,4.85,0.082,10.7,91.6,1.53,239.9,24.1,130,40,40,280.2,85.8,68.9
8883,Vavuniya,Dry,Yala,7,0.069,10.6,69.7,1.06,92.7,29.8,130,40,40,262.9,88.7,70.5
8884,Mannar,Dry,Yala,,,12.8,114.4,0.92,21.2,29.7,120,40,20,253.8,84.8,35
8885,Kurunegala,Intermediate,Maha,,0.123,6.1,118.8,1.61,,28,120,60,20,273,137,34.7
8886,Galle,Wet,Yala,4.8,0.139,6.1,128.6,2.25,281.2,25.7,120,60,20,268.3,134.6,30.9
8887,Matale,Intermediate,Yala,5.87,0.08,15.3,69.9,1.71,181,29.1,130,20,40,292.1,42.5,70.8
8888,Anuradhapura,Dry,Yala,7.29,0.064,9.3,56,1.12,62.4,29,130,60,60,291,135,96.6
8889,Hambantota,Dry,Maha,6,0.17,6.1,111.2,0.57,253.2,27.6,100,60,20,211.2,139,35.2
8890,Galle,Wet,Maha,5.62,,6,81.3,2.67,285.1,28,100,60,40,204.3,122.4,63.7
8891,Polonnaruwa,Dry,Maha,6.76,0.154,14.1,118.1,1.18,233.5,29.4,100,40,20,210,84.5,33
8892,Colombo,Wet,Maha,5.5,0.059,8,60.3,2.59,234.2,26.8,130,60,40,296.7,129.7,69.2
8893,Batticaloa,Dry,Yala,6.93,0.145,8.3,59.7,0.72,40,30.7,120,60,60,279.7,130.4,102.1
8894,Gampaha,Wet,Maha,5.82,0.127,5.1,73.2,2.78,356,25,120,60,40,260.7,131.2,65.9
8895,Mullaitivu,Dry,Yala,7.37,,14.7,44.6,0.96,57.9,27.5,120,40,60,241.7,84.4,102.7
8896,Kegalle,Intermediate,Yala,5.42,0.166,13.3,89.6,1.76,,29.8,100,40,40,205.7,89.2,67.2
8897,Galle,Wet,Maha,5.24,0.122,6.2,122.9,2.21,321.6,27.3,120,60,20,253.9,133.2,32.2
8898,Gampaha,Wet,Maha,5.15,0.138,10.3,139.4,,343,25,120,40,20,264,88,34
8899,Kandy,Wet,Maha,5,0.154,,125.1,2.47,203.2,25.7,100,60,20,203.5,122.8,31.8
8900,Kilinochchi,Dry,Yala,5.9,0.078,5.1,113.5,1.04,63.5,28.4,130,60,20,301.4,129.9,34.3
8901,Badulla,Intermediate,Yala,6.45,0.09,16.2,113.8,1.03,176,29.1,130,20,20,276.9,42.6,30.8
8902,Puttalam,Dry,Maha,6.99,0.197,13.5,120,0.58,224.3,29.3,100,40,20,230.9,86.9,33.5
8903,Ratnapura,Wet,Yala,5.49,0.176,6.6,146,2.6,,24.4,100,60,20,226.5,138.7,32.8
8904,Matara,Wet,Yala,5.52,0.147,5,92.6,2.34,306.8,26.3,120,60,40,270.9,130,64.7
8905,Nuwara Eliya,Wet,Yala,5.66,0.091,9,109,1.72,322.7,,130,60,20,287.1,120.9,33.4
8906,Mannar,Dry,Yala,6.59,,8.3,68.4,0.86,56.2,28.7,120,60,40,265.9,129.2,68.2
8907,Kegalle,Intermediate,Maha,6.33,0.132,14.5,,1.69,103.2,28.3,120,40,40,266.3,91.2,71.4
8908,Nuwara Eliya,Wet,Yala,5.23,0.125,11.8,101.3,1.78,279.3,25.7,120,40,20,265.9,90.7,35
8909,Kegalle,Intermediate,Yala,6.74,0.114,15.7,106.4,1.62,203.4,,120,20,20,263,43.6,34.4
8910,Puttalam,Dry,Yala,6.42,0.057,11,112.9,1.4,26.4,29.9,130,40,20,303.2,83.7,33.2
8911,Galle,Wet,Yala,5.92,0.193,7.4,107.5,2.39,219.5,25.4,100,60,20,225,129.7,32.8
8912,Puttalam,Dry,Yala,6.2,0.079,9,75.4,0.57,79.9,,130,60,40,294.3,131.6,62
8913,Hambantota,Dry,Yala,6.21,0.189,6.4,56.3,1.47,92.4,27.7,100,60,60,229.5,140.2,97.9
8914,Mannar,Dry,Yala,7.04,0.075,12,69.2,0.51,55.6,29.9,130,40,40,270.5,88.9,70.2
8915,Puttalam,Dry,Yala,,0.138,5.9,47.4,1.2,67.9,29.8,120,60,60,244.6,134.2,98.3
8916,Nuwara Eliya,Wet,Yala,4.51,0.055,8,136.6,2.75,302.6,26.8,130,60,20,281.9,130.2,33.1
8917,Gampaha,Wet,Yala,4.55,0.128,8.6,145.7,1.91,,25.2,120,60,20,261.5,127.6,32.2
8918,Polonnaruwa,Dry,Yala,6.18,0.154,10.2,110.4,1.41,53.4,29.7,100,40,20,228.1,91.1,32.2
8919,Gampaha,Wet,Yala,4.62,0.191,5.1,91.8,2.77,370,,100,60,40,215.6,130.3,62.3
8920,Trincomalee,Dry,Maha,6.33,0.1,13.5,43.5,0.51,259,31.7,120,40,60,263.7,93.5,101.7
8921,Kegalle,Intermediate,Maha,6.64,0.174,14.3,90.8,1.84,232.2,29.1,100,40,40,218.3,86.4,66.2
8922,Batticaloa,Dry,Maha,6.64,0.189,,102.4,1.23,265.2,31,100,40,20,202.3,81.4,33.8
8923,Ampara,Dry,Maha,5.53,0.077,13.1,99,,257.9,31.4,130,40,40,287.5,89.4,67.2
8924,Vavuniya,Dry,Maha,6.49,0.164,6.2,112.5,1.44,256.1,29.6,100,60,20,228.1,121.5,34.8
8925,Matale,Intermediate,Yala,5.94,0.077,12.6,93.4,1.71,190.7,27.4,130,40,40,268.1,83.7,69.2
8926,Polonnaruwa,Dry,Yala,6.7,0.18,14.2,88.5,1.1,49.3,29,100,40,40,220.5,85.1,69.4
8927,Kalutara,Wet,Yala,5.87,0.123,9.4,92.3,1.72,379.1,26.1,120,60,40,264.6,135.1,66.7
8928,Kalutara,Wet,Yala,4.94,0.13,8.7,133,2.08,211.2,27.3,120,60,20,247.8,130.3,32.6
8929,Kilinochchi,Dry,Maha,6.01,0.149,6.3,46.9,1.09,225.3,28,120,60,60,246.2,121.2,106.5
8930,Badulla,Intermediate,Yala,6.74,0.078,14.9,117.7,1.08,,26.4,130,40,20,302.9,88.5,31.1
8931,Jaffna,Dry,Yala,6.18,0.076,11.3,40.2,0.76,78.6,29.9,130,40,60,278.1,85.8,94.8
8932,Matale,Intermediate,Yala,5.9,0.078,10.7,115.3,1.4,,29.6,130,40,20,271,92.5,32.9
8933,Gampaha,Wet,Yala,4.94,,10.6,103.8,2.5,399.7,25.4,100,40,20,206.7,87,33.9
8934,Polonnaruwa,Dry,Maha,6.27,0.1,9.9,107.7,1.07,,29.2,120,60,20,267.5,134.5,30.8
8935,Trincomalee,Dry,Maha,7.21,0.156,9.1,111,,,30,100,60,20,221,124.9,34.4
8936,Badulla,Intermediate,Yala,6.72,0.088,16.5,86.9,1.13,108.7,27.2,130,20,40,288.7,45.2,67.3
8937,Ampara,Dry,Maha,6.07,,9,71.9,0.58,207.1,29.3,100,60,40,204,134.7,66.5
8938,Kalutara,Wet,Yala,5.49,0.075,7.1,133.8,1.75,342.1,25.5,130,60,20,299.3,138.3,32.9
8939,Mullaitivu,Dry,Yala,5.56,0.117,5.5,43,1.19,48.2,31.6,120,60,60,256.6,121.3,100.3
8940,Puttalam,Dry,Maha,6.82,0.185,11.9,117.6,0.58,125.4,28.5,100,40,20,211.3,86.3,31.6
8941,Batticaloa,Dry,Yala,5.87,0.132,5.2,103,1.17,94.3,31.5,120,60,20,259.4,133.9,31.3
8942,Monaragala,Intermediate,Yala,6.46,0.127,7,51.1,1.34,145.5,27.3,120,60,60,256.6,122.5,96.8
8943,Nuwara Eliya,Wet,Yala,5.46,0.127,10.5,133,2.45,264.9,27.4,120,40,20,275.1,85.8,34.3
8944,Ampara,Dry,Maha,5.71,0.118,14.5,96.2,1.03,296.6,27.7,120,40,40,277.7,92.8,67.6
8945,Monaragala,Intermediate,Yala,6.46,0.16,13.2,97.7,1.8,235.2,27.1,100,40,40,211,86.2,66.5
8946,Ratnapura,Wet,Yala,4.55,0.196,5.9,120.5,,320.1,24.8,100,60,20,229.3,139.9,33.7
8947,Puttalam,Dry,Yala,6.84,0.056,8.1,80.1,1.05,47.1,29.3,130,60,40,294.5,121.7,67.3
8948,Jaffna,Dry,Maha,6.53,0.149,11.1,97.3,0.72,160.7,28.4,120,40,40,277.8,89.8,64.8
8949,Mannar,Dry,Yala,6.37,0.107,6,,1.23,81.6,31.2,120,60,20,250.9,132,31.3
8950,Anuradhapura,Dry,Yala,7.44,0.103,10.9,119.7,1.1,,28.7,120,40,20,263.9,87,35.3
8951,Kandy,Wet,Yala,5.1,0.172,10.4,,2.04,241.3,24.1,100,40,40,210,93.1,67.7
8952,Kurunegala,Intermediate,Maha,6.42,0.058,6,100.9,1.94,194.9,29.2,130,60,20,296.3,123.2,34.3
8953,Puttalam,Dry,Yala,6.73,0.146,14.9,70.8,1.06,36.2,,120,40,40,241.5,92.2,66.3
8954,Colombo,Wet,Maha,5.01,0.18,11.1,119.1,2.93,221.1,26.5,100,40,20,219.5,89.5,34.6
8955,Jaffna,Dry,Maha,6.38,0.09,13.8,47.6,1.02,137.3,27.2,130,40,60,275.8,83.9,101.3
8956,Vavuniya,Dry,Yala,6.94,0.087,5.8,100,1.15,54.8,27.2,130,60,20,275.1,138.3,31.1
8957,Trincomalee,Dry,Yala,6.45,,5,74.8,1.34,97.9,29.3,130,60,40,288.7,129,70.6
8958,Hambantota,Dry,Yala,6.07,0.173,,77.9,0.69,25.8,,100,60,40,228.9,136.5,64.8
8959,Monaragala,Intermediate,Maha,5.95,0.09,14.8,91,1.24,110.7,29.8,130,40,40,287.2,85.5,63.1
8960,Kilinochchi,Dry,Maha,5.86,0.151,6.2,80.4,1.42,127.3,30.4,100,60,40,228.9,137.3,62.6
8961,Nuwara Eliya,Wet,Maha,4.8,0.194,11.1,61.3,2.02,261,26.8,100,40,40,209.7,88.8,68.9
8962,Ampara,Dry,Yala,7.33,0.159,8.2,42.2,1.37,84.2,28.6,100,60,60,218,123.4,103.1
8963,Kegalle,Intermediate,Yala,6.35,0.061,14.3,127.3,1.71,184.2,28.1,130,40,20,280.5,89,34.3
8964,Polonnaruwa,Dry,Maha,7.35,0.07,5.1,106.5,0.56,239.7,31.8,130,60,20,261.9,124.4,35.4
8965,Kilinochchi,Dry,Maha,6.64,0.166,14.6,85.9,1.09,227.5,31,100,40,40,219.3,85.9,65.2
8966,Batticaloa,Dry,Maha,6.56,0.082,14.3,53,,151.7,31.7,130,40,60,289.4,82.7,100.9
8967,Ratnapura,Wet,Maha,5.07,0.072,10.3,68.7,1.93,298.8,24.1,130,40,40,286.5,80.8,67.9
8968,Kilinochchi,Dry,Yala,6.05,0.169,11.2,110.9,1.09,74.9,30.4,100,40,20,225.1,83.2,35.7
8969,Kegalle,Intermediate,Maha,,0.148,13,71.3,1.45,120.1,26.3,120,40,40,263.7,87.5,64.8
8970,Vavuniya,Dry,Yala,5.97,0.051,13.1,114.8,1.44,44.5,30.1,130,40,20,264.2,86.8,35.6
8971,Batticaloa,Dry,Yala,5.63,0.137,6.9,41.3,,50.9,31.1,120,60,60,245.9,130.4,94.7
8972,Kilinochchi,Dry,Maha,5.63,0.145,10.9,44.1,1.49,150.5,31.9,120,40,60,264.7,83.7,104
8973,Anuradhapura,Dry,Yala,6.07,0.054,11.6,96.5,0.66,34,30.1,130,40,40,273.1,89.4,68
8974,Nuwara Eliya,Wet,Yala,5.18,0.136,7.1,140.6,1.79,316.6,24.6,120,60,20,244.4,134.4,34.9
8975,Kilinochchi,Dry,Maha,6.26,0.149,13.6,84.6,,256.3,30.5,120,40,40,258.1,85.1,62
8976,Polonnaruwa,Dry,Maha,7.35,0.084,14.5,92.9,1.31,151.4,28.7,130,40,40,284.9,92,62.5
8977,Gampaha,Wet,Yala,4.5,0.083,5.3,102.6,1.79,260.3,27.2,130,60,20,275.3,133.2,31.2
8978,Hambantota,Dry,Maha,7.01,0.187,,63.4,1.02,233.4,28.9,100,60,40,224.6,134.6,67.6
8979,Kandy,Wet,Yala,5.95,0.127,6.4,126.9,2.68,225.5,27.5,120,60,20,266.5,126,33.8
8980,Ratnapura,Wet,Yala,5.11,0.079,8.6,133.3,1.61,285.9,26.1,130,60,20,275.5,120.6,35.3
8981,Mullaitivu,Dry,Maha,6.9,0.115,9.9,91.1,0.61,298,30,120,60,40,270.9,137.5,66.4
8982,Gampaha,Wet,Yala,4.52,0.084,6.2,105.7,2.3,,27.1,130,60,20,288.9,136.7,31.1
8983,Vavuniya,Dry,Yala,,0.082,6.8,45.8,1.08,98.9,29.5,130,60,60,288.4,123,95.6
8984,Badulla,Intermediate,Yala,5.84,0.131,16.9,62.4,1.06,106.2,26.4,120,20,40,263,42.7,61.8
8985,Galle,Wet,Maha,5.97,0.196,9.9,,2.25,312.8,25.3,100,60,20,201.5,133.6,34.7
8986,Puttalam,Dry,Yala,7.32,0.156,6.7,58.4,0.57,42.9,29,100,60,60,223.8,133.4,104.7
8987,Ampara,Dry,Yala,,0.145,11.3,53.6,1.18,,27.2,120,40,60,256,91.7,107.5
8988,Batticaloa,Dry,Maha,7.35,0.125,14.7,41.6,1.13,255.9,29.7,120,40,60,278.2,82.3,98.7
8989,Trincomalee,Dry,Maha,6.69,0.178,13.6,69.5,1.32,230.6,31.7,100,40,40,227.8,86.1,61.9
8990,Galle,Wet,Maha,5,0.167,9.9,62,1.84,238.2,25.4,100,60,40,220.3,122.5,64
8991,Gampaha,Wet,Maha,5.96,0.084,11.4,106.9,2.43,392.8,27.1,130,40,20,272.1,85.6,33.7
8992,Hambantota,Dry,Yala,5.59,0.056,14.7,52,1.08,37,29,130,40,60,270,80.7,106.9
8993,Kilinochchi,Dry,Maha,7.25,0.113,8.3,59,1.2,264.8,27.5,120,60,60,254.7,138.2,94.1
8994,Colombo,Wet,Yala,4.91,0.08,9.7,137.1,2.08,294.9,26.8,130,60,20,281.6,130.9,31.4
8995,Ratnapura,Wet,Maha,5.18,0.122,10.1,86.8,1.7,224.5,24.3,120,40,40,252.9,91.6,68.7
8996,Matale,Intermediate,Yala,5.47,0.098,18.3,73.1,1.08,214.6,27.2,130,20,40,283.2,40.6,68.4
8997,Jaffna,Dry,Maha,6.86,0.138,5.3,52,0.68,255.3,27.8,120,60,60,247.8,125.1,96.3
8998,Monaragala,Intermediate,Yala,5.49,0.072,5.5,79.3,1.25,204.5,,130,60,40,302.9,125.7,69.8
8999,Kalutara,Wet,Yala,5.61,,9.8,113.3,2.39,243.1,26.1,120,60,20,245.6,128.2,31.4
9000,Ampara,Dry,Yala,7.22,0.194,8,93.8,1.29,76.5,27.2,100,60,40,231.5,136.3,71
9001,Kalutara,Wet,Maha,5.11,0.171,11.4,,2.67,242.3,26.2,100,40,20,230.9,85.5,31.8
9002,Matara,Wet,Yala,5.33,0.095,10.8,135.7,2.85,234.8,28,130,40,20,283.7,83.1,31.2
9003,Puttalam,Dry,Yala,6.11,0.09,7.9,105.2,,98.1,31.6,130,60,20,292.1,121.9,32.5
9004,Monaragala,Intermediate,Maha,5.7,0.117,5.7,101.9,1.46,247.2,29.3,120,60,20,258.4,122.2,31.7
9005,Batticaloa,Dry,Yala,,0.121,5,117.1,0.74,90.4,28.3,120,60,20,266,135.5,33.4
9006,Ampara,Dry,Yala,5.76,0.13,5.7,68.7,0.57,,,120,60,40,254.7,129.3,68.6
9007,Matara,Wet,Yala,5.31,0.097,6.3,102.3,2.4,314.2,25.9,130,60,20,274.2,134.8,33.3
9008,Kalutara,Wet,Maha,4.99,0.05,7.6,99.6,2.41,342.9,25.4,130,60,40,285.9,134,68.3
9009,Kurunegala,Intermediate,Yala,6.52,0.072,8.5,66.4,1.71,117.8,26.5,130,60,40,282.5,123.3,65.3
9010,Ratnapura,Wet,Yala,5.2,0.137,8.4,89.2,2.56,371.3,26.5,120,60,40,264,123.4,62
9011,Gampaha,Wet,Maha,5.03,0.063,10.4,86.4,2.94,276.7,24.1,130,40,40,273.6,90.3,71.4
9012,Hambantota,Dry,Yala,6,0.182,8.9,118.9,1.1,38.1,31.8,100,60,20,213.1,134.7,34.9
9013,Gampaha,Wet,Yala,5.78,0.08,8.8,,1.65,239.6,26.3,130,60,20,265,128,31.2
9014,Ampara,Dry,Maha,7.24,0.168,12.4,90.3,0.52,296.5,30.5,100,40,40,202.8,81.5,66.2
9015,Kilinochchi,Dry,Yala,6.4,0.197,12.8,81.6,1.09,73.5,28.9,100,40,40,209.4,80.6,68.1
9016,Ratnapura,Wet,Yala,4.7,0.129,8.5,64.2,2.01,377.6,26.8,120,60,40,244.2,126.3,63.6
9017,Kilinochchi,Dry,Maha,7.15,0.17,8.6,59.6,0.89,149.2,29.3,100,60,60,204.5,120.8,101.2
9018,Ampara,Dry,Maha,6.28,0.197,9.7,,0.66,198.2,28.1,100,60,60,227.6,125.1,100.5
9019,Trincomalee,Dry,Yala,6.58,0.128,14.8,53.7,0.76,73.8,31.5,120,40,60,242.9,85.9,95.6
9020,Ampara,Dry,Yala,6.59,0.169,8.9,92.2,1.29,25.6,28.1,100,60,40,222.6,123,63.1
9021,Gampaha,Wet,Yala,5.86,0.055,11.8,99.1,2.86,397.2,27.4,130,40,40,273,81.8,69.3
9022,Nuwara Eliya,Wet,Yala,5.68,0.158,10.7,83,,282,27.9,100,40,40,229.5,92.2,64.9
9023,Mullaitivu,Dry,Maha,5.84,0.138,13.7,47.2,0.8,252.2,29.7,120,40,60,260.3,88.1,96.2
9024,Puttalam,Dry,Yala,5.93,0.096,5.4,42.5,1.23,82.7,28.8,130,60,60,274.4,138.9,103.6
9025,Monaragala,Intermediate,Yala,,0.096,13.8,93.6,1.27,210.6,26.1,130,40,40,283.3,85,69.1
9026,Mullaitivu,Dry,Maha,6.44,0.158,14.7,,0.6,248.3,28.3,100,40,60,213.6,89.3,96.6
9027,Monaragala,Intermediate,Yala,6.78,0.058,15.1,75.2,1.42,139.8,27.2,130,20,40,285.3,41.6,70.4
9028,Mannar,Dry,Yala,6.92,0.192,13.7,69.2,1.14,83.8,29.9,100,40,40,204.8,88.5,68.6
9029,Kandy,Wet,Maha,5.83,0.197,11.3,69,2.94,386.3,24.1,100,40,40,233.6,82.2,65.2
9030,Mullaitivu,Dry,Yala,6.75,0.124,5,109.9,0.8,44.2,31.5,120,60,20,258,120.7,32.9
9031,Mannar,Dry,Yala,5.61,0.142,13,73,1.45,64.4,27.7,120,40,40,255,92.6,69
9032,Anuradhapura,Dry,Maha,6.32,0.189,7.1,91.7,0.56,253.8,27.7,100,60,40,224.3,131.5,63.8
9033,Kandy,Wet,Maha,5.04,0.051,10.4,82.8,2.52,253.9,27.3,130,40,40,276.8,92.6,66.4
9034,Monaragala,Intermediate,Maha,5.7,0.063,19.4,94.5,1.69,222.6,29.2,130,20,40,296.7,42.4,68.2
9035,Matara,Wet,Yala,4.53,0.087,6.3,98.2,2.08,351.2,26.9,130,60,40,280.7,127,67.1
9036,Kalutara,Wet,Yala,4.59,0.076,11.4,116.8,1.53,364,27.2,130,40,20,291.9,85.7,33.8
9037,Matale,Intermediate,Maha,5.84,,13.7,82.9,1.47,130.2,29.6,130,40,40,266,89.7,67.2
9038,Kalutara,Wet,Maha,4.78,,10.4,,2.57,214.7,28,100,40,40,228.7,87.9,63.7
9039,Vavuniya,Dry,Yala,7.28,0.091,,82.7,1.46,38.1,31.9,130,60,40,292.6,138.7,65.8
9040,Polonnaruwa,Dry,Yala,6.93,0.173,8.6,93.1,0.95,62.5,30.8,100,60,40,208,121.1,67
9041,Colombo,Wet,Yala,5.82,0.104,8.4,131.1,2.36,256.7,26.4,120,60,20,247,134.5,34.7
9042,Batticaloa,Dry,Maha,6.94,0.064,9.3,91.1,0.9,194.5,27.8,130,60,40,274.8,127.1,68.2
9043,Colombo,Wet,Maha,4.58,0.173,8.1,88.1,2.53,322.9,24,100,60,40,232.9,124.1,66
9044,Polonnaruwa,Dry,Yala,5.86,0.138,11.1,115,1.38,89.1,28,120,40,20,251.4,87.1,35.7
9045,Mannar,Dry,Maha,6.34,0.071,10.1,49.7,0.62,299.4,30.1,130,40,60,280.7,87.1,94.1
9046,Polonnaruwa,Dry,Yala,5.86,0.062,5.6,99.2,1.15,39.8,30.1,130,60,40,262.7,123.3,63.8
9047,Kegalle,Intermediate,Yala,6.04,0.152,5.5,58.6,1.19,232.6,27,100,60,60,214,124.6,97.6
9048,Mannar,Dry,Maha,,0.131,10.2,110.3,0.69,145.6,,120,40,20,263.7,85.8,31.9
9049,Kurunegala,Intermediate,Maha,6.59,,11.5,75.2,1.92,190.6,27.8,100,40,40,232.2,85.8,68
9050,Kalutara,Wet,Maha,5.11,0.158,9.3,99,2.73,325.6,26.5,100,60,40,217.9,126.8,62.1
9051,Galle,Wet,Maha,4.87,0.18,11.5,126.5,1.64,273.2,27.2,100,40,20,227.8,82.4,31.7
9052,Ratnapura,Wet,Yala,5.68,0.176,8.2,72.5,1.95,394.9,25.9,100,60,40,218.9,120.7,64.6
9053,Matale,Intermediate,Maha,5.6,0.082,12.9,110.7,1.26,104.9,28.6,130,40,20,263.1,93.1,34.2
9054,Mannar,Dry,Maha,5.73,0.118,12.9,109.8,1.21,241.7,31.8,120,40,20,253.7,92.8,35.2
9055,Polonnaruwa,Dry,Yala,,0.065,9,82.6,1.36,64.1,31.4,130,60,40,285.8,130.1,69.7
9056,Badulla,Intermediate,Maha,5.62,0.106,18.7,99.5,1.98,178.6,27.7,120,20,40,278.5,46.7,63.5
9057,Monaragala,Intermediate,Maha,6.16,0.191,14.7,67.1,1.42,228,27.8,100,40,40,229.1,89.3,67.4
9058,Badulla,Intermediate,Yala,6.69,0.19,15.1,69.4,1.7,101.3,26,100,20,40,208.5,40.7,62
9059,Ampara,Dry,Maha,6.86,0.162,14.5,110,1.45,259.2,29.2,100,40,20,208.3,82,32.4
9060,Nuwara Eliya,Wet,Maha,4.95,0.111,5.2,109.8,1.72,391.8,27.6,120,60,20,249.2,138.5,34.8
9061,Vavuniya,Dry,Yala,6.27,0.133,8.3,69.9,0.68,74.6,29.7,120,60,40,277.4,132.9,66.3
9062,Badulla,Intermediate,Maha,6.21,0.174,8.9,110.4,1.36,152.1,26.3,100,60,20,228.9,137.1,31.6
9063,Anuradhapura,Dry,Maha,6.48,0.158,8.4,90.2,1.44,201,30.3,100,60,40,226.4,138.2,66.1
9064,Batticaloa,Dry,Yala,6.14,0.098,8.1,87.7,1.31,,29.7,130,60,40,278.1,129.4,63.7
9065,Trincomalee,Dry,Maha,7.48,0.197,5.7,87.2,1.35,252.5,30.8,100,60,40,217.5,121.6,65.6
9066,Trincomalee,Dry,Yala,5.79,0.101,9.1,98.4,1.19,40.6,29.9,120,60,40,259.5,124.3,66.6
9067,Puttalam,Dry,Yala,6.24,0.081,12.3,84.4,1.16,25,28.3,130,40,40,272.1,81.3,65.2
9068,Ampara,Dry,Yala,6.89,0.196,9.2,111,0.74,64.7,27.2,100,60,20,217.6,124.3,35.5
9069,Matale,Intermediate,Maha,5.39,0.105,6.4,129.9,1.81,121.4,26.8,120,60,20,242.5,128.7,33.6
9070,Jaffna,Dry,Maha,6.01,0.155,13.7,55.5,1.19,198.7,31.7,100,40,60,205.4,82,105.1
9071,Kilinochchi,Dry,Yala,6.78,,5.5,97.3,1.1,73.7,30.4,120,60,40,276,123.9,69.3
9072,Jaffna,Dry,Yala,5.51,0.191,12.1,96.5,1.03,,27.8,100,40,40,225.6,86.3,68.3
9073,Jaffna,Dry,Yala,5.83,0.071,6.2,88.1,0.57,76.6,31.8,130,60,40,279.3,127.3,66.7
9074,Nuwara Eliya,Wet,Yala,5.6,0.097,11,130.6,1.71,340.8,27.3,130,40,20,283.3,86.6,30.8
9075,Kegalle,Intermediate,Yala,5.96,0.066,9.8,,1.18,219.6,28.9,130,60,40,277.1,129,67.8
9076,Jaffna,Dry,Maha,,0.059,10.4,115.2,0.51,177.2,31.1,130,40,20,292.8,88.9,32.6
9077,Kurunegala,Intermediate,Maha,6.3,0.198,16,116.6,1.61,140.8,27.1,100,20,20,226.7,46.4,31.4
9078,Vavuniya,Dry,Yala,6.07,0.052,13.9,75.9,1,72.5,,130,40,40,293.8,81.9,66.1
9079,Ratnapura,Wet,Maha,5.44,0.176,11.5,100.5,2.31,355.2,25.3,100,40,20,224.7,81.8,34.5
9080,Polonnaruwa,Dry,Yala,6.11,0.149,8.9,95.4,0.66,41.6,28.8,120,60,40,249.3,137.3,71.3
9081,Vavuniya,Dry,Yala,5.58,0.091,9.1,80.9,0.81,32,30.2,130,60,40,275.7,130.5,65.4
9082,Matale,Intermediate,Yala,5.85,0.163,,64.4,1.06,237.6,26.4,100,20,40,216.4,45.2,67.1
9083,Mannar,Dry,Yala,6.65,0.105,8.9,85.1,1.06,46.2,30.1,120,60,40,254.3,124.8,70.2
9084,Batticaloa,Dry,Maha,6.65,0.101,10.9,106.6,1.11,291.9,28.5,120,40,20,270.9,91.3,32.5
9085,Nuwara Eliya,Wet,Maha,5.81,0.083,10,122.1,2.02,201.9,26.2,130,40,20,275.4,92.5,31.5
9086,Mullaitivu,Dry,Maha,7.48,0.194,6.3,110.3,0.85,219.5,30.2,100,60,20,205.6,133.1,32.2
9087,Kandy,Wet,Yala,5.69,0.13,10.9,148.8,1.57,266.3,27.8,120,40,20,256.9,81.9,35.3
9088,Kandy,Wet,Yala,4.68,0.14,9.7,66.3,2.61,285.1,24.8,120,60,40,279.7,138.1,63.3
9089,Kurunegala,Intermediate,Yala,5.51,0.056,9.5,79.6,1.62,221.6,27.3,130,60,40,271,136.1,65
9090,Colombo,Wet,Yala,5.31,0.072,9.2,116.4,2.86,231.3,26.7,130,60,20,287.4,135.3,33.1
9091,Monaragala,Intermediate,Yala,5.77,0.102,14.6,63,1.35,108.9,27.1,120,40,40,258.3,81,70.2
9092,Jaffna,Dry,Yala,7.49,0.192,10.5,86.7,0.96,50.9,28.2,100,40,40,203.4,90.9,71.1
9093,Kalutara,Wet,Maha,5.34,0.085,6.9,69.6,,340.3,26.4,130,60,40,282.1,123.3,66
9094,Nuwara Eliya,Wet,Yala,5.83,0.197,10.8,76.9,2.92,289,27.5,100,40,40,224,83.4,71
9095,Kandy,Wet,Maha,5.19,0.169,7.8,120.7,2.22,284.4,27.4,100,60,20,217.8,131.9,31.6
9096,Matale,Intermediate,Maha,5.92,0.068,14.7,57.3,1.23,204.6,26.6,130,40,60,298.4,83.9,94.9
9097,Ratnapura,Wet,Yala,4.51,0.15,8.8,84.4,2.68,370.7,26.2,100,60,40,210.5,133.6,71.2
9098,Vavuniya,Dry,Yala,6.08,0.148,7.8,40.3,1.46,92.6,29.9,120,60,60,244.7,132.5,100.1
9099,Kandy,Wet,Yala,5.15,,11.7,107.1,2.8,394.1,27.9,100,40,20,231.6,81.9,31.7
9100,Matale,Intermediate,Yala,5.62,,,127.2,1.7,125.8,28.5,100,40,20,213.4,89,33.2
9101,Kandy,Wet,Maha,4.68,0.097,,89.3,1.88,306.3,26.2,130,40,40,285.8,92.5,69.5
9102,Colombo,Wet,Maha,5,0.197,7.8,109.3,2.72,312.6,24.9,100,60,20,226.9,123.8,34.9
9103,Trincomalee,Dry,Yala,6.48,0.087,13.1,,0.97,97.8,27.2,130,40,40,275.2,88.3,70.3
9104,Batticaloa,Dry,Yala,6.06,0.173,6.2,60.8,1.15,34,30.7,100,60,40,224.4,127.3,67.4
9105,Puttalam,Dry,Maha,6.92,0.176,5.3,80.7,1.32,279.1,,100,60,40,205.5,129.6,70.4
9106,Puttalam,Dry,Yala,6.65,0.107,9.3,42.4,0.69,32.6,27.5,120,60,60,252.7,126.2,100.2
9107,Polonnaruwa,Dry,Yala,6.3,0.145,10.8,53.1,0.85,54.3,29.7,120,40,60,247,85.1,101.6
9108,Matara,Wet,Yala,5.97,0.138,11.7,137.1,,378.1,25.3,120,40,20,273.1,80.9,34.6
9109,Batticaloa,Dry,Yala,6.12,0.165,5.9,55.4,1.22,81.5,29.2,100,60,60,208.4,139.8,98.9
9110,Ampara,Dry,Maha,7.4,0.117,12.2,79.6,1.49,122.7,28.9,120,40,40,269.4,88.6,62.4
9111,Ampara,Dry,Maha,5.8,0.071,5.9,40.9,1.12,149.4,28.6,130,60,60,301.4,130.4,97.8
9112,Matale,Intermediate,Yala,6.2,0.15,7.9,79.8,1.15,156.6,26.5,100,60,40,218.3,128.1,67.9
9113,Mullaitivu,Dry,Maha,6.16,0.099,14.1,65.1,1.49,166,,130,40,40,284.3,87.5,63.6
9114,Kurunegala,Intermediate,Yala,5.47,0.105,6.5,57.1,1.22,154.5,29.4,120,60,60,259.4,128.1,94.7
9115,Monaragala,Intermediate,Maha,5.82,0.178,6,93.9,1.8,115.4,28.3,100,60,40,211.7,127.7,64.6
9116,Galle,Wet,Maha,4.63,0.133,11.5,96.8,2.38,230.8,26.1,120,40,40,259.9,86.5,62
9117,Colombo,Wet,Maha,4.95,0.104,8.7,88.7,1.88,278.8,25.1,120,60,40,264.9,126,69.1
9118,Monaragala,Intermediate,Yala,6.15,0.105,13.7,54.8,1.66,205,28.7,120,40,60,279.9,82.8,96.4
9119,Polonnaruwa,Dry,Maha,7.32,0.05,9.5,90.5,1.15,294.5,28.4,130,60,40,301.2,131.5,62.9
9120,Matale,Intermediate,Maha,6.62,0.11,17.9,61.1,1.15,,28.4,120,20,40,275.1,45.7,68.7
9121,Anuradhapura,Dry,Maha,6.41,0.15,12.4,64.4,1.16,150.1,27.8,100,40,40,230.1,82.5,70.1
9122,Jaffna,Dry,Yala,5.7,0.146,14.8,58.5,0.51,31.8,29,120,40,60,259.6,80.9,92.8
9123,Monaragala,Intermediate,Maha,,,13.1,85.5,1.32,116.8,26.7,130,40,40,289.3,83.7,64
9124,Mannar,Dry,Yala,6.64,0.051,8.7,104.2,1.1,69.3,,130,60,20,299.3,139.8,35.5
9125,Ampara,Dry,Maha,6.27,0.157,6.1,,0.71,140.8,30.3,100,60,20,213.9,136.8,32.7
9126,Kegalle,Intermediate,Maha,,0.113,10.7,,1.43,177.1,29.3,120,40,60,279,88.3,106.6
9127,Kandy,Wet,Maha,5.75,0.172,9.9,81.4,1.65,385.2,27.1,100,60,40,214.7,138.8,64.4
9128,Badulla,Intermediate,Yala,5.51,0.158,10.9,83.5,1.14,109.2,27.9,100,40,40,220.7,86.3,63.9
9129,Matara,Wet,Yala,4.81,0.181,5.2,107.5,2.48,247.7,25.2,100,60,20,224.2,139.9,31.9
9130,Kalutara,Wet,Maha,5.54,0.169,10.8,128.4,2.6,359.7,24.7,100,40,20,232.1,84.3,31.2
9131,Puttalam,Dry,Maha,7.34,0.199,13.7,45.9,1.47,237.3,27.8,100,40,60,209.1,83.6,105.9
9132,Puttalam,Dry,Yala,5.66,,10.5,60.4,0.58,75.1,31.2,130,40,40,293,88.8,71.5
9133,Gampaha,Wet,Maha,5.11,0.1,9.4,149.7,2.01,335.8,26.1,120,60,20,261.7,128,35.6
9134,Trincomalee,Dry,Yala,5.96,0.058,6.3,77.9,,67.5,29.2,130,60,40,272.8,132.9,70.2
9135,Mullaitivu,Dry,Yala,6.07,0.173,7,99.6,1.49,64.7,30.1,100,60,40,226.4,126.6,70.2
9136,Kegalle,Intermediate,Maha,5.39,0.16,7.9,65.1,1.12,235.4,26.3,100,60,40,219.1,132.7,68.3
9137,Gampaha,Wet,Yala,5.91,0.138,10.5,103.2,,346.4,25.8,120,40,20,267.2,84.1,34.9
9138,Kurunegala,Intermediate,Maha,5.65,0.051,19,53.9,1.56,171.7,28.3,130,20,60,275.1,40.6,95.6
9139,Galle,Wet,Yala,5.67,0.089,8.5,63.7,2.71,370.3,27,130,60,40,281.8,138.5,65.6
9140,Matale,Intermediate,Yala,6.72,0.135,12.1,117.4,1.43,221.5,29.2,120,40,20,265.5,92,34
9141,Ratnapura,Wet,Maha,4.93,0.151,8.3,111.2,1.8,368.2,28,100,60,20,214.3,139.6,35.2
9142,Kandy,Wet,Yala,5.41,0.193,10,70.6,2.42,253.4,27.6,100,40,40,207.6,89.8,68.3
9143,Batticaloa,Dry,Yala,7.23,0.08,9,91,1.34,38.9,30.4,130,60,40,302.2,134,70.1
9144,Colombo,Wet,Yala,5.34,0.135,6.3,98.2,,237.6,27.7,120,60,40,261.3,131.6,66.4
9145,Ampara,Dry,Maha,6.97,0.116,14.9,110.3,1.06,186.8,27.3,120,40,20,270.1,82.1,34.4
9146,Vavuniya,Dry,Maha,6.62,0.061,5.8,88.5,1.14,168.1,29.2,130,60,40,278.8,124.3,71.5
9147,Hambantota,Dry,Maha,6.46,0.068,10.7,89.5,0.98,276.5,29.5,130,40,40,276.5,84.3,63.2
9148,Matale,Intermediate,Yala,5.22,0.179,,109.4,1.65,138,29.6,100,20,20,214.4,46,35.4
9149,Kegalle,Intermediate,Maha,6.11,0.197,15.5,124.6,1.76,159.2,27.4,100,20,20,214.4,41.4,33.4
9150,Galle,Wet,Maha,5.19,0.13,7.7,145.9,2.34,360,26.7,120,60,20,262.6,138.7,34
9151,Trincomalee,Dry,Yala,,0.171,13.2,100.1,0.93,72.9,30.5,100,40,20,218.8,87.3,35.2
9152,Kilinochchi,Dry,Yala,7.23,0.15,11,83.1,0.89,64.9,31.5,100,40,40,217.3,89.8,65.8
9153,Anuradhapura,Dry,Yala,6.94,0.096,12.2,54.2,1.04,68.8,28.9,130,40,60,267.1,81.9,98.8
9154,Vavuniya,Dry,Yala,6.72,0.157,9,115.6,0.72,79.7,27.5,100,60,20,217.3,125.9,33.4
9155,Anuradhapura,Dry,Yala,6.87,0.178,14.7,76.2,1.18,90.5,31.6,100,40,40,206.6,93,61.9
9156,Kalutara,Wet,Maha,4.72,0.165,8,106.4,1.73,354.7,27.8,100,60,20,205.2,125.8,33.3
9157,Kurunegala,Intermediate,Maha,,0.088,16.6,,1.89,225.2,29.5,130,20,60,300.9,42.2,96.9
9158,Kandy,Wet,Maha,5.84,0.175,,81,2.35,331.7,,100,60,40,220.8,124.5,71
9159,Vavuniya,Dry,Maha,7.15,0.16,13.6,52,1.06,291.7,29.2,100,40,60,222.6,82.2,93.8
9160,Kurunegala,Intermediate,Yala,5.2,0.104,14.6,84,1.86,140,26.3,120,40,40,257.1,83.5,66.3
9161,Mannar,Dry,Maha,6.73,,15,50.9,1.29,177.8,27.4,100,20,60,230.7,44.4,106.7
9162,Nuwara Eliya,Wet,Maha,5.65,0.085,6.8,143.8,1.55,240.1,27.2,130,60,20,288.4,129.5,35.3
9163,Mannar,Dry,Maha,5.58,0.127,14.9,65.5,0.59,195.8,30.7,120,40,40,271.4,87.7,68.7
9164,Polonnaruwa,Dry,Maha,6.81,0.119,7,,1.37,274.6,29.2,120,60,40,255.8,123,67.6
9165,Matara,Wet,Maha,4.82,0.175,5.8,100.9,1.53,313.1,26,100,60,20,232.4,136.3,32.2
9166,Colombo,Wet,Maha,4.91,0.097,11.9,141.4,2.06,301.9,,130,40,20,296.2,90.7,32.6
9167,Kandy,Wet,Maha,4.95,0.177,7.1,100.8,2.05,340.2,27.5,100,60,20,228.9,121,31.3
9168,Kalutara,Wet,Yala,4.97,0.109,7.6,78.4,1.6,217.5,24.5,120,60,40,248.1,128.1,69.6
9169,Kegalle,Intermediate,Maha,5.84,0.065,5.4,74.8,1.45,109.1,27.7,130,60,40,272.9,122,64.9
9170,Vavuniya,Dry,Maha,6.49,0.069,14.4,,1.3,162.3,28.7,130,40,60,273.5,90.8,102.5
9171,Mannar,Dry,Yala,6.11,0.112,10.9,82.5,0.56,90.2,27.4,120,40,40,251.9,90.1,65.3
9172,Batticaloa,Dry,Yala,5.92,0.118,5.8,49.8,1.17,42.2,28.4,120,60,60,274.8,138.3,99.5
9173,Kilinochchi,Dry,Maha,6.06,0.077,13.1,115.5,0.64,175.9,28.5,130,40,20,262.8,83.6,33.6
9174,Trincomalee,Dry,Maha,6.88,0.143,12.1,57.1,0.56,150,28.9,120,40,60,244.3,86.4,104.5
9175,Mullaitivu,Dry,Yala,6.66,0.156,12.3,111.7,1.35,88.2,29.4,100,40,20,210,82.9,31.9
9176,Colombo,Wet,Yala,5.9,0.183,6.6,,2.63,281.4,27.2,100,60,40,207.6,127.9,65.7
9177,Anuradhapura,Dry,Maha,6.2,0.07,10.5,54.4,0.76,249,30.7,130,40,60,271.2,87.3,94.5
9178,Batticaloa,Dry,Yala,6.79,0.155,10.4,113.8,1.24,59.2,29.2,100,40,20,227.1,81.2,31.2
9179,Hambantota,Dry,Maha,5.84,0.119,7.5,84.9,0.83,223.8,29.8,120,60,40,263.4,134.6,67.7
9180,Ampara,Dry,Yala,6.36,,7.9,65.5,0.87,20.6,30.1,100,60,40,201.3,131.2,63.6
9181,Jaffna,Dry,Yala,5.79,0.146,7.8,53.4,0.88,36.1,30.3,120,60,60,258.1,136.8,93.4
9182,Kandy,Wet,Yala,,0.063,11.9,84.5,2.85,376.1,24.9,130,40,40,278.7,84,70.7
9183,Batticaloa,Dry,Maha,7.29,0.136,7.2,71.5,0.72,293,27.4,120,60,40,245.8,138.3,67
9184,Kandy,Wet,Maha,5.33,0.066,10.1,61.4,1.94,227.6,25.6,130,40,40,290.1,93.5,63
9185,Polonnaruwa,Dry,Maha,6.22,0.074,14,43.4,0.63,173.6,31,130,40,60,291.2,92.5,93.3
9186,Matara,Wet,Yala,,0.184,11.2,71.4,1.74,391.5,26.7,100,40,40,224.6,90.6,62.9
9187,Mannar,Dry,Maha,6.18,0.138,10,43.1,1.09,281.9,29,120,40,60,269.8,91.1,99.6
9188,Ratnapura,Wet,Maha,4.51,0.065,6.6,61.9,1.67,317,25.1,130,60,40,261.4,131.8,68.4
9189,Mannar,Dry,Yala,6.45,0.154,6.4,91.3,0.53,65.6,31.7,100,60,40,232.2,124.3,68.1
9190,Galle,Wet,Maha,5.92,0.168,9.4,74.3,2.58,256.7,27.8,100,60,40,227.6,133.9,63.1
9191,Polonnaruwa,Dry,Yala,7.19,0.131,11.7,117.4,1.32,30.5,31.6,120,40,20,276.7,89.8,34
9192,Kandy,Wet,Yala,5.46,0.174,5.6,,1.9,341.4,24.1,100,60,20,201.6,139.9,32.8
9193,Monaragala,Intermediate,Yala,6.48,0.193,9.6,103.7,1.59,238.5,27.7,100,60,20,231.5,131.2,33.1
9194,Colombo,Wet,Yala,4.89,0.087,9.3,133.9,2.56,384.8,25.1,130,60,20,295.7,125.9,34.8
9195,Colombo,Wet,Yala,5.91,0.111,10.3,104,2.05,288.5,25.1,120,40,20,274.1,89.4,32.5
9196,Kalutara,Wet,Yala,5.49,0.061,5.5,122.8,2.53,394,27.5,130,60,20,265.4,139.8,31.5
9197,Galle,Wet,Maha,5.52,0.138,6.4,108.6,1.8,340.5,27.3,120,60,20,270.2,124.1,35.2
9198,Monaragala,Intermediate,Maha,5.37,0.172,8.6,86.2,1.96,146.5,26,100,60,40,232.4,127,63.8
9199,Puttalam,Dry,Maha,6.24,0.143,5.4,108.5,1.45,172.7,28.2,120,60,20,267.9,131.2,32.3
9200,Kilinochchi,Dry,Maha,7.09,0.09,12.3,69.8,1.39,225.9,28.2,130,40,40,285.6,82.7,68.8
9201,Mullaitivu,Dry,Yala,7.19,0.154,10.7,,1.23,26.6,27.1,100,40,40,231.9,80.8,68.5
9202,Puttalam,Dry,Yala,6.5,0.087,15,62.5,1.47,98.8,28.1,130,20,40,280.2,42.4,69.7
9203,Kegalle,Intermediate,Maha,5.34,0.199,14.4,114.4,1.6,161.3,28.5,100,40,20,220.6,91.8,31.7
9204,Polonnaruwa,Dry,Yala,6.35,0.118,10,98,0.73,65.9,28.8,120,40,40,260,81,65.2
9205,Jaffna,Dry,Maha,7.25,0.103,11.1,70.6,1.46,237.9,27.2,120,40,40,277.8,86.1,63
9206,Colombo,Wet,Yala,4.62,0.167,11.8,71.3,2.6,219.5,24.7,100,40,40,203.6,90.4,67.1
9207,Kurunegala,Intermediate,Maha,,0.051,9.2,79.2,1.73,209.1,29.9,130,60,40,282.6,139.3,64.6
9208,Nuwara Eliya,Wet,Maha,5.82,,11,,2.3,347.7,26.8,130,40,20,290.5,93.3,34.2
9209,Anuradhapura,Dry,Yala,6.67,0.172,7,95,0.98,45.4,27.3,100,60,40,226.9,128.9,61.7
9210,Kandy,Wet,Maha,5.64,0.152,7.8,127.6,2.89,213.4,27.6,100,60,20,220.1,139.2,31.1
9211,Batticaloa,Dry,Yala,6.69,0.188,13.5,95.4,1.34,26.7,29.8,100,40,40,230.7,80.9,66
9212,Mannar,Dry,Maha,7.3,0.106,6.9,41.6,1.33,226.6,31.4,120,60,60,278.2,135.2,106.9
9213,Mullaitivu,Dry,Maha,6.83,0.112,14.4,58,0.91,182.1,27.2,120,40,60,243.8,88.9,105.9
9214,Ratnapura,Wet,Maha,5.47,0.135,10.4,115.1,1.99,233.2,26.2,120,40,20,257.1,83.7,35.8
9215,Matale,Intermediate,Yala,5.68,0.068,5.2,106.2,1.27,213.9,26.3,130,60,20,262.4,130.5,32.9
9216,Matale,Intermediate,Yala,6.37,0.071,8.4,125.5,1.49,,,130,60,20,275.4,123.2,31
9217,Batticaloa,Dry,Maha,7.17,0.065,14,69.2,0.93,193,31.4,130,40,40,284.2,91.8,64.8
9218,Hambantota,Dry,Yala,7.48,0.122,14.6,53.4,1.47,64.8,29.4,120,40,60,277,85.1,102.6
9219,Matara,Wet,Maha,5.93,0.093,8.8,126.5,1.6,391.1,26.8,130,60,20,297.3,132.9,31.5
9220,Trincomalee,Dry,Yala,6.13,0.183,12.8,50.4,1.03,64.4,29.9,100,40,60,205.3,82.5,97
9221,Colombo,Wet,Maha,5.38,0.086,10,75.4,2.89,283.3,26.3,130,40,40,265.3,83.2,62.3
9222,Batticaloa,Dry,Yala,5.56,0.077,9.6,53.8,0.52,58.2,27.4,130,60,60,286.4,140,99.6
9223,Colombo,Wet,Maha,4.5,0.185,5.4,128.3,2.07,213,27.3,100,60,20,218.4,135.4,31.8
9224,Matara,Wet,Maha,4.52,0.132,9.1,123.8,1.61,249.9,27.1,120,60,20,251.8,139.4,31.3
9225,Galle,Wet,Yala,5.23,0.155,7.4,81.9,1.92,334.3,27.7,100,60,40,230.4,126.4,65.8
9226,Colombo,Wet,Maha,5.22,0.102,11.2,121.5,2.69,208.4,27.9,120,40,20,277.6,82.6,32.6
9227,Jaffna,Dry,Yala,,0.174,13.7,,0.7,74.8,28.7,100,40,20,214.2,87,33.5
9228,Batticaloa,Dry,Yala,6.76,0.075,6.5,54.1,0.95,31.1,29.5,130,60,60,299.1,130.3,103.7
9229,Mullaitivu,Dry,Maha,6.03,0.104,5.8,107.2,1.07,125.6,30.2,120,60,20,256.4,124,31.4
9230,Kandy,Wet,Maha,5.39,0.162,5.8,111.5,1.94,303.4,27,100,60,20,225.1,135,34.8
9231,Colombo,Wet,Yala,5.64,0.133,6.3,139.1,2.18,314.4,26.1,120,60,20,260,127.7,30.9
9232,Badulla,Intermediate,Maha,5.32,0.103,9.2,108.6,1.41,235.8,29,120,60,20,246.1,124.3,33
9233,Kalutara,Wet,Yala,5.29,0.197,11.5,138.3,2,260.2,24.1,100,40,20,231.4,84.8,33.7
9234,Matara,Wet,Yala,5.82,0.058,8.2,112,2.2,221.1,26.5,130,60,20,280.7,131.6,35.6
9235,Matara,Wet,Maha,5.17,0.125,5.4,63.7,2.58,311.2,26.9,120,60,40,270.1,134.8,67.4
9236,Vavuniya,Dry,Maha,6.32,,14.8,108.3,0.68,163.5,28.2,130,40,20,277,86.8,31.6
9237,Ratnapura,Wet,Maha,5.42,0.1,9.5,101.8,1.53,389.7,26.5,120,60,20,242.1,130.9,33.4
9238,Colombo,Wet,Yala,5.53,0.137,6.3,105.6,1.94,318.4,25.6,120,60,20,245.3,123.3,32.8
9239,Gampaha,Wet,Yala,6,0.18,12,98.1,1.82,331.3,27.5,100,40,40,217.3,92.4,66.5
9240,Polonnaruwa,Dry,Maha,6.35,0.056,7.4,,0.65,161.9,28.6,130,60,20,290.7,138.8,31.8
9241,Matale,Intermediate,Maha,5.78,0.115,17.1,58.2,1.05,186.9,29.9,120,20,60,254.4,44.7,100
9242,Anuradhapura,Dry,Maha,5.99,0.111,14.5,85.7,1.48,155.8,29.3,120,40,40,268.6,80.7,63.2
9243,Polonnaruwa,Dry,Yala,6.61,0.173,11,109.8,0.91,94.3,31.4,100,40,20,223.9,87.5,34.5
9244,Vavuniya,Dry,Yala,5.98,0.093,8.7,65.5,1.4,98.5,28.2,130,60,40,291.2,132.9,67.6
9245,Puttalam,Dry,Maha,6.56,0.15,9.7,107.4,0.54,140.7,,100,60,20,217.2,140.1,31.2
9246,Anuradhapura,Dry,Yala,6.92,0.193,7.5,42,1.35,99.1,27.6,100,60,60,230.9,140.1,105.8
9247,Trincomalee,Dry,Yala,5.62,0.14,9.3,84.2,1.29,40.9,27.5,120,60,40,260.5,137.4,67.9
9248,Jaffna,Dry,Yala,6.16,0.11,13.5,98.5,0.72,29.6,28.3,120,40,40,259,81.3,64.9
9249,Ampara,Dry,Maha,6.78,0.051,6.3,59.4,1.06,252.3,32,130,60,60,269.9,139.3,93.2
9250,Badulla,Intermediate,Maha,6.19,0.152,9.3,76.7,1.52,130.9,28.5,100,60,40,211.1,132.6,68
9251,Puttalam,Dry,Yala,5.55,0.173,12.4,107.3,1.39,50.8,29.3,100,40,20,202.5,90.9,32.7
9252,Matale,Intermediate,Maha,6.3,0.081,16.6,109.3,1.32,141.7,26.2,130,20,20,288.3,42.9,35.3
9253,Kandy,Wet,Maha,5.71,0.14,8.5,133.4,1.57,361.5,25,120,60,20,251.1,126.9,31
9254,Ampara,Dry,Yala,5.83,0.14,12.8,,0.77,,27.7,120,40,20,253.2,86.5,31
9255,Puttalam,Dry,Yala,7.46,0.182,7.9,115.2,0.91,35.8,30.6,100,60,20,226.2,123.5,35.5
9256,Nuwara Eliya,Wet,Maha,,0.071,6.7,,1.57,375.1,26,130,60,40,275.3,127.6,71.4
9257,Galle,Wet,Yala,5.76,0.181,10.7,145,2.7,343.7,,100,40,20,209,91.7,30.9
9258,Kegalle,Intermediate,Yala,,0.086,6.3,,1.69,243.6,27.3,130,60,20,268.6,121.4,34.4
9259,Matara,Wet,Maha,4.74,0.126,7.7,138.3,2.87,313.7,27.1,120,60,20,271.7,123.6,31.9
9260,Kegalle,Intermediate,Maha,5.86,0.168,8.1,65.9,1.98,,27.8,100,60,40,205.3,123.1,68.7
9261,Trincomalee,Dry,Yala,7.11,0.199,14.5,70.8,0.69,93.7,28.4,100,40,40,215.9,85.7,70.4
9262,Galle,Wet,Yala,5.21,0.195,11.7,103.8,1.65,289.6,24.7,100,40,20,217.6,93.5,31.3
9263,Kegalle,Intermediate,Maha,6.7,0.117,,72.1,1.57,221.5,29,120,60,40,268.2,124,64.1
9264,Kandy,Wet,Maha,5.46,0.062,11.3,138.1,1.91,301.1,25,130,40,20,288.2,82.4,30.9
9265,Kegalle,Intermediate,Yala,6.32,0.176,16.3,70.3,1.62,141.5,28.4,100,20,40,227.5,46.2,62.1
9266,Monaragala,Intermediate,Maha,6.76,0.073,5.8,63.3,1.27,107.6,27,130,60,40,263.3,137.9,62
9267,Ratnapura,Wet,Maha,5.5,0.176,9.9,101.5,1.82,365.1,25,100,60,20,210.8,121.3,34.8
9268,Anuradhapura,Dry,Maha,7.12,0.09,5.9,81,1.41,235.7,30.2,130,60,40,273.3,135.3,64.7
9269,Vavuniya,Dry,Maha,7.25,0.138,14.6,108.2,0.65,173,29.2,120,40,20,247,89,33.3
9270,Puttalam,Dry,Yala,5.55,0.106,6.3,82.5,1.37,81.6,27.6,120,60,40,252.6,135.6,69.6
9271,Badulla,Intermediate,Maha,5.98,0.103,18.8,,1.64,,27.4,120,20,20,253.5,43.5,33.3
9272,Kurunegala,Intermediate,Maha,6.43,0.078,12.8,70,1.62,146.6,27.7,130,40,40,283.5,93.4,66
9273,Vavuniya,Dry,Maha,6.1,0.192,12.5,106.6,1,141.2,31.6,100,40,20,222.7,81,30.9
9274,Puttalam,Dry,Maha,5.6,0.053,12.8,57.8,0.59,298.8,30.2,130,40,60,277.6,83.5,101
9275,Hambantota,Dry,Maha,7.13,0.121,13.3,96,1.47,285.5,31.3,120,40,40,269.5,85.6,62.9
9276,Kegalle,Intermediate,Maha,6.59,0.187,5.5,97.1,1.28,246.2,27,100,60,40,212.1,129.4,69.3
9277,Kalutara,Wet,Yala,4.53,0.186,5.2,80.6,2.35,230.6,25.9,100,60,40,210.6,138.6,64.3
9278,Kegalle,Intermediate,Maha,5.41,0.156,14,115.9,1.56,228.7,29.9,100,40,20,218.7,87.8,34.2
9279,Kurunegala,Intermediate,Maha,6.76,0.159,10.3,,1.64,199.4,27.8,100,40,40,201.9,81.1,68.2
9280,Galle,Wet,Maha,4.58,0.073,10.4,132.6,1.75,380.2,26.5,130,40,20,264.8,85.8,33.9
9281,Jaffna,Dry,Yala,6.26,0.139,10.5,44.7,1.26,23.4,31.9,120,40,60,257.7,85.9,96.5
9282,Matara,Wet,Yala,,0.091,9.7,95.6,2.58,370.6,24,130,60,40,301.4,139.5,64.4
9283,Kilinochchi,Dry,Yala,6.67,,9,80.8,0.51,26.1,29,100,60,40,224.6,132.3,70.3
9284,Monaragala,Intermediate,Maha,5.49,0.177,,71.8,1.09,137.2,28.8,100,20,40,204,44.4,61.8
9285,Anuradhapura,Dry,Yala,7.46,0.184,14.7,76.7,0.84,26.1,29.5,100,40,40,228.7,89.8,63.5
9286,Kalutara,Wet,Maha,5.54,0.146,8.8,102.4,2.22,257.9,26.4,120,60,20,270,135.7,33.9
9287,Mullaitivu,Dry,Maha,6.03,0.149,12.7,55,1.44,292.6,30.9,120,40,60,265.2,88.8,104.8
9288,Puttalam,Dry,Yala,6.26,0.128,5,101.2,0.66,74.1,29,120,60,20,273.4,125.3,32.6
9289,Ampara,Dry,Maha,5.5,0.104,5.5,,0.64,236,28.8,120,60,40,257.1,137.7,68.2
9290,Kandy,Wet,Yala,5.14,0.155,10.9,104.1,,212.7,26.7,100,40,20,208.3,90,33.6
9291,Trincomalee,Dry,Yala,6.68,0.158,9.2,105.9,1.05,,28.5,100,60,20,217.8,135.1,31.1
9292,Badulla,Intermediate,Yala,5.67,0.165,6.4,84.7,1.13,,26.1,100,60,40,219,140.1,67.9
9293,Monaragala,Intermediate,Maha,6.67,0.087,12,111.8,1.81,133.4,29,130,40,20,284.2,90.9,34.9
9294,Ampara,Dry,Maha,7.43,0.183,8.3,48.9,0.91,276.9,27,100,60,60,219.5,136.8,107.4
9295,Anuradhapura,Dry,Maha,,0.132,14.6,44.7,1.31,223.4,31.5,120,40,60,278.5,92.9,92.9
9296,Kegalle,Intermediate,Yala,6.59,0.158,13.8,86.9,1.13,152,26.3,100,40,40,230.5,82.4,68.3
9297,Hambantota,Dry,Yala,6.74,0.149,7.3,74.8,,45.1,29.8,120,60,40,275.6,130.4,65.8
9298,Kegalle,Intermediate,Maha,6.28,0.13,13.7,88,1.41,219.3,26.2,120,40,40,272.7,88.1,61.8
9299,Mullaitivu,Dry,Yala,7.47,0.138,6.8,64.7,1.16,25.1,30.1,120,60,40,278.3,127.1,67.8
9300,Matale,Intermediate,Yala,5.29,0.068,19.8,122.9,1.37,122.4,28.5,130,20,20,265.6,45.7,31.4
9301,Kalutara,Wet,Maha,5.03,0.161,11.8,117.6,2.42,208.8,25.3,100,40,20,209.7,90.4,32.7
9302,Kegalle,Intermediate,Maha,6.74,0.148,5.5,51.4,1.66,130,26.2,120,60,60,260.7,134.7,96.4
9303,Batticaloa,Dry,Maha,6.49,0.074,14.5,103,1.22,225.2,28.2,130,40,20,297.3,93.5,32.6
9304,Mullaitivu,Dry,Maha,5.58,0.186,11.1,72.1,1.46,293,27.7,100,40,40,217.6,83.9,66.6
9305,Badulla,Intermediate,Yala,5.81,0.094,19.9,73.6,1.49,151.1,27,130,20,40,293.1,45,65.3
9306,Kegalle,Intermediate,Maha,6.14,0.08,19.8,102.4,1.59,150.8,28.1,130,20,20,267.3,43.8,33.6
9307,Kegalle,Intermediate,Maha,5.4,0.161,10.1,,,217.5,27.9,100,40,40,209.3,84.6,64.1
9308,Monaragala,Intermediate,Yala,5.39,0.188,,85.7,1.81,113.7,27.7,100,60,40,225,123.8,68.1
9309,Kilinochchi,Dry,Yala,6.46,0.135,6.3,102.3,1.31,22.1,30.9,120,60,20,247.8,138.1,35.1
9310,Anuradhapura,Dry,Yala,5.67,0.189,12.2,79.6,1.34,71.6,30.2,100,40,40,212.6,88.2,63.9
9311,Kalutara,Wet,Yala,5.86,0.171,5.9,115.4,2.5,321.6,24.7,100,60,20,209.7,136.8,33.3
9312,Batticaloa,Dry,Maha,5.7,0.134,6.2,100.9,1.46,259.5,30.4,120,60,20,255,131.3,34
9313,Galle,Wet,Yala,5.95,0.146,9.9,83.7,1.9,218.7,27.3,120,60,40,269.1,124.9,67.3
9314,Trincomalee,Dry,Yala,7.38,0.154,14.6,98.3,1.05,54.1,28.2,100,40,40,213.1,84.9,65.4
9315,Colombo,Wet,Yala,5.83,0.172,8,82,1.68,321.4,24,100,60,40,219.2,128.1,68.1
9316,Kilinochchi,Dry,Yala,6.41,0.103,14.4,42.5,0.95,38.6,27.2,120,40,60,245.2,93.2,92.9
9317,Kalutara,Wet,Yala,,0.126,7.3,60.1,2.41,,26.1,120,60,40,272.8,120.7,65.4
9318,Vavuniya,Dry,Yala,6.28,0.053,5.6,60.9,1.08,40,31.4,130,60,40,277.1,139.9,67
9319,Polonnaruwa,Dry,Maha,6.02,0.095,8.1,109.1,0.87,183.1,32,130,60,20,288.9,139.8,30.9
9320,Kandy,Wet,Yala,5.64,0.085,9.4,64.8,2.16,393,27,130,60,40,292.2,140.1,66.8
9321,Badulla,Intermediate,Maha,6.67,0.142,16.4,96.7,,152,27.5,120,20,40,249.5,43.3,68.2
9322,Matale,Intermediate,Maha,6.48,0.131,9.2,124.2,1.27,112.4,26.7,120,60,20,276,139.5,34.6
9323,Jaffna,Dry,Maha,7.26,0.059,10.9,66.6,0.6,244.4,31.4,130,40,40,287.5,85.6,62.8
9324,Batticaloa,Dry,Maha,6.94,0.192,5.9,55.3,1.26,,28.1,100,60,60,215.1,121.1,107.4
9325,Badulla,Intermediate,Maha,6.47,0.157,,126.8,1.25,187.3,28.8,100,60,20,207,125,33.8
9326,Mullaitivu,Dry,Maha,5.79,0.074,13.7,76.3,0.6,122.5,30.2,130,40,40,301.3,92.8,65.3
9327,Kilinochchi,Dry,Maha,6.01,0.139,8.1,77.6,1.17,250.4,,120,60,40,270.9,120.9,64.2
9328,Trincomalee,Dry,Yala,6.37,0.056,13.1,70,1.37,46.9,31.1,130,40,40,270.2,87.6,67.4
9329,Batticaloa,Dry,Yala,5.84,0.181,8.9,,1,22.2,27.6,100,60,40,212.1,122.1,70.5
9330,Ampara,Dry,Yala,6.91,0.133,13,66.3,1.16,88,28.4,120,40,40,273,84.2,66.9
9331,Matara,Wet,Maha,5.69,0.137,11.1,78.2,1.59,353,27.5,120,40,40,268.6,81.6,68.3
9332,Puttalam,Dry,Maha,6.51,0.132,10.3,106.6,0.9,144.1,28.8,120,40,20,271.3,91.7,32.6
9333,Puttalam,Dry,Maha,7.23,0.083,10.2,96.9,,177.9,30.9,130,40,40,280.1,88.2,65.6
9334,Colombo,Wet,Maha,5.78,,10,148.4,1.67,204.6,27.7,100,40,20,224.5,92.2,32.2
9335,Vavuniya,Dry,Maha,6.07,0.054,10.1,,0.9,239.5,27.8,130,40,60,277.8,89.5,103.1
9336,Jaffna,Dry,Maha,7.01,0.111,13.4,89.3,0.6,172,28.1,120,40,40,249.6,93.1,65.3
9337,Mullaitivu,Dry,Yala,7.26,0.103,13.2,112.4,0.65,46.1,30.7,120,40,20,266.1,87.1,31.8
9338,Badulla,Intermediate,Yala,6.56,0.101,8.9,88,1.78,185.8,29.4,120,60,40,279.5,133.1,65.4
9339,Vavuniya,Dry,Yala,6.23,0.2,9.5,100.8,1.26,92.2,29,100,60,20,211.2,131.9,35.1
9340,Ratnapura,Wet,Maha,5.37,0.153,10.4,125.9,2.91,363.6,25,100,40,20,216.1,86.8,34.5
9341,Monaragala,Intermediate,Maha,,0.124,12,60.8,1.74,176.7,28.9,120,40,40,267.7,91.5,65
9342,Hambantota,Dry,Maha,7.01,,9.5,110.8,0.72,262.5,30.5,120,60,20,262.5,133.2,35.3
9343,Badulla,Intermediate,Yala,5.34,0.069,8.8,93.2,,173.9,26.4,130,60,40,297.2,136.3,62.4
9344,Ratnapura,Wet,Maha,5.66,0.13,9.1,133.6,,275,25.9,120,60,20,271.1,136,31.1
9345,Trincomalee,Dry,Yala,6.53,0.119,9.2,98.2,1.21,95.1,30.1,120,60,40,243.6,124.4,63
9346,Jaffna,Dry,Yala,7.01,0.166,13,72.7,1.32,79.8,29.4,100,40,40,233.7,89,62.9
9347,Kalutara,Wet,Yala,4.75,0.178,9.6,116.8,1.87,294.7,26.5,100,60,20,225.6,124.5,31.2
9348,Gampaha,Wet,Yala,5.36,0.191,,113.4,2.78,322.2,24.6,100,60,20,229.3,132,34.1
9349,Colombo,Wet,Yala,4.88,0.191,6.5,69.6,2.94,,25.4,100,60,40,222.3,133.9,67.7
9350,Kandy,Wet,Maha,4.9,0.058,9.8,107.7,1.97,338,26.4,130,60,20,297.7,140.1,34
9351,Matara,Wet,Yala,4.77,0.129,7.3,143.7,2.54,361.6,25.1,120,60,20,245.7,121.2,34.2
9352,Jaffna,Dry,Maha,6.09,0.149,9,103.7,1.13,148.9,28.8,120,60,20,254.9,122.4,34.6
9353,Hambantota,Dry,Yala,7.04,,14.5,98.9,1.04,92.1,27.6,120,40,40,275.6,81.5,63.8
9354,Monaragala,Intermediate,Yala,5.43,0.101,9.3,,1.24,142.1,28.4,120,60,60,249.2,128.4,101.8
9355,Mullaitivu,Dry,Yala,6.05,0.185,13.8,62,0.54,21.6,28,100,40,40,203.6,91.2,67.5
9356,Mannar,Dry,Maha,7.46,,6,61.8,0.68,284.9,30.9,130,60,40,294.8,137.1,71.1
9357,Matara,Wet,Yala,5.92,0.092,6.2,128.7,1.78,337,25,130,60,20,296.8,135,32
9358,Polonnaruwa,Dry,Yala,6.03,0.124,13.3,115.3,0.9,73.2,27.3,120,40,20,247.7,92.2,31.1
9359,Mullaitivu,Dry,Yala,5.88,0.198,8.8,92.3,0.77,71.4,29.8,100,60,40,229,126.9,68.2
9360,Galle,Wet,Maha,4.95,,7.4,105.6,2.64,395.8,24.9,120,60,20,268.2,122.3,34.5
9361,Kandy,Wet,Yala,5.48,0.078,7.5,73,2.34,376.6,25.6,130,60,40,283.5,121.8,64.5
9362,Polonnaruwa,Dry,Maha,6.53,0.168,5.3,45.3,1.3,274.5,29.6,100,60,60,228.2,137.3,101.1
9363,Kegalle,Intermediate,Yala,6.15,0.124,10.4,102.4,1.71,,26.8,120,40,20,257.7,90,31.1
9364,Mullaitivu,Dry,Maha,6.47,0.199,8.9,51.5,1.45,285,29,100,60,60,207.4,134.3,106.9
9365,Gampaha,Wet,Yala,5.58,0.164,5.2,147,1.84,217.7,27,100,60,20,210.4,127.3,31.4
9366,Kegalle,Intermediate,Maha,5.61,0.198,14,,1.08,236.9,29.1,100,40,60,217.6,85.4,93.5
9367,Hambantota,Dry,Maha,5.9,0.098,13.7,85.4,1.03,270.5,30.3,130,40,40,283.9,93,62.1
9368,Galle,Wet,Yala,4.96,0.122,7.4,97.1,1.51,258.3,25.4,120,60,40,272.9,121.9,66
9369,Nuwara Eliya,Wet,Maha,4.69,0.079,7.5,84.3,1.84,304,,130,60,40,295,135.8,62.7
9370,Badulla,Intermediate,Yala,5.99,0.177,15.9,123.1,1.95,176.4,29.7,100,20,20,220.1,42.3,34.5
9371,Jaffna,Dry,Yala,5.96,0.144,11,117.5,1.16,63.4,30,120,40,20,271.9,81,35.3
9372,Galle,Wet,Yala,5.52,0.149,6,141.3,2.93,298.4,27.5,120,60,20,248.8,135.1,32.1
9373,Kandy,Wet,Yala,5.16,0.147,8.7,61.1,2.48,316.2,25.1,120,60,40,243.3,127.1,68
9374,Hambantota,Dry,Yala,7.22,0.052,5.5,,0.55,38.9,27.4,130,60,40,298.4,134.7,62.1
9375,Mullaitivu,Dry,Maha,6.44,0.097,5.2,45.3,1.04,210.2,29.6,130,60,60,264.6,134.5,98.3
9376,Mullaitivu,Dry,Maha,6.78,0.164,10.5,110.3,0.9,236.9,30.8,100,40,20,209.1,87.5,32.3
9377,Galle,Wet,Maha,4.52,0.136,10.7,66,1.77,379.2,25.9,120,40,40,268.5,90.6,64
9378,Ratnapura,Wet,Yala,5.5,0.163,10.2,134.9,2.85,352.9,28,100,40,20,214.4,88.1,34
9379,Kalutara,Wet,Maha,5.17,0.078,6,106.5,1.97,259.6,24.6,130,60,20,298.6,126.2,31.5
9380,Mullaitivu,Dry,Maha,6.41,0.111,7.7,95.8,1.12,247,29.9,120,60,40,253,135,70.3
9381,Monaragala,Intermediate,Maha,6.27,0.168,10.4,70.3,1.25,113,29.4,100,40,40,201.5,88.2,68.3
9382,Kandy,Wet,Yala,5.31,0.056,7.8,80.2,1.97,340.1,25.6,130,60,40,274.1,120.9,68.8
9383,Gampaha,Wet,Yala,4.8,0.072,6.3,108.9,1.91,346,27.5,130,60,20,285.9,138.3,35.5
9384,Matale,Intermediate,Maha,5.55,,14.1,85.5,1.65,237,27.5,120,40,40,256,87.6,71.1
9385,Colombo,Wet,Yala,5.83,0.176,5.3,70.5,1.77,376.1,27.4,100,60,40,218.5,137.6,67.2
9386,Trincomalee,Dry,Maha,6.37,0.059,6.7,89.6,1.43,159,31.1,130,60,40,298.6,137.9,66.7
9387,Matara,Wet,Maha,4.83,0.138,9.2,121.6,2.23,389.5,27.1,120,60,20,277,129.3,32.5
9388,Matale,Intermediate,Yala,5.47,0.155,13,92.5,1.15,245.9,29.5,100,40,40,209.8,87.1,68.9
9389,Galle,Wet,Maha,4.52,0.075,5,72,2.99,216.4,27.4,130,60,40,281,128.8,67.1
9390,Trincomalee,Dry,Maha,5.98,0.122,14,119.2,1.49,186,28.7,120,40,20,262.8,86.3,35.5
9391,Matale,Intermediate,Yala,6.56,0.15,6.2,,1.54,230,29.8,100,60,40,232,138.1,64.1
9392,Mannar,Dry,Yala,6.77,0.061,5.3,52.2,0.86,51.6,28.8,130,60,60,303.7,136,97.2
9393,Galle,Wet,Yala,5.57,0.103,11.3,98.6,1.55,266.7,26.4,120,40,40,250.5,82.1,64.9
9394,Kurunegala,Intermediate,Maha,6.74,0.13,12.5,114,1.18,155.3,29.8,120,40,20,269.8,88.4,34.8
9395,Kalutara,Wet,Maha,4.56,0.111,5.3,110,2.99,317.3,25.2,120,60,20,256.1,140.1,31.3
9396,Mullaitivu,Dry,Yala,6.03,0.106,7.4,73.7,1.11,44.3,28.8,120,60,40,241.6,132.3,66.3
9397,Kegalle,Intermediate,Maha,5.94,0.181,9.9,112.8,1.11,199,29.8,100,60,20,201.4,136,32.9
9398,Gampaha,Wet,Maha,4.78,0.122,9.9,97.8,2.7,349.1,26.6,120,60,40,259.4,135.7,62.4
9399,Monaragala,Intermediate,Maha,6.03,,16.1,83.6,1.51,109.7,27,130,20,40,282.1,42.5,65.8
9400,Kurunegala,Intermediate,Maha,5.84,0.068,12,112.9,1.42,144,30,130,40,20,262.4,85.3,33.4
9401,Kegalle,Intermediate,Maha,6.24,0.092,18.4,61.6,1.14,144.3,26.7,130,20,40,290.5,45,62.3
9402,Vavuniya,Dry,Maha,6.77,0.197,11.5,102.8,0.9,151.1,28.9,100,40,20,210.7,87,33.3
9403,Polonnaruwa,Dry,Maha,6.58,0.054,6.8,58.5,1.08,228.7,30.8,130,60,60,285.1,131.8,106.9
9404,Polonnaruwa,Dry,Maha,6.81,0.061,12.7,84,1.34,136.6,27.1,130,40,40,274.2,89.8,71.5
9405,Jaffna,Dry,Maha,5.59,0.151,13.4,43.3,1.32,173.4,28.9,100,40,60,206.5,90.6,100.5
9406,Kurunegala,Intermediate,Maha,,,10.5,75.5,1.32,222.2,27.3,130,40,40,278.7,84,66.9
9407,Trincomalee,Dry,Yala,6.57,0.115,5.3,40.8,1.22,64.7,27.8,120,60,60,250.4,123.5,96.8
9408,Kilinochchi,Dry,Yala,6.07,0.107,9.7,46.8,,34.4,28.5,120,60,60,262.3,126.3,107.5
9409,Matale,Intermediate,Maha,6.18,0.177,19.8,53.7,1.08,187.1,28.3,100,20,60,207.6,43.5,96.6
9410,Puttalam,Dry,Yala,7.19,0.197,14.9,61,1.4,55.5,27.6,100,40,40,217.7,84.9,66.2
9411,Kilinochchi,Dry,Yala,,,7.3,64.8,1.26,27.8,31.8,100,60,40,206.2,131.7,61.7
9412,Vavuniya,Dry,Maha,6.06,0.052,12.4,102.6,1.21,184,30.9,130,40,20,289.8,81.2,32.5
9413,Matale,Intermediate,Maha,6.1,0.079,7.9,76.9,1.8,115.6,26.8,130,60,40,293.4,130.6,62.4
9414,Matale,Intermediate,Yala,5.79,0.07,12.4,71.3,1.54,,27.6,130,40,40,266.1,85.3,69.1
9415,Matara,Wet,Maha,5.4,0.151,5.5,140.6,2.65,265.6,26.5,100,60,20,216.4,131.1,33.6
9416,Puttalam,Dry,Maha,6.02,0.052,5.6,71.9,1.46,155,28.8,130,60,40,264.4,128.9,67.4
9417,Vavuniya,Dry,Yala,6.38,,6.7,79.5,1.27,70.5,27.6,100,60,40,220.6,126.2,64.6
9418,Ampara,Dry,Yala,,0.094,7.4,105.4,1.09,71.1,28.5,130,60,20,272.6,138.3,34.9
9419,Ampara,Dry,Maha,,0.139,7.5,87.5,0.87,258.2,30.6,120,60,40,262,124.2,61.7
9420,Hambantota,Dry,Maha,6.05,,13.2,47.3,1.49,239.5,27.4,100,40,60,218,89.4,97.5
9421,Anuradhapura,Dry,Yala,5.76,0.147,9,90.6,0.95,91.9,27.8,120,60,40,277.5,138.7,68.3
9422,Hambantota,Dry,Yala,,0.053,10.3,40.2,0.76,55.5,29.3,130,40,60,284.7,87.5,106.1
9423,Colombo,Wet,Yala,5.48,0.169,7.4,78.9,2.36,203.2,27.3,100,60,40,220.1,137.8,64
9424,Colombo,Wet,Maha,5.78,0.132,11.5,77.2,2.62,370.3,24.4,120,40,40,257.1,82.1,67.1
9425,Ratnapura,Wet,Maha,5.99,0.072,7.7,91.1,2.76,207.7,27.8,130,60,40,301.6,130.3,67.1
9426,Mullaitivu,Dry,Yala,6.02,0.198,9,79.1,0.83,59.7,29.7,100,60,40,226.4,129.6,70.4
9427,Jaffna,Dry,Maha,,0.095,8,68.3,1.14,142.9,30.2,130,60,40,273.5,120.8,62.2
9428,Matale,Intermediate,Yala,5.69,0.165,18.7,,1.47,163.1,29,100,20,20,228.6,43.1,32.9
9429,Mannar,Dry,Yala,6.78,0.136,7.6,85.2,1.02,59,28.4,120,60,40,258.3,127.8,63.5
9430,Hambantota,Dry,Yala,,0.061,5.9,44.1,1.45,72.3,28,130,60,60,296.5,133.7,92.8
9431,Matale,Intermediate,Maha,5.54,0.11,20,60.5,1.73,176.6,28.6,120,20,40,273.5,46.4,63.2
9432,Gampaha,Wet,Maha,,0.058,11.6,137.6,1.6,304.6,27.9,130,40,20,269.4,81.6,35.7
9433,Colombo,Wet,Yala,5.77,0.142,,79,2.68,234.7,25.7,120,40,40,268.8,84.7,63.8
9434,Matara,Wet,Maha,5.91,0.173,10,86.1,1.61,328.4,24.5,100,40,40,210.6,86.3,71.1
9435,Hambantota,Dry,Maha,6.7,0.142,12.7,105.7,1.08,151.7,27.2,120,40,20,253,86.4,31.8
9436,Kegalle,Intermediate,Maha,,0.175,10.6,81.8,1.77,238.1,27.2,100,40,40,210.8,90.6,71
9437,Puttalam,Dry,Yala,6.98,0.184,8.2,44,0.73,37.7,27.3,100,60,60,224.8,129.3,102.3
9438,Vavuniya,Dry,Maha,7.03,0.09,11.6,60.1,0.68,226.5,27.8,130,40,40,271.1,80.8,62.8
9439,Puttalam,Dry,Maha,6.51,0.159,12.7,85.6,1.25,147.7,28.8,100,40,40,201.1,89.7,67.5
9440,Matara,Wet,Yala,5,0.063,8.9,101.9,2.78,331.8,25.5,130,60,20,291.7,137.9,32.4
9441,Ratnapura,Wet,Yala,5.1,0.107,6.6,88.5,2.39,333,24.3,120,60,40,248,130.7,65.5
9442,Gampaha,Wet,Yala,4.5,0.19,7.6,71.9,,337.8,24.1,100,60,40,204.5,132,66.1
9443,Matara,Wet,Yala,5.2,0.156,,124.2,1.56,310.6,24.6,100,60,20,208.8,123.8,32.9
9444,Kilinochchi,Dry,Yala,6.37,0.065,14,114.2,1.25,66.5,29.8,130,40,20,277.5,83.4,34.1
9445,Batticaloa,Dry,Maha,6.35,0.143,14,101.5,1.48,,29,120,40,20,260,83.5,34.6
9446,Ampara,Dry,Yala,7.32,0.159,10.1,117.7,1.22,39.3,31.2,100,40,20,202.5,86.1,32.4
9447,Kilinochchi,Dry,Yala,5.73,,10.9,59.4,1.26,29.4,27.8,100,40,60,232.7,92.6,106.4
9448,Anuradhapura,Dry,Maha,5.79,0.16,,83.4,0.9,183.1,31.4,100,40,40,224.4,87.3,71.1
9449,Matale,Intermediate,Yala,5.3,0.139,11,57.7,1.91,179.3,27.8,120,40,60,254,83,93.1
9450,Nuwara Eliya,Wet,Maha,4.92,0.1,5.8,137.6,2.91,393.2,25.5,120,60,20,253.8,125.8,30.9
9451,Colombo,Wet,Maha,4.97,0.074,6.3,92.4,,373.8,24.5,130,60,40,280.4,128.1,66
9452,Nuwara Eliya,Wet,Yala,5.58,0.116,10.4,107.5,2.01,214.1,25.9,120,40,20,265.8,88.6,33.8
9453,Hambantota,Dry,Yala,7.46,0.143,11.1,61.4,1.29,31.2,27,120,40,40,247.1,86.2,64.5
9454,Matara,Wet,Maha,5.91,0.102,10.5,128.3,1.84,397.5,24.1,120,40,20,248.7,85.6,32.1
9455,Matara,Wet,Maha,4.94,0.079,10.1,91.4,2.23,229.7,25.7,130,40,40,297.8,87.8,68.5
9456,Kandy,Wet,Yala,5.7,0.069,9.7,69.3,1.98,282.6,27.3,130,60,40,272.3,125.4,67.7
9457,Puttalam,Dry,Maha,6.63,0.116,,87.6,0.9,242.9,30.7,120,40,40,256.2,81.5,63.4
9458,Trincomalee,Dry,Yala,5.67,0.108,14.7,58.9,0.6,38.6,27.7,120,40,60,275.4,80.8,105.8
9459,Kilinochchi,Dry,Maha,5.96,0.121,12.1,66,1.01,156.9,29.7,120,40,40,267.3,83.8,68.5
9460,Kalutara,Wet,Yala,5.48,0.103,7.1,130.9,2.57,272.8,27.4,120,60,20,254.7,122.4,32.6
9461,Mannar,Dry,Maha,6.35,0.112,6.4,55.3,,276.1,,120,60,60,268.1,127.2,102.8
9462,Matale,Intermediate,Maha,6.32,0.083,6.4,105.1,1.85,127.1,26,130,60,20,262.2,135.7,31.4
9463,Batticaloa,Dry,Yala,,0.081,8.7,112.2,1.09,,30,130,60,20,292.6,134.6,33.1
9464,Gampaha,Wet,Maha,4.8,0.188,9.4,66,2.2,261.6,27.3,100,60,40,217,132.6,63.4
9465,Kalutara,Wet,Maha,4.78,0.129,,80.4,1.75,363.1,26.4,120,40,40,273.2,91.6,62.1
9466,Kandy,Wet,Maha,5.76,0.076,8.8,145.8,1.58,293.1,25.2,130,60,20,301.9,126.1,32.5
9467,Mannar,Dry,Yala,7.41,0.07,8,105.1,1.14,60.4,29.2,130,60,20,300.6,137.9,31.6
9468,Galle,Wet,Yala,5.43,0.051,11.1,98.4,1.99,202.7,27,130,40,40,299.9,85.7,68
9469,Vavuniya,Dry,Maha,,0.091,12.8,110.4,1.43,,29.7,130,40,20,283.1,85.7,34.2
9470,Kurunegala,Intermediate,Maha,5.58,0.116,9.8,82.1,1.81,222.9,27.9,120,60,40,255.4,128.5,63.2
9471,Ratnapura,Wet,Maha,5.26,,7.1,91.3,2.33,205.4,26.5,100,60,40,216.3,122.5,61.9
9472,Kandy,Wet,Maha,5.27,0.135,9.2,104.8,2.06,209.6,24.8,120,60,20,268.3,139.7,34.8
9473,Kalutara,Wet,Maha,4.94,0.098,10.6,142,2.45,335.6,25,130,40,20,298.9,82.3,30.8
9474,Batticaloa,Dry,Yala,7.28,0.073,,75.8,0.71,37.8,31.2,130,60,40,270.2,127.3,65.1
9475,Badulla,Intermediate,Yala,6.08,0.136,8.2,68.1,1.62,169.8,,120,60,40,277.3,126.9,66.6
9476,Kandy,Wet,Yala,4.81,0.056,7.5,,1.57,271.1,24.7,130,60,20,296,122.1,34.9
9477,Ratnapura,Wet,Maha,,0.069,7.2,65.4,,205.1,24.5,130,60,40,302.9,123.6,70.1
9478,Galle,Wet,Yala,,0.133,,62.7,2.94,210.2,26.6,120,60,40,275.8,121.5,69
9479,Hambantota,Dry,Maha,6.7,0.098,10.5,85.7,1.03,266.7,29.2,130,40,40,273.3,84.3,64.2
9480,Anuradhapura,Dry,Yala,7.46,0.071,6.6,54.5,1.47,61.6,29.7,130,60,60,265.9,137.6,103.3
9481,Gampaha,Wet,Yala,5.2,0.12,9.6,84.9,2.4,371.2,24.9,120,60,40,245.7,127.3,64.2
9482,Mannar,Dry,Maha,6.26,0.183,8.1,91.5,1.15,163.9,29.1,100,60,40,210.6,123,63.8
9483,Mullaitivu,Dry,Yala,6.18,0.179,10.3,104,0.83,24.7,31.7,100,40,20,221.1,88.9,33.5
9484,Kurunegala,Intermediate,Maha,,0.13,8.7,66.3,1.61,216.4,28.9,120,60,40,272.8,140.1,68.5
9485,Polonnaruwa,Dry,Maha,6.45,0.128,7,53.6,1.44,161.3,28.5,120,60,60,276.5,125.2,93.3
9486,Polonnaruwa,Dry,Yala,5.97,0.088,9.8,110.2,0.78,22.2,30.3,130,60,20,287.8,126.1,31.1
9487,Colombo,Wet,Yala,4.71,0.173,7.7,126.9,2.43,300.8,24.1,100,60,20,201.3,139.6,34.7
9488,Kegalle,Intermediate,Maha,6.36,0.112,6.9,66.3,1.87,149.5,27.3,120,60,40,248.6,124.1,70.3
9489,Mullaitivu,Dry,Maha,5.63,0.182,5.3,112.3,0.71,145.1,27.7,100,60,20,204.3,130.6,33.8
9490,Badulla,Intermediate,Yala,5.84,0.079,15.3,89,1.67,234.1,27.4,130,20,40,276.8,41.8,66
9491,Vavuniya,Dry,Yala,6.97,0.059,5.6,76.1,1.49,59.1,27.6,130,60,40,282.7,138.9,70.2
9492,Anuradhapura,Dry,Maha,7.09,0.157,6.8,113.8,,133,27.3,100,60,20,202.5,139.8,34.4
9493,Jaffna,Dry,Maha,6.62,0.125,,43.1,0.58,258.5,31.2,120,40,60,255,91.1,101.2
9494,Matale,Intermediate,Yala,5.69,0.143,18.9,57.3,1.77,213.7,26.4,120,20,60,248.3,42.3,97.3
9495,Ampara,Dry,Maha,5.8,0.062,7.6,92.4,0.76,287.7,29.2,130,60,40,288.8,128.5,63.7
9496,Colombo,Wet,Yala,5.11,0.128,11.4,127.3,1.83,260.2,25.3,120,40,20,259.5,83.6,32.9
9497,Kegalle,Intermediate,Maha,6.67,0.171,12.7,59.3,1.13,132.2,26.2,100,40,60,217.2,92.1,96.8
9498,Batticaloa,Dry,Yala,6.86,0.191,5.7,116.9,1.48,26.7,28.1,100,60,20,215,138.5,32.5
9499,Trincomalee,Dry,Yala,,0.069,13.6,83.5,0.64,62.6,32,130,40,40,301.9,85.9,66.9
9500,Gampaha,Wet,Maha,5.43,0.178,8.8,83.1,1.53,325.9,24.8,100,60,40,208.1,133.5,63.4
9501,Anuradhapura,Dry,Yala,,0.076,11.9,53.9,1.1,85.8,29.5,130,40,60,283.3,82.6,104.6
9502,Kilinochchi,Dry,Yala,6.17,0.182,11.5,117.9,,64.2,28.3,100,40,20,225.1,86.2,31.5
9503,Vavuniya,Dry,Maha,6.17,0.09,,91.7,1.5,213.7,29.3,130,40,40,285,88.7,66.5
9504,Puttalam,Dry,Yala,5.62,0.11,14.3,97.9,0.72,59.4,27,120,40,40,277.7,85.5,69.2
9505,Ampara,Dry,Yala,5.56,0.18,6.9,88.5,1.18,31,31.9,100,60,40,213.4,127.6,66.6
9506,Kandy,Wet,Maha,5.76,0.179,8,63.5,2.76,240.5,27.5,100,60,40,216.2,120.6,65.3
9507,Puttalam,Dry,Maha,6.81,0.114,5.6,97.5,1.48,240.1,28.3,120,60,40,244.8,136.4,66.4
9508,Kilinochchi,Dry,Maha,6.97,0.19,13.4,111.2,1.06,239.8,30.6,100,40,20,221,92.1,35
9509,Hambantota,Dry,Yala,5.54,0.06,10.9,64.8,1.28,83.9,27.6,130,40,40,273.6,93.1,71.6
9510,Polonnaruwa,Dry,Maha,,0.087,14.7,75.7,1.31,225,28.1,130,40,40,268.2,89.9,68
9511,Kilinochchi,Dry,Maha,,0.191,11.3,87.9,0.97,164.6,27.7,100,40,40,218.9,87.6,69.6
9512,Kandy,Wet,Yala,5.85,0.176,8.2,78.5,1.91,231.4,25.1,100,60,40,218.5,125.9,61.8
9513,Ampara,Dry,Maha,5.77,0.172,8.4,44.2,1.19,286,28.9,100,60,60,203.6,140.2,105.7
9514,Hambantota,Dry,Yala,5.57,0.123,,116.7,1.03,59.9,27.9,120,40,20,268.7,88.2,35.6
9515,Matara,Wet,Maha,5.04,0.098,8.8,135.8,2.01,371.9,26.5,130,60,20,287.8,133.9,33.7
9516,Kandy,Wet,Yala,4.95,0.126,6.2,142.2,2.12,220.8,25.6,120,60,20,248.7,134,34.6
9517,Jaffna,Dry,Yala,6.7,0.142,12,45.2,1.21,40.5,31.1,120,40,60,259.7,91.5,100.2
9518,Gampaha,Wet,Yala,4.77,0.145,7.5,109.3,1.89,341,26.4,120,60,20,269.5,120.8,32.2
9519,Kandy,Wet,Yala,5.75,0.147,10.9,129.9,2.66,259.3,27.1,120,40,20,262.1,83.3,35.1
9520,Mullaitivu,Dry,Yala,7.14,0.128,9.6,113.6,1.06,81.3,27.4,120,60,20,256.8,133.6,33.8
9521,Ampara,Dry,Maha,6.11,0.067,14.2,109.6,1.42,,30,130,40,20,275.1,92.2,33.7
9522,Badulla,Intermediate,Yala,5.71,0.163,18,120.6,1.72,197.2,28,100,20,20,221,44.7,34.1
9523,Mullaitivu,Dry,Maha,7.45,0.109,7.3,46.4,1.29,271.4,29.9,120,60,60,278.1,128.7,105.3
9524,Trincomalee,Dry,Maha,6.46,0.12,,53.3,0.93,221.4,27.1,120,60,60,267.6,127.7,103.5
9525,Trincomalee,Dry,Yala,6.04,0.167,14.4,58.1,1.2,33.4,30.1,100,40,60,203.5,90.1,95.7
9526,Trincomalee,Dry,Yala,,0.174,11,90.2,0.53,60.1,31.6,100,40,40,216.1,90.1,66.4
9527,Mullaitivu,Dry,Yala,6.66,0.134,7.3,115.4,0.65,68.3,31.6,120,60,20,276.2,132.5,35.7
9528,Kilinochchi,Dry,Yala,7.4,0.09,,112.5,1.14,62.7,30,130,40,20,265.4,84.3,33.6
9529,Nuwara Eliya,Wet,Yala,4.56,0.107,7.4,86.5,2.3,287.8,27.7,120,60,40,280,138.7,71.1
9530,Kandy,Wet,Yala,5.45,0.193,,110.5,2.61,372.9,27.5,100,40,20,232,87.7,34.9
9531,Hambantota,Dry,Maha,5.68,0.084,5.3,67.4,1.27,137.4,28.8,130,60,40,264.7,136.1,68.4
9532,Kurunegala,Intermediate,Yala,5.67,0.078,11.2,72.6,1.6,243.1,28.8,130,40,40,301,83.3,65.2
9533,Nuwara Eliya,Wet,Maha,5.55,,10.4,121.1,2.37,271,25.7,120,40,20,255.5,85,32.3
9534,Batticaloa,Dry,Maha,6.35,0.175,14.6,57.7,0.67,250.6,29.9,100,40,60,228.6,91.9,102.2
9535,Badulla,Intermediate,Maha,5.93,,13.6,57.8,1.12,195.1,28.2,100,40,60,214.7,81.1,99
9536,Monaragala,Intermediate,Maha,6.06,0.18,13.2,84.3,1.26,106,28.4,100,40,40,215.5,87.2,69.7
9537,Badulla,Intermediate,Maha,6.72,0.172,13.9,68.3,1.23,150.7,27.4,100,40,40,221.8,86.8,69.3
9538,Matara,Wet,Maha,4.79,0.1,9.4,77.7,2.85,267.9,27.8,120,60,40,271.6,135.3,64.8
9539,Kurunegala,Intermediate,Yala,6.66,0.068,10.6,115.8,1.39,168.3,28.1,130,40,20,262.8,84.2,34.3
9540,Nuwara Eliya,Wet,Maha,,0.085,9.8,149,2.57,279.7,24.3,130,60,20,286.5,124.9,33.3
9541,Ratnapura,Wet,Maha,4.94,0.158,9,146.4,2.52,262.2,26.8,100,60,20,207.2,138.7,32.4
9542,Mannar,Dry,Yala,,0.058,7.9,94.7,1.47,57.5,30.8,130,60,40,276.1,131.8,65.8
9543,Kurunegala,Intermediate,Yala,6.74,0.129,16.5,80.4,1.9,166.7,26,120,20,40,255,40.9,70.7
9544,Anuradhapura,Dry,Yala,7.25,0.055,6.9,63.8,1.49,98.6,,130,60,40,281.3,124.4,65.3
9545,Puttalam,Dry,Maha,6.36,0.08,13.2,,1.1,157.9,30.7,130,40,20,275.6,93.5,32.2
9546,Badulla,Intermediate,Yala,6.73,0.177,9.6,102.1,1.31,157.1,28.8,100,60,20,204.6,124.4,32.6
9547,Colombo,Wet,Yala,5.55,,11.6,132.3,1.72,297.1,26.6,120,40,20,247,88.4,31.9
9548,Mannar,Dry,Yala,,0.146,11.6,53.5,1.24,27.2,27,120,40,60,242.6,86,100.7
9549,Mullaitivu,Dry,Maha,6.53,0.176,7.2,119.2,1.15,206.6,31.3,100,60,20,216.4,137.9,31.5
9550,Kandy,Wet,Yala,5.07,0.112,,82.3,1.65,370.1,24.1,120,40,40,278.7,90.3,69.9
9551,Matale,Intermediate,Yala,6.06,0.065,14.8,81.5,1.82,141.6,27,130,40,40,266.3,88.3,64
9552,Kandy,Wet,Yala,4.58,0.141,6.4,87.6,,,27.6,120,60,40,278.4,120.8,67.7
9553,Hambantota,Dry,Maha,5.73,0.171,6.3,63.2,0.86,167.1,29.2,100,60,40,225,137.8,62.9
9554,Kandy,Wet,Yala,5.51,0.114,5.3,74,1.84,291.6,24.4,120,60,40,266.3,129.3,71.5
9555,Nuwara Eliya,Wet,Yala,5.53,0.153,8.2,86.3,2.8,349.4,,100,60,40,222.1,138.8,66.2
9556,Polonnaruwa,Dry,Maha,6.58,0.082,9.7,58.5,1.13,142,31,130,60,60,296.4,130.3,104.8
9557,Nuwara Eliya,Wet,Yala,4.74,0.102,5.1,97.1,1.69,310.2,27.8,120,60,40,245.5,134.2,69.4
9558,Batticaloa,Dry,Maha,6.51,0.18,11.2,50.6,1.28,148.7,29.5,100,40,60,217.6,81.4,103.2
9559,Mullaitivu,Dry,Maha,6.64,0.142,6.7,116.5,1.1,269.4,28.2,120,60,20,268.6,135.2,34.9
9560,Batticaloa,Dry,Yala,5.59,0.177,6.7,81.3,0.57,61.3,31.7,100,60,40,220.2,127.2,62.7
9561,Hambantota,Dry,Yala,7.16,0.136,8.6,48.8,1.39,26.6,28.2,120,60,60,273.9,127.5,102.7
9562,Jaffna,Dry,Yala,7.13,0.152,13.7,53.6,1.1,47.1,27.3,100,40,60,203.5,82,96.5
9563,Kurunegala,Intermediate,Yala,6.58,0.055,10.8,109.3,1.87,149.2,26.4,130,40,20,290.7,82.4,34.7
9564,Badulla,Intermediate,Yala,5.26,0.158,18.4,55.7,,175.4,29.7,100,20,60,218.5,41.4,106.9
9565,Ampara,Dry,Maha,5.55,0.091,12.2,100.6,0.53,261.1,29,130,40,20,277.5,84.8,35.3
9566,Kalutara,Wet,Yala,5.8,0.122,8.5,,2.95,393.5,25.9,120,60,40,254.6,138.1,62.8
9567,Badulla,Intermediate,Yala,5.83,0.167,17,86,1.02,107.4,28.5,100,20,40,221.3,42.6,65.4
9568,Ampara,Dry,Yala,6.16,0.164,14.7,62.8,1.09,79.9,,100,40,40,230.2,89.9,65.3
9569,Polonnaruwa,Dry,Yala,6.62,0.165,10.2,70.3,1.19,91.9,31,100,40,40,217.3,81.6,62.9
9570,Kurunegala,Intermediate,Yala,6.43,0.114,19.1,105.8,1.53,184.3,27,120,20,20,273.6,44.1,31.3
9571,Puttalam,Dry,Yala,5.56,0.162,5.4,104,1.47,89.8,29.3,100,60,20,214.2,130,32.7
9572,Kilinochchi,Dry,Maha,6.02,0.12,8.6,103.7,1.31,157.7,32,120,60,20,245.3,139.7,35.8
9573,Anuradhapura,Dry,Yala,6.95,0.182,14.1,44.4,1.43,47,31.2,100,40,60,203.1,91.5,101
9574,Hambantota,Dry,Yala,6.05,0.096,8.7,105.5,0.52,46.5,29.1,130,60,20,263.6,129.5,33.9
9575,Matale,Intermediate,Maha,6.05,0.087,7.4,123.6,1.47,231.7,29.5,130,60,20,277.5,135.8,33.2
9576,Vavuniya,Dry,Maha,6.17,0.111,8.8,53.9,0.73,248.8,27.2,120,60,60,254.5,124.4,102.4
9577,Matara,Wet,Maha,5.62,0.144,7.1,116.8,1.67,302.4,26.6,120,60,20,269.4,131.6,35.6
9578,Mullaitivu,Dry,Yala,5.61,0.197,,119.5,1.03,45.7,29.2,100,40,20,225.3,81.4,33.7
9579,Vavuniya,Dry,Maha,,0.191,13.3,54.8,,,30.1,100,40,60,202.8,85,93.5
9580,Kurunegala,Intermediate,Maha,5.76,0.187,6,52.4,1.46,148.3,27.5,100,60,60,208.3,125,99.9
9581,Vavuniya,Dry,Yala,5.53,0.1,13.4,98.8,0.54,35,29.8,120,40,40,252.1,89.9,71.6
9582,Mullaitivu,Dry,Maha,7.02,0.069,14.1,95.2,1.49,146.3,30.8,130,40,40,284.6,86.9,65.6
9583,Kalutara,Wet,Yala,4.63,,8.1,77,,369.7,25.8,100,60,40,205.8,135.3,67.6
9584,Polonnaruwa,Dry,Yala,6.15,0.052,8.1,96.8,0.9,37.8,,130,60,40,267.1,130.7,62.8
9585,Jaffna,Dry,Yala,6.39,0.169,10.6,77.2,,56.1,27.2,100,40,40,231.9,81.6,63.1
9586,Vavuniya,Dry,Yala,7.27,0.126,8.7,110.3,0.89,95,27.1,120,60,20,272.8,135,35.2
9587,Batticaloa,Dry,Yala,5.53,0.115,10.9,108.6,0.95,78.9,28.8,120,40,20,248.4,91.3,32.3
9588,Hambantota,Dry,Yala,6.62,0.188,15,89,1.37,69,29.5,100,20,40,214.4,46.1,64.8
9589,Vavuniya,Dry,Maha,7.17,0.109,9.1,98.4,0.9,270.2,,120,60,40,255.2,131.8,65.6
9590,Gampaha,Wet,Yala,5.04,0.157,7.4,86.6,2.71,375.8,25.9,100,60,40,226.9,135.4,71.4
9591,Galle,Wet,Maha,5.12,0.183,7.2,66.2,2.5,321.6,24.3,100,60,40,217.7,135.3,62.5
9592,Batticaloa,Dry,Yala,6.23,0.109,7.3,59.2,,86.3,30.3,120,60,60,246.3,123.7,104.8
9593,Galle,Wet,Maha,5.85,0.189,7,129.6,2.66,253.2,26.1,100,60,20,225.2,123.8,32.5
9594,Kalutara,Wet,Maha,5.49,0.099,11.9,124.6,1.64,220,27.4,130,40,20,278.2,81.4,35
9595,Ampara,Dry,Yala,6.58,0.154,13,109.8,1.24,58.3,27.1,100,40,20,209.7,84.6,35.8
9596,Batticaloa,Dry,Maha,7.24,0.059,7.7,,1.37,131.6,29.4,130,60,40,277.3,129.9,65.2
9597,Gampaha,Wet,Yala,4.58,0.082,,142.9,2.28,280.3,25.6,130,40,20,282.5,93.5,31.4
9598,Monaragala,Intermediate,Maha,6.35,0.18,13.1,102.9,1.25,246.2,28.9,100,40,20,212.3,86.1,31.5
9599,Puttalam,Dry,Maha,6.7,0.123,14.5,51.1,1.35,190.4,32,120,40,60,250.8,90,103.9
9600,Gampaha,Wet,Maha,5.8,0.091,10.9,65,2.31,281.5,27.7,130,40,40,278.3,89.5,63.1
9601,Galle,Wet,Maha,5.08,0.057,8.9,128.4,2.83,270.9,24.2,130,60,20,262.2,124.6,32.1
9602,Jaffna,Dry,Yala,5.85,0.066,7.6,94.4,1.05,53.7,32,130,60,40,294.2,121.8,63.7
9603,Trincomalee,Dry,Yala,5.62,0.081,6,67.5,1.13,74.4,31.4,130,60,40,268.7,131.3,65.3
9604,Kegalle,Intermediate,Yala,5.45,0.105,11.8,62.1,1.43,121.8,28,120,40,40,243.1,89.6,62.4
9605,Matale,Intermediate,Maha,6.28,,10.6,109.8,1.67,190.8,29.2,100,40,20,222.4,93.5,35.1
9606,Ratnapura,Wet,Maha,6,0.052,7.8,141.6,2.77,235.4,26.1,130,60,20,294.2,127.6,35.1
9607,Polonnaruwa,Dry,Yala,5.52,0.193,13.1,63.2,0.88,70.4,27.4,100,40,40,227.6,92.2,65.8
9608,Puttalam,Dry,Maha,7.47,0.15,8.8,67.2,1,243.3,30,100,60,40,217.2,128.1,67.8
9609,Kilinochchi,Dry,Yala,6.33,0.189,13,117.4,1.23,82.5,28.3,100,40,20,207.8,89.5,34
9610,Jaffna,Dry,Maha,6.87,0.061,5.9,92.8,1.06,236.4,31.1,130,60,40,292.7,132.3,69.2
9611,Mullaitivu,Dry,Maha,5.69,0.193,11.8,,0.98,227.4,30.8,100,40,60,223.9,81.2,100.3
9612,Jaffna,Dry,Yala,6.72,0.07,12.9,107.3,1.4,83.1,28.1,130,40,20,271.8,81.5,33.4
9613,Matara,Wet,Maha,4.95,0.123,7.9,88.2,2.46,370.1,25.1,120,60,40,276.7,121,68
9614,Matara,Wet,Yala,5.67,0.087,7.5,76.3,1.8,326.6,26,130,60,40,265.8,127.9,68.7
9615,Matara,Wet,Maha,5.15,0.052,9.4,77.3,1.76,269.6,27.3,130,60,40,303.1,135.2,65.2
9616,Mannar,Dry,Yala,6.4,0.112,,82.1,0.77,41.9,28.9,120,60,40,275,124,65
9617,Kilinochchi,Dry,Maha,5.67,0.099,14.2,74.7,1,248.4,30,130,40,40,290.6,88.4,64.4
9618,Gampaha,Wet,Maha,4.82,0.172,8.5,98.4,2.53,344.6,26.5,100,60,40,231.7,126.3,67.2
9619,Monaragala,Intermediate,Maha,5.74,0.117,11.3,50.3,1.33,116,29.6,120,40,60,269.6,90.9,97.9
9620,Kegalle,Intermediate,Maha,6.45,0.189,7.5,68.2,1.44,238.6,29.9,100,60,40,207.3,136.2,67.1
9621,Vavuniya,Dry,Yala,6.67,0.174,14.4,42.6,0.9,51.5,30.5,100,40,60,215.5,90.6,98.6
9622,Kegalle,Intermediate,Yala,5.9,0.058,11.9,78.2,2,160.4,26.6,130,40,40,264.4,87.3,70.1
9623,Kegalle,Intermediate,Yala,5.4,0.143,9,90.3,1.72,238.6,,120,60,40,256.6,126.2,62.4
9624,Ratnapura,Wet,Maha,5.57,0.111,5.6,62.5,2.5,212,24.7,120,60,40,270.4,136.5,67.4
9625,Monaragala,Intermediate,Maha,6.53,0.051,17.4,121,1.4,208.9,27.9,130,20,20,277.8,41.5,33.7
9626,Trincomalee,Dry,Maha,7.03,0.061,5.8,49.5,0.76,246.8,29.1,130,60,60,275.4,126.3,98.3
9627,Mullaitivu,Dry,Yala,6.35,0.151,10.3,80.3,0.99,85.3,31.6,100,40,40,220.5,82.9,65.9
9628,Puttalam,Dry,Maha,5.89,0.061,11.3,95.8,0.63,256.7,29,130,40,40,298.4,89.3,69.7
9629,Mullaitivu,Dry,Yala,6.59,0.097,9.3,111.6,0.87,43.4,30.8,130,60,20,263.4,134,32.2
9630,Mullaitivu,Dry,Yala,5.93,0.09,5.5,75.9,1.36,95.6,27,130,60,40,277.7,133.4,70.4
9631,Jaffna,Dry,Yala,5.94,0.069,8.6,73.7,1.05,57.3,30,130,60,40,268.1,128.7,70.7
9632,Ratnapura,Wet,Maha,5.04,0.119,11.8,99.6,2.69,235.5,27.8,120,40,40,268.5,81.8,68.2
9633,Ratnapura,Wet,Yala,4.89,0.062,9.3,109.7,,363.8,27.2,130,60,20,265.9,138.4,34.7
9634,Kurunegala,Intermediate,Yala,5.22,0.131,18.6,63.7,1.73,133.5,26.9,120,20,40,267.3,43.6,67.8
9635,Kandy,Wet,Yala,4.77,0.179,9.8,89.9,1.89,289.2,25.3,100,60,40,210.4,128.6,67
9636,Kilinochchi,Dry,Maha,6.18,0.148,11.2,49.8,0.92,242,31.7,120,40,60,249.1,88.2,107
9637,Ampara,Dry,Maha,7.49,0.14,,113.8,0.63,171.8,31.4,120,40,20,278,83,32.2
9638,Colombo,Wet,Yala,4.76,0.118,10.8,143.6,1.52,342.9,26.6,120,40,20,242.1,82.2,31.6
9639,Gampaha,Wet,Yala,5.83,0.053,10.5,67.2,2.56,282.7,24,130,40,40,280,85.8,64.6
9640,Ampara,Dry,Yala,6.65,0.116,6.6,119.4,0.56,65.9,31.3,120,60,20,242.2,125.1,33.9
9641,Matara,Wet,Maha,5.01,0.135,5.3,122.5,2.06,304.3,24.9,120,60,20,260.3,125.4,31.7
9642,Batticaloa,Dry,Maha,,0.098,13.2,40.3,1.3,204.6,27.2,130,40,60,282.6,92.1,106.1
9643,Ampara,Dry,Maha,5.95,,,104.2,1.29,144.6,30.6,120,40,20,253.9,87.4,32.9
9644,Mullaitivu,Dry,Yala,7.43,0.077,7.3,119.7,0.63,29.3,27.5,130,60,20,267,130.1,35
9645,Matale,Intermediate,Yala,6.68,0.105,18.8,73.7,1.78,149,29.4,120,20,40,256.1,44.7,64.2
9646,Matara,Wet,Maha,5.93,,7.5,,1.93,268.7,24.1,100,60,20,223,139.2,32.4
9647,Puttalam,Dry,Yala,5.79,0.198,8,107.1,1.03,80.2,28.6,100,60,20,226.6,122.8,31.1
9648,Kalutara,Wet,Yala,4.54,0.138,6,141.3,1.86,391.2,24.6,120,60,20,262.1,136.9,32.1
9649,Mannar,Dry,Maha,6.72,0.076,11.8,54.1,1.07,,27.5,130,40,60,286.4,88.1,99.9
9650,Monaragala,Intermediate,Maha,6.52,0.08,6.2,88.5,1.1,201.1,26.5,130,60,40,269.9,123.5,71.2
9651,Nuwara Eliya,Wet,Yala,5.71,0.069,10.5,106.1,2.57,213.9,26.2,130,40,20,273.6,84.4,32.7
9652,Ratnapura,Wet,Yala,5.16,0.197,5.5,143.8,2.07,383.7,24.8,100,60,20,206.4,130.1,34
9653,Ampara,Dry,Maha,6.8,0.12,9.3,55.6,1.15,129.1,27.4,120,60,60,251.1,134.1,98.9
9654,Ratnapura,Wet,Maha,5.35,0.18,7.5,105.1,2.04,320.3,27.3,100,60,20,208.4,125.4,31
9655,Vavuniya,Dry,Maha,5.83,0.129,11,92.6,1.47,250.6,28.9,120,40,40,261.7,87.5,66.7
9656,Gampaha,Wet,Maha,5.53,0.142,9.2,132.4,1.96,369.3,24.8,120,60,20,263.4,134,31.1
9657,Batticaloa,Dry,Maha,6.97,0.086,14.9,82.1,1.49,293,,130,40,40,301.5,86.3,70.5
9658,Polonnaruwa,Dry,Yala,6.11,0.088,12.2,56.4,1.3,79.1,31.6,130,40,60,269.7,91.7,103.8
9659,Badulla,Intermediate,Yala,5.31,0.094,13.3,74.2,1.11,210.4,28.7,130,40,40,288.6,91.8,65.5
9660,Gampaha,Wet,Maha,5.67,0.134,7,87.7,,382.6,24.7,120,60,40,273.3,129.8,68.1
9661,Anuradhapura,Dry,Yala,5.63,0.115,5.3,,,38.2,29.6,120,60,40,263.3,139.7,62.8
9662,Anuradhapura,Dry,Maha,5.96,0.102,11.5,98.3,1.41,162.8,28.7,120,40,40,251.3,81.5,68.7
9663,Jaffna,Dry,Maha,6.01,0.082,13.7,112.6,1.47,263.1,28.7,130,40,20,272.5,80.5,34.9
9664,Galle,Wet,Yala,4.88,0.055,6.3,93.3,2.16,365,25.7,130,60,40,263.1,128.1,69.9
9665,Colombo,Wet,Maha,5.6,0.136,11.9,,2.7,375.5,27.9,120,40,20,253.3,88.3,32.2
9666,Badulla,Intermediate,Maha,5.65,0.114,6.5,68.7,1.69,240,29.1,120,60,40,270.5,132.9,64.3
9667,Kalutara,Wet,Yala,4.62,,6.7,110.4,,285.8,,100,60,20,202.6,129.9,33.4
9668,Kegalle,Intermediate,Maha,5.57,0.082,6.3,112.3,1.1,199.4,26.8,130,60,20,270.7,123.1,35.6
9669,Matale,Intermediate,Yala,5.48,0.078,6,65.4,1.58,197.9,27.7,130,60,40,291.3,124,70.9
9670,Vavuniya,Dry,Maha,5.91,0.134,9.4,49.6,0.76,292.4,28,120,60,60,272,137.3,97.9
9671,Colombo,Wet,Maha,4.64,0.177,8.5,121.1,2.83,,24.5,100,60,20,215.9,137.6,34.7
9672,Trincomalee,Dry,Maha,6.61,0.166,14.3,85.9,1.26,146.8,30.4,100,40,40,223.9,89.3,70.9
9673,Vavuniya,Dry,Yala,5.57,0.075,14.4,88.7,0.59,77.4,31.3,130,40,40,277.9,89.1,64.3
9674,Batticaloa,Dry,Yala,7.2,0.17,5.1,110.8,1.29,88.6,28.9,100,60,20,206.3,132.3,34.9
9675,Monaragala,Intermediate,Yala,6.51,0.124,8.6,58.1,1.89,108,27,120,60,60,256.9,124.6,96.5
9676,Gampaha,Wet,Yala,4.87,0.198,10.4,87.8,1.61,261.7,24.4,100,40,40,220,86.1,65.1
9677,Colombo,Wet,Yala,4.58,0.175,5.8,123.1,2.21,329.2,27.7,100,60,20,232,134.2,31.8
9678,Galle,Wet,Maha,5.29,0.156,7.8,116.8,1.92,352.9,25.9,100,60,20,203.3,131.1,33.3
9679,Anuradhapura,Dry,Maha,7.47,0.072,9.3,99,0.85,219.5,31.7,130,60,40,282.9,121,70.1
9680,Kurunegala,Intermediate,Yala,5.59,0.052,17.1,100.2,1.59,242,27.8,130,20,20,275.3,46.5,33.4
9681,Colombo,Wet,Maha,,0.194,11.9,63.1,2.94,393.1,27.7,100,40,40,217.7,91.5,62.9
9682,Mannar,Dry,Yala,7.07,0.135,14.9,75.8,1.35,75.9,29.9,120,40,40,242.3,83.9,64.2
9683,Monaragala,Intermediate,Maha,5.2,0.056,5.5,55.8,1.87,226.5,27,130,60,60,274.7,132.7,100.9
9684,Colombo,Wet,Yala,5.06,0.199,10.5,93.2,2.97,,24.3,100,40,40,227.8,92.5,67.5
9685,Gampaha,Wet,Yala,5.27,0.179,10.8,93.2,2.61,286.1,24.9,100,40,40,219.2,81.7,67.5
9686,Kegalle,Intermediate,Maha,5.28,0.103,14.5,127.9,1.81,139.9,27.2,120,40,20,259,87,31.2
9687,Kilinochchi,Dry,Maha,6.13,0.178,8,90.4,1.14,252.2,27.3,100,60,40,210.4,129.5,69.2
9688,Galle,Wet,Yala,,0.057,7.1,149.7,2.04,355.8,24.7,130,60,20,274,128.6,35.3
9689,Nuwara Eliya,Wet,Yala,5.33,0.171,9,112.7,1.85,361.6,24.6,100,60,20,213.6,137,33.4
9690,Anuradhapura,Dry,Yala,6.37,0.068,5.2,45.8,0.62,96.2,27.8,130,60,60,296.8,128.1,103.3
9691,Matara,Wet,Maha,5.68,0.138,7.3,123.9,2,283.9,,120,60,20,279.2,121.9,35.4
9692,Matara,Wet,Yala,5.03,,10.6,117.2,1.96,236.5,27.4,100,40,20,215.4,81.3,34
9693,Matale,Intermediate,Yala,6.13,,9.7,113.3,1.86,233.3,27.3,130,60,20,278.1,121.5,34.2
9694,Trincomalee,Dry,Maha,7.19,0.177,9.6,50,1,239.8,,100,60,60,228.7,128.6,103.3
9695,Mannar,Dry,Yala,7.49,0.059,14.7,86.8,0.59,,28,130,40,40,279.5,89.9,64.3
9696,Kandy,Wet,Yala,4.7,0.095,7.3,103.4,2.71,366.1,26,130,60,20,284.8,124.6,33.7
9697,Puttalam,Dry,Maha,5.69,0.123,6.7,73.9,1.22,120.2,29.5,120,60,40,250.4,133.3,70.1
9698,Nuwara Eliya,Wet,Maha,4.53,0.059,9.9,71,2.63,290.7,27.7,130,60,40,292.9,134.1,64.7
9699,Matale,Intermediate,Yala,6.74,0.094,8.7,109,1.98,,26.6,130,60,20,284,125.6,35.3
9700,Kalutara,Wet,Yala,5.19,0.1,5,65.1,2.89,295.1,25.8,120,60,40,273,132.4,67.9
9701,Matara,Wet,Maha,4.88,0.142,8.8,117.2,1.99,,24.1,120,60,20,271.9,134,32.9
9702,Trincomalee,Dry,Maha,6.05,0.15,,92.9,0.85,237.6,28,100,60,40,208.1,129.7,67.9
9703,Nuwara Eliya,Wet,Yala,4.52,0.11,11.2,71.6,2.88,291,27.5,120,40,40,269.3,84.9,65.7
9704,Matara,Wet,Maha,4.85,0.091,7.8,95.2,1.59,294,24.1,130,60,40,295.3,132.7,70.1
9705,Batticaloa,Dry,Yala,6.96,0.133,12.2,93.2,0.93,,27.8,120,40,40,254.9,93.2,66.5
9706,Kilinochchi,Dry,Maha,5.71,0.084,13.5,75.7,1.43,230.9,29.6,130,40,40,268.7,86,70.7
9707,Nuwara Eliya,Wet,Yala,5.05,0.147,6.4,126.6,1.62,317.7,24.4,120,60,20,241.4,128.3,33.3
9708,Kilinochchi,Dry,Yala,7.24,0.173,14.3,96.4,0.9,58.3,,100,40,40,215.8,86.5,68.3
9709,Gampaha,Wet,Yala,4.54,,9.9,74.3,2.81,206.6,24,130,60,40,276.3,122.1,71.7
9710,Matara,Wet,Maha,5.54,0.165,7.6,134.2,2.73,202,27.8,100,60,20,219.2,131.4,31.5
9711,Hambantota,Dry,Yala,5.73,0.185,9.8,77.5,1.33,96,29.6,100,60,40,207.2,127,69.1
9712,Hambantota,Dry,Maha,5.61,0.133,12.9,84,1.22,134.7,28.3,120,40,40,275,82.1,63.1
9713,Puttalam,Dry,Yala,6.43,0.056,7.2,108.1,0.61,52.1,31.9,130,60,20,272.3,129.7,35
9714,Kalutara,Wet,Maha,5.21,0.19,8.8,124.3,1.94,312.3,,100,60,20,208.5,120.7,33.8
9715,Kegalle,Intermediate,Maha,5.9,0.141,15.8,68.6,1.37,116.3,28,120,20,40,260.1,42.9,71.1
9716,Kandy,Wet,Maha,5.41,0.145,6.9,132.8,2.32,300.2,26.5,120,60,20,260.9,122.7,35.1
9717,Galle,Wet,Yala,4.8,0.2,5.4,147,2.95,219.3,25.8,100,60,20,208.1,121.1,31.2
9718,Mannar,Dry,Yala,6.24,0.155,13.1,51.4,0.55,21.7,30,100,40,60,210,91.2,94.6
9719,Monaragala,Intermediate,Maha,5.61,0.185,13.8,121.1,1.79,193.9,27.8,100,40,20,206.6,92.4,33.8
9720,Gampaha,Wet,Yala,4.97,0.165,9.2,74.2,3,269.4,27.7,100,60,40,224.5,124.7,66.9
9721,Batticaloa,Dry,Yala,,0.062,5.7,83.3,1.12,62.8,28.3,130,60,40,294,131.2,63.4
9722,Polonnaruwa,Dry,Maha,5.61,0.195,14.5,60.2,1.42,201,30.5,100,40,40,216.2,84.1,63
9723,Kalutara,Wet,Yala,5.72,0.162,10.5,148,2.93,244.8,,100,40,20,224.4,86.9,33.6
9724,Ratnapura,Wet,Maha,5.95,0.139,11.1,149.5,2.13,,24.1,120,40,20,270.1,86.2,31
9725,Ratnapura,Wet,Yala,4.99,0.083,9.2,147.9,1.74,212.7,26.9,130,60,20,267.3,125.9,35.2
9726,Colombo,Wet,Maha,4.94,0.166,5.6,125,2.03,222.1,26.4,100,60,20,232.6,134.3,34.8
9727,Matale,Intermediate,Maha,5.53,0.17,9.5,88.5,1.67,236.4,28.2,100,60,40,227.9,123.1,69.6
9728,Trincomalee,Dry,Yala,5.84,0.102,,94,1.24,73.3,29.9,120,40,40,249.3,81.2,61.9
9729,Kalutara,Wet,Yala,5.39,0.139,,136.7,2.17,248.8,27.9,120,40,20,248.6,90.5,31
9730,Gampaha,Wet,Yala,4.98,0.116,6,110,2.82,390.8,24.9,120,60,20,246.3,133.6,33.5
9731,Nuwara Eliya,Wet,Yala,5.17,0.111,8.5,69.4,2.87,251.8,24.9,120,60,40,246.7,130.4,71.6
9732,Batticaloa,Dry,Maha,7.17,0.114,13.8,95.4,0.69,124.2,30.5,120,40,40,270.6,86.6,65.1
9733,Matara,Wet,Yala,5.1,0.11,8.6,68.1,,262.1,26.4,120,60,40,259.7,130.3,65.1
9734,Ratnapura,Wet,Maha,5.15,0.154,8.9,94.7,1.71,340.8,27.3,100,60,40,226.6,129.2,63
9735,Nuwara Eliya,Wet,Yala,5.83,0.11,8.7,84.1,2.19,246,27.5,120,60,40,270.5,128.3,68.4
9736,Galle,Wet,Yala,5.94,,10.9,67.2,1.93,393.3,24.5,130,40,40,287,87,68.2
9737,Hambantota,Dry,Yala,6.6,,12.4,96.6,0.92,53.5,30,130,40,40,290.5,87.4,62.7
9738,Kandy,Wet,Maha,5.62,0.061,9.3,77.8,1.8,270,26.4,130,60,40,262.2,134.2,66.4
9739,Matale,Intermediate,Yala,6.61,0.148,10.1,126.2,1.12,191.1,26,120,40,20,253.5,89.8,34.1
9740,Kalutara,Wet,Yala,5.52,0.065,6.7,94.1,2.4,246.2,24.8,130,60,40,288.4,128,66.6
9741,Ampara,Dry,Yala,7,0.095,9.3,63.4,0.53,38.1,,130,60,40,261.8,128.7,68.4
9742,Anuradhapura,Dry,Yala,,0.088,5.3,,1.27,39.9,,130,60,40,262.8,127.9,69.9
9743,Monaragala,Intermediate,Maha,6.11,0.159,19.7,75.4,1.86,,26.2,100,20,40,228.9,43.7,68.6
9744,Galle,Wet,Maha,4.85,0.158,6.1,138,2.17,344,26.4,100,60,20,223.4,129.5,33.9
9745,Jaffna,Dry,Yala,5.58,0.061,12.3,43,0.61,93.1,30.2,130,40,60,272.7,92.1,105.3
9746,Kalutara,Wet,Maha,,0.186,11,119.8,2.63,345,27.7,100,40,20,223.5,89.6,35.3
9747,Puttalam,Dry,Yala,7.04,0.075,9.4,104,0.6,44.7,27.2,130,60,20,295,138.2,32.7
9748,Colombo,Wet,Maha,5.85,0.145,7.8,134.7,2.69,262.3,26,120,60,20,253.3,134.5,31.7
9749,Kalutara,Wet,Maha,5.82,0.165,7.5,105.1,,225.8,26.9,100,60,20,202.3,139.6,34.9
9750,Batticaloa,Dry,Maha,6.98,0.167,,80,1.29,264.6,29.8,100,60,40,231.5,133.1,63.8
9751,Gampaha,Wet,Maha,5.9,0.134,6.8,124.8,2.11,254.8,25,120,60,20,254.8,139.5,35.4
9752,Nuwara Eliya,Wet,Yala,5.42,0.139,8.3,78.7,2.02,269.9,25.8,120,60,40,245.5,123.7,61.9
9753,Kurunegala,Intermediate,Maha,5.35,0.082,19.6,56.1,1.25,110.5,27.6,130,20,60,282.3,40.6,106.3
9754,Colombo,Wet,Maha,5.5,0.129,10.1,123,2.37,344.2,27.8,120,40,20,271.4,88,33.7
9755,Mannar,Dry,Maha,7.46,0.05,11.4,49.7,1.17,138.3,30.6,130,40,60,270.8,93.3,104.1
9756,Jaffna,Dry,Maha,7.34,0.175,8.5,97.3,0.64,246.4,27.9,100,60,40,209.9,128.8,65.7
9757,Nuwara Eliya,Wet,Maha,5.65,0.052,9.6,127.8,2.88,302.3,26.7,130,60,20,271.7,124.8,35.8
9758,Polonnaruwa,Dry,Maha,5.53,0.08,5.4,108.8,1.32,146.2,27.2,130,60,20,303.4,130.8,31.9
9759,Polonnaruwa,Dry,Maha,7.39,0.059,6.9,103.5,0.75,250.2,31.6,130,60,20,269.8,133.3,32.1
9760,Galle,Wet,Yala,5.46,0.197,9.7,67.8,2.05,277.4,25.5,100,60,40,219.9,126.8,62.2
9761,Kandy,Wet,Yala,,0.07,11.8,65.3,2.53,288.3,24.3,130,40,40,300.6,89.8,71.1
9762,Mullaitivu,Dry,Yala,6.84,0.197,11.7,113.2,0.79,39,29.8,100,40,20,205.9,93.2,33.1
9763,Kurunegala,Intermediate,Maha,5.46,0.061,,106.5,1.07,214.5,28.7,130,40,20,302.6,92.2,34.2
9764,Badulla,Intermediate,Maha,5.89,0.183,,60.3,1.78,171.9,26.2,100,20,40,232,42.1,68.6
9765,Kilinochchi,Dry,Maha,7.1,0.154,11.1,43.7,1.29,159.1,31.9,100,40,60,229.9,84.7,105.6
9766,Colombo,Wet,Yala,5.09,0.156,11.7,102.8,,311.8,24.4,100,40,20,208.1,85.3,34.1
9767,Batticaloa,Dry,Maha,7.04,0.193,8.4,60.4,1.41,195.2,31.2,100,60,40,221.8,128.3,67.3
9768,Jaffna,Dry,Yala,5.83,0.118,9.8,108.9,,41.2,30.7,120,60,20,271.1,122.6,34.4
9769,Anuradhapura,Dry,Yala,5.71,,13,72.9,0.77,73.1,,120,40,40,279.9,90.4,69.2
9770,Ratnapura,Wet,Maha,4.66,0.166,7.4,81,2.39,307.4,26.5,100,60,40,207,127.8,63.6
9771,Vavuniya,Dry,Maha,6.67,0.165,6.2,111.5,0.83,176.5,29,100,60,20,226.1,137.8,31.4
9772,Nuwara Eliya,Wet,Maha,5.29,,5.3,129.6,1.97,396.8,24.8,100,60,20,212.1,138.8,31.2
9773,Nuwara Eliya,Wet,Yala,5.15,0.188,6.8,110.8,2.44,203.9,,100,60,20,206.8,121.1,32.7
9774,Nuwara Eliya,Wet,Yala,4.91,0.071,7,93.6,1.64,319.4,24.2,130,60,40,279.3,140,66.7
9775,Ratnapura,Wet,Yala,4.72,0.09,8.8,133.7,2.16,216.6,25.7,130,60,20,295.1,134.5,33.9
9776,Badulla,Intermediate,Maha,5.43,0.179,18.8,88.5,1.55,168.5,29.5,100,20,40,216.3,43.6,71.3
9777,Gampaha,Wet,Yala,5.98,0.056,10.4,130.3,1.73,234.8,26.9,130,40,20,284.2,85.6,32.5
9778,Kalutara,Wet,Maha,4.58,0.07,10.5,128.7,2.97,345.9,28,130,40,20,303.6,87.2,34.6
9779,Ratnapura,Wet,Yala,4.61,0.125,5.7,80.4,2.13,254.5,24.8,120,60,40,257,127,67
9780,Colombo,Wet,Yala,4.78,0.11,8.7,82.7,2.15,394.7,27.8,120,60,40,265.4,132.8,63.9
9781,Hambantota,Dry,Maha,6.82,0.127,5.4,81.4,0.53,159.8,31,120,60,40,255.6,122.4,67.9
9782,Mannar,Dry,Yala,7.49,0.094,8.8,83.4,1.23,81,27,130,60,40,278.1,132.8,71.4
9783,Mannar,Dry,Maha,6.42,0.098,6.2,63.2,1.28,171.8,29.2,130,60,40,290.9,126,62.9
9784,Gampaha,Wet,Maha,4.86,0.063,7.8,129.1,2.72,286.7,25.6,130,60,20,301.2,121,33.3
9785,Badulla,Intermediate,Maha,5.92,0.136,,62.2,,184.9,29.8,120,20,40,262.6,43.8,62.2
9786,Matara,Wet,Maha,5.51,0.152,11.3,,1.85,320.3,26.2,100,40,40,226.2,88,64.9
9787,Kandy,Wet,Maha,5.36,0.108,6.9,96.3,2.75,240.5,25.2,120,60,40,244.8,129,67.9
9788,Anuradhapura,Dry,Yala,6,0.053,6.8,65.9,0.82,48.4,30,130,60,40,270.4,122,70.1
9789,Polonnaruwa,Dry,Maha,6.71,,14.8,95.4,1.24,167.6,27.6,120,40,40,261,92.1,69
9790,Hambantota,Dry,Yala,6.28,0.19,12.8,52.4,0.9,75.2,32,100,40,60,201.7,88.5,99.4
9791,Kalutara,Wet,Yala,5.84,0.105,,89.9,1.9,237.5,26.9,120,40,40,251.2,82,70.8
9792,Gampaha,Wet,Yala,4.65,0.083,8.5,,,207.8,24.7,130,60,20,283.3,130.6,32.3
9793,Mullaitivu,Dry,Yala,,0.06,6.3,79.3,1.36,87.7,31.8,130,60,40,262,130.3,69.2
9794,Kegalle,Intermediate,Maha,6.78,0.087,17.9,,1.72,189,29.9,130,20,20,272.6,40.6,33.2
9795,Anuradhapura,Dry,Yala,5.56,0.14,7.1,,1.43,,30.5,120,60,60,261.4,132.5,106
9796,Mannar,Dry,Maha,6.52,0.169,10.7,89,,246.3,28.7,100,40,40,219.8,91,69.7
9797,Ratnapura,Wet,Maha,5.71,0.092,5.8,126.9,2.15,382.2,25.5,130,60,20,300.6,135.3,35.3
9798,Polonnaruwa,Dry,Maha,7.46,0.069,8.5,116.3,1.06,176.6,30,130,60,20,288.8,124.6,31.9
9799,Kilinochchi,Dry,Maha,7.08,0.061,13,99.9,,127.5,31.2,130,40,40,279,91.7,68.4
9800,Polonnaruwa,Dry,Maha,5.6,0.191,9.6,94.7,0.8,261.2,27.2,100,60,40,231.4,127.3,69.1
9801,Gampaha,Wet,Yala,4.76,0.08,9.5,123.5,2.85,227.4,27.3,130,60,20,294.7,139.1,34.5
9802,Nuwara Eliya,Wet,Maha,5.73,0.09,9,80.2,1.98,210.3,27.8,130,60,40,269.9,122,66.7
9803,Mullaitivu,Dry,Maha,6.3,,14.5,68.5,1.17,,28.7,100,40,40,205.4,86.8,61.8
9804,Galle,Wet,Maha,4.56,0.198,11.3,141,2.28,384.1,24.9,100,40,20,223.1,88.3,32.1
9805,Ampara,Dry,Yala,6.32,0.187,6.1,42,0.52,98.9,27.1,100,60,60,219.4,125.5,97.3
9806,Kalutara,Wet,Maha,5.78,0.07,9.6,116.7,2.19,389.8,25.4,130,60,20,294.9,135.7,35.1
9807,Matara,Wet,Yala,4.95,0.186,10.3,143.9,,227.9,24.8,100,40,20,225.2,88.7,35
9808,Batticaloa,Dry,Maha,7,0.099,5.4,69.2,0.54,232.7,30.2,130,60,40,287.9,121,62.7
9809,Hambantota,Dry,Maha,6.87,0.185,12.4,108,1.48,208.2,28.1,100,40,20,233.3,88.4,35.5
9810,Mullaitivu,Dry,Maha,7.38,0.058,,50.2,1.06,270.2,29.9,130,60,60,284,130.2,95.2
9811,Kegalle,Intermediate,Maha,6.35,0.156,,73.8,,110.2,27.4,100,60,40,204.8,124.5,65.8
9812,Kurunegala,Intermediate,Maha,6.45,0.162,7.8,111,1.57,104.3,26.7,100,60,20,228.1,140.1,31.9
9813,Kandy,Wet,Yala,4.62,0.177,7.9,114.8,2.58,285.6,25.4,100,60,20,209.3,138.2,35.1
9814,Badulla,Intermediate,Yala,6.22,0.146,12.8,106.2,1.65,139.2,26.4,120,40,20,271.8,84.3,34.5
9815,Kandy,Wet,Maha,5.36,0.071,7.8,129.1,2.57,336,27.8,130,60,20,302,131.2,32.6
9816,Vavuniya,Dry,Maha,5.98,0.182,8.6,53.8,0.73,292.3,31.4,100,60,60,223.8,126.8,102.7
9817,Kalutara,Wet,Maha,5.35,0.16,6.4,68.8,2.94,316,25.2,100,60,40,220.5,135.8,63.5
9818,Monaragala,Intermediate,Yala,5.34,0.051,12,112.1,1.41,107.8,27.8,130,40,20,280.9,92.6,32.7
9819,Badulla,Intermediate,Yala,5.6,0.143,7.6,71.6,1.94,167.6,26.5,120,60,40,255.6,127.6,65.5
9820,Nuwara Eliya,Wet,Maha,5.91,0.187,5.9,96.5,2.54,357.3,27.1,100,60,40,212.6,136.4,64.1
9821,Polonnaruwa,Dry,Yala,6.63,0.1,11.7,107.2,1.34,50.9,,120,40,20,266.2,87,35.2
9822,Anuradhapura,Dry,Maha,5.95,,11.5,60.7,0.88,136.5,,100,40,40,225.6,85.7,68.5
9823,Puttalam,Dry,Maha,7.47,0.122,12.9,68.2,1.14,241.1,31.5,120,40,40,267.9,92.7,64.5
9824,Batticaloa,Dry,Yala,6.13,0.131,,114.8,1.44,78.9,31.4,120,60,20,249.1,130.6,32
9825,Mullaitivu,Dry,Maha,,0.057,12.7,51.1,1.31,163.3,30.6,130,40,60,282.3,86.6,92.8
9826,Polonnaruwa,Dry,Yala,5.71,0.181,6.4,105.7,1.4,59.7,29.5,100,60,20,226.9,133.8,32.5
9827,Ampara,Dry,Maha,6.16,0.057,13.9,52.4,,258.7,,130,40,60,281.6,83.9,100.4
9828,Gampaha,Wet,Maha,,0.114,8.5,129.6,2.23,355.5,24,120,60,20,262.3,127,32.2
9829,Anuradhapura,Dry,Yala,7.43,0.168,12.2,105.2,0.52,44.6,31.6,100,40,20,226.2,92.6,34.3
9830,Ampara,Dry,Maha,5.6,0.194,14.2,113.2,1.2,159.8,31.7,100,40,20,222.7,89.3,32.9
9831,Hambantota,Dry,Yala,7.28,0.172,12.9,93.1,1.06,65.7,30,100,40,40,214.4,91.3,64.9
9832,Monaragala,Intermediate,Yala,6.41,0.17,,79.9,1.98,217.1,28.7,100,20,40,230.3,42,71.1
9833,Badulla,Intermediate,Maha,6.36,0.061,9.4,63.5,1.45,106.2,29.9,130,60,40,268.3,131.3,64.3
9834,Kurunegala,Intermediate,Maha,6.23,0.19,18.5,86.9,1.41,184.8,28.8,100,20,40,233.6,46.6,65.7
9835,Badulla,Intermediate,Yala,5.7,0.12,8.9,100.8,1.46,197.4,27.3,120,60,20,246,126.9,32.7
9836,Jaffna,Dry,Maha,7.07,0.114,7.9,117.2,1.45,238,29.7,120,60,20,241.9,123.8,32
9837,Matara,Wet,Yala,5.54,0.086,7.4,112.2,2.16,378.9,25.2,130,60,20,299.1,130.6,31.9
9838,Nuwara Eliya,Wet,Yala,5.2,0.118,6.7,97.3,1.99,394.8,24,120,60,40,250.9,128.2,64.7
9839,Kurunegala,Intermediate,Maha,6.07,0.187,14.5,54.8,1.27,130.4,29.1,100,40,60,224.9,82.6,105.5
9840,Matale,Intermediate,Maha,6.42,0.159,7.1,112.9,1,100.6,28.9,100,60,20,227.5,138,34.6
9841,Anuradhapura,Dry,Maha,7.4,0.105,14.3,77,1.25,263.4,30.9,120,40,40,274.9,93.4,68.5
9842,Badulla,Intermediate,Yala,5.89,0.061,18,,1.38,195,27.3,130,20,40,303.4,43.9,66.3
9843,Kandy,Wet,Maha,5.37,0.089,9,123.3,2.77,317,27.6,130,60,20,273.9,135.8,33.3
9844,Mullaitivu,Dry,Yala,6.17,0.167,,105,0.94,56.5,,100,60,20,224.3,137.4,32.1
9845,Puttalam,Dry,Maha,,0.093,8.6,100.6,0.8,272.4,31.8,130,60,20,266.3,134.3,31.2
9846,Matara,Wet,Yala,5.22,0.149,9.7,71.6,2.78,310.3,27.6,120,60,40,257.3,121.5,65
9847,Jaffna,Dry,Maha,7.25,0.053,,73.3,0.83,193.7,29.7,130,40,40,297.4,82.5,66.7
9848,Trincomalee,Dry,Yala,7.12,0.176,5.9,42.6,1,57.6,27.3,100,60,60,213.1,122,93.4
9849,Batticaloa,Dry,Maha,5.57,0.131,14.2,92.3,1.07,172.2,31.1,120,40,40,264.5,80.6,62.6
9850,Monaragala,Intermediate,Maha,6.64,0.127,18.4,69.6,1.64,113.4,26.8,120,20,40,261,42.2,64.3
9851,Puttalam,Dry,Yala,6.49,0.165,7.8,47.6,1.16,73.6,27.8,100,60,60,222.2,128.3,98
9852,Mullaitivu,Dry,Maha,6.98,0.089,8.9,41.8,1.11,146.8,29.9,130,60,60,302.6,125.3,98.4
9853,Mullaitivu,Dry,Maha,7.18,,10.5,95.8,1.5,183.2,31.3,120,40,40,243.5,81.3,62.9
9854,Vavuniya,Dry,Maha,6.08,0.107,10.9,103.9,1.19,130.1,31.9,120,40,20,263.8,87.4,31.9
9855,Gampaha,Wet,Yala,5.77,0.158,5.1,117.1,2.72,204.1,27.3,100,60,20,229.2,126,32.1
9856,Anuradhapura,Dry,Maha,5.8,0.17,9.8,48.5,1.14,133.4,31.7,100,60,60,216.8,136.2,93.5
9857,Mannar,Dry,Yala,5.82,0.059,5.4,55,1.12,85.1,29.2,130,60,60,264.7,120.8,97.4
9858,Nuwara Eliya,Wet,Yala,5.17,0.053,9.6,91.4,1.59,357.9,25.5,130,60,40,285.2,137.1,62.4
9859,Jaffna,Dry,Yala,7.1,0.117,12.9,43.3,0.98,44.9,31.4,120,40,60,254.3,92.9,103.1
9860,Ampara,Dry,Yala,6.42,0.171,5.5,109.6,0.89,67.6,28.1,100,60,20,206.1,134.6,32.7
9861,Mullaitivu,Dry,Yala,7.12,0.124,10.1,73.9,0.63,70.9,31.9,120,40,40,274.6,90,65
9862,Kalutara,Wet,Maha,5.83,0.193,,93.7,1.56,250.5,24.7,100,60,40,218.1,138.9,63
9863,Vavuniya,Dry,Yala,6.7,0.065,13,56,0.74,74.6,27.6,130,40,60,301,83.2,95.9
9864,Ampara,Dry,Yala,6.83,0.096,10.2,118.4,1.22,,30.3,130,40,20,295.6,93.5,32
9865,Mullaitivu,Dry,Maha,6.78,0.145,12.6,119,0.72,231.6,30.1,120,40,20,268.5,90.6,35.7
9866,Colombo,Wet,Yala,4.54,0.069,10.2,101.9,1.86,376.9,25,130,40,20,261.6,90,35
9867,Vavuniya,Dry,Maha,5.72,0.137,11.7,114.2,0.68,181.7,31.4,120,40,20,258.1,85.2,30.9
9868,Matale,Intermediate,Yala,5.7,0.114,9.4,53.9,1.94,186.6,26.1,120,60,60,249.1,131.3,101.8
9869,Colombo,Wet,Maha,5.91,0.14,11.4,77.8,2.72,327.1,26.5,120,40,40,277,89,64.3
9870,Kegalle,Intermediate,Yala,6.01,0.193,6.9,84.7,1.29,249.2,26.5,100,60,40,206.8,132.8,62.7
9871,Ratnapura,Wet,Yala,4.96,0.101,8,88.9,2.82,370.7,26.2,120,60,40,252.5,134.4,68.8
9872,Monaragala,Intermediate,Maha,5.75,0.171,12.5,93.9,1.57,186,27,100,40,40,217.9,81.6,63
9873,Kegalle,Intermediate,Maha,5.46,0.17,13.1,51.3,1.83,147.2,,100,40,60,209.7,85.1,99.2
9874,Gampaha,Wet,Maha,4.59,0.182,8.5,116,2.7,234.6,25.3,100,60,20,207.9,129.1,34
9875,Kegalle,Intermediate,Maha,5.98,0.106,17,60.4,1.13,,27,120,20,40,264.8,41.9,67.2
9876,Hambantota,Dry,Yala,6.65,,11.6,41.2,1.38,,30.2,130,40,60,265.2,82.7,107.2
9877,Mannar,Dry,Yala,,0.172,6.6,,0.92,88.9,27.4,100,60,60,203,123.3,104.3
9878,Ratnapura,Wet,Yala,5.57,0.142,5.4,92.2,1.67,311.8,,120,60,40,255.9,127.8,69.4
9879,Nuwara Eliya,Wet,Yala,4.81,0.173,7.8,96.2,2.76,374.2,27.8,100,60,40,224.6,130.3,65.3
9880,Anuradhapura,Dry,Yala,6.95,0.16,7,61.3,0.51,50.6,28.3,100,60,40,219.2,121.9,61.8
9881,Kegalle,Intermediate,Yala,5.52,0.099,11,90.9,1.28,217.9,27.4,130,40,40,279.3,92.8,69
9882,Polonnaruwa,Dry,Yala,6.59,0.076,11,108.5,1.03,78.6,30.3,130,40,20,285.4,90.5,35.8
9883,Badulla,Intermediate,Yala,5.56,,9.7,79.7,1.52,,26.5,120,60,40,255.6,134.9,65.8
9884,Polonnaruwa,Dry,Maha,6.75,0.162,13.6,50,1.08,127,30.9,100,40,60,231.6,82.7,107.3
9885,Jaffna,Dry,Yala,6.48,0.146,8.3,99.7,0.63,87.1,30.3,120,60,40,243.5,132.4,63.1
9886,Colombo,Wet,Maha,5.8,0.084,8,142.1,2.45,329.5,25.7,130,60,20,290,131,32.3
9887,Ratnapura,Wet,Maha,5.84,0.18,10.7,120.5,1.59,255.9,27.7,100,40,20,230.2,93.3,31.7
9888,Trincomalee,Dry,Yala,5.77,0.186,8,54.6,0.55,78,30.8,100,60,60,227.3,135.2,99.6
9889,Kandy,Wet,Maha,4.57,0.129,8,131.6,2.68,324.3,27,120,60,20,248.5,131.9,34.8
9890,Jaffna,Dry,Yala,6.11,0.11,11.3,43,1.05,49.5,29.2,120,40,60,252.9,91.6,97.6
9891,Badulla,Intermediate,Maha,5.94,0.085,11.5,116.3,1.47,235.5,29.8,130,40,20,291.8,82.5,35.3
9892,Gampaha,Wet,Maha,,0.179,11.1,124,2.99,346.4,24.6,100,40,20,203.8,80.7,33.5
9893,Kilinochchi,Dry,Yala,7.39,0.12,11.5,43.4,1.41,81.8,28.1,120,40,60,273.1,89.5,99.5
9894,Matale,Intermediate,Yala,5.92,0.106,12,99.8,1.47,118.4,27.6,120,40,40,269.5,81.8,69.6
9895,Galle,Wet,Maha,4.65,0.064,11.1,120.6,2.41,351.2,26,130,40,20,292.3,82,31.3
9896,Ampara,Dry,Yala,6,0.094,7.2,77.1,0.82,81.8,,130,60,40,265.7,135.2,69.4
9897,Nuwara Eliya,Wet,Maha,5.62,,8.2,145.4,1.57,261.9,26.9,120,60,20,269.4,125.9,32
9898,Vavuniya,Dry,Yala,6.39,0.137,9,111.9,0.86,92,28.2,120,60,20,267.9,132.9,32.2
9899,Gampaha,Wet,Yala,4.71,0.158,8.7,88,1.99,314.9,25.1,100,60,40,228.2,138.6,67.7
9900,Nuwara Eliya,Wet,Maha,4.99,0.12,9.6,92.1,1.89,322.9,25,120,60,40,243,126.8,70.7
9901,Kandy,Wet,Maha,5.22,0.05,7.9,74.6,1.62,341.5,25,130,60,40,262.4,124.9,67.5
9902,Gampaha,Wet,Yala,5.72,0.13,7.4,115.3,2.17,373.9,27.3,120,60,20,255.9,122.7,34
9903,Jaffna,Dry,Maha,7.38,0.172,6.4,97.4,1.28,260.2,30.3,100,60,40,205.9,123.2,69.5
9904,Kandy,Wet,Maha,5.4,0.136,,114.3,2.99,361.4,26.6,120,60,20,263.2,121.8,32.1
9905,Matara,Wet,Maha,4.98,,11.8,130.9,1.62,269.9,27.3,120,40,20,277.2,81.6,34.9
9906,Anuradhapura,Dry,Maha,7.05,0.14,9.7,83.6,0.7,,29.7,120,60,40,256.7,129.1,65.9
9907,Anuradhapura,Dry,Yala,6.78,0.142,7.5,74.6,0.9,75.2,31.7,120,60,40,274.4,126.9,63.5
9908,Anuradhapura,Dry,Maha,6.68,0.101,14.2,69.5,0.96,234.1,30.4,120,40,40,241.3,89.7,65.2
9909,Mullaitivu,Dry,Yala,5.94,,5.3,66.6,0.88,42.8,27.1,100,60,40,206.6,137.6,64.2
9910,Kurunegala,Intermediate,Maha,,0.122,15.5,80.1,1.67,240.3,26.7,120,20,40,242.5,45.4,64
9911,Mannar,Dry,Maha,6.68,0.169,13,65.5,0.74,207.6,31.3,100,40,40,211.8,87.4,64.5
9912,Kandy,Wet,Yala,5.78,0.175,11.4,106.3,1.98,264,25.4,100,40,20,230.7,81.8,31.7
9913,Kalutara,Wet,Yala,4.59,0.085,9.6,124.4,2.66,390,25.3,130,60,20,265.5,134.5,34.1
9914,Anuradhapura,Dry,Yala,6.66,0.095,5.3,,0.87,43.4,31.6,130,60,60,287.1,127.7,101.2
9915,Mannar,Dry,Maha,7.46,0.086,10.1,106.1,1.2,208,31.9,130,40,20,280.5,81.6,34
9916,Nuwara Eliya,Wet,Yala,,0.124,10.4,116.6,2.77,344.1,26.7,120,40,20,278.1,91.5,32.5
9917,Vavuniya,Dry,Yala,6.11,0.164,11.2,49.1,1.23,40.2,27.8,100,40,60,205.1,84.9,104
9918,Kilinochchi,Dry,Maha,6.47,0.159,12.5,82.7,0.9,233.9,30.7,100,40,40,208,83.3,63
9919,Polonnaruwa,Dry,Maha,7.1,0.055,10.6,88.6,,161.8,31.6,130,40,40,262.7,91.8,67.4
9920,Colombo,Wet,Maha,4.63,0.089,9.1,66.8,2.81,,26.4,130,60,40,279.8,138.3,64.5
9921,Vavuniya,Dry,Maha,5.72,0.153,8.8,59.9,0.75,128.1,30,100,60,60,210.2,127.3,100.4
9922,Puttalam,Dry,Maha,6.91,0.067,11.1,115.6,1.49,255.3,29.1,130,40,20,298.3,85.1,32.4
9923,Kegalle,Intermediate,Maha,5.94,,14.4,56.6,1.47,123.3,27.1,130,40,60,287,88,104.4
9924,Batticaloa,Dry,Yala,,0.055,7.7,61.2,0.85,69.2,30.8,130,60,40,287.4,135,70.6
9925,Kilinochchi,Dry,Yala,7.25,0.117,14.3,97,0.68,88.8,31.6,120,40,40,262.1,81.3,69.1
9926,Vavuniya,Dry,Yala,5.94,0.14,14.7,69.5,1.12,63.2,31.7,120,40,40,244.9,88.2,63.5
9927,Kilinochchi,Dry,Yala,6.39,0.184,9.5,42.2,0.83,53.7,30.2,100,60,60,215.6,139.3,96.6
9928,Anuradhapura,Dry,Maha,6.46,0.158,8.5,53,0.76,258.8,27.7,100,60,60,233.7,125.7,106.3
9929,Mannar,Dry,Yala,5.68,0.061,6.3,40.6,1.14,52.3,30.7,130,60,60,296.8,138.4,99.1
9930,Galle,Wet,Maha,5.26,0.069,,96.4,1.62,208.9,24.7,130,60,40,299.3,139.2,71.1
9931,Puttalam,Dry,Maha,7.27,0.056,7.5,108.7,0.76,,30,130,60,20,296.3,125.9,32.8
9932,Kandy,Wet,Yala,5.46,0.139,9.8,104.7,2.21,215.3,25.1,120,60,20,245.4,135.4,35.6
9933,Batticaloa,Dry,Maha,5.97,0.091,12.9,71.8,1.18,289.3,29,130,40,40,271,83.6,71
9934,Mannar,Dry,Yala,7.19,0.123,11.1,83.4,0.91,79.2,29.8,120,40,40,241.5,90.1,68.3
9935,Batticaloa,Dry,Maha,5.87,0.104,13.2,46.2,0.54,203.8,29,120,40,60,253.2,90.9,92.6
9936,Colombo,Wet,Maha,5.88,0.145,8.5,126.9,1.56,224.7,25,120,60,20,245.6,125.5,32.8
9937,Jaffna,Dry,Maha,6.37,0.183,11.5,48.9,0.52,169.5,28.4,100,40,60,216.5,89.8,106.2
9938,Kalutara,Wet,Yala,4.79,0.165,8.3,147.8,2.41,388.4,,100,60,20,223.2,136.5,35.2
9939,Badulla,Intermediate,Maha,6.3,0.183,6.4,53.5,1.64,187.2,26.9,100,60,60,229.6,127.6,95.3
9940,Mannar,Dry,Yala,6.04,0.088,13.6,114.4,1.06,79.4,27.2,130,40,20,293.2,82.7,32.8
9941,Puttalam,Dry,Maha,6.68,0.17,7.1,115.8,0.86,,30.9,100,60,20,231.7,122.4,35
9942,Trincomalee,Dry,Yala,6.8,0.115,7.1,,0.64,48.7,,120,60,40,243.4,131.9,67.5
9943,Kalutara,Wet,Yala,5.48,0.058,10.5,60.1,2.01,327.7,26.7,130,40,40,261.9,93.2,70.2
9944,Polonnaruwa,Dry,Yala,6.11,0.151,13.5,117.1,1.08,,28.4,100,40,20,222.7,91.2,34.9
9945,Puttalam,Dry,Yala,6.12,0.197,10.7,63.7,1.3,,31.2,100,40,40,210.5,86.2,70.8
9946,Colombo,Wet,Maha,5.83,,6,132.4,2.43,202.7,25,130,60,20,272.2,131.1,31.4
9947,Polonnaruwa,Dry,Yala,6.14,0.144,7.1,60.3,1.38,69.6,27.6,120,60,40,254.3,126.1,63.2
9948,Colombo,Wet,Maha,5.32,0.078,11.8,146.9,2.27,254.5,26.9,130,40,20,272.8,82.6,31.2
9949,Kandy,Wet,Maha,5.77,0.167,7.3,,1.81,,24.2,100,60,20,217.8,130,35.5
9950,Jaffna,Dry,Yala,6.42,0.172,5.2,115.3,0.85,44,27.3,100,60,20,215.4,129.7,33.2
9951,Trincomalee,Dry,Yala,6.31,0.122,9,119.5,,47.9,29.6,120,60,20,261.4,130.8,31.1
9952,Mannar,Dry,Yala,6.92,0.158,12.2,96.4,0.89,49.7,28.6,100,40,40,223,92.9,64.9
9953,Colombo,Wet,Maha,5.74,0.159,11.5,79.3,2.67,237.8,26.8,100,40,40,213.7,88.4,65.2
9954,Puttalam,Dry,Maha,6.1,0.19,12.8,59.4,0.59,178,31,100,40,60,209.3,88.4,104.6
9955,Ampara,Dry,Maha,5.89,0.183,7,63.6,0.97,251.5,30.2,100,60,40,206.5,123.1,69.1
9956,Batticaloa,Dry,Maha,6.33,0.196,10.7,54.4,1.02,180.7,30.7,100,40,60,212.5,93.5,102.8
9957,Matale,Intermediate,Yala,6.13,0.118,9.3,53.2,1.93,222.3,26,120,60,60,270.4,135.7,92.8
9958,Anuradhapura,Dry,Yala,5.64,0.06,14.6,53.6,0.74,87.4,28,130,40,60,293.5,91.9,106.2
9959,Batticaloa,Dry,Maha,6.45,0.16,12.2,88.5,0.73,202.7,29.7,100,40,40,222.8,85.9,63.9
9960,Kurunegala,Intermediate,Maha,5.45,0.055,8.4,111.8,1.2,189.2,26.7,130,60,20,271.3,130.4,33.9
9961,Jaffna,Dry,Yala,6.21,,13.8,80.5,0.88,29.5,31.9,120,40,40,264.3,87.3,62.3
9962,Hambantota,Dry,Yala,5.77,,9.7,71,1.45,,30.4,100,60,40,219.7,124.4,62.5
9963,Badulla,Intermediate,Maha,6.3,0.089,10.6,79.9,1.83,104,27.7,130,40,40,281.9,89.5,61.8
9964,Nuwara Eliya,Wet,Yala,4.54,0.067,10,,2.5,350.2,27.9,130,40,20,284.7,92.3,33.6
9965,Puttalam,Dry,Maha,5.81,0.052,12.9,119,0.7,185.7,28.9,130,40,20,282.3,82.6,33.9
9966,Gampaha,Wet,Maha,5.56,0.091,10,106.6,2.17,,26.4,130,40,20,285.4,81.6,31.1
9967,Kegalle,Intermediate,Yala,5.37,0.139,11.6,96.9,1.54,240.1,28.9,120,40,40,269.3,90.1,64.6
9968,Kurunegala,Intermediate,Maha,6.62,0.189,8.5,79.5,1.26,151.5,28.4,100,60,40,204.7,126,70.2
9969,Badulla,Intermediate,Yala,6.36,0.19,15.6,75.2,1.12,236.3,28.2,100,20,40,225.5,44.3,62.7
9970,Nuwara Eliya,Wet,Yala,5.2,0.127,11.5,80.7,2.37,394.7,25.2,120,40,40,246.7,89.6,63.9
9971,Mannar,Dry,Yala,6.61,0.198,14.9,109.3,1,73.6,30.8,100,40,20,203.3,84.7,32.9
9972,Vavuniya,Dry,Yala,6.64,0.054,13,43,1.34,29.5,30.8,130,40,60,302.8,91.1,105.1
9973,Kegalle,Intermediate,Yala,6.61,0.065,,128.8,1.53,154.1,26.9,130,60,20,302,131.4,32.1
9974,Monaragala,Intermediate,Maha,6.44,0.061,7.2,115,1.37,170.5,29.9,130,60,20,264,137.6,35.8
9975,Ampara,Dry,Yala,6.29,0.152,7.9,117.9,1.35,43,31.3,100,60,20,215.5,135.6,32.6
9976,Jaffna,Dry,Maha,6.14,0.181,10.4,90.7,1.17,145.9,30.2,100,40,40,207.2,91.8,65.6
9977,Kurunegala,Intermediate,Yala,6.26,0.168,14.9,117.8,1.11,209.7,28.7,100,40,20,216.9,80.7,31.4
9978,Gampaha,Wet,Maha,5.47,0.175,7.1,103,1.51,372.6,26.5,100,60,20,228.2,125.4,34.2
9979,Anuradhapura,Dry,Maha,6.42,0.199,14.3,78.1,1.31,261.1,31.3,100,40,40,232.1,81.6,64.1
9980,Kandy,Wet,Maha,,0.162,9.3,68.9,2.04,339.2,26.3,100,60,40,221.8,129.3,68
9981,Kilinochchi,Dry,Maha,6.09,0.083,13.3,,0.61,230.2,28.8,130,40,40,276.4,92.1,63.9
9982,Monaragala,Intermediate,Maha,5.89,0.176,9.4,92.9,1.64,,27.4,100,60,40,220.8,129.8,65.6
9983,Nuwara Eliya,Wet,Yala,5.03,0.1,9.9,99.1,1.82,244.7,24.6,120,60,40,253.5,137.2,70.3
9984,Hambantota,Dry,Yala,,0.135,14.8,76.3,1.45,49.6,28.7,120,40,40,276.9,84.7,69.1
9985,Kegalle,Intermediate,Maha,,0.066,19.6,79.8,1.14,236.1,27.4,130,20,40,298.3,42.5,63.2
9986,Mannar,Dry,Yala,5.77,0.133,7.8,102.3,1.07,,29,120,60,20,263.2,138.1,33.8
9987,Polonnaruwa,Dry,Maha,6.43,0.067,12.2,89.2,0.77,216.9,29.8,130,40,40,275.2,86,68
9988,Kurunegala,Intermediate,Yala,6.66,0.067,13.6,75.1,1.99,233.6,29.3,130,40,40,273.8,90.8,62.6
9989,Kandy,Wet,Yala,5.11,0.124,5.2,144.3,2.44,276.1,25.7,120,60,20,242.6,125.2,33.1
9990,Nuwara Eliya,Wet,Maha,5.43,0.114,9,124.2,,266,27.4,120,60,20,273.3,139.2,32.1
9991,Nuwara Eliya,Wet,Maha,5.79,0.092,7.3,149.3,2.53,327,26.4,130,60,20,280.5,131.9,33.1
9992,Matale,Intermediate,Maha,5.23,0.19,15.1,57.2,1.89,173.5,28,100,20,60,211.7,45.2,104.2
9993,Polonnaruwa,Dry,Maha,5.86,0.176,5.3,76.7,0.6,266.1,27.8,100,60,40,216.5,122.4,63.3
9994,Jaffna,Dry,Maha,7.04,0.163,7.6,93.2,1.38,210.7,31.3,100,60,40,227.8,130.3,62.9
9995,Polonnaruwa,Dry,Yala,7.37,0.143,8.5,59.4,0.82,75.6,28.5,120,60,60,246.2,138.2,96.5
9996,Anuradhapura,Dry,Yala,6.71,0.175,13.2,78.9,1.06,98,27.9,100,40,40,229.1,91.9,71.2
9997,Matale,Intermediate,Yala,6.49,0.119,7.5,50.7,1.48,,26.3,120,60,60,276.5,121.5,103.7
9998,Kurunegala,Intermediate,Maha,6.15,0.089,8,71.5,1.25,225.1,26.9,130,60,40,301.5,126.6,61.9
9999,Galle,Wet,Maha,5.33,0.177,8.8,87.4,2.8,223.9,26.9,100,60,40,214.1,129.3,65.7
10000,Puttalam,Dry,Yala,7.46,0.135,5.5,87.4,1.26,79.6,31.4,120,60,40,249.8,124,64.3
