"case","n_miss","pct_miss"
2485,4,23.5294117647059
8254,4,23.5294117647059
145,3,17.6470588235294
280,3,17.6470588235294
437,3,17.6470588235294
619,3,17.6470588235294
692,3,17.6470588235294
851,3,17.6470588235294
1047,3,17.6470588235294
1419,3,17.6470588235294
2105,3,17.6470588235294
2240,3,17.6470588235294
2251,3,17.6470588235294
2347,3,17.6470588235294
2729,3,17.6470588235294
3483,3,17.6470588235294
3619,3,17.6470588235294
3668,3,17.6470588235294
3837,3,17.6470588235294
4271,3,17.6470588235294
4441,3,17.6470588235294
4520,3,17.6470588235294
4874,3,17.6470588235294
5319,3,17.6470588235294
5401,3,17.6470588235294
5424,3,17.6470588235294
5830,3,17.6470588235294
6085,3,17.6470588235294
6135,3,17.6470588235294
6646,3,17.6470588235294
7340,3,17.6470588235294
7502,3,17.6470588235294
7545,3,17.6470588235294
8204,3,17.6470588235294
8498,3,17.6470588235294
8556,3,17.6470588235294
9579,3,17.6470588235294
9667,3,17.6470588235294
9742,3,17.6470588235294
43,2,11.7647058823529
74,2,11.7647058823529
87,2,11.7647058823529
88,2,11.7647058823529
98,2,11.7647058823529
121,2,11.7647058823529
140,2,11.7647058823529
150,2,11.7647058823529
168,2,11.7647058823529
183,2,11.7647058823529
201,2,11.7647058823529
223,2,11.7647058823529
230,2,11.7647058823529
269,2,11.7647058823529
281,2,11.7647058823529
289,2,11.7647058823529
322,2,11.7647058823529
346,2,11.7647058823529
397,2,11.7647058823529
428,2,11.7647058823529
454,2,11.7647058823529
463,2,11.7647058823529
479,2,11.7647058823529
481,2,11.7647058823529
489,2,11.7647058823529
642,2,11.7647058823529
689,2,11.7647058823529
707,2,11.7647058823529
734,2,11.7647058823529
748,2,11.7647058823529
751,2,11.7647058823529
762,2,11.7647058823529
808,2,11.7647058823529
821,2,11.7647058823529
859,2,11.7647058823529
898,2,11.7647058823529
908,2,11.7647058823529
934,2,11.7647058823529
946,2,11.7647058823529
997,2,11.7647058823529
1061,2,11.7647058823529
1128,2,11.7647058823529
1156,2,11.7647058823529
1259,2,11.7647058823529
1283,2,11.7647058823529
1357,2,11.7647058823529
1365,2,11.7647058823529
1371,2,11.7647058823529
1384,2,11.7647058823529
1407,2,11.7647058823529
1418,2,11.7647058823529
1471,2,11.7647058823529
1494,2,11.7647058823529
1501,2,11.7647058823529
1514,2,11.7647058823529
1516,2,11.7647058823529
1535,2,11.7647058823529
1541,2,11.7647058823529
1562,2,11.7647058823529
1591,2,11.7647058823529
1717,2,11.7647058823529
1740,2,11.7647058823529
1755,2,11.7647058823529
1768,2,11.7647058823529
1790,2,11.7647058823529
1844,2,11.7647058823529
1861,2,11.7647058823529
1921,2,11.7647058823529
1925,2,11.7647058823529
1980,2,11.7647058823529
1989,2,11.7647058823529
2019,2,11.7647058823529
2022,2,11.7647058823529
2038,2,11.7647058823529
2060,2,11.7647058823529
2068,2,11.7647058823529
2198,2,11.7647058823529
2237,2,11.7647058823529
2253,2,11.7647058823529
2255,2,11.7647058823529
2284,2,11.7647058823529
2285,2,11.7647058823529
2287,2,11.7647058823529
2320,2,11.7647058823529
2399,2,11.7647058823529
2441,2,11.7647058823529
2482,2,11.7647058823529
2491,2,11.7647058823529
2493,2,11.7647058823529
2512,2,11.7647058823529
2555,2,11.7647058823529
2614,2,11.7647058823529
2632,2,11.7647058823529
2655,2,11.7647058823529
2663,2,11.7647058823529
2708,2,11.7647058823529
2774,2,11.7647058823529
2791,2,11.7647058823529
2810,2,11.7647058823529
2824,2,11.7647058823529
2850,2,11.7647058823529
2880,2,11.7647058823529
2881,2,11.7647058823529
2908,2,11.7647058823529
2912,2,11.7647058823529
2945,2,11.7647058823529
2980,2,11.7647058823529
2988,2,11.7647058823529
2997,2,11.7647058823529
3008,2,11.7647058823529
3107,2,11.7647058823529
3218,2,11.7647058823529
3253,2,11.7647058823529
3261,2,11.7647058823529
3285,2,11.7647058823529
3286,2,11.7647058823529
3323,2,11.7647058823529
3360,2,11.7647058823529
3375,2,11.7647058823529
3399,2,11.7647058823529
3418,2,11.7647058823529
3442,2,11.7647058823529
3500,2,11.7647058823529
3520,2,11.7647058823529
3572,2,11.7647058823529
3584,2,11.7647058823529
3589,2,11.7647058823529
3595,2,11.7647058823529
3623,2,11.7647058823529
3628,2,11.7647058823529
3664,2,11.7647058823529
3679,2,11.7647058823529
3682,2,11.7647058823529
3738,2,11.7647058823529
3739,2,11.7647058823529
3766,2,11.7647058823529
3769,2,11.7647058823529
3786,2,11.7647058823529
3832,2,11.7647058823529
3835,2,11.7647058823529
3842,2,11.7647058823529
3867,2,11.7647058823529
3907,2,11.7647058823529
3968,2,11.7647058823529
3974,2,11.7647058823529
3976,2,11.7647058823529
3978,2,11.7647058823529
4014,2,11.7647058823529
4049,2,11.7647058823529
4062,2,11.7647058823529
4110,2,11.7647058823529
4170,2,11.7647058823529
4182,2,11.7647058823529
4210,2,11.7647058823529
4232,2,11.7647058823529
4284,2,11.7647058823529
4303,2,11.7647058823529
4323,2,11.7647058823529
4341,2,11.7647058823529
4342,2,11.7647058823529
4377,2,11.7647058823529
4401,2,11.7647058823529
4483,2,11.7647058823529
4487,2,11.7647058823529
4497,2,11.7647058823529
4509,2,11.7647058823529
4532,2,11.7647058823529
4572,2,11.7647058823529
4593,2,11.7647058823529
4615,2,11.7647058823529
4633,2,11.7647058823529
4634,2,11.7647058823529
4662,2,11.7647058823529
4674,2,11.7647058823529
4678,2,11.7647058823529
4681,2,11.7647058823529
4684,2,11.7647058823529
4728,2,11.7647058823529
4756,2,11.7647058823529
4782,2,11.7647058823529
4790,2,11.7647058823529
4860,2,11.7647058823529
4896,2,11.7647058823529
4909,2,11.7647058823529
4923,2,11.7647058823529
5002,2,11.7647058823529
5051,2,11.7647058823529
5063,2,11.7647058823529
5110,2,11.7647058823529
5129,2,11.7647058823529
5174,2,11.7647058823529
5214,2,11.7647058823529
5252,2,11.7647058823529
5318,2,11.7647058823529
5332,2,11.7647058823529
5341,2,11.7647058823529
5355,2,11.7647058823529
5357,2,11.7647058823529
5377,2,11.7647058823529
5384,2,11.7647058823529
5450,2,11.7647058823529
5466,2,11.7647058823529
5486,2,11.7647058823529
5516,2,11.7647058823529
5520,2,11.7647058823529
5539,2,11.7647058823529
5562,2,11.7647058823529
5566,2,11.7647058823529
5620,2,11.7647058823529
5624,2,11.7647058823529
5645,2,11.7647058823529
5648,2,11.7647058823529
5653,2,11.7647058823529
5662,2,11.7647058823529
5679,2,11.7647058823529
5696,2,11.7647058823529
5700,2,11.7647058823529
5717,2,11.7647058823529
5729,2,11.7647058823529
5732,2,11.7647058823529
5733,2,11.7647058823529
5745,2,11.7647058823529
5784,2,11.7647058823529
5799,2,11.7647058823529
5862,2,11.7647058823529
5868,2,11.7647058823529
5875,2,11.7647058823529
5928,2,11.7647058823529
5936,2,11.7647058823529
5944,2,11.7647058823529
5951,2,11.7647058823529
6002,2,11.7647058823529
6004,2,11.7647058823529
6011,2,11.7647058823529
6048,2,11.7647058823529
6133,2,11.7647058823529
6159,2,11.7647058823529
6196,2,11.7647058823529
6205,2,11.7647058823529
6214,2,11.7647058823529
6224,2,11.7647058823529
6230,2,11.7647058823529
6283,2,11.7647058823529
6303,2,11.7647058823529
6309,2,11.7647058823529
6344,2,11.7647058823529
6361,2,11.7647058823529
6403,2,11.7647058823529
6426,2,11.7647058823529
6428,2,11.7647058823529
6447,2,11.7647058823529
6542,2,11.7647058823529
6553,2,11.7647058823529
6563,2,11.7647058823529
6567,2,11.7647058823529
6588,2,11.7647058823529
6605,2,11.7647058823529
6619,2,11.7647058823529
6644,2,11.7647058823529
6667,2,11.7647058823529
6677,2,11.7647058823529
6697,2,11.7647058823529
6734,2,11.7647058823529
6813,2,11.7647058823529
6845,2,11.7647058823529
6864,2,11.7647058823529
6875,2,11.7647058823529
6886,2,11.7647058823529
6891,2,11.7647058823529
6911,2,11.7647058823529
6945,2,11.7647058823529
6953,2,11.7647058823529
6956,2,11.7647058823529
6959,2,11.7647058823529
6960,2,11.7647058823529
7006,2,11.7647058823529
7008,2,11.7647058823529
7013,2,11.7647058823529
7071,2,11.7647058823529
7102,2,11.7647058823529
7107,2,11.7647058823529
7173,2,11.7647058823529
7176,2,11.7647058823529
7177,2,11.7647058823529
7223,2,11.7647058823529
7241,2,11.7647058823529
7245,2,11.7647058823529
7247,2,11.7647058823529
7321,2,11.7647058823529
7341,2,11.7647058823529
7359,2,11.7647058823529
7379,2,11.7647058823529
7446,2,11.7647058823529
7462,2,11.7647058823529
7504,2,11.7647058823529
7534,2,11.7647058823529
7549,2,11.7647058823529
7556,2,11.7647058823529
7576,2,11.7647058823529
7583,2,11.7647058823529
7588,2,11.7647058823529
7589,2,11.7647058823529
7629,2,11.7647058823529
7640,2,11.7647058823529
7679,2,11.7647058823529
7685,2,11.7647058823529
7714,2,11.7647058823529
7768,2,11.7647058823529
7815,2,11.7647058823529
7839,2,11.7647058823529
7842,2,11.7647058823529
7865,2,11.7647058823529
7906,2,11.7647058823529
7941,2,11.7647058823529
7942,2,11.7647058823529
7947,2,11.7647058823529
7956,2,11.7647058823529
8016,2,11.7647058823529
8019,2,11.7647058823529
8025,2,11.7647058823529
8054,2,11.7647058823529
8062,2,11.7647058823529
8095,2,11.7647058823529
8122,2,11.7647058823529
8127,2,11.7647058823529
8136,2,11.7647058823529
8149,2,11.7647058823529
8151,2,11.7647058823529
8154,2,11.7647058823529
8167,2,11.7647058823529
8170,2,11.7647058823529
8184,2,11.7647058823529
8244,2,11.7647058823529
8264,2,11.7647058823529
8291,2,11.7647058823529
8361,2,11.7647058823529
8380,2,11.7647058823529
8387,2,11.7647058823529
8391,2,11.7647058823529
8396,2,11.7647058823529
8446,2,11.7647058823529
8453,2,11.7647058823529
8467,2,11.7647058823529
8497,2,11.7647058823529
8602,2,11.7647058823529
8625,2,11.7647058823529
8631,2,11.7647058823529
8634,2,11.7647058823529
8638,2,11.7647058823529
8674,2,11.7647058823529
8680,2,11.7647058823529
8727,2,11.7647058823529
8728,2,11.7647058823529
8738,2,11.7647058823529
8781,2,11.7647058823529
8786,2,11.7647058823529
8799,2,11.7647058823529
8808,2,11.7647058823529
8824,2,11.7647058823529
8833,2,11.7647058823529
8860,2,11.7647058823529
8877,2,11.7647058823529
8880,2,11.7647058823529
8884,2,11.7647058823529
8885,2,11.7647058823529
8935,2,11.7647058823529
8958,2,11.7647058823529
8987,2,11.7647058823529
9006,2,11.7647058823529
9038,2,11.7647058823529
9048,2,11.7647058823529
9100,2,11.7647058823529
9123,2,11.7647058823529
9126,2,11.7647058823529
9157,2,11.7647058823529
9158,2,11.7647058823529
9208,2,11.7647058823529
9216,2,11.7647058823529
9227,2,11.7647058823529
9254,2,11.7647058823529
9256,2,11.7647058823529
9258,2,11.7647058823529
9271,2,11.7647058823529
9307,2,11.7647058823529
9317,2,11.7647058823529
9406,2,11.7647058823529
9411,2,11.7647058823529
9461,2,11.7647058823529
9463,2,11.7647058823529
9469,2,11.7647058823529
9477,2,11.7647058823529
9478,2,11.7647058823529
9552,2,11.7647058823529
9583,2,11.7647058823529
9643,2,11.7647058823529
9646,2,11.7647058823529
9661,2,11.7647058823529
9769,2,11.7647058823529
9785,2,11.7647058823529
9792,2,11.7647058823529
9795,2,11.7647058823529
9803,2,11.7647058823529
9811,2,11.7647058823529
9822,2,11.7647058823529
9827,2,11.7647058823529
9844,2,11.7647058823529
9876,2,11.7647058823529
9877,2,11.7647058823529
9883,2,11.7647058823529
9942,2,11.7647058823529
9949,2,11.7647058823529
9962,2,11.7647058823529
1,1,5.88235294117647
11,1,5.88235294117647
13,1,5.88235294117647
17,1,5.88235294117647
19,1,5.88235294117647
25,1,5.88235294117647
31,1,5.88235294117647
35,1,5.88235294117647
37,1,5.88235294117647
39,1,5.88235294117647
40,1,5.88235294117647
47,1,5.88235294117647
53,1,5.88235294117647
55,1,5.88235294117647
57,1,5.88235294117647
60,1,5.88235294117647
63,1,5.88235294117647
66,1,5.88235294117647
68,1,5.88235294117647
69,1,5.88235294117647
81,1,5.88235294117647
91,1,5.88235294117647
95,1,5.88235294117647
97,1,5.88235294117647
99,1,5.88235294117647
100,1,5.88235294117647
102,1,5.88235294117647
104,1,5.88235294117647
106,1,5.88235294117647
107,1,5.88235294117647
108,1,5.88235294117647
111,1,5.88235294117647
112,1,5.88235294117647
115,1,5.88235294117647
117,1,5.88235294117647
119,1,5.88235294117647
123,1,5.88235294117647
128,1,5.88235294117647
132,1,5.88235294117647
139,1,5.88235294117647
147,1,5.88235294117647
151,1,5.88235294117647
152,1,5.88235294117647
155,1,5.88235294117647
160,1,5.88235294117647
161,1,5.88235294117647
162,1,5.88235294117647
163,1,5.88235294117647
169,1,5.88235294117647
177,1,5.88235294117647
178,1,5.88235294117647
185,1,5.88235294117647
188,1,5.88235294117647
196,1,5.88235294117647
197,1,5.88235294117647
206,1,5.88235294117647
207,1,5.88235294117647
211,1,5.88235294117647
214,1,5.88235294117647
216,1,5.88235294117647
225,1,5.88235294117647
228,1,5.88235294117647
231,1,5.88235294117647
233,1,5.88235294117647
235,1,5.88235294117647
239,1,5.88235294117647
240,1,5.88235294117647
244,1,5.88235294117647
250,1,5.88235294117647
251,1,5.88235294117647
252,1,5.88235294117647
254,1,5.88235294117647
258,1,5.88235294117647
267,1,5.88235294117647
276,1,5.88235294117647
282,1,5.88235294117647
283,1,5.88235294117647
284,1,5.88235294117647
287,1,5.88235294117647
310,1,5.88235294117647
313,1,5.88235294117647
314,1,5.88235294117647
315,1,5.88235294117647
319,1,5.88235294117647
324,1,5.88235294117647
329,1,5.88235294117647
332,1,5.88235294117647
340,1,5.88235294117647
341,1,5.88235294117647
345,1,5.88235294117647
348,1,5.88235294117647
359,1,5.88235294117647
363,1,5.88235294117647
368,1,5.88235294117647
370,1,5.88235294117647
371,1,5.88235294117647
377,1,5.88235294117647
386,1,5.88235294117647
390,1,5.88235294117647
391,1,5.88235294117647
393,1,5.88235294117647
399,1,5.88235294117647
402,1,5.88235294117647
403,1,5.88235294117647
408,1,5.88235294117647
414,1,5.88235294117647
425,1,5.88235294117647
426,1,5.88235294117647
427,1,5.88235294117647
429,1,5.88235294117647
434,1,5.88235294117647
435,1,5.88235294117647
438,1,5.88235294117647
439,1,5.88235294117647
443,1,5.88235294117647
444,1,5.88235294117647
446,1,5.88235294117647
450,1,5.88235294117647
452,1,5.88235294117647
459,1,5.88235294117647
461,1,5.88235294117647
464,1,5.88235294117647
465,1,5.88235294117647
471,1,5.88235294117647
473,1,5.88235294117647
476,1,5.88235294117647
483,1,5.88235294117647
484,1,5.88235294117647
486,1,5.88235294117647
490,1,5.88235294117647
491,1,5.88235294117647
494,1,5.88235294117647
503,1,5.88235294117647
509,1,5.88235294117647
510,1,5.88235294117647
517,1,5.88235294117647
520,1,5.88235294117647
521,1,5.88235294117647
522,1,5.88235294117647
523,1,5.88235294117647
524,1,5.88235294117647
528,1,5.88235294117647
534,1,5.88235294117647
536,1,5.88235294117647
537,1,5.88235294117647
538,1,5.88235294117647
543,1,5.88235294117647
548,1,5.88235294117647
555,1,5.88235294117647
563,1,5.88235294117647
568,1,5.88235294117647
571,1,5.88235294117647
572,1,5.88235294117647
573,1,5.88235294117647
576,1,5.88235294117647
578,1,5.88235294117647
580,1,5.88235294117647
589,1,5.88235294117647
591,1,5.88235294117647
593,1,5.88235294117647
604,1,5.88235294117647
605,1,5.88235294117647
606,1,5.88235294117647
607,1,5.88235294117647
609,1,5.88235294117647
610,1,5.88235294117647
612,1,5.88235294117647
613,1,5.88235294117647
621,1,5.88235294117647
623,1,5.88235294117647
624,1,5.88235294117647
630,1,5.88235294117647
635,1,5.88235294117647
639,1,5.88235294117647
640,1,5.88235294117647
648,1,5.88235294117647
658,1,5.88235294117647
660,1,5.88235294117647
661,1,5.88235294117647
668,1,5.88235294117647
670,1,5.88235294117647
673,1,5.88235294117647
683,1,5.88235294117647
686,1,5.88235294117647
706,1,5.88235294117647
708,1,5.88235294117647
713,1,5.88235294117647
717,1,5.88235294117647
718,1,5.88235294117647
724,1,5.88235294117647
726,1,5.88235294117647
727,1,5.88235294117647
729,1,5.88235294117647
731,1,5.88235294117647
732,1,5.88235294117647
733,1,5.88235294117647
743,1,5.88235294117647
745,1,5.88235294117647
755,1,5.88235294117647
764,1,5.88235294117647
766,1,5.88235294117647
774,1,5.88235294117647
779,1,5.88235294117647
784,1,5.88235294117647
788,1,5.88235294117647
794,1,5.88235294117647
802,1,5.88235294117647
804,1,5.88235294117647
825,1,5.88235294117647
828,1,5.88235294117647
830,1,5.88235294117647
832,1,5.88235294117647
836,1,5.88235294117647
840,1,5.88235294117647
842,1,5.88235294117647
843,1,5.88235294117647
852,1,5.88235294117647
854,1,5.88235294117647
860,1,5.88235294117647
861,1,5.88235294117647
865,1,5.88235294117647
871,1,5.88235294117647
873,1,5.88235294117647
875,1,5.88235294117647
878,1,5.88235294117647
879,1,5.88235294117647
880,1,5.88235294117647
881,1,5.88235294117647
886,1,5.88235294117647
887,1,5.88235294117647
892,1,5.88235294117647
893,1,5.88235294117647
894,1,5.88235294117647
899,1,5.88235294117647
903,1,5.88235294117647
905,1,5.88235294117647
909,1,5.88235294117647
911,1,5.88235294117647
913,1,5.88235294117647
920,1,5.88235294117647
922,1,5.88235294117647
924,1,5.88235294117647
926,1,5.88235294117647
935,1,5.88235294117647
937,1,5.88235294117647
947,1,5.88235294117647
950,1,5.88235294117647
964,1,5.88235294117647
966,1,5.88235294117647
970,1,5.88235294117647
971,1,5.88235294117647
973,1,5.88235294117647
979,1,5.88235294117647
982,1,5.88235294117647
990,1,5.88235294117647
999,1,5.88235294117647
1001,1,5.88235294117647
1002,1,5.88235294117647
1009,1,5.88235294117647
1011,1,5.88235294117647
1013,1,5.88235294117647
1015,1,5.88235294117647
1020,1,5.88235294117647
1021,1,5.88235294117647
1026,1,5.88235294117647
1029,1,5.88235294117647
1031,1,5.88235294117647
1035,1,5.88235294117647
1037,1,5.88235294117647
1038,1,5.88235294117647
1040,1,5.88235294117647
1041,1,5.88235294117647
1045,1,5.88235294117647
1055,1,5.88235294117647
1057,1,5.88235294117647
1059,1,5.88235294117647
1060,1,5.88235294117647
1064,1,5.88235294117647
1069,1,5.88235294117647
1070,1,5.88235294117647
1076,1,5.88235294117647
1086,1,5.88235294117647
1088,1,5.88235294117647
1090,1,5.88235294117647
1093,1,5.88235294117647
1105,1,5.88235294117647
1107,1,5.88235294117647
1115,1,5.88235294117647
1125,1,5.88235294117647
1129,1,5.88235294117647
1136,1,5.88235294117647
1146,1,5.88235294117647
1147,1,5.88235294117647
1152,1,5.88235294117647
1153,1,5.88235294117647
1158,1,5.88235294117647
1165,1,5.88235294117647
1166,1,5.88235294117647
1167,1,5.88235294117647
1170,1,5.88235294117647
1175,1,5.88235294117647
1181,1,5.88235294117647
1183,1,5.88235294117647
1185,1,5.88235294117647
1192,1,5.88235294117647
1202,1,5.88235294117647
1204,1,5.88235294117647
1205,1,5.88235294117647
1209,1,5.88235294117647
1217,1,5.88235294117647
1219,1,5.88235294117647
1222,1,5.88235294117647
1224,1,5.88235294117647
1226,1,5.88235294117647
1227,1,5.88235294117647
1233,1,5.88235294117647
1236,1,5.88235294117647
1238,1,5.88235294117647
1240,1,5.88235294117647
1243,1,5.88235294117647
1245,1,5.88235294117647
1248,1,5.88235294117647
1252,1,5.88235294117647
1256,1,5.88235294117647
1257,1,5.88235294117647
1268,1,5.88235294117647
1275,1,5.88235294117647
1276,1,5.88235294117647
1279,1,5.88235294117647
1282,1,5.88235294117647
1285,1,5.88235294117647
1290,1,5.88235294117647
1295,1,5.88235294117647
1297,1,5.88235294117647
1299,1,5.88235294117647
1310,1,5.88235294117647
1313,1,5.88235294117647
1320,1,5.88235294117647
1321,1,5.88235294117647
1323,1,5.88235294117647
1326,1,5.88235294117647
1328,1,5.88235294117647
1332,1,5.88235294117647
1333,1,5.88235294117647
1337,1,5.88235294117647
1340,1,5.88235294117647
1345,1,5.88235294117647
1347,1,5.88235294117647
1351,1,5.88235294117647
1353,1,5.88235294117647
1355,1,5.88235294117647
1360,1,5.88235294117647
1370,1,5.88235294117647
1376,1,5.88235294117647
1378,1,5.88235294117647
1379,1,5.88235294117647
1380,1,5.88235294117647
1385,1,5.88235294117647
1387,1,5.88235294117647
1391,1,5.88235294117647
1393,1,5.88235294117647
1396,1,5.88235294117647
1398,1,5.88235294117647
1402,1,5.88235294117647
1405,1,5.88235294117647
1406,1,5.88235294117647
1410,1,5.88235294117647
1414,1,5.88235294117647
1421,1,5.88235294117647
1426,1,5.88235294117647
1434,1,5.88235294117647
1436,1,5.88235294117647
1437,1,5.88235294117647
1438,1,5.88235294117647
1439,1,5.88235294117647
1440,1,5.88235294117647
1452,1,5.88235294117647
1455,1,5.88235294117647
1461,1,5.88235294117647
1462,1,5.88235294117647
1464,1,5.88235294117647
1465,1,5.88235294117647
1468,1,5.88235294117647
1475,1,5.88235294117647
1481,1,5.88235294117647
1482,1,5.88235294117647
1483,1,5.88235294117647
1489,1,5.88235294117647
1502,1,5.88235294117647
1504,1,5.88235294117647
1512,1,5.88235294117647
1515,1,5.88235294117647
1519,1,5.88235294117647
1523,1,5.88235294117647
1525,1,5.88235294117647
1527,1,5.88235294117647
1534,1,5.88235294117647
1536,1,5.88235294117647
1539,1,5.88235294117647
1548,1,5.88235294117647
1553,1,5.88235294117647
1564,1,5.88235294117647
1568,1,5.88235294117647
1569,1,5.88235294117647
1574,1,5.88235294117647
1575,1,5.88235294117647
1576,1,5.88235294117647
1577,1,5.88235294117647
1579,1,5.88235294117647
1586,1,5.88235294117647
1590,1,5.88235294117647
1603,1,5.88235294117647
1611,1,5.88235294117647
1612,1,5.88235294117647
1613,1,5.88235294117647
1616,1,5.88235294117647
1622,1,5.88235294117647
1631,1,5.88235294117647
1635,1,5.88235294117647
1640,1,5.88235294117647
1641,1,5.88235294117647
1642,1,5.88235294117647
1644,1,5.88235294117647
1645,1,5.88235294117647
1647,1,5.88235294117647
1657,1,5.88235294117647
1663,1,5.88235294117647
1664,1,5.88235294117647
1674,1,5.88235294117647
1684,1,5.88235294117647
1685,1,5.88235294117647
1693,1,5.88235294117647
1697,1,5.88235294117647
1702,1,5.88235294117647
1707,1,5.88235294117647
1710,1,5.88235294117647
1711,1,5.88235294117647
1713,1,5.88235294117647
1719,1,5.88235294117647
1720,1,5.88235294117647
1724,1,5.88235294117647
1730,1,5.88235294117647
1731,1,5.88235294117647
1732,1,5.88235294117647
1734,1,5.88235294117647
1735,1,5.88235294117647
1737,1,5.88235294117647
1739,1,5.88235294117647
1743,1,5.88235294117647
1746,1,5.88235294117647
1749,1,5.88235294117647
1750,1,5.88235294117647
1751,1,5.88235294117647
1756,1,5.88235294117647
1760,1,5.88235294117647
1770,1,5.88235294117647
1773,1,5.88235294117647
1775,1,5.88235294117647
1776,1,5.88235294117647
1779,1,5.88235294117647
1780,1,5.88235294117647
1781,1,5.88235294117647
1788,1,5.88235294117647
1793,1,5.88235294117647
1800,1,5.88235294117647
1807,1,5.88235294117647
1808,1,5.88235294117647
1823,1,5.88235294117647
1826,1,5.88235294117647
1828,1,5.88235294117647
1841,1,5.88235294117647
1845,1,5.88235294117647
1849,1,5.88235294117647
1850,1,5.88235294117647
1856,1,5.88235294117647
1857,1,5.88235294117647
1863,1,5.88235294117647
1873,1,5.88235294117647
1875,1,5.88235294117647
1880,1,5.88235294117647
1881,1,5.88235294117647
1883,1,5.88235294117647
1884,1,5.88235294117647
1886,1,5.88235294117647
1889,1,5.88235294117647
1893,1,5.88235294117647
1897,1,5.88235294117647
1908,1,5.88235294117647
1912,1,5.88235294117647
1914,1,5.88235294117647
1923,1,5.88235294117647
1927,1,5.88235294117647
1930,1,5.88235294117647
1931,1,5.88235294117647
1938,1,5.88235294117647
1943,1,5.88235294117647
1944,1,5.88235294117647
1955,1,5.88235294117647
1956,1,5.88235294117647
1957,1,5.88235294117647
1965,1,5.88235294117647
1966,1,5.88235294117647
1979,1,5.88235294117647
1984,1,5.88235294117647
1995,1,5.88235294117647
2001,1,5.88235294117647
2002,1,5.88235294117647
2005,1,5.88235294117647
2010,1,5.88235294117647
2013,1,5.88235294117647
2015,1,5.88235294117647
2016,1,5.88235294117647
2020,1,5.88235294117647
2023,1,5.88235294117647
2026,1,5.88235294117647
2029,1,5.88235294117647
2041,1,5.88235294117647
2057,1,5.88235294117647
2058,1,5.88235294117647
2063,1,5.88235294117647
2067,1,5.88235294117647
2073,1,5.88235294117647
2079,1,5.88235294117647
2080,1,5.88235294117647
2085,1,5.88235294117647
2088,1,5.88235294117647
2092,1,5.88235294117647
2104,1,5.88235294117647
2109,1,5.88235294117647
2110,1,5.88235294117647
2112,1,5.88235294117647
2120,1,5.88235294117647
2124,1,5.88235294117647
2127,1,5.88235294117647
2129,1,5.88235294117647
2131,1,5.88235294117647
2138,1,5.88235294117647
2139,1,5.88235294117647
2142,1,5.88235294117647
2145,1,5.88235294117647
2146,1,5.88235294117647
2148,1,5.88235294117647
2153,1,5.88235294117647
2155,1,5.88235294117647
2156,1,5.88235294117647
2161,1,5.88235294117647
2163,1,5.88235294117647
2164,1,5.88235294117647
2170,1,5.88235294117647
2171,1,5.88235294117647
2172,1,5.88235294117647
2173,1,5.88235294117647
2177,1,5.88235294117647
2188,1,5.88235294117647
2190,1,5.88235294117647
2191,1,5.88235294117647
2194,1,5.88235294117647
2197,1,5.88235294117647
2202,1,5.88235294117647
2205,1,5.88235294117647
2206,1,5.88235294117647
2211,1,5.88235294117647
2223,1,5.88235294117647
2236,1,5.88235294117647
2239,1,5.88235294117647
2241,1,5.88235294117647
2243,1,5.88235294117647
2246,1,5.88235294117647
2252,1,5.88235294117647
2259,1,5.88235294117647
2262,1,5.88235294117647
2266,1,5.88235294117647
2268,1,5.88235294117647
2277,1,5.88235294117647
2288,1,5.88235294117647
2291,1,5.88235294117647
2297,1,5.88235294117647
2300,1,5.88235294117647
2302,1,5.88235294117647
2303,1,5.88235294117647
2306,1,5.88235294117647
2315,1,5.88235294117647
2323,1,5.88235294117647
2325,1,5.88235294117647
2326,1,5.88235294117647
2329,1,5.88235294117647
2336,1,5.88235294117647
2338,1,5.88235294117647
2342,1,5.88235294117647
2345,1,5.88235294117647
2350,1,5.88235294117647
2351,1,5.88235294117647
2353,1,5.88235294117647
2360,1,5.88235294117647
2362,1,5.88235294117647
2365,1,5.88235294117647
2372,1,5.88235294117647
2376,1,5.88235294117647
2378,1,5.88235294117647
2379,1,5.88235294117647
2380,1,5.88235294117647
2382,1,5.88235294117647
2385,1,5.88235294117647
2386,1,5.88235294117647
2394,1,5.88235294117647
2403,1,5.88235294117647
2418,1,5.88235294117647
2425,1,5.88235294117647
2427,1,5.88235294117647
2429,1,5.88235294117647
2430,1,5.88235294117647
2431,1,5.88235294117647
2432,1,5.88235294117647
2439,1,5.88235294117647
2442,1,5.88235294117647
2443,1,5.88235294117647
2453,1,5.88235294117647
2456,1,5.88235294117647
2460,1,5.88235294117647
2462,1,5.88235294117647
2463,1,5.88235294117647
2464,1,5.88235294117647
2471,1,5.88235294117647
2472,1,5.88235294117647
2477,1,5.88235294117647
2480,1,5.88235294117647
2481,1,5.88235294117647
2492,1,5.88235294117647
2496,1,5.88235294117647
2498,1,5.88235294117647
2501,1,5.88235294117647
2504,1,5.88235294117647
2507,1,5.88235294117647
2510,1,5.88235294117647
2514,1,5.88235294117647
2518,1,5.88235294117647
2520,1,5.88235294117647
2521,1,5.88235294117647
2524,1,5.88235294117647
2529,1,5.88235294117647
2530,1,5.88235294117647
2538,1,5.88235294117647
2549,1,5.88235294117647
2550,1,5.88235294117647
2559,1,5.88235294117647
2560,1,5.88235294117647
2561,1,5.88235294117647
2562,1,5.88235294117647
2564,1,5.88235294117647
2568,1,5.88235294117647
2575,1,5.88235294117647
2576,1,5.88235294117647
2579,1,5.88235294117647
2592,1,5.88235294117647
2596,1,5.88235294117647
2598,1,5.88235294117647
2600,1,5.88235294117647
2601,1,5.88235294117647
2609,1,5.88235294117647
2615,1,5.88235294117647
2617,1,5.88235294117647
2619,1,5.88235294117647
2626,1,5.88235294117647
2627,1,5.88235294117647
2630,1,5.88235294117647
2634,1,5.88235294117647
2635,1,5.88235294117647
2642,1,5.88235294117647
2644,1,5.88235294117647
2645,1,5.88235294117647
2650,1,5.88235294117647
2659,1,5.88235294117647
2660,1,5.88235294117647
2667,1,5.88235294117647
2670,1,5.88235294117647
2671,1,5.88235294117647
2676,1,5.88235294117647
2680,1,5.88235294117647
2683,1,5.88235294117647
2684,1,5.88235294117647
2687,1,5.88235294117647
2691,1,5.88235294117647
2692,1,5.88235294117647
2699,1,5.88235294117647
2701,1,5.88235294117647
2704,1,5.88235294117647
2714,1,5.88235294117647
2725,1,5.88235294117647
2728,1,5.88235294117647
2732,1,5.88235294117647
2736,1,5.88235294117647
2737,1,5.88235294117647
2762,1,5.88235294117647
2765,1,5.88235294117647
2768,1,5.88235294117647
2773,1,5.88235294117647
2776,1,5.88235294117647
2780,1,5.88235294117647
2785,1,5.88235294117647
2788,1,5.88235294117647
2793,1,5.88235294117647
2800,1,5.88235294117647
2804,1,5.88235294117647
2821,1,5.88235294117647
2823,1,5.88235294117647
2837,1,5.88235294117647
2838,1,5.88235294117647
2839,1,5.88235294117647
2849,1,5.88235294117647
2853,1,5.88235294117647
2858,1,5.88235294117647
2865,1,5.88235294117647
2871,1,5.88235294117647
2876,1,5.88235294117647
2879,1,5.88235294117647
2885,1,5.88235294117647
2886,1,5.88235294117647
2893,1,5.88235294117647
2897,1,5.88235294117647
2899,1,5.88235294117647
2905,1,5.88235294117647
2906,1,5.88235294117647
2909,1,5.88235294117647
2916,1,5.88235294117647
2917,1,5.88235294117647
2920,1,5.88235294117647
2923,1,5.88235294117647
2925,1,5.88235294117647
2928,1,5.88235294117647
2931,1,5.88235294117647
2934,1,5.88235294117647
2935,1,5.88235294117647
2937,1,5.88235294117647
2938,1,5.88235294117647
2941,1,5.88235294117647
2946,1,5.88235294117647
2950,1,5.88235294117647
2955,1,5.88235294117647
2959,1,5.88235294117647
2963,1,5.88235294117647
2973,1,5.88235294117647
2974,1,5.88235294117647
2976,1,5.88235294117647
2977,1,5.88235294117647
2983,1,5.88235294117647
2984,1,5.88235294117647
2986,1,5.88235294117647
2991,1,5.88235294117647
2992,1,5.88235294117647
2993,1,5.88235294117647
2994,1,5.88235294117647
2995,1,5.88235294117647
3001,1,5.88235294117647
3009,1,5.88235294117647
3019,1,5.88235294117647
3020,1,5.88235294117647
3023,1,5.88235294117647
3040,1,5.88235294117647
3047,1,5.88235294117647
3050,1,5.88235294117647
3054,1,5.88235294117647
3059,1,5.88235294117647
3063,1,5.88235294117647
3065,1,5.88235294117647
3066,1,5.88235294117647
3079,1,5.88235294117647
3092,1,5.88235294117647
3093,1,5.88235294117647
3095,1,5.88235294117647
3099,1,5.88235294117647
3100,1,5.88235294117647
3102,1,5.88235294117647
3103,1,5.88235294117647
3108,1,5.88235294117647
3109,1,5.88235294117647
3110,1,5.88235294117647
3111,1,5.88235294117647
3116,1,5.88235294117647
3122,1,5.88235294117647
3133,1,5.88235294117647
3136,1,5.88235294117647
3146,1,5.88235294117647
3148,1,5.88235294117647
3150,1,5.88235294117647
3152,1,5.88235294117647
3154,1,5.88235294117647
3157,1,5.88235294117647
3159,1,5.88235294117647
3162,1,5.88235294117647
3164,1,5.88235294117647
3165,1,5.88235294117647
3167,1,5.88235294117647
3168,1,5.88235294117647
3170,1,5.88235294117647
3174,1,5.88235294117647
3175,1,5.88235294117647
3177,1,5.88235294117647
3178,1,5.88235294117647
3180,1,5.88235294117647
3183,1,5.88235294117647
3184,1,5.88235294117647
3185,1,5.88235294117647
3190,1,5.88235294117647
3198,1,5.88235294117647
3205,1,5.88235294117647
3209,1,5.88235294117647
3210,1,5.88235294117647
3224,1,5.88235294117647
3225,1,5.88235294117647
3230,1,5.88235294117647
3234,1,5.88235294117647
3236,1,5.88235294117647
3244,1,5.88235294117647
3245,1,5.88235294117647
3251,1,5.88235294117647
3256,1,5.88235294117647
3265,1,5.88235294117647
3270,1,5.88235294117647
3271,1,5.88235294117647
3272,1,5.88235294117647
3274,1,5.88235294117647
3281,1,5.88235294117647
3282,1,5.88235294117647
3283,1,5.88235294117647
3289,1,5.88235294117647
3290,1,5.88235294117647
3291,1,5.88235294117647
3295,1,5.88235294117647
3297,1,5.88235294117647
3299,1,5.88235294117647
3302,1,5.88235294117647
3303,1,5.88235294117647
3304,1,5.88235294117647
3305,1,5.88235294117647
3317,1,5.88235294117647
3319,1,5.88235294117647
3320,1,5.88235294117647
3329,1,5.88235294117647
3334,1,5.88235294117647
3342,1,5.88235294117647
3345,1,5.88235294117647
3351,1,5.88235294117647
3353,1,5.88235294117647
3356,1,5.88235294117647
3358,1,5.88235294117647
3362,1,5.88235294117647
3365,1,5.88235294117647
3366,1,5.88235294117647
3373,1,5.88235294117647
3376,1,5.88235294117647
3379,1,5.88235294117647
3380,1,5.88235294117647
3381,1,5.88235294117647
3382,1,5.88235294117647
3386,1,5.88235294117647
3388,1,5.88235294117647
3392,1,5.88235294117647
3406,1,5.88235294117647
3409,1,5.88235294117647
3414,1,5.88235294117647
3419,1,5.88235294117647
3420,1,5.88235294117647
3423,1,5.88235294117647
3425,1,5.88235294117647
3426,1,5.88235294117647
3431,1,5.88235294117647
3432,1,5.88235294117647
3437,1,5.88235294117647
3440,1,5.88235294117647
3449,1,5.88235294117647
3450,1,5.88235294117647
3451,1,5.88235294117647
3456,1,5.88235294117647
3458,1,5.88235294117647
3465,1,5.88235294117647
3466,1,5.88235294117647
3468,1,5.88235294117647
3475,1,5.88235294117647
3477,1,5.88235294117647
3482,1,5.88235294117647
3484,1,5.88235294117647
3491,1,5.88235294117647
3492,1,5.88235294117647
3496,1,5.88235294117647
3497,1,5.88235294117647
3508,1,5.88235294117647
3510,1,5.88235294117647
3515,1,5.88235294117647
3516,1,5.88235294117647
3517,1,5.88235294117647
3518,1,5.88235294117647
3521,1,5.88235294117647
3524,1,5.88235294117647
3528,1,5.88235294117647
3536,1,5.88235294117647
3537,1,5.88235294117647
3544,1,5.88235294117647
3546,1,5.88235294117647
3549,1,5.88235294117647
3550,1,5.88235294117647
3558,1,5.88235294117647
3562,1,5.88235294117647
3565,1,5.88235294117647
3566,1,5.88235294117647
3568,1,5.88235294117647
3571,1,5.88235294117647
3575,1,5.88235294117647
3577,1,5.88235294117647
3580,1,5.88235294117647
3583,1,5.88235294117647
3585,1,5.88235294117647
3587,1,5.88235294117647
3588,1,5.88235294117647
3590,1,5.88235294117647
3591,1,5.88235294117647
3592,1,5.88235294117647
3596,1,5.88235294117647
3603,1,5.88235294117647
3604,1,5.88235294117647
3605,1,5.88235294117647
3608,1,5.88235294117647
3610,1,5.88235294117647
3611,1,5.88235294117647
3613,1,5.88235294117647
3614,1,5.88235294117647
3622,1,5.88235294117647
3627,1,5.88235294117647
3631,1,5.88235294117647
3632,1,5.88235294117647
3633,1,5.88235294117647
3639,1,5.88235294117647
3640,1,5.88235294117647
3642,1,5.88235294117647
3643,1,5.88235294117647
3647,1,5.88235294117647
3650,1,5.88235294117647
3652,1,5.88235294117647
3657,1,5.88235294117647
3658,1,5.88235294117647
3672,1,5.88235294117647
3673,1,5.88235294117647
3674,1,5.88235294117647
3676,1,5.88235294117647
3691,1,5.88235294117647
3693,1,5.88235294117647
3699,1,5.88235294117647
3702,1,5.88235294117647
3707,1,5.88235294117647
3721,1,5.88235294117647
3722,1,5.88235294117647
3726,1,5.88235294117647
3727,1,5.88235294117647
3730,1,5.88235294117647
3736,1,5.88235294117647
3740,1,5.88235294117647
3741,1,5.88235294117647
3746,1,5.88235294117647
3752,1,5.88235294117647
3756,1,5.88235294117647
3760,1,5.88235294117647
3761,1,5.88235294117647
3765,1,5.88235294117647
3770,1,5.88235294117647
3784,1,5.88235294117647
3785,1,5.88235294117647
3789,1,5.88235294117647
3790,1,5.88235294117647
3795,1,5.88235294117647
3798,1,5.88235294117647
3802,1,5.88235294117647
3805,1,5.88235294117647
3809,1,5.88235294117647
3810,1,5.88235294117647
3812,1,5.88235294117647
3813,1,5.88235294117647
3814,1,5.88235294117647
3816,1,5.88235294117647
3819,1,5.88235294117647
3827,1,5.88235294117647
3831,1,5.88235294117647
3833,1,5.88235294117647
3834,1,5.88235294117647
3836,1,5.88235294117647
3838,1,5.88235294117647
3840,1,5.88235294117647
3852,1,5.88235294117647
3855,1,5.88235294117647
3864,1,5.88235294117647
3868,1,5.88235294117647
3877,1,5.88235294117647
3878,1,5.88235294117647
3882,1,5.88235294117647
3885,1,5.88235294117647
3888,1,5.88235294117647
3893,1,5.88235294117647
3897,1,5.88235294117647
3901,1,5.88235294117647
3902,1,5.88235294117647
3904,1,5.88235294117647
3913,1,5.88235294117647
3915,1,5.88235294117647
3924,1,5.88235294117647
3928,1,5.88235294117647
3931,1,5.88235294117647
3933,1,5.88235294117647
3954,1,5.88235294117647
3957,1,5.88235294117647
3959,1,5.88235294117647
3960,1,5.88235294117647
3975,1,5.88235294117647
3982,1,5.88235294117647
3994,1,5.88235294117647
3995,1,5.88235294117647
3996,1,5.88235294117647
3998,1,5.88235294117647
3999,1,5.88235294117647
4001,1,5.88235294117647
4002,1,5.88235294117647
4003,1,5.88235294117647
4005,1,5.88235294117647
4009,1,5.88235294117647
4013,1,5.88235294117647
4017,1,5.88235294117647
4018,1,5.88235294117647
4020,1,5.88235294117647
4025,1,5.88235294117647
4031,1,5.88235294117647
4032,1,5.88235294117647
4033,1,5.88235294117647
4034,1,5.88235294117647
4038,1,5.88235294117647
4040,1,5.88235294117647
4048,1,5.88235294117647
4052,1,5.88235294117647
4063,1,5.88235294117647
4064,1,5.88235294117647
4067,1,5.88235294117647
4069,1,5.88235294117647
4073,1,5.88235294117647
4079,1,5.88235294117647
4080,1,5.88235294117647
4082,1,5.88235294117647
4087,1,5.88235294117647
4091,1,5.88235294117647
4097,1,5.88235294117647
4106,1,5.88235294117647
4107,1,5.88235294117647
4109,1,5.88235294117647
4115,1,5.88235294117647
4124,1,5.88235294117647
4126,1,5.88235294117647
4136,1,5.88235294117647
4138,1,5.88235294117647
4142,1,5.88235294117647
4143,1,5.88235294117647
4146,1,5.88235294117647
4148,1,5.88235294117647
4158,1,5.88235294117647
4161,1,5.88235294117647
4162,1,5.88235294117647
4169,1,5.88235294117647
4173,1,5.88235294117647
4174,1,5.88235294117647
4177,1,5.88235294117647
4178,1,5.88235294117647
4184,1,5.88235294117647
4185,1,5.88235294117647
4186,1,5.88235294117647
4187,1,5.88235294117647
4189,1,5.88235294117647
4191,1,5.88235294117647
4194,1,5.88235294117647
4197,1,5.88235294117647
4198,1,5.88235294117647
4200,1,5.88235294117647
4203,1,5.88235294117647
4204,1,5.88235294117647
4209,1,5.88235294117647
4212,1,5.88235294117647
4214,1,5.88235294117647
4221,1,5.88235294117647
4227,1,5.88235294117647
4233,1,5.88235294117647
4235,1,5.88235294117647
4236,1,5.88235294117647
4240,1,5.88235294117647
4246,1,5.88235294117647
4249,1,5.88235294117647
4251,1,5.88235294117647
4254,1,5.88235294117647
4257,1,5.88235294117647
4258,1,5.88235294117647
4262,1,5.88235294117647
4265,1,5.88235294117647
4266,1,5.88235294117647
4269,1,5.88235294117647
4276,1,5.88235294117647
4279,1,5.88235294117647
4281,1,5.88235294117647
4283,1,5.88235294117647
4285,1,5.88235294117647
4290,1,5.88235294117647
4291,1,5.88235294117647
4297,1,5.88235294117647
4300,1,5.88235294117647
4305,1,5.88235294117647
4306,1,5.88235294117647
4308,1,5.88235294117647
4313,1,5.88235294117647
4316,1,5.88235294117647
4319,1,5.88235294117647
4322,1,5.88235294117647
4324,1,5.88235294117647
4327,1,5.88235294117647
4331,1,5.88235294117647
4333,1,5.88235294117647
4343,1,5.88235294117647
4344,1,5.88235294117647
4351,1,5.88235294117647
4354,1,5.88235294117647
4355,1,5.88235294117647
4359,1,5.88235294117647
4366,1,5.88235294117647
4368,1,5.88235294117647
4369,1,5.88235294117647
4375,1,5.88235294117647
4378,1,5.88235294117647
4380,1,5.88235294117647
4386,1,5.88235294117647
4387,1,5.88235294117647
4388,1,5.88235294117647
4390,1,5.88235294117647
4392,1,5.88235294117647
4394,1,5.88235294117647
4398,1,5.88235294117647
4399,1,5.88235294117647
4402,1,5.88235294117647
4409,1,5.88235294117647
4415,1,5.88235294117647
4419,1,5.88235294117647
4421,1,5.88235294117647
4422,1,5.88235294117647
4423,1,5.88235294117647
4428,1,5.88235294117647
4429,1,5.88235294117647
4430,1,5.88235294117647
4432,1,5.88235294117647
4434,1,5.88235294117647
4435,1,5.88235294117647
4455,1,5.88235294117647
4457,1,5.88235294117647
4458,1,5.88235294117647
4463,1,5.88235294117647
4464,1,5.88235294117647
4472,1,5.88235294117647
4474,1,5.88235294117647
4477,1,5.88235294117647
4478,1,5.88235294117647
4481,1,5.88235294117647
4482,1,5.88235294117647
4485,1,5.88235294117647
4488,1,5.88235294117647
4496,1,5.88235294117647
4501,1,5.88235294117647
4514,1,5.88235294117647
4515,1,5.88235294117647
4516,1,5.88235294117647
4521,1,5.88235294117647
4526,1,5.88235294117647
4528,1,5.88235294117647
4540,1,5.88235294117647
4547,1,5.88235294117647
4549,1,5.88235294117647
4550,1,5.88235294117647
4551,1,5.88235294117647
4556,1,5.88235294117647
4561,1,5.88235294117647
4562,1,5.88235294117647
4563,1,5.88235294117647
4565,1,5.88235294117647
4570,1,5.88235294117647
4578,1,5.88235294117647
4579,1,5.88235294117647
4580,1,5.88235294117647
4588,1,5.88235294117647
4591,1,5.88235294117647
4596,1,5.88235294117647
4597,1,5.88235294117647
4626,1,5.88235294117647
4627,1,5.88235294117647
4631,1,5.88235294117647
4637,1,5.88235294117647
4646,1,5.88235294117647
4655,1,5.88235294117647
4656,1,5.88235294117647
4657,1,5.88235294117647
4660,1,5.88235294117647
4663,1,5.88235294117647
4666,1,5.88235294117647
4669,1,5.88235294117647
4672,1,5.88235294117647
4675,1,5.88235294117647
4676,1,5.88235294117647
4680,1,5.88235294117647
4690,1,5.88235294117647
4692,1,5.88235294117647
4693,1,5.88235294117647
4696,1,5.88235294117647
4701,1,5.88235294117647
4710,1,5.88235294117647
4713,1,5.88235294117647
4715,1,5.88235294117647
4737,1,5.88235294117647
4748,1,5.88235294117647
4761,1,5.88235294117647
4764,1,5.88235294117647
4767,1,5.88235294117647
4770,1,5.88235294117647
4771,1,5.88235294117647
4780,1,5.88235294117647
4781,1,5.88235294117647
4784,1,5.88235294117647
4786,1,5.88235294117647
4787,1,5.88235294117647
4791,1,5.88235294117647
4793,1,5.88235294117647
4794,1,5.88235294117647
4795,1,5.88235294117647
4796,1,5.88235294117647
4798,1,5.88235294117647
4801,1,5.88235294117647
4806,1,5.88235294117647
4812,1,5.88235294117647
4817,1,5.88235294117647
4818,1,5.88235294117647
4819,1,5.88235294117647
4823,1,5.88235294117647
4826,1,5.88235294117647
4827,1,5.88235294117647
4830,1,5.88235294117647
4833,1,5.88235294117647
4834,1,5.88235294117647
4837,1,5.88235294117647
4839,1,5.88235294117647
4841,1,5.88235294117647
4843,1,5.88235294117647
4845,1,5.88235294117647
4850,1,5.88235294117647
4851,1,5.88235294117647
4854,1,5.88235294117647
4865,1,5.88235294117647
4867,1,5.88235294117647
4869,1,5.88235294117647
4871,1,5.88235294117647
4875,1,5.88235294117647
4880,1,5.88235294117647
4885,1,5.88235294117647
4887,1,5.88235294117647
4889,1,5.88235294117647
4891,1,5.88235294117647
4892,1,5.88235294117647
4901,1,5.88235294117647
4905,1,5.88235294117647
4908,1,5.88235294117647
4920,1,5.88235294117647
4927,1,5.88235294117647
4933,1,5.88235294117647
4939,1,5.88235294117647
4946,1,5.88235294117647
4947,1,5.88235294117647
4948,1,5.88235294117647
4955,1,5.88235294117647
4956,1,5.88235294117647
4963,1,5.88235294117647
4965,1,5.88235294117647
4966,1,5.88235294117647
4973,1,5.88235294117647
4974,1,5.88235294117647
4977,1,5.88235294117647
4982,1,5.88235294117647
4984,1,5.88235294117647
4999,1,5.88235294117647
5001,1,5.88235294117647
5016,1,5.88235294117647
5027,1,5.88235294117647
5034,1,5.88235294117647
5040,1,5.88235294117647
5043,1,5.88235294117647
5048,1,5.88235294117647
5050,1,5.88235294117647
5054,1,5.88235294117647
5076,1,5.88235294117647
5079,1,5.88235294117647
5083,1,5.88235294117647
5085,1,5.88235294117647
5095,1,5.88235294117647
5098,1,5.88235294117647
5099,1,5.88235294117647
5101,1,5.88235294117647
5102,1,5.88235294117647
5108,1,5.88235294117647
5117,1,5.88235294117647
5127,1,5.88235294117647
5131,1,5.88235294117647
5134,1,5.88235294117647
5136,1,5.88235294117647
5137,1,5.88235294117647
5139,1,5.88235294117647
5141,1,5.88235294117647
5142,1,5.88235294117647
5145,1,5.88235294117647
5149,1,5.88235294117647
5151,1,5.88235294117647
5152,1,5.88235294117647
5153,1,5.88235294117647
5155,1,5.88235294117647
5156,1,5.88235294117647
5171,1,5.88235294117647
5178,1,5.88235294117647
5182,1,5.88235294117647
5190,1,5.88235294117647
5194,1,5.88235294117647
5202,1,5.88235294117647
5205,1,5.88235294117647
5207,1,5.88235294117647
5210,1,5.88235294117647
5211,1,5.88235294117647
5216,1,5.88235294117647
5226,1,5.88235294117647
5227,1,5.88235294117647
5228,1,5.88235294117647
5232,1,5.88235294117647
5235,1,5.88235294117647
5241,1,5.88235294117647
5247,1,5.88235294117647
5249,1,5.88235294117647
5251,1,5.88235294117647
5254,1,5.88235294117647
5255,1,5.88235294117647
5257,1,5.88235294117647
5259,1,5.88235294117647
5260,1,5.88235294117647
5264,1,5.88235294117647
5272,1,5.88235294117647
5280,1,5.88235294117647
5287,1,5.88235294117647
5288,1,5.88235294117647
5289,1,5.88235294117647
5291,1,5.88235294117647
5293,1,5.88235294117647
5300,1,5.88235294117647
5310,1,5.88235294117647
5312,1,5.88235294117647
5314,1,5.88235294117647
5317,1,5.88235294117647
5320,1,5.88235294117647
5337,1,5.88235294117647
5343,1,5.88235294117647
5344,1,5.88235294117647
5349,1,5.88235294117647
5352,1,5.88235294117647
5366,1,5.88235294117647
5368,1,5.88235294117647
5371,1,5.88235294117647
5374,1,5.88235294117647
5381,1,5.88235294117647
5382,1,5.88235294117647
5383,1,5.88235294117647
5385,1,5.88235294117647
5387,1,5.88235294117647
5388,1,5.88235294117647
5394,1,5.88235294117647
5395,1,5.88235294117647
5396,1,5.88235294117647
5402,1,5.88235294117647
5408,1,5.88235294117647
5410,1,5.88235294117647
5411,1,5.88235294117647
5412,1,5.88235294117647
5413,1,5.88235294117647
5428,1,5.88235294117647
5429,1,5.88235294117647
5430,1,5.88235294117647
5434,1,5.88235294117647
5435,1,5.88235294117647
5437,1,5.88235294117647
5440,1,5.88235294117647
5446,1,5.88235294117647
5451,1,5.88235294117647
5461,1,5.88235294117647
5464,1,5.88235294117647
5465,1,5.88235294117647
5470,1,5.88235294117647
5471,1,5.88235294117647
5481,1,5.88235294117647
5484,1,5.88235294117647
5487,1,5.88235294117647
5496,1,5.88235294117647
5498,1,5.88235294117647
5503,1,5.88235294117647
5511,1,5.88235294117647
5517,1,5.88235294117647
5519,1,5.88235294117647
5523,1,5.88235294117647
5525,1,5.88235294117647
5527,1,5.88235294117647
5531,1,5.88235294117647
5533,1,5.88235294117647
5534,1,5.88235294117647
5537,1,5.88235294117647
5553,1,5.88235294117647
5558,1,5.88235294117647
5559,1,5.88235294117647
5560,1,5.88235294117647
5561,1,5.88235294117647
5563,1,5.88235294117647
5564,1,5.88235294117647
5570,1,5.88235294117647
5571,1,5.88235294117647
5572,1,5.88235294117647
5579,1,5.88235294117647
5582,1,5.88235294117647
5588,1,5.88235294117647
5596,1,5.88235294117647
5597,1,5.88235294117647
5616,1,5.88235294117647
5623,1,5.88235294117647
5627,1,5.88235294117647
5632,1,5.88235294117647
5636,1,5.88235294117647
5638,1,5.88235294117647
5639,1,5.88235294117647
5643,1,5.88235294117647
5649,1,5.88235294117647
5650,1,5.88235294117647
5651,1,5.88235294117647
5652,1,5.88235294117647
5657,1,5.88235294117647
5659,1,5.88235294117647
5669,1,5.88235294117647
5671,1,5.88235294117647
5674,1,5.88235294117647
5680,1,5.88235294117647
5681,1,5.88235294117647
5682,1,5.88235294117647
5685,1,5.88235294117647
5690,1,5.88235294117647
5704,1,5.88235294117647
5705,1,5.88235294117647
5712,1,5.88235294117647
5718,1,5.88235294117647
5724,1,5.88235294117647
5734,1,5.88235294117647
5736,1,5.88235294117647
5737,1,5.88235294117647
5740,1,5.88235294117647
5748,1,5.88235294117647
5750,1,5.88235294117647
5751,1,5.88235294117647
5753,1,5.88235294117647
5755,1,5.88235294117647
5765,1,5.88235294117647
5768,1,5.88235294117647
5769,1,5.88235294117647
5771,1,5.88235294117647
5774,1,5.88235294117647
5778,1,5.88235294117647
5785,1,5.88235294117647
5786,1,5.88235294117647
5789,1,5.88235294117647
5797,1,5.88235294117647
5800,1,5.88235294117647
5813,1,5.88235294117647
5817,1,5.88235294117647
5821,1,5.88235294117647
5824,1,5.88235294117647
5826,1,5.88235294117647
5829,1,5.88235294117647
5831,1,5.88235294117647
5832,1,5.88235294117647
5834,1,5.88235294117647
5837,1,5.88235294117647
5840,1,5.88235294117647
5844,1,5.88235294117647
5853,1,5.88235294117647
5858,1,5.88235294117647
5863,1,5.88235294117647
5867,1,5.88235294117647
5871,1,5.88235294117647
5878,1,5.88235294117647
5881,1,5.88235294117647
5885,1,5.88235294117647
5890,1,5.88235294117647
5894,1,5.88235294117647
5897,1,5.88235294117647
5904,1,5.88235294117647
5906,1,5.88235294117647
5907,1,5.88235294117647
5910,1,5.88235294117647
5912,1,5.88235294117647
5915,1,5.88235294117647
5920,1,5.88235294117647
5922,1,5.88235294117647
5924,1,5.88235294117647
5927,1,5.88235294117647
5932,1,5.88235294117647
5935,1,5.88235294117647
5938,1,5.88235294117647
5939,1,5.88235294117647
5945,1,5.88235294117647
5949,1,5.88235294117647
5956,1,5.88235294117647
5957,1,5.88235294117647
5959,1,5.88235294117647
5960,1,5.88235294117647
5961,1,5.88235294117647
5965,1,5.88235294117647
5966,1,5.88235294117647
5967,1,5.88235294117647
5968,1,5.88235294117647
5971,1,5.88235294117647
5973,1,5.88235294117647
5977,1,5.88235294117647
5978,1,5.88235294117647
5986,1,5.88235294117647
5987,1,5.88235294117647
5989,1,5.88235294117647
5993,1,5.88235294117647
5997,1,5.88235294117647
5998,1,5.88235294117647
6003,1,5.88235294117647
6015,1,5.88235294117647
6021,1,5.88235294117647
6025,1,5.88235294117647
6033,1,5.88235294117647
6034,1,5.88235294117647
6037,1,5.88235294117647
6039,1,5.88235294117647
6042,1,5.88235294117647
6043,1,5.88235294117647
6046,1,5.88235294117647
6047,1,5.88235294117647
6055,1,5.88235294117647
6058,1,5.88235294117647
6069,1,5.88235294117647
6071,1,5.88235294117647
6072,1,5.88235294117647
6073,1,5.88235294117647
6076,1,5.88235294117647
6078,1,5.88235294117647
6080,1,5.88235294117647
6082,1,5.88235294117647
6086,1,5.88235294117647
6087,1,5.88235294117647
6088,1,5.88235294117647
6091,1,5.88235294117647
6095,1,5.88235294117647
6098,1,5.88235294117647
6110,1,5.88235294117647
6112,1,5.88235294117647
6116,1,5.88235294117647
6120,1,5.88235294117647
6122,1,5.88235294117647
6127,1,5.88235294117647
6131,1,5.88235294117647
6132,1,5.88235294117647
6144,1,5.88235294117647
6149,1,5.88235294117647
6150,1,5.88235294117647
6156,1,5.88235294117647
6158,1,5.88235294117647
6162,1,5.88235294117647
6168,1,5.88235294117647
6169,1,5.88235294117647
6175,1,5.88235294117647
6176,1,5.88235294117647
6191,1,5.88235294117647
6192,1,5.88235294117647
6194,1,5.88235294117647
6195,1,5.88235294117647
6206,1,5.88235294117647
6209,1,5.88235294117647
6211,1,5.88235294117647
6212,1,5.88235294117647
6213,1,5.88235294117647
6223,1,5.88235294117647
6225,1,5.88235294117647
6232,1,5.88235294117647
6236,1,5.88235294117647
6240,1,5.88235294117647
6245,1,5.88235294117647
6248,1,5.88235294117647
6252,1,5.88235294117647
6264,1,5.88235294117647
6267,1,5.88235294117647
6272,1,5.88235294117647
6273,1,5.88235294117647
6276,1,5.88235294117647
6280,1,5.88235294117647
6282,1,5.88235294117647
6315,1,5.88235294117647
6319,1,5.88235294117647
6328,1,5.88235294117647
6331,1,5.88235294117647
6335,1,5.88235294117647
6336,1,5.88235294117647
6343,1,5.88235294117647
6348,1,5.88235294117647
6354,1,5.88235294117647
6357,1,5.88235294117647
6365,1,5.88235294117647
6369,1,5.88235294117647
6371,1,5.88235294117647
6373,1,5.88235294117647
6376,1,5.88235294117647
6381,1,5.88235294117647
6383,1,5.88235294117647
6388,1,5.88235294117647
6391,1,5.88235294117647
6395,1,5.88235294117647
6397,1,5.88235294117647
6399,1,5.88235294117647
6400,1,5.88235294117647
6419,1,5.88235294117647
6421,1,5.88235294117647
6422,1,5.88235294117647
6424,1,5.88235294117647
6425,1,5.88235294117647
6427,1,5.88235294117647
6429,1,5.88235294117647
6432,1,5.88235294117647
6433,1,5.88235294117647
6434,1,5.88235294117647
6438,1,5.88235294117647
6442,1,5.88235294117647
6444,1,5.88235294117647
6448,1,5.88235294117647
6451,1,5.88235294117647
6452,1,5.88235294117647
6458,1,5.88235294117647
6460,1,5.88235294117647
6461,1,5.88235294117647
6463,1,5.88235294117647
6464,1,5.88235294117647
6467,1,5.88235294117647
6468,1,5.88235294117647
6474,1,5.88235294117647
6476,1,5.88235294117647
6477,1,5.88235294117647
6481,1,5.88235294117647
6482,1,5.88235294117647
6484,1,5.88235294117647
6491,1,5.88235294117647
6492,1,5.88235294117647
6494,1,5.88235294117647
6495,1,5.88235294117647
6501,1,5.88235294117647
6506,1,5.88235294117647
6522,1,5.88235294117647
6523,1,5.88235294117647
6527,1,5.88235294117647
6528,1,5.88235294117647
6531,1,5.88235294117647
6535,1,5.88235294117647
6536,1,5.88235294117647
6543,1,5.88235294117647
6545,1,5.88235294117647
6546,1,5.88235294117647
6557,1,5.88235294117647
6569,1,5.88235294117647
6572,1,5.88235294117647
6587,1,5.88235294117647
6591,1,5.88235294117647
6597,1,5.88235294117647
6602,1,5.88235294117647
6608,1,5.88235294117647
6609,1,5.88235294117647
6618,1,5.88235294117647
6630,1,5.88235294117647
6632,1,5.88235294117647
6634,1,5.88235294117647
6639,1,5.88235294117647
6642,1,5.88235294117647
6650,1,5.88235294117647
6652,1,5.88235294117647
6655,1,5.88235294117647
6657,1,5.88235294117647
6660,1,5.88235294117647
6663,1,5.88235294117647
6666,1,5.88235294117647
6668,1,5.88235294117647
6673,1,5.88235294117647
6676,1,5.88235294117647
6680,1,5.88235294117647
6681,1,5.88235294117647
6685,1,5.88235294117647
6689,1,5.88235294117647
6694,1,5.88235294117647
6701,1,5.88235294117647
6702,1,5.88235294117647
6703,1,5.88235294117647
6704,1,5.88235294117647
6705,1,5.88235294117647
6708,1,5.88235294117647
6709,1,5.88235294117647
6713,1,5.88235294117647
6714,1,5.88235294117647
6715,1,5.88235294117647
6718,1,5.88235294117647
6726,1,5.88235294117647
6728,1,5.88235294117647
6732,1,5.88235294117647
6737,1,5.88235294117647
6740,1,5.88235294117647
6743,1,5.88235294117647
6757,1,5.88235294117647
6764,1,5.88235294117647
6771,1,5.88235294117647
6772,1,5.88235294117647
6774,1,5.88235294117647
6775,1,5.88235294117647
6776,1,5.88235294117647
6778,1,5.88235294117647
6783,1,5.88235294117647
6785,1,5.88235294117647
6799,1,5.88235294117647
6800,1,5.88235294117647
6803,1,5.88235294117647
6804,1,5.88235294117647
6806,1,5.88235294117647
6812,1,5.88235294117647
6815,1,5.88235294117647
6819,1,5.88235294117647
6821,1,5.88235294117647
6827,1,5.88235294117647
6829,1,5.88235294117647
6834,1,5.88235294117647
6837,1,5.88235294117647
6842,1,5.88235294117647
6848,1,5.88235294117647
6850,1,5.88235294117647
6862,1,5.88235294117647
6865,1,5.88235294117647
6869,1,5.88235294117647
6874,1,5.88235294117647
6881,1,5.88235294117647
6888,1,5.88235294117647
6892,1,5.88235294117647
6899,1,5.88235294117647
6902,1,5.88235294117647
6905,1,5.88235294117647
6906,1,5.88235294117647
6908,1,5.88235294117647
6909,1,5.88235294117647
6919,1,5.88235294117647
6921,1,5.88235294117647
6926,1,5.88235294117647
6930,1,5.88235294117647
6934,1,5.88235294117647
6937,1,5.88235294117647
6938,1,5.88235294117647
6946,1,5.88235294117647
6964,1,5.88235294117647
6966,1,5.88235294117647
6967,1,5.88235294117647
6969,1,5.88235294117647
6972,1,5.88235294117647
6975,1,5.88235294117647
6978,1,5.88235294117647
6990,1,5.88235294117647
6995,1,5.88235294117647
7004,1,5.88235294117647
7012,1,5.88235294117647
7016,1,5.88235294117647
7017,1,5.88235294117647
7021,1,5.88235294117647
7022,1,5.88235294117647
7026,1,5.88235294117647
7034,1,5.88235294117647
7039,1,5.88235294117647
7040,1,5.88235294117647
7041,1,5.88235294117647
7043,1,5.88235294117647
7044,1,5.88235294117647
7053,1,5.88235294117647
7063,1,5.88235294117647
7068,1,5.88235294117647
7069,1,5.88235294117647
7072,1,5.88235294117647
7079,1,5.88235294117647
7080,1,5.88235294117647
7083,1,5.88235294117647
7089,1,5.88235294117647
7090,1,5.88235294117647
7106,1,5.88235294117647
7111,1,5.88235294117647
7122,1,5.88235294117647
7123,1,5.88235294117647
7124,1,5.88235294117647
7128,1,5.88235294117647
7132,1,5.88235294117647
7134,1,5.88235294117647
7137,1,5.88235294117647
7138,1,5.88235294117647
7145,1,5.88235294117647
7148,1,5.88235294117647
7149,1,5.88235294117647
7153,1,5.88235294117647
7156,1,5.88235294117647
7158,1,5.88235294117647
7160,1,5.88235294117647
7165,1,5.88235294117647
7171,1,5.88235294117647
7172,1,5.88235294117647
7174,1,5.88235294117647
7180,1,5.88235294117647
7182,1,5.88235294117647
7183,1,5.88235294117647
7184,1,5.88235294117647
7185,1,5.88235294117647
7190,1,5.88235294117647
7191,1,5.88235294117647
7192,1,5.88235294117647
7193,1,5.88235294117647
7195,1,5.88235294117647
7198,1,5.88235294117647
7203,1,5.88235294117647
7212,1,5.88235294117647
7214,1,5.88235294117647
7215,1,5.88235294117647
7219,1,5.88235294117647
7222,1,5.88235294117647
7228,1,5.88235294117647
7232,1,5.88235294117647
7236,1,5.88235294117647
7239,1,5.88235294117647
7240,1,5.88235294117647
7242,1,5.88235294117647
7249,1,5.88235294117647
7257,1,5.88235294117647
7258,1,5.88235294117647
7267,1,5.88235294117647
7268,1,5.88235294117647
7271,1,5.88235294117647
7272,1,5.88235294117647
7276,1,5.88235294117647
7277,1,5.88235294117647
7278,1,5.88235294117647
7281,1,5.88235294117647
7282,1,5.88235294117647
7289,1,5.88235294117647
7290,1,5.88235294117647
7291,1,5.88235294117647
7292,1,5.88235294117647
7295,1,5.88235294117647
7297,1,5.88235294117647
7298,1,5.88235294117647
7302,1,5.88235294117647
7311,1,5.88235294117647
7312,1,5.88235294117647
7314,1,5.88235294117647
7331,1,5.88235294117647
7338,1,5.88235294117647
7342,1,5.88235294117647
7343,1,5.88235294117647
7345,1,5.88235294117647
7355,1,5.88235294117647
7361,1,5.88235294117647
7364,1,5.88235294117647
7366,1,5.88235294117647
7367,1,5.88235294117647
7370,1,5.88235294117647
7371,1,5.88235294117647
7381,1,5.88235294117647
7383,1,5.88235294117647
7384,1,5.88235294117647
7389,1,5.88235294117647
7392,1,5.88235294117647
7393,1,5.88235294117647
7395,1,5.88235294117647
7399,1,5.88235294117647
7405,1,5.88235294117647
7408,1,5.88235294117647
7412,1,5.88235294117647
7422,1,5.88235294117647
7425,1,5.88235294117647
7426,1,5.88235294117647
7429,1,5.88235294117647
7437,1,5.88235294117647
7449,1,5.88235294117647
7463,1,5.88235294117647
7465,1,5.88235294117647
7467,1,5.88235294117647
7470,1,5.88235294117647
7474,1,5.88235294117647
7475,1,5.88235294117647
7476,1,5.88235294117647
7478,1,5.88235294117647
7482,1,5.88235294117647
7488,1,5.88235294117647
7489,1,5.88235294117647
7491,1,5.88235294117647
7498,1,5.88235294117647
7500,1,5.88235294117647
7501,1,5.88235294117647
7505,1,5.88235294117647
7510,1,5.88235294117647
7513,1,5.88235294117647
7522,1,5.88235294117647
7525,1,5.88235294117647
7526,1,5.88235294117647
7530,1,5.88235294117647
7532,1,5.88235294117647
7535,1,5.88235294117647
7559,1,5.88235294117647
7563,1,5.88235294117647
7566,1,5.88235294117647
7570,1,5.88235294117647
7571,1,5.88235294117647
7581,1,5.88235294117647
7592,1,5.88235294117647
7594,1,5.88235294117647
7595,1,5.88235294117647
7597,1,5.88235294117647
7599,1,5.88235294117647
7600,1,5.88235294117647
7605,1,5.88235294117647
7612,1,5.88235294117647
7614,1,5.88235294117647
7616,1,5.88235294117647
7621,1,5.88235294117647
7622,1,5.88235294117647
7627,1,5.88235294117647
7630,1,5.88235294117647
7633,1,5.88235294117647
7634,1,5.88235294117647
7635,1,5.88235294117647
7647,1,5.88235294117647
7653,1,5.88235294117647
7656,1,5.88235294117647
7657,1,5.88235294117647
7658,1,5.88235294117647
7659,1,5.88235294117647
7660,1,5.88235294117647
7667,1,5.88235294117647
7672,1,5.88235294117647
7676,1,5.88235294117647
7680,1,5.88235294117647
7683,1,5.88235294117647
7693,1,5.88235294117647
7697,1,5.88235294117647
7699,1,5.88235294117647
7701,1,5.88235294117647
7704,1,5.88235294117647
7716,1,5.88235294117647
7718,1,5.88235294117647
7719,1,5.88235294117647
7720,1,5.88235294117647
7721,1,5.88235294117647
7725,1,5.88235294117647
7729,1,5.88235294117647
7731,1,5.88235294117647
7732,1,5.88235294117647
7734,1,5.88235294117647
7752,1,5.88235294117647
7754,1,5.88235294117647
7757,1,5.88235294117647
7759,1,5.88235294117647
7770,1,5.88235294117647
7771,1,5.88235294117647
7776,1,5.88235294117647
7778,1,5.88235294117647
7779,1,5.88235294117647
7784,1,5.88235294117647
7786,1,5.88235294117647
7787,1,5.88235294117647
7789,1,5.88235294117647
7790,1,5.88235294117647
7806,1,5.88235294117647
7807,1,5.88235294117647
7810,1,5.88235294117647
7812,1,5.88235294117647
7817,1,5.88235294117647
7818,1,5.88235294117647
7819,1,5.88235294117647
7821,1,5.88235294117647
7826,1,5.88235294117647
7828,1,5.88235294117647
7829,1,5.88235294117647
7831,1,5.88235294117647
7833,1,5.88235294117647
7838,1,5.88235294117647
7841,1,5.88235294117647
7846,1,5.88235294117647
7847,1,5.88235294117647
7849,1,5.88235294117647
7851,1,5.88235294117647
7856,1,5.88235294117647
7861,1,5.88235294117647
7862,1,5.88235294117647
7866,1,5.88235294117647
7870,1,5.88235294117647
7872,1,5.88235294117647
7877,1,5.88235294117647
7887,1,5.88235294117647
7888,1,5.88235294117647
7890,1,5.88235294117647
7897,1,5.88235294117647
7900,1,5.88235294117647
7901,1,5.88235294117647
7903,1,5.88235294117647
7904,1,5.88235294117647
7905,1,5.88235294117647
7908,1,5.88235294117647
7910,1,5.88235294117647
7912,1,5.88235294117647
7918,1,5.88235294117647
7919,1,5.88235294117647
7928,1,5.88235294117647
7929,1,5.88235294117647
7931,1,5.88235294117647
7935,1,5.88235294117647
7944,1,5.88235294117647
7946,1,5.88235294117647
7949,1,5.88235294117647
7951,1,5.88235294117647
7952,1,5.88235294117647
7954,1,5.88235294117647
7955,1,5.88235294117647
7957,1,5.88235294117647
7963,1,5.88235294117647
7964,1,5.88235294117647
7968,1,5.88235294117647
7969,1,5.88235294117647
7978,1,5.88235294117647
7981,1,5.88235294117647
7986,1,5.88235294117647
7987,1,5.88235294117647
7988,1,5.88235294117647
7993,1,5.88235294117647
7995,1,5.88235294117647
7999,1,5.88235294117647
8004,1,5.88235294117647
8005,1,5.88235294117647
8009,1,5.88235294117647
8014,1,5.88235294117647
8017,1,5.88235294117647
8020,1,5.88235294117647
8024,1,5.88235294117647
8027,1,5.88235294117647
8031,1,5.88235294117647
8039,1,5.88235294117647
8046,1,5.88235294117647
8057,1,5.88235294117647
8058,1,5.88235294117647
8061,1,5.88235294117647
8063,1,5.88235294117647
8072,1,5.88235294117647
8081,1,5.88235294117647
8089,1,5.88235294117647
8099,1,5.88235294117647
8103,1,5.88235294117647
8105,1,5.88235294117647
8107,1,5.88235294117647
8108,1,5.88235294117647
8109,1,5.88235294117647
8112,1,5.88235294117647
8118,1,5.88235294117647
8121,1,5.88235294117647
8126,1,5.88235294117647
8128,1,5.88235294117647
8130,1,5.88235294117647
8144,1,5.88235294117647
8152,1,5.88235294117647
8153,1,5.88235294117647
8155,1,5.88235294117647
8160,1,5.88235294117647
8165,1,5.88235294117647
8166,1,5.88235294117647
8174,1,5.88235294117647
8176,1,5.88235294117647
8180,1,5.88235294117647
8182,1,5.88235294117647
8196,1,5.88235294117647
8197,1,5.88235294117647
8202,1,5.88235294117647
8206,1,5.88235294117647
8218,1,5.88235294117647
8226,1,5.88235294117647
8231,1,5.88235294117647
8233,1,5.88235294117647
8234,1,5.88235294117647
8236,1,5.88235294117647
8237,1,5.88235294117647
8242,1,5.88235294117647
8248,1,5.88235294117647
8251,1,5.88235294117647
8252,1,5.88235294117647
8256,1,5.88235294117647
8261,1,5.88235294117647
8267,1,5.88235294117647
8269,1,5.88235294117647
8276,1,5.88235294117647
8280,1,5.88235294117647
8287,1,5.88235294117647
8289,1,5.88235294117647
8296,1,5.88235294117647
8308,1,5.88235294117647
8311,1,5.88235294117647
8317,1,5.88235294117647
8319,1,5.88235294117647
8321,1,5.88235294117647
8329,1,5.88235294117647
8331,1,5.88235294117647
8333,1,5.88235294117647
8335,1,5.88235294117647
8338,1,5.88235294117647
8346,1,5.88235294117647
8347,1,5.88235294117647
8352,1,5.88235294117647
8356,1,5.88235294117647
8360,1,5.88235294117647
8362,1,5.88235294117647
8367,1,5.88235294117647
8371,1,5.88235294117647
8372,1,5.88235294117647
8376,1,5.88235294117647
8377,1,5.88235294117647
8378,1,5.88235294117647
8381,1,5.88235294117647
8383,1,5.88235294117647
8386,1,5.88235294117647
8390,1,5.88235294117647
8393,1,5.88235294117647
8399,1,5.88235294117647
8400,1,5.88235294117647
8401,1,5.88235294117647
8412,1,5.88235294117647
8413,1,5.88235294117647
8414,1,5.88235294117647
8415,1,5.88235294117647
8417,1,5.88235294117647
8422,1,5.88235294117647
8425,1,5.88235294117647
8426,1,5.88235294117647
8427,1,5.88235294117647
8428,1,5.88235294117647
8434,1,5.88235294117647
8435,1,5.88235294117647
8440,1,5.88235294117647
8442,1,5.88235294117647
8443,1,5.88235294117647
8450,1,5.88235294117647
8454,1,5.88235294117647
8458,1,5.88235294117647
8464,1,5.88235294117647
8468,1,5.88235294117647
8469,1,5.88235294117647
8471,1,5.88235294117647
8473,1,5.88235294117647
8478,1,5.88235294117647
8482,1,5.88235294117647
8484,1,5.88235294117647
8485,1,5.88235294117647
8488,1,5.88235294117647
8490,1,5.88235294117647
8491,1,5.88235294117647
8496,1,5.88235294117647
8499,1,5.88235294117647
8502,1,5.88235294117647
8507,1,5.88235294117647
8513,1,5.88235294117647
8516,1,5.88235294117647
8519,1,5.88235294117647
8520,1,5.88235294117647
8525,1,5.88235294117647
8526,1,5.88235294117647
8531,1,5.88235294117647
8538,1,5.88235294117647
8540,1,5.88235294117647
8542,1,5.88235294117647
8547,1,5.88235294117647
8549,1,5.88235294117647
8551,1,5.88235294117647
8553,1,5.88235294117647
8555,1,5.88235294117647
8561,1,5.88235294117647
8563,1,5.88235294117647
8564,1,5.88235294117647
8568,1,5.88235294117647
8575,1,5.88235294117647
8577,1,5.88235294117647
8580,1,5.88235294117647
8584,1,5.88235294117647
8590,1,5.88235294117647
8592,1,5.88235294117647
8593,1,5.88235294117647
8595,1,5.88235294117647
8613,1,5.88235294117647
8614,1,5.88235294117647
8622,1,5.88235294117647
8632,1,5.88235294117647
8640,1,5.88235294117647
8641,1,5.88235294117647
8645,1,5.88235294117647
8646,1,5.88235294117647
8650,1,5.88235294117647
8654,1,5.88235294117647
8657,1,5.88235294117647
8661,1,5.88235294117647
8678,1,5.88235294117647
8688,1,5.88235294117647
8697,1,5.88235294117647
8698,1,5.88235294117647
8699,1,5.88235294117647
8713,1,5.88235294117647
8720,1,5.88235294117647
8721,1,5.88235294117647
8735,1,5.88235294117647
8745,1,5.88235294117647
8748,1,5.88235294117647
8750,1,5.88235294117647
8752,1,5.88235294117647
8753,1,5.88235294117647
8755,1,5.88235294117647
8758,1,5.88235294117647
8768,1,5.88235294117647
8773,1,5.88235294117647
8774,1,5.88235294117647
8776,1,5.88235294117647
8779,1,5.88235294117647
8780,1,5.88235294117647
8783,1,5.88235294117647
8784,1,5.88235294117647
8785,1,5.88235294117647
8791,1,5.88235294117647
8794,1,5.88235294117647
8800,1,5.88235294117647
8804,1,5.88235294117647
8813,1,5.88235294117647
8814,1,5.88235294117647
8815,1,5.88235294117647
8818,1,5.88235294117647
8821,1,5.88235294117647
8829,1,5.88235294117647
8838,1,5.88235294117647
8848,1,5.88235294117647
8849,1,5.88235294117647
8850,1,5.88235294117647
8855,1,5.88235294117647
8857,1,5.88235294117647
8858,1,5.88235294117647
8863,1,5.88235294117647
8868,1,5.88235294117647
8873,1,5.88235294117647
8875,1,5.88235294117647
8890,1,5.88235294117647
8895,1,5.88235294117647
8896,1,5.88235294117647
8898,1,5.88235294117647
8899,1,5.88235294117647
8903,1,5.88235294117647
8905,1,5.88235294117647
8906,1,5.88235294117647
8907,1,5.88235294117647
8909,1,5.88235294117647
8912,1,5.88235294117647
8915,1,5.88235294117647
8917,1,5.88235294117647
8919,1,5.88235294117647
8922,1,5.88235294117647
8923,1,5.88235294117647
8930,1,5.88235294117647
8932,1,5.88235294117647
8933,1,5.88235294117647
8934,1,5.88235294117647
8937,1,5.88235294117647
8946,1,5.88235294117647
8949,1,5.88235294117647
8950,1,5.88235294117647
8951,1,5.88235294117647
8953,1,5.88235294117647
8957,1,5.88235294117647
8966,1,5.88235294117647
8969,1,5.88235294117647
8971,1,5.88235294117647
8975,1,5.88235294117647
8978,1,5.88235294117647
8982,1,5.88235294117647
8983,1,5.88235294117647
8985,1,5.88235294117647
8998,1,5.88235294117647
8999,1,5.88235294117647
9001,1,5.88235294117647
9003,1,5.88235294117647
9005,1,5.88235294117647
9013,1,5.88235294117647
9018,1,5.88235294117647
9022,1,5.88235294117647
9025,1,5.88235294117647
9026,1,5.88235294117647
9037,1,5.88235294117647
9039,1,5.88235294117647
9049,1,5.88235294117647
9055,1,5.88235294117647
9064,1,5.88235294117647
9071,1,5.88235294117647
9072,1,5.88235294117647
9075,1,5.88235294117647
9076,1,5.88235294117647
9078,1,5.88235294117647
9082,1,5.88235294117647
9093,1,5.88235294117647
9099,1,5.88235294117647
9101,1,5.88235294117647
9103,1,5.88235294117647
9105,1,5.88235294117647
9108,1,5.88235294117647
9113,1,5.88235294117647
9120,1,5.88235294117647
9124,1,5.88235294117647
9125,1,5.88235294117647
9132,1,5.88235294117647
9134,1,5.88235294117647
9137,1,5.88235294117647
9144,1,5.88235294117647
9148,1,5.88235294117647
9151,1,5.88235294117647
9161,1,5.88235294117647
9164,1,5.88235294117647
9166,1,5.88235294117647
9170,1,5.88235294117647
9176,1,5.88235294117647
9180,1,5.88235294117647
9182,1,5.88235294117647
9186,1,5.88235294117647
9192,1,5.88235294117647
9201,1,5.88235294117647
9207,1,5.88235294117647
9236,1,5.88235294117647
9240,1,5.88235294117647
9245,1,5.88235294117647
9257,1,5.88235294117647
9260,1,5.88235294117647
9263,1,5.88235294117647
9279,1,5.88235294117647
9282,1,5.88235294117647
9283,1,5.88235294117647
9284,1,5.88235294117647
9289,1,5.88235294117647
9290,1,5.88235294117647
9291,1,5.88235294117647
9292,1,5.88235294117647
9295,1,5.88235294117647
9297,1,5.88235294117647
9308,1,5.88235294117647
9321,1,5.88235294117647
9324,1,5.88235294117647
9325,1,5.88235294117647
9327,1,5.88235294117647
9329,1,5.88235294117647
9333,1,5.88235294117647
9334,1,5.88235294117647
9335,1,5.88235294117647
9341,1,5.88235294117647
9342,1,5.88235294117647
9343,1,5.88235294117647
9344,1,5.88235294117647
9348,1,5.88235294117647
9349,1,5.88235294117647
9353,1,5.88235294117647
9354,1,5.88235294117647
9356,1,5.88235294117647
9360,1,5.88235294117647
9363,1,5.88235294117647
9366,1,5.88235294117647
9369,1,5.88235294117647
9374,1,5.88235294117647
9384,1,5.88235294117647
9391,1,5.88235294117647
9399,1,5.88235294117647
9408,1,5.88235294117647
9414,1,5.88235294117647
9417,1,5.88235294117647
9418,1,5.88235294117647
9419,1,5.88235294117647
9420,1,5.88235294117647
9422,1,5.88235294117647
9427,1,5.88235294117647
9428,1,5.88235294117647
9430,1,5.88235294117647
9432,1,5.88235294117647
9433,1,5.88235294117647
9436,1,5.88235294117647
9442,1,5.88235294117647
9443,1,5.88235294117647
9445,1,5.88235294117647
9447,1,5.88235294117647
9448,1,5.88235294117647
9451,1,5.88235294117647
9457,1,5.88235294117647
9465,1,5.88235294117647
9471,1,5.88235294117647
9474,1,5.88235294117647
9475,1,5.88235294117647
9476,1,5.88235294117647
9484,1,5.88235294117647
9492,1,5.88235294117647
9493,1,5.88235294117647
9499,1,5.88235294117647
9501,1,5.88235294117647
9502,1,5.88235294117647
9503,1,5.88235294117647
9510,1,5.88235294117647
9511,1,5.88235294117647
9514,1,5.88235294117647
9521,1,5.88235294117647
9524,1,5.88235294117647
9526,1,5.88235294117647
9528,1,5.88235294117647
9530,1,5.88235294117647
9533,1,5.88235294117647
9535,1,5.88235294117647
9540,1,5.88235294117647
9542,1,5.88235294117647
9544,1,5.88235294117647
9545,1,5.88235294117647
9547,1,5.88235294117647
9548,1,5.88235294117647
9550,1,5.88235294117647
9555,1,5.88235294117647
9564,1,5.88235294117647
9566,1,5.88235294117647
9568,1,5.88235294117647
9578,1,5.88235294117647
9584,1,5.88235294117647
9585,1,5.88235294117647
9589,1,5.88235294117647
9592,1,5.88235294117647
9596,1,5.88235294117647
9597,1,5.88235294117647
9605,1,5.88235294117647
9611,1,5.88235294117647
9616,1,5.88235294117647
9623,1,5.88235294117647
9633,1,5.88235294117647
9637,1,5.88235294117647
9642,1,5.88235294117647
9649,1,5.88235294117647
9657,1,5.88235294117647
9660,1,5.88235294117647
9665,1,5.88235294117647
9671,1,5.88235294117647
9681,1,5.88235294117647
9684,1,5.88235294117647
9688,1,5.88235294117647
9691,1,5.88235294117647
9692,1,5.88235294117647
9693,1,5.88235294117647
9694,1,5.88235294117647
9695,1,5.88235294117647
9699,1,5.88235294117647
9701,1,5.88235294117647
9702,1,5.88235294117647
9705,1,5.88235294117647
9708,1,5.88235294117647
9709,1,5.88235294117647
9714,1,5.88235294117647
9721,1,5.88235294117647
9723,1,5.88235294117647
9724,1,5.88235294117647
9728,1,5.88235294117647
9729,1,5.88235294117647
9733,1,5.88235294117647
9736,1,5.88235294117647
9737,1,5.88235294117647
9741,1,5.88235294117647
9743,1,5.88235294117647
9746,1,5.88235294117647
9749,1,5.88235294117647
9750,1,5.88235294117647
9761,1,5.88235294117647
9763,1,5.88235294117647
9764,1,5.88235294117647
9766,1,5.88235294117647
9768,1,5.88235294117647
9772,1,5.88235294117647
9773,1,5.88235294117647
9786,1,5.88235294117647
9789,1,5.88235294117647
9791,1,5.88235294117647
9793,1,5.88235294117647
9794,1,5.88235294117647
9796,1,5.88235294117647
9799,1,5.88235294117647
9807,1,5.88235294117647
9810,1,5.88235294117647
9821,1,5.88235294117647
9824,1,5.88235294117647
9825,1,5.88235294117647
9828,1,5.88235294117647
9832,1,5.88235294117647
9842,1,5.88235294117647
9845,1,5.88235294117647
9847,1,5.88235294117647
9853,1,5.88235294117647
9862,1,5.88235294117647
9864,1,5.88235294117647
9873,1,5.88235294117647
9875,1,5.88235294117647
9878,1,5.88235294117647
9892,1,5.88235294117647
9896,1,5.88235294117647
9897,1,5.88235294117647
9904,1,5.88235294117647
9905,1,5.88235294117647
9906,1,5.88235294117647
9909,1,5.88235294117647
9910,1,5.88235294117647
9914,1,5.88235294117647
9916,1,5.88235294117647
9919,1,5.88235294117647
9920,1,5.88235294117647
9923,1,5.88235294117647
9924,1,5.88235294117647
9930,1,5.88235294117647
9931,1,5.88235294117647
9938,1,5.88235294117647
9941,1,5.88235294117647
9944,1,5.88235294117647
9945,1,5.88235294117647
9946,1,5.88235294117647
9951,1,5.88235294117647
9961,1,5.88235294117647
9964,1,5.88235294117647
9966,1,5.88235294117647
9973,1,5.88235294117647
9980,1,5.88235294117647
9981,1,5.88235294117647
9982,1,5.88235294117647
9984,1,5.88235294117647
9985,1,5.88235294117647
9986,1,5.88235294117647
9990,1,5.88235294117647
9997,1,5.88235294117647
2,0,0
3,0,0
4,0,0
5,0,0
6,0,0
7,0,0
8,0,0
9,0,0
10,0,0
12,0,0
14,0,0
15,0,0
16,0,0
18,0,0
20,0,0
21,0,0
22,0,0
23,0,0
24,0,0
26,0,0
27,0,0
28,0,0
29,0,0
30,0,0
32,0,0
33,0,0
34,0,0
36,0,0
38,0,0
41,0,0
42,0,0
44,0,0
45,0,0
46,0,0
48,0,0
49,0,0
50,0,0
51,0,0
52,0,0
54,0,0
56,0,0
58,0,0
59,0,0
61,0,0
62,0,0
64,0,0
65,0,0
67,0,0
70,0,0
71,0,0
72,0,0
73,0,0
75,0,0
76,0,0
77,0,0
78,0,0
79,0,0
80,0,0
82,0,0
83,0,0
84,0,0
85,0,0
86,0,0
89,0,0
90,0,0
92,0,0
93,0,0
94,0,0
96,0,0
101,0,0
103,0,0
105,0,0
109,0,0
110,0,0
113,0,0
114,0,0
116,0,0
118,0,0
120,0,0
122,0,0
124,0,0
125,0,0
126,0,0
127,0,0
129,0,0
130,0,0
131,0,0
133,0,0
134,0,0
135,0,0
136,0,0
137,0,0
138,0,0
141,0,0
142,0,0
143,0,0
144,0,0
146,0,0
148,0,0
149,0,0
153,0,0
154,0,0
156,0,0
157,0,0
158,0,0
159,0,0
164,0,0
165,0,0
166,0,0
167,0,0
170,0,0
171,0,0
172,0,0
173,0,0
174,0,0
175,0,0
176,0,0
179,0,0
180,0,0
181,0,0
182,0,0
184,0,0
186,0,0
187,0,0
189,0,0
190,0,0
191,0,0
192,0,0
193,0,0
194,0,0
195,0,0
198,0,0
199,0,0
200,0,0
202,0,0
203,0,0
204,0,0
205,0,0
208,0,0
209,0,0
210,0,0
212,0,0
213,0,0
215,0,0
217,0,0
218,0,0
219,0,0
220,0,0
221,0,0
222,0,0
224,0,0
226,0,0
227,0,0
229,0,0
232,0,0
234,0,0
236,0,0
237,0,0
238,0,0
241,0,0
242,0,0
243,0,0
245,0,0
246,0,0
247,0,0
248,0,0
249,0,0
253,0,0
255,0,0
256,0,0
257,0,0
259,0,0
260,0,0
261,0,0
262,0,0
263,0,0
264,0,0
265,0,0
266,0,0
268,0,0
270,0,0
271,0,0
272,0,0
273,0,0
274,0,0
275,0,0
277,0,0
278,0,0
279,0,0
285,0,0
286,0,0
288,0,0
290,0,0
291,0,0
292,0,0
293,0,0
294,0,0
295,0,0
296,0,0
297,0,0
298,0,0
299,0,0
300,0,0
301,0,0
302,0,0
303,0,0
304,0,0
305,0,0
306,0,0
307,0,0
308,0,0
309,0,0
311,0,0
312,0,0
316,0,0
317,0,0
318,0,0
320,0,0
321,0,0
323,0,0
325,0,0
326,0,0
327,0,0
328,0,0
330,0,0
331,0,0
333,0,0
334,0,0
335,0,0
336,0,0
337,0,0
338,0,0
339,0,0
342,0,0
343,0,0
344,0,0
347,0,0
349,0,0
350,0,0
351,0,0
352,0,0
353,0,0
354,0,0
355,0,0
356,0,0
357,0,0
358,0,0
360,0,0
361,0,0
362,0,0
364,0,0
365,0,0
366,0,0
367,0,0
369,0,0
372,0,0
373,0,0
374,0,0
375,0,0
376,0,0
378,0,0
379,0,0
380,0,0
381,0,0
382,0,0
383,0,0
384,0,0
385,0,0
387,0,0
388,0,0
389,0,0
392,0,0
394,0,0
395,0,0
396,0,0
398,0,0
400,0,0
401,0,0
404,0,0
405,0,0
406,0,0
407,0,0
409,0,0
410,0,0
411,0,0
412,0,0
413,0,0
415,0,0
416,0,0
417,0,0
418,0,0
419,0,0
420,0,0
421,0,0
422,0,0
423,0,0
424,0,0
430,0,0
431,0,0
432,0,0
433,0,0
436,0,0
440,0,0
441,0,0
442,0,0
445,0,0
447,0,0
448,0,0
449,0,0
451,0,0
453,0,0
455,0,0
456,0,0
457,0,0
458,0,0
460,0,0
462,0,0
466,0,0
467,0,0
468,0,0
469,0,0
470,0,0
472,0,0
474,0,0
475,0,0
477,0,0
478,0,0
480,0,0
482,0,0
485,0,0
487,0,0
488,0,0
492,0,0
493,0,0
495,0,0
496,0,0
497,0,0
498,0,0
499,0,0
500,0,0
501,0,0
502,0,0
504,0,0
505,0,0
506,0,0
507,0,0
508,0,0
511,0,0
512,0,0
513,0,0
514,0,0
515,0,0
516,0,0
518,0,0
519,0,0
525,0,0
526,0,0
527,0,0
529,0,0
530,0,0
531,0,0
532,0,0
533,0,0
535,0,0
539,0,0
540,0,0
541,0,0
542,0,0
544,0,0
545,0,0
546,0,0
547,0,0
549,0,0
550,0,0
551,0,0
552,0,0
553,0,0
554,0,0
556,0,0
557,0,0
558,0,0
559,0,0
560,0,0
561,0,0
562,0,0
564,0,0
565,0,0
566,0,0
567,0,0
569,0,0
570,0,0
574,0,0
575,0,0
577,0,0
579,0,0
581,0,0
582,0,0
583,0,0
584,0,0
585,0,0
586,0,0
587,0,0
588,0,0
590,0,0
592,0,0
594,0,0
595,0,0
596,0,0
597,0,0
598,0,0
599,0,0
600,0,0
601,0,0
602,0,0
603,0,0
608,0,0
611,0,0
614,0,0
615,0,0
616,0,0
617,0,0
618,0,0
620,0,0
622,0,0
625,0,0
626,0,0
627,0,0
628,0,0
629,0,0
631,0,0
632,0,0
633,0,0
634,0,0
636,0,0
637,0,0
638,0,0
641,0,0
643,0,0
644,0,0
645,0,0
646,0,0
647,0,0
649,0,0
650,0,0
651,0,0
652,0,0
653,0,0
654,0,0
655,0,0
656,0,0
657,0,0
659,0,0
662,0,0
663,0,0
664,0,0
665,0,0
666,0,0
667,0,0
669,0,0
671,0,0
672,0,0
674,0,0
675,0,0
676,0,0
677,0,0
678,0,0
679,0,0
680,0,0
681,0,0
682,0,0
684,0,0
685,0,0
687,0,0
688,0,0
690,0,0
691,0,0
693,0,0
694,0,0
695,0,0
696,0,0
697,0,0
698,0,0
699,0,0
700,0,0
701,0,0
702,0,0
703,0,0
704,0,0
705,0,0
709,0,0
710,0,0
711,0,0
712,0,0
714,0,0
715,0,0
716,0,0
719,0,0
720,0,0
721,0,0
722,0,0
723,0,0
725,0,0
728,0,0
730,0,0
735,0,0
736,0,0
737,0,0
738,0,0
739,0,0
740,0,0
741,0,0
742,0,0
744,0,0
746,0,0
747,0,0
749,0,0
750,0,0
752,0,0
753,0,0
754,0,0
756,0,0
757,0,0
758,0,0
759,0,0
760,0,0
761,0,0
763,0,0
765,0,0
767,0,0
768,0,0
769,0,0
770,0,0
771,0,0
772,0,0
773,0,0
775,0,0
776,0,0
777,0,0
778,0,0
780,0,0
781,0,0
782,0,0
783,0,0
785,0,0
786,0,0
787,0,0
789,0,0
790,0,0
791,0,0
792,0,0
793,0,0
795,0,0
796,0,0
797,0,0
798,0,0
799,0,0
800,0,0
801,0,0
803,0,0
805,0,0
806,0,0
807,0,0
809,0,0
810,0,0
811,0,0
812,0,0
813,0,0
814,0,0
815,0,0
816,0,0
817,0,0
818,0,0
819,0,0
820,0,0
822,0,0
823,0,0
824,0,0
826,0,0
827,0,0
829,0,0
831,0,0
833,0,0
834,0,0
835,0,0
837,0,0
838,0,0
839,0,0
841,0,0
844,0,0
845,0,0
846,0,0
847,0,0
848,0,0
849,0,0
850,0,0
853,0,0
855,0,0
856,0,0
857,0,0
858,0,0
862,0,0
863,0,0
864,0,0
866,0,0
867,0,0
868,0,0
869,0,0
870,0,0
872,0,0
874,0,0
876,0,0
877,0,0
882,0,0
883,0,0
884,0,0
885,0,0
888,0,0
889,0,0
890,0,0
891,0,0
895,0,0
896,0,0
897,0,0
900,0,0
901,0,0
902,0,0
904,0,0
906,0,0
907,0,0
910,0,0
912,0,0
914,0,0
915,0,0
916,0,0
917,0,0
918,0,0
919,0,0
921,0,0
923,0,0
925,0,0
927,0,0
928,0,0
929,0,0
930,0,0
931,0,0
932,0,0
933,0,0
936,0,0
938,0,0
939,0,0
940,0,0
941,0,0
942,0,0
943,0,0
944,0,0
945,0,0
948,0,0
949,0,0
951,0,0
952,0,0
953,0,0
954,0,0
955,0,0
956,0,0
957,0,0
958,0,0
959,0,0
960,0,0
961,0,0
962,0,0
963,0,0
965,0,0
967,0,0
968,0,0
969,0,0
972,0,0
974,0,0
975,0,0
976,0,0
977,0,0
978,0,0
980,0,0
981,0,0
983,0,0
984,0,0
985,0,0
986,0,0
987,0,0
988,0,0
989,0,0
991,0,0
992,0,0
993,0,0
994,0,0
995,0,0
996,0,0
998,0,0
1000,0,0
1003,0,0
1004,0,0
1005,0,0
1006,0,0
1007,0,0
1008,0,0
1010,0,0
1012,0,0
1014,0,0
1016,0,0
1017,0,0
1018,0,0
1019,0,0
1022,0,0
1023,0,0
1024,0,0
1025,0,0
1027,0,0
1028,0,0
1030,0,0
1032,0,0
1033,0,0
1034,0,0
1036,0,0
1039,0,0
1042,0,0
1043,0,0
1044,0,0
1046,0,0
1048,0,0
1049,0,0
1050,0,0
1051,0,0
1052,0,0
1053,0,0
1054,0,0
1056,0,0
1058,0,0
1062,0,0
1063,0,0
1065,0,0
1066,0,0
1067,0,0
1068,0,0
1071,0,0
1072,0,0
1073,0,0
1074,0,0
1075,0,0
1077,0,0
1078,0,0
1079,0,0
1080,0,0
1081,0,0
1082,0,0
1083,0,0
1084,0,0
1085,0,0
1087,0,0
1089,0,0
1091,0,0
1092,0,0
1094,0,0
1095,0,0
1096,0,0
1097,0,0
1098,0,0
1099,0,0
1100,0,0
1101,0,0
1102,0,0
1103,0,0
1104,0,0
1106,0,0
1108,0,0
1109,0,0
1110,0,0
1111,0,0
1112,0,0
1113,0,0
1114,0,0
1116,0,0
1117,0,0
1118,0,0
1119,0,0
1120,0,0
1121,0,0
1122,0,0
1123,0,0
1124,0,0
1126,0,0
1127,0,0
1130,0,0
1131,0,0
1132,0,0
1133,0,0
1134,0,0
1135,0,0
1137,0,0
1138,0,0
1139,0,0
1140,0,0
1141,0,0
1142,0,0
1143,0,0
1144,0,0
1145,0,0
1148,0,0
1149,0,0
1150,0,0
1151,0,0
1154,0,0
1155,0,0
1157,0,0
1159,0,0
1160,0,0
1161,0,0
1162,0,0
1163,0,0
1164,0,0
1168,0,0
1169,0,0
1171,0,0
1172,0,0
1173,0,0
1174,0,0
1176,0,0
1177,0,0
1178,0,0
1179,0,0
1180,0,0
1182,0,0
1184,0,0
1186,0,0
1187,0,0
1188,0,0
1189,0,0
1190,0,0
1191,0,0
1193,0,0
1194,0,0
1195,0,0
1196,0,0
1197,0,0
1198,0,0
1199,0,0
1200,0,0
1201,0,0
1203,0,0
1206,0,0
1207,0,0
1208,0,0
1210,0,0
1211,0,0
1212,0,0
1213,0,0
1214,0,0
1215,0,0
1216,0,0
1218,0,0
1220,0,0
1221,0,0
1223,0,0
1225,0,0
1228,0,0
1229,0,0
1230,0,0
1231,0,0
1232,0,0
1234,0,0
1235,0,0
1237,0,0
1239,0,0
1241,0,0
1242,0,0
1244,0,0
1246,0,0
1247,0,0
1249,0,0
1250,0,0
1251,0,0
1253,0,0
1254,0,0
1255,0,0
1258,0,0
1260,0,0
1261,0,0
1262,0,0
1263,0,0
1264,0,0
1265,0,0
1266,0,0
1267,0,0
1269,0,0
1270,0,0
1271,0,0
1272,0,0
1273,0,0
1274,0,0
1277,0,0
1278,0,0
1280,0,0
1281,0,0
1284,0,0
1286,0,0
1287,0,0
1288,0,0
1289,0,0
1291,0,0
1292,0,0
1293,0,0
1294,0,0
1296,0,0
1298,0,0
1300,0,0
1301,0,0
1302,0,0
1303,0,0
1304,0,0
1305,0,0
1306,0,0
1307,0,0
1308,0,0
1309,0,0
1311,0,0
1312,0,0
1314,0,0
1315,0,0
1316,0,0
1317,0,0
1318,0,0
1319,0,0
1322,0,0
1324,0,0
1325,0,0
1327,0,0
1329,0,0
1330,0,0
1331,0,0
1334,0,0
1335,0,0
1336,0,0
1338,0,0
1339,0,0
1341,0,0
1342,0,0
1343,0,0
1344,0,0
1346,0,0
1348,0,0
1349,0,0
1350,0,0
1352,0,0
1354,0,0
1356,0,0
1358,0,0
1359,0,0
1361,0,0
1362,0,0
1363,0,0
1364,0,0
1366,0,0
1367,0,0
1368,0,0
1369,0,0
1372,0,0
1373,0,0
1374,0,0
1375,0,0
1377,0,0
1381,0,0
1382,0,0
1383,0,0
1386,0,0
1388,0,0
1389,0,0
1390,0,0
1392,0,0
1394,0,0
1395,0,0
1397,0,0
1399,0,0
1400,0,0
1401,0,0
1403,0,0
1404,0,0
1408,0,0
1409,0,0
1411,0,0
1412,0,0
1413,0,0
1415,0,0
1416,0,0
1417,0,0
1420,0,0
1422,0,0
1423,0,0
1424,0,0
1425,0,0
1427,0,0
1428,0,0
1429,0,0
1430,0,0
1431,0,0
1432,0,0
1433,0,0
1435,0,0
1441,0,0
1442,0,0
1443,0,0
1444,0,0
1445,0,0
1446,0,0
1447,0,0
1448,0,0
1449,0,0
1450,0,0
1451,0,0
1453,0,0
1454,0,0
1456,0,0
1457,0,0
1458,0,0
1459,0,0
1460,0,0
1463,0,0
1466,0,0
1467,0,0
1469,0,0
1470,0,0
1472,0,0
1473,0,0
1474,0,0
1476,0,0
1477,0,0
1478,0,0
1479,0,0
1480,0,0
1484,0,0
1485,0,0
1486,0,0
1487,0,0
1488,0,0
1490,0,0
1491,0,0
1492,0,0
1493,0,0
1495,0,0
1496,0,0
1497,0,0
1498,0,0
1499,0,0
1500,0,0
1503,0,0
1505,0,0
1506,0,0
1507,0,0
1508,0,0
1509,0,0
1510,0,0
1511,0,0
1513,0,0
1517,0,0
1518,0,0
1520,0,0
1521,0,0
1522,0,0
1524,0,0
1526,0,0
1528,0,0
1529,0,0
1530,0,0
1531,0,0
1532,0,0
1533,0,0
1537,0,0
1538,0,0
1540,0,0
1542,0,0
1543,0,0
1544,0,0
1545,0,0
1546,0,0
1547,0,0
1549,0,0
1550,0,0
1551,0,0
1552,0,0
1554,0,0
1555,0,0
1556,0,0
1557,0,0
1558,0,0
1559,0,0
1560,0,0
1561,0,0
1563,0,0
1565,0,0
1566,0,0
1567,0,0
1570,0,0
1571,0,0
1572,0,0
1573,0,0
1578,0,0
1580,0,0
1581,0,0
1582,0,0
1583,0,0
1584,0,0
1585,0,0
1587,0,0
1588,0,0
1589,0,0
1592,0,0
1593,0,0
1594,0,0
1595,0,0
1596,0,0
1597,0,0
1598,0,0
1599,0,0
1600,0,0
1601,0,0
1602,0,0
1604,0,0
1605,0,0
1606,0,0
1607,0,0
1608,0,0
1609,0,0
1610,0,0
1614,0,0
1615,0,0
1617,0,0
1618,0,0
1619,0,0
1620,0,0
1621,0,0
1623,0,0
1624,0,0
1625,0,0
1626,0,0
1627,0,0
1628,0,0
1629,0,0
1630,0,0
1632,0,0
1633,0,0
1634,0,0
1636,0,0
1637,0,0
1638,0,0
1639,0,0
1643,0,0
1646,0,0
1648,0,0
1649,0,0
1650,0,0
1651,0,0
1652,0,0
1653,0,0
1654,0,0
1655,0,0
1656,0,0
1658,0,0
1659,0,0
1660,0,0
1661,0,0
1662,0,0
1665,0,0
1666,0,0
1667,0,0
1668,0,0
1669,0,0
1670,0,0
1671,0,0
1672,0,0
1673,0,0
1675,0,0
1676,0,0
1677,0,0
1678,0,0
1679,0,0
1680,0,0
1681,0,0
1682,0,0
1683,0,0
1686,0,0
1687,0,0
1688,0,0
1689,0,0
1690,0,0
1691,0,0
1692,0,0
1694,0,0
1695,0,0
1696,0,0
1698,0,0
1699,0,0
1700,0,0
1701,0,0
1703,0,0
1704,0,0
1705,0,0
1706,0,0
1708,0,0
1709,0,0
1712,0,0
1714,0,0
1715,0,0
1716,0,0
1718,0,0
1721,0,0
1722,0,0
1723,0,0
1725,0,0
1726,0,0
1727,0,0
1728,0,0
1729,0,0
1733,0,0
1736,0,0
1738,0,0
1741,0,0
1742,0,0
1744,0,0
1745,0,0
1747,0,0
1748,0,0
1752,0,0
1753,0,0
1754,0,0
1757,0,0
1758,0,0
1759,0,0
1761,0,0
1762,0,0
1763,0,0
1764,0,0
1765,0,0
1766,0,0
1767,0,0
1769,0,0
1771,0,0
1772,0,0
1774,0,0
1777,0,0
1778,0,0
1782,0,0
1783,0,0
1784,0,0
1785,0,0
1786,0,0
1787,0,0
1789,0,0
1791,0,0
1792,0,0
1794,0,0
1795,0,0
1796,0,0
1797,0,0
1798,0,0
1799,0,0
1801,0,0
1802,0,0
1803,0,0
1804,0,0
1805,0,0
1806,0,0
1809,0,0
1810,0,0
1811,0,0
1812,0,0
1813,0,0
1814,0,0
1815,0,0
1816,0,0
1817,0,0
1818,0,0
1819,0,0
1820,0,0
1821,0,0
1822,0,0
1824,0,0
1825,0,0
1827,0,0
1829,0,0
1830,0,0
1831,0,0
1832,0,0
1833,0,0
1834,0,0
1835,0,0
1836,0,0
1837,0,0
1838,0,0
1839,0,0
1840,0,0
1842,0,0
1843,0,0
1846,0,0
1847,0,0
1848,0,0
1851,0,0
1852,0,0
1853,0,0
1854,0,0
1855,0,0
1858,0,0
1859,0,0
1860,0,0
1862,0,0
1864,0,0
1865,0,0
1866,0,0
1867,0,0
1868,0,0
1869,0,0
1870,0,0
1871,0,0
1872,0,0
1874,0,0
1876,0,0
1877,0,0
1878,0,0
1879,0,0
1882,0,0
1885,0,0
1887,0,0
1888,0,0
1890,0,0
1891,0,0
1892,0,0
1894,0,0
1895,0,0
1896,0,0
1898,0,0
1899,0,0
1900,0,0
1901,0,0
1902,0,0
1903,0,0
1904,0,0
1905,0,0
1906,0,0
1907,0,0
1909,0,0
1910,0,0
1911,0,0
1913,0,0
1915,0,0
1916,0,0
1917,0,0
1918,0,0
1919,0,0
1920,0,0
1922,0,0
1924,0,0
1926,0,0
1928,0,0
1929,0,0
1932,0,0
1933,0,0
1934,0,0
1935,0,0
1936,0,0
1937,0,0
1939,0,0
1940,0,0
1941,0,0
1942,0,0
1945,0,0
1946,0,0
1947,0,0
1948,0,0
1949,0,0
1950,0,0
1951,0,0
1952,0,0
1953,0,0
1954,0,0
1958,0,0
1959,0,0
1960,0,0
1961,0,0
1962,0,0
1963,0,0
1964,0,0
1967,0,0
1968,0,0
1969,0,0
1970,0,0
1971,0,0
1972,0,0
1973,0,0
1974,0,0
1975,0,0
1976,0,0
1977,0,0
1978,0,0
1981,0,0
1982,0,0
1983,0,0
1985,0,0
1986,0,0
1987,0,0
1988,0,0
1990,0,0
1991,0,0
1992,0,0
1993,0,0
1994,0,0
1996,0,0
1997,0,0
1998,0,0
1999,0,0
2000,0,0
2003,0,0
2004,0,0
2006,0,0
2007,0,0
2008,0,0
2009,0,0
2011,0,0
2012,0,0
2014,0,0
2017,0,0
2018,0,0
2021,0,0
2024,0,0
2025,0,0
2027,0,0
2028,0,0
2030,0,0
2031,0,0
2032,0,0
2033,0,0
2034,0,0
2035,0,0
2036,0,0
2037,0,0
2039,0,0
2040,0,0
2042,0,0
2043,0,0
2044,0,0
2045,0,0
2046,0,0
2047,0,0
2048,0,0
2049,0,0
2050,0,0
2051,0,0
2052,0,0
2053,0,0
2054,0,0
2055,0,0
2056,0,0
2059,0,0
2061,0,0
2062,0,0
2064,0,0
2065,0,0
2066,0,0
2069,0,0
2070,0,0
2071,0,0
2072,0,0
2074,0,0
2075,0,0
2076,0,0
2077,0,0
2078,0,0
2081,0,0
2082,0,0
2083,0,0
2084,0,0
2086,0,0
2087,0,0
2089,0,0
2090,0,0
2091,0,0
2093,0,0
2094,0,0
2095,0,0
2096,0,0
2097,0,0
2098,0,0
2099,0,0
2100,0,0
2101,0,0
2102,0,0
2103,0,0
2106,0,0
2107,0,0
2108,0,0
2111,0,0
2113,0,0
2114,0,0
2115,0,0
2116,0,0
2117,0,0
2118,0,0
2119,0,0
2121,0,0
2122,0,0
2123,0,0
2125,0,0
2126,0,0
2128,0,0
2130,0,0
2132,0,0
2133,0,0
2134,0,0
2135,0,0
2136,0,0
2137,0,0
2140,0,0
2141,0,0
2143,0,0
2144,0,0
2147,0,0
2149,0,0
2150,0,0
2151,0,0
2152,0,0
2154,0,0
2157,0,0
2158,0,0
2159,0,0
2160,0,0
2162,0,0
2165,0,0
2166,0,0
2167,0,0
2168,0,0
2169,0,0
2174,0,0
2175,0,0
2176,0,0
2178,0,0
2179,0,0
2180,0,0
2181,0,0
2182,0,0
2183,0,0
2184,0,0
2185,0,0
2186,0,0
2187,0,0
2189,0,0
2192,0,0
2193,0,0
2195,0,0
2196,0,0
2199,0,0
2200,0,0
2201,0,0
2203,0,0
2204,0,0
2207,0,0
2208,0,0
2209,0,0
2210,0,0
2212,0,0
2213,0,0
2214,0,0
2215,0,0
2216,0,0
2217,0,0
2218,0,0
2219,0,0
2220,0,0
2221,0,0
2222,0,0
2224,0,0
2225,0,0
2226,0,0
2227,0,0
2228,0,0
2229,0,0
2230,0,0
2231,0,0
2232,0,0
2233,0,0
2234,0,0
2235,0,0
2238,0,0
2242,0,0
2244,0,0
2245,0,0
2247,0,0
2248,0,0
2249,0,0
2250,0,0
2254,0,0
2256,0,0
2257,0,0
2258,0,0
2260,0,0
2261,0,0
2263,0,0
2264,0,0
2265,0,0
2267,0,0
2269,0,0
2270,0,0
2271,0,0
2272,0,0
2273,0,0
2274,0,0
2275,0,0
2276,0,0
2278,0,0
2279,0,0
2280,0,0
2281,0,0
2282,0,0
2283,0,0
2286,0,0
2289,0,0
2290,0,0
2292,0,0
2293,0,0
2294,0,0
2295,0,0
2296,0,0
2298,0,0
2299,0,0
2301,0,0
2304,0,0
2305,0,0
2307,0,0
2308,0,0
2309,0,0
2310,0,0
2311,0,0
2312,0,0
2313,0,0
2314,0,0
2316,0,0
2317,0,0
2318,0,0
2319,0,0
2321,0,0
2322,0,0
2324,0,0
2327,0,0
2328,0,0
2330,0,0
2331,0,0
2332,0,0
2333,0,0
2334,0,0
2335,0,0
2337,0,0
2339,0,0
2340,0,0
2341,0,0
2343,0,0
2344,0,0
2346,0,0
2348,0,0
2349,0,0
2352,0,0
2354,0,0
2355,0,0
2356,0,0
2357,0,0
2358,0,0
2359,0,0
2361,0,0
2363,0,0
2364,0,0
2366,0,0
2367,0,0
2368,0,0
2369,0,0
2370,0,0
2371,0,0
2373,0,0
2374,0,0
2375,0,0
2377,0,0
2381,0,0
2383,0,0
2384,0,0
2387,0,0
2388,0,0
2389,0,0
2390,0,0
2391,0,0
2392,0,0
2393,0,0
2395,0,0
2396,0,0
2397,0,0
2398,0,0
2400,0,0
2401,0,0
2402,0,0
2404,0,0
2405,0,0
2406,0,0
2407,0,0
2408,0,0
2409,0,0
2410,0,0
2411,0,0
2412,0,0
2413,0,0
2414,0,0
2415,0,0
2416,0,0
2417,0,0
2419,0,0
2420,0,0
2421,0,0
2422,0,0
2423,0,0
2424,0,0
2426,0,0
2428,0,0
2433,0,0
2434,0,0
2435,0,0
2436,0,0
2437,0,0
2438,0,0
2440,0,0
2444,0,0
2445,0,0
2446,0,0
2447,0,0
2448,0,0
2449,0,0
2450,0,0
2451,0,0
2452,0,0
2454,0,0
2455,0,0
2457,0,0
2458,0,0
2459,0,0
2461,0,0
2465,0,0
2466,0,0
2467,0,0
2468,0,0
2469,0,0
2470,0,0
2473,0,0
2474,0,0
2475,0,0
2476,0,0
2478,0,0
2479,0,0
2483,0,0
2484,0,0
2486,0,0
2487,0,0
2488,0,0
2489,0,0
2490,0,0
2494,0,0
2495,0,0
2497,0,0
2499,0,0
2500,0,0
2502,0,0
2503,0,0
2505,0,0
2506,0,0
2508,0,0
2509,0,0
2511,0,0
2513,0,0
2515,0,0
2516,0,0
2517,0,0
2519,0,0
2522,0,0
2523,0,0
2525,0,0
2526,0,0
2527,0,0
2528,0,0
2531,0,0
2532,0,0
2533,0,0
2534,0,0
2535,0,0
2536,0,0
2537,0,0
2539,0,0
2540,0,0
2541,0,0
2542,0,0
2543,0,0
2544,0,0
2545,0,0
2546,0,0
2547,0,0
2548,0,0
2551,0,0
2552,0,0
2553,0,0
2554,0,0
2556,0,0
2557,0,0
2558,0,0
2563,0,0
2565,0,0
2566,0,0
2567,0,0
2569,0,0
2570,0,0
2571,0,0
2572,0,0
2573,0,0
2574,0,0
2577,0,0
2578,0,0
2580,0,0
2581,0,0
2582,0,0
2583,0,0
2584,0,0
2585,0,0
2586,0,0
2587,0,0
2588,0,0
2589,0,0
2590,0,0
2591,0,0
2593,0,0
2594,0,0
2595,0,0
2597,0,0
2599,0,0
2602,0,0
2603,0,0
2604,0,0
2605,0,0
2606,0,0
2607,0,0
2608,0,0
2610,0,0
2611,0,0
2612,0,0
2613,0,0
2616,0,0
2618,0,0
2620,0,0
2621,0,0
2622,0,0
2623,0,0
2624,0,0
2625,0,0
2628,0,0
2629,0,0
2631,0,0
2633,0,0
2636,0,0
2637,0,0
2638,0,0
2639,0,0
2640,0,0
2641,0,0
2643,0,0
2646,0,0
2647,0,0
2648,0,0
2649,0,0
2651,0,0
2652,0,0
2653,0,0
2654,0,0
2656,0,0
2657,0,0
2658,0,0
2661,0,0
2662,0,0
2664,0,0
2665,0,0
2666,0,0
2668,0,0
2669,0,0
2672,0,0
2673,0,0
2674,0,0
2675,0,0
2677,0,0
2678,0,0
2679,0,0
2681,0,0
2682,0,0
2685,0,0
2686,0,0
2688,0,0
2689,0,0
2690,0,0
2693,0,0
2694,0,0
2695,0,0
2696,0,0
2697,0,0
2698,0,0
2700,0,0
2702,0,0
2703,0,0
2705,0,0
2706,0,0
2707,0,0
2709,0,0
2710,0,0
2711,0,0
2712,0,0
2713,0,0
2715,0,0
2716,0,0
2717,0,0
2718,0,0
2719,0,0
2720,0,0
2721,0,0
2722,0,0
2723,0,0
2724,0,0
2726,0,0
2727,0,0
2730,0,0
2731,0,0
2733,0,0
2734,0,0
2735,0,0
2738,0,0
2739,0,0
2740,0,0
2741,0,0
2742,0,0
2743,0,0
2744,0,0
2745,0,0
2746,0,0
2747,0,0
2748,0,0
2749,0,0
2750,0,0
2751,0,0
2752,0,0
2753,0,0
2754,0,0
2755,0,0
2756,0,0
2757,0,0
2758,0,0
2759,0,0
2760,0,0
2761,0,0
2763,0,0
2764,0,0
2766,0,0
2767,0,0
2769,0,0
2770,0,0
2771,0,0
2772,0,0
2775,0,0
2777,0,0
2778,0,0
2779,0,0
2781,0,0
2782,0,0
2783,0,0
2784,0,0
2786,0,0
2787,0,0
2789,0,0
2790,0,0
2792,0,0
2794,0,0
2795,0,0
2796,0,0
2797,0,0
2798,0,0
2799,0,0
2801,0,0
2802,0,0
2803,0,0
2805,0,0
2806,0,0
2807,0,0
2808,0,0
2809,0,0
2811,0,0
2812,0,0
2813,0,0
2814,0,0
2815,0,0
2816,0,0
2817,0,0
2818,0,0
2819,0,0
2820,0,0
2822,0,0
2825,0,0
2826,0,0
2827,0,0
2828,0,0
2829,0,0
2830,0,0
2831,0,0
2832,0,0
2833,0,0
2834,0,0
2835,0,0
2836,0,0
2840,0,0
2841,0,0
2842,0,0
2843,0,0
2844,0,0
2845,0,0
2846,0,0
2847,0,0
2848,0,0
2851,0,0
2852,0,0
2854,0,0
2855,0,0
2856,0,0
2857,0,0
2859,0,0
2860,0,0
2861,0,0
2862,0,0
2863,0,0
2864,0,0
2866,0,0
2867,0,0
2868,0,0
2869,0,0
2870,0,0
2872,0,0
2873,0,0
2874,0,0
2875,0,0
2877,0,0
2878,0,0
2882,0,0
2883,0,0
2884,0,0
2887,0,0
2888,0,0
2889,0,0
2890,0,0
2891,0,0
2892,0,0
2894,0,0
2895,0,0
2896,0,0
2898,0,0
2900,0,0
2901,0,0
2902,0,0
2903,0,0
2904,0,0
2907,0,0
2910,0,0
2911,0,0
2913,0,0
2914,0,0
2915,0,0
2918,0,0
2919,0,0
2921,0,0
2922,0,0
2924,0,0
2926,0,0
2927,0,0
2929,0,0
2930,0,0
2932,0,0
2933,0,0
2936,0,0
2939,0,0
2940,0,0
2942,0,0
2943,0,0
2944,0,0
2947,0,0
2948,0,0
2949,0,0
2951,0,0
2952,0,0
2953,0,0
2954,0,0
2956,0,0
2957,0,0
2958,0,0
2960,0,0
2961,0,0
2962,0,0
2964,0,0
2965,0,0
2966,0,0
2967,0,0
2968,0,0
2969,0,0
2970,0,0
2971,0,0
2972,0,0
2975,0,0
2978,0,0
2979,0,0
2981,0,0
2982,0,0
2985,0,0
2987,0,0
2989,0,0
2990,0,0
2996,0,0
2998,0,0
2999,0,0
3000,0,0
3002,0,0
3003,0,0
3004,0,0
3005,0,0
3006,0,0
3007,0,0
3010,0,0
3011,0,0
3012,0,0
3013,0,0
3014,0,0
3015,0,0
3016,0,0
3017,0,0
3018,0,0
3021,0,0
3022,0,0
3024,0,0
3025,0,0
3026,0,0
3027,0,0
3028,0,0
3029,0,0
3030,0,0
3031,0,0
3032,0,0
3033,0,0
3034,0,0
3035,0,0
3036,0,0
3037,0,0
3038,0,0
3039,0,0
3041,0,0
3042,0,0
3043,0,0
3044,0,0
3045,0,0
3046,0,0
3048,0,0
3049,0,0
3051,0,0
3052,0,0
3053,0,0
3055,0,0
3056,0,0
3057,0,0
3058,0,0
3060,0,0
3061,0,0
3062,0,0
3064,0,0
3067,0,0
3068,0,0
3069,0,0
3070,0,0
3071,0,0
3072,0,0
3073,0,0
3074,0,0
3075,0,0
3076,0,0
3077,0,0
3078,0,0
3080,0,0
3081,0,0
3082,0,0
3083,0,0
3084,0,0
3085,0,0
3086,0,0
3087,0,0
3088,0,0
3089,0,0
3090,0,0
3091,0,0
3094,0,0
3096,0,0
3097,0,0
3098,0,0
3101,0,0
3104,0,0
3105,0,0
3106,0,0
3112,0,0
3113,0,0
3114,0,0
3115,0,0
3117,0,0
3118,0,0
3119,0,0
3120,0,0
3121,0,0
3123,0,0
3124,0,0
3125,0,0
3126,0,0
3127,0,0
3128,0,0
3129,0,0
3130,0,0
3131,0,0
3132,0,0
3134,0,0
3135,0,0
3137,0,0
3138,0,0
3139,0,0
3140,0,0
3141,0,0
3142,0,0
3143,0,0
3144,0,0
3145,0,0
3147,0,0
3149,0,0
3151,0,0
3153,0,0
3155,0,0
3156,0,0
3158,0,0
3160,0,0
3161,0,0
3163,0,0
3166,0,0
3169,0,0
3171,0,0
3172,0,0
3173,0,0
3176,0,0
3179,0,0
3181,0,0
3182,0,0
3186,0,0
3187,0,0
3188,0,0
3189,0,0
3191,0,0
3192,0,0
3193,0,0
3194,0,0
3195,0,0
3196,0,0
3197,0,0
3199,0,0
3200,0,0
3201,0,0
3202,0,0
3203,0,0
3204,0,0
3206,0,0
3207,0,0
3208,0,0
3211,0,0
3212,0,0
3213,0,0
3214,0,0
3215,0,0
3216,0,0
3217,0,0
3219,0,0
3220,0,0
3221,0,0
3222,0,0
3223,0,0
3226,0,0
3227,0,0
3228,0,0
3229,0,0
3231,0,0
3232,0,0
3233,0,0
3235,0,0
3237,0,0
3238,0,0
3239,0,0
3240,0,0
3241,0,0
3242,0,0
3243,0,0
3246,0,0
3247,0,0
3248,0,0
3249,0,0
3250,0,0
3252,0,0
3254,0,0
3255,0,0
3257,0,0
3258,0,0
3259,0,0
3260,0,0
3262,0,0
3263,0,0
3264,0,0
3266,0,0
3267,0,0
3268,0,0
3269,0,0
3273,0,0
3275,0,0
3276,0,0
3277,0,0
3278,0,0
3279,0,0
3280,0,0
3284,0,0
3287,0,0
3288,0,0
3292,0,0
3293,0,0
3294,0,0
3296,0,0
3298,0,0
3300,0,0
3301,0,0
3306,0,0
3307,0,0
3308,0,0
3309,0,0
3310,0,0
3311,0,0
3312,0,0
3313,0,0
3314,0,0
3315,0,0
3316,0,0
3318,0,0
3321,0,0
3322,0,0
3324,0,0
3325,0,0
3326,0,0
3327,0,0
3328,0,0
3330,0,0
3331,0,0
3332,0,0
3333,0,0
3335,0,0
3336,0,0
3337,0,0
3338,0,0
3339,0,0
3340,0,0
3341,0,0
3343,0,0
3344,0,0
3346,0,0
3347,0,0
3348,0,0
3349,0,0
3350,0,0
3352,0,0
3354,0,0
3355,0,0
3357,0,0
3359,0,0
3361,0,0
3363,0,0
3364,0,0
3367,0,0
3368,0,0
3369,0,0
3370,0,0
3371,0,0
3372,0,0
3374,0,0
3377,0,0
3378,0,0
3383,0,0
3384,0,0
3385,0,0
3387,0,0
3389,0,0
3390,0,0
3391,0,0
3393,0,0
3394,0,0
3395,0,0
3396,0,0
3397,0,0
3398,0,0
3400,0,0
3401,0,0
3402,0,0
3403,0,0
3404,0,0
3405,0,0
3407,0,0
3408,0,0
3410,0,0
3411,0,0
3412,0,0
3413,0,0
3415,0,0
3416,0,0
3417,0,0
3421,0,0
3422,0,0
3424,0,0
3427,0,0
3428,0,0
3429,0,0
3430,0,0
3433,0,0
3434,0,0
3435,0,0
3436,0,0
3438,0,0
3439,0,0
3441,0,0
3443,0,0
3444,0,0
3445,0,0
3446,0,0
3447,0,0
3448,0,0
3452,0,0
3453,0,0
3454,0,0
3455,0,0
3457,0,0
3459,0,0
3460,0,0
3461,0,0
3462,0,0
3463,0,0
3464,0,0
3467,0,0
3469,0,0
3470,0,0
3471,0,0
3472,0,0
3473,0,0
3474,0,0
3476,0,0
3478,0,0
3479,0,0
3480,0,0
3481,0,0
3485,0,0
3486,0,0
3487,0,0
3488,0,0
3489,0,0
3490,0,0
3493,0,0
3494,0,0
3495,0,0
3498,0,0
3499,0,0
3501,0,0
3502,0,0
3503,0,0
3504,0,0
3505,0,0
3506,0,0
3507,0,0
3509,0,0
3511,0,0
3512,0,0
3513,0,0
3514,0,0
3519,0,0
3522,0,0
3523,0,0
3525,0,0
3526,0,0
3527,0,0
3529,0,0
3530,0,0
3531,0,0
3532,0,0
3533,0,0
3534,0,0
3535,0,0
3538,0,0
3539,0,0
3540,0,0
3541,0,0
3542,0,0
3543,0,0
3545,0,0
3547,0,0
3548,0,0
3551,0,0
3552,0,0
3553,0,0
3554,0,0
3555,0,0
3556,0,0
3557,0,0
3559,0,0
3560,0,0
3561,0,0
3563,0,0
3564,0,0
3567,0,0
3569,0,0
3570,0,0
3573,0,0
3574,0,0
3576,0,0
3578,0,0
3579,0,0
3581,0,0
3582,0,0
3586,0,0
3593,0,0
3594,0,0
3597,0,0
3598,0,0
3599,0,0
3600,0,0
3601,0,0
3602,0,0
3606,0,0
3607,0,0
3609,0,0
3612,0,0
3615,0,0
3616,0,0
3617,0,0
3618,0,0
3620,0,0
3621,0,0
3624,0,0
3625,0,0
3626,0,0
3629,0,0
3630,0,0
3634,0,0
3635,0,0
3636,0,0
3637,0,0
3638,0,0
3641,0,0
3644,0,0
3645,0,0
3646,0,0
3648,0,0
3649,0,0
3651,0,0
3653,0,0
3654,0,0
3655,0,0
3656,0,0
3659,0,0
3660,0,0
3661,0,0
3662,0,0
3663,0,0
3665,0,0
3666,0,0
3667,0,0
3669,0,0
3670,0,0
3671,0,0
3675,0,0
3677,0,0
3678,0,0
3680,0,0
3681,0,0
3683,0,0
3684,0,0
3685,0,0
3686,0,0
3687,0,0
3688,0,0
3689,0,0
3690,0,0
3692,0,0
3694,0,0
3695,0,0
3696,0,0
3697,0,0
3698,0,0
3700,0,0
3701,0,0
3703,0,0
3704,0,0
3705,0,0
3706,0,0
3708,0,0
3709,0,0
3710,0,0
3711,0,0
3712,0,0
3713,0,0
3714,0,0
3715,0,0
3716,0,0
3717,0,0
3718,0,0
3719,0,0
3720,0,0
3723,0,0
3724,0,0
3725,0,0
3728,0,0
3729,0,0
3731,0,0
3732,0,0
3733,0,0
3734,0,0
3735,0,0
3737,0,0
3742,0,0
3743,0,0
3744,0,0
3745,0,0
3747,0,0
3748,0,0
3749,0,0
3750,0,0
3751,0,0
3753,0,0
3754,0,0
3755,0,0
3757,0,0
3758,0,0
3759,0,0
3762,0,0
3763,0,0
3764,0,0
3767,0,0
3768,0,0
3771,0,0
3772,0,0
3773,0,0
3774,0,0
3775,0,0
3776,0,0
3777,0,0
3778,0,0
3779,0,0
3780,0,0
3781,0,0
3782,0,0
3783,0,0
3787,0,0
3788,0,0
3791,0,0
3792,0,0
3793,0,0
3794,0,0
3796,0,0
3797,0,0
3799,0,0
3800,0,0
3801,0,0
3803,0,0
3804,0,0
3806,0,0
3807,0,0
3808,0,0
3811,0,0
3815,0,0
3817,0,0
3818,0,0
3820,0,0
3821,0,0
3822,0,0
3823,0,0
3824,0,0
3825,0,0
3826,0,0
3828,0,0
3829,0,0
3830,0,0
3839,0,0
3841,0,0
3843,0,0
3844,0,0
3845,0,0
3846,0,0
3847,0,0
3848,0,0
3849,0,0
3850,0,0
3851,0,0
3853,0,0
3854,0,0
3856,0,0
3857,0,0
3858,0,0
3859,0,0
3860,0,0
3861,0,0
3862,0,0
3863,0,0
3865,0,0
3866,0,0
3869,0,0
3870,0,0
3871,0,0
3872,0,0
3873,0,0
3874,0,0
3875,0,0
3876,0,0
3879,0,0
3880,0,0
3881,0,0
3883,0,0
3884,0,0
3886,0,0
3887,0,0
3889,0,0
3890,0,0
3891,0,0
3892,0,0
3894,0,0
3895,0,0
3896,0,0
3898,0,0
3899,0,0
3900,0,0
3903,0,0
3905,0,0
3906,0,0
3908,0,0
3909,0,0
3910,0,0
3911,0,0
3912,0,0
3914,0,0
3916,0,0
3917,0,0
3918,0,0
3919,0,0
3920,0,0
3921,0,0
3922,0,0
3923,0,0
3925,0,0
3926,0,0
3927,0,0
3929,0,0
3930,0,0
3932,0,0
3934,0,0
3935,0,0
3936,0,0
3937,0,0
3938,0,0
3939,0,0
3940,0,0
3941,0,0
3942,0,0
3943,0,0
3944,0,0
3945,0,0
3946,0,0
3947,0,0
3948,0,0
3949,0,0
3950,0,0
3951,0,0
3952,0,0
3953,0,0
3955,0,0
3956,0,0
3958,0,0
3961,0,0
3962,0,0
3963,0,0
3964,0,0
3965,0,0
3966,0,0
3967,0,0
3969,0,0
3970,0,0
3971,0,0
3972,0,0
3973,0,0
3977,0,0
3979,0,0
3980,0,0
3981,0,0
3983,0,0
3984,0,0
3985,0,0
3986,0,0
3987,0,0
3988,0,0
3989,0,0
3990,0,0
3991,0,0
3992,0,0
3993,0,0
3997,0,0
4000,0,0
4004,0,0
4006,0,0
4007,0,0
4008,0,0
4010,0,0
4011,0,0
4012,0,0
4015,0,0
4016,0,0
4019,0,0
4021,0,0
4022,0,0
4023,0,0
4024,0,0
4026,0,0
4027,0,0
4028,0,0
4029,0,0
4030,0,0
4035,0,0
4036,0,0
4037,0,0
4039,0,0
4041,0,0
4042,0,0
4043,0,0
4044,0,0
4045,0,0
4046,0,0
4047,0,0
4050,0,0
4051,0,0
4053,0,0
4054,0,0
4055,0,0
4056,0,0
4057,0,0
4058,0,0
4059,0,0
4060,0,0
4061,0,0
4065,0,0
4066,0,0
4068,0,0
4070,0,0
4071,0,0
4072,0,0
4074,0,0
4075,0,0
4076,0,0
4077,0,0
4078,0,0
4081,0,0
4083,0,0
4084,0,0
4085,0,0
4086,0,0
4088,0,0
4089,0,0
4090,0,0
4092,0,0
4093,0,0
4094,0,0
4095,0,0
4096,0,0
4098,0,0
4099,0,0
4100,0,0
4101,0,0
4102,0,0
4103,0,0
4104,0,0
4105,0,0
4108,0,0
4111,0,0
4112,0,0
4113,0,0
4114,0,0
4116,0,0
4117,0,0
4118,0,0
4119,0,0
4120,0,0
4121,0,0
4122,0,0
4123,0,0
4125,0,0
4127,0,0
4128,0,0
4129,0,0
4130,0,0
4131,0,0
4132,0,0
4133,0,0
4134,0,0
4135,0,0
4137,0,0
4139,0,0
4140,0,0
4141,0,0
4144,0,0
4145,0,0
4147,0,0
4149,0,0
4150,0,0
4151,0,0
4152,0,0
4153,0,0
4154,0,0
4155,0,0
4156,0,0
4157,0,0
4159,0,0
4160,0,0
4163,0,0
4164,0,0
4165,0,0
4166,0,0
4167,0,0
4168,0,0
4171,0,0
4172,0,0
4175,0,0
4176,0,0
4179,0,0
4180,0,0
4181,0,0
4183,0,0
4188,0,0
4190,0,0
4192,0,0
4193,0,0
4195,0,0
4196,0,0
4199,0,0
4201,0,0
4202,0,0
4205,0,0
4206,0,0
4207,0,0
4208,0,0
4211,0,0
4213,0,0
4215,0,0
4216,0,0
4217,0,0
4218,0,0
4219,0,0
4220,0,0
4222,0,0
4223,0,0
4224,0,0
4225,0,0
4226,0,0
4228,0,0
4229,0,0
4230,0,0
4231,0,0
4234,0,0
4237,0,0
4238,0,0
4239,0,0
4241,0,0
4242,0,0
4243,0,0
4244,0,0
4245,0,0
4247,0,0
4248,0,0
4250,0,0
4252,0,0
4253,0,0
4255,0,0
4256,0,0
4259,0,0
4260,0,0
4261,0,0
4263,0,0
4264,0,0
4267,0,0
4268,0,0
4270,0,0
4272,0,0
4273,0,0
4274,0,0
4275,0,0
4277,0,0
4278,0,0
4280,0,0
4282,0,0
4286,0,0
4287,0,0
4288,0,0
4289,0,0
4292,0,0
4293,0,0
4294,0,0
4295,0,0
4296,0,0
4298,0,0
4299,0,0
4301,0,0
4302,0,0
4304,0,0
4307,0,0
4309,0,0
4310,0,0
4311,0,0
4312,0,0
4314,0,0
4315,0,0
4317,0,0
4318,0,0
4320,0,0
4321,0,0
4325,0,0
4326,0,0
4328,0,0
4329,0,0
4330,0,0
4332,0,0
4334,0,0
4335,0,0
4336,0,0
4337,0,0
4338,0,0
4339,0,0
4340,0,0
4345,0,0
4346,0,0
4347,0,0
4348,0,0
4349,0,0
4350,0,0
4352,0,0
4353,0,0
4356,0,0
4357,0,0
4358,0,0
4360,0,0
4361,0,0
4362,0,0
4363,0,0
4364,0,0
4365,0,0
4367,0,0
4370,0,0
4371,0,0
4372,0,0
4373,0,0
4374,0,0
4376,0,0
4379,0,0
4381,0,0
4382,0,0
4383,0,0
4384,0,0
4385,0,0
4389,0,0
4391,0,0
4393,0,0
4395,0,0
4396,0,0
4397,0,0
4400,0,0
4403,0,0
4404,0,0
4405,0,0
4406,0,0
4407,0,0
4408,0,0
4410,0,0
4411,0,0
4412,0,0
4413,0,0
4414,0,0
4416,0,0
4417,0,0
4418,0,0
4420,0,0
4424,0,0
4425,0,0
4426,0,0
4427,0,0
4431,0,0
4433,0,0
4436,0,0
4437,0,0
4438,0,0
4439,0,0
4440,0,0
4442,0,0
4443,0,0
4444,0,0
4445,0,0
4446,0,0
4447,0,0
4448,0,0
4449,0,0
4450,0,0
4451,0,0
4452,0,0
4453,0,0
4454,0,0
4456,0,0
4459,0,0
4460,0,0
4461,0,0
4462,0,0
4465,0,0
4466,0,0
4467,0,0
4468,0,0
4469,0,0
4470,0,0
4471,0,0
4473,0,0
4475,0,0
4476,0,0
4479,0,0
4480,0,0
4484,0,0
4486,0,0
4489,0,0
4490,0,0
4491,0,0
4492,0,0
4493,0,0
4494,0,0
4495,0,0
4498,0,0
4499,0,0
4500,0,0
4502,0,0
4503,0,0
4504,0,0
4505,0,0
4506,0,0
4507,0,0
4508,0,0
4510,0,0
4511,0,0
4512,0,0
4513,0,0
4517,0,0
4518,0,0
4519,0,0
4522,0,0
4523,0,0
4524,0,0
4525,0,0
4527,0,0
4529,0,0
4530,0,0
4531,0,0
4533,0,0
4534,0,0
4535,0,0
4536,0,0
4537,0,0
4538,0,0
4539,0,0
4541,0,0
4542,0,0
4543,0,0
4544,0,0
4545,0,0
4546,0,0
4548,0,0
4552,0,0
4553,0,0
4554,0,0
4555,0,0
4557,0,0
4558,0,0
4559,0,0
4560,0,0
4564,0,0
4566,0,0
4567,0,0
4568,0,0
4569,0,0
4571,0,0
4573,0,0
4574,0,0
4575,0,0
4576,0,0
4577,0,0
4581,0,0
4582,0,0
4583,0,0
4584,0,0
4585,0,0
4586,0,0
4587,0,0
4589,0,0
4590,0,0
4592,0,0
4594,0,0
4595,0,0
4598,0,0
4599,0,0
4600,0,0
4601,0,0
4602,0,0
4603,0,0
4604,0,0
4605,0,0
4606,0,0
4607,0,0
4608,0,0
4609,0,0
4610,0,0
4611,0,0
4612,0,0
4613,0,0
4614,0,0
4616,0,0
4617,0,0
4618,0,0
4619,0,0
4620,0,0
4621,0,0
4622,0,0
4623,0,0
4624,0,0
4625,0,0
4628,0,0
4629,0,0
4630,0,0
4632,0,0
4635,0,0
4636,0,0
4638,0,0
4639,0,0
4640,0,0
4641,0,0
4642,0,0
4643,0,0
4644,0,0
4645,0,0
4647,0,0
4648,0,0
4649,0,0
4650,0,0
4651,0,0
4652,0,0
4653,0,0
4654,0,0
4658,0,0
4659,0,0
4661,0,0
4664,0,0
4665,0,0
4667,0,0
4668,0,0
4670,0,0
4671,0,0
4673,0,0
4677,0,0
4679,0,0
4682,0,0
4683,0,0
4685,0,0
4686,0,0
4687,0,0
4688,0,0
4689,0,0
4691,0,0
4694,0,0
4695,0,0
4697,0,0
4698,0,0
4699,0,0
4700,0,0
4702,0,0
4703,0,0
4704,0,0
4705,0,0
4706,0,0
4707,0,0
4708,0,0
4709,0,0
4711,0,0
4712,0,0
4714,0,0
4716,0,0
4717,0,0
4718,0,0
4719,0,0
4720,0,0
4721,0,0
4722,0,0
4723,0,0
4724,0,0
4725,0,0
4726,0,0
4727,0,0
4729,0,0
4730,0,0
4731,0,0
4732,0,0
4733,0,0
4734,0,0
4735,0,0
4736,0,0
4738,0,0
4739,0,0
4740,0,0
4741,0,0
4742,0,0
4743,0,0
4744,0,0
4745,0,0
4746,0,0
4747,0,0
4749,0,0
4750,0,0
4751,0,0
4752,0,0
4753,0,0
4754,0,0
4755,0,0
4757,0,0
4758,0,0
4759,0,0
4760,0,0
4762,0,0
4763,0,0
4765,0,0
4766,0,0
4768,0,0
4769,0,0
4772,0,0
4773,0,0
4774,0,0
4775,0,0
4776,0,0
4777,0,0
4778,0,0
4779,0,0
4783,0,0
4785,0,0
4788,0,0
4789,0,0
4792,0,0
4797,0,0
4799,0,0
4800,0,0
4802,0,0
4803,0,0
4804,0,0
4805,0,0
4807,0,0
4808,0,0
4809,0,0
4810,0,0
4811,0,0
4813,0,0
4814,0,0
4815,0,0
4816,0,0
4820,0,0
4821,0,0
4822,0,0
4824,0,0
4825,0,0
4828,0,0
4829,0,0
4831,0,0
4832,0,0
4835,0,0
4836,0,0
4838,0,0
4840,0,0
4842,0,0
4844,0,0
4846,0,0
4847,0,0
4848,0,0
4849,0,0
4852,0,0
4853,0,0
4855,0,0
4856,0,0
4857,0,0
4858,0,0
4859,0,0
4861,0,0
4862,0,0
4863,0,0
4864,0,0
4866,0,0
4868,0,0
4870,0,0
4872,0,0
4873,0,0
4876,0,0
4877,0,0
4878,0,0
4879,0,0
4881,0,0
4882,0,0
4883,0,0
4884,0,0
4886,0,0
4888,0,0
4890,0,0
4893,0,0
4894,0,0
4895,0,0
4897,0,0
4898,0,0
4899,0,0
4900,0,0
4902,0,0
4903,0,0
4904,0,0
4906,0,0
4907,0,0
4910,0,0
4911,0,0
4912,0,0
4913,0,0
4914,0,0
4915,0,0
4916,0,0
4917,0,0
4918,0,0
4919,0,0
4921,0,0
4922,0,0
4924,0,0
4925,0,0
4926,0,0
4928,0,0
4929,0,0
4930,0,0
4931,0,0
4932,0,0
4934,0,0
4935,0,0
4936,0,0
4937,0,0
4938,0,0
4940,0,0
4941,0,0
4942,0,0
4943,0,0
4944,0,0
4945,0,0
4949,0,0
4950,0,0
4951,0,0
4952,0,0
4953,0,0
4954,0,0
4957,0,0
4958,0,0
4959,0,0
4960,0,0
4961,0,0
4962,0,0
4964,0,0
4967,0,0
4968,0,0
4969,0,0
4970,0,0
4971,0,0
4972,0,0
4975,0,0
4976,0,0
4978,0,0
4979,0,0
4980,0,0
4981,0,0
4983,0,0
4985,0,0
4986,0,0
4987,0,0
4988,0,0
4989,0,0
4990,0,0
4991,0,0
4992,0,0
4993,0,0
4994,0,0
4995,0,0
4996,0,0
4997,0,0
4998,0,0
5000,0,0
5003,0,0
5004,0,0
5005,0,0
5006,0,0
5007,0,0
5008,0,0
5009,0,0
5010,0,0
5011,0,0
5012,0,0
5013,0,0
5014,0,0
5015,0,0
5017,0,0
5018,0,0
5019,0,0
5020,0,0
5021,0,0
5022,0,0
5023,0,0
5024,0,0
5025,0,0
5026,0,0
5028,0,0
5029,0,0
5030,0,0
5031,0,0
5032,0,0
5033,0,0
5035,0,0
5036,0,0
5037,0,0
5038,0,0
5039,0,0
5041,0,0
5042,0,0
5044,0,0
5045,0,0
5046,0,0
5047,0,0
5049,0,0
5052,0,0
5053,0,0
5055,0,0
5056,0,0
5057,0,0
5058,0,0
5059,0,0
5060,0,0
5061,0,0
5062,0,0
5064,0,0
5065,0,0
5066,0,0
5067,0,0
5068,0,0
5069,0,0
5070,0,0
5071,0,0
5072,0,0
5073,0,0
5074,0,0
5075,0,0
5077,0,0
5078,0,0
5080,0,0
5081,0,0
5082,0,0
5084,0,0
5086,0,0
5087,0,0
5088,0,0
5089,0,0
5090,0,0
5091,0,0
5092,0,0
5093,0,0
5094,0,0
5096,0,0
5097,0,0
5100,0,0
5103,0,0
5104,0,0
5105,0,0
5106,0,0
5107,0,0
5109,0,0
5111,0,0
5112,0,0
5113,0,0
5114,0,0
5115,0,0
5116,0,0
5118,0,0
5119,0,0
5120,0,0
5121,0,0
5122,0,0
5123,0,0
5124,0,0
5125,0,0
5126,0,0
5128,0,0
5130,0,0
5132,0,0
5133,0,0
5135,0,0
5138,0,0
5140,0,0
5143,0,0
5144,0,0
5146,0,0
5147,0,0
5148,0,0
5150,0,0
5154,0,0
5157,0,0
5158,0,0
5159,0,0
5160,0,0
5161,0,0
5162,0,0
5163,0,0
5164,0,0
5165,0,0
5166,0,0
5167,0,0
5168,0,0
5169,0,0
5170,0,0
5172,0,0
5173,0,0
5175,0,0
5176,0,0
5177,0,0
5179,0,0
5180,0,0
5181,0,0
5183,0,0
5184,0,0
5185,0,0
5186,0,0
5187,0,0
5188,0,0
5189,0,0
5191,0,0
5192,0,0
5193,0,0
5195,0,0
5196,0,0
5197,0,0
5198,0,0
5199,0,0
5200,0,0
5201,0,0
5203,0,0
5204,0,0
5206,0,0
5208,0,0
5209,0,0
5212,0,0
5213,0,0
5215,0,0
5217,0,0
5218,0,0
5219,0,0
5220,0,0
5221,0,0
5222,0,0
5223,0,0
5224,0,0
5225,0,0
5229,0,0
5230,0,0
5231,0,0
5233,0,0
5234,0,0
5236,0,0
5237,0,0
5238,0,0
5239,0,0
5240,0,0
5242,0,0
5243,0,0
5244,0,0
5245,0,0
5246,0,0
5248,0,0
5250,0,0
5253,0,0
5256,0,0
5258,0,0
5261,0,0
5262,0,0
5263,0,0
5265,0,0
5266,0,0
5267,0,0
5268,0,0
5269,0,0
5270,0,0
5271,0,0
5273,0,0
5274,0,0
5275,0,0
5276,0,0
5277,0,0
5278,0,0
5279,0,0
5281,0,0
5282,0,0
5283,0,0
5284,0,0
5285,0,0
5286,0,0
5290,0,0
5292,0,0
5294,0,0
5295,0,0
5296,0,0
5297,0,0
5298,0,0
5299,0,0
5301,0,0
5302,0,0
5303,0,0
5304,0,0
5305,0,0
5306,0,0
5307,0,0
5308,0,0
5309,0,0
5311,0,0
5313,0,0
5315,0,0
5316,0,0
5321,0,0
5322,0,0
5323,0,0
5324,0,0
5325,0,0
5326,0,0
5327,0,0
5328,0,0
5329,0,0
5330,0,0
5331,0,0
5333,0,0
5334,0,0
5335,0,0
5336,0,0
5338,0,0
5339,0,0
5340,0,0
5342,0,0
5345,0,0
5346,0,0
5347,0,0
5348,0,0
5350,0,0
5351,0,0
5353,0,0
5354,0,0
5356,0,0
5358,0,0
5359,0,0
5360,0,0
5361,0,0
5362,0,0
5363,0,0
5364,0,0
5365,0,0
5367,0,0
5369,0,0
5370,0,0
5372,0,0
5373,0,0
5375,0,0
5376,0,0
5378,0,0
5379,0,0
5380,0,0
5386,0,0
5389,0,0
5390,0,0
5391,0,0
5392,0,0
5393,0,0
5397,0,0
5398,0,0
5399,0,0
5400,0,0
5403,0,0
5404,0,0
5405,0,0
5406,0,0
5407,0,0
5409,0,0
5414,0,0
5415,0,0
5416,0,0
5417,0,0
5418,0,0
5419,0,0
5420,0,0
5421,0,0
5422,0,0
5423,0,0
5425,0,0
5426,0,0
5427,0,0
5431,0,0
5432,0,0
5433,0,0
5436,0,0
5438,0,0
5439,0,0
5441,0,0
5442,0,0
5443,0,0
5444,0,0
5445,0,0
5447,0,0
5448,0,0
5449,0,0
5452,0,0
5453,0,0
5454,0,0
5455,0,0
5456,0,0
5457,0,0
5458,0,0
5459,0,0
5460,0,0
5462,0,0
5463,0,0
5467,0,0
5468,0,0
5469,0,0
5472,0,0
5473,0,0
5474,0,0
5475,0,0
5476,0,0
5477,0,0
5478,0,0
5479,0,0
5480,0,0
5482,0,0
5483,0,0
5485,0,0
5488,0,0
5489,0,0
5490,0,0
5491,0,0
5492,0,0
5493,0,0
5494,0,0
5495,0,0
5497,0,0
5499,0,0
5500,0,0
5501,0,0
5502,0,0
5504,0,0
5505,0,0
5506,0,0
5507,0,0
5508,0,0
5509,0,0
5510,0,0
5512,0,0
5513,0,0
5514,0,0
5515,0,0
5518,0,0
5521,0,0
5522,0,0
5524,0,0
5526,0,0
5528,0,0
5529,0,0
5530,0,0
5532,0,0
5535,0,0
5536,0,0
5538,0,0
5540,0,0
5541,0,0
5542,0,0
5543,0,0
5544,0,0
5545,0,0
5546,0,0
5547,0,0
5548,0,0
5549,0,0
5550,0,0
5551,0,0
5552,0,0
5554,0,0
5555,0,0
5556,0,0
5557,0,0
5565,0,0
5567,0,0
5568,0,0
5569,0,0
5573,0,0
5574,0,0
5575,0,0
5576,0,0
5577,0,0
5578,0,0
5580,0,0
5581,0,0
5583,0,0
5584,0,0
5585,0,0
5586,0,0
5587,0,0
5589,0,0
5590,0,0
5591,0,0
5592,0,0
5593,0,0
5594,0,0
5595,0,0
5598,0,0
5599,0,0
5600,0,0
5601,0,0
5602,0,0
5603,0,0
5604,0,0
5605,0,0
5606,0,0
5607,0,0
5608,0,0
5609,0,0
5610,0,0
5611,0,0
5612,0,0
5613,0,0
5614,0,0
5615,0,0
5617,0,0
5618,0,0
5619,0,0
5621,0,0
5622,0,0
5625,0,0
5626,0,0
5628,0,0
5629,0,0
5630,0,0
5631,0,0
5633,0,0
5634,0,0
5635,0,0
5637,0,0
5640,0,0
5641,0,0
5642,0,0
5644,0,0
5646,0,0
5647,0,0
5654,0,0
5655,0,0
5656,0,0
5658,0,0
5660,0,0
5661,0,0
5663,0,0
5664,0,0
5665,0,0
5666,0,0
5667,0,0
5668,0,0
5670,0,0
5672,0,0
5673,0,0
5675,0,0
5676,0,0
5677,0,0
5678,0,0
5683,0,0
5684,0,0
5686,0,0
5687,0,0
5688,0,0
5689,0,0
5691,0,0
5692,0,0
5693,0,0
5694,0,0
5695,0,0
5697,0,0
5698,0,0
5699,0,0
5701,0,0
5702,0,0
5703,0,0
5706,0,0
5707,0,0
5708,0,0
5709,0,0
5710,0,0
5711,0,0
5713,0,0
5714,0,0
5715,0,0
5716,0,0
5719,0,0
5720,0,0
5721,0,0
5722,0,0
5723,0,0
5725,0,0
5726,0,0
5727,0,0
5728,0,0
5730,0,0
5731,0,0
5735,0,0
5738,0,0
5739,0,0
5741,0,0
5742,0,0
5743,0,0
5744,0,0
5746,0,0
5747,0,0
5749,0,0
5752,0,0
5754,0,0
5756,0,0
5757,0,0
5758,0,0
5759,0,0
5760,0,0
5761,0,0
5762,0,0
5763,0,0
5764,0,0
5766,0,0
5767,0,0
5770,0,0
5772,0,0
5773,0,0
5775,0,0
5776,0,0
5777,0,0
5779,0,0
5780,0,0
5781,0,0
5782,0,0
5783,0,0
5787,0,0
5788,0,0
5790,0,0
5791,0,0
5792,0,0
5793,0,0
5794,0,0
5795,0,0
5796,0,0
5798,0,0
5801,0,0
5802,0,0
5803,0,0
5804,0,0
5805,0,0
5806,0,0
5807,0,0
5808,0,0
5809,0,0
5810,0,0
5811,0,0
5812,0,0
5814,0,0
5815,0,0
5816,0,0
5818,0,0
5819,0,0
5820,0,0
5822,0,0
5823,0,0
5825,0,0
5827,0,0
5828,0,0
5833,0,0
5835,0,0
5836,0,0
5838,0,0
5839,0,0
5841,0,0
5842,0,0
5843,0,0
5845,0,0
5846,0,0
5847,0,0
5848,0,0
5849,0,0
5850,0,0
5851,0,0
5852,0,0
5854,0,0
5855,0,0
5856,0,0
5857,0,0
5859,0,0
5860,0,0
5861,0,0
5864,0,0
5865,0,0
5866,0,0
5869,0,0
5870,0,0
5872,0,0
5873,0,0
5874,0,0
5876,0,0
5877,0,0
5879,0,0
5880,0,0
5882,0,0
5883,0,0
5884,0,0
5886,0,0
5887,0,0
5888,0,0
5889,0,0
5891,0,0
5892,0,0
5893,0,0
5895,0,0
5896,0,0
5898,0,0
5899,0,0
5900,0,0
5901,0,0
5902,0,0
5903,0,0
5905,0,0
5908,0,0
5909,0,0
5911,0,0
5913,0,0
5914,0,0
5916,0,0
5917,0,0
5918,0,0
5919,0,0
5921,0,0
5923,0,0
5925,0,0
5926,0,0
5929,0,0
5930,0,0
5931,0,0
5933,0,0
5934,0,0
5937,0,0
5940,0,0
5941,0,0
5942,0,0
5943,0,0
5946,0,0
5947,0,0
5948,0,0
5950,0,0
5952,0,0
5953,0,0
5954,0,0
5955,0,0
5958,0,0
5962,0,0
5963,0,0
5964,0,0
5969,0,0
5970,0,0
5972,0,0
5974,0,0
5975,0,0
5976,0,0
5979,0,0
5980,0,0
5981,0,0
5982,0,0
5983,0,0
5984,0,0
5985,0,0
5988,0,0
5990,0,0
5991,0,0
5992,0,0
5994,0,0
5995,0,0
5996,0,0
5999,0,0
6000,0,0
6001,0,0
6005,0,0
6006,0,0
6007,0,0
6008,0,0
6009,0,0
6010,0,0
6012,0,0
6013,0,0
6014,0,0
6016,0,0
6017,0,0
6018,0,0
6019,0,0
6020,0,0
6022,0,0
6023,0,0
6024,0,0
6026,0,0
6027,0,0
6028,0,0
6029,0,0
6030,0,0
6031,0,0
6032,0,0
6035,0,0
6036,0,0
6038,0,0
6040,0,0
6041,0,0
6044,0,0
6045,0,0
6049,0,0
6050,0,0
6051,0,0
6052,0,0
6053,0,0
6054,0,0
6056,0,0
6057,0,0
6059,0,0
6060,0,0
6061,0,0
6062,0,0
6063,0,0
6064,0,0
6065,0,0
6066,0,0
6067,0,0
6068,0,0
6070,0,0
6074,0,0
6075,0,0
6077,0,0
6079,0,0
6081,0,0
6083,0,0
6084,0,0
6089,0,0
6090,0,0
6092,0,0
6093,0,0
6094,0,0
6096,0,0
6097,0,0
6099,0,0
6100,0,0
6101,0,0
6102,0,0
6103,0,0
6104,0,0
6105,0,0
6106,0,0
6107,0,0
6108,0,0
6109,0,0
6111,0,0
6113,0,0
6114,0,0
6115,0,0
6117,0,0
6118,0,0
6119,0,0
6121,0,0
6123,0,0
6124,0,0
6125,0,0
6126,0,0
6128,0,0
6129,0,0
6130,0,0
6134,0,0
6136,0,0
6137,0,0
6138,0,0
6139,0,0
6140,0,0
6141,0,0
6142,0,0
6143,0,0
6145,0,0
6146,0,0
6147,0,0
6148,0,0
6151,0,0
6152,0,0
6153,0,0
6154,0,0
6155,0,0
6157,0,0
6160,0,0
6161,0,0
6163,0,0
6164,0,0
6165,0,0
6166,0,0
6167,0,0
6170,0,0
6171,0,0
6172,0,0
6173,0,0
6174,0,0
6177,0,0
6178,0,0
6179,0,0
6180,0,0
6181,0,0
6182,0,0
6183,0,0
6184,0,0
6185,0,0
6186,0,0
6187,0,0
6188,0,0
6189,0,0
6190,0,0
6193,0,0
6197,0,0
6198,0,0
6199,0,0
6200,0,0
6201,0,0
6202,0,0
6203,0,0
6204,0,0
6207,0,0
6208,0,0
6210,0,0
6215,0,0
6216,0,0
6217,0,0
6218,0,0
6219,0,0
6220,0,0
6221,0,0
6222,0,0
6226,0,0
6227,0,0
6228,0,0
6229,0,0
6231,0,0
6233,0,0
6234,0,0
6235,0,0
6237,0,0
6238,0,0
6239,0,0
6241,0,0
6242,0,0
6243,0,0
6244,0,0
6246,0,0
6247,0,0
6249,0,0
6250,0,0
6251,0,0
6253,0,0
6254,0,0
6255,0,0
6256,0,0
6257,0,0
6258,0,0
6259,0,0
6260,0,0
6261,0,0
6262,0,0
6263,0,0
6265,0,0
6266,0,0
6268,0,0
6269,0,0
6270,0,0
6271,0,0
6274,0,0
6275,0,0
6277,0,0
6278,0,0
6279,0,0
6281,0,0
6284,0,0
6285,0,0
6286,0,0
6287,0,0
6288,0,0
6289,0,0
6290,0,0
6291,0,0
6292,0,0
6293,0,0
6294,0,0
6295,0,0
6296,0,0
6297,0,0
6298,0,0
6299,0,0
6300,0,0
6301,0,0
6302,0,0
6304,0,0
6305,0,0
6306,0,0
6307,0,0
6308,0,0
6310,0,0
6311,0,0
6312,0,0
6313,0,0
6314,0,0
6316,0,0
6317,0,0
6318,0,0
6320,0,0
6321,0,0
6322,0,0
6323,0,0
6324,0,0
6325,0,0
6326,0,0
6327,0,0
6329,0,0
6330,0,0
6332,0,0
6333,0,0
6334,0,0
6337,0,0
6338,0,0
6339,0,0
6340,0,0
6341,0,0
6342,0,0
6345,0,0
6346,0,0
6347,0,0
6349,0,0
6350,0,0
6351,0,0
6352,0,0
6353,0,0
6355,0,0
6356,0,0
6358,0,0
6359,0,0
6360,0,0
6362,0,0
6363,0,0
6364,0,0
6366,0,0
6367,0,0
6368,0,0
6370,0,0
6372,0,0
6374,0,0
6375,0,0
6377,0,0
6378,0,0
6379,0,0
6380,0,0
6382,0,0
6384,0,0
6385,0,0
6386,0,0
6387,0,0
6389,0,0
6390,0,0
6392,0,0
6393,0,0
6394,0,0
6396,0,0
6398,0,0
6401,0,0
6402,0,0
6404,0,0
6405,0,0
6406,0,0
6407,0,0
6408,0,0
6409,0,0
6410,0,0
6411,0,0
6412,0,0
6413,0,0
6414,0,0
6415,0,0
6416,0,0
6417,0,0
6418,0,0
6420,0,0
6423,0,0
6430,0,0
6431,0,0
6435,0,0
6436,0,0
6437,0,0
6439,0,0
6440,0,0
6441,0,0
6443,0,0
6445,0,0
6446,0,0
6449,0,0
6450,0,0
6453,0,0
6454,0,0
6455,0,0
6456,0,0
6457,0,0
6459,0,0
6462,0,0
6465,0,0
6466,0,0
6469,0,0
6470,0,0
6471,0,0
6472,0,0
6473,0,0
6475,0,0
6478,0,0
6479,0,0
6480,0,0
6483,0,0
6485,0,0
6486,0,0
6487,0,0
6488,0,0
6489,0,0
6490,0,0
6493,0,0
6496,0,0
6497,0,0
6498,0,0
6499,0,0
6500,0,0
6502,0,0
6503,0,0
6504,0,0
6505,0,0
6507,0,0
6508,0,0
6509,0,0
6510,0,0
6511,0,0
6512,0,0
6513,0,0
6514,0,0
6515,0,0
6516,0,0
6517,0,0
6518,0,0
6519,0,0
6520,0,0
6521,0,0
6524,0,0
6525,0,0
6526,0,0
6529,0,0
6530,0,0
6532,0,0
6533,0,0
6534,0,0
6537,0,0
6538,0,0
6539,0,0
6540,0,0
6541,0,0
6544,0,0
6547,0,0
6548,0,0
6549,0,0
6550,0,0
6551,0,0
6552,0,0
6554,0,0
6555,0,0
6556,0,0
6558,0,0
6559,0,0
6560,0,0
6561,0,0
6562,0,0
6564,0,0
6565,0,0
6566,0,0
6568,0,0
6570,0,0
6571,0,0
6573,0,0
6574,0,0
6575,0,0
6576,0,0
6577,0,0
6578,0,0
6579,0,0
6580,0,0
6581,0,0
6582,0,0
6583,0,0
6584,0,0
6585,0,0
6586,0,0
6589,0,0
6590,0,0
6592,0,0
6593,0,0
6594,0,0
6595,0,0
6596,0,0
6598,0,0
6599,0,0
6600,0,0
6601,0,0
6603,0,0
6604,0,0
6606,0,0
6607,0,0
6610,0,0
6611,0,0
6612,0,0
6613,0,0
6614,0,0
6615,0,0
6616,0,0
6617,0,0
6620,0,0
6621,0,0
6622,0,0
6623,0,0
6624,0,0
6625,0,0
6626,0,0
6627,0,0
6628,0,0
6629,0,0
6631,0,0
6633,0,0
6635,0,0
6636,0,0
6637,0,0
6638,0,0
6640,0,0
6641,0,0
6643,0,0
6645,0,0
6647,0,0
6648,0,0
6649,0,0
6651,0,0
6653,0,0
6654,0,0
6656,0,0
6658,0,0
6659,0,0
6661,0,0
6662,0,0
6664,0,0
6665,0,0
6669,0,0
6670,0,0
6671,0,0
6672,0,0
6674,0,0
6675,0,0
6678,0,0
6679,0,0
6682,0,0
6683,0,0
6684,0,0
6686,0,0
6687,0,0
6688,0,0
6690,0,0
6691,0,0
6692,0,0
6693,0,0
6695,0,0
6696,0,0
6698,0,0
6699,0,0
6700,0,0
6706,0,0
6707,0,0
6710,0,0
6711,0,0
6712,0,0
6716,0,0
6717,0,0
6719,0,0
6720,0,0
6721,0,0
6722,0,0
6723,0,0
6724,0,0
6725,0,0
6727,0,0
6729,0,0
6730,0,0
6731,0,0
6733,0,0
6735,0,0
6736,0,0
6738,0,0
6739,0,0
6741,0,0
6742,0,0
6744,0,0
6745,0,0
6746,0,0
6747,0,0
6748,0,0
6749,0,0
6750,0,0
6751,0,0
6752,0,0
6753,0,0
6754,0,0
6755,0,0
6756,0,0
6758,0,0
6759,0,0
6760,0,0
6761,0,0
6762,0,0
6763,0,0
6765,0,0
6766,0,0
6767,0,0
6768,0,0
6769,0,0
6770,0,0
6773,0,0
6777,0,0
6779,0,0
6780,0,0
6781,0,0
6782,0,0
6784,0,0
6786,0,0
6787,0,0
6788,0,0
6789,0,0
6790,0,0
6791,0,0
6792,0,0
6793,0,0
6794,0,0
6795,0,0
6796,0,0
6797,0,0
6798,0,0
6801,0,0
6802,0,0
6805,0,0
6807,0,0
6808,0,0
6809,0,0
6810,0,0
6811,0,0
6814,0,0
6816,0,0
6817,0,0
6818,0,0
6820,0,0
6822,0,0
6823,0,0
6824,0,0
6825,0,0
6826,0,0
6828,0,0
6830,0,0
6831,0,0
6832,0,0
6833,0,0
6835,0,0
6836,0,0
6838,0,0
6839,0,0
6840,0,0
6841,0,0
6843,0,0
6844,0,0
6846,0,0
6847,0,0
6849,0,0
6851,0,0
6852,0,0
6853,0,0
6854,0,0
6855,0,0
6856,0,0
6857,0,0
6858,0,0
6859,0,0
6860,0,0
6861,0,0
6863,0,0
6866,0,0
6867,0,0
6868,0,0
6870,0,0
6871,0,0
6872,0,0
6873,0,0
6876,0,0
6877,0,0
6878,0,0
6879,0,0
6880,0,0
6882,0,0
6883,0,0
6884,0,0
6885,0,0
6887,0,0
6889,0,0
6890,0,0
6893,0,0
6894,0,0
6895,0,0
6896,0,0
6897,0,0
6898,0,0
6900,0,0
6901,0,0
6903,0,0
6904,0,0
6907,0,0
6910,0,0
6912,0,0
6913,0,0
6914,0,0
6915,0,0
6916,0,0
6917,0,0
6918,0,0
6920,0,0
6922,0,0
6923,0,0
6924,0,0
6925,0,0
6927,0,0
6928,0,0
6929,0,0
6931,0,0
6932,0,0
6933,0,0
6935,0,0
6936,0,0
6939,0,0
6940,0,0
6941,0,0
6942,0,0
6943,0,0
6944,0,0
6947,0,0
6948,0,0
6949,0,0
6950,0,0
6951,0,0
6952,0,0
6954,0,0
6955,0,0
6957,0,0
6958,0,0
6961,0,0
6962,0,0
6963,0,0
6965,0,0
6968,0,0
6970,0,0
6971,0,0
6973,0,0
6974,0,0
6976,0,0
6977,0,0
6979,0,0
6980,0,0
6981,0,0
6982,0,0
6983,0,0
6984,0,0
6985,0,0
6986,0,0
6987,0,0
6988,0,0
6989,0,0
6991,0,0
6992,0,0
6993,0,0
6994,0,0
6996,0,0
6997,0,0
6998,0,0
6999,0,0
7000,0,0
7001,0,0
7002,0,0
7003,0,0
7005,0,0
7007,0,0
7009,0,0
7010,0,0
7011,0,0
7014,0,0
7015,0,0
7018,0,0
7019,0,0
7020,0,0
7023,0,0
7024,0,0
7025,0,0
7027,0,0
7028,0,0
7029,0,0
7030,0,0
7031,0,0
7032,0,0
7033,0,0
7035,0,0
7036,0,0
7037,0,0
7038,0,0
7042,0,0
7045,0,0
7046,0,0
7047,0,0
7048,0,0
7049,0,0
7050,0,0
7051,0,0
7052,0,0
7054,0,0
7055,0,0
7056,0,0
7057,0,0
7058,0,0
7059,0,0
7060,0,0
7061,0,0
7062,0,0
7064,0,0
7065,0,0
7066,0,0
7067,0,0
7070,0,0
7073,0,0
7074,0,0
7075,0,0
7076,0,0
7077,0,0
7078,0,0
7081,0,0
7082,0,0
7084,0,0
7085,0,0
7086,0,0
7087,0,0
7088,0,0
7091,0,0
7092,0,0
7093,0,0
7094,0,0
7095,0,0
7096,0,0
7097,0,0
7098,0,0
7099,0,0
7100,0,0
7101,0,0
7103,0,0
7104,0,0
7105,0,0
7108,0,0
7109,0,0
7110,0,0
7112,0,0
7113,0,0
7114,0,0
7115,0,0
7116,0,0
7117,0,0
7118,0,0
7119,0,0
7120,0,0
7121,0,0
7125,0,0
7126,0,0
7127,0,0
7129,0,0
7130,0,0
7131,0,0
7133,0,0
7135,0,0
7136,0,0
7139,0,0
7140,0,0
7141,0,0
7142,0,0
7143,0,0
7144,0,0
7146,0,0
7147,0,0
7150,0,0
7151,0,0
7152,0,0
7154,0,0
7155,0,0
7157,0,0
7159,0,0
7161,0,0
7162,0,0
7163,0,0
7164,0,0
7166,0,0
7167,0,0
7168,0,0
7169,0,0
7170,0,0
7175,0,0
7178,0,0
7179,0,0
7181,0,0
7186,0,0
7187,0,0
7188,0,0
7189,0,0
7194,0,0
7196,0,0
7197,0,0
7199,0,0
7200,0,0
7201,0,0
7202,0,0
7204,0,0
7205,0,0
7206,0,0
7207,0,0
7208,0,0
7209,0,0
7210,0,0
7211,0,0
7213,0,0
7216,0,0
7217,0,0
7218,0,0
7220,0,0
7221,0,0
7224,0,0
7225,0,0
7226,0,0
7227,0,0
7229,0,0
7230,0,0
7231,0,0
7233,0,0
7234,0,0
7235,0,0
7237,0,0
7238,0,0
7243,0,0
7244,0,0
7246,0,0
7248,0,0
7250,0,0
7251,0,0
7252,0,0
7253,0,0
7254,0,0
7255,0,0
7256,0,0
7259,0,0
7260,0,0
7261,0,0
7262,0,0
7263,0,0
7264,0,0
7265,0,0
7266,0,0
7269,0,0
7270,0,0
7273,0,0
7274,0,0
7275,0,0
7279,0,0
7280,0,0
7283,0,0
7284,0,0
7285,0,0
7286,0,0
7287,0,0
7288,0,0
7293,0,0
7294,0,0
7296,0,0
7299,0,0
7300,0,0
7301,0,0
7303,0,0
7304,0,0
7305,0,0
7306,0,0
7307,0,0
7308,0,0
7309,0,0
7310,0,0
7313,0,0
7315,0,0
7316,0,0
7317,0,0
7318,0,0
7319,0,0
7320,0,0
7322,0,0
7323,0,0
7324,0,0
7325,0,0
7326,0,0
7327,0,0
7328,0,0
7329,0,0
7330,0,0
7332,0,0
7333,0,0
7334,0,0
7335,0,0
7336,0,0
7337,0,0
7339,0,0
7344,0,0
7346,0,0
7347,0,0
7348,0,0
7349,0,0
7350,0,0
7351,0,0
7352,0,0
7353,0,0
7354,0,0
7356,0,0
7357,0,0
7358,0,0
7360,0,0
7362,0,0
7363,0,0
7365,0,0
7368,0,0
7369,0,0
7372,0,0
7373,0,0
7374,0,0
7375,0,0
7376,0,0
7377,0,0
7378,0,0
7380,0,0
7382,0,0
7385,0,0
7386,0,0
7387,0,0
7388,0,0
7390,0,0
7391,0,0
7394,0,0
7396,0,0
7397,0,0
7398,0,0
7400,0,0
7401,0,0
7402,0,0
7403,0,0
7404,0,0
7406,0,0
7407,0,0
7409,0,0
7410,0,0
7411,0,0
7413,0,0
7414,0,0
7415,0,0
7416,0,0
7417,0,0
7418,0,0
7419,0,0
7420,0,0
7421,0,0
7423,0,0
7424,0,0
7427,0,0
7428,0,0
7430,0,0
7431,0,0
7432,0,0
7433,0,0
7434,0,0
7435,0,0
7436,0,0
7438,0,0
7439,0,0
7440,0,0
7441,0,0
7442,0,0
7443,0,0
7444,0,0
7445,0,0
7447,0,0
7448,0,0
7450,0,0
7451,0,0
7452,0,0
7453,0,0
7454,0,0
7455,0,0
7456,0,0
7457,0,0
7458,0,0
7459,0,0
7460,0,0
7461,0,0
7464,0,0
7466,0,0
7468,0,0
7469,0,0
7471,0,0
7472,0,0
7473,0,0
7477,0,0
7479,0,0
7480,0,0
7481,0,0
7483,0,0
7484,0,0
7485,0,0
7486,0,0
7487,0,0
7490,0,0
7492,0,0
7493,0,0
7494,0,0
7495,0,0
7496,0,0
7497,0,0
7499,0,0
7503,0,0
7506,0,0
7507,0,0
7508,0,0
7509,0,0
7511,0,0
7512,0,0
7514,0,0
7515,0,0
7516,0,0
7517,0,0
7518,0,0
7519,0,0
7520,0,0
7521,0,0
7523,0,0
7524,0,0
7527,0,0
7528,0,0
7529,0,0
7531,0,0
7533,0,0
7536,0,0
7537,0,0
7538,0,0
7539,0,0
7540,0,0
7541,0,0
7542,0,0
7543,0,0
7544,0,0
7546,0,0
7547,0,0
7548,0,0
7550,0,0
7551,0,0
7552,0,0
7553,0,0
7554,0,0
7555,0,0
7557,0,0
7558,0,0
7560,0,0
7561,0,0
7562,0,0
7564,0,0
7565,0,0
7567,0,0
7568,0,0
7569,0,0
7572,0,0
7573,0,0
7574,0,0
7575,0,0
7577,0,0
7578,0,0
7579,0,0
7580,0,0
7582,0,0
7584,0,0
7585,0,0
7586,0,0
7587,0,0
7590,0,0
7591,0,0
7593,0,0
7596,0,0
7598,0,0
7601,0,0
7602,0,0
7603,0,0
7604,0,0
7606,0,0
7607,0,0
7608,0,0
7609,0,0
7610,0,0
7611,0,0
7613,0,0
7615,0,0
7617,0,0
7618,0,0
7619,0,0
7620,0,0
7623,0,0
7624,0,0
7625,0,0
7626,0,0
7628,0,0
7631,0,0
7632,0,0
7636,0,0
7637,0,0
7638,0,0
7639,0,0
7641,0,0
7642,0,0
7643,0,0
7644,0,0
7645,0,0
7646,0,0
7648,0,0
7649,0,0
7650,0,0
7651,0,0
7652,0,0
7654,0,0
7655,0,0
7661,0,0
7662,0,0
7663,0,0
7664,0,0
7665,0,0
7666,0,0
7668,0,0
7669,0,0
7670,0,0
7671,0,0
7673,0,0
7674,0,0
7675,0,0
7677,0,0
7678,0,0
7681,0,0
7682,0,0
7684,0,0
7686,0,0
7687,0,0
7688,0,0
7689,0,0
7690,0,0
7691,0,0
7692,0,0
7694,0,0
7695,0,0
7696,0,0
7698,0,0
7700,0,0
7702,0,0
7703,0,0
7705,0,0
7706,0,0
7707,0,0
7708,0,0
7709,0,0
7710,0,0
7711,0,0
7712,0,0
7713,0,0
7715,0,0
7717,0,0
7722,0,0
7723,0,0
7724,0,0
7726,0,0
7727,0,0
7728,0,0
7730,0,0
7733,0,0
7735,0,0
7736,0,0
7737,0,0
7738,0,0
7739,0,0
7740,0,0
7741,0,0
7742,0,0
7743,0,0
7744,0,0
7745,0,0
7746,0,0
7747,0,0
7748,0,0
7749,0,0
7750,0,0
7751,0,0
7753,0,0
7755,0,0
7756,0,0
7758,0,0
7760,0,0
7761,0,0
7762,0,0
7763,0,0
7764,0,0
7765,0,0
7766,0,0
7767,0,0
7769,0,0
7772,0,0
7773,0,0
7774,0,0
7775,0,0
7777,0,0
7780,0,0
7781,0,0
7782,0,0
7783,0,0
7785,0,0
7788,0,0
7791,0,0
7792,0,0
7793,0,0
7794,0,0
7795,0,0
7796,0,0
7797,0,0
7798,0,0
7799,0,0
7800,0,0
7801,0,0
7802,0,0
7803,0,0
7804,0,0
7805,0,0
7808,0,0
7809,0,0
7811,0,0
7813,0,0
7814,0,0
7816,0,0
7820,0,0
7822,0,0
7823,0,0
7824,0,0
7825,0,0
7827,0,0
7830,0,0
7832,0,0
7834,0,0
7835,0,0
7836,0,0
7837,0,0
7840,0,0
7843,0,0
7844,0,0
7845,0,0
7848,0,0
7850,0,0
7852,0,0
7853,0,0
7854,0,0
7855,0,0
7857,0,0
7858,0,0
7859,0,0
7860,0,0
7863,0,0
7864,0,0
7867,0,0
7868,0,0
7869,0,0
7871,0,0
7873,0,0
7874,0,0
7875,0,0
7876,0,0
7878,0,0
7879,0,0
7880,0,0
7881,0,0
7882,0,0
7883,0,0
7884,0,0
7885,0,0
7886,0,0
7889,0,0
7891,0,0
7892,0,0
7893,0,0
7894,0,0
7895,0,0
7896,0,0
7898,0,0
7899,0,0
7902,0,0
7907,0,0
7909,0,0
7911,0,0
7913,0,0
7914,0,0
7915,0,0
7916,0,0
7917,0,0
7920,0,0
7921,0,0
7922,0,0
7923,0,0
7924,0,0
7925,0,0
7926,0,0
7927,0,0
7930,0,0
7932,0,0
7933,0,0
7934,0,0
7936,0,0
7937,0,0
7938,0,0
7939,0,0
7940,0,0
7943,0,0
7945,0,0
7948,0,0
7950,0,0
7953,0,0
7958,0,0
7959,0,0
7960,0,0
7961,0,0
7962,0,0
7965,0,0
7966,0,0
7967,0,0
7970,0,0
7971,0,0
7972,0,0
7973,0,0
7974,0,0
7975,0,0
7976,0,0
7977,0,0
7979,0,0
7980,0,0
7982,0,0
7983,0,0
7984,0,0
7985,0,0
7989,0,0
7990,0,0
7991,0,0
7992,0,0
7994,0,0
7996,0,0
7997,0,0
7998,0,0
8000,0,0
8001,0,0
8002,0,0
8003,0,0
8006,0,0
8007,0,0
8008,0,0
8010,0,0
8011,0,0
8012,0,0
8013,0,0
8015,0,0
8018,0,0
8021,0,0
8022,0,0
8023,0,0
8026,0,0
8028,0,0
8029,0,0
8030,0,0
8032,0,0
8033,0,0
8034,0,0
8035,0,0
8036,0,0
8037,0,0
8038,0,0
8040,0,0
8041,0,0
8042,0,0
8043,0,0
8044,0,0
8045,0,0
8047,0,0
8048,0,0
8049,0,0
8050,0,0
8051,0,0
8052,0,0
8053,0,0
8055,0,0
8056,0,0
8059,0,0
8060,0,0
8064,0,0
8065,0,0
8066,0,0
8067,0,0
8068,0,0
8069,0,0
8070,0,0
8071,0,0
8073,0,0
8074,0,0
8075,0,0
8076,0,0
8077,0,0
8078,0,0
8079,0,0
8080,0,0
8082,0,0
8083,0,0
8084,0,0
8085,0,0
8086,0,0
8087,0,0
8088,0,0
8090,0,0
8091,0,0
8092,0,0
8093,0,0
8094,0,0
8096,0,0
8097,0,0
8098,0,0
8100,0,0
8101,0,0
8102,0,0
8104,0,0
8106,0,0
8110,0,0
8111,0,0
8113,0,0
8114,0,0
8115,0,0
8116,0,0
8117,0,0
8119,0,0
8120,0,0
8123,0,0
8124,0,0
8125,0,0
8129,0,0
8131,0,0
8132,0,0
8133,0,0
8134,0,0
8135,0,0
8137,0,0
8138,0,0
8139,0,0
8140,0,0
8141,0,0
8142,0,0
8143,0,0
8145,0,0
8146,0,0
8147,0,0
8148,0,0
8150,0,0
8156,0,0
8157,0,0
8158,0,0
8159,0,0
8161,0,0
8162,0,0
8163,0,0
8164,0,0
8168,0,0
8169,0,0
8171,0,0
8172,0,0
8173,0,0
8175,0,0
8177,0,0
8178,0,0
8179,0,0
8181,0,0
8183,0,0
8185,0,0
8186,0,0
8187,0,0
8188,0,0
8189,0,0
8190,0,0
8191,0,0
8192,0,0
8193,0,0
8194,0,0
8195,0,0
8198,0,0
8199,0,0
8200,0,0
8201,0,0
8203,0,0
8205,0,0
8207,0,0
8208,0,0
8209,0,0
8210,0,0
8211,0,0
8212,0,0
8213,0,0
8214,0,0
8215,0,0
8216,0,0
8217,0,0
8219,0,0
8220,0,0
8221,0,0
8222,0,0
8223,0,0
8224,0,0
8225,0,0
8227,0,0
8228,0,0
8229,0,0
8230,0,0
8232,0,0
8235,0,0
8238,0,0
8239,0,0
8240,0,0
8241,0,0
8243,0,0
8245,0,0
8246,0,0
8247,0,0
8249,0,0
8250,0,0
8253,0,0
8255,0,0
8257,0,0
8258,0,0
8259,0,0
8260,0,0
8262,0,0
8263,0,0
8265,0,0
8266,0,0
8268,0,0
8270,0,0
8271,0,0
8272,0,0
8273,0,0
8274,0,0
8275,0,0
8277,0,0
8278,0,0
8279,0,0
8281,0,0
8282,0,0
8283,0,0
8284,0,0
8285,0,0
8286,0,0
8288,0,0
8290,0,0
8292,0,0
8293,0,0
8294,0,0
8295,0,0
8297,0,0
8298,0,0
8299,0,0
8300,0,0
8301,0,0
8302,0,0
8303,0,0
8304,0,0
8305,0,0
8306,0,0
8307,0,0
8309,0,0
8310,0,0
8312,0,0
8313,0,0
8314,0,0
8315,0,0
8316,0,0
8318,0,0
8320,0,0
8322,0,0
8323,0,0
8324,0,0
8325,0,0
8326,0,0
8327,0,0
8328,0,0
8330,0,0
8332,0,0
8334,0,0
8336,0,0
8337,0,0
8339,0,0
8340,0,0
8341,0,0
8342,0,0
8343,0,0
8344,0,0
8345,0,0
8348,0,0
8349,0,0
8350,0,0
8351,0,0
8353,0,0
8354,0,0
8355,0,0
8357,0,0
8358,0,0
8359,0,0
8363,0,0
8364,0,0
8365,0,0
8366,0,0
8368,0,0
8369,0,0
8370,0,0
8373,0,0
8374,0,0
8375,0,0
8379,0,0
8382,0,0
8384,0,0
8385,0,0
8388,0,0
8389,0,0
8392,0,0
8394,0,0
8395,0,0
8397,0,0
8398,0,0
8402,0,0
8403,0,0
8404,0,0
8405,0,0
8406,0,0
8407,0,0
8408,0,0
8409,0,0
8410,0,0
8411,0,0
8416,0,0
8418,0,0
8419,0,0
8420,0,0
8421,0,0
8423,0,0
8424,0,0
8429,0,0
8430,0,0
8431,0,0
8432,0,0
8433,0,0
8436,0,0
8437,0,0
8438,0,0
8439,0,0
8441,0,0
8444,0,0
8445,0,0
8447,0,0
8448,0,0
8449,0,0
8451,0,0
8452,0,0
8455,0,0
8456,0,0
8457,0,0
8459,0,0
8460,0,0
8461,0,0
8462,0,0
8463,0,0
8465,0,0
8466,0,0
8470,0,0
8472,0,0
8474,0,0
8475,0,0
8476,0,0
8477,0,0
8479,0,0
8480,0,0
8481,0,0
8483,0,0
8486,0,0
8487,0,0
8489,0,0
8492,0,0
8493,0,0
8494,0,0
8495,0,0
8500,0,0
8501,0,0
8503,0,0
8504,0,0
8505,0,0
8506,0,0
8508,0,0
8509,0,0
8510,0,0
8511,0,0
8512,0,0
8514,0,0
8515,0,0
8517,0,0
8518,0,0
8521,0,0
8522,0,0
8523,0,0
8524,0,0
8527,0,0
8528,0,0
8529,0,0
8530,0,0
8532,0,0
8533,0,0
8534,0,0
8535,0,0
8536,0,0
8537,0,0
8539,0,0
8541,0,0
8543,0,0
8544,0,0
8545,0,0
8546,0,0
8548,0,0
8550,0,0
8552,0,0
8554,0,0
8557,0,0
8558,0,0
8559,0,0
8560,0,0
8562,0,0
8565,0,0
8566,0,0
8567,0,0
8569,0,0
8570,0,0
8571,0,0
8572,0,0
8573,0,0
8574,0,0
8576,0,0
8578,0,0
8579,0,0
8581,0,0
8582,0,0
8583,0,0
8585,0,0
8586,0,0
8587,0,0
8588,0,0
8589,0,0
8591,0,0
8594,0,0
8596,0,0
8597,0,0
8598,0,0
8599,0,0
8600,0,0
8601,0,0
8603,0,0
8604,0,0
8605,0,0
8606,0,0
8607,0,0
8608,0,0
8609,0,0
8610,0,0
8611,0,0
8612,0,0
8615,0,0
8616,0,0
8617,0,0
8618,0,0
8619,0,0
8620,0,0
8621,0,0
8623,0,0
8624,0,0
8626,0,0
8627,0,0
8628,0,0
8629,0,0
8630,0,0
8633,0,0
8635,0,0
8636,0,0
8637,0,0
8639,0,0
8642,0,0
8643,0,0
8644,0,0
8647,0,0
8648,0,0
8649,0,0
8651,0,0
8652,0,0
8653,0,0
8655,0,0
8656,0,0
8658,0,0
8659,0,0
8660,0,0
8662,0,0
8663,0,0
8664,0,0
8665,0,0
8666,0,0
8667,0,0
8668,0,0
8669,0,0
8670,0,0
8671,0,0
8672,0,0
8673,0,0
8675,0,0
8676,0,0
8677,0,0
8679,0,0
8681,0,0
8682,0,0
8683,0,0
8684,0,0
8685,0,0
8686,0,0
8687,0,0
8689,0,0
8690,0,0
8691,0,0
8692,0,0
8693,0,0
8694,0,0
8695,0,0
8696,0,0
8700,0,0
8701,0,0
8702,0,0
8703,0,0
8704,0,0
8705,0,0
8706,0,0
8707,0,0
8708,0,0
8709,0,0
8710,0,0
8711,0,0
8712,0,0
8714,0,0
8715,0,0
8716,0,0
8717,0,0
8718,0,0
8719,0,0
8722,0,0
8723,0,0
8724,0,0
8725,0,0
8726,0,0
8729,0,0
8730,0,0
8731,0,0
8732,0,0
8733,0,0
8734,0,0
8736,0,0
8737,0,0
8739,0,0
8740,0,0
8741,0,0
8742,0,0
8743,0,0
8744,0,0
8746,0,0
8747,0,0
8749,0,0
8751,0,0
8754,0,0
8756,0,0
8757,0,0
8759,0,0
8760,0,0
8761,0,0
8762,0,0
8763,0,0
8764,0,0
8765,0,0
8766,0,0
8767,0,0
8769,0,0
8770,0,0
8771,0,0
8772,0,0
8775,0,0
8777,0,0
8778,0,0
8782,0,0
8787,0,0
8788,0,0
8789,0,0
8790,0,0
8792,0,0
8793,0,0
8795,0,0
8796,0,0
8797,0,0
8798,0,0
8801,0,0
8802,0,0
8803,0,0
8805,0,0
8806,0,0
8807,0,0
8809,0,0
8810,0,0
8811,0,0
8812,0,0
8816,0,0
8817,0,0
8819,0,0
8820,0,0
8822,0,0
8823,0,0
8825,0,0
8826,0,0
8827,0,0
8828,0,0
8830,0,0
8831,0,0
8832,0,0
8834,0,0
8835,0,0
8836,0,0
8837,0,0
8839,0,0
8840,0,0
8841,0,0
8842,0,0
8843,0,0
8844,0,0
8845,0,0
8846,0,0
8847,0,0
8851,0,0
8852,0,0
8853,0,0
8854,0,0
8856,0,0
8859,0,0
8861,0,0
8862,0,0
8864,0,0
8865,0,0
8866,0,0
8867,0,0
8869,0,0
8870,0,0
8871,0,0
8872,0,0
8874,0,0
8876,0,0
8878,0,0
8879,0,0
8881,0,0
8882,0,0
8883,0,0
8886,0,0
8887,0,0
8888,0,0
8889,0,0
8891,0,0
8892,0,0
8893,0,0
8894,0,0
8897,0,0
8900,0,0
8901,0,0
8902,0,0
8904,0,0
8908,0,0
8910,0,0
8911,0,0
8913,0,0
8914,0,0
8916,0,0
8918,0,0
8920,0,0
8921,0,0
8924,0,0
8925,0,0
8926,0,0
8927,0,0
8928,0,0
8929,0,0
8931,0,0
8936,0,0
8938,0,0
8939,0,0
8940,0,0
8941,0,0
8942,0,0
8943,0,0
8944,0,0
8945,0,0
8947,0,0
8948,0,0
8952,0,0
8954,0,0
8955,0,0
8956,0,0
8959,0,0
8960,0,0
8961,0,0
8962,0,0
8963,0,0
8964,0,0
8965,0,0
8967,0,0
8968,0,0
8970,0,0
8972,0,0
8973,0,0
8974,0,0
8976,0,0
8977,0,0
8979,0,0
8980,0,0
8981,0,0
8984,0,0
8986,0,0
8988,0,0
8989,0,0
8990,0,0
8991,0,0
8992,0,0
8993,0,0
8994,0,0
8995,0,0
8996,0,0
8997,0,0
9000,0,0
9002,0,0
9004,0,0
9007,0,0
9008,0,0
9009,0,0
9010,0,0
9011,0,0
9012,0,0
9014,0,0
9015,0,0
9016,0,0
9017,0,0
9019,0,0
9020,0,0
9021,0,0
9023,0,0
9024,0,0
9027,0,0
9028,0,0
9029,0,0
9030,0,0
9031,0,0
9032,0,0
9033,0,0
9034,0,0
9035,0,0
9036,0,0
9040,0,0
9041,0,0
9042,0,0
9043,0,0
9044,0,0
9045,0,0
9046,0,0
9047,0,0
9050,0,0
9051,0,0
9052,0,0
9053,0,0
9054,0,0
9056,0,0
9057,0,0
9058,0,0
9059,0,0
9060,0,0
9061,0,0
9062,0,0
9063,0,0
9065,0,0
9066,0,0
9067,0,0
9068,0,0
9069,0,0
9070,0,0
9073,0,0
9074,0,0
9077,0,0
9079,0,0
9080,0,0
9081,0,0
9083,0,0
9084,0,0
9085,0,0
9086,0,0
9087,0,0
9088,0,0
9089,0,0
9090,0,0
9091,0,0
9092,0,0
9094,0,0
9095,0,0
9096,0,0
9097,0,0
9098,0,0
9102,0,0
9104,0,0
9106,0,0
9107,0,0
9109,0,0
9110,0,0
9111,0,0
9112,0,0
9114,0,0
9115,0,0
9116,0,0
9117,0,0
9118,0,0
9119,0,0
9121,0,0
9122,0,0
9127,0,0
9128,0,0
9129,0,0
9130,0,0
9131,0,0
9133,0,0
9135,0,0
9136,0,0
9138,0,0
9139,0,0
9140,0,0
9141,0,0
9142,0,0
9143,0,0
9145,0,0
9146,0,0
9147,0,0
9149,0,0
9150,0,0
9152,0,0
9153,0,0
9154,0,0
9155,0,0
9156,0,0
9159,0,0
9160,0,0
9162,0,0
9163,0,0
9165,0,0
9167,0,0
9168,0,0
9169,0,0
9171,0,0
9172,0,0
9173,0,0
9174,0,0
9175,0,0
9177,0,0
9178,0,0
9179,0,0
9181,0,0
9183,0,0
9184,0,0
9185,0,0
9187,0,0
9188,0,0
9189,0,0
9190,0,0
9191,0,0
9193,0,0
9194,0,0
9195,0,0
9196,0,0
9197,0,0
9198,0,0
9199,0,0
9200,0,0
9202,0,0
9203,0,0
9204,0,0
9205,0,0
9206,0,0
9209,0,0
9210,0,0
9211,0,0
9212,0,0
9213,0,0
9214,0,0
9215,0,0
9217,0,0
9218,0,0
9219,0,0
9220,0,0
9221,0,0
9222,0,0
9223,0,0
9224,0,0
9225,0,0
9226,0,0
9228,0,0
9229,0,0
9230,0,0
9231,0,0
9232,0,0
9233,0,0
9234,0,0
9235,0,0
9237,0,0
9238,0,0
9239,0,0
9241,0,0
9242,0,0
9243,0,0
9244,0,0
9246,0,0
9247,0,0
9248,0,0
9249,0,0
9250,0,0
9251,0,0
9252,0,0
9253,0,0
9255,0,0
9259,0,0
9261,0,0
9262,0,0
9264,0,0
9265,0,0
9266,0,0
9267,0,0
9268,0,0
9269,0,0
9270,0,0
9272,0,0
9273,0,0
9274,0,0
9275,0,0
9276,0,0
9277,0,0
9278,0,0
9280,0,0
9281,0,0
9285,0,0
9286,0,0
9287,0,0
9288,0,0
9293,0,0
9294,0,0
9296,0,0
9298,0,0
9299,0,0
9300,0,0
9301,0,0
9302,0,0
9303,0,0
9304,0,0
9305,0,0
9306,0,0
9309,0,0
9310,0,0
9311,0,0
9312,0,0
9313,0,0
9314,0,0
9315,0,0
9316,0,0
9318,0,0
9319,0,0
9320,0,0
9322,0,0
9323,0,0
9326,0,0
9328,0,0
9330,0,0
9331,0,0
9332,0,0
9336,0,0
9337,0,0
9338,0,0
9339,0,0
9340,0,0
9345,0,0
9346,0,0
9347,0,0
9350,0,0
9351,0,0
9352,0,0
9355,0,0
9357,0,0
9358,0,0
9359,0,0
9361,0,0
9362,0,0
9364,0,0
9365,0,0
9367,0,0
9368,0,0
9370,0,0
9371,0,0
9372,0,0
9373,0,0
9375,0,0
9376,0,0
9377,0,0
9378,0,0
9379,0,0
9380,0,0
9381,0,0
9382,0,0
9383,0,0
9385,0,0
9386,0,0
9387,0,0
9388,0,0
9389,0,0
9390,0,0
9392,0,0
9393,0,0
9394,0,0
9395,0,0
9396,0,0
9397,0,0
9398,0,0
9400,0,0
9401,0,0
9402,0,0
9403,0,0
9404,0,0
9405,0,0
9407,0,0
9409,0,0
9410,0,0
9412,0,0
9413,0,0
9415,0,0
9416,0,0
9421,0,0
9423,0,0
9424,0,0
9425,0,0
9426,0,0
9429,0,0
9431,0,0
9434,0,0
9435,0,0
9437,0,0
9438,0,0
9439,0,0
9440,0,0
9441,0,0
9444,0,0
9446,0,0
9449,0,0
9450,0,0
9452,0,0
9453,0,0
9454,0,0
9455,0,0
9456,0,0
9458,0,0
9459,0,0
9460,0,0
9462,0,0
9464,0,0
9466,0,0
9467,0,0
9468,0,0
9470,0,0
9472,0,0
9473,0,0
9479,0,0
9480,0,0
9481,0,0
9482,0,0
9483,0,0
9485,0,0
9486,0,0
9487,0,0
9488,0,0
9489,0,0
9490,0,0
9491,0,0
9494,0,0
9495,0,0
9496,0,0
9497,0,0
9498,0,0
9500,0,0
9504,0,0
9505,0,0
9506,0,0
9507,0,0
9508,0,0
9509,0,0
9512,0,0
9513,0,0
9515,0,0
9516,0,0
9517,0,0
9518,0,0
9519,0,0
9520,0,0
9522,0,0
9523,0,0
9525,0,0
9527,0,0
9529,0,0
9531,0,0
9532,0,0
9534,0,0
9536,0,0
9537,0,0
9538,0,0
9539,0,0
9541,0,0
9543,0,0
9546,0,0
9549,0,0
9551,0,0
9553,0,0
9554,0,0
9556,0,0
9557,0,0
9558,0,0
9559,0,0
9560,0,0
9561,0,0
9562,0,0
9563,0,0
9565,0,0
9567,0,0
9569,0,0
9570,0,0
9571,0,0
9572,0,0
9573,0,0
9574,0,0
9575,0,0
9576,0,0
9577,0,0
9580,0,0
9581,0,0
9582,0,0
9586,0,0
9587,0,0
9588,0,0
9590,0,0
9591,0,0
9593,0,0
9594,0,0
9595,0,0
9598,0,0
9599,0,0
9600,0,0
9601,0,0
9602,0,0
9603,0,0
9604,0,0
9606,0,0
9607,0,0
9608,0,0
9609,0,0
9610,0,0
9612,0,0
9613,0,0
9614,0,0
9615,0,0
9617,0,0
9618,0,0
9619,0,0
9620,0,0
9621,0,0
9622,0,0
9624,0,0
9625,0,0
9626,0,0
9627,0,0
9628,0,0
9629,0,0
9630,0,0
9631,0,0
9632,0,0
9634,0,0
9635,0,0
9636,0,0
9638,0,0
9639,0,0
9640,0,0
9641,0,0
9644,0,0
9645,0,0
9647,0,0
9648,0,0
9650,0,0
9651,0,0
9652,0,0
9653,0,0
9654,0,0
9655,0,0
9656,0,0
9658,0,0
9659,0,0
9662,0,0
9663,0,0
9664,0,0
9666,0,0
9668,0,0
9669,0,0
9670,0,0
9672,0,0
9673,0,0
9674,0,0
9675,0,0
9676,0,0
9677,0,0
9678,0,0
9679,0,0
9680,0,0
9682,0,0
9683,0,0
9685,0,0
9686,0,0
9687,0,0
9689,0,0
9690,0,0
9696,0,0
9697,0,0
9698,0,0
9700,0,0
9703,0,0
9704,0,0
9706,0,0
9707,0,0
9710,0,0
9711,0,0
9712,0,0
9713,0,0
9715,0,0
9716,0,0
9717,0,0
9718,0,0
9719,0,0
9720,0,0
9722,0,0
9725,0,0
9726,0,0
9727,0,0
9730,0,0
9731,0,0
9732,0,0
9734,0,0
9735,0,0
9738,0,0
9739,0,0
9740,0,0
9744,0,0
9745,0,0
9747,0,0
9748,0,0
9751,0,0
9752,0,0
9753,0,0
9754,0,0
9755,0,0
9756,0,0
9757,0,0
9758,0,0
9759,0,0
9760,0,0
9762,0,0
9765,0,0
9767,0,0
9770,0,0
9771,0,0
9774,0,0
9775,0,0
9776,0,0
9777,0,0
9778,0,0
9779,0,0
9780,0,0
9781,0,0
9782,0,0
9783,0,0
9784,0,0
9787,0,0
9788,0,0
9790,0,0
9797,0,0
9798,0,0
9800,0,0
9801,0,0
9802,0,0
9804,0,0
9805,0,0
9806,0,0
9808,0,0
9809,0,0
9812,0,0
9813,0,0
9814,0,0
9815,0,0
9816,0,0
9817,0,0
9818,0,0
9819,0,0
9820,0,0
9823,0,0
9826,0,0
9829,0,0
9830,0,0
9831,0,0
9833,0,0
9834,0,0
9835,0,0
9836,0,0
9837,0,0
9838,0,0
9839,0,0
9840,0,0
9841,0,0
9843,0,0
9846,0,0
9848,0,0
9849,0,0
9850,0,0
9851,0,0
9852,0,0
9854,0,0
9855,0,0
9856,0,0
9857,0,0
9858,0,0
9859,0,0
9860,0,0
9861,0,0
9863,0,0
9865,0,0
9866,0,0
9867,0,0
9868,0,0
9869,0,0
9870,0,0
9871,0,0
9872,0,0
9874,0,0
9879,0,0
9880,0,0
9881,0,0
9882,0,0
9884,0,0
9885,0,0
9886,0,0
9887,0,0
9888,0,0
9889,0,0
9890,0,0
9891,0,0
9893,0,0
9894,0,0
9895,0,0
9898,0,0
9899,0,0
9900,0,0
9901,0,0
9902,0,0
9903,0,0
9907,0,0
9908,0,0
9911,0,0
9912,0,0
9913,0,0
9915,0,0
9917,0,0
9918,0,0
9921,0,0
9922,0,0
9925,0,0
9926,0,0
9927,0,0
9928,0,0
9929,0,0
9932,0,0
9933,0,0
9934,0,0
9935,0,0
9936,0,0
9937,0,0
9939,0,0
9940,0,0
9943,0,0
9947,0,0
9948,0,0
9950,0,0
9952,0,0
9953,0,0
9954,0,0
9955,0,0
9956,0,0
9957,0,0
9958,0,0
9959,0,0
9960,0,0
9963,0,0
9965,0,0
9967,0,0
9968,0,0
9969,0,0
9970,0,0
9971,0,0
9972,0,0
9974,0,0
9975,0,0
9976,0,0
9977,0,0
9978,0,0
9979,0,0
9983,0,0
9987,0,0
9988,0,0
9989,0,0
9991,0,0
9992,0,0
9993,0,0
9994,0,0
9995,0,0
9996,0,0
9998,0,0
9999,0,0
10000,0,0
