target,model,actual,predicted
Urea_kg_ha,MLR,279.3,261.48798635889926
Urea_kg_ha,MLR,249.6,260.2014208953156
Urea_kg_ha,MLR,267.3,270.73645703790623
Urea_kg_ha,MLR,213,213.61174065307193
Urea_kg_ha,MLR,265.5,278.1823627160924
Urea_kg_ha,MLR,217.2,215.88609975366137
Urea_kg_ha,MLR,276.5,271.8580430612212
Urea_kg_ha,MLR,303.2,283.29195807399293
Urea_kg_ha,MLR,291.4,277.93804362592067
Urea_kg_ha,MLR,226.2,233.2872822961901
Urea_kg_ha,MLR,221.4,212.02839606653933
Urea_kg_ha,MLR,281.4,281.5795289715747
Urea_kg_ha,MLR,269.2,241.81768948611588
Urea_kg_ha,MLR,253.6,247.5230486029192
Urea_kg_ha,MLR,300.8,275.32717142919523
Urea_kg_ha,MLR,273,265.07959958576157
Urea_kg_ha,MLR,275.4,258.0455147464898
Urea_kg_ha,MLR,266.1,286.2844687053414
Urea_kg_ha,MLR,217.8,222.033587862504
Urea_kg_ha,MLR,214.7,219.64045061189256
Urea_kg_ha,MLR,261.6,266.12196488738755
Urea_kg_ha,MLR,302.2,279.8222987817907
Urea_kg_ha,MLR,282.2,274.7553297035059
Urea_kg_ha,MLR,271.5,282.21809392055434
Urea_kg_ha,MLR,253.9,266.40221679044697
Urea_kg_ha,MLR,288.8,269.02762069802833
Urea_kg_ha,MLR,266.2,296.9459510828643
Urea_kg_ha,MLR,271.7,274.10242172010834
Urea_kg_ha,MLR,261.6,292.9559328806508
Urea_kg_ha,MLR,262.4,286.29904413878637
Urea_kg_ha,MLR,301.3,281.7679590844273
Urea_kg_ha,MLR,279.6,276.47386347462515
Urea_kg_ha,MLR,274.6,267.7844213995113
Urea_kg_ha,MLR,285.6,273.29882783462676
Urea_kg_ha,MLR,295.7,273.47126462138556
Urea_kg_ha,MLR,229.4,209.13046222506404
Urea_kg_ha,MLR,264.5,249.61504476882536
Urea_kg_ha,MLR,227.9,225.95676748513887
Urea_kg_ha,MLR,226.2,211.75905184286728
Urea_kg_ha,MLR,249.8,240.4421279434958
Urea_kg_ha,MLR,287.8,271.29599443322917
Urea_kg_ha,MLR,243.4,257.428074626063
Urea_kg_ha,MLR,272.5,260.305213777038
Urea_kg_ha,MLR,258.5,241.1690627361485
Urea_kg_ha,MLR,244.4,254.60120341420793
Urea_kg_ha,MLR,301.9,285.31279057110635
Urea_kg_ha,MLR,219.2,232.68946951014598
Urea_kg_ha,MLR,202.4,216.2704295072903
Urea_kg_ha,MLR,268.9,254.62561805182258
Urea_kg_ha,MLR,281.5,294.25209331576525
Urea_kg_ha,MLR,259.9,255.37953207196455
Urea_kg_ha,MLR,248.1,238.51943743849012
Urea_kg_ha,MLR,261,252.85052872350622
Urea_kg_ha,MLR,274.9,241.11814997237633
Urea_kg_ha,MLR,256.5,261.0542736115071
Urea_kg_ha,MLR,288.7,276.2429045538848
Urea_kg_ha,MLR,256.4,245.23227996438322
Urea_kg_ha,MLR,278.9,243.35300125780532
Urea_kg_ha,MLR,207.5,221.96453418251815
Urea_kg_ha,MLR,210.3,210.2480951369107
Urea_kg_ha,MLR,270.7,241.2554581311244
Urea_kg_ha,MLR,214.6,231.72848734658243
Urea_kg_ha,MLR,275.9,290.41294649400425
Urea_kg_ha,MLR,265.8,282.3470291427112
Urea_kg_ha,MLR,278.5,246.60405218339585
Urea_kg_ha,MLR,223,219.19741040791538
Urea_kg_ha,MLR,244.9,266.2062624166252
Urea_kg_ha,MLR,287.6,281.59274583732423
Urea_kg_ha,MLR,203.9,215.81521061673027
Urea_kg_ha,MLR,265.6,250.90550044912322
Urea_kg_ha,MLR,233.3,216.8994199730589
Urea_kg_ha,MLR,259.7,250.62300911287326
Urea_kg_ha,MLR,273.1,257.78816635721256
Urea_kg_ha,MLR,280.3,242.24232398457627
Urea_kg_ha,MLR,246.4,248.9719157481375
Urea_kg_ha,MLR,228.9,229.38135949983146
Urea_kg_ha,MLR,284.8,288.59068890192884
Urea_kg_ha,MLR,242.5,256.8219363330345
Urea_kg_ha,MLR,270.4,281.6003941514432
Urea_kg_ha,MLR,278,295.9084563278963
Urea_kg_ha,MLR,260.6,253.03486573735242
Urea_kg_ha,MLR,302.9,284.8537127611197
Urea_kg_ha,MLR,250.7,257.00261184055984
Urea_kg_ha,MLR,205.3,223.01775262473046
Urea_kg_ha,MLR,230.3,210.30611018577335
Urea_kg_ha,MLR,267.5,238.9207186590653
Urea_kg_ha,MLR,276.8,294.06741980125554
Urea_kg_ha,MLR,273.1,270.67050622349603
Urea_kg_ha,MLR,249.5,245.1616604281541
Urea_kg_ha,MLR,287.6,283.92030539320484
Urea_kg_ha,MLR,281,276.11484767011643
Urea_kg_ha,MLR,270.6,256.33527889967127
Urea_kg_ha,MLR,291.6,276.7131371860394
Urea_kg_ha,MLR,254.1,255.41385525831177
Urea_kg_ha,MLR,262.4,239.2007649836139
Urea_kg_ha,MLR,270.5,264.82933048968613
Urea_kg_ha,MLR,252.4,251.76247926535424
Urea_kg_ha,MLR,233.3,216.7675809557094
Urea_kg_ha,MLR,271.8,290.0337410389374
Urea_kg_ha,MLR,303,276.1032121227322
Urea_kg_ha,MLR,256.9,253.05336292935846
Urea_kg_ha,MLR,273.3,253.9830334388804
Urea_kg_ha,MLR,300.8,281.79411158426797
Urea_kg_ha,MLR,204.8,212.510851054846
Urea_kg_ha,MLR,206.1,228.08987256850136
Urea_kg_ha,MLR,218.5,231.71520301558763
Urea_kg_ha,MLR,293.6,286.3147401412173
Urea_kg_ha,MLR,275.7,247.62944062840728
Urea_kg_ha,MLR,277.4,279.26792359536785
Urea_kg_ha,MLR,216.2,229.74267291267623
Urea_kg_ha,MLR,274.2,294.57189319934344
Urea_kg_ha,MLR,275.6,268.19294290424415
Urea_kg_ha,MLR,206,224.08511343179325
Urea_kg_ha,MLR,202.2,234.6413898860977
Urea_kg_ha,MLR,298.6,278.35987972324705
Urea_kg_ha,MLR,297.3,297.5122851864164
Urea_kg_ha,MLR,205.3,216.42083817078586
Urea_kg_ha,MLR,272.5,254.71538610878943
Urea_kg_ha,MLR,267.8,272.39254211659465
Urea_kg_ha,MLR,288.6,290.1516926352737
Urea_kg_ha,MLR,262.6,268.0097645817724
Urea_kg_ha,MLR,299.9,292.8015033988887
Urea_kg_ha,MLR,278.4,258.59378031338065
Urea_kg_ha,MLR,261.1,259.75371213084753
Urea_kg_ha,MLR,277.8,264.57137044332364
Urea_kg_ha,MLR,277.4,245.94163962294527
Urea_kg_ha,MLR,204.8,221.90451867876018
Urea_kg_ha,MLR,205.2,236.95700659050328
Urea_kg_ha,MLR,220.4,216.1157663676519
Urea_kg_ha,MLR,212,213.10893939010094
Urea_kg_ha,MLR,201.2,223.3291206599701
Urea_kg_ha,MLR,205.7,226.90838996956643
Urea_kg_ha,MLR,201.5,218.7781542482533
Urea_kg_ha,MLR,259.1,252.49009014094077
Urea_kg_ha,MLR,218.2,232.7754578684731
Urea_kg_ha,MLR,285.1,298.26387438433983
Urea_kg_ha,MLR,301.5,270.78221186445023
Urea_kg_ha,MLR,257.3,267.5456835139113
Urea_kg_ha,MLR,224.6,235.27937048061168
Urea_kg_ha,MLR,207.9,213.3383296570779
Urea_kg_ha,MLR,303.1,272.75279266566776
Urea_kg_ha,MLR,277.1,255.81888199055484
Urea_kg_ha,MLR,299.6,268.8338773770895
Urea_kg_ha,MLR,277.6,282.4190791790068
Urea_kg_ha,MLR,295.3,274.2810555525151
Urea_kg_ha,MLR,212.9,225.41312245092485
Urea_kg_ha,MLR,272.9,250.64995115476376
Urea_kg_ha,MLR,223.7,229.38937744705103
Urea_kg_ha,MLR,253,251.59728258864035
Urea_kg_ha,MLR,275.1,256.5612541250911
Urea_kg_ha,MLR,272.3,267.4972713143595
Urea_kg_ha,MLR,287.5,285.56893903048604
Urea_kg_ha,MLR,201.9,222.7665868348779
Urea_kg_ha,MLR,229.5,208.3814916907909
Urea_kg_ha,MLR,276.3,291.20756863570944
Urea_kg_ha,MLR,270.2,245.06508121103022
Urea_kg_ha,MLR,213.6,227.36302163768613
Urea_kg_ha,MLR,279.1,283.1421212224123
Urea_kg_ha,MLR,288.9,277.7955561765358
Urea_kg_ha,MLR,217.8,214.45110375301837
Urea_kg_ha,MLR,208.6,238.02086125885373
Urea_kg_ha,MLR,270.8,269.6753696643744
Urea_kg_ha,MLR,264,251.98884616145784
Urea_kg_ha,MLR,205.3,213.26430126547655
Urea_kg_ha,MLR,275.1,268.43110141615824
Urea_kg_ha,MLR,264.8,275.77378527052
Urea_kg_ha,MLR,268.1,251.55870466253594
Urea_kg_ha,MLR,242.5,263.13792982749464
Urea_kg_ha,MLR,273.7,248.57868952828278
Urea_kg_ha,MLR,205.3,231.0842458325106
Urea_kg_ha,MLR,300.9,267.71360966458604
Urea_kg_ha,MLR,244,264.6482783756999
Urea_kg_ha,MLR,264.3,294.9268156662625
Urea_kg_ha,MLR,276.1,273.1837795138124
Urea_kg_ha,MLR,287.7,295.4535061221789
Urea_kg_ha,MLR,293.2,297.41943875232505
Urea_kg_ha,MLR,295.1,278.9623430395325
Urea_kg_ha,MLR,290.8,291.46106223355906
Urea_kg_ha,MLR,257.8,259.63059674157523
Urea_kg_ha,MLR,252.1,240.4144500975805
Urea_kg_ha,MLR,246.5,262.5315851077315
Urea_kg_ha,MLR,231.1,227.19687421715685
Urea_kg_ha,MLR,287.5,280.3085454535202
Urea_kg_ha,MLR,266.4,293.10539481237964
Urea_kg_ha,MLR,295.2,287.61544051259244
Urea_kg_ha,MLR,249.2,249.85691575581848
Urea_kg_ha,MLR,242.6,248.48648266968158
Urea_kg_ha,MLR,231.6,224.0017341144553
Urea_kg_ha,MLR,280.6,270.2566540790447
Urea_kg_ha,MLR,292.4,271.63898407366275
Urea_kg_ha,MLR,264.9,287.3554269471181
Urea_kg_ha,MLR,217.3,217.2330328428702
Urea_kg_ha,MLR,222.3,224.76501591841537
Urea_kg_ha,MLR,209.5,228.48658589137287
Urea_kg_ha,MLR,277.1,290.6761833582914
Urea_kg_ha,MLR,264,246.19362591283047
Urea_kg_ha,MLR,224.7,220.6906382439613
Urea_kg_ha,MLR,273.1,298.55485719002365
Urea_kg_ha,MLR,291.7,280.13000754634993
Urea_kg_ha,MLR,299.9,288.73128383374456
Urea_kg_ha,MLR,274.8,252.50429758039274
Urea_kg_ha,MLR,268.5,274.5814370086095
Urea_kg_ha,MLR,270.2,253.2459259444333
Urea_kg_ha,MLR,270.1,282.66378793471046
Urea_kg_ha,MLR,283.9,291.95808017516725
Urea_kg_ha,MLR,201.3,229.42421661602543
Urea_kg_ha,MLR,245,256.00312025843
Urea_kg_ha,MLR,248.3,259.9879648506252
Urea_kg_ha,MLR,301.4,269.0819986342634
Urea_kg_ha,MLR,257.1,241.12535406594662
Urea_kg_ha,MLR,295.2,290.38799735959526
Urea_kg_ha,MLR,213,220.1261609180531
Urea_kg_ha,MLR,215.7,233.44882361349013
Urea_kg_ha,MLR,250.6,242.79239487683563
Urea_kg_ha,MLR,208.5,227.89425537501512
Urea_kg_ha,MLR,265.6,255.42250365042545
Urea_kg_ha,MLR,295.4,289.1244574179401
Urea_kg_ha,MLR,265.2,244.28282815946844
Urea_kg_ha,MLR,261.9,244.9519728940437
Urea_kg_ha,MLR,271.1,283.6019389512789
Urea_kg_ha,MLR,214.5,237.00103251502188
Urea_kg_ha,MLR,297,286.48315126594144
Urea_kg_ha,MLR,271.9,240.63139747426658
Urea_kg_ha,MLR,271.2,292.0956760975585
Urea_kg_ha,MLR,290.9,291.5930529841659
Urea_kg_ha,MLR,220,208.96956927502123
Urea_kg_ha,MLR,227.2,218.81414812388152
Urea_kg_ha,MLR,224.9,225.98260623008989
Urea_kg_ha,MLR,268.3,267.50709769420325
Urea_kg_ha,MLR,262.3,253.89746556711188
Urea_kg_ha,MLR,245.1,240.88198364742345
Urea_kg_ha,MLR,303.5,293.21552988265654
Urea_kg_ha,MLR,296.4,277.9914189182648
Urea_kg_ha,MLR,211,232.87249471992797
Urea_kg_ha,MLR,251.6,248.84657573029824
Urea_kg_ha,MLR,204,211.33476933859376
Urea_kg_ha,MLR,280.4,280.5202316460749
Urea_kg_ha,MLR,297.5,283.2948709323652
Urea_kg_ha,MLR,273.3,251.27893779365124
Urea_kg_ha,MLR,272.3,259.9907391959095
Urea_kg_ha,MLR,282.1,292.01241024631463
Urea_kg_ha,MLR,226,219.9457060379298
Urea_kg_ha,MLR,203.3,237.92444074110313
Urea_kg_ha,MLR,211.3,218.72000642257308
Urea_kg_ha,MLR,203,228.57026802533417
Urea_kg_ha,MLR,267.4,267.014847646605
Urea_kg_ha,MLR,274.3,289.2847889336543
Urea_kg_ha,MLR,283.7,279.877231183079
Urea_kg_ha,MLR,262.2,288.42339909559627
Urea_kg_ha,MLR,232.4,226.1906668797186
Urea_kg_ha,MLR,282.1,296.1023446590038
Urea_kg_ha,MLR,204.7,233.55261278673234
Urea_kg_ha,MLR,260.4,244.65748034044853
Urea_kg_ha,MLR,247.2,245.3198899967783
Urea_kg_ha,MLR,216.1,232.22387312592946
Urea_kg_ha,MLR,221.9,215.13956968954759
Urea_kg_ha,MLR,203.3,237.6239713457735
Urea_kg_ha,MLR,302,291.38169647032186
Urea_kg_ha,MLR,270.2,251.93589928709844
Urea_kg_ha,MLR,277.6,271.8737188308843
Urea_kg_ha,MLR,246.3,264.3722440729671
Urea_kg_ha,MLR,279.7,290.0091409691763
Urea_kg_ha,MLR,246.1,243.22847318641007
Urea_kg_ha,MLR,207.5,233.06001463232496
Urea_kg_ha,MLR,210.4,219.90968368043954
Urea_kg_ha,MLR,297.3,287.9305707257725
Urea_kg_ha,MLR,274.3,244.83389222553268
Urea_kg_ha,MLR,246.5,242.5132750098333
Urea_kg_ha,MLR,249.7,241.43164265631486
Urea_kg_ha,MLR,228.5,228.3739337474186
Urea_kg_ha,MLR,217.7,209.53957273141788
Urea_kg_ha,MLR,251,243.9786266854764
Urea_kg_ha,MLR,257,244.88470077908892
Urea_kg_ha,MLR,249.3,247.96155044416284
Urea_kg_ha,MLR,293.7,279.4193617363026
Urea_kg_ha,MLR,211.8,211.91832280337988
Urea_kg_ha,MLR,274.4,291.9479125411249
Urea_kg_ha,MLR,280.4,285.4937213716896
Urea_kg_ha,MLR,276,245.60215126115062
Urea_kg_ha,MLR,265.3,275.95557167538396
Urea_kg_ha,MLR,217.3,211.73063365156395
Urea_kg_ha,MLR,243.6,262.3126592677815
Urea_kg_ha,MLR,218,231.36272675591283
Urea_kg_ha,MLR,215.2,226.72035296568393
Urea_kg_ha,MLR,265.2,284.6938385318322
Urea_kg_ha,MLR,276.8,281.6902502761929
Urea_kg_ha,MLR,201.9,238.14055404073446
Urea_kg_ha,MLR,242.3,244.2386824411811
Urea_kg_ha,MLR,280.8,295.04501192526743
Urea_kg_ha,MLR,244,248.69296678359282
Urea_kg_ha,MLR,252.4,245.89555546454199
Urea_kg_ha,MLR,299.8,282.4770729819914
Urea_kg_ha,MLR,264.2,281.6020330040359
Urea_kg_ha,MLR,243.4,267.835485046129
Urea_kg_ha,MLR,245.8,264.65435909113125
Urea_kg_ha,MLR,251.2,244.44874022552855
Urea_kg_ha,MLR,245.8,242.4828029174872
Urea_kg_ha,MLR,222.9,223.13115997691338
Urea_kg_ha,MLR,268.4,284.5632490799441
Urea_kg_ha,MLR,218,224.49096571482306
Urea_kg_ha,MLR,229.8,213.80395810329003
Urea_kg_ha,MLR,250.7,240.09475994854174
Urea_kg_ha,MLR,202,218.05168854678834
Urea_kg_ha,MLR,243.9,267.59628817240207
Urea_kg_ha,MLR,217.3,213.53925590760605
Urea_kg_ha,MLR,270,276.7624239777617
Urea_kg_ha,MLR,256.8,262.88626468393085
Urea_kg_ha,MLR,284,295.42600335929365
Urea_kg_ha,MLR,268.1,285.0079885907306
Urea_kg_ha,MLR,248.5,265.8494826016573
Urea_kg_ha,MLR,265.4,267.0059261201672
Urea_kg_ha,MLR,203.8,225.04629053391741
Urea_kg_ha,MLR,295.5,278.9318358079367
Urea_kg_ha,MLR,261.1,265.75610950748325
Urea_kg_ha,MLR,233.2,229.80062434282755
Urea_kg_ha,MLR,299.1,272.4547110087951
Urea_kg_ha,MLR,297.8,292.9693848165688
Urea_kg_ha,MLR,253.6,261.84084728856925
Urea_kg_ha,MLR,212.4,236.66660431063684
Urea_kg_ha,MLR,266.8,287.9285630486331
Urea_kg_ha,MLR,229,218.6121037047413
Urea_kg_ha,MLR,268.5,264.562450684027
Urea_kg_ha,MLR,266.9,258.4236112792082
Urea_kg_ha,MLR,294.8,270.3163480026263
Urea_kg_ha,MLR,215.7,232.93986614104406
Urea_kg_ha,MLR,256.2,257.2838553662202
Urea_kg_ha,MLR,257.9,243.5373878721415
Urea_kg_ha,MLR,201.7,212.76002113722555
Urea_kg_ha,MLR,261.9,294.7981945786261
Urea_kg_ha,MLR,202.7,238.61862205011062
Urea_kg_ha,MLR,242.7,241.37728244442212
Urea_kg_ha,MLR,233.6,238.2166304606491
Urea_kg_ha,MLR,204.8,233.27706974726806
Urea_kg_ha,MLR,219.7,224.52772524836632
Urea_kg_ha,MLR,261.6,257.9877019166896
Urea_kg_ha,MLR,250.6,237.67975344781144
Urea_kg_ha,MLR,261.4,245.3980970995992
Urea_kg_ha,MLR,232.1,215.54073984972504
Urea_kg_ha,MLR,282.9,276.02148416517286
Urea_kg_ha,MLR,244.1,262.73464614999784
Urea_kg_ha,MLR,260.2,265.15470997610964
Urea_kg_ha,MLR,241.5,246.85496435264773
Urea_kg_ha,MLR,266,284.9550724364439
Urea_kg_ha,MLR,298.5,291.66023827457934
Urea_kg_ha,MLR,257.8,246.23310159638925
Urea_kg_ha,MLR,223.5,229.93812488046495
Urea_kg_ha,MLR,259.2,253.29631877590282
Urea_kg_ha,MLR,225.6,230.3256353655848
Urea_kg_ha,MLR,230.5,214.62151825768646
Urea_kg_ha,MLR,269.9,251.39922324618902
Urea_kg_ha,MLR,222.4,238.16634206491477
Urea_kg_ha,MLR,290.8,285.2140566394779
Urea_kg_ha,MLR,220.7,219.82721941967728
Urea_kg_ha,MLR,230.1,209.07951858027909
Urea_kg_ha,MLR,212.4,223.8886798438674
Urea_kg_ha,MLR,253.5,243.17062634350398
Urea_kg_ha,MLR,208.2,227.18903170793322
Urea_kg_ha,MLR,260.3,263.75022022836924
Urea_kg_ha,MLR,216,210.07370895383843
Urea_kg_ha,MLR,213.8,232.95741559002948
Urea_kg_ha,MLR,212.2,212.83116176940047
Urea_kg_ha,MLR,296.7,276.3406303126269
Urea_kg_ha,MLR,215.5,216.17242682952156
Urea_kg_ha,MLR,209.6,219.81284782949908
Urea_kg_ha,MLR,288,279.5730100475021
Urea_kg_ha,MLR,221.3,219.2745238566574
Urea_kg_ha,MLR,214,226.5402128964508
Urea_kg_ha,MLR,259.9,257.66190725610574
Urea_kg_ha,MLR,284,269.40884175429545
Urea_kg_ha,MLR,298.3,288.18863991556856
Urea_kg_ha,MLR,303,286.82946931029494
Urea_kg_ha,MLR,220.3,228.15779093068105
Urea_kg_ha,MLR,256.5,267.88235972064473
Urea_kg_ha,MLR,285.7,280.68610180587626
Urea_kg_ha,MLR,252.2,252.5671750619087
Urea_kg_ha,MLR,226.2,212.6054815153829
Urea_kg_ha,MLR,243.3,257.2765025839288
Urea_kg_ha,MLR,252.9,260.6596834255103
Urea_kg_ha,MLR,300.8,293.0747240011895
Urea_kg_ha,MLR,230.6,235.3417739461884
Urea_kg_ha,MLR,222.2,235.52359219314172
Urea_kg_ha,MLR,273.5,293.3828859927105
Urea_kg_ha,MLR,225.5,238.26849179290238
Urea_kg_ha,MLR,263.4,283.51744126558447
Urea_kg_ha,MLR,217.2,215.6827782711056
Urea_kg_ha,MLR,221.7,221.73101879626216
Urea_kg_ha,MLR,226.6,232.18246791492678
Urea_kg_ha,MLR,217.4,238.02336555694038
Urea_kg_ha,MLR,270.3,286.251449737233
Urea_kg_ha,MLR,275.8,258.43536335479257
Urea_kg_ha,MLR,252.9,248.5717805436007
Urea_kg_ha,MLR,272.7,286.7411038942182
Urea_kg_ha,MLR,296.8,289.61396645210556
Urea_kg_ha,MLR,275.7,294.4429881775062
Urea_kg_ha,MLR,201.7,235.29956221432408
Urea_kg_ha,MLR,217.2,223.64863321709376
Urea_kg_ha,MLR,283.4,295.6710419979711
Urea_kg_ha,MLR,302.8,272.2979348838972
Urea_kg_ha,MLR,271.5,262.4852039675814
Urea_kg_ha,MLR,255,260.7157129696753
Urea_kg_ha,MLR,261.5,294.35962640103236
Urea_kg_ha,MLR,264.2,268.87777047507706
Urea_kg_ha,MLR,293.1,287.0412005555617
Urea_kg_ha,MLR,247.1,261.6048953229541
Urea_kg_ha,MLR,290,276.45596336198685
Urea_kg_ha,MLR,269,251.6590279138549
Urea_kg_ha,MLR,252.1,255.73392153064054
Urea_kg_ha,MLR,297.2,294.14015111165617
Urea_kg_ha,MLR,280.3,242.23474020845413
Urea_kg_ha,MLR,226.9,233.03263013987527
Urea_kg_ha,MLR,302.8,277.9023121124029
Urea_kg_ha,MLR,282.6,277.5170673593172
Urea_kg_ha,MLR,261.8,272.5591903486851
Urea_kg_ha,MLR,271.1,285.8126819115877
Urea_kg_ha,MLR,274.5,241.45200703560394
Urea_kg_ha,MLR,255.3,252.43581692849142
Urea_kg_ha,MLR,251.2,254.1034283341722
Urea_kg_ha,MLR,242.7,266.2603971504095
Urea_kg_ha,MLR,217.9,214.51490414958607
Urea_kg_ha,MLR,271,244.52077720684096
Urea_kg_ha,MLR,244.1,265.40416023859063
Urea_kg_ha,MLR,257.4,264.09750229464464
Urea_kg_ha,MLR,298.5,275.47430304399023
Urea_kg_ha,MLR,273.4,283.22798446431557
Urea_kg_ha,MLR,242.8,263.7088269976891
Urea_kg_ha,MLR,272.9,249.5801542318719
Urea_kg_ha,MLR,293.4,276.6476866063532
Urea_kg_ha,MLR,202.5,236.42288535738518
Urea_kg_ha,MLR,268.6,252.09240681568548
Urea_kg_ha,MLR,259.4,268.50118917467705
Urea_kg_ha,MLR,292.3,278.36759830833716
Urea_kg_ha,MLR,297.7,292.503915844311
Urea_kg_ha,MLR,224,229.82443502682042
Urea_kg_ha,MLR,224,213.13784818713307
Urea_kg_ha,MLR,255.1,266.8572844709006
Urea_kg_ha,MLR,287.7,292.9460954052604
Urea_kg_ha,MLR,273.5,272.33116653370024
Urea_kg_ha,MLR,263.8,290.91001926641627
Urea_kg_ha,MLR,210.1,218.6623173024157
Urea_kg_ha,MLR,215.2,211.47838394162287
Urea_kg_ha,MLR,233.1,236.87558070187544
Urea_kg_ha,MLR,203.3,231.90432013408926
Urea_kg_ha,MLR,279.3,256.1625407684356
Urea_kg_ha,MLR,214.1,220.59630900528785
Urea_kg_ha,MLR,249.4,259.6704761499284
Urea_kg_ha,MLR,253,246.1928678599669
Urea_kg_ha,MLR,251.2,244.84839812338242
Urea_kg_ha,MLR,224.1,222.13953761383036
Urea_kg_ha,MLR,253.6,266.5871186312451
Urea_kg_ha,MLR,272.9,278.9366915944275
Urea_kg_ha,MLR,278.3,252.90037635098804
Urea_kg_ha,MLR,270.2,244.38556254717784
Urea_kg_ha,MLR,275.9,264.7639704681634
Urea_kg_ha,MLR,264.3,249.84752895260976
Urea_kg_ha,MLR,220.1,228.21481157165366
Urea_kg_ha,MLR,245,256.3961052647936
Urea_kg_ha,MLR,209,222.69612297467785
Urea_kg_ha,MLR,224.4,229.9843823671247
Urea_kg_ha,MLR,209.9,223.89466046595876
Urea_kg_ha,MLR,223,221.9338283640617
Urea_kg_ha,MLR,301.7,293.307120368407
Urea_kg_ha,MLR,296.3,277.47650496873604
Urea_kg_ha,MLR,218.7,230.2353779528596
Urea_kg_ha,MLR,299.4,290.3556760841763
Urea_kg_ha,MLR,264.1,271.18166211390485
Urea_kg_ha,MLR,274.2,286.6495245220427
Urea_kg_ha,MLR,271.2,249.53833654472436
Urea_kg_ha,MLR,211.8,210.06608913168034
Urea_kg_ha,MLR,217.6,221.46058215928767
Urea_kg_ha,MLR,269.5,253.38407063666736
Urea_kg_ha,MLR,203.8,213.03576095226748
Urea_kg_ha,MLR,249.9,243.5276224834439
Urea_kg_ha,MLR,257.5,261.4073241428937
Urea_kg_ha,MLR,229.5,240.24843642958027
Urea_kg_ha,MLR,245.8,244.9488788615915
Urea_kg_ha,MLR,266.4,268.3369584293015
Urea_kg_ha,MLR,275.7,271.79327857427904
Urea_kg_ha,MLR,279.2,285.51316370668894
Urea_kg_ha,MLR,228.4,221.81416262724912
Urea_kg_ha,MLR,277.2,286.0720039212375
Urea_kg_ha,MLR,203.3,226.50767809615323
Urea_kg_ha,MLR,292,275.12066105960383
Urea_kg_ha,MLR,241.7,265.93484869627815
Urea_kg_ha,MLR,293.3,289.72342261285326
Urea_kg_ha,MLR,265.6,263.3352413077647
Urea_kg_ha,MLR,206.6,213.06165518869503
Urea_kg_ha,MLR,273.5,255.40321066022886
Urea_kg_ha,MLR,268.4,256.9142156659352
Urea_kg_ha,MLR,272.6,287.7690969314576
Urea_kg_ha,MLR,268.5,248.98352373869827
Urea_kg_ha,MLR,289.5,273.02990405356536
Urea_kg_ha,MLR,293.7,276.6564998362102
Urea_kg_ha,MLR,262.7,269.5358719434873
Urea_kg_ha,MLR,202.2,230.2261757663849
Urea_kg_ha,MLR,273.6,246.97989050398024
Urea_kg_ha,MLR,203.3,237.04247964002607
Urea_kg_ha,MLR,280.4,251.39547795174005
Urea_kg_ha,MLR,297.8,290.3129692597148
Urea_kg_ha,MLR,272,264.7031876667161
Urea_kg_ha,MLR,253.6,265.16116640151205
Urea_kg_ha,MLR,293.8,288.43221652195797
Urea_kg_ha,MLR,221.4,237.91354051229843
Urea_kg_ha,MLR,249.6,242.68274342268955
Urea_kg_ha,MLR,233.1,227.16543822579393
Urea_kg_ha,MLR,295.5,270.6571025408524
Urea_kg_ha,MLR,290.1,296.04241421390446
Urea_kg_ha,MLR,210.1,220.03869457952334
Urea_kg_ha,MLR,228.4,213.11010570117998
Urea_kg_ha,MLR,220.4,217.3540071399925
Urea_kg_ha,MLR,222.6,210.3195124621694
Urea_kg_ha,MLR,272.7,253.80402128594366
Urea_kg_ha,MLR,202.1,225.34105041720508
Urea_kg_ha,MLR,273.3,265.499382723906
Urea_kg_ha,MLR,272.8,292.4931714768407
Urea_kg_ha,MLR,247.1,247.18134520548617
Urea_kg_ha,MLR,274.1,267.5208642276556
Urea_kg_ha,MLR,223.1,222.29468330835962
Urea_kg_ha,MLR,203.1,236.29155237687593
Urea_kg_ha,MLR,270.3,293.5728083496746
Urea_kg_ha,MLR,298.1,267.0669060482998
Urea_kg_ha,MLR,205.8,225.46810765220974
Urea_kg_ha,MLR,264.9,296.4122650030632
Urea_kg_ha,MLR,259.3,239.29358185684967
Urea_kg_ha,MLR,274.4,278.3874312285881
Urea_kg_ha,MLR,243.6,259.3248534455466
Urea_kg_ha,MLR,298,291.94887953378725
Urea_kg_ha,MLR,274.2,241.17477317828897
Urea_kg_ha,MLR,280.1,259.26389519890245
Urea_kg_ha,MLR,270.4,246.13524321595307
Urea_kg_ha,MLR,296.9,280.7744190627581
Urea_kg_ha,MLR,275.3,285.57431029492557
Urea_kg_ha,MLR,219.6,214.00292790309285
Urea_kg_ha,MLR,213.2,209.3445824876536
Urea_kg_ha,MLR,246.9,246.36472086187723
Urea_kg_ha,MLR,275.5,263.2252311558611
Urea_kg_ha,MLR,271.5,295.54304208678803
Urea_kg_ha,MLR,294,292.00608049979337
Urea_kg_ha,MLR,221.2,229.695027485744
Urea_kg_ha,MLR,262.9,262.70927837041137
Urea_kg_ha,MLR,274.2,241.04205571198165
Urea_kg_ha,MLR,271.5,278.38819565364525
Urea_kg_ha,MLR,248.1,249.22386880630054
Urea_kg_ha,MLR,290.1,269.34994875844654
Urea_kg_ha,MLR,212.3,237.8345184139895
Urea_kg_ha,MLR,228.8,237.73712507892478
Urea_kg_ha,MLR,301.6,286.1900067229526
Urea_kg_ha,MLR,210.3,222.63144167084286
Urea_kg_ha,MLR,253.5,243.9967220459834
Urea_kg_ha,MLR,251.5,243.26807146401828
Urea_kg_ha,MLR,280.3,291.45943708621724
Urea_kg_ha,MLR,261,265.9651424633396
Urea_kg_ha,MLR,274.7,291.7690371685322
Urea_kg_ha,MLR,279.6,272.49076542608344
Urea_kg_ha,MLR,284.6,293.95324515767425
Urea_kg_ha,MLR,277.8,263.6853965725054
Urea_kg_ha,MLR,273.5,257.8562291065322
Urea_kg_ha,MLR,219.9,220.52567787354624
Urea_kg_ha,MLR,216.2,235.42661642807485
Urea_kg_ha,MLR,264.3,278.3614146224766
Urea_kg_ha,MLR,212.4,216.6879392920837
Urea_kg_ha,MLR,223.7,219.06994702182965
Urea_kg_ha,MLR,272.1,295.5079052335214
Urea_kg_ha,MLR,214.4,223.81854516177475
Urea_kg_ha,MLR,264.7,279.21027704165886
Urea_kg_ha,MLR,278.5,285.8669432851
Urea_kg_ha,MLR,248.4,243.9664265342786
Urea_kg_ha,MLR,218.4,223.02981625768342
Urea_kg_ha,MLR,228.3,213.84896484734492
Urea_kg_ha,MLR,297.2,280.67823224249156
Urea_kg_ha,MLR,219.8,227.92896514885604
Urea_kg_ha,MLR,242.9,255.9425370087075
Urea_kg_ha,MLR,295.5,295.7818384474427
Urea_kg_ha,MLR,269.1,296.72655152578756
Urea_kg_ha,MLR,214.7,233.77117518514956
Urea_kg_ha,MLR,286.9,287.6193027017234
Urea_kg_ha,MLR,263.8,251.50235037832388
Urea_kg_ha,MLR,220.3,238.78164437578613
Urea_kg_ha,MLR,227.7,219.54998214287534
Urea_kg_ha,MLR,254.5,252.24295525656157
Urea_kg_ha,MLR,247.4,244.77663426630662
Urea_kg_ha,MLR,214.4,211.0892289533841
Urea_kg_ha,MLR,208.9,238.39064567857363
Urea_kg_ha,MLR,267.6,260.99939248805225
Urea_kg_ha,MLR,303.3,272.39716320537457
Urea_kg_ha,MLR,302.8,275.8858713111065
Urea_kg_ha,MLR,252.7,246.92154874642742
Urea_kg_ha,MLR,259.6,257.2364033352694
Urea_kg_ha,MLR,242.9,241.64003188277186
Urea_kg_ha,MLR,302.9,276.91357744795107
Urea_kg_ha,MLR,264.9,262.48242751545496
Urea_kg_ha,MLR,275.5,288.1057828651379
Urea_kg_ha,MLR,202,229.16128337622237
Urea_kg_ha,MLR,288.2,276.00398703391727
Urea_kg_ha,MLR,265.2,268.7496170095519
Urea_kg_ha,MLR,270.6,284.6709534186192
Urea_kg_ha,MLR,266.4,276.5117397063207
Urea_kg_ha,MLR,224.3,233.16255695279884
Urea_kg_ha,MLR,284.7,277.328415245221
Urea_kg_ha,MLR,204.2,213.4748893933695
Urea_kg_ha,MLR,233.6,224.60448663016535
Urea_kg_ha,MLR,290.3,285.7986045992944
Urea_kg_ha,MLR,281.7,278.5589598504341
Urea_kg_ha,MLR,245.5,241.4498265576984
Urea_kg_ha,MLR,284.5,274.8141274432415
Urea_kg_ha,MLR,288.4,275.35132246883484
Urea_kg_ha,MLR,296.2,288.88287018845017
Urea_kg_ha,MLR,290.6,281.75277122790067
Urea_kg_ha,MLR,221.1,235.5281065435017
Urea_kg_ha,MLR,230.4,237.3710250666386
Urea_kg_ha,MLR,273,261.41353670080906
Urea_kg_ha,MLR,216.3,215.57949300461823
Urea_kg_ha,MLR,230.8,237.42795327204612
Urea_kg_ha,MLR,267.8,242.12300343087827
Urea_kg_ha,MLR,270.9,260.29788097180017
Urea_kg_ha,MLR,214.5,217.90131917305254
Urea_kg_ha,MLR,264,271.82196261258304
Urea_kg_ha,MLR,288.9,292.4834541951866
Urea_kg_ha,MLR,264.9,263.0961458349346
Urea_kg_ha,MLR,256.7,256.22100177156204
Urea_kg_ha,MLR,206,224.36562331391397
Urea_kg_ha,MLR,224.6,234.24024421076194
Urea_kg_ha,MLR,261.5,250.29148222856492
Urea_kg_ha,MLR,202.9,233.02368796081078
Urea_kg_ha,MLR,273.7,254.22673175705523
Urea_kg_ha,MLR,266,254.8330015266004
Urea_kg_ha,MLR,265,255.39152152094175
Urea_kg_ha,MLR,214.1,225.72970395356745
Urea_kg_ha,MLR,285.7,271.92819769902223
Urea_kg_ha,MLR,285.4,288.12283852538314
Urea_kg_ha,MLR,269.3,290.372853375699
Urea_kg_ha,MLR,231.9,228.04757877842837
Urea_kg_ha,MLR,257.6,246.04269242033772
Urea_kg_ha,MLR,201.9,216.75744840561703
Urea_kg_ha,MLR,253.7,254.04550076231044
Urea_kg_ha,MLR,298.7,271.075413890659
Urea_kg_ha,MLR,289.8,282.62887394811537
Urea_kg_ha,MLR,285.6,291.17773578030574
Urea_kg_ha,MLR,294.5,293.5826513423689
Urea_kg_ha,MLR,251.6,254.993627797894
Urea_kg_ha,MLR,223.8,227.55574349792852
Urea_kg_ha,MLR,261.4,265.8299698889182
Urea_kg_ha,MLR,230.3,218.86189745441635
Urea_kg_ha,MLR,299.2,291.15820857686765
Urea_kg_ha,MLR,227.6,228.60955295348566
Urea_kg_ha,MLR,288.9,276.03023494656003
Urea_kg_ha,MLR,299,279.8088444781809
Urea_kg_ha,MLR,216,224.31558954005797
Urea_kg_ha,MLR,225.8,229.95451963285453
Urea_kg_ha,MLR,214.5,217.51312295333867
Urea_kg_ha,MLR,294.5,283.6964762986798
Urea_kg_ha,MLR,256.7,250.82084199007127
Urea_kg_ha,MLR,289.9,282.79636948215216
Urea_kg_ha,MLR,207.8,209.41535258344825
Urea_kg_ha,MLR,274.6,273.2411552450817
Urea_kg_ha,MLR,250.4,261.7401119705044
Urea_kg_ha,MLR,278.6,280.92318193020606
Urea_kg_ha,MLR,251.9,250.36903063744055
Urea_kg_ha,MLR,207.6,237.95319188770722
Urea_kg_ha,MLR,225.6,219.73050780338275
Urea_kg_ha,MLR,299.4,282.2331247260907
Urea_kg_ha,MLR,245.6,267.1112211278304
Urea_kg_ha,MLR,253.2,252.67435019525522
Urea_kg_ha,MLR,289.5,272.7332587101375
Urea_kg_ha,MLR,229.1,237.58662154757045
Urea_kg_ha,MLR,209.3,225.18494308608354
Urea_kg_ha,MLR,206.6,212.47506379888844
Urea_kg_ha,MLR,281.6,290.802990262382
Urea_kg_ha,MLR,261.3,263.9587249900975
Urea_kg_ha,MLR,228.1,224.8103878117958
Urea_kg_ha,MLR,204.5,215.06150071021972
Urea_kg_ha,MLR,268.6,252.07815578729853
Urea_kg_ha,MLR,202.6,233.4344129882095
Urea_kg_ha,MLR,246.7,264.0331823974318
Urea_kg_ha,MLR,294.7,278.3928934931585
Urea_kg_ha,MLR,227.8,233.81085920730504
Urea_kg_ha,MLR,279.2,284.76960449025137
Urea_kg_ha,MLR,211.6,212.0970637472234
Urea_kg_ha,MLR,270.1,282.56776787192
Urea_kg_ha,MLR,270.7,290.2225390453508
Urea_kg_ha,MLR,264.3,279.6846238363351
Urea_kg_ha,MLR,276.2,270.9713524020496
Urea_kg_ha,MLR,265.6,243.8311839358004
Urea_kg_ha,MLR,233.5,230.20195992070566
Urea_kg_ha,MLR,272.7,264.9429963409138
Urea_kg_ha,MLR,258.7,264.1873208348122
Urea_kg_ha,MLR,261.2,258.2080695304436
Urea_kg_ha,MLR,233.3,230.723899641865
Urea_kg_ha,MLR,270.9,261.70601430354697
Urea_kg_ha,MLR,296.1,292.5442668159731
Urea_kg_ha,MLR,275.7,274.71721252450885
Urea_kg_ha,MLR,279.1,294.9533316661744
Urea_kg_ha,MLR,268.6,293.8677740695583
Urea_kg_ha,MLR,295.2,275.892618397729
Urea_kg_ha,MLR,284.6,294.57316404015563
Urea_kg_ha,MLR,278.9,292.2484281324276
Urea_kg_ha,MLR,210,211.4126971478556
Urea_kg_ha,MLR,277.6,268.1182958749008
Urea_kg_ha,MLR,205.9,215.58780977969005
Urea_kg_ha,MLR,221.5,212.19815566351434
Urea_kg_ha,MLR,205.4,236.6372943183894
Urea_kg_ha,MLR,249,261.4111370375414
Urea_kg_ha,MLR,223.8,220.78257278026402
Urea_kg_ha,MLR,221,219.84144209855046
Urea_kg_ha,MLR,210.8,221.85018699312985
Urea_kg_ha,MLR,265.2,273.70013055747097
Urea_kg_ha,MLR,231,216.2724302942058
Urea_kg_ha,MLR,229.8,213.27850878938133
Urea_kg_ha,MLR,243.3,255.97409852320456
Urea_kg_ha,MLR,271,280.9938910292372
Urea_kg_ha,MLR,297.4,293.95286566608877
Urea_kg_ha,MLR,207.7,226.7041394625779
Urea_kg_ha,MLR,279.2,241.66052401816216
Urea_kg_ha,MLR,291.7,290.7530036464549
Urea_kg_ha,MLR,215,232.79967728977408
Urea_kg_ha,MLR,264.8,261.1380230553962
Urea_kg_ha,MLR,266.5,285.5072325931032
Urea_kg_ha,MLR,254.6,267.23637245711734
Urea_kg_ha,MLR,298.3,295.8442419047755
Urea_kg_ha,MLR,291.4,277.3341811927889
Urea_kg_ha,MLR,219.3,220.29978816316245
Urea_kg_ha,MLR,277.7,262.814796398819
Urea_kg_ha,MLR,218.3,210.17848883932794
Urea_kg_ha,MLR,292.2,268.8315042185049
Urea_kg_ha,MLR,232.7,237.52837645531696
Urea_kg_ha,MLR,215.3,228.4456281218349
Urea_kg_ha,MLR,231.5,233.336692460303
Urea_kg_ha,MLR,203.5,217.15049478070026
Urea_kg_ha,MLR,242.9,248.72874596974168
Urea_kg_ha,MLR,263.7,263.4005614074556
Urea_kg_ha,MLR,291.1,294.2525739251256
Urea_kg_ha,MLR,273.5,294.9358247384259
Urea_kg_ha,MLR,266,241.82992719151486
Urea_kg_ha,MLR,273.4,298.500575329042
Urea_kg_ha,MLR,282,278.9119521180524
Urea_kg_ha,MLR,261.5,267.6559357462126
Urea_kg_ha,MLR,229.8,210.7691260855109
Urea_kg_ha,MLR,303.1,291.13398029505015
Urea_kg_ha,MLR,226.2,216.39705859437277
Urea_kg_ha,MLR,219.5,217.85401276482648
Urea_kg_ha,MLR,223.2,235.8531651436798
Urea_kg_ha,MLR,268.8,258.5670264819135
Urea_kg_ha,MLR,295.2,272.5389786225954
Urea_kg_ha,MLR,210.9,213.66059975486655
Urea_kg_ha,MLR,216.6,227.14551133553582
Urea_kg_ha,MLR,214.1,217.04189927396519
Urea_kg_ha,MLR,286.7,270.94420493492055
Urea_kg_ha,MLR,214.5,237.78245545525115
Urea_kg_ha,MLR,277,276.77179416880045
Urea_kg_ha,MLR,219,221.7524820162866
Urea_kg_ha,MLR,274,291.38124010131406
Urea_kg_ha,MLR,275.5,294.90351543324954
Urea_kg_ha,MLR,291.5,292.8210921912861
Urea_kg_ha,MLR,242.2,239.7589109772324
Urea_kg_ha,MLR,220.9,222.73942713202266
Urea_kg_ha,MLR,226.6,215.8917784269001
Urea_kg_ha,MLR,261.9,280.3355821066474
Urea_kg_ha,MLR,218.6,219.55138825994308
Urea_kg_ha,MLR,212,225.42599977662306
Urea_kg_ha,MLR,273.4,268.6694630535412
Urea_kg_ha,MLR,252.3,253.37297623361005
Urea_kg_ha,MLR,243.5,252.7281774608861
Urea_kg_ha,MLR,279.2,258.2311897023702
Urea_kg_ha,MLR,301.6,289.5386087881612
Urea_kg_ha,MLR,292.5,272.7242260801965
Urea_kg_ha,MLR,273.6,296.5086072060965
Urea_kg_ha,MLR,214.3,224.48735055680206
Urea_kg_ha,MLR,212.2,210.49915451611344
Urea_kg_ha,MLR,275.1,239.3793651543289
Urea_kg_ha,MLR,216,230.49262501526627
Urea_kg_ha,MLR,212.4,222.54139239166602
Urea_kg_ha,MLR,232.6,222.78966109773663
Urea_kg_ha,MLR,202.8,222.71458757588155
Urea_kg_ha,MLR,202.7,226.7919003075155
Urea_kg_ha,MLR,256.4,239.25564168344133
Urea_kg_ha,MLR,228.5,231.8050647298759
Urea_kg_ha,MLR,279.5,253.1928737210827
Urea_kg_ha,MLR,297.2,280.9162255077809
Urea_kg_ha,MLR,285.5,281.5485610147691
Urea_kg_ha,MLR,243.3,261.81792071961115
Urea_kg_ha,MLR,275.1,286.64169580310937
Urea_kg_ha,MLR,281.1,284.9368107331209
Urea_kg_ha,MLR,269,252.10669247123738
Urea_kg_ha,MLR,204.6,234.34062660475175
Urea_kg_ha,MLR,245.4,244.853401280213
Urea_kg_ha,MLR,229.4,220.4055876175122
Urea_kg_ha,MLR,202.7,222.1484138426008
Urea_kg_ha,MLR,209.6,213.3702612608501
Urea_kg_ha,MLR,256.4,242.8466156177021
Urea_kg_ha,MLR,274,243.7183783247497
Urea_kg_ha,MLR,291.5,291.0821877246939
Urea_kg_ha,MLR,266.8,282.276684353411
Urea_kg_ha,MLR,277.7,262.11071370957546
Urea_kg_ha,MLR,266.4,255.68302541847657
Urea_kg_ha,MLR,222.7,230.6332521829295
Urea_kg_ha,MLR,205.2,214.87683891157832
Urea_kg_ha,MLR,298.3,273.8062793451389
Urea_kg_ha,MLR,209.1,211.68816135140628
Urea_kg_ha,MLR,298.6,282.03303020527727
Urea_kg_ha,MLR,230.8,217.75217645383455
Urea_kg_ha,MLR,269.4,297.16789693326314
Urea_kg_ha,MLR,248.5,265.4709741548779
Urea_kg_ha,MLR,246.4,239.8861877939159
Urea_kg_ha,MLR,224,232.5200980230737
Urea_kg_ha,MLR,220,213.63927899185055
Urea_kg_ha,MLR,230.9,225.20495343621738
Urea_kg_ha,MLR,249.6,238.7267225339365
Urea_kg_ha,MLR,270.9,259.1027775304268
Urea_kg_ha,MLR,268.6,281.21318021368313
Urea_kg_ha,MLR,259.1,263.4207445865892
Urea_kg_ha,MLR,223.2,219.33119460664423
Urea_kg_ha,MLR,247,266.03975691219057
Urea_kg_ha,MLR,245.4,245.66064495896495
Urea_kg_ha,MLR,272.7,296.7423385520274
Urea_kg_ha,MLR,223.1,230.1519137656177
Urea_kg_ha,MLR,213.6,214.7841359809856
Urea_kg_ha,MLR,288.1,273.7372597032152
Urea_kg_ha,MLR,211.2,238.51314490461192
Urea_kg_ha,MLR,269.6,245.41574467861477
Urea_kg_ha,MLR,214.3,223.15419510160922
Urea_kg_ha,MLR,209.7,234.1128833508199
Urea_kg_ha,MLR,300.8,288.4816744878138
Urea_kg_ha,MLR,266.3,268.66644017602795
Urea_kg_ha,MLR,245,251.0811766211041
Urea_kg_ha,MLR,275.5,249.96569949276542
Urea_kg_ha,MLR,225.1,231.8290382729751
Urea_kg_ha,MLR,302.1,296.163010500263
Urea_kg_ha,MLR,205.8,224.58235156393079
Urea_kg_ha,MLR,273.2,266.5758261545408
Urea_kg_ha,MLR,271.4,275.26453081675464
Urea_kg_ha,MLR,221.5,212.81909532132798
Urea_kg_ha,MLR,284,287.28319094502626
Urea_kg_ha,MLR,278.6,288.9925683115768
Urea_kg_ha,MLR,252.5,257.26369483087717
Urea_kg_ha,MLR,245.6,250.3038019048987
Urea_kg_ha,MLR,271.9,269.9005876042635
Urea_kg_ha,MLR,268.1,254.43989475248156
Urea_kg_ha,MLR,210.3,226.87174216581113
Urea_kg_ha,MLR,254.7,247.89387610734053
Urea_kg_ha,MLR,201.3,219.86492538647923
Urea_kg_ha,MLR,202.6,219.83750801779598
Urea_kg_ha,MLR,297.4,296.19267543987746
Urea_kg_ha,MLR,210.5,219.9788566945881
Urea_kg_ha,MLR,222.1,213.41728937704826
Urea_kg_ha,MLR,242,260.7626207250723
Urea_kg_ha,MLR,241.9,252.4098110023859
Urea_kg_ha,MLR,223.4,233.76488343202195
Urea_kg_ha,MLR,288.9,273.4153163432219
Urea_kg_ha,MLR,302.2,283.38432414870704
Urea_kg_ha,MLR,282.7,290.01102048613467
Urea_kg_ha,MLR,271.4,275.4538384514277
Urea_kg_ha,MLR,229.4,237.83065135476622
Urea_kg_ha,MLR,213.9,219.83473605279275
Urea_kg_ha,MLR,217.2,232.31890272543606
Urea_kg_ha,MLR,250.7,264.01782489855805
Urea_kg_ha,MLR,272.4,265.46422255025465
Urea_kg_ha,MLR,219.5,216.61465056023263
Urea_kg_ha,MLR,298.5,288.71814036311173
Urea_kg_ha,MLR,276.8,262.39898350476403
Urea_kg_ha,MLR,282.3,296.4556681701933
Urea_kg_ha,MLR,203.8,211.41025334242767
Urea_kg_ha,MLR,302.8,280.6619960098343
Urea_kg_ha,MLR,300.5,280.3764759626382
Urea_kg_ha,MLR,262.7,247.0758398712258
Urea_kg_ha,MLR,272.8,284.4524159929182
Urea_kg_ha,MLR,303.8,279.2097276522068
Urea_kg_ha,MLR,264.7,270.94110229337997
Urea_kg_ha,MLR,245.3,243.99106127257232
Urea_kg_ha,MLR,257.4,256.4726190014502
Urea_kg_ha,MLR,231.5,208.61607322852103
Urea_kg_ha,MLR,209.4,212.07784134700054
Urea_kg_ha,MLR,217,228.81006931047122
Urea_kg_ha,MLR,287.9,286.82039331557746
Urea_kg_ha,MLR,210.8,216.33372950543955
Urea_kg_ha,MLR,228.6,230.40960939257005
Urea_kg_ha,MLR,300.4,282.69299386721207
Urea_kg_ha,MLR,254.5,251.20738897676566
Urea_kg_ha,MLR,263.6,279.37552199856765
Urea_kg_ha,MLR,277.2,286.756935491963
Urea_kg_ha,MLR,247.3,265.49562381665
Urea_kg_ha,MLR,291.4,275.66806321664694
Urea_kg_ha,MLR,294.5,296.35775745386644
Urea_kg_ha,MLR,219.2,209.84146799022284
Urea_kg_ha,MLR,266.5,246.23956010036676
Urea_kg_ha,MLR,224.6,213.75493471217115
Urea_kg_ha,MLR,257,266.0762686847626
Urea_kg_ha,MLR,219,229.69439110541526
Urea_kg_ha,MLR,270.5,283.5829632808472
Urea_kg_ha,MLR,260.9,265.7748617340483
Urea_kg_ha,MLR,221.9,232.77082623498652
Urea_kg_ha,MLR,251.3,260.5141564916673
Urea_kg_ha,MLR,258.2,241.5345519636874
Urea_kg_ha,MLR,302.4,288.15409996070247
Urea_kg_ha,MLR,259,266.33858698824804
Urea_kg_ha,MLR,229.4,233.70925184789402
Urea_kg_ha,MLR,276.2,288.4197211338497
Urea_kg_ha,MLR,272,245.4811392697527
Urea_kg_ha,MLR,277.4,284.44567053546865
Urea_kg_ha,MLR,283.6,282.605870764532
Urea_kg_ha,MLR,267.6,264.73438267579286
Urea_kg_ha,MLR,217.7,221.87198742537694
Urea_kg_ha,MLR,255.4,259.87023925953423
Urea_kg_ha,MLR,301.7,290.45470814846004
Urea_kg_ha,MLR,206.6,209.98134882757495
Urea_kg_ha,MLR,273.5,292.44367355147745
Urea_kg_ha,MLR,257.7,244.5855300802868
Urea_kg_ha,MLR,301.5,292.0031553512455
Urea_kg_ha,MLR,290,296.3836558173088
Urea_kg_ha,MLR,207.9,222.11780773539542
Urea_kg_ha,MLR,274.7,277.42346075336883
Urea_kg_ha,MLR,217.8,222.79360999059074
Urea_kg_ha,MLR,255.1,263.4619015506409
Urea_kg_ha,MLR,213.7,213.57866423848662
Urea_kg_ha,MLR,230.9,230.46587054368925
Urea_kg_ha,MLR,285.2,285.6966173625301
Urea_kg_ha,MLR,218.4,227.49513875051076
Urea_kg_ha,MLR,218.7,225.7234531176466
Urea_kg_ha,MLR,202.9,230.72120629809766
Urea_kg_ha,MLR,228,226.02421487765645
Urea_kg_ha,MLR,266.7,245.51041141955872
Urea_kg_ha,MLR,204.9,216.88601119791323
Urea_kg_ha,MLR,287.8,285.24721226113934
Urea_kg_ha,MLR,277.7,268.64948098119396
Urea_kg_ha,MLR,294.1,281.78904112015124
Urea_kg_ha,MLR,229,212.03484724657804
Urea_kg_ha,MLR,268.1,256.05417144105917
Urea_kg_ha,MLR,283,279.4881267125801
Urea_kg_ha,MLR,233.1,217.9770488028449
Urea_kg_ha,MLR,264.2,271.24243465203404
Urea_kg_ha,MLR,222.9,231.3922926927444
Urea_kg_ha,MLR,248.7,246.5090649864253
Urea_kg_ha,MLR,217.5,226.5476632631271
Urea_kg_ha,MLR,218.1,223.49666994434207
Urea_kg_ha,MLR,293.4,275.6941985171002
Urea_kg_ha,MLR,275.1,280.9047930696699
Urea_kg_ha,MLR,263.9,241.37743485494983
Urea_kg_ha,MLR,263.6,240.48608954080564
Urea_kg_ha,MLR,205.3,218.60393779964596
Urea_kg_ha,MLR,202.3,228.94617332965873
Urea_kg_ha,MLR,245.8,262.2203811921368
Urea_kg_ha,MLR,273.4,253.9906527955819
Urea_kg_ha,MLR,295.6,281.10939471396694
Urea_kg_ha,MLR,285,273.393964508289
Urea_kg_ha,MLR,267.4,251.9631912621413
Urea_kg_ha,MLR,205.5,234.84205383878225
Urea_kg_ha,MLR,293,275.73657575893094
Urea_kg_ha,MLR,205.3,218.613319165385
Urea_kg_ha,MLR,273.3,257.205896393896
Urea_kg_ha,MLR,250.4,263.8447605759374
Urea_kg_ha,MLR,210.6,237.23792905640826
Urea_kg_ha,MLR,244.3,261.0606980946635
Urea_kg_ha,MLR,228.1,212.7095441177707
Urea_kg_ha,MLR,263.4,255.09348525111537
Urea_kg_ha,MLR,241.5,240.41446848451778
Urea_kg_ha,MLR,280.2,259.22071708900427
Urea_kg_ha,MLR,233.7,222.44950507827406
Urea_kg_ha,MLR,210.2,216.50073682027832
Urea_kg_ha,MLR,272.4,241.582801564998
Urea_kg_ha,MLR,230.6,234.7553898302815
Urea_kg_ha,MLR,298.5,286.0137433437014
Urea_kg_ha,MLR,211,232.77554572222905
Urea_kg_ha,MLR,232.5,223.68348987597182
Urea_kg_ha,MLR,263.8,289.7413498508741
Urea_kg_ha,MLR,258.3,250.91506804763094
Urea_kg_ha,MLR,267,283.38850800792613
Urea_kg_ha,MLR,231.5,233.86757208539768
Urea_kg_ha,MLR,279.1,243.26647551981674
Urea_kg_ha,MLR,278.6,292.3154493488101
Urea_kg_ha,MLR,302.4,296.1814161473466
Urea_kg_ha,MLR,257.6,257.72886457749223
Urea_kg_ha,MLR,220.6,225.83677435499757
Urea_kg_ha,MLR,221.6,207.98300841082204
Urea_kg_ha,MLR,282.7,279.3940654206615
Urea_kg_ha,MLR,256.3,264.32157088091975
Urea_kg_ha,MLR,245,249.75643691943117
Urea_kg_ha,MLR,202.6,236.01435824525643
Urea_kg_ha,MLR,298.8,293.8090752889681
Urea_kg_ha,MLR,225.6,220.16334825255856
Urea_kg_ha,MLR,278.7,267.00328215497285
Urea_kg_ha,MLR,255.5,243.6335519272969
Urea_kg_ha,MLR,207.6,227.24814165229273
Urea_kg_ha,MLR,264,271.1137758707278
Urea_kg_ha,MLR,226.2,218.7041819107054
Urea_kg_ha,MLR,248.9,240.25620202322327
Urea_kg_ha,MLR,228.3,230.55655145595662
Urea_kg_ha,MLR,206.2,214.07723976303902
Urea_kg_ha,MLR,250.7,260.33538009797314
Urea_kg_ha,MLR,203.7,230.69754141375284
Urea_kg_ha,MLR,220.8,223.32691587876144
Urea_kg_ha,MLR,267.4,262.55612927419924
Urea_kg_ha,MLR,296.8,297.76447107582203
Urea_kg_ha,MLR,277.8,261.7703271658065
Urea_kg_ha,MLR,256.3,246.8136041192318
Urea_kg_ha,MLR,218.3,212.97324496314994
Urea_kg_ha,MLR,246.5,254.92063783182084
Urea_kg_ha,MLR,220.7,230.84230671529133
Urea_kg_ha,MLR,262.9,281.19047957204737
Urea_kg_ha,MLR,285.7,291.5652549341173
Urea_kg_ha,MLR,281.9,288.83865558278853
Urea_kg_ha,MLR,209.1,228.228109440222
Urea_kg_ha,MLR,300.3,279.14055003210586
Urea_kg_ha,MLR,214.4,222.6742524054772
Urea_kg_ha,MLR,248.8,241.13376890344517
Urea_kg_ha,MLR,218,233.3620065445141
Urea_kg_ha,MLR,230.7,232.2916813996052
Urea_kg_ha,MLR,231.9,219.77310938274303
Urea_kg_ha,MLR,289.9,279.79881347164053
Urea_kg_ha,MLR,289.8,287.602094418376
Urea_kg_ha,MLR,245.4,248.1631018640545
Urea_kg_ha,MLR,283.4,269.63349658574197
Urea_kg_ha,MLR,261,265.2121098190265
Urea_kg_ha,MLR,267.1,268.62297734570825
Urea_kg_ha,MLR,245.7,241.92160781242424
Urea_kg_ha,MLR,256.3,256.4204337418688
Urea_kg_ha,MLR,263.5,246.34839151266488
Urea_kg_ha,MLR,291.7,292.67545950922477
Urea_kg_ha,MLR,202.6,230.4520395076915
Urea_kg_ha,MLR,229.4,219.02880565259667
Urea_kg_ha,MLR,298,281.770974488841
Urea_kg_ha,MLR,280.2,292.9023427338399
Urea_kg_ha,MLR,251.4,242.46740845093058
Urea_kg_ha,MLR,270.2,273.4822151038175
Urea_kg_ha,MLR,242.9,245.94643216120787
Urea_kg_ha,MLR,273.9,257.6796183261697
Urea_kg_ha,MLR,301.6,274.54887431717765
Urea_kg_ha,MLR,284,285.1652913096041
Urea_kg_ha,MLR,275.1,244.1046496038264
Urea_kg_ha,MLR,272.8,293.76524711618356
Urea_kg_ha,MLR,279.9,249.22632978453424
Urea_kg_ha,MLR,245.2,237.1974134021439
Urea_kg_ha,MLR,290.5,289.19397176001496
Urea_kg_ha,MLR,275.2,277.4444893468244
Urea_kg_ha,MLR,279.4,285.05656058211474
Urea_kg_ha,MLR,251.1,245.07826398410913
Urea_kg_ha,MLR,285.7,293.5368922986878
Urea_kg_ha,MLR,278.6,269.16124970933606
Urea_kg_ha,MLR,211,237.18798883434127
Urea_kg_ha,MLR,204.4,209.18500245670867
Urea_kg_ha,MLR,211.2,231.64344481868147
Urea_kg_ha,MLR,221.9,214.32855566528204
Urea_kg_ha,MLR,262.3,260.0199546813312
Urea_kg_ha,MLR,233.7,236.2648151410253
Urea_kg_ha,MLR,214.3,230.87346642213208
Urea_kg_ha,MLR,281.7,296.200618542106
Urea_kg_ha,MLR,256.3,261.8731152534239
Urea_kg_ha,MLR,202.3,237.28051467197594
Urea_kg_ha,MLR,229.2,237.41487532648873
Urea_kg_ha,MLR,203.6,215.51607076964123
Urea_kg_ha,MLR,266.2,278.9411234616195
Urea_kg_ha,MLR,227.9,240.9616801148387
Urea_kg_ha,MLR,294.8,275.3850435667734
Urea_kg_ha,MLR,277.1,287.3680061557335
Urea_kg_ha,MLR,265,295.8528176195969
Urea_kg_ha,MLR,250.1,264.6335526581422
Urea_kg_ha,MLR,294.4,282.6580902732323
Urea_kg_ha,MLR,214.4,229.54125846700435
Urea_kg_ha,MLR,207.2,212.15862735374546
Urea_kg_ha,MLR,292,271.7076579927861
Urea_kg_ha,MLR,268.9,257.12523562817887
Urea_kg_ha,MLR,269.7,240.62078527836223
Urea_kg_ha,MLR,267.5,263.13953403635685
Urea_kg_ha,MLR,268.9,287.11042106448843
Urea_kg_ha,MLR,270.4,294.13589654997924
Urea_kg_ha,MLR,230.5,233.53546636272466
Urea_kg_ha,MLR,232.8,212.8036603957759
Urea_kg_ha,MLR,215.5,212.04303929348436
Urea_kg_ha,MLR,269.9,295.7920531737118
Urea_kg_ha,MLR,273.1,263.3291089883613
Urea_kg_ha,MLR,263,286.4928711142913
Urea_kg_ha,MLR,294.4,290.9487590497056
Urea_kg_ha,MLR,282.6,283.6881996146378
Urea_kg_ha,MLR,275.4,254.41380467921326
Urea_kg_ha,MLR,229.9,227.7141587055944
Urea_kg_ha,MLR,283.3,292.87039159131024
Urea_kg_ha,MLR,293.2,276.4964905039608
Urea_kg_ha,MLR,302.3,288.1401214809133
Urea_kg_ha,MLR,262.1,239.4284304083133
Urea_kg_ha,MLR,211.3,212.6131473807448
Urea_kg_ha,MLR,255.7,258.72043799842277
Urea_kg_ha,MLR,267.3,291.1870458268551
Urea_kg_ha,MLR,265.5,273.29463799472427
Urea_kg_ha,MLR,230.9,219.842549743432
Urea_kg_ha,MLR,222.8,233.88158491867446
Urea_kg_ha,MLR,206.4,217.8865896979227
Urea_kg_ha,MLR,253.1,260.8067016550517
Urea_kg_ha,MLR,244.8,239.33789351291315
Urea_kg_ha,MLR,224.4,217.82900868473192
Urea_kg_ha,MLR,267.1,265.59034324085
Urea_kg_ha,MLR,254.4,265.2877828878904
Urea_kg_ha,MLR,275.9,268.53546740872076
Urea_kg_ha,MLR,283.4,294.7692786199656
Urea_kg_ha,MLR,278.3,248.4408797074279
Urea_kg_ha,MLR,215.1,237.21380372532317
Urea_kg_ha,MLR,241.4,253.20212585446149
Urea_kg_ha,MLR,272.6,287.36917414989443
Urea_kg_ha,MLR,202.3,238.59013776226388
Urea_kg_ha,MLR,274.8,275.4420757190617
Urea_kg_ha,MLR,245.8,267.42802642712905
Urea_kg_ha,MLR,272.3,292.5375371959176
Urea_kg_ha,MLR,204.2,209.60450543968844
Urea_kg_ha,MLR,298.2,276.11643195737855
Urea_kg_ha,MLR,244,262.07477401857085
Urea_kg_ha,MLR,273.5,242.66318227335174
Urea_kg_ha,MLR,268.6,266.6584385374429
Urea_kg_ha,MLR,294.9,288.2346603090519
Urea_kg_ha,MLR,261.8,273.9484040047253
Urea_kg_ha,MLR,288,276.87502459372996
Urea_kg_ha,MLR,212.4,224.24567342205867
Urea_kg_ha,MLR,276.6,286.7257202981319
Urea_kg_ha,MLR,277.8,279.47000512968225
Urea_kg_ha,MLR,202.9,227.27724516189406
Urea_kg_ha,MLR,216,215.49057415544942
Urea_kg_ha,MLR,299,271.313663121433
Urea_kg_ha,MLR,217.1,234.80886576239055
Urea_kg_ha,MLR,256.8,246.440486870113
Urea_kg_ha,MLR,271.8,276.60462972806664
Urea_kg_ha,MLR,223.3,227.72506352820898
Urea_kg_ha,MLR,214.5,225.31787230805344
Urea_kg_ha,MLR,244.4,253.2110420111944
Urea_kg_ha,MLR,212.1,224.17404488281744
Urea_kg_ha,MLR,264.2,260.74379138779443
Urea_kg_ha,MLR,212.8,212.65029261281666
Urea_kg_ha,MLR,299.6,280.92366788341667
Urea_kg_ha,MLR,269.9,242.34518414152123
Urea_kg_ha,MLR,283.3,280.00914944052596
Urea_kg_ha,MLR,291.5,279.9077039762478
Urea_kg_ha,MLR,270.7,288.3430804667339
Urea_kg_ha,MLR,215.4,229.6409218601146
Urea_kg_ha,MLR,226.9,213.59903326732763
Urea_kg_ha,MLR,208.5,238.42008836120962
Urea_kg_ha,MLR,204.5,232.24278357845537
Urea_kg_ha,MLR,269.5,244.44405279126357
Urea_kg_ha,MLR,202.4,237.0826789717179
Urea_kg_ha,MLR,297,278.15415894145036
Urea_kg_ha,MLR,221.9,223.1094184699209
Urea_kg_ha,MLR,217.3,236.56278332358053
Urea_kg_ha,MLR,261.9,256.4654755062644
Urea_kg_ha,MLR,222,228.2644611878765
Urea_kg_ha,MLR,271.8,275.9312839810657
Urea_kg_ha,MLR,279.4,246.03476050850765
Urea_kg_ha,MLR,291.4,282.11993152235505
Urea_kg_ha,MLR,246.8,268.0383630119465
Urea_kg_ha,MLR,275.5,285.4874602437488
Urea_kg_ha,MLR,285.6,272.6352431037681
Urea_kg_ha,MLR,292.5,284.1657061351209
Urea_kg_ha,MLR,209.2,221.1270791706013
Urea_kg_ha,MLR,277.1,269.509955237867
Urea_kg_ha,MLR,216.9,235.5161452847128
Urea_kg_ha,MLR,208.1,211.36511374351397
Urea_kg_ha,MLR,301.7,273.09281504931363
Urea_kg_ha,MLR,264.2,242.24652013892913
Urea_kg_ha,MLR,273.3,253.2289625324709
Urea_kg_ha,MLR,269.9,247.41382037725884
Urea_kg_ha,MLR,267,260.27109687560363
Urea_kg_ha,MLR,229.4,211.51702629525352
Urea_kg_ha,MLR,265.1,242.01070479478997
Urea_kg_ha,MLR,257.1,249.8436103581542
Urea_kg_ha,MLR,231.6,215.37103387546983
Urea_kg_ha,MLR,273.7,288.67551876125054
Urea_kg_ha,MLR,203,225.6004848343964
Urea_kg_ha,MLR,206.2,226.89335478967632
Urea_kg_ha,MLR,282.9,276.9573828924688
Urea_kg_ha,MLR,285.3,284.1109686888841
Urea_kg_ha,MLR,229.5,210.94094937826893
Urea_kg_ha,MLR,207.4,224.90425658291272
Urea_kg_ha,MLR,264.4,253.57639800667297
Urea_kg_ha,MLR,224.3,224.9591945122505
Urea_kg_ha,MLR,257.5,260.64710184388036
Urea_kg_ha,MLR,272.4,258.6876204827642
Urea_kg_ha,MLR,204.6,216.20904760519684
Urea_kg_ha,MLR,242,246.94066466989617
Urea_kg_ha,MLR,264.4,291.90994796957307
Urea_kg_ha,MLR,226.2,226.35566679720606
Urea_kg_ha,MLR,287.6,290.869089903513
Urea_kg_ha,MLR,269.1,263.6953206995277
Urea_kg_ha,MLR,257.7,267.90758885432706
Urea_kg_ha,MLR,265,257.68458340184935
Urea_kg_ha,MLR,274.1,282.26833641968864
Urea_kg_ha,MLR,217.2,235.30648973599025
Urea_kg_ha,MLR,268.6,265.04514025312506
Urea_kg_ha,MLR,279.7,291.53628684844824
Urea_kg_ha,MLR,259.4,266.5317404399038
Urea_kg_ha,MLR,249.1,266.0059691121203
Urea_kg_ha,MLR,220,209.47499271542884
Urea_kg_ha,MLR,274.7,267.92021924358994
Urea_kg_ha,MLR,220.3,229.12651511022204
Urea_kg_ha,MLR,264.2,243.51422164074
Urea_kg_ha,MLR,270.3,295.0200836668716
Urea_kg_ha,MLR,263.4,287.0424480713555
Urea_kg_ha,MLR,247.2,269.00254657245927
Urea_kg_ha,MLR,261.9,281.4958304592206
Urea_kg_ha,MLR,251,264.8287822049234
Urea_kg_ha,MLR,258.9,248.10383930380962
Urea_kg_ha,MLR,248.4,260.30150930419194
Urea_kg_ha,MLR,204.8,225.74784374522088
Urea_kg_ha,MLR,268.7,287.2341249102767
Urea_kg_ha,MLR,298.4,274.91275832874413
Urea_kg_ha,MLR,301.9,275.873361303153
Urea_kg_ha,MLR,206.2,219.4333393558474
Urea_kg_ha,MLR,215.6,212.09852108656594
Urea_kg_ha,MLR,220.2,226.57110583946732
Urea_kg_ha,MLR,272.8,257.1492878440693
Urea_kg_ha,MLR,222.6,212.69979433345253
Urea_kg_ha,MLR,283.2,291.1636404576789
Urea_kg_ha,MLR,203.3,218.2387853884326
Urea_kg_ha,MLR,230.4,216.26371753726409
Urea_kg_ha,MLR,280.4,282.8846690115918
Urea_kg_ha,MLR,248.1,261.76971145446345
Urea_kg_ha,MLR,281.1,294.83626409606364
Urea_kg_ha,MLR,284.4,291.16950641584
Urea_kg_ha,MLR,212.4,240.14228000095093
Urea_kg_ha,MLR,229.2,219.94831129991468
Urea_kg_ha,MLR,229.7,216.14384326738448
Urea_kg_ha,MLR,300,291.6887138731753
Urea_kg_ha,MLR,241.9,251.85952930044687
Urea_kg_ha,MLR,233.6,238.65745211451912
Urea_kg_ha,MLR,252.1,251.33563720236938
Urea_kg_ha,MLR,280.1,297.0480620721697
Urea_kg_ha,MLR,269.8,291.4675693649844
Urea_kg_ha,MLR,229.8,218.0415864532225
Urea_kg_ha,MLR,263.2,244.83622495171204
Urea_kg_ha,MLR,282.5,285.56225236442356
Urea_kg_ha,MLR,275.2,288.35214025076925
Urea_kg_ha,MLR,269.4,284.0213331684412
Urea_kg_ha,MLR,215.1,229.83862167042219
Urea_kg_ha,MLR,283.4,278.0686158916547
Urea_kg_ha,MLR,250.6,245.734074501782
Urea_kg_ha,MLR,244,243.07428237726054
Urea_kg_ha,MLR,272.9,254.24614742957453
Urea_kg_ha,MLR,299.1,284.42895967402217
Urea_kg_ha,MLR,270.7,285.8053038167085
Urea_kg_ha,MLR,292.1,280.3138433068549
Urea_kg_ha,MLR,213.8,238.39752122904133
Urea_kg_ha,MLR,220.4,221.77726024464008
Urea_kg_ha,MLR,202.9,212.79941368179047
Urea_kg_ha,MLR,267.7,297.35504939896856
Urea_kg_ha,MLR,242.1,259.33748614666956
Urea_kg_ha,MLR,226.9,218.44975387697934
Urea_kg_ha,MLR,251.3,247.23327156904386
Urea_kg_ha,MLR,263.9,281.26263387140335
Urea_kg_ha,MLR,297.1,286.6023593060126
Urea_kg_ha,MLR,249.3,242.6527962896959
Urea_kg_ha,MLR,257.1,240.61926542771425
Urea_kg_ha,MLR,286.3,295.94696165027733
Urea_kg_ha,MLR,263.9,260.5492712597952
Urea_kg_ha,MLR,275.9,295.57904222213693
Urea_kg_ha,MLR,275.4,280.4710079855348
Urea_kg_ha,MLR,217.5,217.7263952952481
Urea_kg_ha,MLR,231.1,223.79169046575794
Urea_kg_ha,MLR,273.3,264.1974418803653
Urea_kg_ha,MLR,222.3,223.77796120801727
Urea_kg_ha,MLR,246.6,247.86945674045796
Urea_kg_ha,MLR,268.3,244.50456198808342
Urea_kg_ha,MLR,211.2,226.18482894541847
Urea_kg_ha,MLR,279.7,243.51641141050854
Urea_kg_ha,MLR,270.9,241.03369963195073
Urea_kg_ha,MLR,270.5,283.39215969407917
Urea_kg_ha,MLR,281.9,294.02251737014393
Urea_kg_ha,MLR,228.1,236.0262150911571
Urea_kg_ha,MLR,211.3,216.53744313769147
Urea_kg_ha,MLR,259.4,251.54089321569978
Urea_kg_ha,MLR,294.5,292.0148508458329
Urea_kg_ha,MLR,296.3,292.91303705605003
Urea_kg_ha,MLR,209.7,212.36981372429466
Urea_kg_ha,MLR,219.3,228.33567655768462
Urea_kg_ha,MLR,264.2,295.4685149365371
Urea_kg_ha,MLR,284.9,276.1833199342685
Urea_kg_ha,MLR,266.5,251.33955667214943
Urea_kg_ha,MLR,254.7,258.9594263155926
Urea_kg_ha,MLR,252.9,255.57641673973646
Urea_kg_ha,MLR,274.2,270.43777347490965
Urea_kg_ha,MLR,213.1,219.63762009240952
Urea_kg_ha,MLR,260.3,247.51974828343285
Urea_kg_ha,MLR,249.2,260.5795404874315
Urea_kg_ha,MLR,217.6,211.60217460705076
Urea_kg_ha,MLR,283.3,268.850838244255
Urea_kg_ha,MLR,205.6,214.22903145020763
Urea_kg_ha,MLR,279.7,244.09545650764716
Urea_kg_ha,MLR,287.4,284.3627810238661
Urea_kg_ha,MLR,210.5,239.04328688528508
Urea_kg_ha,MLR,244.7,238.1848240268701
Urea_kg_ha,MLR,259.4,265.8248922818413
Urea_kg_ha,MLR,279.9,262.7731534052465
Urea_kg_ha,MLR,259.6,241.81996019020633
Urea_kg_ha,MLR,224.2,221.73769904127738
Urea_kg_ha,MLR,261.7,267.0512454626404
Urea_kg_ha,MLR,275.1,297.459036549683
Urea_kg_ha,MLR,302.2,281.5641604577042
Urea_kg_ha,MLR,276.5,285.4698195821164
Urea_kg_ha,MLR,288.4,276.05419766803755
Urea_kg_ha,MLR,272.9,289.2207907878819
Urea_kg_ha,MLR,251.9,262.2419220424738
Urea_kg_ha,MLR,210,237.36510324179037
Urea_kg_ha,MLR,245.8,248.10397271490774
Urea_kg_ha,MLR,269.8,246.18700930187745
Urea_kg_ha,MLR,285.6,272.6526741838788
Urea_kg_ha,MLR,220.6,211.1591102610356
Urea_kg_ha,MLR,277.8,265.7773191196949
Urea_kg_ha,MLR,257.1,247.83568193842584
Urea_kg_ha,MLR,262.4,286.8523242283653
Urea_kg_ha,MLR,205.3,219.97339323827367
Urea_kg_ha,MLR,218.4,218.56782915666196
Urea_kg_ha,MLR,230.9,213.5281379169835
Urea_kg_ha,MLR,211.1,236.94901211982543
Urea_kg_ha,MLR,288.3,279.28351015341343
Urea_kg_ha,MLR,263.3,281.4296505511395
Urea_kg_ha,MLR,252.6,263.3263580207285
Urea_kg_ha,MLR,283.5,281.387768525711
Urea_kg_ha,MLR,210.6,218.08442445596177
Urea_kg_ha,MLR,270,241.01526416855242
Urea_kg_ha,MLR,284.2,273.3894497701855
Urea_kg_ha,MLR,230.5,234.66272540573036
Urea_kg_ha,MLR,272.7,250.95784370810665
Urea_kg_ha,MLR,217.6,219.61877717442357
Urea_kg_ha,MLR,268.6,246.59245479094855
Urea_kg_ha,MLR,271.3,247.55197460656058
Urea_kg_ha,MLR,266.1,268.1566955634335
Urea_kg_ha,MLR,254.9,239.6355725038074
Urea_kg_ha,MLR,296.8,273.1780711177343
Urea_kg_ha,MLR,264.6,271.2247108949665
Urea_kg_ha,MLR,253,263.1718813088706
Urea_kg_ha,MLR,218.5,222.62676432433926
Urea_kg_ha,MLR,241.6,266.82348203582575
Urea_kg_ha,MLR,250.4,259.5236787929818
Urea_kg_ha,MLR,257.1,248.62668585483829
Urea_kg_ha,MLR,248,264.1183559760526
Urea_kg_ha,MLR,254,245.3907374409036
Urea_kg_ha,MLR,297.8,281.3204612592231
Urea_kg_ha,MLR,299.9,295.79187501374645
Urea_kg_ha,MLR,255.4,259.33245920179263
Urea_kg_ha,MLR,217.2,226.89709870767885
Urea_kg_ha,MLR,208.1,221.09612370209857
Urea_kg_ha,MLR,244.8,257.62104303742757
Urea_kg_ha,MLR,221,214.21954470797422
Urea_kg_ha,MLR,278.1,263.6105854984395
Urea_kg_ha,MLR,280,263.3607393209472
Urea_kg_ha,MLR,225,225.67592498322273
Urea_kg_ha,MLR,245.5,266.14749540623535
Urea_kg_ha,MLR,268.6,245.03238744722827
Urea_kg_ha,MLR,220.2,225.34926691868353
Urea_kg_ha,MLR,245.3,255.64093224013044
Urea_kg_ha,MLR,252.1,266.97731594605557
Urea_kg_ha,MLR,278.3,271.75158125205786
Urea_kg_ha,MLR,217.2,236.08934944665856
Urea_kg_ha,MLR,207.8,215.7035069812011
Urea_kg_ha,MLR,271.8,285.90791789969336
Urea_kg_ha,MLR,290.6,267.9137416031455
Urea_kg_ha,MLR,231.7,224.8010685012897
Urea_kg_ha,MLR,207.3,215.95153031671785
Urea_kg_ha,MLR,264.4,293.3777265779211
Urea_kg_ha,MLR,270.4,261.69134652480375
Urea_kg_ha,MLR,298.4,289.0291166248766
Urea_kg_ha,MLR,210.4,221.29414529238028
Urea_kg_ha,MLR,226.6,209.46839525597284
Urea_kg_ha,MLR,208.4,221.19509268616667
Urea_kg_ha,MLR,288.6,271.1562962747403
Urea_kg_ha,MLR,272.5,278.6763244938126
Urea_kg_ha,MLR,270.5,259.0315498656652
Urea_kg_ha,MLR,272,246.02616438232477
Urea_kg_ha,MLR,242.3,248.29561066200438
Urea_kg_ha,MLR,210.4,221.5989315502154
Urea_kg_ha,MLR,296.8,286.8777503043685
Urea_kg_ha,MLR,284.8,270.2490710505709
Urea_kg_ha,MLR,208.1,209.04235035465456
Urea_kg_ha,MLR,224.5,228.9358186141496
Urea_kg_ha,MLR,227.9,227.0239777621196
Urea_kg_ha,MLR,246.3,257.52191627388737
Urea_kg_ha,MLR,270.6,261.49715354223645
Urea_kg_ha,MLR,254.8,246.94268180524296
Urea_kg_ha,MLR,270.8,297.43497657737277
Urea_kg_ha,MLR,209.9,223.621541198732
Urea_kg_ha,MLR,271.7,295.20491861177015
Urea_kg_ha,MLR,303.4,279.36508699594845
Urea_kg_ha,MLR,269.8,290.30808846224824
Urea_kg_ha,MLR,303.6,285.7222876008691
Urea_kg_ha,MLR,257,253.94141911386262
Urea_kg_ha,MLR,287.9,269.8541190387381
Urea_kg_ha,MLR,233.3,217.19313299823878
Urea_kg_ha,MLR,302,284.02972395818955
Urea_kg_ha,MLR,214.4,224.89169213531224
Urea_kg_ha,MLR,241.9,259.4293588566514
Urea_kg_ha,MLR,227.5,233.44056757265463
Urea_kg_ha,MLR,213.1,223.65117917817267
Urea_kg_ha,MLR,264.7,293.11039509337536
Urea_kg_ha,MLR,219.2,232.97664469303078
Urea_kg_ha,MLR,285.4,281.3779982614893
Urea_kg_ha,MLR,231.6,230.5838619434376
Urea_kg_ha,MLR,243.5,241.3275264307318
Urea_kg_ha,MLR,290,276.9442191288187
Urea_kg_ha,MLR,252.9,262.5305872978074
Urea_kg_ha,MLR,228.2,233.20870609760473
Urea_kg_ha,MLR,211.8,228.03141064354983
Urea_kg_ha,MLR,271,275.03056936310134
Urea_kg_ha,MLR,241.5,255.23266022105952
Urea_kg_ha,MLR,254.3,241.7195154463006
Urea_kg_ha,MLR,209.3,213.4454281177711
Urea_kg_ha,MLR,206.5,218.7291848745538
Urea_kg_ha,MLR,293.5,292.06321422070226
Urea_kg_ha,MLR,242.6,253.4840595559305
Urea_kg_ha,MLR,227.8,230.66395545796283
Urea_kg_ha,Ridge,279.3,260.83000899002985
Urea_kg_ha,Ridge,249.6,259.8452034133028
Urea_kg_ha,Ridge,267.3,269.40024186487994
Urea_kg_ha,Ridge,213,217.0746751703393
Urea_kg_ha,Ridge,265.5,276.04883056427326
Urea_kg_ha,Ridge,217.2,218.82504787051755
Urea_kg_ha,Ridge,276.5,270.4232071944948
Urea_kg_ha,Ridge,303.2,280.84444882624047
Urea_kg_ha,Ridge,291.4,276.03012463460976
Urea_kg_ha,Ridge,226.2,234.81079863871722
Urea_kg_ha,Ridge,221.4,215.26809777756097
Urea_kg_ha,Ridge,281.4,279.2188729663011
Urea_kg_ha,Ridge,269.2,242.88976204314483
Urea_kg_ha,Ridge,253.6,248.1158539902502
Urea_kg_ha,Ridge,300.8,273.50389870074974
Urea_kg_ha,Ridge,273,264.3241863095033
Urea_kg_ha,Ridge,275.4,257.69410219023473
Urea_kg_ha,Ridge,266.1,283.93890110977094
Urea_kg_ha,Ridge,217.8,224.6424211297472
Urea_kg_ha,Ridge,214.7,222.29910903752585
Urea_kg_ha,Ridge,261.6,265.28104016057404
Urea_kg_ha,Ridge,302.2,277.6604347710663
Urea_kg_ha,Ridge,282.2,273.2226469617684
Urea_kg_ha,Ridge,271.5,279.85486675693227
Urea_kg_ha,Ridge,253.9,265.2983538556686
Urea_kg_ha,Ridge,288.8,267.6864656077299
Urea_kg_ha,Ridge,266.2,293.4941032851537
Urea_kg_ha,Ridge,271.7,272.3757652335583
Urea_kg_ha,Ridge,261.6,289.9324336251433
Urea_kg_ha,Ridge,262.4,283.4141065435743
Urea_kg_ha,Ridge,301.3,279.656117486252
Urea_kg_ha,Ridge,279.6,274.63688618007006
Urea_kg_ha,Ridge,274.6,266.5289519932749
Urea_kg_ha,Ridge,285.6,271.60461434793234
Urea_kg_ha,Ridge,295.7,272.1653996390307
Urea_kg_ha,Ridge,229.4,212.6114995342052
Urea_kg_ha,Ridge,264.5,249.93467573543052
Urea_kg_ha,Ridge,227.9,228.095141500162
Urea_kg_ha,Ridge,226.2,215.22430484902796
Urea_kg_ha,Ridge,249.8,241.7263150632803
Urea_kg_ha,Ridge,287.8,269.93598629061637
Urea_kg_ha,Ridge,243.4,257.3811885953235
Urea_kg_ha,Ridge,272.5,259.86718923401355
Urea_kg_ha,Ridge,258.5,242.27484003923186
Urea_kg_ha,Ridge,244.4,254.48288881696286
Urea_kg_ha,Ridge,301.9,282.82905147091554
Urea_kg_ha,Ridge,219.2,234.45397680458964
Urea_kg_ha,Ridge,202.4,219.16601802168051
Urea_kg_ha,Ridge,268.9,254.6794544950335
Urea_kg_ha,Ridge,281.5,290.7785048321621
Urea_kg_ha,Ridge,259.9,255.35160936395417
Urea_kg_ha,Ridge,248.1,239.5824943965124
Urea_kg_ha,Ridge,261,253.14662346440593
Urea_kg_ha,Ridge,274.9,241.98950159472645
Urea_kg_ha,Ridge,256.5,260.5014767595592
Urea_kg_ha,Ridge,288.7,274.45228787901107
Urea_kg_ha,Ridge,256.4,245.76557463609385
Urea_kg_ha,Ridge,278.9,244.19231880523105
Urea_kg_ha,Ridge,207.5,224.58519523529606
Urea_kg_ha,Ridge,210.3,213.57618632267912
Urea_kg_ha,Ridge,270.7,241.92372144921757
Urea_kg_ha,Ridge,214.6,233.40995382788526
Urea_kg_ha,Ridge,275.9,287.48168310434636
Urea_kg_ha,Ridge,265.8,280.06823289858414
Urea_kg_ha,Ridge,278.5,247.11712912031118
Urea_kg_ha,Ridge,223,221.49827914414522
Urea_kg_ha,Ridge,244.9,265.0642381864287
Urea_kg_ha,Ridge,287.6,279.3044077850172
Urea_kg_ha,Ridge,203.9,218.62238340911156
Urea_kg_ha,Ridge,265.6,251.05292422445507
Urea_kg_ha,Ridge,233.3,219.70051915211246
Urea_kg_ha,Ridge,259.7,250.70102811899974
Urea_kg_ha,Ridge,273.1,257.656336898982
Urea_kg_ha,Ridge,280.3,242.95592434351764
Urea_kg_ha,Ridge,246.4,249.4962505464646
Urea_kg_ha,Ridge,228.9,231.27421826807438
Urea_kg_ha,Ridge,284.8,285.893178848333
Urea_kg_ha,Ridge,242.5,256.6477040611204
Urea_kg_ha,Ridge,270.4,279.29275701798286
Urea_kg_ha,Ridge,278,292.4056154716143
Urea_kg_ha,Ridge,260.6,253.21678043600653
Urea_kg_ha,Ridge,302.9,282.45736605686955
Urea_kg_ha,Ridge,250.7,256.59555188134124
Urea_kg_ha,Ridge,205.3,225.53255523441655
Urea_kg_ha,Ridge,230.3,213.5189515993148
Urea_kg_ha,Ridge,267.5,240.10947153352274
Urea_kg_ha,Ridge,276.8,290.68899001162384
Urea_kg_ha,Ridge,273.1,269.3754099418041
Urea_kg_ha,Ridge,249.5,245.81699975628183
Urea_kg_ha,Ridge,287.6,281.42267755796837
Urea_kg_ha,Ridge,281,274.21454853210037
Urea_kg_ha,Ridge,270.6,256.0977356758523
Urea_kg_ha,Ridge,291.6,275.0276477590331
Urea_kg_ha,Ridge,254.1,255.5488338653347
Urea_kg_ha,Ridge,262.4,240.24641088738775
Urea_kg_ha,Ridge,270.5,263.93505736697387
Urea_kg_ha,Ridge,252.4,252.19809071568423
Urea_kg_ha,Ridge,233.3,219.7949994942865
Urea_kg_ha,Ridge,271.8,287.24648723937275
Urea_kg_ha,Ridge,303,274.0117319091676
Urea_kg_ha,Ridge,256.9,252.6590733151855
Urea_kg_ha,Ridge,273.3,253.9617674460035
Urea_kg_ha,Ridge,300.8,279.5702247372892
Urea_kg_ha,Ridge,204.8,215.7313315525263
Urea_kg_ha,Ridge,206.1,230.1714952046851
Urea_kg_ha,Ridge,218.5,233.5349895243846
Urea_kg_ha,Ridge,293.6,283.83262542862565
Urea_kg_ha,Ridge,275.7,248.40575283149613
Urea_kg_ha,Ridge,277.4,277.04965642596744
Urea_kg_ha,Ridge,216.2,231.6228561182143
Urea_kg_ha,Ridge,274.2,291.0720020772681
Urea_kg_ha,Ridge,275.6,267.0403059150614
Urea_kg_ha,Ridge,206,226.31939374307714
Urea_kg_ha,Ridge,202.2,236.13389397743282
Urea_kg_ha,Ridge,298.6,276.42648044034587
Urea_kg_ha,Ridge,297.3,294.00600931799397
Urea_kg_ha,Ridge,205.3,219.29829875903872
Urea_kg_ha,Ridge,272.5,254.75118709435472
Urea_kg_ha,Ridge,267.8,270.8140984460206
Urea_kg_ha,Ridge,288.6,287.1991202945047
Urea_kg_ha,Ridge,262.6,266.9938640373432
Urea_kg_ha,Ridge,299.9,289.71799420015697
Urea_kg_ha,Ridge,278.4,258.2359379922325
Urea_kg_ha,Ridge,261.1,259.123694890304
Urea_kg_ha,Ridge,277.8,263.5905103386297
Urea_kg_ha,Ridge,277.4,246.37026734790513
Urea_kg_ha,Ridge,204.8,224.30913162849262
Urea_kg_ha,Ridge,205.2,238.12896162591872
Urea_kg_ha,Ridge,220.4,219.02284582926714
Urea_kg_ha,Ridge,212,216.49010114483784
Urea_kg_ha,Ridge,201.2,225.44055483529255
Urea_kg_ha,Ridge,205.7,228.99007597984834
Urea_kg_ha,Ridge,201.5,221.5609653588946
Urea_kg_ha,Ridge,259.1,252.77677904373115
Urea_kg_ha,Ridge,218.2,234.5577554854922
Urea_kg_ha,Ridge,285.1,294.53061411641903
Urea_kg_ha,Ridge,301.5,269.30618491351186
Urea_kg_ha,Ridge,257.3,266.55247962695
Urea_kg_ha,Ridge,224.6,236.82395280764186
Urea_kg_ha,Ridge,207.9,216.4573774399561
Urea_kg_ha,Ridge,303.1,271.20521272728325
Urea_kg_ha,Ridge,277.1,255.82204768153196
Urea_kg_ha,Ridge,299.6,267.4647839460972
Urea_kg_ha,Ridge,277.6,280.12102456535484
Urea_kg_ha,Ridge,295.3,272.34104870946453
Urea_kg_ha,Ridge,212.9,227.3371590016867
Urea_kg_ha,Ridge,272.9,250.97300006117948
Urea_kg_ha,Ridge,223.7,231.2841828104466
Urea_kg_ha,Ridge,253,251.66880716057733
Urea_kg_ha,Ridge,275.1,256.2771473967264
Urea_kg_ha,Ridge,272.3,266.15140120416004
Urea_kg_ha,Ridge,287.5,283.0121500287105
Urea_kg_ha,Ridge,201.9,225.20720063104454
Urea_kg_ha,Ridge,229.5,211.9059067829707
Urea_kg_ha,Ridge,276.3,288.2415258745962
Urea_kg_ha,Ridge,270.2,245.57600377078566
Urea_kg_ha,Ridge,213.6,229.52038266367063
Urea_kg_ha,Ridge,279.1,280.8617116589267
Urea_kg_ha,Ridge,288.9,275.8775819924402
Urea_kg_ha,Ridge,217.8,217.7467259919618
Urea_kg_ha,Ridge,208.6,239.26133425322973
Urea_kg_ha,Ridge,270.8,268.6017389887463
Urea_kg_ha,Ridge,264,252.4021447318942
Urea_kg_ha,Ridge,205.3,216.4445317236268
Urea_kg_ha,Ridge,275.1,267.1871006773928
Urea_kg_ha,Ridge,264.8,274.24982595365555
Urea_kg_ha,Ridge,268.1,251.47792545658868
Urea_kg_ha,Ridge,242.5,262.18318174116376
Urea_kg_ha,Ridge,273.7,248.96451691765193
Urea_kg_ha,Ridge,205.3,233.0356181995225
Urea_kg_ha,Ridge,300.9,266.60709054262304
Urea_kg_ha,Ridge,244,263.593474611808
Urea_kg_ha,Ridge,264.3,291.71567222541853
Urea_kg_ha,Ridge,276.1,271.66108264343376
Urea_kg_ha,Ridge,287.7,292.1955050937699
Urea_kg_ha,Ridge,293.2,293.78761846635496
Urea_kg_ha,Ridge,295.1,276.9819830593828
Urea_kg_ha,Ridge,290.8,288.51207704983966
Urea_kg_ha,Ridge,257.8,259.02502756990015
Urea_kg_ha,Ridge,252.1,241.41087293663477
Urea_kg_ha,Ridge,246.5,261.96233314026284
Urea_kg_ha,Ridge,231.1,229.41508140212304
Urea_kg_ha,Ridge,287.5,278.2452779656047
Urea_kg_ha,Ridge,266.4,289.82629260963944
Urea_kg_ha,Ridge,295.2,285.06287719295767
Urea_kg_ha,Ridge,249.2,249.92130729835014
Urea_kg_ha,Ridge,242.6,249.0762480418381
Urea_kg_ha,Ridge,231.6,226.30105547787906
Urea_kg_ha,Ridge,280.6,268.94233080447464
Urea_kg_ha,Ridge,292.4,270.0245991494261
Urea_kg_ha,Ridge,264.9,284.59363863047724
Urea_kg_ha,Ridge,217.3,220.23704993228264
Urea_kg_ha,Ridge,222.3,226.98813001921727
Urea_kg_ha,Ridge,209.5,230.4763737682756
Urea_kg_ha,Ridge,277.1,287.88110791729093
Urea_kg_ha,Ridge,264,246.7535840729743
Urea_kg_ha,Ridge,224.7,223.38704709570536
Urea_kg_ha,Ridge,273.1,294.7274632959884
Urea_kg_ha,Ridge,291.7,278.0738642836103
Urea_kg_ha,Ridge,299.9,285.97279210895795
Urea_kg_ha,Ridge,274.8,252.51848868026062
Urea_kg_ha,Ridge,268.5,272.90529328708476
Urea_kg_ha,Ridge,270.2,253.39723795819674
Urea_kg_ha,Ridge,270.1,280.4069595923606
Urea_kg_ha,Ridge,283.9,288.75169462113996
Urea_kg_ha,Ridge,201.3,231.41026531108005
Urea_kg_ha,Ridge,245,255.62901663324993
Urea_kg_ha,Ridge,248.3,259.46846571237353
Urea_kg_ha,Ridge,301.4,267.89382532541026
Urea_kg_ha,Ridge,257.1,241.85231069601556
Urea_kg_ha,Ridge,295.2,287.48530373955407
Urea_kg_ha,Ridge,213,222.99275024702158
Urea_kg_ha,Ridge,215.7,235.18551975244011
Urea_kg_ha,Ridge,250.6,243.4378150962166
Urea_kg_ha,Ridge,208.5,230.01551354068133
Urea_kg_ha,Ridge,265.6,255.11262485558308
Urea_kg_ha,Ridge,295.4,286.4070219374648
Urea_kg_ha,Ridge,265.2,244.94236061757104
Urea_kg_ha,Ridge,261.9,245.80496757924945
Urea_kg_ha,Ridge,271.1,281.17286431415215
Urea_kg_ha,Ridge,214.5,238.48437702258735
Urea_kg_ha,Ridge,297,283.8000375582799
Urea_kg_ha,Ridge,271.9,241.58681312179866
Urea_kg_ha,Ridge,271.2,289.09006511872917
Urea_kg_ha,Ridge,290.9,288.3410580157304
Urea_kg_ha,Ridge,220,212.50690195316258
Urea_kg_ha,Ridge,227.2,221.6233994177362
Urea_kg_ha,Ridge,224.9,227.8176493201515
Urea_kg_ha,Ridge,268.3,266.2196300879522
Urea_kg_ha,Ridge,262.3,253.73499047283366
Urea_kg_ha,Ridge,245.1,241.8073402620326
Urea_kg_ha,Ridge,303.5,290.0928536107013
Urea_kg_ha,Ridge,296.4,276.1191064594673
Urea_kg_ha,Ridge,211,234.67334820710343
Urea_kg_ha,Ridge,251.6,249.02333477825715
Urea_kg_ha,Ridge,204,214.5651573684314
Urea_kg_ha,Ridge,280.4,278.0529446344391
Urea_kg_ha,Ridge,297.5,280.9435903128177
Urea_kg_ha,Ridge,273.3,251.3712074075675
Urea_kg_ha,Ridge,272.3,259.35499102952923
Urea_kg_ha,Ridge,282.1,288.8457498320012
Urea_kg_ha,Ridge,226,222.6410732878765
Urea_kg_ha,Ridge,203.3,239.1872803635186
Urea_kg_ha,Ridge,211.3,221.34003136377444
Urea_kg_ha,Ridge,203,230.35118164196112
Urea_kg_ha,Ridge,267.4,265.83100843742307
Urea_kg_ha,Ridge,274.3,286.41577636307886
Urea_kg_ha,Ridge,283.7,277.5508658316203
Urea_kg_ha,Ridge,262.2,285.66760445128483
Urea_kg_ha,Ridge,232.4,228.3315234011833
Urea_kg_ha,Ridge,282.1,292.7160000690307
Urea_kg_ha,Ridge,204.7,235.2876318837894
Urea_kg_ha,Ridge,260.4,245.28263204444715
Urea_kg_ha,Ridge,247.2,245.95485731838983
Urea_kg_ha,Ridge,216.1,233.8987759194647
Urea_kg_ha,Ridge,221.9,218.09317826586351
Urea_kg_ha,Ridge,203.3,238.95165877507057
Urea_kg_ha,Ridge,302,288.1857415722908
Urea_kg_ha,Ridge,270.2,252.0239344840863
Urea_kg_ha,Ridge,277.6,270.5007683774273
Urea_kg_ha,Ridge,246.3,263.3559144266605
Urea_kg_ha,Ridge,279.7,287.0423060155339
Urea_kg_ha,Ridge,246.1,244.00241223356466
Urea_kg_ha,Ridge,207.5,234.5266251634255
Urea_kg_ha,Ridge,210.4,222.6167505157786
Urea_kg_ha,Ridge,297.3,285.40507072633034
Urea_kg_ha,Ridge,274.3,245.69478285567746
Urea_kg_ha,Ridge,246.5,243.49369001189115
Urea_kg_ha,Ridge,249.7,242.31951685334954
Urea_kg_ha,Ridge,228.5,230.48917767196588
Urea_kg_ha,Ridge,217.7,212.88912642716676
Urea_kg_ha,Ridge,251,244.65524479067747
Urea_kg_ha,Ridge,257,245.39483958353148
Urea_kg_ha,Ridge,249.3,248.56358033105786
Urea_kg_ha,Ridge,293.7,277.27452761543805
Urea_kg_ha,Ridge,211.8,215.1746463067797
Urea_kg_ha,Ridge,274.4,288.7185828188883
Urea_kg_ha,Ridge,280.4,282.7605191245159
Urea_kg_ha,Ridge,276,246.29052064723294
Urea_kg_ha,Ridge,265.3,274.27556201666545
Urea_kg_ha,Ridge,217.3,215.17306282846496
Urea_kg_ha,Ridge,243.6,261.65190616201795
Urea_kg_ha,Ridge,218,233.13406648932866
Urea_kg_ha,Ridge,215.2,228.7179203454752
Urea_kg_ha,Ridge,265.2,282.2017664314891
Urea_kg_ha,Ridge,276.8,279.3857312347608
Urea_kg_ha,Ridge,201.9,239.44522687701956
Urea_kg_ha,Ridge,242.3,245.16209321515277
Urea_kg_ha,Ridge,280.8,291.5782511527547
Urea_kg_ha,Ridge,244,249.04182711401674
Urea_kg_ha,Ridge,252.4,246.21926334722207
Urea_kg_ha,Ridge,299.8,279.9540091612493
Urea_kg_ha,Ridge,264.2,279.27952776517765
Urea_kg_ha,Ridge,243.4,266.694457191476
Urea_kg_ha,Ridge,245.8,263.3702741128322
Urea_kg_ha,Ridge,251.2,244.98150544196304
Urea_kg_ha,Ridge,245.8,243.17396872508667
Urea_kg_ha,Ridge,222.9,225.50249580676697
Urea_kg_ha,Ridge,268.4,281.7038857045929
Urea_kg_ha,Ridge,218,226.79112007730257
Urea_kg_ha,Ridge,229.8,216.6281662971865
Urea_kg_ha,Ridge,250.7,241.25899934615205
Urea_kg_ha,Ridge,202,221.15883259342294
Urea_kg_ha,Ridge,243.9,266.4599278965003
Urea_kg_ha,Ridge,217.3,216.67787580723368
Urea_kg_ha,Ridge,270,274.82365190439856
Urea_kg_ha,Ridge,256.8,262.3045927486134
Urea_kg_ha,Ridge,284,292.0270185327447
Urea_kg_ha,Ridge,268.1,282.1342246981392
Urea_kg_ha,Ridge,248.5,264.76015833406586
Urea_kg_ha,Ridge,265.4,265.65135719727516
Urea_kg_ha,Ridge,203.8,227.2660808161426
Urea_kg_ha,Ridge,295.5,276.783337402139
Urea_kg_ha,Ridge,261.1,264.69283585785826
Urea_kg_ha,Ridge,233.2,231.65634214378525
Urea_kg_ha,Ridge,299.1,270.8257622222832
Urea_kg_ha,Ridge,297.8,289.51051148491104
Urea_kg_ha,Ridge,253.6,260.96285394383386
Urea_kg_ha,Ridge,212.4,238.0287639935716
Urea_kg_ha,Ridge,266.8,285.00822687164896
Urea_kg_ha,Ridge,229,221.19094886509345
Urea_kg_ha,Ridge,268.5,263.6774865383212
Urea_kg_ha,Ridge,266.9,258.2493206609054
Urea_kg_ha,Ridge,294.8,269.20941743242145
Urea_kg_ha,Ridge,215.7,234.74833430798907
Urea_kg_ha,Ridge,256.2,256.5721543809577
Urea_kg_ha,Ridge,257.9,244.59423883815506
Urea_kg_ha,Ridge,201.7,215.8861565406583
Urea_kg_ha,Ridge,261.9,291.46212923303534
Urea_kg_ha,Ridge,202.7,239.80425699532333
Urea_kg_ha,Ridge,242.7,242.39631280579792
Urea_kg_ha,Ridge,233.6,239.55076987193786
Urea_kg_ha,Ridge,204.8,234.74585290847864
Urea_kg_ha,Ridge,219.7,226.7504308210336
Urea_kg_ha,Ridge,261.6,257.7261425218491
Urea_kg_ha,Ridge,250.6,238.71038040114917
Urea_kg_ha,Ridge,261.4,246.09101374451373
Urea_kg_ha,Ridge,232.1,218.63218981638087
Urea_kg_ha,Ridge,282.9,274.22094919882664
Urea_kg_ha,Ridge,244.1,261.9259010146939
Urea_kg_ha,Ridge,260.2,264.24344932836146
Urea_kg_ha,Ridge,241.5,247.20611081091573
Urea_kg_ha,Ridge,266,282.5602508081695
Urea_kg_ha,Ridge,298.5,288.7711237242616
Urea_kg_ha,Ridge,257.8,246.81524590499657
Urea_kg_ha,Ridge,223.5,231.82043860140868
Urea_kg_ha,Ridge,259.2,253.14618819549946
Urea_kg_ha,Ridge,225.6,232.30438565606644
Urea_kg_ha,Ridge,230.5,217.82720047903393
Urea_kg_ha,Ridge,269.9,251.57978991479126
Urea_kg_ha,Ridge,222.4,239.44819173748226
Urea_kg_ha,Ridge,290.8,282.70616962411185
Urea_kg_ha,Ridge,220.7,222.71354224097104
Urea_kg_ha,Ridge,230.1,212.48453108450903
Urea_kg_ha,Ridge,212.4,226.11370556568704
Urea_kg_ha,Ridge,253.5,244.32304862905755
Urea_kg_ha,Ridge,208.2,228.98903841849244
Urea_kg_ha,Ridge,260.3,262.8993350716283
Urea_kg_ha,Ridge,216,213.60441535953288
Urea_kg_ha,Ridge,213.8,234.84222388199925
Urea_kg_ha,Ridge,212.2,215.84820403662764
Urea_kg_ha,Ridge,296.7,274.47483413101844
Urea_kg_ha,Ridge,215.5,218.9759980413039
Urea_kg_ha,Ridge,209.6,222.38038658139993
Urea_kg_ha,Ridge,288,277.5189718595398
Urea_kg_ha,Ridge,221.3,221.92572061079377
Urea_kg_ha,Ridge,214,228.81640019736997
Urea_kg_ha,Ridge,259.9,257.4511753429842
Urea_kg_ha,Ridge,284,268.22220843299056
Urea_kg_ha,Ridge,298.3,285.41100293121
Urea_kg_ha,Ridge,303,284.08074443323454
Urea_kg_ha,Ridge,220.3,230.22971599558605
Urea_kg_ha,Ridge,256.5,266.72881251337293
Urea_kg_ha,Ridge,285.7,278.4440817776369
Urea_kg_ha,Ridge,252.2,252.68984138405423
Urea_kg_ha,Ridge,226.2,215.8474221194132
Urea_kg_ha,Ridge,243.3,256.90409459026864
Urea_kg_ha,Ridge,252.9,259.91144609226865
Urea_kg_ha,Ridge,300.8,289.733852303933
Urea_kg_ha,Ridge,230.6,236.75052541159954
Urea_kg_ha,Ridge,222.2,237.06775273929438
Urea_kg_ha,Ridge,273.5,290.252668367788
Urea_kg_ha,Ridge,225.5,239.54330456232805
Urea_kg_ha,Ridge,263.4,281.0863949476836
Urea_kg_ha,Ridge,217.2,218.8639546568597
Urea_kg_ha,Ridge,221.7,224.4715754891397
Urea_kg_ha,Ridge,226.6,234.08647872417993
Urea_kg_ha,Ridge,217.4,239.40387420756483
Urea_kg_ha,Ridge,270.3,283.62200120623663
Urea_kg_ha,Ridge,275.8,257.91768216020984
Urea_kg_ha,Ridge,252.9,248.59789447666142
Urea_kg_ha,Ridge,272.7,284.0081896851665
Urea_kg_ha,Ridge,296.8,286.50991186228856
Urea_kg_ha,Ridge,275.7,291.23681728903443
Urea_kg_ha,Ridge,201.7,236.88217447174858
Urea_kg_ha,Ridge,217.2,225.8773211030836
Urea_kg_ha,Ridge,283.4,292.27908949093177
Urea_kg_ha,Ridge,302.8,270.785103854242
Urea_kg_ha,Ridge,271.5,261.5760044542288
Urea_kg_ha,Ridge,255,260.14162953892304
Urea_kg_ha,Ridge,261.5,291.0907381455697
Urea_kg_ha,Ridge,264.2,267.84506332707383
Urea_kg_ha,Ridge,293.1,284.5347165398338
Urea_kg_ha,Ridge,247.1,261.02321244007294
Urea_kg_ha,Ridge,290,274.51050236302103
Urea_kg_ha,Ridge,269,251.81812288987814
Urea_kg_ha,Ridge,252.1,255.5749536963308
Urea_kg_ha,Ridge,297.2,291.0280417311586
Urea_kg_ha,Ridge,280.3,243.07882114730356
Urea_kg_ha,Ridge,226.9,234.71876747585827
Urea_kg_ha,Ridge,302.8,276.03342542200784
Urea_kg_ha,Ridge,282.6,275.6713167745883
Urea_kg_ha,Ridge,261.8,270.8154214377013
Urea_kg_ha,Ridge,271.1,283.21781885752233
Urea_kg_ha,Ridge,274.5,242.46509221116673
Urea_kg_ha,Ridge,255.3,252.18558450526012
Urea_kg_ha,Ridge,251.2,253.88976275162332
Urea_kg_ha,Ridge,242.7,265.26178524743256
Urea_kg_ha,Ridge,217.9,217.5549815275839
Urea_kg_ha,Ridge,271,245.31901175328005
Urea_kg_ha,Ridge,244.1,264.5135870964445
Urea_kg_ha,Ridge,257.4,263.13758727142016
Urea_kg_ha,Ridge,298.5,273.75311618693394
Urea_kg_ha,Ridge,273.4,280.97387660447026
Urea_kg_ha,Ridge,242.8,262.8561094090528
Urea_kg_ha,Ridge,272.9,249.5812740401529
Urea_kg_ha,Ridge,293.4,274.6134886773502
Urea_kg_ha,Ridge,202.5,237.8294331065158
Urea_kg_ha,Ridge,268.6,252.16036470112894
Urea_kg_ha,Ridge,259.4,267.29111437728216
Urea_kg_ha,Ridge,292.3,276.419493089604
Urea_kg_ha,Ridge,297.7,289.1673794005886
Urea_kg_ha,Ridge,224,231.4841706208675
Urea_kg_ha,Ridge,224,216.50843163398574
Urea_kg_ha,Ridge,255.1,265.8111683493798
Urea_kg_ha,Ridge,287.7,289.92273313460095
Urea_kg_ha,Ridge,273.5,271.02896550840234
Urea_kg_ha,Ridge,263.8,287.9799044561579
Urea_kg_ha,Ridge,210.1,221.3860387878762
Urea_kg_ha,Ridge,215.2,214.85967626199158
Urea_kg_ha,Ridge,233.1,238.20628666404613
Urea_kg_ha,Ridge,203.3,233.68081895477545
Urea_kg_ha,Ridge,279.3,255.87177731323038
Urea_kg_ha,Ridge,214.1,223.18920024932697
Urea_kg_ha,Ridge,249.4,259.38103969714524
Urea_kg_ha,Ridge,253,246.89801905217251
Urea_kg_ha,Ridge,251.2,245.42406957730665
Urea_kg_ha,Ridge,224.1,224.69948047162939
Urea_kg_ha,Ridge,253.6,265.5883920612596
Urea_kg_ha,Ridge,272.9,276.833132517843
Urea_kg_ha,Ridge,278.3,252.84244898046504
Urea_kg_ha,Ridge,270.2,245.15136220502868
Urea_kg_ha,Ridge,275.9,264.0427156977084
Urea_kg_ha,Ridge,264.3,250.02189160161996
Urea_kg_ha,Ridge,220.1,230.15925035630093
Urea_kg_ha,Ridge,245,256.4690502253966
Urea_kg_ha,Ridge,209,225.13896641800412
Urea_kg_ha,Ridge,224.4,231.78878574411422
Urea_kg_ha,Ridge,209.9,225.9631372455621
Urea_kg_ha,Ridge,223,224.41818939121308
Urea_kg_ha,Ridge,301.7,290.0761245629372
Urea_kg_ha,Ridge,296.3,275.534286138351
Urea_kg_ha,Ridge,218.7,232.12891222542083
Urea_kg_ha,Ridge,299.4,287.36719589325236
Urea_kg_ha,Ridge,264.1,269.571767472276
Urea_kg_ha,Ridge,274.2,284.0435560853786
Urea_kg_ha,Ridge,271.2,250.1090796213426
Urea_kg_ha,Ridge,211.8,213.3682285913623
Urea_kg_ha,Ridge,217.6,224.12940194886093
Urea_kg_ha,Ridge,269.5,253.43341679303245
Urea_kg_ha,Ridge,203.8,215.95442325475386
Urea_kg_ha,Ridge,249.9,244.25681278194799
Urea_kg_ha,Ridge,257.5,260.8674912333417
Urea_kg_ha,Ridge,229.5,241.36223013525012
Urea_kg_ha,Ridge,245.8,245.60751036949236
Urea_kg_ha,Ridge,266.4,267.4139626801427
Urea_kg_ha,Ridge,275.7,270.2999997454131
Urea_kg_ha,Ridge,279.2,282.7967478037498
Urea_kg_ha,Ridge,228.4,224.28151755890715
Urea_kg_ha,Ridge,277.2,283.5139505282202
Urea_kg_ha,Ridge,203.3,228.57191277230575
Urea_kg_ha,Ridge,292,273.550470409784
Urea_kg_ha,Ridge,241.7,264.8742322139069
Urea_kg_ha,Ridge,293.3,286.7092581826064
Urea_kg_ha,Ridge,265.6,262.6483090026101
Urea_kg_ha,Ridge,206.6,216.15897682714683
Urea_kg_ha,Ridge,273.5,255.1185217240797
Urea_kg_ha,Ridge,268.4,256.62532120631755
Urea_kg_ha,Ridge,272.6,285.09501032449896
Urea_kg_ha,Ridge,268.5,249.40685685075886
Urea_kg_ha,Ridge,289.5,271.49455180319006
Urea_kg_ha,Ridge,293.7,274.87339629473735
Urea_kg_ha,Ridge,262.7,268.13188459447446
Urea_kg_ha,Ridge,202.2,232.209653314588
Urea_kg_ha,Ridge,273.6,247.65322722486576
Urea_kg_ha,Ridge,203.3,238.37169553483284
Urea_kg_ha,Ridge,280.4,251.66542088135606
Urea_kg_ha,Ridge,297.8,287.32902071909785
Urea_kg_ha,Ridge,272,263.7328301084006
Urea_kg_ha,Ridge,253.6,264.3331073830753
Urea_kg_ha,Ridge,293.8,285.67667439010825
Urea_kg_ha,Ridge,221.4,239.21218006459634
Urea_kg_ha,Ridge,249.6,243.61626867805083
Urea_kg_ha,Ridge,233.1,229.14114554412
Urea_kg_ha,Ridge,295.5,269.36037843267724
Urea_kg_ha,Ridge,290.1,292.7081667980859
Urea_kg_ha,Ridge,210.1,222.8227063783248
Urea_kg_ha,Ridge,228.4,216.48509521358028
Urea_kg_ha,Ridge,220.4,219.93572164494776
Urea_kg_ha,Ridge,222.6,213.81381196920907
Urea_kg_ha,Ridge,272.7,253.7345464794474
Urea_kg_ha,Ridge,202.1,227.5586836508534
Urea_kg_ha,Ridge,273.3,264.612408628179
Urea_kg_ha,Ridge,272.8,289.1894349762683
Urea_kg_ha,Ridge,247.1,247.8470405111755
Urea_kg_ha,Ridge,274.1,266.3121500152417
Urea_kg_ha,Ridge,223.1,224.88106573685508
Urea_kg_ha,Ridge,203.1,237.6587195058998
Urea_kg_ha,Ridge,270.3,290.37940749254005
Urea_kg_ha,Ridge,298.1,265.79050096409344
Urea_kg_ha,Ridge,205.8,227.8677785700767
Urea_kg_ha,Ridge,264.9,293.11855421587575
Urea_kg_ha,Ridge,259.3,240.44048420069313
Urea_kg_ha,Ridge,274.4,276.38121943077806
Urea_kg_ha,Ridge,243.6,258.84635056248874
Urea_kg_ha,Ridge,298,288.85857008884926
Urea_kg_ha,Ridge,274.2,242.1905873288657
Urea_kg_ha,Ridge,280.1,258.54559336550943
Urea_kg_ha,Ridge,270.4,246.4212094543428
Urea_kg_ha,Ridge,296.9,278.5625296160494
Urea_kg_ha,Ridge,275.3,283.19310111593273
Urea_kg_ha,Ridge,219.6,217.17861467557395
Urea_kg_ha,Ridge,213.2,212.74342972522484
Urea_kg_ha,Ridge,246.9,247.00906093306568
Urea_kg_ha,Ridge,275.5,262.30763204407856
Urea_kg_ha,Ridge,271.5,292.27076409451587
Urea_kg_ha,Ridge,294,288.70765673154915
Urea_kg_ha,Ridge,221.2,231.36953964340816
Urea_kg_ha,Ridge,262.9,261.8705645668645
Urea_kg_ha,Ridge,274.2,242.058740492266
Urea_kg_ha,Ridge,271.5,276.3857540853914
Urea_kg_ha,Ridge,248.1,249.36913892350043
Urea_kg_ha,Ridge,290.1,268.0983488220607
Urea_kg_ha,Ridge,212.3,239.03244463977865
Urea_kg_ha,Ridge,228.8,239.13762399231683
Urea_kg_ha,Ridge,301.6,283.5991333732078
Urea_kg_ha,Ridge,210.3,225.05182321242066
Urea_kg_ha,Ridge,253.5,244.72990549376613
Urea_kg_ha,Ridge,251.5,243.98173324976898
Urea_kg_ha,Ridge,280.3,288.31003263842837
Urea_kg_ha,Ridge,261,264.97648440236435
Urea_kg_ha,Ridge,274.7,288.57955093009633
Urea_kg_ha,Ridge,279.6,271.0024063165697
Urea_kg_ha,Ridge,284.6,290.7580022909542
Urea_kg_ha,Ridge,277.8,262.79405982247636
Urea_kg_ha,Ridge,273.5,257.4281965324035
Urea_kg_ha,Ridge,219.9,223.17733323590127
Urea_kg_ha,Ridge,216.2,236.99857701199284
Urea_kg_ha,Ridge,264.3,276.2932602106636
Urea_kg_ha,Ridge,212.4,219.53416979710752
Urea_kg_ha,Ridge,223.7,221.40912486354935
Urea_kg_ha,Ridge,272.1,292.2010884610168
Urea_kg_ha,Ridge,214.4,226.3148285812899
Urea_kg_ha,Ridge,264.7,277.001331300442
Urea_kg_ha,Ridge,278.5,283.05382218505497
Urea_kg_ha,Ridge,248.4,244.6300573192654
Urea_kg_ha,Ridge,218.4,225.38351032213106
Urea_kg_ha,Ridge,228.3,217.00131345094155
Urea_kg_ha,Ridge,297.2,278.5443053228136
Urea_kg_ha,Ridge,219.8,229.8030181614159
Urea_kg_ha,Ridge,242.9,255.69179441425638
Urea_kg_ha,Ridge,295.5,292.37407583179976
Urea_kg_ha,Ridge,269.1,293.3800208835122
Urea_kg_ha,Ridge,214.7,235.5807891993876
Urea_kg_ha,Ridge,286.9,284.92517193828553
Urea_kg_ha,Ridge,263.8,251.52411058633874
Urea_kg_ha,Ridge,220.3,239.88271904757642
Urea_kg_ha,Ridge,227.7,222.3093524771359
Urea_kg_ha,Ridge,254.5,252.51684082114417
Urea_kg_ha,Ridge,247.4,245.5581271726924
Urea_kg_ha,Ridge,214.4,214.60395561499894
Urea_kg_ha,Ridge,208.9,239.65220065748616
Urea_kg_ha,Ridge,267.6,260.28107320441217
Urea_kg_ha,Ridge,303.3,270.9009444486913
Urea_kg_ha,Ridge,302.8,274.20618545807514
Urea_kg_ha,Ridge,252.7,247.4408157217426
Urea_kg_ha,Ridge,259.6,257.0002695277376
Urea_kg_ha,Ridge,242.9,242.50388810292822
Urea_kg_ha,Ridge,302.9,274.84554837261516
Urea_kg_ha,Ridge,264.9,261.8466234562963
Urea_kg_ha,Ridge,275.5,285.2565434573792
Urea_kg_ha,Ridge,202,230.79536508916786
Urea_kg_ha,Ridge,288.2,274.05104489612927
Urea_kg_ha,Ridge,265.2,267.4360534498847
Urea_kg_ha,Ridge,270.6,281.9923818770676
Urea_kg_ha,Ridge,266.4,274.7473119502035
Urea_kg_ha,Ridge,224.3,234.70652263127423
Urea_kg_ha,Ridge,284.7,275.3735901489027
Urea_kg_ha,Ridge,204.2,216.81435181983147
Urea_kg_ha,Ridge,233.6,226.73876370694435
Urea_kg_ha,Ridge,290.3,283.0369090301366
Urea_kg_ha,Ridge,281.7,276.5546077597461
Urea_kg_ha,Ridge,245.5,242.3184954334283
Urea_kg_ha,Ridge,284.5,273.0835210899588
Urea_kg_ha,Ridge,288.4,273.72185951207166
Urea_kg_ha,Ridge,296.2,286.0848116074189
Urea_kg_ha,Ridge,290.6,279.61440472315053
Urea_kg_ha,Ridge,221.1,237.02081483843057
Urea_kg_ha,Ridge,230.4,238.82475132548157
Urea_kg_ha,Ridge,273,260.89350526649406
Urea_kg_ha,Ridge,216.3,218.64658152094404
Urea_kg_ha,Ridge,230.8,238.43884030709472
Urea_kg_ha,Ridge,267.8,243.1644116193427
Urea_kg_ha,Ridge,270.9,259.9995324497296
Urea_kg_ha,Ridge,214.5,220.53835194503452
Urea_kg_ha,Ridge,264,270.4217589404291
Urea_kg_ha,Ridge,288.9,289.4195813747994
Urea_kg_ha,Ridge,264.9,262.16884816154555
Urea_kg_ha,Ridge,256.7,255.96888411781507
Urea_kg_ha,Ridge,206,226.57051131190443
Urea_kg_ha,Ridge,224.6,235.81432092104686
Urea_kg_ha,Ridge,261.5,250.7294631699231
Urea_kg_ha,Ridge,202.9,234.80140203014403
Urea_kg_ha,Ridge,273.7,253.9481708562831
Urea_kg_ha,Ridge,266,254.88210436912544
Urea_kg_ha,Ridge,265,255.16614898977195
Urea_kg_ha,Ridge,214.1,228.16650119417946
Urea_kg_ha,Ridge,285.7,270.2694861150228
Urea_kg_ha,Ridge,285.4,285.13221663449815
Urea_kg_ha,Ridge,269.3,287.3980772208704
Urea_kg_ha,Ridge,231.9,230.02936802738415
Urea_kg_ha,Ridge,257.6,246.7830894364964
Urea_kg_ha,Ridge,201.9,219.4381777042784
Urea_kg_ha,Ridge,253.7,254.03804404555223
Urea_kg_ha,Ridge,298.7,269.8963290877868
Urea_kg_ha,Ridge,289.8,280.51734535263057
Urea_kg_ha,Ridge,285.6,288.1095832641705
Urea_kg_ha,Ridge,294.5,290.3503155936448
Urea_kg_ha,Ridge,251.6,254.79447856936983
Urea_kg_ha,Ridge,223.8,229.48610767939007
Urea_kg_ha,Ridge,261.4,264.7123836662039
Urea_kg_ha,Ridge,230.3,221.38725922251422
Urea_kg_ha,Ridge,299.2,288.13336806443556
Urea_kg_ha,Ridge,227.6,230.46834518671028
Urea_kg_ha,Ridge,288.9,274.0725436439102
Urea_kg_ha,Ridge,299,277.8855403853413
Urea_kg_ha,Ridge,216,226.68454919244294
Urea_kg_ha,Ridge,225.8,232.06373314266727
Urea_kg_ha,Ridge,214.5,220.54985506275577
Urea_kg_ha,Ridge,294.5,281.0740715828441
Urea_kg_ha,Ridge,256.7,251.03750578490337
Urea_kg_ha,Ridge,289.9,280.58722050097754
Urea_kg_ha,Ridge,207.8,212.61031985132036
Urea_kg_ha,Ridge,274.6,271.36655306361683
Urea_kg_ha,Ridge,250.4,261.26793897388967
Urea_kg_ha,Ridge,278.6,278.6862707415262
Urea_kg_ha,Ridge,251.9,250.73930536637533
Urea_kg_ha,Ridge,207.6,239.1648929944909
Urea_kg_ha,Ridge,225.6,222.4743144345778
Urea_kg_ha,Ridge,299.4,279.98242895756715
Urea_kg_ha,Ridge,245.6,266.03457252452336
Urea_kg_ha,Ridge,253.2,252.64660903403586
Urea_kg_ha,Ridge,289.5,271.02742452567304
Urea_kg_ha,Ridge,229.1,238.909288939329
Urea_kg_ha,Ridge,209.3,227.16766045352554
Urea_kg_ha,Ridge,206.6,215.87586303479674
Urea_kg_ha,Ridge,281.6,287.86969235417854
Urea_kg_ha,Ridge,261.3,262.85838277360864
Urea_kg_ha,Ridge,228.1,227.1094054729099
Urea_kg_ha,Ridge,204.5,218.10060688932344
Urea_kg_ha,Ridge,268.6,252.35091202948698
Urea_kg_ha,Ridge,202.6,235.02740971856244
Urea_kg_ha,Ridge,246.7,263.1996984185355
Urea_kg_ha,Ridge,294.7,276.36902834522186
Urea_kg_ha,Ridge,227.8,235.3178466757347
Urea_kg_ha,Ridge,279.2,282.27080355879104
Urea_kg_ha,Ridge,211.6,215.56796926230507
Urea_kg_ha,Ridge,270.1,280.15918117893335
Urea_kg_ha,Ridge,270.7,287.1238794002531
Urea_kg_ha,Ridge,264.3,277.8864117334607
Urea_kg_ha,Ridge,276.2,269.4037168773811
Urea_kg_ha,Ridge,265.6,244.7325546602038
Urea_kg_ha,Ridge,233.5,232.04159029953613
Urea_kg_ha,Ridge,272.7,264.1456337262574
Urea_kg_ha,Ridge,258.7,263.08694055477474
Urea_kg_ha,Ridge,261.2,257.8234924846636
Urea_kg_ha,Ridge,233.3,232.42323670254302
Urea_kg_ha,Ridge,270.9,261.1405401111574
Urea_kg_ha,Ridge,296.1,289.3594783123079
Urea_kg_ha,Ridge,275.7,272.96745446661305
Urea_kg_ha,Ridge,279.1,291.71328070726054
Urea_kg_ha,Ridge,268.6,290.63836055202125
Urea_kg_ha,Ridge,295.2,274.24431803043404
Urea_kg_ha,Ridge,284.6,291.35787086219506
Urea_kg_ha,Ridge,278.9,288.9318243438062
Urea_kg_ha,Ridge,210,214.84111058160343
Urea_kg_ha,Ridge,277.6,266.743094748349
Urea_kg_ha,Ridge,205.9,218.41135945266257
Urea_kg_ha,Ridge,221.5,215.36034922340204
Urea_kg_ha,Ridge,205.4,238.12244278731316
Urea_kg_ha,Ridge,249,261.0697143345014
Urea_kg_ha,Ridge,223.8,223.37499182165416
Urea_kg_ha,Ridge,221,222.48357656166166
Urea_kg_ha,Ridge,210.8,224.37006686438667
Urea_kg_ha,Ridge,265.2,272.04375972128025
Urea_kg_ha,Ridge,231,219.33642286237037
Urea_kg_ha,Ridge,229.8,216.34843700666815
Urea_kg_ha,Ridge,243.3,255.90658674794582
Urea_kg_ha,Ridge,271,278.4127442459878
Urea_kg_ha,Ridge,297.4,290.91634521172324
Urea_kg_ha,Ridge,207.7,228.51457923531467
Urea_kg_ha,Ridge,279.2,242.6099498669536
Urea_kg_ha,Ridge,291.7,287.6951284985368
Urea_kg_ha,Ridge,215,234.36494145082233
Urea_kg_ha,Ridge,264.8,260.5794217505962
Urea_kg_ha,Ridge,266.5,282.76142536346094
Urea_kg_ha,Ridge,254.6,266.11805322521326
Urea_kg_ha,Ridge,298.3,292.1247854805255
Urea_kg_ha,Ridge,291.4,275.3376094616089
Urea_kg_ha,Ridge,219.3,222.93209254008212
Urea_kg_ha,Ridge,277.7,262.20537695957717
Urea_kg_ha,Ridge,218.3,213.62105501827955
Urea_kg_ha,Ridge,292.2,267.55654559516813
Urea_kg_ha,Ridge,232.7,238.85861625544513
Urea_kg_ha,Ridge,215.3,230.26336622449816
Urea_kg_ha,Ridge,231.5,234.97254049282688
Urea_kg_ha,Ridge,203.5,219.93143384542802
Urea_kg_ha,Ridge,242.9,249.04678720763076
Urea_kg_ha,Ridge,263.7,262.54332133592146
Urea_kg_ha,Ridge,291.1,291.0374456488479
Urea_kg_ha,Ridge,273.5,291.22214534730955
Urea_kg_ha,Ridge,266,242.67310935493003
Urea_kg_ha,Ridge,273.4,294.9193526184284
Urea_kg_ha,Ridge,282,276.8356927876843
Urea_kg_ha,Ridge,261.5,266.20337306628716
Urea_kg_ha,Ridge,229.8,214.07345156510837
Urea_kg_ha,Ridge,303.1,288.1398031004239
Urea_kg_ha,Ridge,226.2,219.37659114297534
Urea_kg_ha,Ridge,219.5,220.702160307371
Urea_kg_ha,Ridge,223.2,237.23743834901404
Urea_kg_ha,Ridge,268.8,258.31373624701985
Urea_kg_ha,Ridge,295.2,270.8383999459091
Urea_kg_ha,Ridge,210.9,216.77914671725273
Urea_kg_ha,Ridge,216.6,228.95427134567808
Urea_kg_ha,Ridge,214.1,219.70009507080667
Urea_kg_ha,Ridge,286.7,269.36135140623065
Urea_kg_ha,Ridge,214.5,238.89314854257648
Urea_kg_ha,Ridge,277,274.9278917595312
Urea_kg_ha,Ridge,219,224.10169660840845
Urea_kg_ha,Ridge,274,288.4097621213417
Urea_kg_ha,Ridge,275.5,291.5619308780561
Urea_kg_ha,Ridge,291.5,289.58720838519514
Urea_kg_ha,Ridge,242.2,240.78138065396476
Urea_kg_ha,Ridge,220.9,225.29716724078054
Urea_kg_ha,Ridge,226.6,218.90305048181418
Urea_kg_ha,Ridge,261.9,278.2321375351005
Urea_kg_ha,Ridge,218.6,221.973626264576
Urea_kg_ha,Ridge,212,227.38999702728606
Urea_kg_ha,Ridge,273.4,267.46318272976225
Urea_kg_ha,Ridge,252.3,253.50212471084683
Urea_kg_ha,Ridge,243.5,252.71759872729015
Urea_kg_ha,Ridge,279.2,257.560788960287
Urea_kg_ha,Ridge,301.6,286.72848225533625
Urea_kg_ha,Ridge,292.5,270.9028813191927
Urea_kg_ha,Ridge,273.6,293.0682975219343
Urea_kg_ha,Ridge,214.3,226.76248124606985
Urea_kg_ha,Ridge,212.2,213.87343426766114
Urea_kg_ha,Ridge,275.1,240.5678289026427
Urea_kg_ha,Ridge,216,232.10762767890918
Urea_kg_ha,Ridge,212.4,224.7661100813547
Urea_kg_ha,Ridge,232.6,225.0409602290542
Urea_kg_ha,Ridge,202.8,224.89713982789164
Urea_kg_ha,Ridge,202.7,228.65720260182079
Urea_kg_ha,Ridge,256.4,240.47140410726547
Urea_kg_ha,Ridge,228.5,233.68122856584864
Urea_kg_ha,Ridge,279.5,253.39350329811947
Urea_kg_ha,Ridge,297.2,278.82099083126036
Urea_kg_ha,Ridge,285.5,279.39074325614223
Urea_kg_ha,Ridge,243.3,261.18584735415317
Urea_kg_ha,Ridge,275.1,283.96142859303876
Urea_kg_ha,Ridge,281.1,282.6950873630536
Urea_kg_ha,Ridge,269,252.4523359594907
Urea_kg_ha,Ridge,204.6,235.68271020878962
Urea_kg_ha,Ridge,245.4,245.55394890972607
Urea_kg_ha,Ridge,229.4,222.8681933606043
Urea_kg_ha,Ridge,202.7,224.65798011490995
Urea_kg_ha,Ridge,209.6,216.47390328757587
Urea_kg_ha,Ridge,256.4,243.68720659744872
Urea_kg_ha,Ridge,274,244.16776405640434
Urea_kg_ha,Ridge,291.5,287.90564534990443
Urea_kg_ha,Ridge,266.8,280.10878368337836
Urea_kg_ha,Ridge,277.7,261.56445083527814
Urea_kg_ha,Ridge,266.4,255.20406748162807
Urea_kg_ha,Ridge,222.7,232.5897424305355
Urea_kg_ha,Ridge,205.2,218.14175783166883
Urea_kg_ha,Ridge,298.3,271.98899393618376
Urea_kg_ha,Ridge,209.1,214.9851653998283
Urea_kg_ha,Ridge,298.6,279.77071644277027
Urea_kg_ha,Ridge,230.8,220.4147803713533
Urea_kg_ha,Ridge,269.4,293.3536180223244
Urea_kg_ha,Ridge,248.5,264.4921277228096
Urea_kg_ha,Ridge,246.4,240.83672903327323
Urea_kg_ha,Ridge,224,234.1666108834397
Urea_kg_ha,Ridge,220,216.9006863831181
Urea_kg_ha,Ridge,230.9,227.3878798438117
Urea_kg_ha,Ridge,249.6,239.9407929277464
Urea_kg_ha,Ridge,270.9,258.45159962242025
Urea_kg_ha,Ridge,268.6,278.915994040144
Urea_kg_ha,Ridge,259.1,262.41126858774214
Urea_kg_ha,Ridge,223.2,222.00951368650684
Urea_kg_ha,Ridge,247,265.08547362936497
Urea_kg_ha,Ridge,245.4,246.38134500361937
Urea_kg_ha,Ridge,272.7,293.2488327055006
Urea_kg_ha,Ridge,223.1,232.04261671900605
Urea_kg_ha,Ridge,213.6,217.81865753862766
Urea_kg_ha,Ridge,288.1,271.8376794074358
Urea_kg_ha,Ridge,211.2,239.71316031355016
Urea_kg_ha,Ridge,269.6,246.01955449462096
Urea_kg_ha,Ridge,214.3,225.44121154487226
Urea_kg_ha,Ridge,209.7,235.58983925729433
Urea_kg_ha,Ridge,300.8,285.5240206184552
Urea_kg_ha,Ridge,266.3,267.42489826942176
Urea_kg_ha,Ridge,245,250.87181925145643
Urea_kg_ha,Ridge,275.5,250.39199418914527
Urea_kg_ha,Ridge,225.1,233.1746234093309
Urea_kg_ha,Ridge,302.1,292.76918109279904
Urea_kg_ha,Ridge,205.8,227.2025732977901
Urea_kg_ha,Ridge,273.2,265.49740301819446
Urea_kg_ha,Ridge,271.4,273.75184396736654
Urea_kg_ha,Ridge,221.5,215.9186618662982
Urea_kg_ha,Ridge,284,284.12782852925653
Urea_kg_ha,Ridge,278.6,285.9274697261726
Urea_kg_ha,Ridge,252.5,256.76135279018206
Urea_kg_ha,Ridge,245.6,250.59435920467678
Urea_kg_ha,Ridge,271.9,268.4085030000015
Urea_kg_ha,Ridge,268.1,254.5184565438434
Urea_kg_ha,Ridge,210.3,229.3360410857055
Urea_kg_ha,Ridge,254.7,248.32481404796098
Urea_kg_ha,Ridge,201.3,222.36492717886603
Urea_kg_ha,Ridge,202.6,222.45374597607062
Urea_kg_ha,Ridge,297.4,292.88535267514453
Urea_kg_ha,Ridge,210.5,222.40113031080412
Urea_kg_ha,Ridge,222.1,216.79510552067535
Urea_kg_ha,Ridge,242,260.09064819795117
Urea_kg_ha,Ridge,241.9,252.2878168989212
Urea_kg_ha,Ridge,223.4,235.40863156564487
Urea_kg_ha,Ridge,288.9,271.62303780874026
Urea_kg_ha,Ridge,302.2,280.98652936904574
Urea_kg_ha,Ridge,282.7,287.046525733527
Urea_kg_ha,Ridge,271.4,273.56329139480556
Urea_kg_ha,Ridge,229.4,238.99206313060313
Urea_kg_ha,Ridge,213.9,222.42791167453237
Urea_kg_ha,Ridge,217.2,234.1317225888154
Urea_kg_ha,Ridge,250.7,263.00163356528094
Urea_kg_ha,Ridge,272.4,264.4440150451822
Urea_kg_ha,Ridge,219.5,219.51526255598893
Urea_kg_ha,Ridge,298.5,285.92872785577134
Urea_kg_ha,Ridge,276.8,261.67093741362567
Urea_kg_ha,Ridge,282.3,293.2078012776678
Urea_kg_ha,Ridge,203.8,214.66521571046093
Urea_kg_ha,Ridge,302.8,278.4326399288761
Urea_kg_ha,Ridge,300.5,278.19214174020595
Urea_kg_ha,Ridge,262.7,247.25741616213415
Urea_kg_ha,Ridge,272.8,281.8342417117899
Urea_kg_ha,Ridge,303.8,277.3004270681465
Urea_kg_ha,Ridge,264.7,269.2887025794861
Urea_kg_ha,Ridge,245.3,244.6500731979163
Urea_kg_ha,Ridge,257.4,256.3818165363597
Urea_kg_ha,Ridge,231.5,212.0063579625777
Urea_kg_ha,Ridge,209.4,215.38440628505927
Urea_kg_ha,Ridge,217,230.59334088264796
Urea_kg_ha,Ridge,287.9,284.25707916301315
Urea_kg_ha,Ridge,210.8,219.43049338367564
Urea_kg_ha,Ridge,228.6,232.30348755496308
Urea_kg_ha,Ridge,300.4,280.4557288091574
Urea_kg_ha,Ridge,254.5,251.29534498009662
Urea_kg_ha,Ridge,263.6,277.26263197983434
Urea_kg_ha,Ridge,277.2,284.1446719490038
Urea_kg_ha,Ridge,247.3,264.35362583273076
Urea_kg_ha,Ridge,291.4,274.053149260907
Urea_kg_ha,Ridge,294.5,292.7800960948465
Urea_kg_ha,Ridge,219.2,213.55384437366817
Urea_kg_ha,Ridge,266.5,246.63769706756523
Urea_kg_ha,Ridge,224.6,216.81176955754523
Urea_kg_ha,Ridge,257,264.9094365787802
Urea_kg_ha,Ridge,219,231.4320546119374
Urea_kg_ha,Ridge,270.5,281.2514930033091
Urea_kg_ha,Ridge,260.9,264.6506919455914
Urea_kg_ha,Ridge,221.9,234.26142601616718
Urea_kg_ha,Ridge,251.3,259.72288320234327
Urea_kg_ha,Ridge,258.2,242.52015361580482
Urea_kg_ha,Ridge,302.4,285.20539778550585
Urea_kg_ha,Ridge,259,265.38552361195565
Urea_kg_ha,Ridge,229.4,235.24506868302882
Urea_kg_ha,Ridge,276.2,285.88266995368934
Urea_kg_ha,Ridge,272,246.02541798792464
Urea_kg_ha,Ridge,277.4,281.8788059700022
Urea_kg_ha,Ridge,283.6,280.29574861768043
Urea_kg_ha,Ridge,267.6,263.75985793634896
Urea_kg_ha,Ridge,217.7,224.36928904246994
Urea_kg_ha,Ridge,255.4,259.352109365232
Urea_kg_ha,Ridge,301.7,287.66406283814405
Urea_kg_ha,Ridge,206.6,213.5643418667021
Urea_kg_ha,Ridge,273.5,289.2399333375045
Urea_kg_ha,Ridge,257.7,245.3516673625083
Urea_kg_ha,Ridge,301.5,289.028580341609
Urea_kg_ha,Ridge,290,292.90401094542426
Urea_kg_ha,Ridge,207.9,224.8128269393439
Urea_kg_ha,Ridge,274.7,275.5520884620809
Urea_kg_ha,Ridge,217.8,225.29271644264918
Urea_kg_ha,Ridge,255.1,262.63665990343287
Urea_kg_ha,Ridge,213.7,216.62199283883174
Urea_kg_ha,Ridge,230.9,232.42387492915293
Urea_kg_ha,Ridge,285.2,283.1358577814474
Urea_kg_ha,Ridge,218.4,229.17691783910982
Urea_kg_ha,Ridge,218.7,227.69733360448814
Urea_kg_ha,Ridge,202.9,232.7939055108764
Urea_kg_ha,Ridge,228,227.91161951031444
Urea_kg_ha,Ridge,266.7,246.01311690502112
Urea_kg_ha,Ridge,204.9,219.88013090670597
Urea_kg_ha,Ridge,287.8,282.76980296621696
Urea_kg_ha,Ridge,277.7,267.4721548384281
Urea_kg_ha,Ridge,294.1,279.2942775960854
Urea_kg_ha,Ridge,229,215.1768235779735
Urea_kg_ha,Ridge,268.1,255.9604091553375
Urea_kg_ha,Ridge,283,277.4227137623732
Urea_kg_ha,Ridge,233.1,220.91670811660236
Urea_kg_ha,Ridge,264.2,269.87562636561944
Urea_kg_ha,Ridge,222.9,233.2166487024224
Urea_kg_ha,Ridge,248.7,246.90448626830948
Urea_kg_ha,Ridge,217.5,228.58063601033535
Urea_kg_ha,Ridge,218.1,225.6590527413722
Urea_kg_ha,Ridge,293.4,274.0605595187277
Urea_kg_ha,Ridge,275.1,278.30570276445604
Urea_kg_ha,Ridge,263.9,242.24653775526477
Urea_kg_ha,Ridge,263.6,241.6433475325116
Urea_kg_ha,Ridge,205.3,221.50698212406226
Urea_kg_ha,Ridge,202.3,230.88683133178426
Urea_kg_ha,Ridge,245.8,261.3669788249094
Urea_kg_ha,Ridge,273.4,253.75523748021166
Urea_kg_ha,Ridge,295.6,278.8244260677089
Urea_kg_ha,Ridge,285,271.9027750317286
Urea_kg_ha,Ridge,267.4,252.23192072543168
Urea_kg_ha,Ridge,205.5,236.50223620124584
Urea_kg_ha,Ridge,293,274.06142605535723
Urea_kg_ha,Ridge,205.3,221.38886390235456
Urea_kg_ha,Ridge,273.3,256.9964189789776
Urea_kg_ha,Ridge,250.4,262.963732033822
Urea_kg_ha,Ridge,210.6,238.57422257878355
Urea_kg_ha,Ridge,244.3,260.4697888434622
Urea_kg_ha,Ridge,228.1,215.7621710181935
Urea_kg_ha,Ridge,263.4,255.35357870883539
Urea_kg_ha,Ridge,241.5,241.44702929800778
Urea_kg_ha,Ridge,280.2,258.58540720827665
Urea_kg_ha,Ridge,233.7,224.874780813
Urea_kg_ha,Ridge,210.2,219.34807003382943
Urea_kg_ha,Ridge,272.4,242.64738282376587
Urea_kg_ha,Ridge,230.6,236.14522826951404
Urea_kg_ha,Ridge,298.5,283.18701478309555
Urea_kg_ha,Ridge,211,234.77115686658763
Urea_kg_ha,Ridge,232.5,225.98939862141484
Urea_kg_ha,Ridge,263.8,286.7467484704316
Urea_kg_ha,Ridge,258.3,251.25569917602883
Urea_kg_ha,Ridge,267,280.9704764121633
Urea_kg_ha,Ridge,231.5,235.37813380732226
Urea_kg_ha,Ridge,279.1,244.1818303347435
Urea_kg_ha,Ridge,278.6,289.20387577599354
Urea_kg_ha,Ridge,302.4,292.60029282991724
Urea_kg_ha,Ridge,257.6,257.2345883958524
Urea_kg_ha,Ridge,220.6,227.98178948307174
Urea_kg_ha,Ridge,221.6,211.68823729695453
Urea_kg_ha,Ridge,282.7,277.3890995312252
Urea_kg_ha,Ridge,256.3,263.3078109604123
Urea_kg_ha,Ridge,245,250.2386800739951
Urea_kg_ha,Ridge,202.6,237.1274477915529
Urea_kg_ha,Ridge,298.8,290.55828314011205
Urea_kg_ha,Ridge,225.6,222.85198500575453
Urea_kg_ha,Ridge,278.7,265.86583367432996
Urea_kg_ha,Ridge,255.5,244.61023238587933
Urea_kg_ha,Ridge,207.6,229.3663353443807
Urea_kg_ha,Ridge,264,269.926259028548
Urea_kg_ha,Ridge,226.2,221.4034910294145
Urea_kg_ha,Ridge,248.9,241.46075106696568
Urea_kg_ha,Ridge,228.3,232.52443974690348
Urea_kg_ha,Ridge,206.2,217.5621051743362
Urea_kg_ha,Ridge,250.7,259.5952602349601
Urea_kg_ha,Ridge,203.7,232.323565330131
Urea_kg_ha,Ridge,220.8,225.65453272497354
Urea_kg_ha,Ridge,267.4,261.9239384285301
Urea_kg_ha,Ridge,296.8,293.87133906557483
Urea_kg_ha,Ridge,277.8,260.9778119296512
Urea_kg_ha,Ridge,256.3,247.168928740974
Urea_kg_ha,Ridge,218.3,216.2430967419717
Urea_kg_ha,Ridge,246.5,254.82160025576374
Urea_kg_ha,Ridge,220.7,232.61009046277758
Urea_kg_ha,Ridge,262.9,278.77745097414555
Urea_kg_ha,Ridge,285.7,288.30206360865714
Urea_kg_ha,Ridge,281.9,285.9873045314176
Urea_kg_ha,Ridge,209.1,229.92674430145965
Urea_kg_ha,Ridge,300.3,277.3141929056605
Urea_kg_ha,Ridge,214.4,225.1968434739338
Urea_kg_ha,Ridge,248.8,242.0252030735049
Urea_kg_ha,Ridge,218,234.95481586537142
Urea_kg_ha,Ridge,230.7,233.9965754942075
Urea_kg_ha,Ridge,231.9,222.5231716182963
Urea_kg_ha,Ridge,289.9,277.6084713945328
Urea_kg_ha,Ridge,289.8,284.8914208557196
Urea_kg_ha,Ridge,245.4,248.50629102436508
Urea_kg_ha,Ridge,283.4,268.24680867831773
Urea_kg_ha,Ridge,261,264.59165032787075
Urea_kg_ha,Ridge,267.1,267.61218290202845
Urea_kg_ha,Ridge,245.7,242.8355806812111
Urea_kg_ha,Ridge,256.3,256.20898262449316
Urea_kg_ha,Ridge,263.5,247.11958049427096
Urea_kg_ha,Ridge,291.7,289.4852133009303
Urea_kg_ha,Ridge,202.6,232.39886920912505
Urea_kg_ha,Ridge,229.4,221.80198725604976
Urea_kg_ha,Ridge,298,279.41346638356157
Urea_kg_ha,Ridge,280.2,289.6517133557138
Urea_kg_ha,Ridge,251.4,243.2275847052277
Urea_kg_ha,Ridge,270.2,271.92726027081113
Urea_kg_ha,Ridge,242.9,246.39975615758394
Urea_kg_ha,Ridge,273.9,257.3096362656776
Urea_kg_ha,Ridge,301.6,273.0520931496284
Urea_kg_ha,Ridge,284,282.72043410512106
Urea_kg_ha,Ridge,275.1,244.64323241320267
Urea_kg_ha,Ridge,272.8,290.5225690612094
Urea_kg_ha,Ridge,279.9,249.58913616716745
Urea_kg_ha,Ridge,245.2,238.32944879806783
Urea_kg_ha,Ridge,290.5,286.2963723281986
Urea_kg_ha,Ridge,275.2,275.31683920134407
Urea_kg_ha,Ridge,279.4,282.70352791886967
Urea_kg_ha,Ridge,251.1,245.56559836121855
Urea_kg_ha,Ridge,285.7,290.56130870729584
Urea_kg_ha,Ridge,278.6,267.80631486865525
Urea_kg_ha,Ridge,211,238.31243122422183
Urea_kg_ha,Ridge,204.4,212.870677144637
Urea_kg_ha,Ridge,211.2,233.13846324150677
Urea_kg_ha,Ridge,221.9,217.23500408069282
Urea_kg_ha,Ridge,262.3,259.3109786531337
Urea_kg_ha,Ridge,233.7,237.43770356646942
Urea_kg_ha,Ridge,214.3,232.77650714350997
Urea_kg_ha,Ridge,281.7,292.6191996982292
Urea_kg_ha,Ridge,256.3,261.1442550956766
Urea_kg_ha,Ridge,202.3,238.73403890555855
Urea_kg_ha,Ridge,229.2,238.8072202730553
Urea_kg_ha,Ridge,203.6,218.32370950550722
Urea_kg_ha,Ridge,266.2,276.8717950124749
Urea_kg_ha,Ridge,227.9,241.5992549988669
Urea_kg_ha,Ridge,294.8,273.72599938023154
Urea_kg_ha,Ridge,277.1,284.90086948962306
Urea_kg_ha,Ridge,265,292.3333292696516
Urea_kg_ha,Ridge,250.1,263.4563176072065
Urea_kg_ha,Ridge,294.4,280.2973663191007
Urea_kg_ha,Ridge,214.4,231.2656900829785
Urea_kg_ha,Ridge,207.2,215.4521426089175
Urea_kg_ha,Ridge,292,270.1111922106769
Urea_kg_ha,Ridge,268.9,256.51491573379406
Urea_kg_ha,Ridge,269.7,241.355461784487
Urea_kg_ha,Ridge,267.5,262.3288225156042
Urea_kg_ha,Ridge,268.9,284.32522116474394
Urea_kg_ha,Ridge,270.4,290.8330901026606
Urea_kg_ha,Ridge,230.5,235.14163622312049
Urea_kg_ha,Ridge,232.8,215.8932423703871
Urea_kg_ha,Ridge,215.5,215.40619439859796
Urea_kg_ha,Ridge,269.9,292.1651752736153
Urea_kg_ha,Ridge,273.1,262.36564108779265
Urea_kg_ha,Ridge,263,283.7025117786011
Urea_kg_ha,Ridge,294.4,287.72431521536015
Urea_kg_ha,Ridge,282.6,281.238028437558
Urea_kg_ha,Ridge,275.4,254.33704586860443
Urea_kg_ha,Ridge,229.9,229.70758409497438
Urea_kg_ha,Ridge,283.3,289.5606113382615
Urea_kg_ha,Ridge,293.2,274.56282794424993
Urea_kg_ha,Ridge,302.3,285.37378092626375
Urea_kg_ha,Ridge,262.1,240.95094778625779
Urea_kg_ha,Ridge,211.3,215.85225741947997
Urea_kg_ha,Ridge,255.7,258.25769939364153
Urea_kg_ha,Ridge,267.3,288.22920331632366
Urea_kg_ha,Ridge,265.5,271.6860785936482
Urea_kg_ha,Ridge,230.9,222.5124748855757
Urea_kg_ha,Ridge,222.8,235.25147772360694
Urea_kg_ha,Ridge,206.4,220.57244555095116
Urea_kg_ha,Ridge,253.1,260.20284072981354
Urea_kg_ha,Ridge,244.8,240.26401193689293
Urea_kg_ha,Ridge,224.4,220.73706728473658
Urea_kg_ha,Ridge,267.1,264.55522325990546
Urea_kg_ha,Ridge,254.4,264.211931937397
Urea_kg_ha,Ridge,275.9,267.3275271330671
Urea_kg_ha,Ridge,283.4,291.5224745334797
Urea_kg_ha,Ridge,278.3,248.7378994557351
Urea_kg_ha,Ridge,215.1,238.45287265019408
Urea_kg_ha,Ridge,241.4,253.19775681666934
Urea_kg_ha,Ridge,272.6,284.76615229015016
Urea_kg_ha,Ridge,202.3,239.66682074943637
Urea_kg_ha,Ridge,274.8,273.5883405149461
Urea_kg_ha,Ridge,245.8,266.25779419080993
Urea_kg_ha,Ridge,272.3,289.3570852120509
Urea_kg_ha,Ridge,204.2,213.33760028850912
Urea_kg_ha,Ridge,298.2,274.22731883098567
Urea_kg_ha,Ridge,244,261.3806072070442
Urea_kg_ha,Ridge,273.5,243.4252141812398
Urea_kg_ha,Ridge,268.6,265.74155139915854
Urea_kg_ha,Ridge,294.9,285.55189603340614
Urea_kg_ha,Ridge,261.8,272.2560211125541
Urea_kg_ha,Ridge,288,274.9992092884472
Urea_kg_ha,Ridge,212.4,226.57483418698817
Urea_kg_ha,Ridge,276.6,283.8154174969282
Urea_kg_ha,Ridge,277.8,277.3477855803133
Urea_kg_ha,Ridge,202.9,229.24263236956017
Urea_kg_ha,Ridge,216,218.45099369996603
Urea_kg_ha,Ridge,299,269.63884092653745
Urea_kg_ha,Ridge,217.1,236.36366010746832
Urea_kg_ha,Ridge,256.8,246.95738090075508
Urea_kg_ha,Ridge,271.8,274.90544703460495
Urea_kg_ha,Ridge,223.3,229.87768496399883
Urea_kg_ha,Ridge,214.5,227.5908444256304
Urea_kg_ha,Ridge,244.4,252.84551623565736
Urea_kg_ha,Ridge,212.1,226.30161141663396
Urea_kg_ha,Ridge,264.2,260.2017001492771
Urea_kg_ha,Ridge,212.8,215.8647529619957
Urea_kg_ha,Ridge,299.6,278.7638622749923
Urea_kg_ha,Ridge,269.9,243.00823618510594
Urea_kg_ha,Ridge,283.3,277.9608755690334
Urea_kg_ha,Ridge,291.5,277.7189985253346
Urea_kg_ha,Ridge,270.7,285.34792398743303
Urea_kg_ha,Ridge,215.4,231.42871898311338
Urea_kg_ha,Ridge,226.9,216.71247918034538
Urea_kg_ha,Ridge,208.5,239.63919476089242
Urea_kg_ha,Ridge,204.5,233.78964362097892
Urea_kg_ha,Ridge,269.5,245.2395535655606
Urea_kg_ha,Ridge,202.4,238.19556015359913
Urea_kg_ha,Ridge,297,276.1578937906213
Urea_kg_ha,Ridge,221.9,225.5236341515647
Urea_kg_ha,Ridge,217.3,238.04631315920784
Urea_kg_ha,Ridge,261.9,256.2622238687196
Urea_kg_ha,Ridge,222,230.1143141709732
Urea_kg_ha,Ridge,271.8,274.26864207211503
Urea_kg_ha,Ridge,279.4,246.38893402796657
Urea_kg_ha,Ridge,291.4,279.75318976744956
Urea_kg_ha,Ridge,246.8,266.61870496374456
Urea_kg_ha,Ridge,275.5,282.76096081056295
Urea_kg_ha,Ridge,285.6,271.2700756681191
Urea_kg_ha,Ridge,292.5,281.7749172624428
Urea_kg_ha,Ridge,209.2,223.79067465593207
Urea_kg_ha,Ridge,277.1,268.31966726860037
Urea_kg_ha,Ridge,216.9,236.7688581459942
Urea_kg_ha,Ridge,208.1,214.8223395397581
Urea_kg_ha,Ridge,301.7,271.585018904381
Urea_kg_ha,Ridge,264.2,242.82066864442345
Urea_kg_ha,Ridge,273.3,253.02974196388226
Urea_kg_ha,Ridge,269.9,247.84938597613416
Urea_kg_ha,Ridge,267,259.7177015352127
Urea_kg_ha,Ridge,229.4,214.54233738807343
Urea_kg_ha,Ridge,265.1,243.0225189681683
Urea_kg_ha,Ridge,257.1,250.11825974919532
Urea_kg_ha,Ridge,231.6,218.11994580636485
Urea_kg_ha,Ridge,273.7,286.0195783394563
Urea_kg_ha,Ridge,203,227.97056165410572
Urea_kg_ha,Ridge,206.2,229.1676347073361
Urea_kg_ha,Ridge,282.9,275.3109051169762
Urea_kg_ha,Ridge,285.3,281.85477778136067
Urea_kg_ha,Ridge,229.5,214.29730990553693
Urea_kg_ha,Ridge,207.4,226.9035882410485
Urea_kg_ha,Ridge,264.4,253.61162612872747
Urea_kg_ha,Ridge,224.3,227.39590827308817
Urea_kg_ha,Ridge,257.5,260.0458395334224
Urea_kg_ha,Ridge,272.4,258.0885047819494
Urea_kg_ha,Ridge,204.6,219.07106837956988
Urea_kg_ha,Ridge,242,247.41058542082064
Urea_kg_ha,Ridge,264.4,288.7116354594673
Urea_kg_ha,Ridge,226.2,228.474601250928
Urea_kg_ha,Ridge,287.6,287.74000539101803
Urea_kg_ha,Ridge,269.1,262.78593007861764
Urea_kg_ha,Ridge,257.7,266.7173075838598
Urea_kg_ha,Ridge,265,257.4742008604866
Urea_kg_ha,Ridge,274.1,279.9728821085505
Urea_kg_ha,Ridge,217.2,236.394718951375
Urea_kg_ha,Ridge,268.6,263.9038961616288
Urea_kg_ha,Ridge,279.7,288.34990011897685
Urea_kg_ha,Ridge,259.4,265.56838050417633
Urea_kg_ha,Ridge,249.1,264.86255594079825
Urea_kg_ha,Ridge,220,213.0687238928303
Urea_kg_ha,Ridge,274.7,266.72635592419294
Urea_kg_ha,Ridge,220.3,231.0017315446901
Urea_kg_ha,Ridge,264.2,244.35341446382859
Urea_kg_ha,Ridge,270.3,291.5707693039524
Urea_kg_ha,Ridge,263.4,284.23330032205195
Urea_kg_ha,Ridge,247.2,267.6584061473097
Urea_kg_ha,Ridge,261.9,279.30904362020294
Urea_kg_ha,Ridge,251,263.6606019447979
Urea_kg_ha,Ridge,258.9,248.7914813181757
Urea_kg_ha,Ridge,248.4,259.51440422603616
Urea_kg_ha,Ridge,204.8,228.08818954988143
Urea_kg_ha,Ridge,268.7,284.47462497806663
Urea_kg_ha,Ridge,298.4,273.24468749958294
Urea_kg_ha,Ridge,301.9,273.9520892562122
Urea_kg_ha,Ridge,206.2,222.37695612067836
Urea_kg_ha,Ridge,215.6,215.48760241866538
Urea_kg_ha,Ridge,220.2,228.61288172231147
Urea_kg_ha,Ridge,272.8,256.93979785634747
Urea_kg_ha,Ridge,222.6,215.82600981049495
Urea_kg_ha,Ridge,283.2,288.3463429933565
Urea_kg_ha,Ridge,203.3,221.0366531293565
Urea_kg_ha,Ridge,230.4,219.32900477687113
Urea_kg_ha,Ridge,280.4,280.5967285694115
Urea_kg_ha,Ridge,248.1,261.25692321925595
Urea_kg_ha,Ridge,281.1,291.46176588936885
Urea_kg_ha,Ridge,284.4,287.7128201888437
Urea_kg_ha,Ridge,212.4,241.1866067203027
Urea_kg_ha,Ridge,229.2,222.33331376049452
Urea_kg_ha,Ridge,229.7,219.1452683922939
Urea_kg_ha,Ridge,300,288.7807191217634
Urea_kg_ha,Ridge,241.9,252.06990651775487
Urea_kg_ha,Ridge,233.6,239.76404175652706
Urea_kg_ha,Ridge,252.1,251.66030523428537
Urea_kg_ha,Ridge,280.1,293.498995956356
Urea_kg_ha,Ridge,269.8,288.3756398232274
Urea_kg_ha,Ridge,229.8,220.83373993191572
Urea_kg_ha,Ridge,263.2,245.54639630008742
Urea_kg_ha,Ridge,282.5,283.1673286069331
Urea_kg_ha,Ridge,275.2,285.49061800939756
Urea_kg_ha,Ridge,269.4,281.58519143928356
Urea_kg_ha,Ridge,215.1,231.45273727293355
Urea_kg_ha,Ridge,283.4,276.05546965784123
Urea_kg_ha,Ridge,250.6,246.28384211469248
Urea_kg_ha,Ridge,244,243.67874363043774
Urea_kg_ha,Ridge,272.9,254.07930706460277
Urea_kg_ha,Ridge,299.1,281.8947070040519
Urea_kg_ha,Ridge,270.7,282.93512675697
Urea_kg_ha,Ridge,292.1,278.0183747911308
Urea_kg_ha,Ridge,213.8,239.70375835831018
Urea_kg_ha,Ridge,220.4,224.19798311182137
Urea_kg_ha,Ridge,202.9,216.01183080545684
Urea_kg_ha,Ridge,267.7,293.6587452283631
Urea_kg_ha,Ridge,242.1,259.16805775852947
Urea_kg_ha,Ridge,226.9,221.28243364314656
Urea_kg_ha,Ridge,251.3,247.69031264367183
Urea_kg_ha,Ridge,263.9,279.00463797113275
Urea_kg_ha,Ridge,297.1,283.8896195805701
Urea_kg_ha,Ridge,249.3,243.33456910686164
Urea_kg_ha,Ridge,257.1,241.60045789237606
Urea_kg_ha,Ridge,286.3,292.3520032257813
Urea_kg_ha,Ridge,263.9,259.859309687044
Urea_kg_ha,Ridge,275.9,292.24918396314115
Urea_kg_ha,Ridge,275.4,278.3851684429075
Urea_kg_ha,Ridge,217.5,220.33037362953243
Urea_kg_ha,Ridge,231.1,226.15982570054152
Urea_kg_ha,Ridge,273.3,263.37047757417156
Urea_kg_ha,Ridge,222.3,225.9293225974461
Urea_kg_ha,Ridge,246.6,248.37646897421024
Urea_kg_ha,Ridge,268.3,245.10089538559214
Urea_kg_ha,Ridge,211.2,228.30440536145053
Urea_kg_ha,Ridge,279.7,244.14268109069684
Urea_kg_ha,Ridge,270.9,241.9870589096559
Urea_kg_ha,Ridge,270.5,281.0685138791466
Urea_kg_ha,Ridge,281.9,290.66106413714414
Urea_kg_ha,Ridge,228.1,237.47246540966933
Urea_kg_ha,Ridge,211.3,219.57760559583537
Urea_kg_ha,Ridge,259.4,251.44771158523224
Urea_kg_ha,Ridge,294.5,289.10006307445184
Urea_kg_ha,Ridge,296.3,289.854257875085
Urea_kg_ha,Ridge,209.7,215.7555636964221
Urea_kg_ha,Ridge,219.3,230.49278458876432
Urea_kg_ha,Ridge,264.2,291.7711155998822
Urea_kg_ha,Ridge,284.9,274.48243711504574
Urea_kg_ha,Ridge,266.5,251.29557319270754
Urea_kg_ha,Ridge,254.7,258.6332072186561
Urea_kg_ha,Ridge,252.9,255.49437696919398
Urea_kg_ha,Ridge,274.2,268.9994475866022
Urea_kg_ha,Ridge,213.1,222.31375735401892
Urea_kg_ha,Ridge,260.3,248.14104445726556
Urea_kg_ha,Ridge,249.2,260.09713409516814
Urea_kg_ha,Ridge,217.6,214.82363927267295
Urea_kg_ha,Ridge,283.3,267.58095559359737
Urea_kg_ha,Ridge,205.6,217.40554876010262
Urea_kg_ha,Ridge,279.7,244.66024861686498
Urea_kg_ha,Ridge,287.4,281.8245940325407
Urea_kg_ha,Ridge,210.5,240.3005858296845
Urea_kg_ha,Ridge,244.7,239.2556838916993
Urea_kg_ha,Ridge,259.4,265.01785579257074
Urea_kg_ha,Ridge,279.9,262.0505199959965
Urea_kg_ha,Ridge,259.6,242.78295872420048
Urea_kg_ha,Ridge,224.2,224.12793181034348
Urea_kg_ha,Ridge,261.7,265.7169950053236
Urea_kg_ha,Ridge,275.1,294.07178912977173
Urea_kg_ha,Ridge,302.2,279.0400210797025
Urea_kg_ha,Ridge,276.5,282.9593296118809
Urea_kg_ha,Ridge,288.4,274.2208476036602
Urea_kg_ha,Ridge,272.9,286.3088963577789
Urea_kg_ha,Ridge,251.9,261.47572265080424
Urea_kg_ha,Ridge,210,238.54743333194276
Urea_kg_ha,Ridge,245.8,248.29586547069633
Urea_kg_ha,Ridge,269.8,246.9101252207398
Urea_kg_ha,Ridge,285.6,271.20349077176576
Urea_kg_ha,Ridge,220.6,214.36925816738534
Urea_kg_ha,Ridge,277.8,264.78653528377885
Urea_kg_ha,Ridge,257.1,248.36608238201293
Urea_kg_ha,Ridge,262.4,284.1436468189465
Urea_kg_ha,Ridge,205.3,222.60921502020085
Urea_kg_ha,Ridge,218.4,221.35253258948515
Urea_kg_ha,Ridge,230.9,216.61231812280363
Urea_kg_ha,Ridge,211.1,238.23072068125072
Urea_kg_ha,Ridge,288.3,277.1500498052638
Urea_kg_ha,Ridge,263.3,279.2089726854679
Urea_kg_ha,Ridge,252.6,262.6154187592248
Urea_kg_ha,Ridge,283.5,279.24284617792
Urea_kg_ha,Ridge,210.6,220.9927628739868
Urea_kg_ha,Ridge,270,242.1050542363431
Urea_kg_ha,Ridge,284.2,271.7252553368667
Urea_kg_ha,Ridge,230.5,235.97119698613122
Urea_kg_ha,Ridge,272.7,250.99642102943784
Urea_kg_ha,Ridge,217.6,222.31093512502667
Urea_kg_ha,Ridge,268.6,247.24310393656106
Urea_kg_ha,Ridge,271.3,248.15022292135538
Urea_kg_ha,Ridge,266.1,266.95937370649915
Urea_kg_ha,Ridge,254.9,240.71238221129235
Urea_kg_ha,Ridge,296.8,271.459719755761
Urea_kg_ha,Ridge,264.6,269.9767301798579
Urea_kg_ha,Ridge,253,262.4483308101242
Urea_kg_ha,Ridge,218.5,225.24362116858956
Urea_kg_ha,Ridge,241.6,265.7439786940609
Urea_kg_ha,Ridge,250.4,258.9713110396949
Urea_kg_ha,Ridge,257.1,249.01008553286442
Urea_kg_ha,Ridge,248,263.31198541866405
Urea_kg_ha,Ridge,254,246.10194912670616
Urea_kg_ha,Ridge,297.8,279.04762564826075
Urea_kg_ha,Ridge,299.9,292.4060272852853
Urea_kg_ha,Ridge,255.4,258.9348979403696
Urea_kg_ha,Ridge,217.2,228.92809374992106
Urea_kg_ha,Ridge,208.1,223.56060643424726
Urea_kg_ha,Ridge,244.8,257.4292679589141
Urea_kg_ha,Ridge,221,217.43608602675283
Urea_kg_ha,Ridge,278.1,262.97641321971105
Urea_kg_ha,Ridge,280,262.62116974752985
Urea_kg_ha,Ridge,225,227.98369438829906
Urea_kg_ha,Ridge,245.5,265.2067936109817
Urea_kg_ha,Ridge,268.6,245.64883221988615
Urea_kg_ha,Ridge,220.2,227.41869835305263
Urea_kg_ha,Ridge,245.3,255.61489366036164
Urea_kg_ha,Ridge,252.1,265.61412977206004
Urea_kg_ha,Ridge,278.3,270.2852444183233
Urea_kg_ha,Ridge,217.2,237.7687744247508
Urea_kg_ha,Ridge,207.8,218.61953259799887
Urea_kg_ha,Ridge,271.8,283.18515570823996
Urea_kg_ha,Ridge,290.6,266.90551103896115
Urea_kg_ha,Ridge,231.7,226.95365723707764
Urea_kg_ha,Ridge,207.3,219.0021692662667
Urea_kg_ha,Ridge,264.4,290.00139648661485
Urea_kg_ha,Ridge,270.4,261.17758696846283
Urea_kg_ha,Ridge,298.4,286.3776952729686
Urea_kg_ha,Ridge,210.4,223.6740006926294
Urea_kg_ha,Ridge,226.6,213.04191957767082
Urea_kg_ha,Ridge,208.4,223.94019236752877
Urea_kg_ha,Ridge,288.6,269.695722167815
Urea_kg_ha,Ridge,272.5,276.5993768119565
Urea_kg_ha,Ridge,270.5,258.6136469382549
Urea_kg_ha,Ridge,272,246.4730449943291
Urea_kg_ha,Ridge,242.3,248.7073028944288
Urea_kg_ha,Ridge,210.4,224.1617613724717
Urea_kg_ha,Ridge,296.8,284.1512541713725
Urea_kg_ha,Ridge,284.8,268.70534087914086
Urea_kg_ha,Ridge,208.1,212.38533627394813
Urea_kg_ha,Ridge,224.5,230.7885924455674
Urea_kg_ha,Ridge,227.9,229.20877140472618
Urea_kg_ha,Ridge,246.3,256.9413259501076
Urea_kg_ha,Ridge,270.6,260.63053251591134
Urea_kg_ha,Ridge,254.8,247.22604271622467
Urea_kg_ha,Ridge,270.8,294.0942657016995
Urea_kg_ha,Ridge,209.9,226.00555211482828
Urea_kg_ha,Ridge,271.7,291.80125162027616
Urea_kg_ha,Ridge,303.4,277.33551378438904
Urea_kg_ha,Ridge,269.8,287.64308912717973
Urea_kg_ha,Ridge,303.6,283.2136308168413
Urea_kg_ha,Ridge,257,253.98438545102385
Urea_kg_ha,Ridge,287.9,268.43060746175763
Urea_kg_ha,Ridge,233.3,219.98789463679566
Urea_kg_ha,Ridge,302,281.4392346261879
Urea_kg_ha,Ridge,214.4,227.14005344483806
Urea_kg_ha,Ridge,241.9,258.9425911706115
Urea_kg_ha,Ridge,227.5,235.10630036988928
Urea_kg_ha,Ridge,213.1,225.94542835008022
Urea_kg_ha,Ridge,264.7,290.0131841100752
Urea_kg_ha,Ridge,219.2,234.5241227261227
Urea_kg_ha,Ridge,285.4,279.25819904590145
Urea_kg_ha,Ridge,231.6,232.714251632028
Urea_kg_ha,Ridge,243.5,242.3170482409354
Urea_kg_ha,Ridge,290,274.979606531416
Urea_kg_ha,Ridge,252.9,261.8824683759962
Urea_kg_ha,Ridge,228.2,234.64028778549098
Urea_kg_ha,Ridge,211.8,230.23345417736175
Urea_kg_ha,Ridge,271,273.0834777509958
Urea_kg_ha,Ridge,241.5,255.10612715269187
Urea_kg_ha,Ridge,254.3,242.76645697471645
Urea_kg_ha,Ridge,209.3,216.97038814463986
Urea_kg_ha,Ridge,206.5,221.67666107168026
Urea_kg_ha,Ridge,293.5,288.8623422657628
Urea_kg_ha,Ridge,242.6,253.17510928396777
Urea_kg_ha,Ridge,227.8,232.59089025251714
Urea_kg_ha,LASSO,279.3,262.59892344866125
Urea_kg_ha,LASSO,249.6,261.66239604194635
Urea_kg_ha,LASSO,267.3,269.8815024259146
Urea_kg_ha,LASSO,213,215.99208158332834
Urea_kg_ha,LASSO,265.5,277.9749758742773
Urea_kg_ha,LASSO,217.2,216.1177145189339
Urea_kg_ha,LASSO,276.5,272.1939234111611
Urea_kg_ha,LASSO,303.2,284.56692280850285
Urea_kg_ha,LASSO,291.4,277.39687062796565
Urea_kg_ha,LASSO,226.2,233.4608719082825
Urea_kg_ha,LASSO,221.4,212.6490830410642
Urea_kg_ha,LASSO,281.4,280.8655021058354
Urea_kg_ha,LASSO,269.2,242.71055584926845
Urea_kg_ha,LASSO,253.6,248.49160831238464
Urea_kg_ha,LASSO,300.8,275.08444964271916
Urea_kg_ha,LASSO,273,266.28723801243933
Urea_kg_ha,LASSO,275.4,258.8975027459938
Urea_kg_ha,LASSO,266.1,287.67713212596925
Urea_kg_ha,LASSO,217.8,221.89876698205012
Urea_kg_ha,LASSO,214.7,219.008240750492
Urea_kg_ha,LASSO,261.6,266.9909761943565
Urea_kg_ha,LASSO,302.2,278.5530811205889
Urea_kg_ha,LASSO,282.2,274.50634439640754
Urea_kg_ha,LASSO,271.5,282.02171259845863
Urea_kg_ha,LASSO,253.9,265.25666045542164
Urea_kg_ha,LASSO,288.8,269.303397179603
Urea_kg_ha,LASSO,266.2,295.3181332636259
Urea_kg_ha,LASSO,271.7,275.08444964271916
Urea_kg_ha,LASSO,261.6,293.0057122783794
Urea_kg_ha,LASSO,262.4,286.06844932264
Urea_kg_ha,LASSO,301.3,282.02171259845863
Urea_kg_ha,LASSO,279.6,276.81876538165403
Urea_kg_ha,LASSO,274.6,266.9909761943565
Urea_kg_ha,LASSO,285.6,271.79619978408147
Urea_kg_ha,LASSO,295.7,273.9282391500959
Urea_kg_ha,LASSO,229.4,211.14755652692705
Urea_kg_ha,LASSO,264.5,248.093884685305
Urea_kg_ha,LASSO,227.9,225.36739845991983
Urea_kg_ha,LASSO,226.2,213.2271882873758
Urea_kg_ha,LASSO,249.8,240.39813486402196
Urea_kg_ha,LASSO,287.8,270.45960767222624
Urea_kg_ha,LASSO,243.4,258.31939749968217
Urea_kg_ha,LASSO,272.5,261.2099237312403
Urea_kg_ha,LASSO,258.5,240.97624011033358
Urea_kg_ha,LASSO,244.4,254.27266077550084
Urea_kg_ha,LASSO,301.9,285.49034407632837
Urea_kg_ha,LASSO,219.2,233.4608719082825
Urea_kg_ha,LASSO,202.4,216.1177145189339
Urea_kg_ha,LASSO,268.9,253.11645028287762
Urea_kg_ha,LASSO,281.5,294.16192277100265
Urea_kg_ha,LASSO,259.9,255.42887126812408
Urea_kg_ha,LASSO,248.1,239.82002961771033
Urea_kg_ha,LASSO,261,253.69455552918922
Urea_kg_ha,LASSO,274.9,241.5543453566452
Urea_kg_ha,LASSO,256.5,261.2099237312403
Urea_kg_ha,LASSO,288.7,276.81876538165403
Urea_kg_ha,LASSO,256.4,246.17918732713815
Urea_kg_ha,LASSO,278.9,244.44487158820328
Urea_kg_ha,LASSO,207.5,222.47687222836174
Urea_kg_ha,LASSO,210.3,211.49287254844094
Urea_kg_ha,LASSO,270.7,242.44858924971138
Urea_kg_ha,LASSO,214.6,231.72655616934765
Urea_kg_ha,LASSO,275.9,289.13935717343
Urea_kg_ha,LASSO,265.8,283.0522901554763
Urea_kg_ha,LASSO,278.5,245.60108208082653
Urea_kg_ha,LASSO,223,217.3738380250756
Urea_kg_ha,LASSO,244.9,264.2808315820304
Urea_kg_ha,LASSO,287.6,280.28739685952377
Urea_kg_ha,LASSO,203.9,215.53960927262227
Urea_kg_ha,LASSO,265.6,250.80402929763113
Urea_kg_ha,LASSO,233.3,217.85203025786876
Urea_kg_ha,LASSO,259.7,251.38213454394275
Urea_kg_ha,LASSO,273.1,258.31939749968217
Urea_kg_ha,LASSO,280.3,243.60479974233462
Urea_kg_ha,LASSO,246.4,247.91350306607302
Urea_kg_ha,LASSO,228.9,229.41413518410116
Urea_kg_ha,LASSO,284.8,288.3808703078864
Urea_kg_ha,LASSO,242.5,257.615659317765
Urea_kg_ha,LASSO,270.4,280.28739685952377
Urea_kg_ha,LASSO,278,295.3181332636259
Urea_kg_ha,LASSO,260.6,254.27266077550084
Urea_kg_ha,LASSO,302.9,284.3341335837051
Urea_kg_ha,LASSO,250.7,255.52878428164254
Urea_kg_ha,LASSO,205.3,223.05497747467336
Urea_kg_ha,LASSO,230.3,211.49287254844094
Urea_kg_ha,LASSO,267.5,240.63092408881968
Urea_kg_ha,LASSO,276.8,294.972817242112
Urea_kg_ha,LASSO,273.1,269.8815024259146
Urea_kg_ha,LASSO,249.5,245.60108208082653
Urea_kg_ha,LASSO,287.6,283.1779230910819
Urea_kg_ha,LASSO,281,275.08444964271916
Urea_kg_ha,LASSO,270.6,256.00697651443573
Urea_kg_ha,LASSO,291.6,276.2406601353424
Urea_kg_ha,LASSO,254.1,256.4594488251418
Urea_kg_ha,LASSO,262.4,240.7142735107765
Urea_kg_ha,LASSO,270.5,266.6456601728426
Urea_kg_ha,LASSO,252.4,252.99081734727207
Urea_kg_ha,LASSO,233.3,217.85203025786876
Urea_kg_ha,LASSO,271.8,288.5612519271184
Urea_kg_ha,LASSO,303,275.08444964271916
Urea_kg_ha,LASSO,256.9,253.43258892963215
Urea_kg_ha,LASSO,273.3,253.69455552918922
Urea_kg_ha,LASSO,300.8,280.8655021058354
Urea_kg_ha,LASSO,204.8,212.6490830410642
Urea_kg_ha,LASSO,206.1,228.25792469147794
Urea_kg_ha,LASSO,218.5,231.72655616934765
Urea_kg_ha,LASSO,293.6,285.49034407632837
Urea_kg_ha,LASSO,275.7,248.49160831238464
Urea_kg_ha,LASSO,277.4,277.39687062796565
Urea_kg_ha,LASSO,216.2,229.99224043041278
Urea_kg_ha,LASSO,274.2,293.0057122783794
Urea_kg_ha,LASSO,275.6,268.7252919332914
Urea_kg_ha,LASSO,206,225.36739845991983
Urea_kg_ha,LASSO,202.2,235.773292893529
Urea_kg_ha,LASSO,298.6,277.39687062796565
Urea_kg_ha,LASSO,297.3,296.47434375624914
Urea_kg_ha,LASSO,205.3,217.27392501155714
Urea_kg_ha,LASSO,272.5,255.88134357883015
Urea_kg_ha,LASSO,267.8,272.7720286574727
Urea_kg_ha,LASSO,288.6,288.3808703078864
Urea_kg_ha,LASSO,262.6,266.59325256727686
Urea_kg_ha,LASSO,299.9,293.0057122783794
Urea_kg_ha,LASSO,278.4,259.4756079923054
Urea_kg_ha,LASSO,261.1,260.63181848492866
Urea_kg_ha,LASSO,277.8,264.1004499627984
Urea_kg_ha,LASSO,277.4,245.0229768345149
Urea_kg_ha,LASSO,204.8,222.47687222836174
Urea_kg_ha,LASSO,205.2,237.50760863246387
Urea_kg_ha,LASSO,220.4,217.27392501155714
Urea_kg_ha,LASSO,212,214.38339877999906
Urea_kg_ha,LASSO,201.2,224.52732661405113
Urea_kg_ha,LASSO,205.7,225.94550370623145
Urea_kg_ha,LASSO,201.5,220.39724046791298
Urea_kg_ha,LASSO,259.1,253.69455552918922
Urea_kg_ha,LASSO,218.2,233.4608719082825
Urea_kg_ha,LASSO,285.1,296.47434375624914
Urea_kg_ha,LASSO,301.5,271.8486073896472
Urea_kg_ha,LASSO,257.3,267.56908144066813
Urea_kg_ha,LASSO,224.6,235.19518764721738
Urea_kg_ha,LASSO,207.9,214.38339877999906
Urea_kg_ha,LASSO,303.1,272.1939234111611
Urea_kg_ha,LASSO,277.1,256.58508176074736
Urea_kg_ha,LASSO,299.6,268.7252919332914
Urea_kg_ha,LASSO,277.6,281.04588372506737
Urea_kg_ha,LASSO,295.3,272.7720286574727
Urea_kg_ha,LASSO,212.9,224.7892932136082
Urea_kg_ha,LASSO,272.9,249.6478188050079
Urea_kg_ha,LASSO,223.7,228.83602993778953
Urea_kg_ha,LASSO,253,250.2259240513195
Urea_kg_ha,LASSO,275.1,256.00697651443573
Urea_kg_ha,LASSO,272.3,267.56908144066813
Urea_kg_ha,LASSO,287.5,285.49034407632837
Urea_kg_ha,LASSO,201.9,224.4439771920943
Urea_kg_ha,LASSO,229.5,209.9913460343038
Urea_kg_ha,LASSO,276.3,290.1151860468213
Urea_kg_ha,LASSO,270.2,245.0229768345149
Urea_kg_ha,LASSO,213.6,227.67981944516632
Urea_kg_ha,LASSO,279.1,282.02171259845863
Urea_kg_ha,LASSO,288.9,277.9749758742773
Urea_kg_ha,LASSO,217.8,213.4075699066078
Urea_kg_ha,LASSO,208.6,238.66381912508712
Urea_kg_ha,LASSO,270.8,269.303397179603
Urea_kg_ha,LASSO,264,253.56892259358366
Urea_kg_ha,LASSO,205.3,213.2271882873758
Urea_kg_ha,LASSO,275.1,267.56908144066813
Urea_kg_ha,LASSO,264.8,276.81876538165403
Urea_kg_ha,LASSO,268.1,251.96023979025438
Urea_kg_ha,LASSO,242.5,263.52234471648677
Urea_kg_ha,LASSO,273.7,247.3353978197614
Urea_kg_ha,LASSO,205.3,231.72655616934765
Urea_kg_ha,LASSO,300.9,268.14718668697975
Urea_kg_ha,LASSO,244,265.25666045542164
Urea_kg_ha,LASSO,264.3,295.19250032802034
Urea_kg_ha,LASSO,276.1,272.1939234111611
Urea_kg_ha,LASSO,287.7,294.7400280173143
Urea_kg_ha,LASSO,293.2,296.47434375624914
Urea_kg_ha,LASSO,295.1,279.70929161321214
Urea_kg_ha,LASSO,290.8,291.27139653944454
Urea_kg_ha,LASSO,257.8,260.05371323861704
Urea_kg_ha,LASSO,252.1,239.82002961771033
Urea_kg_ha,LASSO,246.5,262.94423947017515
Urea_kg_ha,LASSO,231.1,227.1017141988547
Urea_kg_ha,LASSO,287.5,280.28739685952377
Urea_kg_ha,LASSO,266.4,293.583817524691
Urea_kg_ha,LASSO,295.2,287.2246598152632
Urea_kg_ha,LASSO,249.2,251.12016794438568
Urea_kg_ha,LASSO,242.6,248.49160831238464
Urea_kg_ha,LASSO,231.6,224.7892932136082
Urea_kg_ha,LASSO,280.6,269.303397179603
Urea_kg_ha,LASSO,292.4,271.03771291853786
Urea_kg_ha,LASSO,264.9,286.06844932264
Urea_kg_ha,LASSO,217.3,218.88260781488646
Urea_kg_ha,LASSO,222.3,224.2111879672966
Urea_kg_ha,LASSO,209.5,227.67981944516632
Urea_kg_ha,LASSO,277.1,289.53708080050967
Urea_kg_ha,LASSO,264,246.75729257344977
Urea_kg_ha,LASSO,224.7,219.7667276160356
Urea_kg_ha,LASSO,273.1,296.5742567697676
Urea_kg_ha,LASSO,291.7,278.15535749350926
Urea_kg_ha,LASSO,299.9,287.8027650615748
Urea_kg_ha,LASSO,274.8,253.69455552918922
Urea_kg_ha,LASSO,268.5,273.9282391500959
Urea_kg_ha,LASSO,270.2,253.69455552918922
Urea_kg_ha,LASSO,270.1,282.02171259845863
Urea_kg_ha,LASSO,283.9,291.27139653944454
Urea_kg_ha,LASSO,201.3,230.5703456767244
Urea_kg_ha,LASSO,245,254.85076602181246
Urea_kg_ha,LASSO,248.3,259.4756079923054
Urea_kg_ha,LASSO,301.4,269.303397179603
Urea_kg_ha,LASSO,257.1,239.9199426312288
Urea_kg_ha,LASSO,295.2,288.5612519271184
Urea_kg_ha,LASSO,213,220.16445124311525
Urea_kg_ha,LASSO,215.7,234.03897715459414
Urea_kg_ha,LASSO,250.6,243.28866109558007
Urea_kg_ha,LASSO,208.5,229.41413518410116
Urea_kg_ha,LASSO,265.6,254.27266077550084
Urea_kg_ha,LASSO,295.4,288.95897555419805
Urea_kg_ha,LASSO,265.2,243.28866109558007
Urea_kg_ha,LASSO,261.9,246.17918732713815
Urea_kg_ha,LASSO,271.1,282.59981784477026
Urea_kg_ha,LASSO,214.5,236.92950338615225
Urea_kg_ha,LASSO,297,284.91223883001675
Urea_kg_ha,LASSO,271.9,240.39813486402196
Urea_kg_ha,LASSO,271.2,292.4276070320678
Urea_kg_ha,LASSO,290.9,291.84950178575616
Urea_kg_ha,LASSO,220,210.3366620558177
Urea_kg_ha,LASSO,227.2,218.43013550418038
Urea_kg_ha,LASSO,224.9,226.52360895254307
Urea_kg_ha,LASSO,268.3,267.56908144066813
Urea_kg_ha,LASSO,262.3,254.27266077550084
Urea_kg_ha,LASSO,245.1,240.39813486402196
Urea_kg_ha,LASSO,303.5,293.583817524691
Urea_kg_ha,LASSO,296.4,277.9749758742773
Urea_kg_ha,LASSO,211,231.90693778857963
Urea_kg_ha,LASSO,251.6,249.6478188050079
Urea_kg_ha,LASSO,204,213.2271882873758
Urea_kg_ha,LASSO,280.4,280.8655021058354
Urea_kg_ha,LASSO,297.5,282.59981784477026
Urea_kg_ha,LASSO,273.3,251.38213454394275
Urea_kg_ha,LASSO,272.3,258.8975027459938
Urea_kg_ha,LASSO,282.1,292.4276070320678
Urea_kg_ha,LASSO,226,220.16445124311525
Urea_kg_ha,LASSO,203.3,238.0857138787755
Urea_kg_ha,LASSO,211.3,219.58634599680363
Urea_kg_ha,LASSO,203,228.25792469147794
Urea_kg_ha,LASSO,267.4,267.80187066546586
Urea_kg_ha,LASSO,274.3,289.53708080050967
Urea_kg_ha,LASSO,283.7,280.28739685952377
Urea_kg_ha,LASSO,262.2,286.6465545689516
Urea_kg_ha,LASSO,232.4,226.52360895254307
Urea_kg_ha,LASSO,282.1,295.3181332636259
Urea_kg_ha,LASSO,204.7,234.03897715459414
Urea_kg_ha,LASSO,260.4,244.44487158820328
Urea_kg_ha,LASSO,247.2,246.0535543915326
Urea_kg_ha,LASSO,216.1,231.14845092303602
Urea_kg_ha,LASSO,221.9,216.1177145189339
Urea_kg_ha,LASSO,203.3,238.66381912508712
Urea_kg_ha,LASSO,302,290.21509906033975
Urea_kg_ha,LASSO,270.2,253.11645028287762
Urea_kg_ha,LASSO,277.6,271.6158181648495
Urea_kg_ha,LASSO,246.3,264.67855520911
Urea_kg_ha,LASSO,279.7,288.95897555419805
Urea_kg_ha,LASSO,246.1,243.28866109558007
Urea_kg_ha,LASSO,207.5,234.9332210476603
Urea_kg_ha,LASSO,210.4,220.74255648942687
Urea_kg_ha,LASSO,297.3,288.3808703078864
Urea_kg_ha,LASSO,274.3,245.0229768345149
Urea_kg_ha,LASSO,246.5,242.71055584926845
Urea_kg_ha,LASSO,249.7,242.13245060295682
Urea_kg_ha,LASSO,228.5,229.41413518410116
Urea_kg_ha,LASSO,217.7,210.91476730212932
Urea_kg_ha,LASSO,251,245.0229768345149
Urea_kg_ha,LASSO,257,243.96667935541015
Urea_kg_ha,LASSO,249.3,249.52218586940234
Urea_kg_ha,LASSO,293.7,277.9749758742773
Urea_kg_ha,LASSO,211.8,212.07097779475257
Urea_kg_ha,LASSO,274.4,291.84950178575616
Urea_kg_ha,LASSO,280.4,284.3341335837051
Urea_kg_ha,LASSO,276,244.04714796112367
Urea_kg_ha,LASSO,265.3,274.1086207693279
Urea_kg_ha,LASSO,217.3,213.2271882873758
Urea_kg_ha,LASSO,243.6,261.2099237312403
Urea_kg_ha,LASSO,218,231.14845092303602
Urea_kg_ha,LASSO,215.2,227.99595809192087
Urea_kg_ha,LASSO,265.2,284.3341335837051
Urea_kg_ha,LASSO,276.8,280.28739685952377
Urea_kg_ha,LASSO,201.9,238.0857138787755
Urea_kg_ha,LASSO,242.3,245.0229768345149
Urea_kg_ha,LASSO,280.8,294.7400280173143
Urea_kg_ha,LASSO,244,248.49160831238464
Urea_kg_ha,LASSO,252.4,244.54478460172177
Urea_kg_ha,LASSO,299.8,280.8655021058354
Urea_kg_ha,LASSO,264.2,282.832607069568
Urea_kg_ha,LASSO,243.4,266.4128709480449
Urea_kg_ha,LASSO,245.8,263.0441524836936
Urea_kg_ha,LASSO,251.2,244.44487158820328
Urea_kg_ha,LASSO,245.8,242.13245060295682
Urea_kg_ha,LASSO,222.9,223.05497747467336
Urea_kg_ha,LASSO,268.4,282.1216256119771
Urea_kg_ha,LASSO,218,226.17829293102918
Urea_kg_ha,LASSO,229.8,212.74899605458265
Urea_kg_ha,LASSO,250.7,241.5543453566452
Urea_kg_ha,LASSO,202,219.46071306119808
Urea_kg_ha,LASSO,243.9,267.56908144066813
Urea_kg_ha,LASSO,217.3,212.82946466029617
Urea_kg_ha,LASSO,270,276.2406601353424
Urea_kg_ha,LASSO,256.8,262.3661342238635
Urea_kg_ha,LASSO,284,295.3181332636259
Urea_kg_ha,LASSO,268.1,282.6997308582887
Urea_kg_ha,LASSO,248.5,266.4128709480449
Urea_kg_ha,LASSO,265.4,264.7784682226285
Urea_kg_ha,LASSO,203.8,224.2111879672966
Urea_kg_ha,LASSO,295.5,277.9749758742773
Urea_kg_ha,LASSO,261.1,267.22376541915423
Urea_kg_ha,LASSO,233.2,230.5703456767244
Urea_kg_ha,LASSO,299.1,271.03771291853786
Urea_kg_ha,LASSO,297.8,293.32185092513396
Urea_kg_ha,LASSO,253.6,260.63181848492866
Urea_kg_ha,LASSO,212.4,236.92950338615225
Urea_kg_ha,LASSO,266.8,287.8027650615748
Urea_kg_ha,LASSO,229,217.95194327138722
Urea_kg_ha,LASSO,268.5,263.52234471648677
Urea_kg_ha,LASSO,266.9,260.5061855493231
Urea_kg_ha,LASSO,294.8,269.8815024259146
Urea_kg_ha,LASSO,215.7,234.4914494653002
Urea_kg_ha,LASSO,256.2,255.52878428164254
Urea_kg_ha,LASSO,257.9,244.89734389890936
Urea_kg_ha,LASSO,201.7,213.80529353368743
Urea_kg_ha,LASSO,261.9,294.16192277100265
Urea_kg_ha,LASSO,202.7,237.68799025169585
Urea_kg_ha,LASSO,242.7,240.0004112369423
Urea_kg_ha,LASSO,233.6,238.66381912508712
Urea_kg_ha,LASSO,204.8,233.4608719082825
Urea_kg_ha,LASSO,219.7,225.36739845991983
Urea_kg_ha,LASSO,261.6,257.74129225337055
Urea_kg_ha,LASSO,250.6,238.97995777184164
Urea_kg_ha,LASSO,261.4,245.0229768345149
Urea_kg_ha,LASSO,232.1,215.53960927262227
Urea_kg_ha,LASSO,282.9,276.2406601353424
Urea_kg_ha,LASSO,244.1,261.2099237312403
Urea_kg_ha,LASSO,260.2,264.67855520911
Urea_kg_ha,LASSO,241.5,247.91350306607302
Urea_kg_ha,LASSO,266,285.94281638703444
Urea_kg_ha,LASSO,298.5,291.27139653944454
Urea_kg_ha,LASSO,257.8,245.60108208082653
Urea_kg_ha,LASSO,223.5,229.99224043041278
Urea_kg_ha,LASSO,259.2,254.5887994222554
Urea_kg_ha,LASSO,225.6,229.99224043041278
Urea_kg_ha,LASSO,230.5,215.53960927262227
Urea_kg_ha,LASSO,269.9,251.38213454394275
Urea_kg_ha,LASSO,222.4,238.66381912508712
Urea_kg_ha,LASSO,290.8,285.94281638703444
Urea_kg_ha,LASSO,220.7,220.16445124311525
Urea_kg_ha,LASSO,230.1,210.3366620558177
Urea_kg_ha,LASSO,212.4,224.7892932136082
Urea_kg_ha,LASSO,253.5,244.44487158820328
Urea_kg_ha,LASSO,208.2,228.25792469147794
Urea_kg_ha,LASSO,260.3,264.91134443390774
Urea_kg_ha,LASSO,216,211.49287254844094
Urea_kg_ha,LASSO,213.8,235.06955471161183
Urea_kg_ha,LASSO,212.2,214.69953742675358
Urea_kg_ha,LASSO,296.7,275.6625548890308
Urea_kg_ha,LASSO,215.5,216.69581976524552
Urea_kg_ha,LASSO,209.6,219.008240750492
Urea_kg_ha,LASSO,288,279.70929161321214
Urea_kg_ha,LASSO,221.3,219.008240750492
Urea_kg_ha,LASSO,214,225.5477800791518
Urea_kg_ha,LASSO,259.9,257.74129225337055
Urea_kg_ha,LASSO,284,268.7252919332914
Urea_kg_ha,LASSO,298.3,287.2246598152632
Urea_kg_ha,LASSO,303,286.6465545689516
Urea_kg_ha,LASSO,220.3,228.83602993778953
Urea_kg_ha,LASSO,256.5,266.4128709480449
Urea_kg_ha,LASSO,285.7,279.70929161321214
Urea_kg_ha,LASSO,252.2,251.56251616317473
Urea_kg_ha,LASSO,226.2,213.80529353368743
Urea_kg_ha,LASSO,243.3,258.6355361464367
Urea_kg_ha,LASSO,252.9,261.2099237312403
Urea_kg_ha,LASSO,300.8,291.27139653944454
Urea_kg_ha,LASSO,230.6,235.19518764721738
Urea_kg_ha,LASSO,222.2,235.773292893529
Urea_kg_ha,LASSO,273.5,291.4517781586765
Urea_kg_ha,LASSO,225.5,238.66381912508712
Urea_kg_ha,LASSO,263.4,282.02171259845863
Urea_kg_ha,LASSO,217.2,216.69581976524552
Urea_kg_ha,LASSO,221.7,224.08555503169106
Urea_kg_ha,LASSO,226.6,234.03897715459414
Urea_kg_ha,LASSO,217.4,238.0857138787755
Urea_kg_ha,LASSO,270.3,284.5145152029371
Urea_kg_ha,LASSO,275.8,257.163187007059
Urea_kg_ha,LASSO,252.9,247.43531083327986
Urea_kg_ha,LASSO,272.7,288.03555428637253
Urea_kg_ha,LASSO,296.8,289.53708080050967
Urea_kg_ha,LASSO,275.7,294.7400280173143
Urea_kg_ha,LASSO,201.7,236.35139813984063
Urea_kg_ha,LASSO,217.2,222.5767852418802
Urea_kg_ha,LASSO,283.4,294.7400280173143
Urea_kg_ha,LASSO,302.8,271.03771291853786
Urea_kg_ha,LASSO,271.5,261.2099237312403
Urea_kg_ha,LASSO,255,261.7880289775519
Urea_kg_ha,LASSO,261.5,292.02988340498814
Urea_kg_ha,LASSO,264.2,270.3339747366207
Urea_kg_ha,LASSO,293.1,286.6465545689516
Urea_kg_ha,LASSO,247.1,261.7880289775519
Urea_kg_ha,LASSO,290,275.08444964271916
Urea_kg_ha,LASSO,269,250.2259240513195
Urea_kg_ha,LASSO,252.1,255.42887126812408
Urea_kg_ha,LASSO,297.2,295.19250032802034
Urea_kg_ha,LASSO,280.3,242.13245060295682
Urea_kg_ha,LASSO,226.9,234.03897715459414
Urea_kg_ha,LASSO,302.8,277.39687062796565
Urea_kg_ha,LASSO,282.6,277.9749758742773
Urea_kg_ha,LASSO,261.8,272.7720286574727
Urea_kg_ha,LASSO,271.1,285.49034407632837
Urea_kg_ha,LASSO,274.5,242.5849229136629
Urea_kg_ha,LASSO,255.3,250.9039423111496
Urea_kg_ha,LASSO,251.2,253.11645028287762
Urea_kg_ha,LASSO,242.7,265.25666045542164
Urea_kg_ha,LASSO,217.9,215.53960927262227
Urea_kg_ha,LASSO,271,245.0229768345149
Urea_kg_ha,LASSO,244.1,264.67855520911
Urea_kg_ha,LASSO,257.4,261.9684105967839
Urea_kg_ha,LASSO,298.5,275.6625548890308
Urea_kg_ha,LASSO,273.4,282.02171259845863
Urea_kg_ha,LASSO,242.8,264.1004499627984
Urea_kg_ha,LASSO,272.9,250.54206269807406
Urea_kg_ha,LASSO,293.4,276.81876538165403
Urea_kg_ha,LASSO,202.5,236.35139813984063
Urea_kg_ha,LASSO,268.6,252.538345036566
Urea_kg_ha,LASSO,259.4,266.9909761943565
Urea_kg_ha,LASSO,292.3,277.9749758742773
Urea_kg_ha,LASSO,297.7,290.21509906033975
Urea_kg_ha,LASSO,224,231.38124014783375
Urea_kg_ha,LASSO,224,214.38339877999906
Urea_kg_ha,LASSO,255.1,266.4128709480449
Urea_kg_ha,LASSO,287.7,291.84950178575616
Urea_kg_ha,LASSO,273.5,272.7720286574727
Urea_kg_ha,LASSO,263.8,290.6932912931329
Urea_kg_ha,LASSO,210.1,219.008240750492
Urea_kg_ha,LASSO,215.2,212.07097779475257
Urea_kg_ha,LASSO,233.1,235.773292893529
Urea_kg_ha,LASSO,203.3,232.8827666619709
Urea_kg_ha,LASSO,279.3,254.85076602181246
Urea_kg_ha,LASSO,214.1,221.3206617357385
Urea_kg_ha,LASSO,249.4,258.8975027459938
Urea_kg_ha,LASSO,253,246.75729257344977
Urea_kg_ha,LASSO,251.2,245.0229768345149
Urea_kg_ha,LASSO,224.1,221.89876698205012
Urea_kg_ha,LASSO,253.6,267.56908144066813
Urea_kg_ha,LASSO,272.9,279.9420808380099
Urea_kg_ha,LASSO,278.3,253.11645028287762
Urea_kg_ha,LASSO,270.2,244.44487158820328
Urea_kg_ha,LASSO,275.9,264.67855520911
Urea_kg_ha,LASSO,264.3,250.80402929763113
Urea_kg_ha,LASSO,220.1,230.30837907716733
Urea_kg_ha,LASSO,245,258.1937645640766
Urea_kg_ha,LASSO,209,223.633082720985
Urea_kg_ha,LASSO,224.4,231.38124014783375
Urea_kg_ha,LASSO,209.9,224.7892932136082
Urea_kg_ha,LASSO,223,223.05497747467336
Urea_kg_ha,LASSO,301.7,293.0057122783794
Urea_kg_ha,LASSO,296.3,277.39687062796565
Urea_kg_ha,LASSO,218.7,230.5703456767244
Urea_kg_ha,LASSO,299.4,290.1151860468213
Urea_kg_ha,LASSO,264.1,271.6158181648495
Urea_kg_ha,LASSO,274.2,285.49034407632837
Urea_kg_ha,LASSO,271.2,250.2259240513195
Urea_kg_ha,LASSO,211.8,210.3366620558177
Urea_kg_ha,LASSO,217.6,221.89876698205012
Urea_kg_ha,LASSO,269.5,253.69455552918922
Urea_kg_ha,LASSO,203.8,212.17089080827103
Urea_kg_ha,LASSO,249.9,242.13245060295682
Urea_kg_ha,LASSO,257.5,259.6559896115374
Urea_kg_ha,LASSO,229.5,239.42230599063072
Urea_kg_ha,LASSO,245.8,243.8667663418917
Urea_kg_ha,LASSO,266.4,268.7252919332914
Urea_kg_ha,LASSO,275.7,272.1939234111611
Urea_kg_ha,LASSO,279.2,284.3341335837051
Urea_kg_ha,LASSO,228.4,221.89876698205012
Urea_kg_ha,LASSO,277.2,287.4574490400609
Urea_kg_ha,LASSO,203.3,226.52360895254307
Urea_kg_ha,LASSO,292,275.08444964271916
Urea_kg_ha,LASSO,241.7,265.25666045542164
Urea_kg_ha,LASSO,293.3,289.53708080050967
Urea_kg_ha,LASSO,265.6,264.1004499627984
Urea_kg_ha,LASSO,206.6,213.2271882873758
Urea_kg_ha,LASSO,273.5,254.27266077550084
Urea_kg_ha,LASSO,268.4,257.163187007059
Urea_kg_ha,LASSO,272.6,287.8027650615748
Urea_kg_ha,LASSO,268.5,249.6478188050079
Urea_kg_ha,LASSO,289.5,272.7720286574727
Urea_kg_ha,LASSO,293.7,276.2406601353424
Urea_kg_ha,LASSO,262.7,269.303397179603
Urea_kg_ha,LASSO,202.2,231.6009232337421
Urea_kg_ha,LASSO,273.6,248.3659753767791
Urea_kg_ha,LASSO,203.3,235.773292893529
Urea_kg_ha,LASSO,280.4,251.38213454394275
Urea_kg_ha,LASSO,297.8,290.6932912931329
Urea_kg_ha,LASSO,272,265.25666045542164
Urea_kg_ha,LASSO,253.6,265.83476570173326
Urea_kg_ha,LASSO,293.8,286.8269361881836
Urea_kg_ha,LASSO,221.4,237.50760863246387
Urea_kg_ha,LASSO,249.6,242.71055584926845
Urea_kg_ha,LASSO,233.1,226.0454167197499
Urea_kg_ha,LASSO,295.5,270.45960767222624
Urea_kg_ha,LASSO,290.1,295.8962385099375
Urea_kg_ha,LASSO,210.1,220.16445124311525
Urea_kg_ha,LASSO,228.4,214.38339877999906
Urea_kg_ha,LASSO,220.4,216.69581976524552
Urea_kg_ha,LASSO,222.6,210.3366620558177
Urea_kg_ha,LASSO,272.7,253.11645028287762
Urea_kg_ha,LASSO,202.1,226.52360895254307
Urea_kg_ha,LASSO,273.3,266.6456601728426
Urea_kg_ha,LASSO,272.8,292.4276070320678
Urea_kg_ha,LASSO,247.1,247.91350306607302
Urea_kg_ha,LASSO,274.1,268.9580811580891
Urea_kg_ha,LASSO,223.1,224.08555503169106
Urea_kg_ha,LASSO,203.1,235.19518764721738
Urea_kg_ha,LASSO,270.3,292.4276070320678
Urea_kg_ha,LASSO,298.1,268.4633253337343
Urea_kg_ha,LASSO,205.8,226.52360895254307
Urea_kg_ha,LASSO,264.9,295.8962385099375
Urea_kg_ha,LASSO,259.3,240.39813486402196
Urea_kg_ha,LASSO,274.4,277.9749758742773
Urea_kg_ha,LASSO,243.6,258.31939749968217
Urea_kg_ha,LASSO,298,290.1151860468213
Urea_kg_ha,LASSO,274.2,240.39813486402196
Urea_kg_ha,LASSO,280.1,260.3698518853716
Urea_kg_ha,LASSO,270.4,246.17918732713815
Urea_kg_ha,LASSO,296.9,281.443607352147
Urea_kg_ha,LASSO,275.3,285.49034407632837
Urea_kg_ha,LASSO,219.6,214.38339877999906
Urea_kg_ha,LASSO,213.2,210.91476730212932
Urea_kg_ha,LASSO,246.9,247.3353978197614
Urea_kg_ha,LASSO,275.5,261.7880289775519
Urea_kg_ha,LASSO,271.5,294.7400280173143
Urea_kg_ha,LASSO,294,292.6603962568655
Urea_kg_ha,LASSO,221.2,231.14845092303602
Urea_kg_ha,LASSO,262.9,263.7551339412845
Urea_kg_ha,LASSO,274.2,240.39813486402196
Urea_kg_ha,LASSO,271.5,277.9749758742773
Urea_kg_ha,LASSO,248.1,249.6478188050079
Urea_kg_ha,LASSO,290.1,268.14718668697975
Urea_kg_ha,LASSO,212.3,236.35139813984063
Urea_kg_ha,LASSO,228.8,238.0857138787755
Urea_kg_ha,LASSO,301.6,284.5145152029371
Urea_kg_ha,LASSO,210.3,222.47687222836174
Urea_kg_ha,LASSO,253.5,243.8667663418917
Urea_kg_ha,LASSO,251.5,243.8667663418917
Urea_kg_ha,LASSO,280.3,290.6932912931329
Urea_kg_ha,LASSO,261,265.25666045542164
Urea_kg_ha,LASSO,274.7,292.6603962568655
Urea_kg_ha,LASSO,279.6,271.6158181648495
Urea_kg_ha,LASSO,284.6,293.0057122783794
Urea_kg_ha,LASSO,277.8,264.1004499627984
Urea_kg_ha,LASSO,273.5,256.58508176074736
Urea_kg_ha,LASSO,219.9,221.3206617357385
Urea_kg_ha,LASSO,216.2,235.19518764721738
Urea_kg_ha,LASSO,264.3,276.81876538165403
Urea_kg_ha,LASSO,212.4,217.85203025786876
Urea_kg_ha,LASSO,223.7,217.95194327138722
Urea_kg_ha,LASSO,272.1,294.7400280173143
Urea_kg_ha,LASSO,214.4,224.7892932136082
Urea_kg_ha,LASSO,264.7,278.5530811205889
Urea_kg_ha,LASSO,278.5,284.3341335837051
Urea_kg_ha,LASSO,248.4,245.25576605931263
Urea_kg_ha,LASSO,218.4,222.47687222836174
Urea_kg_ha,LASSO,228.3,214.96150402631065
Urea_kg_ha,LASSO,297.2,279.70929161321214
Urea_kg_ha,LASSO,219.8,228.83602993778953
Urea_kg_ha,LASSO,242.9,256.00697651443573
Urea_kg_ha,LASSO,295.5,294.7400280173143
Urea_kg_ha,LASSO,269.1,296.47434375624914
Urea_kg_ha,LASSO,214.7,233.4608719082825
Urea_kg_ha,LASSO,286.9,287.2246598152632
Urea_kg_ha,LASSO,263.8,253.43258892963215
Urea_kg_ha,LASSO,220.3,238.0857138787755
Urea_kg_ha,LASSO,227.7,219.008240750492
Urea_kg_ha,LASSO,254.5,251.38213454394275
Urea_kg_ha,LASSO,247.4,245.60108208082653
Urea_kg_ha,LASSO,214.4,211.49287254844094
Urea_kg_ha,LASSO,208.9,238.66381912508712
Urea_kg_ha,LASSO,267.6,260.63181848492866
Urea_kg_ha,LASSO,303.3,272.1939234111611
Urea_kg_ha,LASSO,302.8,275.6625548890308
Urea_kg_ha,LASSO,252.7,247.91350306607302
Urea_kg_ha,LASSO,259.6,256.58508176074736
Urea_kg_ha,LASSO,242.9,240.97624011033358
Urea_kg_ha,LASSO,302.9,278.207765099075
Urea_kg_ha,LASSO,264.9,263.52234471648677
Urea_kg_ha,LASSO,275.5,288.3808703078864
Urea_kg_ha,LASSO,202,228.3578377049964
Urea_kg_ha,LASSO,288.2,276.2406601353424
Urea_kg_ha,LASSO,265.2,269.303397179603
Urea_kg_ha,LASSO,270.6,283.1779230910819
Urea_kg_ha,LASSO,266.4,275.6625548890308
Urea_kg_ha,LASSO,224.3,232.8827666619709
Urea_kg_ha,LASSO,284.7,278.7858703453866
Urea_kg_ha,LASSO,204.2,214.96150402631065
Urea_kg_ha,LASSO,233.6,225.36739845991983
Urea_kg_ha,LASSO,290.3,285.49034407632837
Urea_kg_ha,LASSO,281.7,279.1311863669005
Urea_kg_ha,LASSO,245.5,240.39813486402196
Urea_kg_ha,LASSO,284.5,274.50634439640754
Urea_kg_ha,LASSO,288.4,275.6625548890308
Urea_kg_ha,LASSO,296.2,288.95897555419805
Urea_kg_ha,LASSO,290.6,282.02171259845863
Urea_kg_ha,LASSO,221.1,235.773292893529
Urea_kg_ha,LASSO,230.4,238.0857138787755
Urea_kg_ha,LASSO,273,261.2099237312403
Urea_kg_ha,LASSO,216.3,215.14188564554266
Urea_kg_ha,LASSO,230.8,238.0857138787755
Urea_kg_ha,LASSO,267.8,242.71055584926845
Urea_kg_ha,LASSO,270.9,261.2099237312403
Urea_kg_ha,LASSO,214.5,219.81913522160136
Urea_kg_ha,LASSO,264,272.1939234111611
Urea_kg_ha,LASSO,288.9,290.8736729123649
Urea_kg_ha,LASSO,264.9,262.94423947017515
Urea_kg_ha,LASSO,256.7,257.39597623185665
Urea_kg_ha,LASSO,206,223.05497747467336
Urea_kg_ha,LASSO,224.6,235.19518764721738
Urea_kg_ha,LASSO,261.5,251.38213454394275
Urea_kg_ha,LASSO,202.9,234.03897715459414
Urea_kg_ha,LASSO,273.7,253.21636329639608
Urea_kg_ha,LASSO,266,255.42887126812408
Urea_kg_ha,LASSO,265,254.85076602181246
Urea_kg_ha,LASSO,214.1,226.52360895254307
Urea_kg_ha,LASSO,285.7,272.1939234111611
Urea_kg_ha,LASSO,285.4,286.6465545689516
Urea_kg_ha,LASSO,269.3,289.53708080050967
Urea_kg_ha,LASSO,231.9,227.67981944516632
Urea_kg_ha,LASSO,257.6,245.0229768345149
Urea_kg_ha,LASSO,201.9,215.63952228614073
Urea_kg_ha,LASSO,253.7,255.6616604929218
Urea_kg_ha,LASSO,298.7,270.45960767222624
Urea_kg_ha,LASSO,289.8,283.63039540178795
Urea_kg_ha,LASSO,285.6,290.6932912931329
Urea_kg_ha,LASSO,294.5,294.16192277100265
Urea_kg_ha,LASSO,251.6,255.42887126812408
Urea_kg_ha,LASSO,223.8,228.83602993778953
Urea_kg_ha,LASSO,261.4,265.25666045542164
Urea_kg_ha,LASSO,230.3,221.05869513618143
Urea_kg_ha,LASSO,299.2,290.1151860468213
Urea_kg_ha,LASSO,227.6,229.41413518410116
Urea_kg_ha,LASSO,288.9,276.2406601353424
Urea_kg_ha,LASSO,299,280.28739685952377
Urea_kg_ha,LASSO,216,225.36739845991983
Urea_kg_ha,LASSO,225.8,230.5703456767244
Urea_kg_ha,LASSO,214.5,218.43013550418038
Urea_kg_ha,LASSO,294.5,281.5435203656655
Urea_kg_ha,LASSO,256.7,250.80402929763113
Urea_kg_ha,LASSO,289.9,283.1779230910819
Urea_kg_ha,LASSO,207.8,210.65280070257225
Urea_kg_ha,LASSO,274.6,271.1376259320563
Urea_kg_ha,LASSO,250.4,261.7880289775519
Urea_kg_ha,LASSO,278.6,280.8655021058354
Urea_kg_ha,LASSO,251.9,251.38213454394275
Urea_kg_ha,LASSO,207.6,237.50760863246387
Urea_kg_ha,LASSO,225.6,220.16445124311525
Urea_kg_ha,LASSO,299.4,281.04588372506737
Urea_kg_ha,LASSO,245.6,266.9909761943565
Urea_kg_ha,LASSO,253.2,251.96023979025438
Urea_kg_ha,LASSO,289.5,271.6158181648495
Urea_kg_ha,LASSO,229.1,236.92950338615225
Urea_kg_ha,LASSO,209.3,226.261642352986
Urea_kg_ha,LASSO,206.6,213.80529353368743
Urea_kg_ha,LASSO,281.6,290.1151860468213
Urea_kg_ha,LASSO,261.3,262.94423947017515
Urea_kg_ha,LASSO,228.1,225.36739845991983
Urea_kg_ha,LASSO,204.5,213.9856751529194
Urea_kg_ha,LASSO,268.6,251.96023979025438
Urea_kg_ha,LASSO,202.6,232.8827666619709
Urea_kg_ha,LASSO,246.7,263.52234471648677
Urea_kg_ha,LASSO,294.7,278.5530811205889
Urea_kg_ha,LASSO,227.8,233.4608719082825
Urea_kg_ha,LASSO,279.2,284.3341335837051
Urea_kg_ha,LASSO,211.6,212.07097779475257
Urea_kg_ha,LASSO,270.1,283.4107123158796
Urea_kg_ha,LASSO,270.7,290.1151860468213
Urea_kg_ha,LASSO,264.3,281.31797441654146
Urea_kg_ha,LASSO,276.2,270.45960767222624
Urea_kg_ha,LASSO,265.6,245.0229768345149
Urea_kg_ha,LASSO,233.5,229.41413518410116
Urea_kg_ha,LASSO,272.7,265.25666045542164
Urea_kg_ha,LASSO,258.7,262.94423947017515
Urea_kg_ha,LASSO,261.2,258.31939749968217
Urea_kg_ha,LASSO,233.3,230.5703456767244
Urea_kg_ha,LASSO,270.9,261.7880289775519
Urea_kg_ha,LASSO,296.1,292.4276070320678
Urea_kg_ha,LASSO,275.7,273.3501339037843
Urea_kg_ha,LASSO,279.1,294.7400280173143
Urea_kg_ha,LASSO,268.6,293.0057122783794
Urea_kg_ha,LASSO,295.2,275.6625548890308
Urea_kg_ha,LASSO,284.6,294.16192277100265
Urea_kg_ha,LASSO,278.9,290.21509906033975
Urea_kg_ha,LASSO,210,212.07097779475257
Urea_kg_ha,LASSO,277.6,269.0414305800459
Urea_kg_ha,LASSO,205.9,216.1177145189339
Urea_kg_ha,LASSO,221.5,211.49287254844094
Urea_kg_ha,LASSO,205.4,235.773292893529
Urea_kg_ha,LASSO,249,262.3661342238635
Urea_kg_ha,LASSO,223.8,220.16445124311525
Urea_kg_ha,LASSO,221,220.74255648942687
Urea_kg_ha,LASSO,210.8,221.3206617357385
Urea_kg_ha,LASSO,265.2,274.50634439640754
Urea_kg_ha,LASSO,231,216.1177145189339
Urea_kg_ha,LASSO,229.8,212.6490830410642
Urea_kg_ha,LASSO,243.3,256.00697651443573
Urea_kg_ha,LASSO,271,279.231099380419
Urea_kg_ha,LASSO,297.4,294.6143950817087
Urea_kg_ha,LASSO,207.7,225.4673114734383
Urea_kg_ha,LASSO,279.2,240.0004112369423
Urea_kg_ha,LASSO,291.7,290.6932912931329
Urea_kg_ha,LASSO,215,232.30466141565927
Urea_kg_ha,LASSO,264.8,261.2099237312403
Urea_kg_ha,LASSO,266.5,286.06844932264
Urea_kg_ha,LASSO,254.6,266.9909761943565
Urea_kg_ha,LASSO,298.3,293.10562529189787
Urea_kg_ha,LASSO,291.4,277.9749758742773
Urea_kg_ha,LASSO,219.3,219.58634599680363
Urea_kg_ha,LASSO,277.7,264.1004499627984
Urea_kg_ha,LASSO,218.3,210.3366620558177
Urea_kg_ha,LASSO,292.2,268.7252919332914
Urea_kg_ha,LASSO,232.7,237.50760863246387
Urea_kg_ha,LASSO,215.3,228.25792469147794
Urea_kg_ha,LASSO,231.5,232.8827666619709
Urea_kg_ha,LASSO,203.5,217.27392501155714
Urea_kg_ha,LASSO,242.9,249.6478188050079
Urea_kg_ha,LASSO,263.7,262.94423947017515
Urea_kg_ha,LASSO,291.1,293.583817524691
Urea_kg_ha,LASSO,273.5,292.52752004558624
Urea_kg_ha,LASSO,266,240.97624011033358
Urea_kg_ha,LASSO,273.4,296.0766201291695
Urea_kg_ha,LASSO,282,277.39687062796565
Urea_kg_ha,LASSO,261.5,265.9346787152517
Urea_kg_ha,LASSO,229.8,212.07097779475257
Urea_kg_ha,LASSO,303.1,290.6932912931329
Urea_kg_ha,LASSO,226.2,215.53960927262227
Urea_kg_ha,LASSO,219.5,217.85203025786876
Urea_kg_ha,LASSO,223.2,237.16229261094998
Urea_kg_ha,LASSO,268.8,259.4756079923054
Urea_kg_ha,LASSO,295.2,273.66627255053885
Urea_kg_ha,LASSO,210.9,214.38339877999906
Urea_kg_ha,LASSO,216.6,227.67981944516632
Urea_kg_ha,LASSO,214.1,217.27392501155714
Urea_kg_ha,LASSO,286.7,270.45960767222624
Urea_kg_ha,LASSO,214.5,237.50760863246387
Urea_kg_ha,LASSO,277,276.2406601353424
Urea_kg_ha,LASSO,219,222.47687222836174
Urea_kg_ha,LASSO,274,291.27139653944454
Urea_kg_ha,LASSO,275.5,294.7400280173143
Urea_kg_ha,LASSO,291.5,291.84950178575616
Urea_kg_ha,LASSO,242.2,239.2419243713987
Urea_kg_ha,LASSO,220.9,223.633082720985
Urea_kg_ha,LASSO,226.6,215.53960927262227
Urea_kg_ha,LASSO,261.9,279.70929161321214
Urea_kg_ha,LASSO,218.6,218.43013550418038
Urea_kg_ha,LASSO,212,226.83974759929762
Urea_kg_ha,LASSO,273.4,268.14718668697975
Urea_kg_ha,LASSO,252.3,253.69455552918922
Urea_kg_ha,LASSO,243.5,253.11645028287762
Urea_kg_ha,LASSO,279.2,258.31939749968217
Urea_kg_ha,LASSO,301.6,290.92608051793064
Urea_kg_ha,LASSO,292.5,271.1376259320563
Urea_kg_ha,LASSO,273.6,295.8962385099375
Urea_kg_ha,LASSO,214.3,225.36739845991983
Urea_kg_ha,LASSO,212.2,212.07097779475257
Urea_kg_ha,LASSO,275.1,239.2419243713987
Urea_kg_ha,LASSO,216,229.99224043041278
Urea_kg_ha,LASSO,212.4,221.42057474925696
Urea_kg_ha,LASSO,232.6,223.633082720985
Urea_kg_ha,LASSO,202.8,221.42057474925696
Urea_kg_ha,LASSO,202.7,227.99595809192087
Urea_kg_ha,LASSO,256.4,239.82002961771033
Urea_kg_ha,LASSO,228.5,232.8827666619709
Urea_kg_ha,LASSO,279.5,253.69455552918922
Urea_kg_ha,LASSO,297.2,279.70929161321214
Urea_kg_ha,LASSO,285.5,281.443607352147
Urea_kg_ha,LASSO,243.3,260.63181848492866
Urea_kg_ha,LASSO,275.1,286.6465545689516
Urea_kg_ha,LASSO,281.1,285.49034407632837
Urea_kg_ha,LASSO,269,253.11645028287762
Urea_kg_ha,LASSO,204.6,233.4608719082825
Urea_kg_ha,LASSO,245.4,246.17918732713815
Urea_kg_ha,LASSO,229.4,220.74255648942687
Urea_kg_ha,LASSO,202.7,221.3206617357385
Urea_kg_ha,LASSO,209.6,215.19429325110838
Urea_kg_ha,LASSO,256.4,242.71055584926845
Urea_kg_ha,LASSO,274,245.33911548126946
Urea_kg_ha,LASSO,291.5,289.53708080050967
Urea_kg_ha,LASSO,266.8,283.0522901554763
Urea_kg_ha,LASSO,277.7,261.2099237312403
Urea_kg_ha,LASSO,266.4,256.9012204075019
Urea_kg_ha,LASSO,222.7,231.72655616934765
Urea_kg_ha,LASSO,205.2,216.69581976524552
Urea_kg_ha,LASSO,298.3,272.29383642467957
Urea_kg_ha,LASSO,209.1,212.6490830410642
Urea_kg_ha,LASSO,298.6,281.443607352147
Urea_kg_ha,LASSO,230.8,219.32437939724656
Urea_kg_ha,LASSO,269.4,294.83994103083273
Urea_kg_ha,LASSO,248.5,265.25666045542164
Urea_kg_ha,LASSO,246.4,241.29237875708813
Urea_kg_ha,LASSO,224,232.8827666619709
Urea_kg_ha,LASSO,220,214.38339877999906
Urea_kg_ha,LASSO,230.9,226.7563981773408
Urea_kg_ha,LASSO,249.6,239.2419243713987
Urea_kg_ha,LASSO,270.9,257.84120526688906
Urea_kg_ha,LASSO,268.6,280.28739685952377
Urea_kg_ha,LASSO,259.1,261.88794199107036
Urea_kg_ha,LASSO,223.2,219.008240750492
Urea_kg_ha,LASSO,247,267.22376541915423
Urea_kg_ha,LASSO,245.4,246.17918732713815
Urea_kg_ha,LASSO,272.7,295.3181332636259
Urea_kg_ha,LASSO,223.1,231.14845092303602
Urea_kg_ha,LASSO,213.6,215.53960927262227
Urea_kg_ha,LASSO,288.1,273.3501339037843
Urea_kg_ha,LASSO,211.2,237.50760863246387
Urea_kg_ha,LASSO,269.6,246.17918732713815
Urea_kg_ha,LASSO,214.3,222.47687222836174
Urea_kg_ha,LASSO,209.7,234.61708240090576
Urea_kg_ha,LASSO,300.8,287.8027650615748
Urea_kg_ha,LASSO,266.3,267.56908144066813
Urea_kg_ha,LASSO,245,249.16962657221472
Urea_kg_ha,LASSO,275.5,249.6478188050079
Urea_kg_ha,LASSO,225.1,233.19890530872544
Urea_kg_ha,LASSO,302.1,295.8962385099375
Urea_kg_ha,LASSO,205.8,226.52360895254307
Urea_kg_ha,LASSO,273.2,265.83476570173326
Urea_kg_ha,LASSO,271.4,273.9282391500959
Urea_kg_ha,LASSO,221.5,213.2271882873758
Urea_kg_ha,LASSO,284,284.4340465972236
Urea_kg_ha,LASSO,278.6,289.7698700253074
Urea_kg_ha,LASSO,252.5,256.00697651443573
Urea_kg_ha,LASSO,245.6,250.2259240513195
Urea_kg_ha,LASSO,271.9,268.7252919332914
Urea_kg_ha,LASSO,268.1,254.27266077550084
Urea_kg_ha,LASSO,210.3,228.25792469147794
Urea_kg_ha,LASSO,254.7,247.91350306607302
Urea_kg_ha,LASSO,201.3,221.63680038249305
Urea_kg_ha,LASSO,202.6,220.74255648942687
Urea_kg_ha,LASSO,297.4,295.3181332636259
Urea_kg_ha,LASSO,210.5,220.74255648942687
Urea_kg_ha,LASSO,222.1,214.38339877999906
Urea_kg_ha,LASSO,242,260.63181848492866
Urea_kg_ha,LASSO,241.9,253.11645028287762
Urea_kg_ha,LASSO,223.4,234.61708240090576
Urea_kg_ha,LASSO,288.9,272.7720286574727
Urea_kg_ha,LASSO,302.2,283.1779230910819
Urea_kg_ha,LASSO,282.7,290.1151860468213
Urea_kg_ha,LASSO,271.4,273.3501339037843
Urea_kg_ha,LASSO,229.4,238.0857138787755
Urea_kg_ha,LASSO,213.9,220.16445124311525
Urea_kg_ha,LASSO,217.2,232.8827666619709
Urea_kg_ha,LASSO,250.7,264.67855520911
Urea_kg_ha,LASSO,272.4,264.67855520911
Urea_kg_ha,LASSO,219.5,216.1177145189339
Urea_kg_ha,LASSO,298.5,289.4114478649041
Urea_kg_ha,LASSO,276.8,262.3661342238635
Urea_kg_ha,LASSO,282.3,295.3181332636259
Urea_kg_ha,LASSO,203.8,210.91476730212932
Urea_kg_ha,LASSO,302.8,280.8655021058354
Urea_kg_ha,LASSO,300.5,279.70929161321214
Urea_kg_ha,LASSO,262.7,245.12288984803337
Urea_kg_ha,LASSO,272.8,283.7560283373935
Urea_kg_ha,LASSO,303.8,277.9749758742773
Urea_kg_ha,LASSO,264.7,271.03771291853786
Urea_kg_ha,LASSO,245.3,244.44487158820328
Urea_kg_ha,LASSO,257.4,256.58508176074736
Urea_kg_ha,LASSO,231.5,210.3366620558177
Urea_kg_ha,LASSO,209.4,212.07097779475257
Urea_kg_ha,LASSO,217,229.41413518410116
Urea_kg_ha,LASSO,287.9,285.49034407632837
Urea_kg_ha,LASSO,210.8,218.30450256857483
Urea_kg_ha,LASSO,228.6,230.5703456767244
Urea_kg_ha,LASSO,300.4,282.02171259845863
Urea_kg_ha,LASSO,254.5,249.82820042423987
Urea_kg_ha,LASSO,263.6,278.5530811205889
Urea_kg_ha,LASSO,277.2,285.49034407632837
Urea_kg_ha,LASSO,247.3,264.1004499627984
Urea_kg_ha,LASSO,291.4,276.2406601353424
Urea_kg_ha,LASSO,294.5,295.8962385099375
Urea_kg_ha,LASSO,219.2,210.91476730212932
Urea_kg_ha,LASSO,266.5,248.22964171282757
Urea_kg_ha,LASSO,224.6,215.77239849742
Urea_kg_ha,LASSO,257,265.83476570173326
Urea_kg_ha,LASSO,219,230.5703456767244
Urea_kg_ha,LASSO,270.5,282.59981784477026
Urea_kg_ha,LASSO,260.9,267.22376541915423
Urea_kg_ha,LASSO,221.9,231.8264691828661
Urea_kg_ha,LASSO,251.3,260.63181848492866
Urea_kg_ha,LASSO,258.2,240.0004112369423
Urea_kg_ha,LASSO,302.4,287.2246598152632
Urea_kg_ha,LASSO,259,265.83476570173326
Urea_kg_ha,LASSO,229.4,234.03897715459414
Urea_kg_ha,LASSO,276.2,287.4050414344952
Urea_kg_ha,LASSO,272,246.17918732713815
Urea_kg_ha,LASSO,277.4,284.3341335837051
Urea_kg_ha,LASSO,283.6,281.443607352147
Urea_kg_ha,LASSO,267.6,264.67855520911
Urea_kg_ha,LASSO,217.7,223.86587194578271
Urea_kg_ha,LASSO,255.4,259.4756079923054
Urea_kg_ha,LASSO,301.7,289.53708080050967
Urea_kg_ha,LASSO,206.6,211.3672396128354
Urea_kg_ha,LASSO,273.5,291.27139653944454
Urea_kg_ha,LASSO,257.7,244.44487158820328
Urea_kg_ha,LASSO,301.5,291.84950178575616
Urea_kg_ha,LASSO,290,295.3181332636259
Urea_kg_ha,LASSO,207.9,222.47687222836174
Urea_kg_ha,LASSO,274.7,276.2406601353424
Urea_kg_ha,LASSO,217.8,223.633082720985
Urea_kg_ha,LASSO,255.1,262.3661342238635
Urea_kg_ha,LASSO,213.7,214.38339877999906
Urea_kg_ha,LASSO,230.9,229.99224043041278
Urea_kg_ha,LASSO,285.2,284.3341335837051
Urea_kg_ha,LASSO,218.4,229.15216858454409
Urea_kg_ha,LASSO,218.7,227.41785284560925
Urea_kg_ha,LASSO,202.9,231.72655616934765
Urea_kg_ha,LASSO,228,227.1017141988547
Urea_kg_ha,LASSO,266.7,246.4953259738927
Urea_kg_ha,LASSO,204.9,216.69581976524552
Urea_kg_ha,LASSO,287.8,285.49034407632837
Urea_kg_ha,LASSO,277.7,269.8815024259146
Urea_kg_ha,LASSO,294.1,279.70929161321214
Urea_kg_ha,LASSO,229,210.91476730212932
Urea_kg_ha,LASSO,268.1,255.03114764104444
Urea_kg_ha,LASSO,283,278.5530811205889
Urea_kg_ha,LASSO,233.1,218.43013550418038
Urea_kg_ha,LASSO,264.2,271.03771291853786
Urea_kg_ha,LASSO,222.9,231.72655616934765
Urea_kg_ha,LASSO,248.7,245.60108208082653
Urea_kg_ha,LASSO,217.5,225.94550370623145
Urea_kg_ha,LASSO,218.1,224.2111879672966
Urea_kg_ha,LASSO,293.4,275.6625548890308
Urea_kg_ha,LASSO,275.1,281.75974599890156
Urea_kg_ha,LASSO,263.9,240.39813486402196
Urea_kg_ha,LASSO,263.6,239.2419243713987
Urea_kg_ha,LASSO,205.3,219.008240750492
Urea_kg_ha,LASSO,202.3,229.99224043041278
Urea_kg_ha,LASSO,245.8,261.2099237312403
Urea_kg_ha,LASSO,273.4,253.11645028287762
Urea_kg_ha,LASSO,295.6,281.443607352147
Urea_kg_ha,LASSO,285,273.9282391500959
Urea_kg_ha,LASSO,267.4,251.96023979025438
Urea_kg_ha,LASSO,205.5,234.61708240090576
Urea_kg_ha,LASSO,293,275.6625548890308
Urea_kg_ha,LASSO,205.3,219.008240750492
Urea_kg_ha,LASSO,273.3,257.74129225337055
Urea_kg_ha,LASSO,250.4,262.94423947017515
Urea_kg_ha,LASSO,210.6,236.92950338615225
Urea_kg_ha,LASSO,244.3,262.240501288258
Urea_kg_ha,LASSO,228.1,211.5927855619594
Urea_kg_ha,LASSO,263.4,256.00697651443573
Urea_kg_ha,LASSO,241.5,239.82002961771033
Urea_kg_ha,LASSO,280.2,258.31939749968217
Urea_kg_ha,LASSO,233.7,221.89876698205012
Urea_kg_ha,LASSO,210.2,217.85203025786876
Urea_kg_ha,LASSO,272.4,241.5543453566452
Urea_kg_ha,LASSO,230.6,236.58418736463835
Urea_kg_ha,LASSO,298.5,287.54079846201773
Urea_kg_ha,LASSO,211,234.03897715459414
Urea_kg_ha,LASSO,232.5,224.7892932136082
Urea_kg_ha,LASSO,263.8,288.95897555419805
Urea_kg_ha,LASSO,258.3,251.96023979025438
Urea_kg_ha,LASSO,267,283.1779230910819
Urea_kg_ha,LASSO,231.5,235.4279768720151
Urea_kg_ha,LASSO,279.1,242.13245060295682
Urea_kg_ha,LASSO,278.6,292.4276070320678
Urea_kg_ha,LASSO,302.4,295.8962385099375
Urea_kg_ha,LASSO,257.6,258.5521867244799
Urea_kg_ha,LASSO,220.6,227.67981944516632
Urea_kg_ha,LASSO,221.6,209.75855680950608
Urea_kg_ha,LASSO,282.7,279.1311863669005
Urea_kg_ha,LASSO,256.3,263.52234471648677
Urea_kg_ha,LASSO,245,251.83460685464883
Urea_kg_ha,LASSO,202.6,234.71699541442422
Urea_kg_ha,LASSO,298.8,292.4276070320678
Urea_kg_ha,LASSO,225.6,221.3206617357385
Urea_kg_ha,LASSO,278.7,266.9909761943565
Urea_kg_ha,LASSO,255.5,243.28866109558007
Urea_kg_ha,LASSO,207.6,228.25792469147794
Urea_kg_ha,LASSO,264,271.03771291853786
Urea_kg_ha,LASSO,226.2,217.85203025786876
Urea_kg_ha,LASSO,248.9,240.39813486402196
Urea_kg_ha,LASSO,228.3,231.14845092303602
Urea_kg_ha,LASSO,206.2,216.57018682963997
Urea_kg_ha,LASSO,250.7,258.4193105132006
Urea_kg_ha,LASSO,203.7,231.72655616934765
Urea_kg_ha,LASSO,220.8,223.05497747467336
Urea_kg_ha,LASSO,267.4,262.3661342238635
Urea_kg_ha,LASSO,296.8,295.41804627714436
Urea_kg_ha,LASSO,277.8,262.3661342238635
Urea_kg_ha,LASSO,256.3,245.700995094345
Urea_kg_ha,LASSO,218.3,213.2271882873758
Urea_kg_ha,LASSO,246.5,255.42887126812408
Urea_kg_ha,LASSO,220.7,231.14845092303602
Urea_kg_ha,LASSO,262.9,280.28739685952377
Urea_kg_ha,LASSO,285.7,291.84950178575616
Urea_kg_ha,LASSO,281.9,287.8027650615748
Urea_kg_ha,LASSO,209.1,227.20162721237315
Urea_kg_ha,LASSO,300.3,280.73986917022984
Urea_kg_ha,LASSO,214.4,221.89876698205012
Urea_kg_ha,LASSO,248.8,240.39813486402196
Urea_kg_ha,LASSO,218,234.03897715459414
Urea_kg_ha,LASSO,230.7,233.4608719082825
Urea_kg_ha,LASSO,231.9,221.3206617357385
Urea_kg_ha,LASSO,289.9,279.1311863669005
Urea_kg_ha,LASSO,289.8,286.06844932264
Urea_kg_ha,LASSO,245.4,248.49160831238464
Urea_kg_ha,LASSO,283.4,268.14718668697975
Urea_kg_ha,LASSO,261,266.4128709480449
Urea_kg_ha,LASSO,267.1,268.14718668697975
Urea_kg_ha,LASSO,245.7,240.57851648325394
Urea_kg_ha,LASSO,256.3,256.00697651443573
Urea_kg_ha,LASSO,263.5,245.60108208082653
Urea_kg_ha,LASSO,291.7,291.27139653944454
Urea_kg_ha,LASSO,202.6,230.5703456767244
Urea_kg_ha,LASSO,229.4,220.16445124311525
Urea_kg_ha,LASSO,298,281.443607352147
Urea_kg_ha,LASSO,280.2,292.4276070320678
Urea_kg_ha,LASSO,251.4,241.5543453566452
Urea_kg_ha,LASSO,270.2,271.79619978408147
Urea_kg_ha,LASSO,242.9,245.12288984803337
Urea_kg_ha,LASSO,273.9,257.74129225337055
Urea_kg_ha,LASSO,301.6,276.11502719973686
Urea_kg_ha,LASSO,284,286.3012385474377
Urea_kg_ha,LASSO,275.1,243.8667663418917
Urea_kg_ha,LASSO,272.8,294.16192277100265
Urea_kg_ha,LASSO,279.9,250.2259240513195
Urea_kg_ha,LASSO,245.2,238.89660834988481
Urea_kg_ha,LASSO,290.5,288.95897555419805
Urea_kg_ha,LASSO,275.2,277.9749758742773
Urea_kg_ha,LASSO,279.4,285.49034407632837
Urea_kg_ha,LASSO,251.1,246.41197655193588
Urea_kg_ha,LASSO,285.7,293.0057122783794
Urea_kg_ha,LASSO,278.6,268.14718668697975
Urea_kg_ha,LASSO,211,237.50760863246387
Urea_kg_ha,LASSO,204.4,210.3366620558177
Urea_kg_ha,LASSO,211.2,232.30466141565927
Urea_kg_ha,LASSO,221.9,213.2271882873758
Urea_kg_ha,LASSO,262.3,258.4193105132006
Urea_kg_ha,LASSO,233.7,235.773292893529
Urea_kg_ha,LASSO,214.3,231.72655616934765
Urea_kg_ha,LASSO,281.7,295.8962385099375
Urea_kg_ha,LASSO,256.3,262.94423947017515
Urea_kg_ha,LASSO,202.3,237.50760863246387
Urea_kg_ha,LASSO,229.2,236.92950338615225
Urea_kg_ha,LASSO,203.6,215.53960927262227
Urea_kg_ha,LASSO,266.2,277.9749758742773
Urea_kg_ha,LASSO,227.9,239.3418373849172
Urea_kg_ha,LASSO,294.8,274.50634439640754
Urea_kg_ha,LASSO,277.1,287.2246598152632
Urea_kg_ha,LASSO,265,295.8962385099375
Urea_kg_ha,LASSO,250.1,262.466047237382
Urea_kg_ha,LASSO,294.4,282.59981784477026
Urea_kg_ha,LASSO,214.4,228.25792469147794
Urea_kg_ha,LASSO,207.2,212.07097779475257
Urea_kg_ha,LASSO,292,270.45960767222624
Urea_kg_ha,LASSO,268.9,257.163187007059
Urea_kg_ha,LASSO,269.7,241.87048400339975
Urea_kg_ha,LASSO,267.5,263.52234471648677
Urea_kg_ha,LASSO,268.9,286.6465545689516
Urea_kg_ha,LASSO,270.4,292.4276070320678
Urea_kg_ha,LASSO,230.5,232.8827666619709
Urea_kg_ha,LASSO,232.8,213.2271882873758
Urea_kg_ha,LASSO,215.5,211.49287254844094
Urea_kg_ha,LASSO,269.9,295.8962385099375
Urea_kg_ha,LASSO,273.1,264.41658860955295
Urea_kg_ha,LASSO,263,284.91223883001675
Urea_kg_ha,LASSO,294.4,289.53708080050967
Urea_kg_ha,LASSO,282.6,283.7560283373935
Urea_kg_ha,LASSO,275.4,253.69455552918922
Urea_kg_ha,LASSO,229.9,226.52360895254307
Urea_kg_ha,LASSO,283.3,293.0057122783794
Urea_kg_ha,LASSO,293.2,275.1843626562376
Urea_kg_ha,LASSO,302.3,289.1917647789958
Urea_kg_ha,LASSO,262.1,240.39813486402196
Urea_kg_ha,LASSO,211.3,212.6490830410642
Urea_kg_ha,LASSO,255.7,258.8975027459938
Urea_kg_ha,LASSO,267.3,290.1151860468213
Urea_kg_ha,LASSO,265.5,273.3501339037843
Urea_kg_ha,LASSO,230.9,220.16445124311525
Urea_kg_ha,LASSO,222.8,234.61708240090576
Urea_kg_ha,LASSO,206.4,218.43013550418038
Urea_kg_ha,LASSO,253.1,262.02081820234963
Urea_kg_ha,LASSO,244.8,240.39813486402196
Urea_kg_ha,LASSO,224.4,218.43013550418038
Urea_kg_ha,LASSO,267.1,264.1004499627984
Urea_kg_ha,LASSO,254.4,265.25666045542164
Urea_kg_ha,LASSO,275.9,268.7252919332914
Urea_kg_ha,LASSO,283.4,294.16192277100265
Urea_kg_ha,LASSO,278.3,249.06971355869626
Urea_kg_ha,LASSO,215.1,236.92950338615225
Urea_kg_ha,LASSO,241.4,252.538345036566
Urea_kg_ha,LASSO,272.6,286.6465545689516
Urea_kg_ha,LASSO,202.3,238.0857138787755
Urea_kg_ha,LASSO,274.8,273.5305155230163
Urea_kg_ha,LASSO,245.8,267.56908144066813
Urea_kg_ha,LASSO,272.3,292.4276070320678
Urea_kg_ha,LASSO,204.2,209.75855680950608
Urea_kg_ha,LASSO,298.2,276.81876538165403
Urea_kg_ha,LASSO,244,263.7551339412845
Urea_kg_ha,LASSO,273.5,243.28866109558007
Urea_kg_ha,LASSO,268.6,267.56908144066813
Urea_kg_ha,LASSO,294.9,287.8027650615748
Urea_kg_ha,LASSO,261.8,273.3501339037843
Urea_kg_ha,LASSO,288,275.08444964271916
Urea_kg_ha,LASSO,212.4,224.2111879672966
Urea_kg_ha,LASSO,276.6,286.06844932264
Urea_kg_ha,LASSO,277.8,280.5201860843215
Urea_kg_ha,LASSO,202.9,228.25792469147794
Urea_kg_ha,LASSO,216,214.38339877999906
Urea_kg_ha,LASSO,299,271.03771291853786
Urea_kg_ha,LASSO,217.1,235.19518764721738
Urea_kg_ha,LASSO,256.8,247.3353978197614
Urea_kg_ha,LASSO,271.8,277.39687062796565
Urea_kg_ha,LASSO,223.3,227.67981944516632
Urea_kg_ha,LASSO,214.5,225.36739845991983
Urea_kg_ha,LASSO,244.4,254.01069417594377
Urea_kg_ha,LASSO,212.1,223.15489048819182
Urea_kg_ha,LASSO,264.2,259.4756079923054
Urea_kg_ha,LASSO,212.8,213.80529353368743
Urea_kg_ha,LASSO,299.6,280.8655021058354
Urea_kg_ha,LASSO,269.9,242.71055584926845
Urea_kg_ha,LASSO,283.3,279.1311863669005
Urea_kg_ha,LASSO,291.5,277.57725224719763
Urea_kg_ha,LASSO,270.7,286.6465545689516
Urea_kg_ha,LASSO,215.4,231.38124014783375
Urea_kg_ha,LASSO,226.9,213.80529353368743
Urea_kg_ha,LASSO,208.5,238.66381912508712
Urea_kg_ha,LASSO,204.5,231.72655616934765
Urea_kg_ha,LASSO,269.5,245.0229768345149
Urea_kg_ha,LASSO,202.4,236.92950338615225
Urea_kg_ha,LASSO,297,277.9749758742773
Urea_kg_ha,LASSO,221.9,224.2111879672966
Urea_kg_ha,LASSO,217.3,237.50760863246387
Urea_kg_ha,LASSO,261.9,256.00697651443573
Urea_kg_ha,LASSO,222,227.67981944516632
Urea_kg_ha,LASSO,271.8,276.2406601353424
Urea_kg_ha,LASSO,279.4,246.75729257344977
Urea_kg_ha,LASSO,291.4,282.59981784477026
Urea_kg_ha,LASSO,246.8,266.51278396156334
Urea_kg_ha,LASSO,275.5,284.91223883001675
Urea_kg_ha,LASSO,285.6,272.1939234111611
Urea_kg_ha,LASSO,292.5,283.7560283373935
Urea_kg_ha,LASSO,209.2,220.74255648942687
Urea_kg_ha,LASSO,277.1,268.14718668697975
Urea_kg_ha,LASSO,216.9,235.773292893529
Urea_kg_ha,LASSO,208.1,212.07097779475257
Urea_kg_ha,LASSO,301.7,271.6158181648495
Urea_kg_ha,LASSO,264.2,240.49804787754042
Urea_kg_ha,LASSO,273.3,253.69455552918922
Urea_kg_ha,LASSO,269.9,246.75729257344977
Urea_kg_ha,LASSO,267,260.05371323861704
Urea_kg_ha,LASSO,229.4,212.96522168781874
Urea_kg_ha,LASSO,265.1,240.57851648325394
Urea_kg_ha,LASSO,257.1,249.6478188050079
Urea_kg_ha,LASSO,231.6,217.01195841200007
Urea_kg_ha,LASSO,273.7,287.8027650615748
Urea_kg_ha,LASSO,203,227.55418650956076
Urea_kg_ha,LASSO,206.2,226.52360895254307
Urea_kg_ha,LASSO,282.9,276.2406601353424
Urea_kg_ha,LASSO,285.3,284.3341335837051
Urea_kg_ha,LASSO,229.5,210.91476730212932
Urea_kg_ha,LASSO,207.4,223.73299573450345
Urea_kg_ha,LASSO,264.4,252.538345036566
Urea_kg_ha,LASSO,224.3,226.52360895254307
Urea_kg_ha,LASSO,257.5,262.02081820234963
Urea_kg_ha,LASSO,272.4,259.70839721710314
Urea_kg_ha,LASSO,204.6,217.27392501155714
Urea_kg_ha,LASSO,242,247.3353978197614
Urea_kg_ha,LASSO,264.4,291.27139653944454
Urea_kg_ha,LASSO,226.2,226.52360895254307
Urea_kg_ha,LASSO,287.6,289.53708080050967
Urea_kg_ha,LASSO,269.1,261.9684105967839
Urea_kg_ha,LASSO,257.7,266.4128709480449
Urea_kg_ha,LASSO,265,257.163187007059
Urea_kg_ha,LASSO,274.1,281.443607352147
Urea_kg_ha,LASSO,217.2,233.56078492180097
Urea_kg_ha,LASSO,268.6,265.25666045542164
Urea_kg_ha,LASSO,279.7,290.1151860468213
Urea_kg_ha,LASSO,259.4,265.4370420746536
Urea_kg_ha,LASSO,249.1,265.25666045542164
Urea_kg_ha,LASSO,220,210.91476730212932
Urea_kg_ha,LASSO,274.7,266.9909761943565
Urea_kg_ha,LASSO,220.3,228.83602993778953
Urea_kg_ha,LASSO,264.2,244.44487158820328
Urea_kg_ha,LASSO,270.3,294.7400280173143
Urea_kg_ha,LASSO,263.4,286.6465545689516
Urea_kg_ha,LASSO,247.2,267.1713578135885
Urea_kg_ha,LASSO,261.9,282.02171259845863
Urea_kg_ha,LASSO,251,264.1004499627984
Urea_kg_ha,LASSO,258.9,249.52218586940234
Urea_kg_ha,LASSO,248.4,261.52606237799483
Urea_kg_ha,LASSO,204.8,225.94550370623145
Urea_kg_ha,LASSO,268.7,286.6465545689516
Urea_kg_ha,LASSO,298.4,275.08444964271916
Urea_kg_ha,LASSO,301.9,273.5305155230163
Urea_kg_ha,LASSO,206.2,220.16445124311525
Urea_kg_ha,LASSO,215.6,213.2271882873758
Urea_kg_ha,LASSO,220.2,226.52360895254307
Urea_kg_ha,LASSO,272.8,255.60925288735606
Urea_kg_ha,LASSO,222.6,212.6490830410642
Urea_kg_ha,LASSO,283.2,290.6932912931329
Urea_kg_ha,LASSO,203.3,218.43013550418038
Urea_kg_ha,LASSO,230.4,216.69581976524552
Urea_kg_ha,LASSO,280.4,283.1779230910819
Urea_kg_ha,LASSO,248.1,262.3661342238635
Urea_kg_ha,LASSO,281.1,292.60798865129976
Urea_kg_ha,LASSO,284.4,289.0588885677165
Urea_kg_ha,LASSO,212.4,238.8442007443191
Urea_kg_ha,LASSO,229.2,220.74255648942687
Urea_kg_ha,LASSO,229.7,217.85203025786876
Urea_kg_ha,LASSO,300,291.27139653944454
Urea_kg_ha,LASSO,241.9,251.38213454394275
Urea_kg_ha,LASSO,233.6,237.10988500538423
Urea_kg_ha,LASSO,252.1,251.38213454394275
Urea_kg_ha,LASSO,280.1,295.8962385099375
Urea_kg_ha,LASSO,269.8,290.6932912931329
Urea_kg_ha,LASSO,229.8,218.43013550418038
Urea_kg_ha,LASSO,263.2,244.44487158820328
Urea_kg_ha,LASSO,282.5,285.49034407632837
Urea_kg_ha,LASSO,275.2,288.3808703078864
Urea_kg_ha,LASSO,269.4,283.7560283373935
Urea_kg_ha,LASSO,215.1,231.46458956979058
Urea_kg_ha,LASSO,283.4,276.81876538165403
Urea_kg_ha,LASSO,250.6,247.56818704455912
Urea_kg_ha,LASSO,244,241.5543453566452
Urea_kg_ha,LASSO,272.9,253.69455552918922
Urea_kg_ha,LASSO,299.1,283.1779230910819
Urea_kg_ha,LASSO,270.7,286.38458796939454
Urea_kg_ha,LASSO,292.1,278.07488888779574
Urea_kg_ha,LASSO,213.8,238.66381912508712
Urea_kg_ha,LASSO,220.4,222.47687222836174
Urea_kg_ha,LASSO,202.9,211.67325416767292
Urea_kg_ha,LASSO,267.7,295.8962385099375
Urea_kg_ha,LASSO,242.1,261.08429079563473
Urea_kg_ha,LASSO,226.9,218.43013550418038
Urea_kg_ha,LASSO,251.3,246.75729257344977
Urea_kg_ha,LASSO,263.9,281.443607352147
Urea_kg_ha,LASSO,297.1,284.91223883001675
Urea_kg_ha,LASSO,249.3,241.5543453566452
Urea_kg_ha,LASSO,257.1,241.5543453566452
Urea_kg_ha,LASSO,286.3,295.8962385099375
Urea_kg_ha,LASSO,263.9,259.4756079923054
Urea_kg_ha,LASSO,275.9,294.7400280173143
Urea_kg_ha,LASSO,275.4,279.70929161321214
Urea_kg_ha,LASSO,217.5,219.008240750492
Urea_kg_ha,LASSO,231.1,224.7892932136082
Urea_kg_ha,LASSO,273.3,264.67855520911
Urea_kg_ha,LASSO,222.3,223.05497747467336
Urea_kg_ha,LASSO,246.6,248.9440806230907
Urea_kg_ha,LASSO,268.3,245.0229768345149
Urea_kg_ha,LASSO,211.2,227.1017141988547
Urea_kg_ha,LASSO,279.7,242.23236361647528
Urea_kg_ha,LASSO,270.9,240.39813486402196
Urea_kg_ha,LASSO,270.5,282.02171259845863
Urea_kg_ha,LASSO,281.9,293.583817524691
Urea_kg_ha,LASSO,228.1,236.35139813984063
Urea_kg_ha,LASSO,211.3,218.30450256857483
Urea_kg_ha,LASSO,259.4,249.74773181852635
Urea_kg_ha,LASSO,294.5,292.88007934277385
Urea_kg_ha,LASSO,296.3,291.84950178575616
Urea_kg_ha,LASSO,209.7,213.2271882873758
Urea_kg_ha,LASSO,219.3,229.41413518410116
Urea_kg_ha,LASSO,264.2,295.63427191038045
Urea_kg_ha,LASSO,284.9,276.81876538165403
Urea_kg_ha,LASSO,266.5,251.96023979025438
Urea_kg_ha,LASSO,254.7,260.05371323861704
Urea_kg_ha,LASSO,252.9,254.85076602181246
Urea_kg_ha,LASSO,274.2,269.303397179603
Urea_kg_ha,LASSO,213.1,220.16445124311525
Urea_kg_ha,LASSO,260.3,246.35956894637013
Urea_kg_ha,LASSO,249.2,261.2099237312403
Urea_kg_ha,LASSO,217.6,212.07097779475257
Urea_kg_ha,LASSO,283.3,269.303397179603
Urea_kg_ha,LASSO,205.6,213.9856751529194
Urea_kg_ha,LASSO,279.7,244.44487158820328
Urea_kg_ha,LASSO,287.4,283.7560283373935
Urea_kg_ha,LASSO,210.5,238.66381912508712
Urea_kg_ha,LASSO,244.7,239.55806301815326
Urea_kg_ha,LASSO,259.4,264.67855520911
Urea_kg_ha,LASSO,279.9,264.3332391875961
Urea_kg_ha,LASSO,259.6,240.97624011033358
Urea_kg_ha,LASSO,224.2,220.74255648942687
Urea_kg_ha,LASSO,261.7,267.56908144066813
Urea_kg_ha,LASSO,275.1,295.8962385099375
Urea_kg_ha,LASSO,302.2,279.8092046267306
Urea_kg_ha,LASSO,276.5,286.06844932264
Urea_kg_ha,LASSO,288.4,276.2406601353424
Urea_kg_ha,LASSO,272.9,287.8027650615748
Urea_kg_ha,LASSO,251.9,260.63181848492866
Urea_kg_ha,LASSO,210,235.95367451276098
Urea_kg_ha,LASSO,245.8,247.43531083327986
Urea_kg_ha,LASSO,269.8,245.60108208082653
Urea_kg_ha,LASSO,285.6,273.3501339037843
Urea_kg_ha,LASSO,220.6,210.3366620558177
Urea_kg_ha,LASSO,277.8,265.83476570173326
Urea_kg_ha,LASSO,257.1,247.3353978197614
Urea_kg_ha,LASSO,262.4,286.06844932264
Urea_kg_ha,LASSO,205.3,219.58634599680363
Urea_kg_ha,LASSO,218.4,218.43013550418038
Urea_kg_ha,LASSO,230.9,213.80529353368743
Urea_kg_ha,LASSO,211.1,237.50760863246387
Urea_kg_ha,LASSO,288.3,278.5530811205889
Urea_kg_ha,LASSO,263.3,282.832607069568
Urea_kg_ha,LASSO,252.6,263.97481702719284
Urea_kg_ha,LASSO,283.5,280.28739685952377
Urea_kg_ha,LASSO,210.6,217.85203025786876
Urea_kg_ha,LASSO,270,240.97624011033358
Urea_kg_ha,LASSO,284.2,274.73913362120527
Urea_kg_ha,LASSO,230.5,234.03897715459414
Urea_kg_ha,LASSO,272.7,250.2259240513195
Urea_kg_ha,LASSO,217.6,218.61051712341236
Urea_kg_ha,LASSO,268.6,246.17918732713815
Urea_kg_ha,LASSO,271.3,248.9440806230907
Urea_kg_ha,LASSO,266.1,266.59325256727686
Urea_kg_ha,LASSO,254.9,239.2419243713987
Urea_kg_ha,LASSO,296.8,272.1939234111611
Urea_kg_ha,LASSO,264.6,270.0618840451466
Urea_kg_ha,LASSO,253,261.9684105967839
Urea_kg_ha,LASSO,218.5,223.633082720985
Urea_kg_ha,LASSO,241.6,264.858936828342
Urea_kg_ha,LASSO,250.4,258.8975027459938
Urea_kg_ha,LASSO,257.1,249.06971355869626
Urea_kg_ha,LASSO,248,263.52234471648677
Urea_kg_ha,LASSO,254,245.0229768345149
Urea_kg_ha,LASSO,297.8,279.70929161321214
Urea_kg_ha,LASSO,299.9,295.8962385099375
Urea_kg_ha,LASSO,255.4,258.31939749968217
Urea_kg_ha,LASSO,217.2,226.52360895254307
Urea_kg_ha,LASSO,208.1,222.47687222836174
Urea_kg_ha,LASSO,244.8,259.34997505669986
Urea_kg_ha,LASSO,221,215.53960927262227
Urea_kg_ha,LASSO,278.1,263.1246210894071
Urea_kg_ha,LASSO,280,263.52234471648677
Urea_kg_ha,LASSO,225,226.52360895254307
Urea_kg_ha,LASSO,245.5,266.4128709480449
Urea_kg_ha,LASSO,268.6,244.04714796112367
Urea_kg_ha,LASSO,220.2,223.73299573450345
Urea_kg_ha,LASSO,245.3,256.00697651443573
Urea_kg_ha,LASSO,252.1,267.30711484111106
Urea_kg_ha,LASSO,278.3,272.7720286574727
Urea_kg_ha,LASSO,217.2,238.53818618948156
Urea_kg_ha,LASSO,207.8,216.1177145189339
Urea_kg_ha,LASSO,271.8,284.91223883001675
Urea_kg_ha,LASSO,290.6,268.14718668697975
Urea_kg_ha,LASSO,231.7,225.94550370623145
Urea_kg_ha,LASSO,207.3,216.1177145189339
Urea_kg_ha,LASSO,264.4,291.84950178575616
Urea_kg_ha,LASSO,270.4,261.2099237312403
Urea_kg_ha,LASSO,298.4,289.98955311121574
Urea_kg_ha,LASSO,210.4,221.89876698205012
Urea_kg_ha,LASSO,226.6,210.78913436652377
Urea_kg_ha,LASSO,208.4,221.3206617357385
Urea_kg_ha,LASSO,288.6,271.03771291853786
Urea_kg_ha,LASSO,272.5,277.9749758742773
Urea_kg_ha,LASSO,270.5,259.4756079923054
Urea_kg_ha,LASSO,272,247.65153646651595
Urea_kg_ha,LASSO,242.3,247.3353978197614
Urea_kg_ha,LASSO,210.4,222.47687222836174
Urea_kg_ha,LASSO,296.8,286.06844932264
Urea_kg_ha,LASSO,284.8,270.45960767222624
Urea_kg_ha,LASSO,208.1,209.75855680950608
Urea_kg_ha,LASSO,224.5,229.99224043041278
Urea_kg_ha,LASSO,227.9,227.1017141988547
Urea_kg_ha,LASSO,246.3,258.31939749968217
Urea_kg_ha,LASSO,270.6,260.1536262521355
Urea_kg_ha,LASSO,254.8,247.91350306607302
Urea_kg_ha,LASSO,270.8,296.47434375624914
Urea_kg_ha,LASSO,209.9,224.2111879672966
Urea_kg_ha,LASSO,271.7,295.3181332636259
Urea_kg_ha,LASSO,303.4,279.1311863669005
Urea_kg_ha,LASSO,269.8,291.27139653944454
Urea_kg_ha,LASSO,303.6,284.91223883001675
Urea_kg_ha,LASSO,257,253.11645028287762
Urea_kg_ha,LASSO,287.9,268.82520494680983
Urea_kg_ha,LASSO,233.3,218.43013550418038
Urea_kg_ha,LASSO,302,284.3341335837051
Urea_kg_ha,LASSO,214.4,225.94550370623145
Urea_kg_ha,LASSO,241.9,259.4756079923054
Urea_kg_ha,LASSO,227.5,233.4608719082825
Urea_kg_ha,LASSO,213.1,223.633082720985
Urea_kg_ha,LASSO,264.7,291.27139653944454
Urea_kg_ha,LASSO,219.2,232.8827666619709
Urea_kg_ha,LASSO,285.4,281.443607352147
Urea_kg_ha,LASSO,231.6,231.72655616934765
Urea_kg_ha,LASSO,243.5,240.97624011033358
Urea_kg_ha,LASSO,290,276.81876538165403
Urea_kg_ha,LASSO,252.9,261.7880289775519
Urea_kg_ha,LASSO,228.2,234.03897715459414
Urea_kg_ha,LASSO,211.8,227.67981944516632
Urea_kg_ha,LASSO,271,273.45004691730276
Urea_kg_ha,LASSO,241.5,254.27266077550084
Urea_kg_ha,LASSO,254.3,242.13245060295682
Urea_kg_ha,LASSO,209.3,215.41397633701672
Urea_kg_ha,LASSO,206.5,219.58634599680363
Urea_kg_ha,LASSO,293.5,290.6932912931329
Urea_kg_ha,LASSO,242.6,253.69455552918922
Urea_kg_ha,LASSO,227.8,231.14845092303602
Urea_kg_ha,GLM_Gaussian,279.3,261.48798635889926
Urea_kg_ha,GLM_Gaussian,249.6,260.2014208953156
Urea_kg_ha,GLM_Gaussian,267.3,270.73645703790623
Urea_kg_ha,GLM_Gaussian,213,213.61174065307193
Urea_kg_ha,GLM_Gaussian,265.5,278.1823627160924
Urea_kg_ha,GLM_Gaussian,217.2,215.88609975366137
Urea_kg_ha,GLM_Gaussian,276.5,271.8580430612212
Urea_kg_ha,GLM_Gaussian,303.2,283.29195807399293
Urea_kg_ha,GLM_Gaussian,291.4,277.93804362592067
Urea_kg_ha,GLM_Gaussian,226.2,233.2872822961901
Urea_kg_ha,GLM_Gaussian,221.4,212.02839606653933
Urea_kg_ha,GLM_Gaussian,281.4,281.5795289715747
Urea_kg_ha,GLM_Gaussian,269.2,241.81768948611588
Urea_kg_ha,GLM_Gaussian,253.6,247.5230486029192
Urea_kg_ha,GLM_Gaussian,300.8,275.32717142919523
Urea_kg_ha,GLM_Gaussian,273,265.07959958576157
Urea_kg_ha,GLM_Gaussian,275.4,258.0455147464898
Urea_kg_ha,GLM_Gaussian,266.1,286.2844687053414
Urea_kg_ha,GLM_Gaussian,217.8,222.033587862504
Urea_kg_ha,GLM_Gaussian,214.7,219.64045061189256
Urea_kg_ha,GLM_Gaussian,261.6,266.12196488738755
Urea_kg_ha,GLM_Gaussian,302.2,279.8222987817907
Urea_kg_ha,GLM_Gaussian,282.2,274.7553297035059
Urea_kg_ha,GLM_Gaussian,271.5,282.21809392055434
Urea_kg_ha,GLM_Gaussian,253.9,266.40221679044697
Urea_kg_ha,GLM_Gaussian,288.8,269.02762069802833
Urea_kg_ha,GLM_Gaussian,266.2,296.9459510828643
Urea_kg_ha,GLM_Gaussian,271.7,274.10242172010834
Urea_kg_ha,GLM_Gaussian,261.6,292.9559328806508
Urea_kg_ha,GLM_Gaussian,262.4,286.29904413878637
Urea_kg_ha,GLM_Gaussian,301.3,281.7679590844273
Urea_kg_ha,GLM_Gaussian,279.6,276.47386347462515
Urea_kg_ha,GLM_Gaussian,274.6,267.7844213995113
Urea_kg_ha,GLM_Gaussian,285.6,273.29882783462676
Urea_kg_ha,GLM_Gaussian,295.7,273.47126462138556
Urea_kg_ha,GLM_Gaussian,229.4,209.13046222506404
Urea_kg_ha,GLM_Gaussian,264.5,249.61504476882536
Urea_kg_ha,GLM_Gaussian,227.9,225.95676748513887
Urea_kg_ha,GLM_Gaussian,226.2,211.75905184286728
Urea_kg_ha,GLM_Gaussian,249.8,240.4421279434958
Urea_kg_ha,GLM_Gaussian,287.8,271.29599443322917
Urea_kg_ha,GLM_Gaussian,243.4,257.428074626063
Urea_kg_ha,GLM_Gaussian,272.5,260.305213777038
Urea_kg_ha,GLM_Gaussian,258.5,241.1690627361485
Urea_kg_ha,GLM_Gaussian,244.4,254.60120341420793
Urea_kg_ha,GLM_Gaussian,301.9,285.31279057110635
Urea_kg_ha,GLM_Gaussian,219.2,232.68946951014598
Urea_kg_ha,GLM_Gaussian,202.4,216.2704295072903
Urea_kg_ha,GLM_Gaussian,268.9,254.62561805182258
Urea_kg_ha,GLM_Gaussian,281.5,294.25209331576525
Urea_kg_ha,GLM_Gaussian,259.9,255.37953207196455
Urea_kg_ha,GLM_Gaussian,248.1,238.51943743849012
Urea_kg_ha,GLM_Gaussian,261,252.85052872350622
Urea_kg_ha,GLM_Gaussian,274.9,241.11814997237633
Urea_kg_ha,GLM_Gaussian,256.5,261.0542736115071
Urea_kg_ha,GLM_Gaussian,288.7,276.2429045538848
Urea_kg_ha,GLM_Gaussian,256.4,245.23227996438322
Urea_kg_ha,GLM_Gaussian,278.9,243.35300125780532
Urea_kg_ha,GLM_Gaussian,207.5,221.96453418251815
Urea_kg_ha,GLM_Gaussian,210.3,210.2480951369107
Urea_kg_ha,GLM_Gaussian,270.7,241.2554581311244
Urea_kg_ha,GLM_Gaussian,214.6,231.72848734658243
Urea_kg_ha,GLM_Gaussian,275.9,290.41294649400425
Urea_kg_ha,GLM_Gaussian,265.8,282.3470291427112
Urea_kg_ha,GLM_Gaussian,278.5,246.60405218339585
Urea_kg_ha,GLM_Gaussian,223,219.19741040791538
Urea_kg_ha,GLM_Gaussian,244.9,266.2062624166252
Urea_kg_ha,GLM_Gaussian,287.6,281.59274583732423
Urea_kg_ha,GLM_Gaussian,203.9,215.81521061673027
Urea_kg_ha,GLM_Gaussian,265.6,250.90550044912322
Urea_kg_ha,GLM_Gaussian,233.3,216.8994199730589
Urea_kg_ha,GLM_Gaussian,259.7,250.62300911287326
Urea_kg_ha,GLM_Gaussian,273.1,257.78816635721256
Urea_kg_ha,GLM_Gaussian,280.3,242.24232398457627
Urea_kg_ha,GLM_Gaussian,246.4,248.9719157481375
Urea_kg_ha,GLM_Gaussian,228.9,229.38135949983146
Urea_kg_ha,GLM_Gaussian,284.8,288.59068890192884
Urea_kg_ha,GLM_Gaussian,242.5,256.8219363330345
Urea_kg_ha,GLM_Gaussian,270.4,281.6003941514432
Urea_kg_ha,GLM_Gaussian,278,295.9084563278963
Urea_kg_ha,GLM_Gaussian,260.6,253.03486573735242
Urea_kg_ha,GLM_Gaussian,302.9,284.8537127611197
Urea_kg_ha,GLM_Gaussian,250.7,257.00261184055984
Urea_kg_ha,GLM_Gaussian,205.3,223.01775262473046
Urea_kg_ha,GLM_Gaussian,230.3,210.30611018577335
Urea_kg_ha,GLM_Gaussian,267.5,238.9207186590653
Urea_kg_ha,GLM_Gaussian,276.8,294.06741980125554
Urea_kg_ha,GLM_Gaussian,273.1,270.67050622349603
Urea_kg_ha,GLM_Gaussian,249.5,245.1616604281541
Urea_kg_ha,GLM_Gaussian,287.6,283.92030539320484
Urea_kg_ha,GLM_Gaussian,281,276.11484767011643
Urea_kg_ha,GLM_Gaussian,270.6,256.33527889967127
Urea_kg_ha,GLM_Gaussian,291.6,276.7131371860394
Urea_kg_ha,GLM_Gaussian,254.1,255.41385525831177
Urea_kg_ha,GLM_Gaussian,262.4,239.2007649836139
Urea_kg_ha,GLM_Gaussian,270.5,264.82933048968613
Urea_kg_ha,GLM_Gaussian,252.4,251.76247926535424
Urea_kg_ha,GLM_Gaussian,233.3,216.7675809557094
Urea_kg_ha,GLM_Gaussian,271.8,290.0337410389374
Urea_kg_ha,GLM_Gaussian,303,276.1032121227322
Urea_kg_ha,GLM_Gaussian,256.9,253.05336292935846
Urea_kg_ha,GLM_Gaussian,273.3,253.9830334388804
Urea_kg_ha,GLM_Gaussian,300.8,281.79411158426797
Urea_kg_ha,GLM_Gaussian,204.8,212.510851054846
Urea_kg_ha,GLM_Gaussian,206.1,228.08987256850136
Urea_kg_ha,GLM_Gaussian,218.5,231.71520301558763
Urea_kg_ha,GLM_Gaussian,293.6,286.3147401412173
Urea_kg_ha,GLM_Gaussian,275.7,247.62944062840728
Urea_kg_ha,GLM_Gaussian,277.4,279.26792359536785
Urea_kg_ha,GLM_Gaussian,216.2,229.74267291267623
Urea_kg_ha,GLM_Gaussian,274.2,294.57189319934344
Urea_kg_ha,GLM_Gaussian,275.6,268.19294290424415
Urea_kg_ha,GLM_Gaussian,206,224.08511343179325
Urea_kg_ha,GLM_Gaussian,202.2,234.6413898860977
Urea_kg_ha,GLM_Gaussian,298.6,278.35987972324705
Urea_kg_ha,GLM_Gaussian,297.3,297.5122851864164
Urea_kg_ha,GLM_Gaussian,205.3,216.42083817078586
Urea_kg_ha,GLM_Gaussian,272.5,254.71538610878943
Urea_kg_ha,GLM_Gaussian,267.8,272.39254211659465
Urea_kg_ha,GLM_Gaussian,288.6,290.1516926352737
Urea_kg_ha,GLM_Gaussian,262.6,268.0097645817724
Urea_kg_ha,GLM_Gaussian,299.9,292.8015033988887
Urea_kg_ha,GLM_Gaussian,278.4,258.59378031338065
Urea_kg_ha,GLM_Gaussian,261.1,259.75371213084753
Urea_kg_ha,GLM_Gaussian,277.8,264.57137044332364
Urea_kg_ha,GLM_Gaussian,277.4,245.94163962294527
Urea_kg_ha,GLM_Gaussian,204.8,221.90451867876018
Urea_kg_ha,GLM_Gaussian,205.2,236.95700659050328
Urea_kg_ha,GLM_Gaussian,220.4,216.1157663676519
Urea_kg_ha,GLM_Gaussian,212,213.10893939010094
Urea_kg_ha,GLM_Gaussian,201.2,223.3291206599701
Urea_kg_ha,GLM_Gaussian,205.7,226.90838996956643
Urea_kg_ha,GLM_Gaussian,201.5,218.7781542482533
Urea_kg_ha,GLM_Gaussian,259.1,252.49009014094077
Urea_kg_ha,GLM_Gaussian,218.2,232.7754578684731
Urea_kg_ha,GLM_Gaussian,285.1,298.26387438433983
Urea_kg_ha,GLM_Gaussian,301.5,270.78221186445023
Urea_kg_ha,GLM_Gaussian,257.3,267.5456835139113
Urea_kg_ha,GLM_Gaussian,224.6,235.27937048061168
Urea_kg_ha,GLM_Gaussian,207.9,213.3383296570779
Urea_kg_ha,GLM_Gaussian,303.1,272.75279266566776
Urea_kg_ha,GLM_Gaussian,277.1,255.81888199055484
Urea_kg_ha,GLM_Gaussian,299.6,268.8338773770895
Urea_kg_ha,GLM_Gaussian,277.6,282.4190791790068
Urea_kg_ha,GLM_Gaussian,295.3,274.2810555525151
Urea_kg_ha,GLM_Gaussian,212.9,225.41312245092485
Urea_kg_ha,GLM_Gaussian,272.9,250.64995115476376
Urea_kg_ha,GLM_Gaussian,223.7,229.38937744705103
Urea_kg_ha,GLM_Gaussian,253,251.59728258864035
Urea_kg_ha,GLM_Gaussian,275.1,256.5612541250911
Urea_kg_ha,GLM_Gaussian,272.3,267.4972713143595
Urea_kg_ha,GLM_Gaussian,287.5,285.56893903048604
Urea_kg_ha,GLM_Gaussian,201.9,222.7665868348779
Urea_kg_ha,GLM_Gaussian,229.5,208.3814916907909
Urea_kg_ha,GLM_Gaussian,276.3,291.20756863570944
Urea_kg_ha,GLM_Gaussian,270.2,245.06508121103022
Urea_kg_ha,GLM_Gaussian,213.6,227.36302163768613
Urea_kg_ha,GLM_Gaussian,279.1,283.1421212224123
Urea_kg_ha,GLM_Gaussian,288.9,277.7955561765358
Urea_kg_ha,GLM_Gaussian,217.8,214.45110375301837
Urea_kg_ha,GLM_Gaussian,208.6,238.02086125885373
Urea_kg_ha,GLM_Gaussian,270.8,269.6753696643744
Urea_kg_ha,GLM_Gaussian,264,251.98884616145784
Urea_kg_ha,GLM_Gaussian,205.3,213.26430126547655
Urea_kg_ha,GLM_Gaussian,275.1,268.43110141615824
Urea_kg_ha,GLM_Gaussian,264.8,275.77378527052
Urea_kg_ha,GLM_Gaussian,268.1,251.55870466253594
Urea_kg_ha,GLM_Gaussian,242.5,263.13792982749464
Urea_kg_ha,GLM_Gaussian,273.7,248.57868952828278
Urea_kg_ha,GLM_Gaussian,205.3,231.0842458325106
Urea_kg_ha,GLM_Gaussian,300.9,267.71360966458604
Urea_kg_ha,GLM_Gaussian,244,264.6482783756999
Urea_kg_ha,GLM_Gaussian,264.3,294.9268156662625
Urea_kg_ha,GLM_Gaussian,276.1,273.1837795138124
Urea_kg_ha,GLM_Gaussian,287.7,295.4535061221789
Urea_kg_ha,GLM_Gaussian,293.2,297.41943875232505
Urea_kg_ha,GLM_Gaussian,295.1,278.9623430395325
Urea_kg_ha,GLM_Gaussian,290.8,291.46106223355906
Urea_kg_ha,GLM_Gaussian,257.8,259.63059674157523
Urea_kg_ha,GLM_Gaussian,252.1,240.4144500975805
Urea_kg_ha,GLM_Gaussian,246.5,262.5315851077315
Urea_kg_ha,GLM_Gaussian,231.1,227.19687421715685
Urea_kg_ha,GLM_Gaussian,287.5,280.3085454535202
Urea_kg_ha,GLM_Gaussian,266.4,293.10539481237964
Urea_kg_ha,GLM_Gaussian,295.2,287.61544051259244
Urea_kg_ha,GLM_Gaussian,249.2,249.85691575581848
Urea_kg_ha,GLM_Gaussian,242.6,248.48648266968158
Urea_kg_ha,GLM_Gaussian,231.6,224.0017341144553
Urea_kg_ha,GLM_Gaussian,280.6,270.2566540790447
Urea_kg_ha,GLM_Gaussian,292.4,271.63898407366275
Urea_kg_ha,GLM_Gaussian,264.9,287.3554269471181
Urea_kg_ha,GLM_Gaussian,217.3,217.2330328428702
Urea_kg_ha,GLM_Gaussian,222.3,224.76501591841537
Urea_kg_ha,GLM_Gaussian,209.5,228.48658589137287
Urea_kg_ha,GLM_Gaussian,277.1,290.6761833582914
Urea_kg_ha,GLM_Gaussian,264,246.19362591283047
Urea_kg_ha,GLM_Gaussian,224.7,220.6906382439613
Urea_kg_ha,GLM_Gaussian,273.1,298.55485719002365
Urea_kg_ha,GLM_Gaussian,291.7,280.13000754634993
Urea_kg_ha,GLM_Gaussian,299.9,288.73128383374456
Urea_kg_ha,GLM_Gaussian,274.8,252.50429758039274
Urea_kg_ha,GLM_Gaussian,268.5,274.5814370086095
Urea_kg_ha,GLM_Gaussian,270.2,253.2459259444333
Urea_kg_ha,GLM_Gaussian,270.1,282.66378793471046
Urea_kg_ha,GLM_Gaussian,283.9,291.95808017516725
Urea_kg_ha,GLM_Gaussian,201.3,229.42421661602543
Urea_kg_ha,GLM_Gaussian,245,256.00312025843
Urea_kg_ha,GLM_Gaussian,248.3,259.9879648506252
Urea_kg_ha,GLM_Gaussian,301.4,269.0819986342634
Urea_kg_ha,GLM_Gaussian,257.1,241.12535406594662
Urea_kg_ha,GLM_Gaussian,295.2,290.38799735959526
Urea_kg_ha,GLM_Gaussian,213,220.1261609180531
Urea_kg_ha,GLM_Gaussian,215.7,233.44882361349013
Urea_kg_ha,GLM_Gaussian,250.6,242.79239487683563
Urea_kg_ha,GLM_Gaussian,208.5,227.89425537501512
Urea_kg_ha,GLM_Gaussian,265.6,255.42250365042545
Urea_kg_ha,GLM_Gaussian,295.4,289.1244574179401
Urea_kg_ha,GLM_Gaussian,265.2,244.28282815946844
Urea_kg_ha,GLM_Gaussian,261.9,244.9519728940437
Urea_kg_ha,GLM_Gaussian,271.1,283.6019389512789
Urea_kg_ha,GLM_Gaussian,214.5,237.00103251502188
Urea_kg_ha,GLM_Gaussian,297,286.48315126594144
Urea_kg_ha,GLM_Gaussian,271.9,240.63139747426658
Urea_kg_ha,GLM_Gaussian,271.2,292.0956760975585
Urea_kg_ha,GLM_Gaussian,290.9,291.5930529841659
Urea_kg_ha,GLM_Gaussian,220,208.96956927502123
Urea_kg_ha,GLM_Gaussian,227.2,218.81414812388152
Urea_kg_ha,GLM_Gaussian,224.9,225.98260623008989
Urea_kg_ha,GLM_Gaussian,268.3,267.50709769420325
Urea_kg_ha,GLM_Gaussian,262.3,253.89746556711188
Urea_kg_ha,GLM_Gaussian,245.1,240.88198364742345
Urea_kg_ha,GLM_Gaussian,303.5,293.21552988265654
Urea_kg_ha,GLM_Gaussian,296.4,277.9914189182648
Urea_kg_ha,GLM_Gaussian,211,232.87249471992797
Urea_kg_ha,GLM_Gaussian,251.6,248.84657573029824
Urea_kg_ha,GLM_Gaussian,204,211.33476933859376
Urea_kg_ha,GLM_Gaussian,280.4,280.5202316460749
Urea_kg_ha,GLM_Gaussian,297.5,283.2948709323652
Urea_kg_ha,GLM_Gaussian,273.3,251.27893779365124
Urea_kg_ha,GLM_Gaussian,272.3,259.9907391959095
Urea_kg_ha,GLM_Gaussian,282.1,292.01241024631463
Urea_kg_ha,GLM_Gaussian,226,219.9457060379298
Urea_kg_ha,GLM_Gaussian,203.3,237.92444074110313
Urea_kg_ha,GLM_Gaussian,211.3,218.72000642257308
Urea_kg_ha,GLM_Gaussian,203,228.57026802533417
Urea_kg_ha,GLM_Gaussian,267.4,267.014847646605
Urea_kg_ha,GLM_Gaussian,274.3,289.2847889336543
Urea_kg_ha,GLM_Gaussian,283.7,279.877231183079
Urea_kg_ha,GLM_Gaussian,262.2,288.42339909559627
Urea_kg_ha,GLM_Gaussian,232.4,226.1906668797186
Urea_kg_ha,GLM_Gaussian,282.1,296.1023446590038
Urea_kg_ha,GLM_Gaussian,204.7,233.55261278673234
Urea_kg_ha,GLM_Gaussian,260.4,244.65748034044853
Urea_kg_ha,GLM_Gaussian,247.2,245.3198899967783
Urea_kg_ha,GLM_Gaussian,216.1,232.22387312592946
Urea_kg_ha,GLM_Gaussian,221.9,215.13956968954759
Urea_kg_ha,GLM_Gaussian,203.3,237.6239713457735
Urea_kg_ha,GLM_Gaussian,302,291.38169647032186
Urea_kg_ha,GLM_Gaussian,270.2,251.93589928709844
Urea_kg_ha,GLM_Gaussian,277.6,271.8737188308843
Urea_kg_ha,GLM_Gaussian,246.3,264.3722440729671
Urea_kg_ha,GLM_Gaussian,279.7,290.0091409691763
Urea_kg_ha,GLM_Gaussian,246.1,243.22847318641007
Urea_kg_ha,GLM_Gaussian,207.5,233.06001463232496
Urea_kg_ha,GLM_Gaussian,210.4,219.90968368043954
Urea_kg_ha,GLM_Gaussian,297.3,287.9305707257725
Urea_kg_ha,GLM_Gaussian,274.3,244.83389222553268
Urea_kg_ha,GLM_Gaussian,246.5,242.5132750098333
Urea_kg_ha,GLM_Gaussian,249.7,241.43164265631486
Urea_kg_ha,GLM_Gaussian,228.5,228.3739337474186
Urea_kg_ha,GLM_Gaussian,217.7,209.53957273141788
Urea_kg_ha,GLM_Gaussian,251,243.9786266854764
Urea_kg_ha,GLM_Gaussian,257,244.88470077908892
Urea_kg_ha,GLM_Gaussian,249.3,247.96155044416284
Urea_kg_ha,GLM_Gaussian,293.7,279.4193617363026
Urea_kg_ha,GLM_Gaussian,211.8,211.91832280337988
Urea_kg_ha,GLM_Gaussian,274.4,291.9479125411249
Urea_kg_ha,GLM_Gaussian,280.4,285.4937213716896
Urea_kg_ha,GLM_Gaussian,276,245.60215126115062
Urea_kg_ha,GLM_Gaussian,265.3,275.95557167538396
Urea_kg_ha,GLM_Gaussian,217.3,211.73063365156395
Urea_kg_ha,GLM_Gaussian,243.6,262.3126592677815
Urea_kg_ha,GLM_Gaussian,218,231.36272675591283
Urea_kg_ha,GLM_Gaussian,215.2,226.72035296568393
Urea_kg_ha,GLM_Gaussian,265.2,284.6938385318322
Urea_kg_ha,GLM_Gaussian,276.8,281.6902502761929
Urea_kg_ha,GLM_Gaussian,201.9,238.14055404073446
Urea_kg_ha,GLM_Gaussian,242.3,244.2386824411811
Urea_kg_ha,GLM_Gaussian,280.8,295.04501192526743
Urea_kg_ha,GLM_Gaussian,244,248.69296678359282
Urea_kg_ha,GLM_Gaussian,252.4,245.89555546454199
Urea_kg_ha,GLM_Gaussian,299.8,282.4770729819914
Urea_kg_ha,GLM_Gaussian,264.2,281.6020330040359
Urea_kg_ha,GLM_Gaussian,243.4,267.835485046129
Urea_kg_ha,GLM_Gaussian,245.8,264.65435909113125
Urea_kg_ha,GLM_Gaussian,251.2,244.44874022552855
Urea_kg_ha,GLM_Gaussian,245.8,242.4828029174872
Urea_kg_ha,GLM_Gaussian,222.9,223.13115997691338
Urea_kg_ha,GLM_Gaussian,268.4,284.5632490799441
Urea_kg_ha,GLM_Gaussian,218,224.49096571482306
Urea_kg_ha,GLM_Gaussian,229.8,213.80395810329003
Urea_kg_ha,GLM_Gaussian,250.7,240.09475994854174
Urea_kg_ha,GLM_Gaussian,202,218.05168854678834
Urea_kg_ha,GLM_Gaussian,243.9,267.59628817240207
Urea_kg_ha,GLM_Gaussian,217.3,213.53925590760605
Urea_kg_ha,GLM_Gaussian,270,276.7624239777617
Urea_kg_ha,GLM_Gaussian,256.8,262.88626468393085
Urea_kg_ha,GLM_Gaussian,284,295.42600335929365
Urea_kg_ha,GLM_Gaussian,268.1,285.0079885907306
Urea_kg_ha,GLM_Gaussian,248.5,265.8494826016573
Urea_kg_ha,GLM_Gaussian,265.4,267.0059261201672
Urea_kg_ha,GLM_Gaussian,203.8,225.04629053391741
Urea_kg_ha,GLM_Gaussian,295.5,278.9318358079367
Urea_kg_ha,GLM_Gaussian,261.1,265.75610950748325
Urea_kg_ha,GLM_Gaussian,233.2,229.80062434282755
Urea_kg_ha,GLM_Gaussian,299.1,272.4547110087951
Urea_kg_ha,GLM_Gaussian,297.8,292.9693848165688
Urea_kg_ha,GLM_Gaussian,253.6,261.84084728856925
Urea_kg_ha,GLM_Gaussian,212.4,236.66660431063684
Urea_kg_ha,GLM_Gaussian,266.8,287.9285630486331
Urea_kg_ha,GLM_Gaussian,229,218.6121037047413
Urea_kg_ha,GLM_Gaussian,268.5,264.562450684027
Urea_kg_ha,GLM_Gaussian,266.9,258.4236112792082
Urea_kg_ha,GLM_Gaussian,294.8,270.3163480026263
Urea_kg_ha,GLM_Gaussian,215.7,232.93986614104406
Urea_kg_ha,GLM_Gaussian,256.2,257.2838553662202
Urea_kg_ha,GLM_Gaussian,257.9,243.5373878721415
Urea_kg_ha,GLM_Gaussian,201.7,212.76002113722555
Urea_kg_ha,GLM_Gaussian,261.9,294.7981945786261
Urea_kg_ha,GLM_Gaussian,202.7,238.61862205011062
Urea_kg_ha,GLM_Gaussian,242.7,241.37728244442212
Urea_kg_ha,GLM_Gaussian,233.6,238.2166304606491
Urea_kg_ha,GLM_Gaussian,204.8,233.27706974726806
Urea_kg_ha,GLM_Gaussian,219.7,224.52772524836632
Urea_kg_ha,GLM_Gaussian,261.6,257.9877019166896
Urea_kg_ha,GLM_Gaussian,250.6,237.67975344781144
Urea_kg_ha,GLM_Gaussian,261.4,245.3980970995992
Urea_kg_ha,GLM_Gaussian,232.1,215.54073984972504
Urea_kg_ha,GLM_Gaussian,282.9,276.02148416517286
Urea_kg_ha,GLM_Gaussian,244.1,262.73464614999784
Urea_kg_ha,GLM_Gaussian,260.2,265.15470997610964
Urea_kg_ha,GLM_Gaussian,241.5,246.85496435264773
Urea_kg_ha,GLM_Gaussian,266,284.9550724364439
Urea_kg_ha,GLM_Gaussian,298.5,291.66023827457934
Urea_kg_ha,GLM_Gaussian,257.8,246.23310159638925
Urea_kg_ha,GLM_Gaussian,223.5,229.93812488046495
Urea_kg_ha,GLM_Gaussian,259.2,253.29631877590282
Urea_kg_ha,GLM_Gaussian,225.6,230.3256353655848
Urea_kg_ha,GLM_Gaussian,230.5,214.62151825768646
Urea_kg_ha,GLM_Gaussian,269.9,251.39922324618902
Urea_kg_ha,GLM_Gaussian,222.4,238.16634206491477
Urea_kg_ha,GLM_Gaussian,290.8,285.2140566394779
Urea_kg_ha,GLM_Gaussian,220.7,219.82721941967728
Urea_kg_ha,GLM_Gaussian,230.1,209.07951858027909
Urea_kg_ha,GLM_Gaussian,212.4,223.8886798438674
Urea_kg_ha,GLM_Gaussian,253.5,243.17062634350398
Urea_kg_ha,GLM_Gaussian,208.2,227.18903170793322
Urea_kg_ha,GLM_Gaussian,260.3,263.75022022836924
Urea_kg_ha,GLM_Gaussian,216,210.07370895383843
Urea_kg_ha,GLM_Gaussian,213.8,232.95741559002948
Urea_kg_ha,GLM_Gaussian,212.2,212.83116176940047
Urea_kg_ha,GLM_Gaussian,296.7,276.3406303126269
Urea_kg_ha,GLM_Gaussian,215.5,216.17242682952156
Urea_kg_ha,GLM_Gaussian,209.6,219.81284782949908
Urea_kg_ha,GLM_Gaussian,288,279.5730100475021
Urea_kg_ha,GLM_Gaussian,221.3,219.2745238566574
Urea_kg_ha,GLM_Gaussian,214,226.5402128964508
Urea_kg_ha,GLM_Gaussian,259.9,257.66190725610574
Urea_kg_ha,GLM_Gaussian,284,269.40884175429545
Urea_kg_ha,GLM_Gaussian,298.3,288.18863991556856
Urea_kg_ha,GLM_Gaussian,303,286.82946931029494
Urea_kg_ha,GLM_Gaussian,220.3,228.15779093068105
Urea_kg_ha,GLM_Gaussian,256.5,267.88235972064473
Urea_kg_ha,GLM_Gaussian,285.7,280.68610180587626
Urea_kg_ha,GLM_Gaussian,252.2,252.5671750619087
Urea_kg_ha,GLM_Gaussian,226.2,212.6054815153829
Urea_kg_ha,GLM_Gaussian,243.3,257.2765025839288
Urea_kg_ha,GLM_Gaussian,252.9,260.6596834255103
Urea_kg_ha,GLM_Gaussian,300.8,293.0747240011895
Urea_kg_ha,GLM_Gaussian,230.6,235.3417739461884
Urea_kg_ha,GLM_Gaussian,222.2,235.52359219314172
Urea_kg_ha,GLM_Gaussian,273.5,293.3828859927105
Urea_kg_ha,GLM_Gaussian,225.5,238.26849179290238
Urea_kg_ha,GLM_Gaussian,263.4,283.51744126558447
Urea_kg_ha,GLM_Gaussian,217.2,215.6827782711056
Urea_kg_ha,GLM_Gaussian,221.7,221.73101879626216
Urea_kg_ha,GLM_Gaussian,226.6,232.18246791492678
Urea_kg_ha,GLM_Gaussian,217.4,238.02336555694038
Urea_kg_ha,GLM_Gaussian,270.3,286.251449737233
Urea_kg_ha,GLM_Gaussian,275.8,258.43536335479257
Urea_kg_ha,GLM_Gaussian,252.9,248.5717805436007
Urea_kg_ha,GLM_Gaussian,272.7,286.7411038942182
Urea_kg_ha,GLM_Gaussian,296.8,289.61396645210556
Urea_kg_ha,GLM_Gaussian,275.7,294.4429881775062
Urea_kg_ha,GLM_Gaussian,201.7,235.29956221432408
Urea_kg_ha,GLM_Gaussian,217.2,223.64863321709376
Urea_kg_ha,GLM_Gaussian,283.4,295.6710419979711
Urea_kg_ha,GLM_Gaussian,302.8,272.2979348838972
Urea_kg_ha,GLM_Gaussian,271.5,262.4852039675814
Urea_kg_ha,GLM_Gaussian,255,260.7157129696753
Urea_kg_ha,GLM_Gaussian,261.5,294.35962640103236
Urea_kg_ha,GLM_Gaussian,264.2,268.87777047507706
Urea_kg_ha,GLM_Gaussian,293.1,287.0412005555617
Urea_kg_ha,GLM_Gaussian,247.1,261.6048953229541
Urea_kg_ha,GLM_Gaussian,290,276.45596336198685
Urea_kg_ha,GLM_Gaussian,269,251.6590279138549
Urea_kg_ha,GLM_Gaussian,252.1,255.73392153064054
Urea_kg_ha,GLM_Gaussian,297.2,294.14015111165617
Urea_kg_ha,GLM_Gaussian,280.3,242.23474020845413
Urea_kg_ha,GLM_Gaussian,226.9,233.03263013987527
Urea_kg_ha,GLM_Gaussian,302.8,277.9023121124029
Urea_kg_ha,GLM_Gaussian,282.6,277.5170673593172
Urea_kg_ha,GLM_Gaussian,261.8,272.5591903486851
Urea_kg_ha,GLM_Gaussian,271.1,285.8126819115877
Urea_kg_ha,GLM_Gaussian,274.5,241.45200703560394
Urea_kg_ha,GLM_Gaussian,255.3,252.43581692849142
Urea_kg_ha,GLM_Gaussian,251.2,254.1034283341722
Urea_kg_ha,GLM_Gaussian,242.7,266.2603971504095
Urea_kg_ha,GLM_Gaussian,217.9,214.51490414958607
Urea_kg_ha,GLM_Gaussian,271,244.52077720684096
Urea_kg_ha,GLM_Gaussian,244.1,265.40416023859063
Urea_kg_ha,GLM_Gaussian,257.4,264.09750229464464
Urea_kg_ha,GLM_Gaussian,298.5,275.47430304399023
Urea_kg_ha,GLM_Gaussian,273.4,283.22798446431557
Urea_kg_ha,GLM_Gaussian,242.8,263.7088269976891
Urea_kg_ha,GLM_Gaussian,272.9,249.5801542318719
Urea_kg_ha,GLM_Gaussian,293.4,276.6476866063532
Urea_kg_ha,GLM_Gaussian,202.5,236.42288535738518
Urea_kg_ha,GLM_Gaussian,268.6,252.09240681568548
Urea_kg_ha,GLM_Gaussian,259.4,268.50118917467705
Urea_kg_ha,GLM_Gaussian,292.3,278.36759830833716
Urea_kg_ha,GLM_Gaussian,297.7,292.503915844311
Urea_kg_ha,GLM_Gaussian,224,229.82443502682042
Urea_kg_ha,GLM_Gaussian,224,213.13784818713307
Urea_kg_ha,GLM_Gaussian,255.1,266.8572844709006
Urea_kg_ha,GLM_Gaussian,287.7,292.9460954052604
Urea_kg_ha,GLM_Gaussian,273.5,272.33116653370024
Urea_kg_ha,GLM_Gaussian,263.8,290.91001926641627
Urea_kg_ha,GLM_Gaussian,210.1,218.6623173024157
Urea_kg_ha,GLM_Gaussian,215.2,211.47838394162287
Urea_kg_ha,GLM_Gaussian,233.1,236.87558070187544
Urea_kg_ha,GLM_Gaussian,203.3,231.90432013408926
Urea_kg_ha,GLM_Gaussian,279.3,256.1625407684356
Urea_kg_ha,GLM_Gaussian,214.1,220.59630900528785
Urea_kg_ha,GLM_Gaussian,249.4,259.6704761499284
Urea_kg_ha,GLM_Gaussian,253,246.1928678599669
Urea_kg_ha,GLM_Gaussian,251.2,244.84839812338242
Urea_kg_ha,GLM_Gaussian,224.1,222.13953761383036
Urea_kg_ha,GLM_Gaussian,253.6,266.5871186312451
Urea_kg_ha,GLM_Gaussian,272.9,278.9366915944275
Urea_kg_ha,GLM_Gaussian,278.3,252.90037635098804
Urea_kg_ha,GLM_Gaussian,270.2,244.38556254717784
Urea_kg_ha,GLM_Gaussian,275.9,264.7639704681634
Urea_kg_ha,GLM_Gaussian,264.3,249.84752895260976
Urea_kg_ha,GLM_Gaussian,220.1,228.21481157165366
Urea_kg_ha,GLM_Gaussian,245,256.3961052647936
Urea_kg_ha,GLM_Gaussian,209,222.69612297467785
Urea_kg_ha,GLM_Gaussian,224.4,229.9843823671247
Urea_kg_ha,GLM_Gaussian,209.9,223.89466046595876
Urea_kg_ha,GLM_Gaussian,223,221.9338283640617
Urea_kg_ha,GLM_Gaussian,301.7,293.307120368407
Urea_kg_ha,GLM_Gaussian,296.3,277.47650496873604
Urea_kg_ha,GLM_Gaussian,218.7,230.2353779528596
Urea_kg_ha,GLM_Gaussian,299.4,290.3556760841763
Urea_kg_ha,GLM_Gaussian,264.1,271.18166211390485
Urea_kg_ha,GLM_Gaussian,274.2,286.6495245220427
Urea_kg_ha,GLM_Gaussian,271.2,249.53833654472436
Urea_kg_ha,GLM_Gaussian,211.8,210.06608913168034
Urea_kg_ha,GLM_Gaussian,217.6,221.46058215928767
Urea_kg_ha,GLM_Gaussian,269.5,253.38407063666736
Urea_kg_ha,GLM_Gaussian,203.8,213.03576095226748
Urea_kg_ha,GLM_Gaussian,249.9,243.5276224834439
Urea_kg_ha,GLM_Gaussian,257.5,261.4073241428937
Urea_kg_ha,GLM_Gaussian,229.5,240.24843642958027
Urea_kg_ha,GLM_Gaussian,245.8,244.9488788615915
Urea_kg_ha,GLM_Gaussian,266.4,268.3369584293015
Urea_kg_ha,GLM_Gaussian,275.7,271.79327857427904
Urea_kg_ha,GLM_Gaussian,279.2,285.51316370668894
Urea_kg_ha,GLM_Gaussian,228.4,221.81416262724912
Urea_kg_ha,GLM_Gaussian,277.2,286.0720039212375
Urea_kg_ha,GLM_Gaussian,203.3,226.50767809615323
Urea_kg_ha,GLM_Gaussian,292,275.12066105960383
Urea_kg_ha,GLM_Gaussian,241.7,265.93484869627815
Urea_kg_ha,GLM_Gaussian,293.3,289.72342261285326
Urea_kg_ha,GLM_Gaussian,265.6,263.3352413077647
Urea_kg_ha,GLM_Gaussian,206.6,213.06165518869503
Urea_kg_ha,GLM_Gaussian,273.5,255.40321066022886
Urea_kg_ha,GLM_Gaussian,268.4,256.9142156659352
Urea_kg_ha,GLM_Gaussian,272.6,287.7690969314576
Urea_kg_ha,GLM_Gaussian,268.5,248.98352373869827
Urea_kg_ha,GLM_Gaussian,289.5,273.02990405356536
Urea_kg_ha,GLM_Gaussian,293.7,276.6564998362102
Urea_kg_ha,GLM_Gaussian,262.7,269.5358719434873
Urea_kg_ha,GLM_Gaussian,202.2,230.2261757663849
Urea_kg_ha,GLM_Gaussian,273.6,246.97989050398024
Urea_kg_ha,GLM_Gaussian,203.3,237.04247964002607
Urea_kg_ha,GLM_Gaussian,280.4,251.39547795174005
Urea_kg_ha,GLM_Gaussian,297.8,290.3129692597148
Urea_kg_ha,GLM_Gaussian,272,264.7031876667161
Urea_kg_ha,GLM_Gaussian,253.6,265.16116640151205
Urea_kg_ha,GLM_Gaussian,293.8,288.43221652195797
Urea_kg_ha,GLM_Gaussian,221.4,237.91354051229843
Urea_kg_ha,GLM_Gaussian,249.6,242.68274342268955
Urea_kg_ha,GLM_Gaussian,233.1,227.16543822579393
Urea_kg_ha,GLM_Gaussian,295.5,270.6571025408524
Urea_kg_ha,GLM_Gaussian,290.1,296.04241421390446
Urea_kg_ha,GLM_Gaussian,210.1,220.03869457952334
Urea_kg_ha,GLM_Gaussian,228.4,213.11010570117998
Urea_kg_ha,GLM_Gaussian,220.4,217.3540071399925
Urea_kg_ha,GLM_Gaussian,222.6,210.3195124621694
Urea_kg_ha,GLM_Gaussian,272.7,253.80402128594366
Urea_kg_ha,GLM_Gaussian,202.1,225.34105041720508
Urea_kg_ha,GLM_Gaussian,273.3,265.499382723906
Urea_kg_ha,GLM_Gaussian,272.8,292.4931714768407
Urea_kg_ha,GLM_Gaussian,247.1,247.18134520548617
Urea_kg_ha,GLM_Gaussian,274.1,267.5208642276556
Urea_kg_ha,GLM_Gaussian,223.1,222.29468330835962
Urea_kg_ha,GLM_Gaussian,203.1,236.29155237687593
Urea_kg_ha,GLM_Gaussian,270.3,293.5728083496746
Urea_kg_ha,GLM_Gaussian,298.1,267.0669060482998
Urea_kg_ha,GLM_Gaussian,205.8,225.46810765220974
Urea_kg_ha,GLM_Gaussian,264.9,296.4122650030632
Urea_kg_ha,GLM_Gaussian,259.3,239.29358185684967
Urea_kg_ha,GLM_Gaussian,274.4,278.3874312285881
Urea_kg_ha,GLM_Gaussian,243.6,259.3248534455466
Urea_kg_ha,GLM_Gaussian,298,291.94887953378725
Urea_kg_ha,GLM_Gaussian,274.2,241.17477317828897
Urea_kg_ha,GLM_Gaussian,280.1,259.26389519890245
Urea_kg_ha,GLM_Gaussian,270.4,246.13524321595307
Urea_kg_ha,GLM_Gaussian,296.9,280.7744190627581
Urea_kg_ha,GLM_Gaussian,275.3,285.57431029492557
Urea_kg_ha,GLM_Gaussian,219.6,214.00292790309285
Urea_kg_ha,GLM_Gaussian,213.2,209.3445824876536
Urea_kg_ha,GLM_Gaussian,246.9,246.36472086187723
Urea_kg_ha,GLM_Gaussian,275.5,263.2252311558611
Urea_kg_ha,GLM_Gaussian,271.5,295.54304208678803
Urea_kg_ha,GLM_Gaussian,294,292.00608049979337
Urea_kg_ha,GLM_Gaussian,221.2,229.695027485744
Urea_kg_ha,GLM_Gaussian,262.9,262.70927837041137
Urea_kg_ha,GLM_Gaussian,274.2,241.04205571198165
Urea_kg_ha,GLM_Gaussian,271.5,278.38819565364525
Urea_kg_ha,GLM_Gaussian,248.1,249.22386880630054
Urea_kg_ha,GLM_Gaussian,290.1,269.34994875844654
Urea_kg_ha,GLM_Gaussian,212.3,237.8345184139895
Urea_kg_ha,GLM_Gaussian,228.8,237.73712507892478
Urea_kg_ha,GLM_Gaussian,301.6,286.1900067229526
Urea_kg_ha,GLM_Gaussian,210.3,222.63144167084286
Urea_kg_ha,GLM_Gaussian,253.5,243.9967220459834
Urea_kg_ha,GLM_Gaussian,251.5,243.26807146401828
Urea_kg_ha,GLM_Gaussian,280.3,291.45943708621724
Urea_kg_ha,GLM_Gaussian,261,265.9651424633396
Urea_kg_ha,GLM_Gaussian,274.7,291.7690371685322
Urea_kg_ha,GLM_Gaussian,279.6,272.49076542608344
Urea_kg_ha,GLM_Gaussian,284.6,293.95324515767425
Urea_kg_ha,GLM_Gaussian,277.8,263.6853965725054
Urea_kg_ha,GLM_Gaussian,273.5,257.8562291065322
Urea_kg_ha,GLM_Gaussian,219.9,220.52567787354624
Urea_kg_ha,GLM_Gaussian,216.2,235.42661642807485
Urea_kg_ha,GLM_Gaussian,264.3,278.3614146224766
Urea_kg_ha,GLM_Gaussian,212.4,216.6879392920837
Urea_kg_ha,GLM_Gaussian,223.7,219.06994702182965
Urea_kg_ha,GLM_Gaussian,272.1,295.5079052335214
Urea_kg_ha,GLM_Gaussian,214.4,223.81854516177475
Urea_kg_ha,GLM_Gaussian,264.7,279.21027704165886
Urea_kg_ha,GLM_Gaussian,278.5,285.8669432851
Urea_kg_ha,GLM_Gaussian,248.4,243.9664265342786
Urea_kg_ha,GLM_Gaussian,218.4,223.02981625768342
Urea_kg_ha,GLM_Gaussian,228.3,213.84896484734492
Urea_kg_ha,GLM_Gaussian,297.2,280.67823224249156
Urea_kg_ha,GLM_Gaussian,219.8,227.92896514885604
Urea_kg_ha,GLM_Gaussian,242.9,255.9425370087075
Urea_kg_ha,GLM_Gaussian,295.5,295.7818384474427
Urea_kg_ha,GLM_Gaussian,269.1,296.72655152578756
Urea_kg_ha,GLM_Gaussian,214.7,233.77117518514956
Urea_kg_ha,GLM_Gaussian,286.9,287.6193027017234
Urea_kg_ha,GLM_Gaussian,263.8,251.50235037832388
Urea_kg_ha,GLM_Gaussian,220.3,238.78164437578613
Urea_kg_ha,GLM_Gaussian,227.7,219.54998214287534
Urea_kg_ha,GLM_Gaussian,254.5,252.24295525656157
Urea_kg_ha,GLM_Gaussian,247.4,244.77663426630662
Urea_kg_ha,GLM_Gaussian,214.4,211.0892289533841
Urea_kg_ha,GLM_Gaussian,208.9,238.39064567857363
Urea_kg_ha,GLM_Gaussian,267.6,260.99939248805225
Urea_kg_ha,GLM_Gaussian,303.3,272.39716320537457
Urea_kg_ha,GLM_Gaussian,302.8,275.8858713111065
Urea_kg_ha,GLM_Gaussian,252.7,246.92154874642742
Urea_kg_ha,GLM_Gaussian,259.6,257.2364033352694
Urea_kg_ha,GLM_Gaussian,242.9,241.64003188277186
Urea_kg_ha,GLM_Gaussian,302.9,276.91357744795107
Urea_kg_ha,GLM_Gaussian,264.9,262.48242751545496
Urea_kg_ha,GLM_Gaussian,275.5,288.1057828651379
Urea_kg_ha,GLM_Gaussian,202,229.16128337622237
Urea_kg_ha,GLM_Gaussian,288.2,276.00398703391727
Urea_kg_ha,GLM_Gaussian,265.2,268.7496170095519
Urea_kg_ha,GLM_Gaussian,270.6,284.6709534186192
Urea_kg_ha,GLM_Gaussian,266.4,276.5117397063207
Urea_kg_ha,GLM_Gaussian,224.3,233.16255695279884
Urea_kg_ha,GLM_Gaussian,284.7,277.328415245221
Urea_kg_ha,GLM_Gaussian,204.2,213.4748893933695
Urea_kg_ha,GLM_Gaussian,233.6,224.60448663016535
Urea_kg_ha,GLM_Gaussian,290.3,285.7986045992944
Urea_kg_ha,GLM_Gaussian,281.7,278.5589598504341
Urea_kg_ha,GLM_Gaussian,245.5,241.4498265576984
Urea_kg_ha,GLM_Gaussian,284.5,274.8141274432415
Urea_kg_ha,GLM_Gaussian,288.4,275.35132246883484
Urea_kg_ha,GLM_Gaussian,296.2,288.88287018845017
Urea_kg_ha,GLM_Gaussian,290.6,281.75277122790067
Urea_kg_ha,GLM_Gaussian,221.1,235.5281065435017
Urea_kg_ha,GLM_Gaussian,230.4,237.3710250666386
Urea_kg_ha,GLM_Gaussian,273,261.41353670080906
Urea_kg_ha,GLM_Gaussian,216.3,215.57949300461823
Urea_kg_ha,GLM_Gaussian,230.8,237.42795327204612
Urea_kg_ha,GLM_Gaussian,267.8,242.12300343087827
Urea_kg_ha,GLM_Gaussian,270.9,260.29788097180017
Urea_kg_ha,GLM_Gaussian,214.5,217.90131917305254
Urea_kg_ha,GLM_Gaussian,264,271.82196261258304
Urea_kg_ha,GLM_Gaussian,288.9,292.4834541951866
Urea_kg_ha,GLM_Gaussian,264.9,263.0961458349346
Urea_kg_ha,GLM_Gaussian,256.7,256.22100177156204
Urea_kg_ha,GLM_Gaussian,206,224.36562331391397
Urea_kg_ha,GLM_Gaussian,224.6,234.24024421076194
Urea_kg_ha,GLM_Gaussian,261.5,250.29148222856492
Urea_kg_ha,GLM_Gaussian,202.9,233.02368796081078
Urea_kg_ha,GLM_Gaussian,273.7,254.22673175705523
Urea_kg_ha,GLM_Gaussian,266,254.8330015266004
Urea_kg_ha,GLM_Gaussian,265,255.39152152094175
Urea_kg_ha,GLM_Gaussian,214.1,225.72970395356745
Urea_kg_ha,GLM_Gaussian,285.7,271.92819769902223
Urea_kg_ha,GLM_Gaussian,285.4,288.12283852538314
Urea_kg_ha,GLM_Gaussian,269.3,290.372853375699
Urea_kg_ha,GLM_Gaussian,231.9,228.04757877842837
Urea_kg_ha,GLM_Gaussian,257.6,246.04269242033772
Urea_kg_ha,GLM_Gaussian,201.9,216.75744840561703
Urea_kg_ha,GLM_Gaussian,253.7,254.04550076231044
Urea_kg_ha,GLM_Gaussian,298.7,271.075413890659
Urea_kg_ha,GLM_Gaussian,289.8,282.62887394811537
Urea_kg_ha,GLM_Gaussian,285.6,291.17773578030574
Urea_kg_ha,GLM_Gaussian,294.5,293.5826513423689
Urea_kg_ha,GLM_Gaussian,251.6,254.993627797894
Urea_kg_ha,GLM_Gaussian,223.8,227.55574349792852
Urea_kg_ha,GLM_Gaussian,261.4,265.8299698889182
Urea_kg_ha,GLM_Gaussian,230.3,218.86189745441635
Urea_kg_ha,GLM_Gaussian,299.2,291.15820857686765
Urea_kg_ha,GLM_Gaussian,227.6,228.60955295348566
Urea_kg_ha,GLM_Gaussian,288.9,276.03023494656003
Urea_kg_ha,GLM_Gaussian,299,279.8088444781809
Urea_kg_ha,GLM_Gaussian,216,224.31558954005797
Urea_kg_ha,GLM_Gaussian,225.8,229.95451963285453
Urea_kg_ha,GLM_Gaussian,214.5,217.51312295333867
Urea_kg_ha,GLM_Gaussian,294.5,283.6964762986798
Urea_kg_ha,GLM_Gaussian,256.7,250.82084199007127
Urea_kg_ha,GLM_Gaussian,289.9,282.79636948215216
Urea_kg_ha,GLM_Gaussian,207.8,209.41535258344825
Urea_kg_ha,GLM_Gaussian,274.6,273.2411552450817
Urea_kg_ha,GLM_Gaussian,250.4,261.7401119705044
Urea_kg_ha,GLM_Gaussian,278.6,280.92318193020606
Urea_kg_ha,GLM_Gaussian,251.9,250.36903063744055
Urea_kg_ha,GLM_Gaussian,207.6,237.95319188770722
Urea_kg_ha,GLM_Gaussian,225.6,219.73050780338275
Urea_kg_ha,GLM_Gaussian,299.4,282.2331247260907
Urea_kg_ha,GLM_Gaussian,245.6,267.1112211278304
Urea_kg_ha,GLM_Gaussian,253.2,252.67435019525522
Urea_kg_ha,GLM_Gaussian,289.5,272.7332587101375
Urea_kg_ha,GLM_Gaussian,229.1,237.58662154757045
Urea_kg_ha,GLM_Gaussian,209.3,225.18494308608354
Urea_kg_ha,GLM_Gaussian,206.6,212.47506379888844
Urea_kg_ha,GLM_Gaussian,281.6,290.802990262382
Urea_kg_ha,GLM_Gaussian,261.3,263.9587249900975
Urea_kg_ha,GLM_Gaussian,228.1,224.8103878117958
Urea_kg_ha,GLM_Gaussian,204.5,215.06150071021972
Urea_kg_ha,GLM_Gaussian,268.6,252.07815578729853
Urea_kg_ha,GLM_Gaussian,202.6,233.4344129882095
Urea_kg_ha,GLM_Gaussian,246.7,264.0331823974318
Urea_kg_ha,GLM_Gaussian,294.7,278.3928934931585
Urea_kg_ha,GLM_Gaussian,227.8,233.81085920730504
Urea_kg_ha,GLM_Gaussian,279.2,284.76960449025137
Urea_kg_ha,GLM_Gaussian,211.6,212.0970637472234
Urea_kg_ha,GLM_Gaussian,270.1,282.56776787192
Urea_kg_ha,GLM_Gaussian,270.7,290.2225390453508
Urea_kg_ha,GLM_Gaussian,264.3,279.6846238363351
Urea_kg_ha,GLM_Gaussian,276.2,270.9713524020496
Urea_kg_ha,GLM_Gaussian,265.6,243.8311839358004
Urea_kg_ha,GLM_Gaussian,233.5,230.20195992070566
Urea_kg_ha,GLM_Gaussian,272.7,264.9429963409138
Urea_kg_ha,GLM_Gaussian,258.7,264.1873208348122
Urea_kg_ha,GLM_Gaussian,261.2,258.2080695304436
Urea_kg_ha,GLM_Gaussian,233.3,230.723899641865
Urea_kg_ha,GLM_Gaussian,270.9,261.70601430354697
Urea_kg_ha,GLM_Gaussian,296.1,292.5442668159731
Urea_kg_ha,GLM_Gaussian,275.7,274.71721252450885
Urea_kg_ha,GLM_Gaussian,279.1,294.9533316661744
Urea_kg_ha,GLM_Gaussian,268.6,293.8677740695583
Urea_kg_ha,GLM_Gaussian,295.2,275.892618397729
Urea_kg_ha,GLM_Gaussian,284.6,294.57316404015563
Urea_kg_ha,GLM_Gaussian,278.9,292.2484281324276
Urea_kg_ha,GLM_Gaussian,210,211.4126971478556
Urea_kg_ha,GLM_Gaussian,277.6,268.1182958749008
Urea_kg_ha,GLM_Gaussian,205.9,215.58780977969005
Urea_kg_ha,GLM_Gaussian,221.5,212.19815566351434
Urea_kg_ha,GLM_Gaussian,205.4,236.6372943183894
Urea_kg_ha,GLM_Gaussian,249,261.4111370375414
Urea_kg_ha,GLM_Gaussian,223.8,220.78257278026402
Urea_kg_ha,GLM_Gaussian,221,219.84144209855046
Urea_kg_ha,GLM_Gaussian,210.8,221.85018699312985
Urea_kg_ha,GLM_Gaussian,265.2,273.70013055747097
Urea_kg_ha,GLM_Gaussian,231,216.2724302942058
Urea_kg_ha,GLM_Gaussian,229.8,213.27850878938133
Urea_kg_ha,GLM_Gaussian,243.3,255.97409852320456
Urea_kg_ha,GLM_Gaussian,271,280.9938910292372
Urea_kg_ha,GLM_Gaussian,297.4,293.95286566608877
Urea_kg_ha,GLM_Gaussian,207.7,226.7041394625779
Urea_kg_ha,GLM_Gaussian,279.2,241.66052401816216
Urea_kg_ha,GLM_Gaussian,291.7,290.7530036464549
Urea_kg_ha,GLM_Gaussian,215,232.79967728977408
Urea_kg_ha,GLM_Gaussian,264.8,261.1380230553962
Urea_kg_ha,GLM_Gaussian,266.5,285.5072325931032
Urea_kg_ha,GLM_Gaussian,254.6,267.23637245711734
Urea_kg_ha,GLM_Gaussian,298.3,295.8442419047755
Urea_kg_ha,GLM_Gaussian,291.4,277.3341811927889
Urea_kg_ha,GLM_Gaussian,219.3,220.29978816316245
Urea_kg_ha,GLM_Gaussian,277.7,262.814796398819
Urea_kg_ha,GLM_Gaussian,218.3,210.17848883932794
Urea_kg_ha,GLM_Gaussian,292.2,268.8315042185049
Urea_kg_ha,GLM_Gaussian,232.7,237.52837645531696
Urea_kg_ha,GLM_Gaussian,215.3,228.4456281218349
Urea_kg_ha,GLM_Gaussian,231.5,233.336692460303
Urea_kg_ha,GLM_Gaussian,203.5,217.15049478070026
Urea_kg_ha,GLM_Gaussian,242.9,248.72874596974168
Urea_kg_ha,GLM_Gaussian,263.7,263.4005614074556
Urea_kg_ha,GLM_Gaussian,291.1,294.2525739251256
Urea_kg_ha,GLM_Gaussian,273.5,294.9358247384259
Urea_kg_ha,GLM_Gaussian,266,241.82992719151486
Urea_kg_ha,GLM_Gaussian,273.4,298.500575329042
Urea_kg_ha,GLM_Gaussian,282,278.9119521180524
Urea_kg_ha,GLM_Gaussian,261.5,267.6559357462126
Urea_kg_ha,GLM_Gaussian,229.8,210.7691260855109
Urea_kg_ha,GLM_Gaussian,303.1,291.13398029505015
Urea_kg_ha,GLM_Gaussian,226.2,216.39705859437277
Urea_kg_ha,GLM_Gaussian,219.5,217.85401276482648
Urea_kg_ha,GLM_Gaussian,223.2,235.8531651436798
Urea_kg_ha,GLM_Gaussian,268.8,258.5670264819135
Urea_kg_ha,GLM_Gaussian,295.2,272.5389786225954
Urea_kg_ha,GLM_Gaussian,210.9,213.66059975486655
Urea_kg_ha,GLM_Gaussian,216.6,227.14551133553582
Urea_kg_ha,GLM_Gaussian,214.1,217.04189927396519
Urea_kg_ha,GLM_Gaussian,286.7,270.94420493492055
Urea_kg_ha,GLM_Gaussian,214.5,237.78245545525115
Urea_kg_ha,GLM_Gaussian,277,276.77179416880045
Urea_kg_ha,GLM_Gaussian,219,221.7524820162866
Urea_kg_ha,GLM_Gaussian,274,291.38124010131406
Urea_kg_ha,GLM_Gaussian,275.5,294.90351543324954
Urea_kg_ha,GLM_Gaussian,291.5,292.8210921912861
Urea_kg_ha,GLM_Gaussian,242.2,239.7589109772324
Urea_kg_ha,GLM_Gaussian,220.9,222.73942713202266
Urea_kg_ha,GLM_Gaussian,226.6,215.8917784269001
Urea_kg_ha,GLM_Gaussian,261.9,280.3355821066474
Urea_kg_ha,GLM_Gaussian,218.6,219.55138825994308
Urea_kg_ha,GLM_Gaussian,212,225.42599977662306
Urea_kg_ha,GLM_Gaussian,273.4,268.6694630535412
Urea_kg_ha,GLM_Gaussian,252.3,253.37297623361005
Urea_kg_ha,GLM_Gaussian,243.5,252.7281774608861
Urea_kg_ha,GLM_Gaussian,279.2,258.2311897023702
Urea_kg_ha,GLM_Gaussian,301.6,289.5386087881612
Urea_kg_ha,GLM_Gaussian,292.5,272.7242260801965
Urea_kg_ha,GLM_Gaussian,273.6,296.5086072060965
Urea_kg_ha,GLM_Gaussian,214.3,224.48735055680206
Urea_kg_ha,GLM_Gaussian,212.2,210.49915451611344
Urea_kg_ha,GLM_Gaussian,275.1,239.3793651543289
Urea_kg_ha,GLM_Gaussian,216,230.49262501526627
Urea_kg_ha,GLM_Gaussian,212.4,222.54139239166602
Urea_kg_ha,GLM_Gaussian,232.6,222.78966109773663
Urea_kg_ha,GLM_Gaussian,202.8,222.71458757588155
Urea_kg_ha,GLM_Gaussian,202.7,226.7919003075155
Urea_kg_ha,GLM_Gaussian,256.4,239.25564168344133
Urea_kg_ha,GLM_Gaussian,228.5,231.8050647298759
Urea_kg_ha,GLM_Gaussian,279.5,253.1928737210827
Urea_kg_ha,GLM_Gaussian,297.2,280.9162255077809
Urea_kg_ha,GLM_Gaussian,285.5,281.5485610147691
Urea_kg_ha,GLM_Gaussian,243.3,261.81792071961115
Urea_kg_ha,GLM_Gaussian,275.1,286.64169580310937
Urea_kg_ha,GLM_Gaussian,281.1,284.9368107331209
Urea_kg_ha,GLM_Gaussian,269,252.10669247123738
Urea_kg_ha,GLM_Gaussian,204.6,234.34062660475175
Urea_kg_ha,GLM_Gaussian,245.4,244.853401280213
Urea_kg_ha,GLM_Gaussian,229.4,220.4055876175122
Urea_kg_ha,GLM_Gaussian,202.7,222.1484138426008
Urea_kg_ha,GLM_Gaussian,209.6,213.3702612608501
Urea_kg_ha,GLM_Gaussian,256.4,242.8466156177021
Urea_kg_ha,GLM_Gaussian,274,243.7183783247497
Urea_kg_ha,GLM_Gaussian,291.5,291.0821877246939
Urea_kg_ha,GLM_Gaussian,266.8,282.276684353411
Urea_kg_ha,GLM_Gaussian,277.7,262.11071370957546
Urea_kg_ha,GLM_Gaussian,266.4,255.68302541847657
Urea_kg_ha,GLM_Gaussian,222.7,230.6332521829295
Urea_kg_ha,GLM_Gaussian,205.2,214.87683891157832
Urea_kg_ha,GLM_Gaussian,298.3,273.8062793451389
Urea_kg_ha,GLM_Gaussian,209.1,211.68816135140628
Urea_kg_ha,GLM_Gaussian,298.6,282.03303020527727
Urea_kg_ha,GLM_Gaussian,230.8,217.75217645383455
Urea_kg_ha,GLM_Gaussian,269.4,297.16789693326314
Urea_kg_ha,GLM_Gaussian,248.5,265.4709741548779
Urea_kg_ha,GLM_Gaussian,246.4,239.8861877939159
Urea_kg_ha,GLM_Gaussian,224,232.5200980230737
Urea_kg_ha,GLM_Gaussian,220,213.63927899185055
Urea_kg_ha,GLM_Gaussian,230.9,225.20495343621738
Urea_kg_ha,GLM_Gaussian,249.6,238.7267225339365
Urea_kg_ha,GLM_Gaussian,270.9,259.1027775304268
Urea_kg_ha,GLM_Gaussian,268.6,281.21318021368313
Urea_kg_ha,GLM_Gaussian,259.1,263.4207445865892
Urea_kg_ha,GLM_Gaussian,223.2,219.33119460664423
Urea_kg_ha,GLM_Gaussian,247,266.03975691219057
Urea_kg_ha,GLM_Gaussian,245.4,245.66064495896495
Urea_kg_ha,GLM_Gaussian,272.7,296.7423385520274
Urea_kg_ha,GLM_Gaussian,223.1,230.1519137656177
Urea_kg_ha,GLM_Gaussian,213.6,214.7841359809856
Urea_kg_ha,GLM_Gaussian,288.1,273.7372597032152
Urea_kg_ha,GLM_Gaussian,211.2,238.51314490461192
Urea_kg_ha,GLM_Gaussian,269.6,245.41574467861477
Urea_kg_ha,GLM_Gaussian,214.3,223.15419510160922
Urea_kg_ha,GLM_Gaussian,209.7,234.1128833508199
Urea_kg_ha,GLM_Gaussian,300.8,288.4816744878138
Urea_kg_ha,GLM_Gaussian,266.3,268.66644017602795
Urea_kg_ha,GLM_Gaussian,245,251.0811766211041
Urea_kg_ha,GLM_Gaussian,275.5,249.96569949276542
Urea_kg_ha,GLM_Gaussian,225.1,231.8290382729751
Urea_kg_ha,GLM_Gaussian,302.1,296.163010500263
Urea_kg_ha,GLM_Gaussian,205.8,224.58235156393079
Urea_kg_ha,GLM_Gaussian,273.2,266.5758261545408
Urea_kg_ha,GLM_Gaussian,271.4,275.26453081675464
Urea_kg_ha,GLM_Gaussian,221.5,212.81909532132798
Urea_kg_ha,GLM_Gaussian,284,287.28319094502626
Urea_kg_ha,GLM_Gaussian,278.6,288.9925683115768
Urea_kg_ha,GLM_Gaussian,252.5,257.26369483087717
Urea_kg_ha,GLM_Gaussian,245.6,250.3038019048987
Urea_kg_ha,GLM_Gaussian,271.9,269.9005876042635
Urea_kg_ha,GLM_Gaussian,268.1,254.43989475248156
Urea_kg_ha,GLM_Gaussian,210.3,226.87174216581113
Urea_kg_ha,GLM_Gaussian,254.7,247.89387610734053
Urea_kg_ha,GLM_Gaussian,201.3,219.86492538647923
Urea_kg_ha,GLM_Gaussian,202.6,219.83750801779598
Urea_kg_ha,GLM_Gaussian,297.4,296.19267543987746
Urea_kg_ha,GLM_Gaussian,210.5,219.9788566945881
Urea_kg_ha,GLM_Gaussian,222.1,213.41728937704826
Urea_kg_ha,GLM_Gaussian,242,260.7626207250723
Urea_kg_ha,GLM_Gaussian,241.9,252.4098110023859
Urea_kg_ha,GLM_Gaussian,223.4,233.76488343202195
Urea_kg_ha,GLM_Gaussian,288.9,273.4153163432219
Urea_kg_ha,GLM_Gaussian,302.2,283.38432414870704
Urea_kg_ha,GLM_Gaussian,282.7,290.01102048613467
Urea_kg_ha,GLM_Gaussian,271.4,275.4538384514277
Urea_kg_ha,GLM_Gaussian,229.4,237.83065135476622
Urea_kg_ha,GLM_Gaussian,213.9,219.83473605279275
Urea_kg_ha,GLM_Gaussian,217.2,232.31890272543606
Urea_kg_ha,GLM_Gaussian,250.7,264.01782489855805
Urea_kg_ha,GLM_Gaussian,272.4,265.46422255025465
Urea_kg_ha,GLM_Gaussian,219.5,216.61465056023263
Urea_kg_ha,GLM_Gaussian,298.5,288.71814036311173
Urea_kg_ha,GLM_Gaussian,276.8,262.39898350476403
Urea_kg_ha,GLM_Gaussian,282.3,296.4556681701933
Urea_kg_ha,GLM_Gaussian,203.8,211.41025334242767
Urea_kg_ha,GLM_Gaussian,302.8,280.6619960098343
Urea_kg_ha,GLM_Gaussian,300.5,280.3764759626382
Urea_kg_ha,GLM_Gaussian,262.7,247.0758398712258
Urea_kg_ha,GLM_Gaussian,272.8,284.4524159929182
Urea_kg_ha,GLM_Gaussian,303.8,279.2097276522068
Urea_kg_ha,GLM_Gaussian,264.7,270.94110229337997
Urea_kg_ha,GLM_Gaussian,245.3,243.99106127257232
Urea_kg_ha,GLM_Gaussian,257.4,256.4726190014502
Urea_kg_ha,GLM_Gaussian,231.5,208.61607322852103
Urea_kg_ha,GLM_Gaussian,209.4,212.07784134700054
Urea_kg_ha,GLM_Gaussian,217,228.81006931047122
Urea_kg_ha,GLM_Gaussian,287.9,286.82039331557746
Urea_kg_ha,GLM_Gaussian,210.8,216.33372950543955
Urea_kg_ha,GLM_Gaussian,228.6,230.40960939257005
Urea_kg_ha,GLM_Gaussian,300.4,282.69299386721207
Urea_kg_ha,GLM_Gaussian,254.5,251.20738897676566
Urea_kg_ha,GLM_Gaussian,263.6,279.37552199856765
Urea_kg_ha,GLM_Gaussian,277.2,286.756935491963
Urea_kg_ha,GLM_Gaussian,247.3,265.49562381665
Urea_kg_ha,GLM_Gaussian,291.4,275.66806321664694
Urea_kg_ha,GLM_Gaussian,294.5,296.35775745386644
Urea_kg_ha,GLM_Gaussian,219.2,209.84146799022284
Urea_kg_ha,GLM_Gaussian,266.5,246.23956010036676
Urea_kg_ha,GLM_Gaussian,224.6,213.75493471217115
Urea_kg_ha,GLM_Gaussian,257,266.0762686847626
Urea_kg_ha,GLM_Gaussian,219,229.69439110541526
Urea_kg_ha,GLM_Gaussian,270.5,283.5829632808472
Urea_kg_ha,GLM_Gaussian,260.9,265.7748617340483
Urea_kg_ha,GLM_Gaussian,221.9,232.77082623498652
Urea_kg_ha,GLM_Gaussian,251.3,260.5141564916673
Urea_kg_ha,GLM_Gaussian,258.2,241.5345519636874
Urea_kg_ha,GLM_Gaussian,302.4,288.15409996070247
Urea_kg_ha,GLM_Gaussian,259,266.33858698824804
Urea_kg_ha,GLM_Gaussian,229.4,233.70925184789402
Urea_kg_ha,GLM_Gaussian,276.2,288.4197211338497
Urea_kg_ha,GLM_Gaussian,272,245.4811392697527
Urea_kg_ha,GLM_Gaussian,277.4,284.44567053546865
Urea_kg_ha,GLM_Gaussian,283.6,282.605870764532
Urea_kg_ha,GLM_Gaussian,267.6,264.73438267579286
Urea_kg_ha,GLM_Gaussian,217.7,221.87198742537694
Urea_kg_ha,GLM_Gaussian,255.4,259.87023925953423
Urea_kg_ha,GLM_Gaussian,301.7,290.45470814846004
Urea_kg_ha,GLM_Gaussian,206.6,209.98134882757495
Urea_kg_ha,GLM_Gaussian,273.5,292.44367355147745
Urea_kg_ha,GLM_Gaussian,257.7,244.5855300802868
Urea_kg_ha,GLM_Gaussian,301.5,292.0031553512455
Urea_kg_ha,GLM_Gaussian,290,296.3836558173088
Urea_kg_ha,GLM_Gaussian,207.9,222.11780773539542
Urea_kg_ha,GLM_Gaussian,274.7,277.42346075336883
Urea_kg_ha,GLM_Gaussian,217.8,222.79360999059074
Urea_kg_ha,GLM_Gaussian,255.1,263.4619015506409
Urea_kg_ha,GLM_Gaussian,213.7,213.57866423848662
Urea_kg_ha,GLM_Gaussian,230.9,230.46587054368925
Urea_kg_ha,GLM_Gaussian,285.2,285.6966173625301
Urea_kg_ha,GLM_Gaussian,218.4,227.49513875051076
Urea_kg_ha,GLM_Gaussian,218.7,225.7234531176466
Urea_kg_ha,GLM_Gaussian,202.9,230.72120629809766
Urea_kg_ha,GLM_Gaussian,228,226.02421487765645
Urea_kg_ha,GLM_Gaussian,266.7,245.51041141955872
Urea_kg_ha,GLM_Gaussian,204.9,216.88601119791323
Urea_kg_ha,GLM_Gaussian,287.8,285.24721226113934
Urea_kg_ha,GLM_Gaussian,277.7,268.64948098119396
Urea_kg_ha,GLM_Gaussian,294.1,281.78904112015124
Urea_kg_ha,GLM_Gaussian,229,212.03484724657804
Urea_kg_ha,GLM_Gaussian,268.1,256.05417144105917
Urea_kg_ha,GLM_Gaussian,283,279.4881267125801
Urea_kg_ha,GLM_Gaussian,233.1,217.9770488028449
Urea_kg_ha,GLM_Gaussian,264.2,271.24243465203404
Urea_kg_ha,GLM_Gaussian,222.9,231.3922926927444
Urea_kg_ha,GLM_Gaussian,248.7,246.5090649864253
Urea_kg_ha,GLM_Gaussian,217.5,226.5476632631271
Urea_kg_ha,GLM_Gaussian,218.1,223.49666994434207
Urea_kg_ha,GLM_Gaussian,293.4,275.6941985171002
Urea_kg_ha,GLM_Gaussian,275.1,280.9047930696699
Urea_kg_ha,GLM_Gaussian,263.9,241.37743485494983
Urea_kg_ha,GLM_Gaussian,263.6,240.48608954080564
Urea_kg_ha,GLM_Gaussian,205.3,218.60393779964596
Urea_kg_ha,GLM_Gaussian,202.3,228.94617332965873
Urea_kg_ha,GLM_Gaussian,245.8,262.2203811921368
Urea_kg_ha,GLM_Gaussian,273.4,253.9906527955819
Urea_kg_ha,GLM_Gaussian,295.6,281.10939471396694
Urea_kg_ha,GLM_Gaussian,285,273.393964508289
Urea_kg_ha,GLM_Gaussian,267.4,251.9631912621413
Urea_kg_ha,GLM_Gaussian,205.5,234.84205383878225
Urea_kg_ha,GLM_Gaussian,293,275.73657575893094
Urea_kg_ha,GLM_Gaussian,205.3,218.613319165385
Urea_kg_ha,GLM_Gaussian,273.3,257.205896393896
Urea_kg_ha,GLM_Gaussian,250.4,263.8447605759374
Urea_kg_ha,GLM_Gaussian,210.6,237.23792905640826
Urea_kg_ha,GLM_Gaussian,244.3,261.0606980946635
Urea_kg_ha,GLM_Gaussian,228.1,212.7095441177707
Urea_kg_ha,GLM_Gaussian,263.4,255.09348525111537
Urea_kg_ha,GLM_Gaussian,241.5,240.41446848451778
Urea_kg_ha,GLM_Gaussian,280.2,259.22071708900427
Urea_kg_ha,GLM_Gaussian,233.7,222.44950507827406
Urea_kg_ha,GLM_Gaussian,210.2,216.50073682027832
Urea_kg_ha,GLM_Gaussian,272.4,241.582801564998
Urea_kg_ha,GLM_Gaussian,230.6,234.7553898302815
Urea_kg_ha,GLM_Gaussian,298.5,286.0137433437014
Urea_kg_ha,GLM_Gaussian,211,232.77554572222905
Urea_kg_ha,GLM_Gaussian,232.5,223.68348987597182
Urea_kg_ha,GLM_Gaussian,263.8,289.7413498508741
Urea_kg_ha,GLM_Gaussian,258.3,250.91506804763094
Urea_kg_ha,GLM_Gaussian,267,283.38850800792613
Urea_kg_ha,GLM_Gaussian,231.5,233.86757208539768
Urea_kg_ha,GLM_Gaussian,279.1,243.26647551981674
Urea_kg_ha,GLM_Gaussian,278.6,292.3154493488101
Urea_kg_ha,GLM_Gaussian,302.4,296.1814161473466
Urea_kg_ha,GLM_Gaussian,257.6,257.72886457749223
Urea_kg_ha,GLM_Gaussian,220.6,225.83677435499757
Urea_kg_ha,GLM_Gaussian,221.6,207.98300841082204
Urea_kg_ha,GLM_Gaussian,282.7,279.3940654206615
Urea_kg_ha,GLM_Gaussian,256.3,264.32157088091975
Urea_kg_ha,GLM_Gaussian,245,249.75643691943117
Urea_kg_ha,GLM_Gaussian,202.6,236.01435824525643
Urea_kg_ha,GLM_Gaussian,298.8,293.8090752889681
Urea_kg_ha,GLM_Gaussian,225.6,220.16334825255856
Urea_kg_ha,GLM_Gaussian,278.7,267.00328215497285
Urea_kg_ha,GLM_Gaussian,255.5,243.6335519272969
Urea_kg_ha,GLM_Gaussian,207.6,227.24814165229273
Urea_kg_ha,GLM_Gaussian,264,271.1137758707278
Urea_kg_ha,GLM_Gaussian,226.2,218.7041819107054
Urea_kg_ha,GLM_Gaussian,248.9,240.25620202322327
Urea_kg_ha,GLM_Gaussian,228.3,230.55655145595662
Urea_kg_ha,GLM_Gaussian,206.2,214.07723976303902
Urea_kg_ha,GLM_Gaussian,250.7,260.33538009797314
Urea_kg_ha,GLM_Gaussian,203.7,230.69754141375284
Urea_kg_ha,GLM_Gaussian,220.8,223.32691587876144
Urea_kg_ha,GLM_Gaussian,267.4,262.55612927419924
Urea_kg_ha,GLM_Gaussian,296.8,297.76447107582203
Urea_kg_ha,GLM_Gaussian,277.8,261.7703271658065
Urea_kg_ha,GLM_Gaussian,256.3,246.8136041192318
Urea_kg_ha,GLM_Gaussian,218.3,212.97324496314994
Urea_kg_ha,GLM_Gaussian,246.5,254.92063783182084
Urea_kg_ha,GLM_Gaussian,220.7,230.84230671529133
Urea_kg_ha,GLM_Gaussian,262.9,281.19047957204737
Urea_kg_ha,GLM_Gaussian,285.7,291.5652549341173
Urea_kg_ha,GLM_Gaussian,281.9,288.83865558278853
Urea_kg_ha,GLM_Gaussian,209.1,228.228109440222
Urea_kg_ha,GLM_Gaussian,300.3,279.14055003210586
Urea_kg_ha,GLM_Gaussian,214.4,222.6742524054772
Urea_kg_ha,GLM_Gaussian,248.8,241.13376890344517
Urea_kg_ha,GLM_Gaussian,218,233.3620065445141
Urea_kg_ha,GLM_Gaussian,230.7,232.2916813996052
Urea_kg_ha,GLM_Gaussian,231.9,219.77310938274303
Urea_kg_ha,GLM_Gaussian,289.9,279.79881347164053
Urea_kg_ha,GLM_Gaussian,289.8,287.602094418376
Urea_kg_ha,GLM_Gaussian,245.4,248.1631018640545
Urea_kg_ha,GLM_Gaussian,283.4,269.63349658574197
Urea_kg_ha,GLM_Gaussian,261,265.2121098190265
Urea_kg_ha,GLM_Gaussian,267.1,268.62297734570825
Urea_kg_ha,GLM_Gaussian,245.7,241.92160781242424
Urea_kg_ha,GLM_Gaussian,256.3,256.4204337418688
Urea_kg_ha,GLM_Gaussian,263.5,246.34839151266488
Urea_kg_ha,GLM_Gaussian,291.7,292.67545950922477
Urea_kg_ha,GLM_Gaussian,202.6,230.4520395076915
Urea_kg_ha,GLM_Gaussian,229.4,219.02880565259667
Urea_kg_ha,GLM_Gaussian,298,281.770974488841
Urea_kg_ha,GLM_Gaussian,280.2,292.9023427338399
Urea_kg_ha,GLM_Gaussian,251.4,242.46740845093058
Urea_kg_ha,GLM_Gaussian,270.2,273.4822151038175
Urea_kg_ha,GLM_Gaussian,242.9,245.94643216120787
Urea_kg_ha,GLM_Gaussian,273.9,257.6796183261697
Urea_kg_ha,GLM_Gaussian,301.6,274.54887431717765
Urea_kg_ha,GLM_Gaussian,284,285.1652913096041
Urea_kg_ha,GLM_Gaussian,275.1,244.1046496038264
Urea_kg_ha,GLM_Gaussian,272.8,293.76524711618356
Urea_kg_ha,GLM_Gaussian,279.9,249.22632978453424
Urea_kg_ha,GLM_Gaussian,245.2,237.1974134021439
Urea_kg_ha,GLM_Gaussian,290.5,289.19397176001496
Urea_kg_ha,GLM_Gaussian,275.2,277.4444893468244
Urea_kg_ha,GLM_Gaussian,279.4,285.05656058211474
Urea_kg_ha,GLM_Gaussian,251.1,245.07826398410913
Urea_kg_ha,GLM_Gaussian,285.7,293.5368922986878
Urea_kg_ha,GLM_Gaussian,278.6,269.16124970933606
Urea_kg_ha,GLM_Gaussian,211,237.18798883434127
Urea_kg_ha,GLM_Gaussian,204.4,209.18500245670867
Urea_kg_ha,GLM_Gaussian,211.2,231.64344481868147
Urea_kg_ha,GLM_Gaussian,221.9,214.32855566528204
Urea_kg_ha,GLM_Gaussian,262.3,260.0199546813312
Urea_kg_ha,GLM_Gaussian,233.7,236.2648151410253
Urea_kg_ha,GLM_Gaussian,214.3,230.87346642213208
Urea_kg_ha,GLM_Gaussian,281.7,296.200618542106
Urea_kg_ha,GLM_Gaussian,256.3,261.8731152534239
Urea_kg_ha,GLM_Gaussian,202.3,237.28051467197594
Urea_kg_ha,GLM_Gaussian,229.2,237.41487532648873
Urea_kg_ha,GLM_Gaussian,203.6,215.51607076964123
Urea_kg_ha,GLM_Gaussian,266.2,278.9411234616195
Urea_kg_ha,GLM_Gaussian,227.9,240.9616801148387
Urea_kg_ha,GLM_Gaussian,294.8,275.3850435667734
Urea_kg_ha,GLM_Gaussian,277.1,287.3680061557335
Urea_kg_ha,GLM_Gaussian,265,295.8528176195969
Urea_kg_ha,GLM_Gaussian,250.1,264.6335526581422
Urea_kg_ha,GLM_Gaussian,294.4,282.6580902732323
Urea_kg_ha,GLM_Gaussian,214.4,229.54125846700435
Urea_kg_ha,GLM_Gaussian,207.2,212.15862735374546
Urea_kg_ha,GLM_Gaussian,292,271.7076579927861
Urea_kg_ha,GLM_Gaussian,268.9,257.12523562817887
Urea_kg_ha,GLM_Gaussian,269.7,240.62078527836223
Urea_kg_ha,GLM_Gaussian,267.5,263.13953403635685
Urea_kg_ha,GLM_Gaussian,268.9,287.11042106448843
Urea_kg_ha,GLM_Gaussian,270.4,294.13589654997924
Urea_kg_ha,GLM_Gaussian,230.5,233.53546636272466
Urea_kg_ha,GLM_Gaussian,232.8,212.8036603957759
Urea_kg_ha,GLM_Gaussian,215.5,212.04303929348436
Urea_kg_ha,GLM_Gaussian,269.9,295.7920531737118
Urea_kg_ha,GLM_Gaussian,273.1,263.3291089883613
Urea_kg_ha,GLM_Gaussian,263,286.4928711142913
Urea_kg_ha,GLM_Gaussian,294.4,290.9487590497056
Urea_kg_ha,GLM_Gaussian,282.6,283.6881996146378
Urea_kg_ha,GLM_Gaussian,275.4,254.41380467921326
Urea_kg_ha,GLM_Gaussian,229.9,227.7141587055944
Urea_kg_ha,GLM_Gaussian,283.3,292.87039159131024
Urea_kg_ha,GLM_Gaussian,293.2,276.4964905039608
Urea_kg_ha,GLM_Gaussian,302.3,288.1401214809133
Urea_kg_ha,GLM_Gaussian,262.1,239.4284304083133
Urea_kg_ha,GLM_Gaussian,211.3,212.6131473807448
Urea_kg_ha,GLM_Gaussian,255.7,258.72043799842277
Urea_kg_ha,GLM_Gaussian,267.3,291.1870458268551
Urea_kg_ha,GLM_Gaussian,265.5,273.29463799472427
Urea_kg_ha,GLM_Gaussian,230.9,219.842549743432
Urea_kg_ha,GLM_Gaussian,222.8,233.88158491867446
Urea_kg_ha,GLM_Gaussian,206.4,217.8865896979227
Urea_kg_ha,GLM_Gaussian,253.1,260.8067016550517
Urea_kg_ha,GLM_Gaussian,244.8,239.33789351291315
Urea_kg_ha,GLM_Gaussian,224.4,217.82900868473192
Urea_kg_ha,GLM_Gaussian,267.1,265.59034324085
Urea_kg_ha,GLM_Gaussian,254.4,265.2877828878904
Urea_kg_ha,GLM_Gaussian,275.9,268.53546740872076
Urea_kg_ha,GLM_Gaussian,283.4,294.7692786199656
Urea_kg_ha,GLM_Gaussian,278.3,248.4408797074279
Urea_kg_ha,GLM_Gaussian,215.1,237.21380372532317
Urea_kg_ha,GLM_Gaussian,241.4,253.20212585446149
Urea_kg_ha,GLM_Gaussian,272.6,287.36917414989443
Urea_kg_ha,GLM_Gaussian,202.3,238.59013776226388
Urea_kg_ha,GLM_Gaussian,274.8,275.4420757190617
Urea_kg_ha,GLM_Gaussian,245.8,267.42802642712905
Urea_kg_ha,GLM_Gaussian,272.3,292.5375371959176
Urea_kg_ha,GLM_Gaussian,204.2,209.60450543968844
Urea_kg_ha,GLM_Gaussian,298.2,276.11643195737855
Urea_kg_ha,GLM_Gaussian,244,262.07477401857085
Urea_kg_ha,GLM_Gaussian,273.5,242.66318227335174
Urea_kg_ha,GLM_Gaussian,268.6,266.6584385374429
Urea_kg_ha,GLM_Gaussian,294.9,288.2346603090519
Urea_kg_ha,GLM_Gaussian,261.8,273.9484040047253
Urea_kg_ha,GLM_Gaussian,288,276.87502459372996
Urea_kg_ha,GLM_Gaussian,212.4,224.24567342205867
Urea_kg_ha,GLM_Gaussian,276.6,286.7257202981319
Urea_kg_ha,GLM_Gaussian,277.8,279.47000512968225
Urea_kg_ha,GLM_Gaussian,202.9,227.27724516189406
Urea_kg_ha,GLM_Gaussian,216,215.49057415544942
Urea_kg_ha,GLM_Gaussian,299,271.313663121433
Urea_kg_ha,GLM_Gaussian,217.1,234.80886576239055
Urea_kg_ha,GLM_Gaussian,256.8,246.440486870113
Urea_kg_ha,GLM_Gaussian,271.8,276.60462972806664
Urea_kg_ha,GLM_Gaussian,223.3,227.72506352820898
Urea_kg_ha,GLM_Gaussian,214.5,225.31787230805344
Urea_kg_ha,GLM_Gaussian,244.4,253.2110420111944
Urea_kg_ha,GLM_Gaussian,212.1,224.17404488281744
Urea_kg_ha,GLM_Gaussian,264.2,260.74379138779443
Urea_kg_ha,GLM_Gaussian,212.8,212.65029261281666
Urea_kg_ha,GLM_Gaussian,299.6,280.92366788341667
Urea_kg_ha,GLM_Gaussian,269.9,242.34518414152123
Urea_kg_ha,GLM_Gaussian,283.3,280.00914944052596
Urea_kg_ha,GLM_Gaussian,291.5,279.9077039762478
Urea_kg_ha,GLM_Gaussian,270.7,288.3430804667339
Urea_kg_ha,GLM_Gaussian,215.4,229.6409218601146
Urea_kg_ha,GLM_Gaussian,226.9,213.59903326732763
Urea_kg_ha,GLM_Gaussian,208.5,238.42008836120962
Urea_kg_ha,GLM_Gaussian,204.5,232.24278357845537
Urea_kg_ha,GLM_Gaussian,269.5,244.44405279126357
Urea_kg_ha,GLM_Gaussian,202.4,237.0826789717179
Urea_kg_ha,GLM_Gaussian,297,278.15415894145036
Urea_kg_ha,GLM_Gaussian,221.9,223.1094184699209
Urea_kg_ha,GLM_Gaussian,217.3,236.56278332358053
Urea_kg_ha,GLM_Gaussian,261.9,256.4654755062644
Urea_kg_ha,GLM_Gaussian,222,228.2644611878765
Urea_kg_ha,GLM_Gaussian,271.8,275.9312839810657
Urea_kg_ha,GLM_Gaussian,279.4,246.03476050850765
Urea_kg_ha,GLM_Gaussian,291.4,282.11993152235505
Urea_kg_ha,GLM_Gaussian,246.8,268.0383630119465
Urea_kg_ha,GLM_Gaussian,275.5,285.4874602437488
Urea_kg_ha,GLM_Gaussian,285.6,272.6352431037681
Urea_kg_ha,GLM_Gaussian,292.5,284.1657061351209
Urea_kg_ha,GLM_Gaussian,209.2,221.1270791706013
Urea_kg_ha,GLM_Gaussian,277.1,269.509955237867
Urea_kg_ha,GLM_Gaussian,216.9,235.5161452847128
Urea_kg_ha,GLM_Gaussian,208.1,211.36511374351397
Urea_kg_ha,GLM_Gaussian,301.7,273.09281504931363
Urea_kg_ha,GLM_Gaussian,264.2,242.24652013892913
Urea_kg_ha,GLM_Gaussian,273.3,253.2289625324709
Urea_kg_ha,GLM_Gaussian,269.9,247.41382037725884
Urea_kg_ha,GLM_Gaussian,267,260.27109687560363
Urea_kg_ha,GLM_Gaussian,229.4,211.51702629525352
Urea_kg_ha,GLM_Gaussian,265.1,242.01070479478997
Urea_kg_ha,GLM_Gaussian,257.1,249.8436103581542
Urea_kg_ha,GLM_Gaussian,231.6,215.37103387546983
Urea_kg_ha,GLM_Gaussian,273.7,288.67551876125054
Urea_kg_ha,GLM_Gaussian,203,225.6004848343964
Urea_kg_ha,GLM_Gaussian,206.2,226.89335478967632
Urea_kg_ha,GLM_Gaussian,282.9,276.9573828924688
Urea_kg_ha,GLM_Gaussian,285.3,284.1109686888841
Urea_kg_ha,GLM_Gaussian,229.5,210.94094937826893
Urea_kg_ha,GLM_Gaussian,207.4,224.90425658291272
Urea_kg_ha,GLM_Gaussian,264.4,253.57639800667297
Urea_kg_ha,GLM_Gaussian,224.3,224.9591945122505
Urea_kg_ha,GLM_Gaussian,257.5,260.64710184388036
Urea_kg_ha,GLM_Gaussian,272.4,258.6876204827642
Urea_kg_ha,GLM_Gaussian,204.6,216.20904760519684
Urea_kg_ha,GLM_Gaussian,242,246.94066466989617
Urea_kg_ha,GLM_Gaussian,264.4,291.90994796957307
Urea_kg_ha,GLM_Gaussian,226.2,226.35566679720606
Urea_kg_ha,GLM_Gaussian,287.6,290.869089903513
Urea_kg_ha,GLM_Gaussian,269.1,263.6953206995277
Urea_kg_ha,GLM_Gaussian,257.7,267.90758885432706
Urea_kg_ha,GLM_Gaussian,265,257.68458340184935
Urea_kg_ha,GLM_Gaussian,274.1,282.26833641968864
Urea_kg_ha,GLM_Gaussian,217.2,235.30648973599025
Urea_kg_ha,GLM_Gaussian,268.6,265.04514025312506
Urea_kg_ha,GLM_Gaussian,279.7,291.53628684844824
Urea_kg_ha,GLM_Gaussian,259.4,266.5317404399038
Urea_kg_ha,GLM_Gaussian,249.1,266.0059691121203
Urea_kg_ha,GLM_Gaussian,220,209.47499271542884
Urea_kg_ha,GLM_Gaussian,274.7,267.92021924358994
Urea_kg_ha,GLM_Gaussian,220.3,229.12651511022204
Urea_kg_ha,GLM_Gaussian,264.2,243.51422164074
Urea_kg_ha,GLM_Gaussian,270.3,295.0200836668716
Urea_kg_ha,GLM_Gaussian,263.4,287.0424480713555
Urea_kg_ha,GLM_Gaussian,247.2,269.00254657245927
Urea_kg_ha,GLM_Gaussian,261.9,281.4958304592206
Urea_kg_ha,GLM_Gaussian,251,264.8287822049234
Urea_kg_ha,GLM_Gaussian,258.9,248.10383930380962
Urea_kg_ha,GLM_Gaussian,248.4,260.30150930419194
Urea_kg_ha,GLM_Gaussian,204.8,225.74784374522088
Urea_kg_ha,GLM_Gaussian,268.7,287.2341249102767
Urea_kg_ha,GLM_Gaussian,298.4,274.91275832874413
Urea_kg_ha,GLM_Gaussian,301.9,275.873361303153
Urea_kg_ha,GLM_Gaussian,206.2,219.4333393558474
Urea_kg_ha,GLM_Gaussian,215.6,212.09852108656594
Urea_kg_ha,GLM_Gaussian,220.2,226.57110583946732
Urea_kg_ha,GLM_Gaussian,272.8,257.1492878440693
Urea_kg_ha,GLM_Gaussian,222.6,212.69979433345253
Urea_kg_ha,GLM_Gaussian,283.2,291.1636404576789
Urea_kg_ha,GLM_Gaussian,203.3,218.2387853884326
Urea_kg_ha,GLM_Gaussian,230.4,216.26371753726409
Urea_kg_ha,GLM_Gaussian,280.4,282.8846690115918
Urea_kg_ha,GLM_Gaussian,248.1,261.76971145446345
Urea_kg_ha,GLM_Gaussian,281.1,294.83626409606364
Urea_kg_ha,GLM_Gaussian,284.4,291.16950641584
Urea_kg_ha,GLM_Gaussian,212.4,240.14228000095093
Urea_kg_ha,GLM_Gaussian,229.2,219.94831129991468
Urea_kg_ha,GLM_Gaussian,229.7,216.14384326738448
Urea_kg_ha,GLM_Gaussian,300,291.6887138731753
Urea_kg_ha,GLM_Gaussian,241.9,251.85952930044687
Urea_kg_ha,GLM_Gaussian,233.6,238.65745211451912
Urea_kg_ha,GLM_Gaussian,252.1,251.33563720236938
Urea_kg_ha,GLM_Gaussian,280.1,297.0480620721697
Urea_kg_ha,GLM_Gaussian,269.8,291.4675693649844
Urea_kg_ha,GLM_Gaussian,229.8,218.0415864532225
Urea_kg_ha,GLM_Gaussian,263.2,244.83622495171204
Urea_kg_ha,GLM_Gaussian,282.5,285.56225236442356
Urea_kg_ha,GLM_Gaussian,275.2,288.35214025076925
Urea_kg_ha,GLM_Gaussian,269.4,284.0213331684412
Urea_kg_ha,GLM_Gaussian,215.1,229.83862167042219
Urea_kg_ha,GLM_Gaussian,283.4,278.0686158916547
Urea_kg_ha,GLM_Gaussian,250.6,245.734074501782
Urea_kg_ha,GLM_Gaussian,244,243.07428237726054
Urea_kg_ha,GLM_Gaussian,272.9,254.24614742957453
Urea_kg_ha,GLM_Gaussian,299.1,284.42895967402217
Urea_kg_ha,GLM_Gaussian,270.7,285.8053038167085
Urea_kg_ha,GLM_Gaussian,292.1,280.3138433068549
Urea_kg_ha,GLM_Gaussian,213.8,238.39752122904133
Urea_kg_ha,GLM_Gaussian,220.4,221.77726024464008
Urea_kg_ha,GLM_Gaussian,202.9,212.79941368179047
Urea_kg_ha,GLM_Gaussian,267.7,297.35504939896856
Urea_kg_ha,GLM_Gaussian,242.1,259.33748614666956
Urea_kg_ha,GLM_Gaussian,226.9,218.44975387697934
Urea_kg_ha,GLM_Gaussian,251.3,247.23327156904386
Urea_kg_ha,GLM_Gaussian,263.9,281.26263387140335
Urea_kg_ha,GLM_Gaussian,297.1,286.6023593060126
Urea_kg_ha,GLM_Gaussian,249.3,242.6527962896959
Urea_kg_ha,GLM_Gaussian,257.1,240.61926542771425
Urea_kg_ha,GLM_Gaussian,286.3,295.94696165027733
Urea_kg_ha,GLM_Gaussian,263.9,260.5492712597952
Urea_kg_ha,GLM_Gaussian,275.9,295.57904222213693
Urea_kg_ha,GLM_Gaussian,275.4,280.4710079855348
Urea_kg_ha,GLM_Gaussian,217.5,217.7263952952481
Urea_kg_ha,GLM_Gaussian,231.1,223.79169046575794
Urea_kg_ha,GLM_Gaussian,273.3,264.1974418803653
Urea_kg_ha,GLM_Gaussian,222.3,223.77796120801727
Urea_kg_ha,GLM_Gaussian,246.6,247.86945674045796
Urea_kg_ha,GLM_Gaussian,268.3,244.50456198808342
Urea_kg_ha,GLM_Gaussian,211.2,226.18482894541847
Urea_kg_ha,GLM_Gaussian,279.7,243.51641141050854
Urea_kg_ha,GLM_Gaussian,270.9,241.03369963195073
Urea_kg_ha,GLM_Gaussian,270.5,283.39215969407917
Urea_kg_ha,GLM_Gaussian,281.9,294.02251737014393
Urea_kg_ha,GLM_Gaussian,228.1,236.0262150911571
Urea_kg_ha,GLM_Gaussian,211.3,216.53744313769147
Urea_kg_ha,GLM_Gaussian,259.4,251.54089321569978
Urea_kg_ha,GLM_Gaussian,294.5,292.0148508458329
Urea_kg_ha,GLM_Gaussian,296.3,292.91303705605003
Urea_kg_ha,GLM_Gaussian,209.7,212.36981372429466
Urea_kg_ha,GLM_Gaussian,219.3,228.33567655768462
Urea_kg_ha,GLM_Gaussian,264.2,295.4685149365371
Urea_kg_ha,GLM_Gaussian,284.9,276.1833199342685
Urea_kg_ha,GLM_Gaussian,266.5,251.33955667214943
Urea_kg_ha,GLM_Gaussian,254.7,258.9594263155926
Urea_kg_ha,GLM_Gaussian,252.9,255.57641673973646
Urea_kg_ha,GLM_Gaussian,274.2,270.43777347490965
Urea_kg_ha,GLM_Gaussian,213.1,219.63762009240952
Urea_kg_ha,GLM_Gaussian,260.3,247.51974828343285
Urea_kg_ha,GLM_Gaussian,249.2,260.5795404874315
Urea_kg_ha,GLM_Gaussian,217.6,211.60217460705076
Urea_kg_ha,GLM_Gaussian,283.3,268.850838244255
Urea_kg_ha,GLM_Gaussian,205.6,214.22903145020763
Urea_kg_ha,GLM_Gaussian,279.7,244.09545650764716
Urea_kg_ha,GLM_Gaussian,287.4,284.3627810238661
Urea_kg_ha,GLM_Gaussian,210.5,239.04328688528508
Urea_kg_ha,GLM_Gaussian,244.7,238.1848240268701
Urea_kg_ha,GLM_Gaussian,259.4,265.8248922818413
Urea_kg_ha,GLM_Gaussian,279.9,262.7731534052465
Urea_kg_ha,GLM_Gaussian,259.6,241.81996019020633
Urea_kg_ha,GLM_Gaussian,224.2,221.73769904127738
Urea_kg_ha,GLM_Gaussian,261.7,267.0512454626404
Urea_kg_ha,GLM_Gaussian,275.1,297.459036549683
Urea_kg_ha,GLM_Gaussian,302.2,281.5641604577042
Urea_kg_ha,GLM_Gaussian,276.5,285.4698195821164
Urea_kg_ha,GLM_Gaussian,288.4,276.05419766803755
Urea_kg_ha,GLM_Gaussian,272.9,289.2207907878819
Urea_kg_ha,GLM_Gaussian,251.9,262.2419220424738
Urea_kg_ha,GLM_Gaussian,210,237.36510324179037
Urea_kg_ha,GLM_Gaussian,245.8,248.10397271490774
Urea_kg_ha,GLM_Gaussian,269.8,246.18700930187745
Urea_kg_ha,GLM_Gaussian,285.6,272.6526741838788
Urea_kg_ha,GLM_Gaussian,220.6,211.1591102610356
Urea_kg_ha,GLM_Gaussian,277.8,265.7773191196949
Urea_kg_ha,GLM_Gaussian,257.1,247.83568193842584
Urea_kg_ha,GLM_Gaussian,262.4,286.8523242283653
Urea_kg_ha,GLM_Gaussian,205.3,219.97339323827367
Urea_kg_ha,GLM_Gaussian,218.4,218.56782915666196
Urea_kg_ha,GLM_Gaussian,230.9,213.5281379169835
Urea_kg_ha,GLM_Gaussian,211.1,236.94901211982543
Urea_kg_ha,GLM_Gaussian,288.3,279.28351015341343
Urea_kg_ha,GLM_Gaussian,263.3,281.4296505511395
Urea_kg_ha,GLM_Gaussian,252.6,263.3263580207285
Urea_kg_ha,GLM_Gaussian,283.5,281.387768525711
Urea_kg_ha,GLM_Gaussian,210.6,218.08442445596177
Urea_kg_ha,GLM_Gaussian,270,241.01526416855242
Urea_kg_ha,GLM_Gaussian,284.2,273.3894497701855
Urea_kg_ha,GLM_Gaussian,230.5,234.66272540573036
Urea_kg_ha,GLM_Gaussian,272.7,250.95784370810665
Urea_kg_ha,GLM_Gaussian,217.6,219.61877717442357
Urea_kg_ha,GLM_Gaussian,268.6,246.59245479094855
Urea_kg_ha,GLM_Gaussian,271.3,247.55197460656058
Urea_kg_ha,GLM_Gaussian,266.1,268.1566955634335
Urea_kg_ha,GLM_Gaussian,254.9,239.6355725038074
Urea_kg_ha,GLM_Gaussian,296.8,273.1780711177343
Urea_kg_ha,GLM_Gaussian,264.6,271.2247108949665
Urea_kg_ha,GLM_Gaussian,253,263.1718813088706
Urea_kg_ha,GLM_Gaussian,218.5,222.62676432433926
Urea_kg_ha,GLM_Gaussian,241.6,266.82348203582575
Urea_kg_ha,GLM_Gaussian,250.4,259.5236787929818
Urea_kg_ha,GLM_Gaussian,257.1,248.62668585483829
Urea_kg_ha,GLM_Gaussian,248,264.1183559760526
Urea_kg_ha,GLM_Gaussian,254,245.3907374409036
Urea_kg_ha,GLM_Gaussian,297.8,281.3204612592231
Urea_kg_ha,GLM_Gaussian,299.9,295.79187501374645
Urea_kg_ha,GLM_Gaussian,255.4,259.33245920179263
Urea_kg_ha,GLM_Gaussian,217.2,226.89709870767885
Urea_kg_ha,GLM_Gaussian,208.1,221.09612370209857
Urea_kg_ha,GLM_Gaussian,244.8,257.62104303742757
Urea_kg_ha,GLM_Gaussian,221,214.21954470797422
Urea_kg_ha,GLM_Gaussian,278.1,263.6105854984395
Urea_kg_ha,GLM_Gaussian,280,263.3607393209472
Urea_kg_ha,GLM_Gaussian,225,225.67592498322273
Urea_kg_ha,GLM_Gaussian,245.5,266.14749540623535
Urea_kg_ha,GLM_Gaussian,268.6,245.03238744722827
Urea_kg_ha,GLM_Gaussian,220.2,225.34926691868353
Urea_kg_ha,GLM_Gaussian,245.3,255.64093224013044
Urea_kg_ha,GLM_Gaussian,252.1,266.97731594605557
Urea_kg_ha,GLM_Gaussian,278.3,271.75158125205786
Urea_kg_ha,GLM_Gaussian,217.2,236.08934944665856
Urea_kg_ha,GLM_Gaussian,207.8,215.7035069812011
Urea_kg_ha,GLM_Gaussian,271.8,285.90791789969336
Urea_kg_ha,GLM_Gaussian,290.6,267.9137416031455
Urea_kg_ha,GLM_Gaussian,231.7,224.8010685012897
Urea_kg_ha,GLM_Gaussian,207.3,215.95153031671785
Urea_kg_ha,GLM_Gaussian,264.4,293.3777265779211
Urea_kg_ha,GLM_Gaussian,270.4,261.69134652480375
Urea_kg_ha,GLM_Gaussian,298.4,289.0291166248766
Urea_kg_ha,GLM_Gaussian,210.4,221.29414529238028
Urea_kg_ha,GLM_Gaussian,226.6,209.46839525597284
Urea_kg_ha,GLM_Gaussian,208.4,221.19509268616667
Urea_kg_ha,GLM_Gaussian,288.6,271.1562962747403
Urea_kg_ha,GLM_Gaussian,272.5,278.6763244938126
Urea_kg_ha,GLM_Gaussian,270.5,259.0315498656652
Urea_kg_ha,GLM_Gaussian,272,246.02616438232477
Urea_kg_ha,GLM_Gaussian,242.3,248.29561066200438
Urea_kg_ha,GLM_Gaussian,210.4,221.5989315502154
Urea_kg_ha,GLM_Gaussian,296.8,286.8777503043685
Urea_kg_ha,GLM_Gaussian,284.8,270.2490710505709
Urea_kg_ha,GLM_Gaussian,208.1,209.04235035465456
Urea_kg_ha,GLM_Gaussian,224.5,228.9358186141496
Urea_kg_ha,GLM_Gaussian,227.9,227.0239777621196
Urea_kg_ha,GLM_Gaussian,246.3,257.52191627388737
Urea_kg_ha,GLM_Gaussian,270.6,261.49715354223645
Urea_kg_ha,GLM_Gaussian,254.8,246.94268180524296
Urea_kg_ha,GLM_Gaussian,270.8,297.43497657737277
Urea_kg_ha,GLM_Gaussian,209.9,223.621541198732
Urea_kg_ha,GLM_Gaussian,271.7,295.20491861177015
Urea_kg_ha,GLM_Gaussian,303.4,279.36508699594845
Urea_kg_ha,GLM_Gaussian,269.8,290.30808846224824
Urea_kg_ha,GLM_Gaussian,303.6,285.7222876008691
Urea_kg_ha,GLM_Gaussian,257,253.94141911386262
Urea_kg_ha,GLM_Gaussian,287.9,269.8541190387381
Urea_kg_ha,GLM_Gaussian,233.3,217.19313299823878
Urea_kg_ha,GLM_Gaussian,302,284.02972395818955
Urea_kg_ha,GLM_Gaussian,214.4,224.89169213531224
Urea_kg_ha,GLM_Gaussian,241.9,259.4293588566514
Urea_kg_ha,GLM_Gaussian,227.5,233.44056757265463
Urea_kg_ha,GLM_Gaussian,213.1,223.65117917817267
Urea_kg_ha,GLM_Gaussian,264.7,293.11039509337536
Urea_kg_ha,GLM_Gaussian,219.2,232.97664469303078
Urea_kg_ha,GLM_Gaussian,285.4,281.3779982614893
Urea_kg_ha,GLM_Gaussian,231.6,230.5838619434376
Urea_kg_ha,GLM_Gaussian,243.5,241.3275264307318
Urea_kg_ha,GLM_Gaussian,290,276.9442191288187
Urea_kg_ha,GLM_Gaussian,252.9,262.5305872978074
Urea_kg_ha,GLM_Gaussian,228.2,233.20870609760473
Urea_kg_ha,GLM_Gaussian,211.8,228.03141064354983
Urea_kg_ha,GLM_Gaussian,271,275.03056936310134
Urea_kg_ha,GLM_Gaussian,241.5,255.23266022105952
Urea_kg_ha,GLM_Gaussian,254.3,241.7195154463006
Urea_kg_ha,GLM_Gaussian,209.3,213.4454281177711
Urea_kg_ha,GLM_Gaussian,206.5,218.7291848745538
Urea_kg_ha,GLM_Gaussian,293.5,292.06321422070226
Urea_kg_ha,GLM_Gaussian,242.6,253.4840595559305
Urea_kg_ha,GLM_Gaussian,227.8,230.66395545796283
TSP_kg_ha,MLR,45,66.15204980468381
TSP_kg_ha,MLR,87,107.19860432355183
TSP_kg_ha,MLR,80.8,82.13733787504766
TSP_kg_ha,MLR,123.6,136.0836054375229
TSP_kg_ha,MLR,139.9,133.78179141235844
TSP_kg_ha,MLR,91,97.94637192373716
TSP_kg_ha,MLR,135.8,122.8839331408315
TSP_kg_ha,MLR,133.9,110.17158505151093
TSP_kg_ha,MLR,138.1,109.91053800849183
TSP_kg_ha,MLR,93.3,99.70537076653925
TSP_kg_ha,MLR,126,128.9291590790318
TSP_kg_ha,MLR,83.1,97.54469289655336
TSP_kg_ha,MLR,131.5,117.75149767203904
TSP_kg_ha,MLR,45.8,39.76848081462207
TSP_kg_ha,MLR,85.5,101.64979198057426
TSP_kg_ha,MLR,89.9,84.35454175921099
TSP_kg_ha,MLR,136.7,127.30453479627329
TSP_kg_ha,MLR,140.1,108.2248231727114
TSP_kg_ha,MLR,129.6,143.3167730608886
TSP_kg_ha,MLR,128.4,110.53605887966523
TSP_kg_ha,MLR,135.9,109.0392540061672
TSP_kg_ha,MLR,130.8,121.03266390134579
TSP_kg_ha,MLR,125.2,114.87180516108683
TSP_kg_ha,MLR,123.4,134.10534439316322
TSP_kg_ha,MLR,125.1,118.91349115403922
TSP_kg_ha,MLR,135.5,127.23152619453684
TSP_kg_ha,MLR,122.9,119.37149316694365
TSP_kg_ha,MLR,125.7,129.87088579299558
TSP_kg_ha,MLR,88.1,99.2773415868738
TSP_kg_ha,MLR,41.6,44.1306634130614
TSP_kg_ha,MLR,129.9,137.78300420178888
TSP_kg_ha,MLR,88.1,94.71623254607717
TSP_kg_ha,MLR,89.4,74.47320099382063
TSP_kg_ha,MLR,89.2,100.01611602197211
TSP_kg_ha,MLR,85.7,93.51806767954514
TSP_kg_ha,MLR,92.5,95.82647878650303
TSP_kg_ha,MLR,91.3,88.69405097780428
TSP_kg_ha,MLR,81.9,91.05998249785648
TSP_kg_ha,MLR,122.7,124.56138092921505
TSP_kg_ha,MLR,130.8,112.25904146447506
TSP_kg_ha,MLR,91.5,105.39650189677947
TSP_kg_ha,MLR,136.7,133.45513653139142
TSP_kg_ha,MLR,41.1,64.53705818031783
TSP_kg_ha,MLR,138.4,109.74956256264896
TSP_kg_ha,MLR,93.2,81.47255510407209
TSP_kg_ha,MLR,86.7,80.18763786105262
TSP_kg_ha,MLR,125,121.80528479237125
TSP_kg_ha,MLR,85.9,84.38249173874333
TSP_kg_ha,MLR,137.7,115.13646110607691
TSP_kg_ha,MLR,123.4,142.88317418288105
TSP_kg_ha,MLR,134.4,137.10361441871305
TSP_kg_ha,MLR,129.1,132.4818231005791
TSP_kg_ha,MLR,42.7,57.27551394145794
TSP_kg_ha,MLR,137.8,112.88092506495202
TSP_kg_ha,MLR,128.1,133.34458055216226
TSP_kg_ha,MLR,130.7,136.75360960027086
TSP_kg_ha,MLR,91.1,105.02241227471558
TSP_kg_ha,MLR,123.2,134.41457136146713
TSP_kg_ha,MLR,131.2,122.8658510622291
TSP_kg_ha,MLR,139.7,134.67945208495513
TSP_kg_ha,MLR,84,96.73073033003763
TSP_kg_ha,MLR,134.3,129.91976250450742
TSP_kg_ha,MLR,129.4,116.0680133021612
TSP_kg_ha,MLR,132.4,135.11183516771155
TSP_kg_ha,MLR,127,117.44142281634714
TSP_kg_ha,MLR,123.6,120.33377439087089
TSP_kg_ha,MLR,81.6,96.2374614390446
TSP_kg_ha,MLR,91.4,103.73038366504663
TSP_kg_ha,MLR,88.5,79.40666182234817
TSP_kg_ha,MLR,88.2,96.52902637113299
TSP_kg_ha,MLR,121.3,127.46405819123378
TSP_kg_ha,MLR,129.1,121.8971556919661
TSP_kg_ha,MLR,131.5,121.71242042440798
TSP_kg_ha,MLR,133.3,120.25692120645226
TSP_kg_ha,MLR,130.3,117.10751651293842
TSP_kg_ha,MLR,90.5,106.67795169310277
TSP_kg_ha,MLR,85.8,96.79083211492653
TSP_kg_ha,MLR,123.7,109.48628357353411
TSP_kg_ha,MLR,88,84.29972639611566
TSP_kg_ha,MLR,92.3,104.56405169044702
TSP_kg_ha,MLR,122.1,109.50498262651648
TSP_kg_ha,MLR,92.2,95.18357869389396
TSP_kg_ha,MLR,82.3,93.12867889457597
TSP_kg_ha,MLR,132.5,137.6412085006267
TSP_kg_ha,MLR,40.8,66.18271706779058
TSP_kg_ha,MLR,86.7,107.47572859024793
TSP_kg_ha,MLR,91.8,87.47107902942479
TSP_kg_ha,MLR,128.2,110.08087230692504
TSP_kg_ha,MLR,82.7,101.54214163196637
TSP_kg_ha,MLR,124.9,108.04616775712456
TSP_kg_ha,MLR,139.4,122.21870680883667
TSP_kg_ha,MLR,86.7,79.40128945419983
TSP_kg_ha,MLR,85.5,90.8130936915541
TSP_kg_ha,MLR,137.9,144.2964924374932
TSP_kg_ha,MLR,80.5,101.40708742540453
TSP_kg_ha,MLR,124.8,131.49132155868188
TSP_kg_ha,MLR,124.2,112.58853502225362
TSP_kg_ha,MLR,132.6,110.72806218808876
TSP_kg_ha,MLR,82.9,100.83662522664869
TSP_kg_ha,MLR,86.2,95.95386987075689
TSP_kg_ha,MLR,137.9,107.71507421058243
TSP_kg_ha,MLR,127.9,129.13566587187793
TSP_kg_ha,MLR,123.9,114.21612951862225
TSP_kg_ha,MLR,131.5,110.21405938614834
TSP_kg_ha,MLR,84.2,93.91945311872246
TSP_kg_ha,MLR,130.6,111.38485422938898
TSP_kg_ha,MLR,134.2,112.48357669622845
TSP_kg_ha,MLR,133,140.09014480228228
TSP_kg_ha,MLR,124.7,126.99841526597534
TSP_kg_ha,MLR,87.3,88.52509205204564
TSP_kg_ha,MLR,43.2,31.422766641489257
TSP_kg_ha,MLR,89,86.40626474066549
TSP_kg_ha,MLR,85.1,106.44702942910192
TSP_kg_ha,MLR,80.6,101.10384029663764
TSP_kg_ha,MLR,126.5,125.45239716401817
TSP_kg_ha,MLR,138.6,136.25607724627494
TSP_kg_ha,MLR,122.3,131.42092991999158
TSP_kg_ha,MLR,84.9,92.11491919979727
TSP_kg_ha,MLR,91.2,97.69412337258896
TSP_kg_ha,MLR,82.7,76.66909911626075
TSP_kg_ha,MLR,127.4,113.94524290501991
TSP_kg_ha,MLR,135.6,134.35078358141493
TSP_kg_ha,MLR,85.1,102.97593261847298
TSP_kg_ha,MLR,82,103.58882967666675
TSP_kg_ha,MLR,137.3,120.56723439728403
TSP_kg_ha,MLR,126.3,117.08919140497973
TSP_kg_ha,MLR,123.1,120.92723401414811
TSP_kg_ha,MLR,126.1,111.14792476311153
TSP_kg_ha,MLR,89.7,102.79090079424485
TSP_kg_ha,MLR,123.2,123.72994895275431
TSP_kg_ha,MLR,132.6,124.44622141433352
TSP_kg_ha,MLR,44.9,57.491074370586496
TSP_kg_ha,MLR,45.1,52.62589859054867
TSP_kg_ha,MLR,133.6,108.55019638498905
TSP_kg_ha,MLR,135.7,115.24588379224713
TSP_kg_ha,MLR,122.2,131.52379919888872
TSP_kg_ha,MLR,137.7,121.69542089291893
TSP_kg_ha,MLR,134.4,126.23680960686607
TSP_kg_ha,MLR,131.9,136.05718980236583
TSP_kg_ha,MLR,139,127.87457945801137
TSP_kg_ha,MLR,135,133.4060010000047
TSP_kg_ha,MLR,86.7,74.63701746575111
TSP_kg_ha,MLR,127.7,111.8855817928782
TSP_kg_ha,MLR,87.8,96.69129710996937
TSP_kg_ha,MLR,80.7,97.03582689481723
TSP_kg_ha,MLR,120.7,135.5910887690855
TSP_kg_ha,MLR,128.8,124.41463977480143
TSP_kg_ha,MLR,92.8,107.90306385074965
TSP_kg_ha,MLR,134.6,126.31674522307537
TSP_kg_ha,MLR,123.9,127.7182164199422
TSP_kg_ha,MLR,41.1,44.64803030547851
TSP_kg_ha,MLR,136.3,142.7154753727372
TSP_kg_ha,MLR,84,83.86231043553184
TSP_kg_ha,MLR,121.5,120.08246763147704
TSP_kg_ha,MLR,123.2,114.43541400969602
TSP_kg_ha,MLR,91.2,97.14804812920099
TSP_kg_ha,MLR,139.3,133.46374716312317
TSP_kg_ha,MLR,136.8,111.64166138780823
TSP_kg_ha,MLR,90,71.16988837309307
TSP_kg_ha,MLR,140,119.0216144053892
TSP_kg_ha,MLR,122.7,125.27516946723763
TSP_kg_ha,MLR,84.3,77.68414860363382
TSP_kg_ha,MLR,133.2,126.68387983357196
TSP_kg_ha,MLR,124.7,112.60744466975616
TSP_kg_ha,MLR,121.2,132.87505035109368
TSP_kg_ha,MLR,91.9,75.41322557196048
TSP_kg_ha,MLR,129.2,134.99090170463955
TSP_kg_ha,MLR,124.6,137.98614478906612
TSP_kg_ha,MLR,137.3,123.70675357196029
TSP_kg_ha,MLR,84.7,90.25859032254635
TSP_kg_ha,MLR,44.7,54.74851248302823
TSP_kg_ha,MLR,92.8,101.30948935794613
TSP_kg_ha,MLR,89.1,81.19729531083324
TSP_kg_ha,MLR,45.7,38.096414277324854
TSP_kg_ha,MLR,89.8,82.81529122090478
TSP_kg_ha,MLR,88.3,82.31014515241678
TSP_kg_ha,MLR,122.4,124.4050750299714
TSP_kg_ha,MLR,84.2,97.22087211729455
TSP_kg_ha,MLR,139,133.2324175960994
TSP_kg_ha,MLR,128.1,112.83383966567936
TSP_kg_ha,MLR,137,127.42542372731812
TSP_kg_ha,MLR,131,113.09739447105882
TSP_kg_ha,MLR,126,110.43818876461215
TSP_kg_ha,MLR,131.6,123.30278865364475
TSP_kg_ha,MLR,126.8,108.60059259243216
TSP_kg_ha,MLR,90,81.7959684828683
TSP_kg_ha,MLR,122.9,122.76627908603531
TSP_kg_ha,MLR,121.6,124.1804242783493
TSP_kg_ha,MLR,88,84.06338493953487
TSP_kg_ha,MLR,91.7,105.70046043774815
TSP_kg_ha,MLR,123.9,121.66600178170278
TSP_kg_ha,MLR,137.5,116.86396757594392
TSP_kg_ha,MLR,135.3,128.37002746688532
TSP_kg_ha,MLR,135.5,136.66071901621999
TSP_kg_ha,MLR,127.9,135.97252696531498
TSP_kg_ha,MLR,93.3,82.89432662229687
TSP_kg_ha,MLR,83.6,107.31136589319038
TSP_kg_ha,MLR,86.1,108.0704632062699
TSP_kg_ha,MLR,135.4,126.7105953730272
TSP_kg_ha,MLR,82.7,101.398689902744
TSP_kg_ha,MLR,135.6,138.73529873399684
TSP_kg_ha,MLR,131.3,112.48545866315385
TSP_kg_ha,MLR,92,104.69290500800831
TSP_kg_ha,MLR,88.1,93.86564057039301
TSP_kg_ha,MLR,130.5,112.58989416422293
TSP_kg_ha,MLR,122,130.4369561856865
TSP_kg_ha,MLR,85.9,102.9595088256975
TSP_kg_ha,MLR,126.6,122.99673060971726
TSP_kg_ha,MLR,136.6,123.76934005698611
TSP_kg_ha,MLR,136.9,124.16214582383854
TSP_kg_ha,MLR,85.7,98.39080240980418
TSP_kg_ha,MLR,81.2,106.20881005811947
TSP_kg_ha,MLR,46.8,54.77708704343267
TSP_kg_ha,MLR,42.4,33.67887196703306
TSP_kg_ha,MLR,89.4,103.4648504766957
TSP_kg_ha,MLR,131.5,140.4817347434877
TSP_kg_ha,MLR,93.2,107.86872177787245
TSP_kg_ha,MLR,89.7,92.33192133156689
TSP_kg_ha,MLR,91,92.82020471024308
TSP_kg_ha,MLR,87.1,72.60151595585295
TSP_kg_ha,MLR,89.3,107.33710256197186
TSP_kg_ha,MLR,132.5,134.74852510742642
TSP_kg_ha,MLR,91.8,84.31381017567448
TSP_kg_ha,MLR,120.7,126.90287176906526
TSP_kg_ha,MLR,122.3,137.3457138165775
TSP_kg_ha,MLR,85.9,95.30836918992233
TSP_kg_ha,MLR,138.2,142.15888098715615
TSP_kg_ha,MLR,126.4,111.48385667292477
TSP_kg_ha,MLR,91.4,91.23784553421523
TSP_kg_ha,MLR,136.4,139.41134990266178
TSP_kg_ha,MLR,85.4,82.69522750279717
TSP_kg_ha,MLR,136,136.1548753413743
TSP_kg_ha,MLR,127.5,140.7000033909363
TSP_kg_ha,MLR,121.4,109.57563095917156
TSP_kg_ha,MLR,122.9,127.38486458191397
TSP_kg_ha,MLR,130.1,133.6915478494555
TSP_kg_ha,MLR,84.9,81.64126777738485
TSP_kg_ha,MLR,136.6,140.0088382314446
TSP_kg_ha,MLR,127.6,116.8944301604837
TSP_kg_ha,MLR,90.7,105.151654919783
TSP_kg_ha,MLR,80.8,82.93308653969956
TSP_kg_ha,MLR,121.3,123.564203903861
TSP_kg_ha,MLR,125.3,126.21389439746784
TSP_kg_ha,MLR,130.4,134.0402483069072
TSP_kg_ha,MLR,133.4,131.64712872265406
TSP_kg_ha,MLR,123.5,110.99615973593856
TSP_kg_ha,MLR,93.5,93.39012319864726
TSP_kg_ha,MLR,128.6,126.56880843399962
TSP_kg_ha,MLR,135.2,134.71673284321727
TSP_kg_ha,MLR,82.1,100.83475119760996
TSP_kg_ha,MLR,80.5,105.94189885565049
TSP_kg_ha,MLR,121.5,141.44379522985082
TSP_kg_ha,MLR,90.1,95.78339541425962
TSP_kg_ha,MLR,91.4,99.95144743128157
TSP_kg_ha,MLR,86.1,86.4745354284125
TSP_kg_ha,MLR,125.6,133.612233399712
TSP_kg_ha,MLR,124.9,137.4428098330471
TSP_kg_ha,MLR,137.6,142.9709259220142
TSP_kg_ha,MLR,120.7,138.304829780368
TSP_kg_ha,MLR,86.6,90.25112732733282
TSP_kg_ha,MLR,129.9,137.208053479893
TSP_kg_ha,MLR,127.7,108.34327831247917
TSP_kg_ha,MLR,121.2,113.95568790609101
TSP_kg_ha,MLR,92.5,83.8787484473045
TSP_kg_ha,MLR,127.3,108.55970193749418
TSP_kg_ha,MLR,121.4,127.89053094728433
TSP_kg_ha,MLR,136.3,115.61776850106281
TSP_kg_ha,MLR,88.2,100.84942226846744
TSP_kg_ha,MLR,88.2,84.49787876327177
TSP_kg_ha,MLR,137.8,137.97216573334217
TSP_kg_ha,MLR,120.9,138.67119061837664
TSP_kg_ha,MLR,80.7,106.75416620965828
TSP_kg_ha,MLR,91,103.11218408512671
TSP_kg_ha,MLR,129,114.20077293571735
TSP_kg_ha,MLR,89.8,80.45326446180272
TSP_kg_ha,MLR,135.4,114.0853657471466
TSP_kg_ha,MLR,135.9,118.73971787833821
TSP_kg_ha,MLR,46.3,45.327465549047076
TSP_kg_ha,MLR,41.6,58.770477514215266
TSP_kg_ha,MLR,46.2,61.02896624058
TSP_kg_ha,MLR,125.4,128.77111805400835
TSP_kg_ha,MLR,86.6,93.77992757000575
TSP_kg_ha,MLR,87.9,87.08635452941041
TSP_kg_ha,MLR,82.9,83.37687017213452
TSP_kg_ha,MLR,45.4,56.040679504722064
TSP_kg_ha,MLR,136.8,120.76628565278534
TSP_kg_ha,MLR,125.9,108.05440209304062
TSP_kg_ha,MLR,92.4,90.2940841050699
TSP_kg_ha,MLR,93.1,96.81360684396832
TSP_kg_ha,MLR,137.2,112.09532290575451
TSP_kg_ha,MLR,81.8,103.3733232675985
TSP_kg_ha,MLR,132.8,122.09225845786871
TSP_kg_ha,MLR,123.7,113.41166661287187
TSP_kg_ha,MLR,92.4,94.57122831887594
TSP_kg_ha,MLR,40.3,50.36361257156894
TSP_kg_ha,MLR,92.8,86.30424031585609
TSP_kg_ha,MLR,91.9,93.46074188400958
TSP_kg_ha,MLR,84.6,88.20554799938205
TSP_kg_ha,MLR,90.6,101.58874225547027
TSP_kg_ha,MLR,81.4,87.3190183536728
TSP_kg_ha,MLR,137,132.39718234854942
TSP_kg_ha,MLR,93.2,97.84929943221535
TSP_kg_ha,MLR,84.5,77.32111926851589
TSP_kg_ha,MLR,87,82.19785367097141
TSP_kg_ha,MLR,135.4,120.5796193285104
TSP_kg_ha,MLR,87.6,86.3341606425726
TSP_kg_ha,MLR,124.7,124.22744023501946
TSP_kg_ha,MLR,90,93.79670103835575
TSP_kg_ha,MLR,84.1,81.7881204207749
TSP_kg_ha,MLR,136.1,132.00511007866254
TSP_kg_ha,MLR,81.1,80.40485502996961
TSP_kg_ha,MLR,131.4,131.10692785137277
TSP_kg_ha,MLR,82.3,98.09881792115476
TSP_kg_ha,MLR,91.6,76.54987455204714
TSP_kg_ha,MLR,82.9,101.09493889686627
TSP_kg_ha,MLR,137.2,125.34207947359454
TSP_kg_ha,MLR,81.9,72.33580010906657
TSP_kg_ha,MLR,136.3,133.5194269162758
TSP_kg_ha,MLR,127,123.43525373606349
TSP_kg_ha,MLR,129.7,121.70530333997512
TSP_kg_ha,MLR,122.9,130.33393206895116
TSP_kg_ha,MLR,85,94.65856399816886
TSP_kg_ha,MLR,132.9,126.67513200661443
TSP_kg_ha,MLR,127.3,130.3462926843681
TSP_kg_ha,MLR,133.9,128.72689851003778
TSP_kg_ha,MLR,43.4,38.10932261172288
TSP_kg_ha,MLR,122.7,127.8057517683232
TSP_kg_ha,MLR,138,136.09327666670032
TSP_kg_ha,MLR,127.5,137.93539898065856
TSP_kg_ha,MLR,130.6,134.75345426903314
TSP_kg_ha,MLR,89.4,90.36633166235765
TSP_kg_ha,MLR,81.8,100.95198542534722
TSP_kg_ha,MLR,84.8,89.08017190757887
TSP_kg_ha,MLR,81.5,97.15508633330592
TSP_kg_ha,MLR,122.1,133.38338833696483
TSP_kg_ha,MLR,127.2,107.56539566255468
TSP_kg_ha,MLR,81.5,73.94861970479661
TSP_kg_ha,MLR,86.6,78.33773895586806
TSP_kg_ha,MLR,87.8,106.23784751100358
TSP_kg_ha,MLR,90.6,99.91843084734681
TSP_kg_ha,MLR,138.7,131.3389983307232
TSP_kg_ha,MLR,89.2,89.4521358540493
TSP_kg_ha,MLR,92.1,98.3563511421498
TSP_kg_ha,MLR,92.8,104.58514027611483
TSP_kg_ha,MLR,87.1,92.97432740906174
TSP_kg_ha,MLR,124,135.4703826723545
TSP_kg_ha,MLR,88.5,90.67943463369092
TSP_kg_ha,MLR,89.3,87.74222248176034
TSP_kg_ha,MLR,127.5,135.59608952546668
TSP_kg_ha,MLR,127.3,134.18241059766083
TSP_kg_ha,MLR,89.1,77.54592323429145
TSP_kg_ha,MLR,45.5,63.12844980706891
TSP_kg_ha,MLR,82.4,84.2327996010157
TSP_kg_ha,MLR,81.3,91.61812880770847
TSP_kg_ha,MLR,139,117.43936322284515
TSP_kg_ha,MLR,135.2,129.29892147531805
TSP_kg_ha,MLR,87.4,72.34859328838847
TSP_kg_ha,MLR,83.3,88.31291487061878
TSP_kg_ha,MLR,123.4,115.94707607552299
TSP_kg_ha,MLR,132.2,136.7891604070013
TSP_kg_ha,MLR,87.1,94.14840512970795
TSP_kg_ha,MLR,134.2,123.66710484347752
TSP_kg_ha,MLR,128.9,112.88229125123198
TSP_kg_ha,MLR,42.2,68.36820536090215
TSP_kg_ha,MLR,83.3,83.27738587392221
TSP_kg_ha,MLR,84,98.76757586482397
TSP_kg_ha,MLR,124.9,114.37528379090234
TSP_kg_ha,MLR,124.8,127.37070664379347
TSP_kg_ha,MLR,85.6,74.74075939613803
TSP_kg_ha,MLR,40.7,60.821409453489615
TSP_kg_ha,MLR,83.4,93.50409785775393
TSP_kg_ha,MLR,91.5,99.30852921120108
TSP_kg_ha,MLR,81.2,96.0126354116676
TSP_kg_ha,MLR,125.6,126.06886775850522
TSP_kg_ha,MLR,122.2,111.02008798042364
TSP_kg_ha,MLR,86,93.72692903580312
TSP_kg_ha,MLR,88.4,76.85594867932588
TSP_kg_ha,MLR,131,127.43623793866954
TSP_kg_ha,MLR,136.5,126.69803314554534
TSP_kg_ha,MLR,124.7,120.398685861213
TSP_kg_ha,MLR,139.2,110.01214384039646
TSP_kg_ha,MLR,128.9,114.3125510355784
TSP_kg_ha,MLR,86.4,102.10251892843539
TSP_kg_ha,MLR,80.9,91.2480988147534
TSP_kg_ha,MLR,44.5,63.51563402060626
TSP_kg_ha,MLR,133,109.22022113746151
TSP_kg_ha,MLR,41.6,33.39542559564067
TSP_kg_ha,MLR,81.3,76.04420179890117
TSP_kg_ha,MLR,89.5,98.23872394363292
TSP_kg_ha,MLR,124.1,132.40283591907976
TSP_kg_ha,MLR,120.8,126.6648190993315
TSP_kg_ha,MLR,135.5,125.86581926380732
TSP_kg_ha,MLR,126.4,120.44645248476625
TSP_kg_ha,MLR,90.4,84.72192270780467
TSP_kg_ha,MLR,135.2,122.31458645594253
TSP_kg_ha,MLR,130.7,134.66449988557903
TSP_kg_ha,MLR,88.5,96.89820520873018
TSP_kg_ha,MLR,135.4,139.9875858340282
TSP_kg_ha,MLR,137.8,135.33389063737897
TSP_kg_ha,MLR,90.2,91.22328568677935
TSP_kg_ha,MLR,134.5,128.82917301824924
TSP_kg_ha,MLR,131.6,107.90467665275513
TSP_kg_ha,MLR,92.3,100.47623244896661
TSP_kg_ha,MLR,91.1,101.9016999527228
TSP_kg_ha,MLR,124,124.01324485317562
TSP_kg_ha,MLR,81.2,99.8654304372492
TSP_kg_ha,MLR,91.4,93.91215014947036
TSP_kg_ha,MLR,131.3,133.85556082600272
TSP_kg_ha,MLR,127.6,109.46863099536527
TSP_kg_ha,MLR,82.8,83.81231734514027
TSP_kg_ha,MLR,132.2,129.48248777995357
TSP_kg_ha,MLR,81.9,75.37107363702525
TSP_kg_ha,MLR,127.9,114.59238633475604
TSP_kg_ha,MLR,128.8,136.52256890822358
TSP_kg_ha,MLR,82.4,105.59572087925912
TSP_kg_ha,MLR,87.3,73.15578628927497
TSP_kg_ha,MLR,90.6,82.11432528278195
TSP_kg_ha,MLR,84.9,105.65264524373768
TSP_kg_ha,MLR,139.4,129.13735412893985
TSP_kg_ha,MLR,87.7,76.09578210881477
TSP_kg_ha,MLR,130.2,118.78873383247355
TSP_kg_ha,MLR,84.9,95.6058163632519
TSP_kg_ha,MLR,89.1,73.48789054615403
TSP_kg_ha,MLR,138,141.1055558873527
TSP_kg_ha,MLR,121.4,133.28459728106407
TSP_kg_ha,MLR,140.1,110.88594784055793
TSP_kg_ha,MLR,82,84.49477268609581
TSP_kg_ha,MLR,136.3,115.82644815913012
TSP_kg_ha,MLR,84.2,91.25939845186242
TSP_kg_ha,MLR,86.3,80.20930331207718
TSP_kg_ha,MLR,132.7,106.60889388803429
TSP_kg_ha,MLR,138.1,127.60761091661323
TSP_kg_ha,MLR,80.8,105.01438251182415
TSP_kg_ha,MLR,121.8,140.54036039294954
TSP_kg_ha,MLR,125.3,125.1900256247374
TSP_kg_ha,MLR,85,80.05112549202273
TSP_kg_ha,MLR,80.8,89.89817256150708
TSP_kg_ha,MLR,127.8,107.72989866643634
TSP_kg_ha,MLR,139.8,137.24602376675722
TSP_kg_ha,MLR,120.7,137.733370952014
TSP_kg_ha,MLR,83.1,106.69463130715017
TSP_kg_ha,MLR,89.3,105.32077142168862
TSP_kg_ha,MLR,131.1,137.2134689357275
TSP_kg_ha,MLR,43,49.190944225122266
TSP_kg_ha,MLR,88.8,77.88142137498052
TSP_kg_ha,MLR,139.8,132.68180632392634
TSP_kg_ha,MLR,87.8,84.5062288319687
TSP_kg_ha,MLR,91.7,76.36425155252834
TSP_kg_ha,MLR,92.9,93.13771144982341
TSP_kg_ha,MLR,130.1,128.1597820211793
TSP_kg_ha,MLR,128.5,112.28670817780898
TSP_kg_ha,MLR,93.5,99.56070346108011
TSP_kg_ha,MLR,124.6,123.63413518995624
TSP_kg_ha,MLR,129.2,123.05631497846416
TSP_kg_ha,MLR,88.1,75.32260752968189
TSP_kg_ha,MLR,83.2,107.30905682280276
TSP_kg_ha,MLR,83.1,104.72393290989714
TSP_kg_ha,MLR,133.4,118.46148792066181
TSP_kg_ha,MLR,139.3,133.58925448133414
TSP_kg_ha,MLR,84.2,105.57082949602935
TSP_kg_ha,MLR,81.7,100.2818156013824
TSP_kg_ha,MLR,134.6,133.45438521082883
TSP_kg_ha,MLR,125.3,125.44101958596168
TSP_kg_ha,MLR,121.8,129.92070199569227
TSP_kg_ha,MLR,123.4,139.50483824348706
TSP_kg_ha,MLR,83.6,100.60978453872052
TSP_kg_ha,MLR,92.7,82.61778965453769
TSP_kg_ha,MLR,87.7,97.2941588286344
TSP_kg_ha,MLR,92.4,98.26944443390381
TSP_kg_ha,MLR,133.8,141.15122271331165
TSP_kg_ha,MLR,82.7,102.67470043485905
TSP_kg_ha,MLR,92.6,93.73541566765915
TSP_kg_ha,MLR,86.5,93.5862830711684
TSP_kg_ha,MLR,84.6,108.8910964930501
TSP_kg_ha,MLR,91.4,98.56612341383865
TSP_kg_ha,MLR,136,127.0499591290655
TSP_kg_ha,MLR,83.5,101.68596031865863
TSP_kg_ha,MLR,89.3,72.41961936263655
TSP_kg_ha,MLR,82.7,79.89837333184504
TSP_kg_ha,MLR,84.3,87.75137503569042
TSP_kg_ha,MLR,83.2,102.82164867708168
TSP_kg_ha,MLR,127.4,130.09106380733041
TSP_kg_ha,MLR,81,75.75258621847722
TSP_kg_ha,MLR,127,135.79261371805106
TSP_kg_ha,MLR,40.4,53.250886891965614
TSP_kg_ha,MLR,90.1,104.60525089580219
TSP_kg_ha,MLR,82.7,98.41727548843349
TSP_kg_ha,MLR,87.5,74.65011054929148
TSP_kg_ha,MLR,87.2,91.13084682669364
TSP_kg_ha,MLR,84.9,92.99368071848077
TSP_kg_ha,MLR,86.9,103.56253112231961
TSP_kg_ha,MLR,128.8,132.25707772148223
TSP_kg_ha,MLR,43.1,56.913438054909136
TSP_kg_ha,MLR,131.2,134.51192704305438
TSP_kg_ha,MLR,130.4,114.00251170534455
TSP_kg_ha,MLR,121,119.79549948856626
TSP_kg_ha,MLR,123.8,104.59509858086594
TSP_kg_ha,MLR,45.5,43.15698175190207
TSP_kg_ha,MLR,129.9,108.9138260165893
TSP_kg_ha,MLR,130.8,119.49632481472939
TSP_kg_ha,MLR,93,88.87563178803161
TSP_kg_ha,MLR,90.6,106.22821540791666
TSP_kg_ha,MLR,92.1,89.91851032074827
TSP_kg_ha,MLR,131.9,124.11981177345008
TSP_kg_ha,MLR,132.3,112.31508943808406
TSP_kg_ha,MLR,43,49.133036178459534
TSP_kg_ha,MLR,140,122.21802884303467
TSP_kg_ha,MLR,137.5,111.10132524131994
TSP_kg_ha,MLR,134.2,117.04625777801625
TSP_kg_ha,MLR,89.4,89.00662106792649
TSP_kg_ha,MLR,125.8,112.12699664160303
TSP_kg_ha,MLR,133.5,110.58739227252384
TSP_kg_ha,MLR,123,112.02058877010303
TSP_kg_ha,MLR,87.7,70.49398485572327
TSP_kg_ha,MLR,123.1,143.04287001950792
TSP_kg_ha,MLR,84.4,89.12115941205688
TSP_kg_ha,MLR,81.2,96.75162558033225
TSP_kg_ha,MLR,88.1,93.71300737862957
TSP_kg_ha,MLR,85,72.7106011064762
TSP_kg_ha,MLR,124.9,133.5997171161757
TSP_kg_ha,MLR,81.7,100.55153657986853
TSP_kg_ha,MLR,121.9,135.32841144675416
TSP_kg_ha,MLR,93.1,99.87978567241696
TSP_kg_ha,MLR,121.3,110.16600261205961
TSP_kg_ha,MLR,91.5,103.2534682965795
TSP_kg_ha,MLR,88.9,92.65367913053335
TSP_kg_ha,MLR,125.5,123.97775836082612
TSP_kg_ha,MLR,92.2,77.97320189379523
TSP_kg_ha,MLR,123.8,121.6681626684032
TSP_kg_ha,MLR,127.9,134.46766229242553
TSP_kg_ha,MLR,45.7,62.81133779478177
TSP_kg_ha,MLR,130.6,125.7848662435109
TSP_kg_ha,MLR,126.3,122.00345701482188
TSP_kg_ha,MLR,133,114.64958749435843
TSP_kg_ha,MLR,81.6,97.40226059931108
TSP_kg_ha,MLR,123.1,138.84245987036635
TSP_kg_ha,MLR,139.1,117.20296534495421
TSP_kg_ha,MLR,128.7,126.95695484911923
TSP_kg_ha,MLR,123.6,124.84682387947939
TSP_kg_ha,MLR,90.7,97.68189068400216
TSP_kg_ha,MLR,123,130.67482226732997
TSP_kg_ha,MLR,92.8,80.52258190598235
TSP_kg_ha,MLR,124.3,127.0242990956265
TSP_kg_ha,MLR,126.8,117.59564440295937
TSP_kg_ha,MLR,92.3,96.44542624534395
TSP_kg_ha,MLR,81.7,106.05986536366873
TSP_kg_ha,MLR,46.7,57.42762473935303
TSP_kg_ha,MLR,133.9,114.39595640024135
TSP_kg_ha,MLR,136.7,126.3047710987868
TSP_kg_ha,MLR,139.7,124.9691807213043
TSP_kg_ha,MLR,139,134.59582985233735
TSP_kg_ha,MLR,128.6,128.14840208004586
TSP_kg_ha,MLR,136.1,126.25468762281737
TSP_kg_ha,MLR,134.3,131.07895257932208
TSP_kg_ha,MLR,91.6,77.93073973891732
TSP_kg_ha,MLR,139.5,126.34765272369563
TSP_kg_ha,MLR,125.7,130.14312664959667
TSP_kg_ha,MLR,86.8,101.90590573221104
TSP_kg_ha,MLR,82.1,100.51534767182588
TSP_kg_ha,MLR,132.3,111.31919271375776
TSP_kg_ha,MLR,129.8,126.06358162297538
TSP_kg_ha,MLR,91.9,98.29194806349872
TSP_kg_ha,MLR,133.7,114.24170622005789
TSP_kg_ha,MLR,133.2,109.59513191701596
TSP_kg_ha,MLR,85.7,90.9577038751315
TSP_kg_ha,MLR,134.2,133.1846883614624
TSP_kg_ha,MLR,44.3,59.23348619506358
TSP_kg_ha,MLR,130.7,139.29576802765445
TSP_kg_ha,MLR,83.5,95.28377483636501
TSP_kg_ha,MLR,138,128.70530929745266
TSP_kg_ha,MLR,82.7,85.73630342143801
TSP_kg_ha,MLR,138.1,128.3116960220099
TSP_kg_ha,MLR,122.1,134.13088019230196
TSP_kg_ha,MLR,92.2,78.77007410913504
TSP_kg_ha,MLR,90.3,94.88036421363452
TSP_kg_ha,MLR,93,94.68104477977583
TSP_kg_ha,MLR,89.7,82.35840392576559
TSP_kg_ha,MLR,132.3,120.04479555565504
TSP_kg_ha,MLR,126,140.79541367961517
TSP_kg_ha,MLR,85,86.30796728402984
TSP_kg_ha,MLR,88.7,94.49042140054598
TSP_kg_ha,MLR,81.4,92.03810049017471
TSP_kg_ha,MLR,124.3,121.7979440402637
TSP_kg_ha,MLR,133.8,113.79869216819505
TSP_kg_ha,MLR,90.5,108.69453407427824
TSP_kg_ha,MLR,135.4,132.80806166193454
TSP_kg_ha,MLR,137.8,108.91628749837786
TSP_kg_ha,MLR,92.6,94.33576695064691
TSP_kg_ha,MLR,82.1,99.86948899443101
TSP_kg_ha,MLR,139.6,128.9752017161262
TSP_kg_ha,MLR,134.3,124.84354046136255
TSP_kg_ha,MLR,84.4,95.78697130475685
TSP_kg_ha,MLR,45.3,61.24274254320699
TSP_kg_ha,MLR,85.3,84.64695573458954
TSP_kg_ha,MLR,89.5,103.93033126903113
TSP_kg_ha,MLR,89.7,98.84772156157489
TSP_kg_ha,MLR,87.9,98.54892150378458
TSP_kg_ha,MLR,43.6,40.66656930338602
TSP_kg_ha,MLR,133.5,138.4779776830965
TSP_kg_ha,MLR,123.4,140.79386008568787
TSP_kg_ha,MLR,86.6,106.98897926989235
TSP_kg_ha,MLR,138.9,117.72764664511185
TSP_kg_ha,MLR,129.8,131.6769864654058
TSP_kg_ha,MLR,91.1,100.69111833528599
TSP_kg_ha,MLR,91.8,95.00581210944542
TSP_kg_ha,MLR,82,95.62417703777729
TSP_kg_ha,MLR,131.2,142.5347282662926
TSP_kg_ha,MLR,120.7,131.10679234207217
TSP_kg_ha,MLR,45.2,52.872734234161904
TSP_kg_ha,MLR,93.5,75.24792237083732
TSP_kg_ha,MLR,86.1,94.51110720815984
TSP_kg_ha,MLR,126.6,142.65915116350084
TSP_kg_ha,MLR,82.7,92.31815980589285
TSP_kg_ha,MLR,91.7,96.856612515016
TSP_kg_ha,MLR,80.6,101.78871591245615
TSP_kg_ha,MLR,90.3,74.04735004231944
TSP_kg_ha,MLR,87,89.67103160139399
TSP_kg_ha,MLR,83.1,95.114368463482
TSP_kg_ha,MLR,125.3,125.07022134446851
TSP_kg_ha,MLR,125.3,118.85982924621658
TSP_kg_ha,MLR,84.5,76.16480329529034
TSP_kg_ha,MLR,131.9,127.39434482876578
TSP_kg_ha,MLR,124.3,121.60917926055241
TSP_kg_ha,MLR,127.7,124.22841074703621
TSP_kg_ha,MLR,86.4,83.53192488893437
TSP_kg_ha,MLR,125.9,110.27752830852386
TSP_kg_ha,MLR,133.5,133.2873564356736
TSP_kg_ha,MLR,81.6,98.21627542855397
TSP_kg_ha,MLR,131.5,124.98998477202613
TSP_kg_ha,MLR,122.6,133.62202247885966
TSP_kg_ha,MLR,85.4,89.17395479620293
TSP_kg_ha,MLR,80.8,92.80829213076316
TSP_kg_ha,MLR,89.9,94.90162541947566
TSP_kg_ha,MLR,123.5,133.39742356219406
TSP_kg_ha,MLR,136.9,111.08136008059611
TSP_kg_ha,MLR,139.3,136.95920112824032
TSP_kg_ha,MLR,127.3,130.29318350701075
TSP_kg_ha,MLR,126.7,145.74939412434176
TSP_kg_ha,MLR,85.8,102.140397965925
TSP_kg_ha,MLR,124.7,117.58744458721424
TSP_kg_ha,MLR,122,108.1164537935088
TSP_kg_ha,MLR,130.2,111.26805879401081
TSP_kg_ha,MLR,135.8,125.39367857579339
TSP_kg_ha,MLR,125.3,117.49135844075919
TSP_kg_ha,MLR,127.5,138.74719180880936
TSP_kg_ha,MLR,132.3,126.20804838597834
TSP_kg_ha,MLR,44.5,37.82367220726089
TSP_kg_ha,MLR,124.2,131.4061540235472
TSP_kg_ha,MLR,139.9,115.19637290924817
TSP_kg_ha,MLR,135.9,121.82779120170039
TSP_kg_ha,MLR,134.5,129.68403932625463
TSP_kg_ha,MLR,89.6,100.27151948530555
TSP_kg_ha,MLR,85,76.26984464271729
TSP_kg_ha,MLR,138,133.4572386427113
TSP_kg_ha,MLR,44.7,57.61556458395647
TSP_kg_ha,MLR,124.2,109.65407943262252
TSP_kg_ha,MLR,134.6,117.34350079917229
TSP_kg_ha,MLR,136.1,127.85851259471602
TSP_kg_ha,MLR,136.8,127.05618544521774
TSP_kg_ha,MLR,138.5,109.71718916350169
TSP_kg_ha,MLR,128.6,133.33411380028363
TSP_kg_ha,MLR,121.6,111.89662946603745
TSP_kg_ha,MLR,132.6,131.80202948906629
TSP_kg_ha,MLR,81.7,101.07149743973163
TSP_kg_ha,MLR,139.6,139.35122989668986
TSP_kg_ha,MLR,81.9,91.4856113771162
TSP_kg_ha,MLR,124.5,137.4960328151485
TSP_kg_ha,MLR,137.6,141.39767085305493
TSP_kg_ha,MLR,130.7,131.76775817360576
TSP_kg_ha,MLR,130,128.3978999960842
TSP_kg_ha,MLR,86.3,104.93073670506594
TSP_kg_ha,MLR,139,117.86141516725576
TSP_kg_ha,MLR,83.6,95.01654433255048
TSP_kg_ha,MLR,86.1,80.0779225978299
TSP_kg_ha,MLR,87.1,99.41808520945293
TSP_kg_ha,MLR,121.5,140.35273653624307
TSP_kg_ha,MLR,136.6,119.05559668831971
TSP_kg_ha,MLR,81.7,91.08470356566413
TSP_kg_ha,MLR,122,114.99687640054366
TSP_kg_ha,MLR,83.8,105.53006111163403
TSP_kg_ha,MLR,135.1,138.79590562458557
TSP_kg_ha,MLR,122.9,116.07341156307456
TSP_kg_ha,MLR,127.7,135.4444212312044
TSP_kg_ha,MLR,84.9,104.38968267513515
TSP_kg_ha,MLR,44,70.50425977949868
TSP_kg_ha,MLR,82.4,98.83875029029377
TSP_kg_ha,MLR,84.8,92.63460109583502
TSP_kg_ha,MLR,137,131.28160051023332
TSP_kg_ha,MLR,132.5,108.33366909352833
TSP_kg_ha,MLR,85.5,101.66104645346581
TSP_kg_ha,MLR,87,109.25330982402632
TSP_kg_ha,MLR,87.8,80.00829517327804
TSP_kg_ha,MLR,129.5,113.52295297464306
TSP_kg_ha,MLR,135.7,141.66917091980878
TSP_kg_ha,MLR,133.7,142.95937512144445
TSP_kg_ha,MLR,132,113.43418092945939
TSP_kg_ha,MLR,125.3,112.99835150573334
TSP_kg_ha,MLR,83.3,92.064055452302
TSP_kg_ha,MLR,139.9,143.6240890928968
TSP_kg_ha,MLR,137.6,111.41133725523734
TSP_kg_ha,MLR,86.8,97.03562685205338
TSP_kg_ha,MLR,80.7,76.14096128260252
TSP_kg_ha,MLR,132,124.99698573035161
TSP_kg_ha,MLR,133.7,127.41861060580177
TSP_kg_ha,MLR,46.4,52.41107987053432
TSP_kg_ha,MLR,133.7,132.5183897845476
TSP_kg_ha,MLR,81.8,104.5723800602079
TSP_kg_ha,MLR,86.9,73.41968576460708
TSP_kg_ha,MLR,80.8,73.19162416556091
TSP_kg_ha,MLR,82.9,103.40750674027107
TSP_kg_ha,MLR,87.8,96.60071969634545
TSP_kg_ha,MLR,88.1,90.10942387000854
TSP_kg_ha,MLR,90.5,74.50450539287348
TSP_kg_ha,MLR,92.1,93.85512236086747
TSP_kg_ha,MLR,132.3,125.8890159532739
TSP_kg_ha,MLR,91.2,95.97157952330957
TSP_kg_ha,MLR,129.3,113.7418497029857
TSP_kg_ha,MLR,44.9,31.26779150422191
TSP_kg_ha,MLR,127,121.0980003680724
TSP_kg_ha,MLR,130.9,125.49114419556508
TSP_kg_ha,MLR,125.5,117.92625897212046
TSP_kg_ha,MLR,87.6,103.81566825636168
TSP_kg_ha,MLR,91.7,103.96035076024258
TSP_kg_ha,MLR,91.3,87.59785993809724
TSP_kg_ha,MLR,86.5,92.56393635924935
TSP_kg_ha,MLR,131.3,127.29003480050199
TSP_kg_ha,MLR,123.7,125.20162784393588
TSP_kg_ha,MLR,91.3,93.0510451855507
TSP_kg_ha,MLR,82.9,94.37979601938623
TSP_kg_ha,MLR,122.2,119.02427572206061
TSP_kg_ha,MLR,85.8,83.61859907720574
TSP_kg_ha,MLR,93.5,100.55697936256169
TSP_kg_ha,MLR,90.7,97.52123901341581
TSP_kg_ha,MLR,140,142.01928872572657
TSP_kg_ha,MLR,130,135.61731322278857
TSP_kg_ha,MLR,125.1,108.98409367987625
TSP_kg_ha,MLR,44.2,49.889746840725216
TSP_kg_ha,MLR,138.8,117.58960185156295
TSP_kg_ha,MLR,138.1,114.00459889530848
TSP_kg_ha,MLR,131.4,120.39909088111533
TSP_kg_ha,MLR,123.9,125.56456434233198
TSP_kg_ha,MLR,86.8,106.06526804552718
TSP_kg_ha,MLR,42.8,41.925395517548445
TSP_kg_ha,MLR,138.6,128.11617059831542
TSP_kg_ha,MLR,128.4,115.73781288277422
TSP_kg_ha,MLR,128.5,121.47864072421262
TSP_kg_ha,MLR,133.9,138.9335705178816
TSP_kg_ha,MLR,127.8,109.92589346164624
TSP_kg_ha,MLR,89.4,82.76857743910921
TSP_kg_ha,MLR,124.4,142.9893230225737
TSP_kg_ha,MLR,83.7,98.76004903518414
TSP_kg_ha,MLR,127.6,133.7080654336559
TSP_kg_ha,MLR,87.9,94.1244940635875
TSP_kg_ha,MLR,88.5,103.07024418860063
TSP_kg_ha,MLR,81.3,80.47541766813411
TSP_kg_ha,MLR,88.3,101.78745293967262
TSP_kg_ha,MLR,124.4,124.5970445466841
TSP_kg_ha,MLR,89.3,94.63832509022357
TSP_kg_ha,MLR,90.1,95.82598528305283
TSP_kg_ha,MLR,42.9,37.15268612214057
TSP_kg_ha,MLR,139,130.20553187613035
TSP_kg_ha,MLR,137.1,115.58036568459039
TSP_kg_ha,MLR,124.3,132.6564239249665
TSP_kg_ha,MLR,127.9,123.82024399157429
TSP_kg_ha,MLR,140,137.11460828368385
TSP_kg_ha,MLR,138.3,113.16060622305969
TSP_kg_ha,MLR,44.5,48.93307523042953
TSP_kg_ha,MLR,125.4,123.80486757598753
TSP_kg_ha,MLR,121.1,119.23407437723117
TSP_kg_ha,MLR,136.4,117.52469859941128
TSP_kg_ha,MLR,125.8,138.43721278382003
TSP_kg_ha,MLR,129.7,137.9449580969476
TSP_kg_ha,MLR,80.9,105.881976418597
TSP_kg_ha,MLR,89.7,88.89316750923071
TSP_kg_ha,MLR,124.6,118.56498707430396
TSP_kg_ha,MLR,124.7,111.04077775712312
TSP_kg_ha,MLR,87.8,99.90498569158045
TSP_kg_ha,MLR,92,94.42026984188634
TSP_kg_ha,MLR,135.3,134.51189117483332
TSP_kg_ha,MLR,136.4,119.16646235108675
TSP_kg_ha,MLR,83.6,98.2252410774327
TSP_kg_ha,MLR,84.4,99.65189314478671
TSP_kg_ha,MLR,89.4,88.22581582059973
TSP_kg_ha,MLR,126.6,138.37759496588905
TSP_kg_ha,MLR,92.6,96.91204877652184
TSP_kg_ha,MLR,41.8,37.221346056728585
TSP_kg_ha,MLR,122.2,131.28213861739252
TSP_kg_ha,MLR,126.2,129.97500952990606
TSP_kg_ha,MLR,91.6,105.23788990088795
TSP_kg_ha,MLR,126.5,131.04242271945284
TSP_kg_ha,MLR,43.1,71.3009161087152
TSP_kg_ha,MLR,85.9,72.52087125153228
TSP_kg_ha,MLR,135.3,133.67943500890783
TSP_kg_ha,MLR,134.6,113.08615660235428
TSP_kg_ha,MLR,89.2,101.59408770619103
TSP_kg_ha,MLR,131.4,131.4433611636381
TSP_kg_ha,MLR,121.9,112.06710321574482
TSP_kg_ha,MLR,125.5,109.47484807665225
TSP_kg_ha,MLR,139.8,122.20510735166714
TSP_kg_ha,MLR,81.8,94.87977921472526
TSP_kg_ha,MLR,125.5,130.24215707698266
TSP_kg_ha,MLR,139.4,124.16948092851217
TSP_kg_ha,MLR,124.5,116.83972037403372
TSP_kg_ha,MLR,43.9,47.17418295221717
TSP_kg_ha,MLR,125.2,130.2438702371876
TSP_kg_ha,MLR,136.3,126.8297110331518
TSP_kg_ha,MLR,138.9,125.23398050481235
TSP_kg_ha,MLR,121.5,133.58356879553727
TSP_kg_ha,MLR,82.8,82.86906555946985
TSP_kg_ha,MLR,133.6,126.41589116064303
TSP_kg_ha,MLR,125.1,131.4858935145969
TSP_kg_ha,MLR,131.6,112.82036295251797
TSP_kg_ha,MLR,133.4,138.08007465772394
TSP_kg_ha,MLR,122,118.13452277097593
TSP_kg_ha,MLR,83,94.04982538591557
TSP_kg_ha,MLR,46.3,61.68156449352125
TSP_kg_ha,MLR,88,98.33832953291842
TSP_kg_ha,MLR,80.8,80.4736039365391
TSP_kg_ha,MLR,129.1,112.46952437593184
TSP_kg_ha,MLR,133.9,128.38621131056738
TSP_kg_ha,MLR,84.8,105.06446377027032
TSP_kg_ha,MLR,133.2,124.82867839043641
TSP_kg_ha,MLR,128.3,144.13459772274837
TSP_kg_ha,MLR,120.7,121.18737364108898
TSP_kg_ha,MLR,87.3,91.54638656439373
TSP_kg_ha,MLR,128.1,129.4589491349923
TSP_kg_ha,MLR,93.4,84.37787751273733
TSP_kg_ha,MLR,87.6,107.09657664000696
TSP_kg_ha,MLR,139.9,141.05644619106067
TSP_kg_ha,MLR,129.6,108.86863615192668
TSP_kg_ha,MLR,124.7,128.48412820433958
TSP_kg_ha,MLR,87.9,99.52687130876241
TSP_kg_ha,MLR,121.7,118.38174896944447
TSP_kg_ha,MLR,128.3,140.01133106754932
TSP_kg_ha,MLR,129.9,111.52147861594321
TSP_kg_ha,MLR,87.6,89.75557640051659
TSP_kg_ha,MLR,127.2,136.61289279474317
TSP_kg_ha,MLR,127.3,106.82495183017113
TSP_kg_ha,MLR,85.4,72.86125723666477
TSP_kg_ha,MLR,43.7,61.19515618933459
TSP_kg_ha,MLR,85.4,94.71291969842379
TSP_kg_ha,MLR,86.1,85.67016282315171
TSP_kg_ha,MLR,133.2,140.87688657706934
TSP_kg_ha,MLR,130,131.35031235989396
TSP_kg_ha,MLR,90.7,77.26981475049358
TSP_kg_ha,MLR,134.3,116.57155628628425
TSP_kg_ha,MLR,139.7,130.45584939677966
TSP_kg_ha,MLR,131.2,121.38961621077677
TSP_kg_ha,MLR,81.1,72.97381224822298
TSP_kg_ha,MLR,89,79.13819390786367
TSP_kg_ha,MLR,91.6,107.29237959218428
TSP_kg_ha,MLR,86.3,91.49428481406952
TSP_kg_ha,MLR,126.1,108.97433802140306
TSP_kg_ha,MLR,123.4,115.57427245273192
TSP_kg_ha,MLR,84.5,97.21174985730495
TSP_kg_ha,MLR,138.4,119.8620522787697
TSP_kg_ha,MLR,138.9,126.50278104507134
TSP_kg_ha,MLR,85.2,76.87912832133615
TSP_kg_ha,MLR,139.1,135.50122151765385
TSP_kg_ha,MLR,123.4,125.59385450791761
TSP_kg_ha,MLR,134.7,118.18419425614631
TSP_kg_ha,MLR,83.1,81.2829139327258
TSP_kg_ha,MLR,121.5,135.0596820432465
TSP_kg_ha,MLR,81.7,72.38765678016946
TSP_kg_ha,MLR,83.6,76.27992788789952
TSP_kg_ha,MLR,84.9,103.60367825178363
TSP_kg_ha,MLR,131,122.83552765599445
TSP_kg_ha,MLR,82.8,97.3227092652255
TSP_kg_ha,MLR,132.8,132.450730576606
TSP_kg_ha,MLR,136.5,136.00188877865804
TSP_kg_ha,MLR,84.7,94.85609193832093
TSP_kg_ha,MLR,133,114.04371820731004
TSP_kg_ha,MLR,87,74.62081054082218
TSP_kg_ha,MLR,139.4,128.4047204042368
TSP_kg_ha,MLR,83.1,75.29115522522099
TSP_kg_ha,MLR,89.7,96.24463666791748
TSP_kg_ha,MLR,43.6,33.35214729075709
TSP_kg_ha,MLR,137.1,132.87824891039213
TSP_kg_ha,MLR,128.3,113.21626166407945
TSP_kg_ha,MLR,90.3,105.1011866569591
TSP_kg_ha,MLR,86,92.07615355454641
TSP_kg_ha,MLR,46.4,41.38180981255492
TSP_kg_ha,MLR,137.7,135.19784366097213
TSP_kg_ha,MLR,81,87.47210440247181
TSP_kg_ha,MLR,139.7,115.37701852368497
TSP_kg_ha,MLR,83.6,78.01570702398051
TSP_kg_ha,MLR,133.4,138.53012857594473
TSP_kg_ha,MLR,89.1,100.43667719397368
TSP_kg_ha,MLR,89.6,75.60410965307564
TSP_kg_ha,MLR,138.4,143.49317655861753
TSP_kg_ha,MLR,46.7,60.815964729523294
TSP_kg_ha,MLR,87.9,94.497191371326693
TSP_kg_ha,MLR,88.9,76.72455351657976
TSP_kg_ha,MLR,86.1,90.29944778562029
TSP_kg_ha,MLR,44.9,68.07480820081017
TSP_kg_ha,MLR,86.2,92.01141748367235
TSP_kg_ha,MLR,89.9,96.58992954074493
TSP_kg_ha,MLR,81.9,74.16383037339921
TSP_kg_ha,MLR,88.7,96.85211751110806
TSP_kg_ha,MLR,130.2,110.69857139347526
TSP_kg_ha,MLR,128.1,131.7958880702989
TSP_kg_ha,MLR,127.2,123.93829551347193
TSP_kg_ha,MLR,44.2,51.37876651701608
TSP_kg_ha,MLR,138.1,127.05072033668709
TSP_kg_ha,MLR,133.7,118.1500553551574
TSP_kg_ha,MLR,136.6,116.83887875990557
TSP_kg_ha,MLR,133.4,140.2622908354964
TSP_kg_ha,MLR,88.8,99.38828677468348
TSP_kg_ha,MLR,87.7,107.4968626678699
TSP_kg_ha,MLR,87.3,99.03099265593477
TSP_kg_ha,MLR,125.2,142.95311802647896
TSP_kg_ha,MLR,91.1,101.49824374084648
TSP_kg_ha,MLR,46.1,67.63031501768495
TSP_kg_ha,MLR,86.9,98.24781852814961
TSP_kg_ha,MLR,87.9,87.19025410004792
TSP_kg_ha,MLR,130.2,118.18406662860724
TSP_kg_ha,MLR,128.4,121.33097340378605
TSP_kg_ha,MLR,130.4,125.70760716495053
TSP_kg_ha,MLR,85.6,94.94050127728974
TSP_kg_ha,MLR,125.1,128.90869468875206
TSP_kg_ha,MLR,132.1,109.05800980649849
TSP_kg_ha,MLR,127.3,125.83426694917381
TSP_kg_ha,MLR,81.6,94.59425792960515
TSP_kg_ha,MLR,135.9,123.95692707195569
TSP_kg_ha,MLR,81.5,93.17844138044202
TSP_kg_ha,MLR,138.6,116.98954221895707
TSP_kg_ha,MLR,130,141.8381484543304
TSP_kg_ha,MLR,90.2,95.05052289499743
TSP_kg_ha,MLR,42.2,67.92822165996617
TSP_kg_ha,MLR,125.6,129.9715817741595
TSP_kg_ha,MLR,136.2,111.40476164183546
TSP_kg_ha,MLR,124.4,118.3281275895065
TSP_kg_ha,MLR,133.3,114.96831536632537
TSP_kg_ha,MLR,128.8,115.72746630528702
TSP_kg_ha,MLR,132,138.0369521940372
TSP_kg_ha,MLR,42.4,53.60299718089593
TSP_kg_ha,MLR,127.9,140.7402461681647
TSP_kg_ha,MLR,40.3,71.32342883068166
TSP_kg_ha,MLR,82,76.35104209662244
TSP_kg_ha,MLR,134.7,127.09442784688814
TSP_kg_ha,MLR,123.2,138.7731608973414
TSP_kg_ha,MLR,91.6,85.96616375182778
TSP_kg_ha,MLR,45.5,63.09182464766087
TSP_kg_ha,MLR,121,134.70645589410884
TSP_kg_ha,MLR,89.4,74.23483343575272
TSP_kg_ha,MLR,121.3,142.51258186493337
TSP_kg_ha,MLR,129.3,137.60348334643643
TSP_kg_ha,MLR,125.9,128.229183430641
TSP_kg_ha,MLR,44.4,55.16711840123321
TSP_kg_ha,MLR,138.2,130.60211218541295
TSP_kg_ha,MLR,83.8,97.02832985015169
TSP_kg_ha,MLR,90.2,91.37277246027433
TSP_kg_ha,MLR,87.5,92.90860710230429
TSP_kg_ha,MLR,80.6,83.88709404617533
TSP_kg_ha,MLR,122,131.73610088274427
TSP_kg_ha,MLR,45.9,54.861180686257825
TSP_kg_ha,MLR,86.8,91.29040406552483
TSP_kg_ha,MLR,136.7,109.90821988848678
TSP_kg_ha,MLR,82.7,105.54586250227929
TSP_kg_ha,MLR,130.7,133.31049765257075
TSP_kg_ha,MLR,85.2,71.81707589798894
TSP_kg_ha,MLR,139,144.04717689483084
TSP_kg_ha,MLR,139.6,125.74435341279694
TSP_kg_ha,MLR,124.6,142.4263144217715
TSP_kg_ha,MLR,91.3,106.03771670622929
TSP_kg_ha,MLR,83.6,102.34552340704876
TSP_kg_ha,MLR,122.6,116.64706534544048
TSP_kg_ha,MLR,133.5,109.3331748335665
TSP_kg_ha,MLR,136.1,131.8466515185485
TSP_kg_ha,MLR,91.6,100.78916993961086
TSP_kg_ha,MLR,126.1,121.26274007541105
TSP_kg_ha,MLR,129.8,133.3443163328365
TSP_kg_ha,MLR,122.4,119.24224989387025
TSP_kg_ha,MLR,133.9,114.62776052158401
TSP_kg_ha,MLR,84.3,99.32964984035257
TSP_kg_ha,MLR,137.3,125.62008582171839
TSP_kg_ha,MLR,84.9,87.36766973483793
TSP_kg_ha,MLR,87.3,85.57831761964094
TSP_kg_ha,MLR,131.8,120.14563818207137
TSP_kg_ha,MLR,81.7,95.14293110101144
TSP_kg_ha,MLR,87.8,85.49379372806142
TSP_kg_ha,MLR,132.7,119.57702333354308
TSP_kg_ha,MLR,131.8,133.4964854425848
TSP_kg_ha,MLR,83.6,87.34015216214158
TSP_kg_ha,MLR,133.2,142.06478588394873
TSP_kg_ha,MLR,84.4,105.75367631546095
TSP_kg_ha,MLR,135.2,116.79428911465051
TSP_kg_ha,MLR,42.5,51.52145504846171
TSP_kg_ha,MLR,84.1,105.13690848519984
TSP_kg_ha,MLR,44,44.48247419323482
TSP_kg_ha,MLR,136.3,120.91502250985864
TSP_kg_ha,MLR,89.6,102.07505925301004
TSP_kg_ha,MLR,44.1,62.079003399857626
TSP_kg_ha,MLR,93.2,88.690557439793
TSP_kg_ha,MLR,136.9,122.31353166285118
TSP_kg_ha,MLR,129.6,117.27090884088373
TSP_kg_ha,MLR,134.8,123.84816869117257
TSP_kg_ha,MLR,81.8,73.56167388592664
TSP_kg_ha,MLR,86.6,95.84825990346081
TSP_kg_ha,MLR,85.5,76.65884644521661
TSP_kg_ha,MLR,43.7,48.16269234550892
TSP_kg_ha,MLR,128.3,140.88233725973703
TSP_kg_ha,MLR,125.4,120.94035611806306
TSP_kg_ha,MLR,81.3,77.31944736550979
TSP_kg_ha,MLR,123.9,119.86317243807856
TSP_kg_ha,MLR,88.5,73.63028689382348
TSP_kg_ha,MLR,120.8,122.35299182972761
TSP_kg_ha,MLR,126.1,110.63890145273642
TSP_kg_ha,MLR,92.5,89.94550030649644
TSP_kg_ha,MLR,42.6,34.72659865855253
TSP_kg_ha,MLR,130,141.71705589527937
TSP_kg_ha,MLR,135.4,117.18747405366449
TSP_kg_ha,MLR,133.1,119.73808859828061
TSP_kg_ha,MLR,93.3,98.51429596991196
TSP_kg_ha,MLR,89.2,88.80473684198606
TSP_kg_ha,MLR,87.4,93.0447963547073
TSP_kg_ha,MLR,42.2,49.40464658337941
TSP_kg_ha,MLR,46.7,69.82847295349582
TSP_kg_ha,MLR,132.4,139.4350439853723
TSP_kg_ha,MLR,129.2,113.36599809532521
TSP_kg_ha,MLR,86,95.02954301969477
TSP_kg_ha,MLR,93.3,79.79575950732261
TSP_kg_ha,MLR,139.1,132.98564079207753
TSP_kg_ha,MLR,121,114.75778865654247
TSP_kg_ha,MLR,135.8,127.36033724505582
TSP_kg_ha,MLR,85.7,93.93345958768747
TSP_kg_ha,MLR,131.3,108.97770039131679
TSP_kg_ha,MLR,43.8,58.222922548229775
TSP_kg_ha,MLR,137,123.77607516162946
TSP_kg_ha,MLR,92,102.29038887043593
TSP_kg_ha,MLR,129.8,129.89269397305424
TSP_kg_ha,MLR,138.1,134.41792756426653
TSP_kg_ha,MLR,123.3,133.70781147637547
TSP_kg_ha,MLR,130.3,139.29299639611207
TSP_kg_ha,MLR,138.6,107.28531528192153
TSP_kg_ha,MLR,85.1,104.8804099660513
TSP_kg_ha,MLR,93,81.35926665221734
TSP_kg_ha,MLR,81.9,101.41855403153188
TSP_kg_ha,MLR,80.8,100.70623239499727
TSP_kg_ha,MLR,121.9,125.81381492667366
TSP_kg_ha,MLR,122.9,128.37607715365428
TSP_kg_ha,MLR,43,50.05958669490969
TSP_kg_ha,MLR,140,141.8267144644387
TSP_kg_ha,MLR,124,138.16400593989505
TSP_kg_ha,MLR,81.8,82.70140295824874
TSP_kg_ha,MLR,124.4,119.77699523378894
TSP_kg_ha,MLR,86.3,89.97658495671602
TSP_kg_ha,MLR,93.2,71.40417994029757
TSP_kg_ha,MLR,130.5,141.2820150757015
TSP_kg_ha,MLR,135.7,132.99004926878413
TSP_kg_ha,MLR,82.5,105.54160555159717
TSP_kg_ha,MLR,85.2,83.11218333256777
TSP_kg_ha,MLR,81.3,104.15607728708842
TSP_kg_ha,MLR,90.9,105.40210627736562
TSP_kg_ha,MLR,81.9,102.30329689156554
TSP_kg_ha,MLR,85.9,81.96502835806147
TSP_kg_ha,MLR,45.9,57.757931049840394
TSP_kg_ha,MLR,126.3,126.61289400788789
TSP_kg_ha,MLR,89.1,96.83614593537179
TSP_kg_ha,MLR,128.7,133.784761848196
TSP_kg_ha,MLR,40.4,42.44454157377247
TSP_kg_ha,MLR,139.9,121.00214006540298
TSP_kg_ha,MLR,44,54.60481493474587
TSP_kg_ha,MLR,122.9,123.54496324859132
TSP_kg_ha,MLR,91.4,102.47218638457193
TSP_kg_ha,MLR,92.3,95.47698220238017
TSP_kg_ha,MLR,80.8,78.00691821969754
TSP_kg_ha,MLR,43.2,34.05885493736185
TSP_kg_ha,MLR,84.6,80.43249841634639
TSP_kg_ha,MLR,46.4,51.89811096208093
TSP_kg_ha,MLR,125.8,123.40387399762567
TSP_kg_ha,MLR,83.4,91.71030720689677
TSP_kg_ha,MLR,91.9,100.72352495402723
TSP_kg_ha,MLR,84,76.88352561671648
TSP_kg_ha,MLR,129,135.05192334954143
TSP_kg_ha,MLR,91.5,106.89294709120523
TSP_kg_ha,MLR,86.5,77.12601940950054
TSP_kg_ha,MLR,131.4,114.6718706525562
TSP_kg_ha,MLR,92.9,97.37692979882225
TSP_kg_ha,MLR,88,97.69508182767902
TSP_kg_ha,MLR,45.5,48.23400320661143
TSP_kg_ha,MLR,135.9,132.25398813290596
TSP_kg_ha,MLR,92.8,87.36157782381913
TSP_kg_ha,MLR,89.3,80.31037144281262
TSP_kg_ha,MLR,85.4,90.4808616408791
TSP_kg_ha,MLR,92.5,96.96887729636073
TSP_kg_ha,MLR,42.7,38.42168157124163
TSP_kg_ha,MLR,127.8,112.60216908931773
TSP_kg_ha,MLR,87.9,99.23778500942508
TSP_kg_ha,MLR,131.8,135.93131018842615
TSP_kg_ha,MLR,125.4,132.00645354601613
TSP_kg_ha,MLR,131.2,110.42796002243415
TSP_kg_ha,MLR,121.9,134.5491923300013
TSP_kg_ha,MLR,43.8,63.39436795282552
TSP_kg_ha,MLR,83.1,92.32015371628718
TSP_kg_ha,MLR,124.3,132.31838242129328
TSP_kg_ha,MLR,84.3,93.96811985561826
TSP_kg_ha,MLR,88.6,107.09094970297397
TSP_kg_ha,MLR,134.8,113.71064030215535
TSP_kg_ha,MLR,133.2,118.7812118345223
TSP_kg_ha,MLR,128.5,136.297880358173
TSP_kg_ha,MLR,86.6,74.43787265648476
TSP_kg_ha,MLR,44.6,63.21126918720045
TSP_kg_ha,MLR,124.7,112.43505556434037
TSP_kg_ha,MLR,125.9,120.76013080198636
TSP_kg_ha,MLR,90.5,87.2270031337985
TSP_kg_ha,MLR,91.5,100.8911445135925
TSP_kg_ha,MLR,87.6,103.39103498352057
TSP_kg_ha,MLR,92.7,77.88039601867465
TSP_kg_ha,MLR,136.5,114.9628709218446
TSP_kg_ha,MLR,44.6,36.092943341440446
TSP_kg_ha,MLR,132.1,121.88601956683465
TSP_kg_ha,MLR,89.2,101.1555046975247
TSP_kg_ha,MLR,136.9,111.31340876763228
TSP_kg_ha,MLR,121.9,125.96403304349602
TSP_kg_ha,MLR,92.4,98.88413529461224
TSP_kg_ha,MLR,131,109.9763635711253
TSP_kg_ha,MLR,121.3,118.15506505486387
TSP_kg_ha,MLR,80.7,104.25544714620234
TSP_kg_ha,MLR,122.1,125.50460114374485
TSP_kg_ha,MLR,132,128.2245277946786
TSP_kg_ha,MLR,88.6,102.49758684622307
TSP_kg_ha,MLR,43,65.93039811125405
TSP_kg_ha,MLR,130.3,120.70988075028217
TSP_kg_ha,MLR,83.4,107.77930220040982
TSP_kg_ha,MLR,124.1,129.6182809060629
TSP_kg_ha,MLR,81.9,87.54799188601689
TSP_kg_ha,MLR,90.3,92.40972264751728
TSP_kg_ha,MLR,133.7,119.16583791018594
TSP_kg_ha,MLR,125,137.57897471448902
TSP_kg_ha,MLR,135.4,142.5746858407439
TSP_kg_ha,MLR,138,119.4295413587142
TSP_kg_ha,MLR,131.8,111.640565539136
TSP_kg_ha,MLR,134.1,111.66172050258305
TSP_kg_ha,MLR,81.8,103.74281878584584
TSP_kg_ha,MLR,136.9,127.04490831475465
TSP_kg_ha,MLR,137.3,115.61785366846817
TSP_kg_ha,MLR,135,135.3700031649307
TSP_kg_ha,MLR,90.7,86.43984509178037
TSP_kg_ha,MLR,84.3,87.6702536620471
TSP_kg_ha,MLR,126.6,121.2669152679362
TSP_kg_ha,MLR,40.8,48.81998872720702
TSP_kg_ha,MLR,131.4,128.69281217420726
TSP_kg_ha,MLR,135.2,140.11584878757907
TSP_kg_ha,MLR,126.2,133.05991798959622
TSP_kg_ha,MLR,90.9,104.262879921717
TSP_kg_ha,MLR,93.5,102.47531942293396
TSP_kg_ha,MLR,89.5,108.29024027802039
TSP_kg_ha,MLR,124,114.66369676763594
TSP_kg_ha,MLR,86.1,94.8521242191133
TSP_kg_ha,MLR,43.8,72.68519617181528
TSP_kg_ha,MLR,88.5,79.30876315638909
TSP_kg_ha,MLR,136.5,137.39863568556876
TSP_kg_ha,MLR,139.3,113.4664141224069
TSP_kg_ha,MLR,40.6,36.96385249992213
TSP_kg_ha,MLR,85.2,75.84611322041725
TSP_kg_ha,MLR,135,109.94847223211038
TSP_kg_ha,MLR,44,66.24386422203887
TSP_kg_ha,MLR,139.9,139.6442883726634
TSP_kg_ha,MLR,88.2,93.27280627761041
TSP_kg_ha,MLR,137.9,143.042233681869
TSP_kg_ha,MLR,137.1,133.8638720626886
TSP_kg_ha,MLR,86.9,82.83596572765119
TSP_kg_ha,MLR,134.5,121.81863643239839
TSP_kg_ha,MLR,132.3,114.66711095551867
TSP_kg_ha,MLR,86,94.7983615475749
TSP_kg_ha,MLR,124.2,126.01372073971542
TSP_kg_ha,MLR,130.4,116.00287544133337
TSP_kg_ha,MLR,127.9,136.29224956508997
TSP_kg_ha,MLR,91.5,79.67753973304843
TSP_kg_ha,MLR,88,105.48229985354463
TSP_kg_ha,MLR,124.2,112.357749635587
TSP_kg_ha,MLR,123.5,120.0170139786926
TSP_kg_ha,MLR,135,126.6672103600757
TSP_kg_ha,MLR,129.7,140.43063760910758
TSP_kg_ha,MLR,128.4,144.64009964755417
TSP_kg_ha,MLR,129.6,137.6746198805387
TSP_kg_ha,MLR,92.9,98.11874525581335
TSP_kg_ha,MLR,127.1,110.9415952799884
TSP_kg_ha,MLR,44.9,64.84613267149052
TSP_kg_ha,MLR,82.6,89.21864806868405
TSP_kg_ha,MLR,89.3,90.72544993929928
TSP_kg_ha,MLR,122.8,130.1597212000664
TSP_kg_ha,MLR,134,115.09064819664412
TSP_kg_ha,MLR,92.7,82.90048109040255
TSP_kg_ha,MLR,41.1,62.3272986225402
TSP_kg_ha,MLR,82,81.72862893460027
TSP_kg_ha,MLR,90.8,106.68580099567802
TSP_kg_ha,MLR,84.1,80.04662708151194
TSP_kg_ha,MLR,124.9,115.3765687267823
TSP_kg_ha,MLR,122.8,116.48811345609039
TSP_kg_ha,MLR,125.4,120.90245372105531
TSP_kg_ha,MLR,123.4,127.28824461431721
TSP_kg_ha,MLR,139.3,131.61205293511642
TSP_kg_ha,MLR,92.8,107.18049429116886
TSP_kg_ha,MLR,132.6,138.8648770796331
TSP_kg_ha,MLR,140.1,134.0810923319467
TSP_kg_ha,MLR,124.1,118.44899958376665
TSP_kg_ha,MLR,132.7,141.05158009459066
TSP_kg_ha,MLR,134.8,108.12304157526081
TSP_kg_ha,MLR,127.6,109.63973892456495
TSP_kg_ha,MLR,44.8,69.41505872846457
TSP_kg_ha,MLR,85.2,102.43211088152427
TSP_kg_ha,MLR,91.2,108.7443325077502
TSP_kg_ha,MLR,131.1,135.45704938235713
TSP_kg_ha,MLR,120.9,115.20059831911661
TSP_kg_ha,MLR,93.3,105.49777757714135
TSP_kg_ha,MLR,46.1,53.49822322044668
TSP_kg_ha,MLR,120.7,132.38584177189568
TSP_kg_ha,MLR,81.1,94.88421386444008
TSP_kg_ha,MLR,88.1,104.50646900290893
TSP_kg_ha,MLR,92,96.22324904086436
TSP_kg_ha,MLR,122.9,133.64519537730098
TSP_kg_ha,MLR,132,128.3803556935463
TSP_kg_ha,MLR,44.8,37.77744618921928
TSP_kg_ha,MLR,87.2,92.37582537487177
TSP_kg_ha,MLR,136.6,130.9146057539254
TSP_kg_ha,MLR,139.4,109.66497612447108
TSP_kg_ha,MLR,122.3,118.51984710205807
TSP_kg_ha,MLR,92,75.81896740255912
TSP_kg_ha,MLR,121.4,129.0208673810615
TSP_kg_ha,MLR,92.8,103.9491188292436
TSP_kg_ha,MLR,87.8,104.5936147424986
TSP_kg_ha,MLR,121.7,127.1923233597073
TSP_kg_ha,MLR,42.3,39.13572935039684
TSP_kg_ha,MLR,42,58.91175735054625
TSP_kg_ha,MLR,88,97.77642720572682
TSP_kg_ha,MLR,123.5,110.42523398719119
TSP_kg_ha,MLR,43.1,61.431895461695504
TSP_kg_ha,MLR,122.4,131.77757787398778
TSP_kg_ha,MLR,93.4,106.9957791504799
TSP_kg_ha,MLR,85.8,103.09863314604992
TSP_kg_ha,MLR,88.7,105.04522458919324
TSP_kg_ha,MLR,130.4,119.8554811585085
TSP_kg_ha,MLR,131.2,143.0533139726757
TSP_kg_ha,MLR,86.9,81.58496795189079
TSP_kg_ha,MLR,129.7,124.26181790271447
TSP_kg_ha,MLR,83.7,88.17861066263882
TSP_kg_ha,MLR,85.1,77.45508074665861
TSP_kg_ha,MLR,130.3,115.93625330572972
TSP_kg_ha,MLR,86.3,93.47079950184566
TSP_kg_ha,MLR,122.5,127.58867932592531
TSP_kg_ha,MLR,89.5,98.72486257801384
TSP_kg_ha,MLR,137.3,134.66651597171727
TSP_kg_ha,MLR,83.7,100.55165582552135
TSP_kg_ha,MLR,120.6,116.61321139939827
TSP_kg_ha,MLR,137.5,108.78875771746104
TSP_kg_ha,MLR,86.1,80.3830983904308
TSP_kg_ha,MLR,85.6,96.84465488154446
TSP_kg_ha,MLR,80.7,74.2968562020676
TSP_kg_ha,MLR,83.1,101.4085194486457
TSP_kg_ha,MLR,122.2,135.93668480624402
TSP_kg_ha,MLR,123.3,116.97129957554192
TSP_kg_ha,MLR,80.6,87.35448850454036
TSP_kg_ha,MLR,138.9,141.04699531102915
TSP_kg_ha,MLR,41.6,68.64972781212333
TSP_kg_ha,MLR,88.5,82.05895674828423
TSP_kg_ha,MLR,92.6,87.25022635687264
TSP_kg_ha,MLR,121.1,117.8294259959232
TSP_kg_ha,MLR,87.1,108.04265709138562
TSP_kg_ha,MLR,124.6,139.15391179513878
TSP_kg_ha,MLR,120.7,119.78352569274689
TSP_kg_ha,MLR,89.3,71.22680244268261
TSP_kg_ha,MLR,82,75.78945751599115
TSP_kg_ha,MLR,138.2,119.87161628214669
TSP_kg_ha,MLR,124.3,115.21107342076684
TSP_kg_ha,MLR,127.3,135.11144761647054
TSP_kg_ha,MLR,86.6,98.76954414846983
TSP_kg_ha,MLR,124.8,116.79737715125725
TSP_kg_ha,MLR,81,72.37888118821839
TSP_kg_ha,MLR,128.1,131.15924300106502
TSP_kg_ha,MLR,131.5,111.20142616763772
TSP_kg_ha,MLR,82.2,83.11667440019674
TSP_kg_ha,MLR,129.5,129.26306291616626
TSP_kg_ha,MLR,138.3,138.1690058698825
TSP_kg_ha,MLR,134.6,125.87246382943393
TSP_kg_ha,MLR,138.3,127.79254776550248
TSP_kg_ha,MLR,93.5,108.53321928535648
TSP_kg_ha,MLR,89.8,94.94754393268828
TSP_kg_ha,MLR,90.4,94.51439462419582
TSP_kg_ha,MLR,85.1,74.90592981252244
TSP_kg_ha,MLR,135.4,140.18561188039752
TSP_kg_ha,MLR,131.6,121.0099863400901
TSP_kg_ha,MLR,137.4,112.4211551040328
TSP_kg_ha,MLR,81.3,82.63515795344851
TSP_kg_ha,MLR,132.6,109.01861784297996
TSP_kg_ha,MLR,126.9,119.61571128413388
TSP_kg_ha,MLR,46.2,60.47775273019777
TSP_kg_ha,MLR,135.3,138.11784136902796
TSP_kg_ha,MLR,135.6,134.29149521457444
TSP_kg_ha,MLR,129.4,138.72301918758987
TSP_kg_ha,MLR,138.6,141.7983628920261
TSP_kg_ha,MLR,87.8,76.27989907597492
TSP_kg_ha,MLR,85.9,104.09295060596874
TSP_kg_ha,MLR,135.7,115.41612924850875
TSP_kg_ha,MLR,88.8,88.24234455985385
TSP_kg_ha,MLR,136.8,121.83321444282177
TSP_kg_ha,MLR,127.1,131.82469926504703
TSP_kg_ha,MLR,45.7,35.71351437816973
TSP_kg_ha,MLR,134.7,139.25964313383895
TSP_kg_ha,MLR,138.1,134.0416119101877
TSP_kg_ha,MLR,136.8,136.5362816835625
TSP_kg_ha,MLR,93.2,76.43956963992326
TSP_kg_ha,MLR,92.8,81.48773757416966
TSP_kg_ha,MLR,81.6,100.00736617887256
TSP_kg_ha,MLR,124.4,112.6605732923413
TSP_kg_ha,MLR,124.5,109.59718760440937
TSP_kg_ha,MLR,91.2,81.5060804929294
TSP_kg_ha,MLR,93,80.66822073794333
TSP_kg_ha,MLR,81,100.1184934875457
TSP_kg_ha,MLR,87.5,104.12222408559616
TSP_kg_ha,MLR,137.6,141.45155649456635
TSP_kg_ha,MLR,88.4,87.11475436445063
TSP_kg_ha,MLR,140.1,140.46792345638988
TSP_kg_ha,MLR,130.6,122.49049054551864
TSP_kg_ha,MLR,131.1,139.97909344225965
TSP_kg_ha,MLR,130.3,122.86558727144515
TSP_kg_ha,MLR,127.8,126.49313970749259
TSP_kg_ha,MLR,86.3,108.42752860727259
TSP_kg_ha,MLR,86.4,88.45355137446084
TSP_kg_ha,MLR,130.7,131.3881654816566
TSP_kg_ha,MLR,83,99.89803695744014
TSP_kg_ha,MLR,135.7,133.24788834746215
TSP_kg_ha,MLR,137.9,123.31539953455726
TSP_kg_ha,MLR,82.3,101.99895099662903
TSP_kg_ha,MLR,127.3,110.50348668838772
TSP_kg_ha,MLR,139.6,123.85208232806934
TSP_kg_ha,MLR,124.1,128.67421268422996
TSP_kg_ha,MLR,41.8,65.42506951924348
TSP_kg_ha,MLR,92.1,87.15114895879489
TSP_kg_ha,MLR,85.5,76.50574969253722
TSP_kg_ha,MLR,127.6,131.1341724843606
TSP_kg_ha,MLR,125.9,122.39951245214534
TSP_kg_ha,MLR,133.6,111.45438662342423
TSP_kg_ha,MLR,44.7,45.50497096855841
TSP_kg_ha,MLR,90.1,75.31088534973993
TSP_kg_ha,MLR,40.9,58.757826146237356
TSP_kg_ha,MLR,137.9,127.84305118051358
TSP_kg_ha,MLR,137.8,134.90694183743807
TSP_kg_ha,MLR,130.3,109.78504251086048
TSP_kg_ha,MLR,135.2,131.90476286277067
TSP_kg_ha,MLR,127.2,131.0491250662185
TSP_kg_ha,MLR,82,81.60460433628154
TSP_kg_ha,MLR,91.5,79.12617555267276
TSP_kg_ha,MLR,81.4,92.87214491173108
TSP_kg_ha,MLR,86.1,82.43083669698677
TSP_kg_ha,MLR,121.8,124.72282000908592
TSP_kg_ha,MLR,81.5,86.65349654710506
TSP_kg_ha,MLR,121,123.08933091611435
TSP_kg_ha,MLR,127.9,126.43744182968105
TSP_kg_ha,MLR,135.2,112.40174242704568
TSP_kg_ha,MLR,136.5,138.86553714402464
TSP_kg_ha,MLR,136.9,135.65393545768148
TSP_kg_ha,MLR,91.7,91.66610192549294
TSP_kg_ha,MLR,80.5,80.2538506173649
TSP_kg_ha,MLR,89.3,75.5134358805295
TSP_kg_ha,MLR,132.3,142.65952301378323
TSP_kg_ha,MLR,134.1,106.70380054341354
TSP_kg_ha,MLR,84.9,97.29993856472007
TSP_kg_ha,MLR,129.7,127.3093782981315
TSP_kg_ha,MLR,42.9,64.17897733125105
TSP_kg_ha,MLR,92.4,77.18121012055721
TSP_kg_ha,MLR,130.4,117.42106983530587
TSP_kg_ha,MLR,128,131.0228353460591
TSP_kg_ha,MLR,134.5,122.72004570061634
TSP_kg_ha,MLR,139.5,130.71657285176656
TSP_kg_ha,MLR,133.3,129.6954418449034
TSP_kg_ha,MLR,126.8,107.88881604338891
TSP_kg_ha,MLR,87.2,102.12943678090707
TSP_kg_ha,MLR,127,138.08374569312733
TSP_kg_ha,MLR,132.8,117.96330628625275
TSP_kg_ha,MLR,135.3,136.66211034086686
TSP_kg_ha,MLR,88.3,95.35017633298465
TSP_kg_ha,MLR,125.5,138.26679372657924
TSP_kg_ha,MLR,127.6,121.54031428839042
TSP_kg_ha,MLR,130.6,126.76561042131821
TSP_kg_ha,MLR,136.2,109.99932114393074
TSP_kg_ha,MLR,90,105.88077340992615
TSP_kg_ha,MLR,131.3,111.810164837243
TSP_kg_ha,MLR,129.1,118.09889129276756
TSP_kg_ha,MLR,130.3,121.66219975394309
TSP_kg_ha,MLR,89.5,97.170765839705
TSP_kg_ha,MLR,134.5,109.26588134135947
TSP_kg_ha,MLR,135.4,110.45744576061385
TSP_kg_ha,MLR,83.6,85.91330239773463
TSP_kg_ha,MLR,127.6,130.3682711525035
TSP_kg_ha,MLR,126.1,129.2301653229337
TSP_kg_ha,MLR,92.9,93.07074443882631
TSP_kg_ha,MLR,88.4,96.23729890897968
TSP_kg_ha,MLR,82.6,85.93509925226799
TSP_kg_ha,MLR,135.6,123.71014608872656
TSP_kg_ha,MLR,91.8,104.43824778960845
TSP_kg_ha,MLR,80.7,69.8474003262093
TSP_kg_ha,MLR,137.2,107.4745473610171
TSP_kg_ha,MLR,125.2,143.21083376412824
TSP_kg_ha,MLR,131.9,125.21480746044227
TSP_kg_ha,MLR,130.3,124.46113759793892
TSP_kg_ha,MLR,126.6,120.3770985655226
TSP_kg_ha,MLR,129.3,113.72122387661334
TSP_kg_ha,Ridge,45,68.51458976214481
TSP_kg_ha,Ridge,87,107.14467470526657
TSP_kg_ha,Ridge,80.8,84.69368247820573
TSP_kg_ha,Ridge,123.6,134.24333237686832
TSP_kg_ha,Ridge,139.9,132.09189657257798
TSP_kg_ha,Ridge,91,97.01212956165746
TSP_kg_ha,Ridge,135.8,121.55596995824928
TSP_kg_ha,Ridge,133.9,110.73628148136768
TSP_kg_ha,Ridge,138.1,108.14422947397568
TSP_kg_ha,Ridge,93.3,100.4076301474873
TSP_kg_ha,Ridge,126,127.72424635037608
TSP_kg_ha,Ridge,83.1,98.48698072060657
TSP_kg_ha,Ridge,131.5,117.69732994220152
TSP_kg_ha,Ridge,45.8,44.35363204870499
TSP_kg_ha,Ridge,85.5,102.16041866172483
TSP_kg_ha,Ridge,89.9,86.66557926953783
TSP_kg_ha,Ridge,136.7,126.53973713994837
TSP_kg_ha,Ridge,140.1,109.28795427555687
TSP_kg_ha,Ridge,129.6,140.77299464157323
TSP_kg_ha,Ridge,128.4,111.15978078899795
TSP_kg_ha,Ridge,135.9,109.12680395407868
TSP_kg_ha,Ridge,130.8,118.0932970057916
TSP_kg_ha,Ridge,125.2,115.0692517135307
TSP_kg_ha,Ridge,123.4,132.56126475916955
TSP_kg_ha,Ridge,125.1,116.18398778002685
TSP_kg_ha,Ridge,135.5,123.40441373052194
TSP_kg_ha,Ridge,122.9,116.3597704268552
TSP_kg_ha,Ridge,125.7,127.84757556115697
TSP_kg_ha,Ridge,88.1,101.08128038754431
TSP_kg_ha,Ridge,41.6,48.28694385046405
TSP_kg_ha,Ridge,129.9,135.17538417643885
TSP_kg_ha,Ridge,88.1,96.88729437762616
TSP_kg_ha,Ridge,89.4,77.75514081028003
TSP_kg_ha,Ridge,89.2,100.75773678454779
TSP_kg_ha,Ridge,85.7,92.90915226452003
TSP_kg_ha,Ridge,92.5,97.1235929596573
TSP_kg_ha,Ridge,91.3,88.93056244615855
TSP_kg_ha,Ridge,81.9,92.722121352172
TSP_kg_ha,Ridge,122.7,122.85869805656634
TSP_kg_ha,Ridge,130.8,112.75770104438958
TSP_kg_ha,Ridge,91.5,105.44012272347642
TSP_kg_ha,Ridge,136.7,131.864364118475
TSP_kg_ha,Ridge,41.1,66.68523893712322
TSP_kg_ha,Ridge,138.4,110.4134502034502
TSP_kg_ha,Ridge,93.2,84.13373436994063
TSP_kg_ha,Ridge,86.7,82.997091182597
TSP_kg_ha,Ridge,125,120.64677038497544
TSP_kg_ha,Ridge,85.9,86.52251677613377
TSP_kg_ha,Ridge,137.7,115.27827126265984
TSP_kg_ha,Ridge,123.4,140.40155008786638
TSP_kg_ha,Ridge,134.4,135.23970900256643
TSP_kg_ha,Ridge,129.1,128.24522474640878
TSP_kg_ha,Ridge,42.7,60.539019567091486
TSP_kg_ha,Ridge,137.8,112.5710176023948
TSP_kg_ha,Ridge,128.1,131.91274689645752
TSP_kg_ha,Ridge,130.7,134.91104339071455
TSP_kg_ha,Ridge,91.1,105.259640226531
TSP_kg_ha,Ridge,123.2,131.72950549204637
TSP_kg_ha,Ridge,131.2,121.35547056052818
TSP_kg_ha,Ridge,139.7,130.49336099723158
TSP_kg_ha,Ridge,84,97.70495095974694
TSP_kg_ha,Ridge,134.3,128.84667798354937
TSP_kg_ha,Ridge,129.4,115.43733905121357
TSP_kg_ha,Ridge,132.4,132.75454211641355
TSP_kg_ha,Ridge,127,117.47733333721494
TSP_kg_ha,Ridge,123.6,117.14969992626715
TSP_kg_ha,Ridge,81.6,97.50472953497565
TSP_kg_ha,Ridge,91.4,105.18686052110145
TSP_kg_ha,Ridge,88.5,82.35058475452301
TSP_kg_ha,Ridge,88.2,97.75517104089742
TSP_kg_ha,Ridge,121.3,125.68241267173487
TSP_kg_ha,Ridge,129.1,121.4644957608377
TSP_kg_ha,Ridge,131.5,121.43504779386542
TSP_kg_ha,Ridge,133.3,118.91426201107346
TSP_kg_ha,Ridge,130.3,117.17743806490157
TSP_kg_ha,Ridge,90.5,107.66262546352905
TSP_kg_ha,Ridge,85.8,98.03166174242487
TSP_kg_ha,Ridge,123.7,110.24507546542442
TSP_kg_ha,Ridge,88,86.37046117078549
TSP_kg_ha,Ridge,92.3,105.80293248132983
TSP_kg_ha,Ridge,122.1,109.24473060296022
TSP_kg_ha,Ridge,92.2,96.50985170823432
TSP_kg_ha,Ridge,82.3,95.40224412314927
TSP_kg_ha,Ridge,132.5,135.6668093594761
TSP_kg_ha,Ridge,40.8,68.5609344021611
TSP_kg_ha,Ridge,86.7,107.71012487191136
TSP_kg_ha,Ridge,91.8,87.85198478108514
TSP_kg_ha,Ridge,128.2,109.79306194281249
TSP_kg_ha,Ridge,82.7,103.14472959636002
TSP_kg_ha,Ridge,124.9,106.15067745112036
TSP_kg_ha,Ridge,139.4,121.66423909525533
TSP_kg_ha,Ridge,86.7,81.99003854256875
TSP_kg_ha,Ridge,85.5,92.60596173695843
TSP_kg_ha,Ridge,137.9,140.9409909317379
TSP_kg_ha,Ridge,80.5,102.18985651995405
TSP_kg_ha,Ridge,124.8,129.1394976091313
TSP_kg_ha,Ridge,124.2,113.1380405678169
TSP_kg_ha,Ridge,132.6,110.57670270781027
TSP_kg_ha,Ridge,82.9,101.70737077631445
TSP_kg_ha,Ridge,86.2,96.98904356719578
TSP_kg_ha,Ridge,137.9,108.70332170067009
TSP_kg_ha,Ridge,127.9,125.08687363153668
TSP_kg_ha,Ridge,123.9,112.12852050148253
TSP_kg_ha,Ridge,131.5,110.86312999938201
TSP_kg_ha,Ridge,84.2,95.20181595347277
TSP_kg_ha,Ridge,130.6,111.98586157261913
TSP_kg_ha,Ridge,134.2,112.94806377661283
TSP_kg_ha,Ridge,133,137.14095816356576
TSP_kg_ha,Ridge,124.7,124.97981643662173
TSP_kg_ha,Ridge,87.3,88.71535680181935
TSP_kg_ha,Ridge,43.2,36.7950695071578
TSP_kg_ha,Ridge,89,88.31988579147038
TSP_kg_ha,Ridge,85.1,107.4877654985862
TSP_kg_ha,Ridge,80.6,102.76990998044532
TSP_kg_ha,Ridge,126.5,122.17829935950923
TSP_kg_ha,Ridge,138.6,134.46110736115907
TSP_kg_ha,Ridge,122.3,129.06561409253712
TSP_kg_ha,Ridge,84.9,94.56082452523758
TSP_kg_ha,Ridge,91.2,99.6393082401157
TSP_kg_ha,Ridge,82.7,79.6306054894667
TSP_kg_ha,Ridge,127.4,113.22804495321563
TSP_kg_ha,Ridge,135.6,131.72945942337492
TSP_kg_ha,Ridge,85.1,103.46386104138739
TSP_kg_ha,Ridge,82,104.893695790079
TSP_kg_ha,Ridge,137.3,117.62795614922875
TSP_kg_ha,Ridge,126.3,116.95564882696216
TSP_kg_ha,Ridge,123.1,118.09314230203515
TSP_kg_ha,Ridge,126.1,111.7255600352454
TSP_kg_ha,Ridge,89.7,104.22086324832479
TSP_kg_ha,Ridge,123.2,122.21400950923008
TSP_kg_ha,Ridge,132.6,123.812833749046
TSP_kg_ha,Ridge,44.9,60.6093278726725
TSP_kg_ha,Ridge,45.1,55.98436501282962
TSP_kg_ha,Ridge,133.6,109.54734440428795
TSP_kg_ha,Ridge,135.7,115.43181026039399
TSP_kg_ha,Ridge,122.2,129.42224361298236
TSP_kg_ha,Ridge,137.7,120.18445352058276
TSP_kg_ha,Ridge,134.4,125.31654564283596
TSP_kg_ha,Ridge,131.9,134.2707493077025
TSP_kg_ha,Ridge,139,126.8903860049294
TSP_kg_ha,Ridge,135,131.1370313342905
TSP_kg_ha,Ridge,86.7,76.9660312583146
TSP_kg_ha,Ridge,127.7,112.40413094644575
TSP_kg_ha,Ridge,87.8,97.95999435155493
TSP_kg_ha,Ridge,80.7,98.23067623498471
TSP_kg_ha,Ridge,120.7,133.79675294467802
TSP_kg_ha,Ridge,128.8,122.98218569696384
TSP_kg_ha,Ridge,92.8,107.8318282581284
TSP_kg_ha,Ridge,134.6,125.47674922905428
TSP_kg_ha,Ridge,123.9,123.88758827814692
TSP_kg_ha,Ridge,41.1,49.12225579737416
TSP_kg_ha,Ridge,136.3,139.52867460320326
TSP_kg_ha,Ridge,84,84.56083588486005
TSP_kg_ha,Ridge,121.5,119.76971181753493
TSP_kg_ha,Ridge,123.2,112.2917419659826
TSP_kg_ha,Ridge,91.2,98.27973431934895
TSP_kg_ha,Ridge,139.3,130.97815589200508
TSP_kg_ha,Ridge,136.8,111.44093098305467
TSP_kg_ha,Ridge,90,74.76603183209409
TSP_kg_ha,Ridge,140,119.01472580302664
TSP_kg_ha,Ridge,122.7,124.4631196409796
TSP_kg_ha,Ridge,84.3,80.68073397391761
TSP_kg_ha,Ridge,133.2,125.65489080175742
TSP_kg_ha,Ridge,124.7,112.30844811447656
TSP_kg_ha,Ridge,121.2,130.3224928412347
TSP_kg_ha,Ridge,91.9,78.55352243597004
TSP_kg_ha,Ridge,129.2,133.18463242104636
TSP_kg_ha,Ridge,124.6,133.27393140937448
TSP_kg_ha,Ridge,137.3,123.09112012805664
TSP_kg_ha,Ridge,84.7,91.81632218886705
TSP_kg_ha,Ridge,44.7,57.92999277985983
TSP_kg_ha,Ridge,92.8,102.88790414052971
TSP_kg_ha,Ridge,89.1,83.81780124934774
TSP_kg_ha,Ridge,45.7,43.155389218064705
TSP_kg_ha,Ridge,89.8,85.08624444831568
TSP_kg_ha,Ridge,88.3,84.76596412630809
TSP_kg_ha,Ridge,122.4,123.70723745780144
TSP_kg_ha,Ridge,84.2,96.26343141212163
TSP_kg_ha,Ridge,139,130.87166436174414
TSP_kg_ha,Ridge,128.1,113.27763168408
TSP_kg_ha,Ridge,137,125.49012227149112
TSP_kg_ha,Ridge,131,110.7355508302924
TSP_kg_ha,Ridge,126,111.28728462319233
TSP_kg_ha,Ridge,131.6,122.73061420383763
TSP_kg_ha,Ridge,126.8,108.7395818081781
TSP_kg_ha,Ridge,90,82.62614795883817
TSP_kg_ha,Ridge,122.9,119.46841564678184
TSP_kg_ha,Ridge,121.6,123.55630416691423
TSP_kg_ha,Ridge,88,84.428281716456965
TSP_kg_ha,Ridge,91.7,106.72668787494801
TSP_kg_ha,Ridge,123.9,121.15491006950504
TSP_kg_ha,Ridge,137.5,116.12956726871744
TSP_kg_ha,Ridge,135.3,126.34776037117399
TSP_kg_ha,Ridge,135.5,133.9309755514894
TSP_kg_ha,Ridge,127.9,134.33097976151504
TSP_kg_ha,Ridge,93.3,83.7002523012631
TSP_kg_ha,Ridge,83.6,107.24976003429457
TSP_kg_ha,Ridge,86.1,108.13557057434987
TSP_kg_ha,Ridge,135.4,123.12083153763454
TSP_kg_ha,Ridge,82.7,102.94356316840502
TSP_kg_ha,Ridge,135.6,136.73423842939889
TSP_kg_ha,Ridge,131.3,111.90689807844707
TSP_kg_ha,Ridge,92,104.98842731039846
TSP_kg_ha,Ridge,88.1,93.28212711066124
TSP_kg_ha,Ridge,130.5,112.95963009566712
TSP_kg_ha,Ridge,122,128.20900071664025
TSP_kg_ha,Ridge,85.9,104.36637820394589
TSP_kg_ha,Ridge,126.6,119.70754075306644
TSP_kg_ha,Ridge,136.6,122.15696672724002
TSP_kg_ha,Ridge,136.9,123.43051176444736
TSP_kg_ha,Ridge,85.7,100.31225946045004
TSP_kg_ha,Ridge,81.2,104.55058707569736
TSP_kg_ha,Ridge,46.8,57.827739130478385
TSP_kg_ha,Ridge,42.4,39.15819995329059
TSP_kg_ha,Ridge,89.4,103.83445621878458
TSP_kg_ha,Ridge,131.5,137.18084468064734
TSP_kg_ha,Ridge,93.2,107.9929676288416
TSP_kg_ha,Ridge,89.7,93.70758322334298
TSP_kg_ha,Ridge,91,95.15950833680704
TSP_kg_ha,Ridge,87.1,76.25619766383842
TSP_kg_ha,Ridge,89.3,107.38022913551248
TSP_kg_ha,Ridge,132.5,133.1519454680376
TSP_kg_ha,Ridge,91.8,86.52376436169419
TSP_kg_ha,Ridge,120.7,125.29616813165403
TSP_kg_ha,Ridge,122.3,135.374275820946
TSP_kg_ha,Ridge,85.9,97.35254209081286
TSP_kg_ha,Ridge,138.2,139.05426232554717
TSP_kg_ha,Ridge,126.4,111.16260610639131
TSP_kg_ha,Ridge,91.4,92.69401631122385
TSP_kg_ha,Ridge,136.4,136.37779536298095
TSP_kg_ha,Ridge,85.4,84.93077432525017
TSP_kg_ha,Ridge,136,133.4971106244467
TSP_kg_ha,Ridge,127.5,137.39522279755798
TSP_kg_ha,Ridge,121.4,110.28018547687498
TSP_kg_ha,Ridge,122.9,125.6189920445311
TSP_kg_ha,Ridge,130.1,132.237432337065
TSP_kg_ha,Ridge,84.9,82.26855901117774
TSP_kg_ha,Ridge,136.6,136.83338038551992
TSP_kg_ha,Ridge,127.6,115.98046238482053
TSP_kg_ha,Ridge,90.7,105.52747803822231
TSP_kg_ha,Ridge,80.8,83.2857979798296
TSP_kg_ha,Ridge,121.3,122.20886274054998
TSP_kg_ha,Ridge,125.3,124.65943034953473
TSP_kg_ha,Ridge,130.4,131.76834346874034
TSP_kg_ha,Ridge,133.4,129.5253654187394
TSP_kg_ha,Ridge,123.5,111.58329401867121
TSP_kg_ha,Ridge,93.5,95.72106787463282
TSP_kg_ha,Ridge,128.6,124.69903476055254
TSP_kg_ha,Ridge,135.2,130.5364882615262
TSP_kg_ha,Ridge,82.1,102.4337567202306
TSP_kg_ha,Ridge,80.5,107.02904418861608
TSP_kg_ha,Ridge,121.5,138.07016422918431
TSP_kg_ha,Ridge,90.1,97.00606132548029
TSP_kg_ha,Ridge,91.4,100.65738922036483
TSP_kg_ha,Ridge,86.1,88.57335264006542
TSP_kg_ha,Ridge,125.6,131.34667592768844
TSP_kg_ha,Ridge,124.9,134.80069937949793
TSP_kg_ha,Ridge,137.6,140.4630329716482
TSP_kg_ha,Ridge,120.7,136.3318019008671
TSP_kg_ha,Ridge,86.6,91.80038159780125
TSP_kg_ha,Ridge,129.9,134.50079475947933
TSP_kg_ha,Ridge,127.7,109.15329197677192
TSP_kg_ha,Ridge,121.2,112.65033138445187
TSP_kg_ha,Ridge,92.5,84.44429562395294
TSP_kg_ha,Ridge,127.3,109.47038412140994
TSP_kg_ha,Ridge,121.4,126.95711744378241
TSP_kg_ha,Ridge,136.3,115.76191272701293
TSP_kg_ha,Ridge,88.2,102.39155007806337
TSP_kg_ha,Ridge,88.2,86.67649287800432
TSP_kg_ha,Ridge,137.8,134.98382383057574
TSP_kg_ha,Ridge,120.9,136.59779899596603
TSP_kg_ha,Ridge,80.7,106.68223402115709
TSP_kg_ha,Ridge,91,104.33918912332663
TSP_kg_ha,Ridge,129,114.5773297689025
TSP_kg_ha,Ridge,89.8,81.07895965975086
TSP_kg_ha,Ridge,135.4,114.42024319011368
TSP_kg_ha,Ridge,135.9,117.67802170102865
TSP_kg_ha,Ridge,46.3,49.4683077281578
TSP_kg_ha,Ridge,41.6,61.86517174733353
TSP_kg_ha,Ridge,46.2,63.674197384415784
TSP_kg_ha,Ridge,125.4,127.72360899495247
TSP_kg_ha,Ridge,86.6,95.09086123024845
TSP_kg_ha,Ridge,87.9,87.41000843999112
TSP_kg_ha,Ridge,82.9,85.6462085959778
TSP_kg_ha,Ridge,45.4,59.37174825143737
TSP_kg_ha,Ridge,136.8,120.38687508099258
TSP_kg_ha,Ridge,125.9,107.8786655884069
TSP_kg_ha,Ridge,92.4,92.06101297393387
TSP_kg_ha,Ridge,93.1,97.736173509811465
TSP_kg_ha,Ridge,137.2,111.80118870389192
TSP_kg_ha,Ridge,81.8,104.87570240180193
TSP_kg_ha,Ridge,132.8,120.90212114901426
TSP_kg_ha,Ridge,123.7,113.0987181748901
TSP_kg_ha,Ridge,92.4,96.68534970773324
TSP_kg_ha,Ridge,40.3,54.09527104967516
TSP_kg_ha,Ridge,92.8,88.53974320215856
TSP_kg_ha,Ridge,91.9,95.84357917159754
TSP_kg_ha,Ridge,84.6,90.00668303606773
TSP_kg_ha,Ridge,90.6,102.08355792074138
TSP_kg_ha,Ridge,81.4,89.47546634046871
TSP_kg_ha,Ridge,137,131.00766071112523
TSP_kg_ha,Ridge,93.2,98.9367634752142
TSP_kg_ha,Ridge,84.5,80.21916155021036
TSP_kg_ha,Ridge,87,84.49347477648874
TSP_kg_ha,Ridge,135.4,119.58075919280272
TSP_kg_ha,Ridge,87.6,88.62857962369189
TSP_kg_ha,Ridge,124.7,120.65776168096994
TSP_kg_ha,Ridge,90,95.98442286820672
TSP_kg_ha,Ridge,84.1,84.2308143669139
TSP_kg_ha,Ridge,136.1,129.70203317750875
TSP_kg_ha,Ridge,81.1,83.10952988393632
TSP_kg_ha,Ridge,131.4,129.67016885394455
TSP_kg_ha,Ridge,82.3,99.91422459493639
TSP_kg_ha,Ridge,91.6,79.70532959044894
TSP_kg_ha,Ridge,82.9,102.59257239537494
TSP_kg_ha,Ridge,137.2,121.99112864479622
TSP_kg_ha,Ridge,81.9,74.19969433552365
TSP_kg_ha,Ridge,136.3,130.97653580323873
TSP_kg_ha,Ridge,127,122.81213971493277
TSP_kg_ha,Ridge,129.7,119.67091845110177
TSP_kg_ha,Ridge,122.9,129.14455091016754
TSP_kg_ha,Ridge,85,96.97964148087681
TSP_kg_ha,Ridge,132.9,124.66871700246936
TSP_kg_ha,Ridge,127.3,126.3422440655798
TSP_kg_ha,Ridge,133.9,124.75227641262005
TSP_kg_ha,Ridge,43.4,42.906919326569636
TSP_kg_ha,Ridge,122.7,126.74608713054587
TSP_kg_ha,Ridge,138,134.16321288373845
TSP_kg_ha,Ridge,127.5,133.1827503983148
TSP_kg_ha,Ridge,130.6,131.39809659015995
TSP_kg_ha,Ridge,89.4,91.95648263240841
TSP_kg_ha,Ridge,81.8,101.58187566792616
TSP_kg_ha,Ridge,84.8,90.95925951787804
TSP_kg_ha,Ridge,81.5,98.29441818589075
TSP_kg_ha,Ridge,122.1,131.15279102715434
TSP_kg_ha,Ridge,127.2,108.48902848548109
TSP_kg_ha,Ridge,81.5,77.09938034929972
TSP_kg_ha,Ridge,86.6,79.19744661918526
TSP_kg_ha,Ridge,87.8,106.5812985951865
TSP_kg_ha,Ridge,90.6,100.74189708724815
TSP_kg_ha,Ridge,138.7,129.01293660997013
TSP_kg_ha,Ridge,89.2,89.5648328472832
TSP_kg_ha,Ridge,92.1,100.2269150972862
TSP_kg_ha,Ridge,92.8,104.85741311301105
TSP_kg_ha,Ridge,87.1,94.49519282850802
TSP_kg_ha,Ridge,124,133.90805517708816
TSP_kg_ha,Ridge,88.5,92.0875431474634
TSP_kg_ha,Ridge,89.3,89.47601960206171
TSP_kg_ha,Ridge,127.5,133.11603379119404
TSP_kg_ha,Ridge,127.3,131.60491955717848
TSP_kg_ha,Ridge,89.1,80.58469310714338
TSP_kg_ha,Ridge,45.5,65.50755957532424
TSP_kg_ha,Ridge,82.4,86.6968785029814
TSP_kg_ha,Ridge,81.3,94.0761899522161
TSP_kg_ha,Ridge,139,114.82811548485365
TSP_kg_ha,Ridge,135.2,128.07638450292006
TSP_kg_ha,Ridge,87.4,75.67708586527992
TSP_kg_ha,Ridge,83.3,88.50548771559151
TSP_kg_ha,Ridge,123.4,115.2353480583114
TSP_kg_ha,Ridge,132.2,134.93409515140786
TSP_kg_ha,Ridge,87.1,93.60232779515287
TSP_kg_ha,Ridge,134.2,120.4791320476281
TSP_kg_ha,Ridge,128.9,113.34695562156685
TSP_kg_ha,Ridge,42.2,70.34525422822784
TSP_kg_ha,Ridge,83.3,85.77466606524048
TSP_kg_ha,Ridge,84,100.58462559517744
TSP_kg_ha,Ridge,124.9,114.72855878656101
TSP_kg_ha,Ridge,124.8,126.5294402542104
TSP_kg_ha,Ridge,85.6,78.0446709759529
TSP_kg_ha,Ridge,40.7,63.32071854263049
TSP_kg_ha,Ridge,83.4,95.66683040695126
TSP_kg_ha,Ridge,91.5,100.97848708105269
TSP_kg_ha,Ridge,81.2,97.32778920667229
TSP_kg_ha,Ridge,125.6,122.75658630046128
TSP_kg_ha,Ridge,122.2,111.6497232435266
TSP_kg_ha,Ridge,86,94.95772160049349
TSP_kg_ha,Ridge,88.4,79.03834916397845
TSP_kg_ha,Ridge,131,126.39937517456342
TSP_kg_ha,Ridge,136.5,125.80989783020152
TSP_kg_ha,Ridge,124.7,119.35859034674291
TSP_kg_ha,Ridge,139.2,110.68330279478188
TSP_kg_ha,Ridge,128.9,114.48106264924282
TSP_kg_ha,Ridge,86.4,103.5234942780273
TSP_kg_ha,Ridge,80.9,91.21575132104587
TSP_kg_ha,Ridge,44.5,66.15890151600098
TSP_kg_ha,Ridge,133,110.18516259901432
TSP_kg_ha,Ridge,41.6,38.705508053322504
TSP_kg_ha,Ridge,81.3,77.46438787594502
TSP_kg_ha,Ridge,89.5,99.31558805640391
TSP_kg_ha,Ridge,124.1,130.17004386585336
TSP_kg_ha,Ridge,120.8,125.7496390228816
TSP_kg_ha,Ridge,135.5,124.07738124681953
TSP_kg_ha,Ridge,126.4,120.38157830003284
TSP_kg_ha,Ridge,90.4,86.92769001727932
TSP_kg_ha,Ridge,135.2,121.72855329122683
TSP_kg_ha,Ridge,130.7,132.05384542827863
TSP_kg_ha,Ridge,88.5,98.80939202404556
TSP_kg_ha,Ridge,135.4,137.0124840391173
TSP_kg_ha,Ridge,137.8,132.58312240509173
TSP_kg_ha,Ridge,90.2,92.94917136736163
TSP_kg_ha,Ridge,134.5,126.86882703441731
TSP_kg_ha,Ridge,131.6,106.34948079677334
TSP_kg_ha,Ridge,92.3,99.23808393494305
TSP_kg_ha,Ridge,91.1,102.5327998787197
TSP_kg_ha,Ridge,124,123.4153912940452
TSP_kg_ha,Ridge,81.2,100.53316748385002
TSP_kg_ha,Ridge,91.4,96.16688564960441
TSP_kg_ha,Ridge,131.3,132.39197813641687
TSP_kg_ha,Ridge,127.6,109.52299919219924
TSP_kg_ha,Ridge,82.8,85.406811454917
TSP_kg_ha,Ridge,132.2,128.3191735924751
TSP_kg_ha,Ridge,81.9,78.63689113977546
TSP_kg_ha,Ridge,127.9,113.90763036308388
TSP_kg_ha,Ridge,128.8,133.69158813802468
TSP_kg_ha,Ridge,82.4,105.78676094566585
TSP_kg_ha,Ridge,87.3,76.54101887466705
TSP_kg_ha,Ridge,90.6,84.51151818607573
TSP_kg_ha,Ridge,84.9,106.79433936456711
TSP_kg_ha,Ridge,139.4,127.17635892163773
TSP_kg_ha,Ridge,87.7,79.01920625867733
TSP_kg_ha,Ridge,130.2,118.64517646987262
TSP_kg_ha,Ridge,84.9,97.57880154585517
TSP_kg_ha,Ridge,89.1,76.78059117202625
TSP_kg_ha,Ridge,138,135.92643955230284
TSP_kg_ha,Ridge,121.4,130.72147910884462
TSP_kg_ha,Ridge,140.1,111.42480669962364
TSP_kg_ha,Ridge,82,86.8196179610041
TSP_kg_ha,Ridge,136.3,114.940489946971
TSP_kg_ha,Ridge,84.2,92.75238822305997
TSP_kg_ha,Ridge,86.3,82.15336084598901
TSP_kg_ha,Ridge,132.7,105.04358589995903
TSP_kg_ha,Ridge,138.1,124.10468746480092
TSP_kg_ha,Ridge,80.8,105.11539638855226
TSP_kg_ha,Ridge,121.8,137.30242687914094
TSP_kg_ha,Ridge,125.3,123.5885197136376
TSP_kg_ha,Ridge,85,82.83859014531194
TSP_kg_ha,Ridge,80.8,91.75737854670133
TSP_kg_ha,Ridge,127.8,107.86926469013974
TSP_kg_ha,Ridge,139.8,135.25611447395113
TSP_kg_ha,Ridge,120.7,135.09238041333444
TSP_kg_ha,Ridge,83.1,107.74066876185142
TSP_kg_ha,Ridge,89.3,106.40643003209694
TSP_kg_ha,Ridge,131.1,134.26043014961098
TSP_kg_ha,Ridge,43,53.19236531232783
TSP_kg_ha,Ridge,88.8,79.20950340900016
TSP_kg_ha,Ridge,139.8,131.26694526988396
TSP_kg_ha,Ridge,87.8,86.66077210579034
TSP_kg_ha,Ridge,91.7,79.32378834636276
TSP_kg_ha,Ridge,92.9,94.41583121100241
TSP_kg_ha,Ridge,130.1,126.129094162443
TSP_kg_ha,Ridge,128.5,112.65543984983977
TSP_kg_ha,Ridge,93.5,101.3597965990664
TSP_kg_ha,Ridge,124.6,122.13489988575932
TSP_kg_ha,Ridge,129.2,122.361929292593
TSP_kg_ha,Ridge,88.1,76.57972469353494
TSP_kg_ha,Ridge,83.2,108.31094657360319
TSP_kg_ha,Ridge,83.1,105.95634963451982
TSP_kg_ha,Ridge,133.4,117.24282014700515
TSP_kg_ha,Ridge,139.3,129.1577117647881
TSP_kg_ha,Ridge,84.2,106.78293736719188
TSP_kg_ha,Ridge,81.7,101.92183731051337
TSP_kg_ha,Ridge,134.6,131.85804355557622
TSP_kg_ha,Ridge,125.3,124.81637253373526
TSP_kg_ha,Ridge,121.8,127.08376387115176
TSP_kg_ha,Ridge,123.4,136.38457678855013
TSP_kg_ha,Ridge,83.6,102.11404063174702
TSP_kg_ha,Ridge,92.7,84.95755262400333
TSP_kg_ha,Ridge,87.7,98.20721570034489
TSP_kg_ha,Ridge,92.4,99.0593843072042
TSP_kg_ha,Ridge,133.8,138.95739734331536
TSP_kg_ha,Ridge,82.7,103.97998194850061
TSP_kg_ha,Ridge,92.6,94.96036725810343
TSP_kg_ha,Ridge,86.5,94.85270604125235
TSP_kg_ha,Ridge,84.6,108.90803245091035
TSP_kg_ha,Ridge,91.4,100.33762036766002
TSP_kg_ha,Ridge,136,125.25418791825416
TSP_kg_ha,Ridge,83.5,101.51940736632893
TSP_kg_ha,Ridge,89.3,76.01911784344286
TSP_kg_ha,Ridge,82.7,82.69967123686239
TSP_kg_ha,Ridge,84.3,89.50426599890646
TSP_kg_ha,Ridge,83.2,104.2213202080485
TSP_kg_ha,Ridge,127.4,127.90005198260123
TSP_kg_ha,Ridge,81,78.60250525706046
TSP_kg_ha,Ridge,127,134.01769545850385
TSP_kg_ha,Ridge,40.4,56.89252483750344
TSP_kg_ha,Ridge,90.1,105.6888507248291
TSP_kg_ha,Ridge,82.7,99.2516646177696
TSP_kg_ha,Ridge,87.5,78.01601141813431
TSP_kg_ha,Ridge,87.2,91.12641714525462
TSP_kg_ha,Ridge,84.9,94.6043636048169
TSP_kg_ha,Ridge,86.9,104.76032104661553
TSP_kg_ha,Ridge,128.8,130.80366451569233
TSP_kg_ha,Ridge,43.1,59.84349739231091
TSP_kg_ha,Ridge,131.2,132.0979986377739
TSP_kg_ha,Ridge,130.4,113.30129393159669
TSP_kg_ha,Ridge,121,119.65945858999639
TSP_kg_ha,Ridge,123.8,103.0065754274526
TSP_kg_ha,Ridge,45.5,47.52973894831704
TSP_kg_ha,Ridge,129.9,108.71296311716662
TSP_kg_ha,Ridge,130.8,118.39780655610811
TSP_kg_ha,Ridge,93,90.6879564758893
TSP_kg_ha,Ridge,90.6,106.26785193006778
TSP_kg_ha,Ridge,92.1,89.90566722167917
TSP_kg_ha,Ridge,131.9,120.76573106042568
TSP_kg_ha,Ridge,132.3,112.78546955827562
TSP_kg_ha,Ridge,43,53.159826112585755
TSP_kg_ha,Ridge,140,121.6687220405055
TSP_kg_ha,Ridge,137.5,111.64666925781452
TSP_kg_ha,Ridge,134.2,117.10704725623187
TSP_kg_ha,Ridge,89.4,90.84971917385012
TSP_kg_ha,Ridge,125.8,111.81233476371501
TSP_kg_ha,Ridge,133.5,111.27834913318225
TSP_kg_ha,Ridge,123,111.69718163284504
TSP_kg_ha,Ridge,87.7,72.55830282573119
TSP_kg_ha,Ridge,123.1,140.44498653365434
TSP_kg_ha,Ridge,84.4,89.3298103783244
TSP_kg_ha,Ridge,81.2,95.83840005427305
TSP_kg_ha,Ridge,88.1,94.95123831385922
TSP_kg_ha,Ridge,85,74.11300398051283
TSP_kg_ha,Ridge,124.9,131.2409573613905
TSP_kg_ha,Ridge,81.7,102.195525038035
TSP_kg_ha,Ridge,121.9,132.69283699566475
TSP_kg_ha,Ridge,93.1,101.60642906603009
TSP_kg_ha,Ridge,121.3,110.07175088484517
TSP_kg_ha,Ridge,91.5,104.49935516398811
TSP_kg_ha,Ridge,88.9,94.89962201908143
TSP_kg_ha,Ridge,125.5,120.6547746313502
TSP_kg_ha,Ridge,92.2,80.94512091525438
TSP_kg_ha,Ridge,123.8,120.49894170754166
TSP_kg_ha,Ridge,127.9,130.04864230192857
TSP_kg_ha,Ridge,45.7,65.2801630823832
TSP_kg_ha,Ridge,130.6,124.9703765588536
TSP_kg_ha,Ridge,126.3,121.5094817165106
TSP_kg_ha,Ridge,133,114.10664386302395
TSP_kg_ha,Ridge,81.6,98.47211896426201
TSP_kg_ha,Ridge,123.1,136.66853057107392
TSP_kg_ha,Ridge,139.1,117.33287322348585
TSP_kg_ha,Ridge,128.7,125.92549015145448
TSP_kg_ha,Ridge,123.6,124.30164066339425
TSP_kg_ha,Ridge,90.7,99.52770439882366
TSP_kg_ha,Ridge,123,126.54013140993939
TSP_kg_ha,Ridge,92.8,83.16176024190158
TSP_kg_ha,Ridge,124.3,125.10895816219391
TSP_kg_ha,Ridge,126.8,116.56640302258614
TSP_kg_ha,Ridge,92.3,98.65772089087476
TSP_kg_ha,Ridge,81.7,106.08966158796167
TSP_kg_ha,Ridge,46.7,60.318152869916744
TSP_kg_ha,Ridge,133.9,114.80254772269821
TSP_kg_ha,Ridge,136.7,124.65222457176007
TSP_kg_ha,Ridge,139.7,124.20708041074494
TSP_kg_ha,Ridge,139,132.81258386882513
TSP_kg_ha,Ridge,128.6,127.18861942824428
TSP_kg_ha,Ridge,136.1,125.30831255286566
TSP_kg_ha,Ridge,134.3,128.95885741198967
TSP_kg_ha,Ridge,91.6,79.15631577790425
TSP_kg_ha,Ridge,139.5,124.76320902595995
TSP_kg_ha,Ridge,125.7,127.99788754347742
TSP_kg_ha,Ridge,86.8,102.61989062006346
TSP_kg_ha,Ridge,82.1,101.1663374958265
TSP_kg_ha,Ridge,132.3,110.95955334071674
TSP_kg_ha,Ridge,129.8,125.22929610508524
TSP_kg_ha,Ridge,91.9,98.406387685804
TSP_kg_ha,Ridge,133.7,114.48413337017995
TSP_kg_ha,Ridge,133.2,109.404631036997
TSP_kg_ha,Ridge,85.7,90.92009593737772
TSP_kg_ha,Ridge,134.2,130.63475003991076
TSP_kg_ha,Ridge,44.3,62.21742202624596
TSP_kg_ha,Ridge,130.7,137.28066324468193
TSP_kg_ha,Ridge,83.5,97.36048989183323
TSP_kg_ha,Ridge,138,126.83275590535855
TSP_kg_ha,Ridge,82.7,86.29018823297129
TSP_kg_ha,Ridge,138.1,127.23709296358774
TSP_kg_ha,Ridge,122.1,131.52867401353737
TSP_kg_ha,Ridge,92.2,81.50213583199907
TSP_kg_ha,Ridge,90.3,97.0974923773413
TSP_kg_ha,Ridge,93,96.91228664301326
TSP_kg_ha,Ridge,89.7,84.89270333000186
TSP_kg_ha,Ridge,132.3,118.89079006752821
TSP_kg_ha,Ridge,126,137.5720299307881
TSP_kg_ha,Ridge,85,88.37513231165848
TSP_kg_ha,Ridge,88.7,93.7439992281447
TSP_kg_ha,Ridge,81.4,93.45129060458628
TSP_kg_ha,Ridge,124.3,121.5482591317314
TSP_kg_ha,Ridge,133.8,114.16115436825496
TSP_kg_ha,Ridge,90.5,108.58027238574789
TSP_kg_ha,Ridge,135.4,131.44112633469382
TSP_kg_ha,Ridge,137.8,109.82167516018113
TSP_kg_ha,Ridge,92.6,95.53201557427856
TSP_kg_ha,Ridge,82.1,101.5532410554199
TSP_kg_ha,Ridge,139.6,127.14529125803742
TSP_kg_ha,Ridge,134.3,124.05920064365313
TSP_kg_ha,Ridge,84.4,97.03002634300822
TSP_kg_ha,Ridge,45.3,64.0680156859195
TSP_kg_ha,Ridge,85.3,86.72348882658173
TSP_kg_ha,Ridge,89.5,104.18500306907339
TSP_kg_ha,Ridge,89.7,99.74239563512222
TSP_kg_ha,Ridge,87.9,99.40719401799649
TSP_kg_ha,Ridge,43.6,45.51181817744213
TSP_kg_ha,Ridge,133.5,136.29300114474754
TSP_kg_ha,Ridge,123.4,137.69049693305584
TSP_kg_ha,Ridge,86.6,107.84408906559365
TSP_kg_ha,Ridge,138.9,116.97578661372977
TSP_kg_ha,Ridge,129.8,130.3457642927316
TSP_kg_ha,Ridge,91.1,101.43254086996552
TSP_kg_ha,Ridge,91.8,97.1391431394359
TSP_kg_ha,Ridge,82,97.74290872695354
TSP_kg_ha,Ridge,131.2,139.44104164657213
TSP_kg_ha,Ridge,120.7,129.10332575416777
TSP_kg_ha,Ridge,45.2,56.53910456909798
TSP_kg_ha,Ridge,93.5,78.37384784229985
TSP_kg_ha,Ridge,86.1,95.63303246921743
TSP_kg_ha,Ridge,126.6,139.16233483969077
TSP_kg_ha,Ridge,82.7,93.72063264747985
TSP_kg_ha,Ridge,91.7,97.9128031210337
TSP_kg_ha,Ridge,80.6,102.49394364610109
TSP_kg_ha,Ridge,90.3,77.39935949034857
TSP_kg_ha,Ridge,87,89.43443995843057
TSP_kg_ha,Ridge,83.1,96.22691389764253
TSP_kg_ha,Ridge,125.3,124.30984966123044
TSP_kg_ha,Ridge,125.3,115.92997726542403
TSP_kg_ha,Ridge,84.5,77.42427289186547
TSP_kg_ha,Ridge,131.9,125.34765187312563
TSP_kg_ha,Ridge,124.3,120.26382957673889
TSP_kg_ha,Ridge,127.7,121.90710387937519
TSP_kg_ha,Ridge,86.4,85.69884089103465
TSP_kg_ha,Ridge,125.9,110.94576363974271
TSP_kg_ha,Ridge,133.5,130.82502434463717
TSP_kg_ha,Ridge,81.6,97.61339998154904
TSP_kg_ha,Ridge,131.5,123.26693277082305
TSP_kg_ha,Ridge,122.6,132.05667331501593
TSP_kg_ha,Ridge,85.4,89.3792063884748
TSP_kg_ha,Ridge,80.8,94.14183436980281
TSP_kg_ha,Ridge,89.9,96.98547629564204
TSP_kg_ha,Ridge,123.5,131.16465843398603
TSP_kg_ha,Ridge,136.9,111.71584309320731
TSP_kg_ha,Ridge,139.3,134.1701113047073
TSP_kg_ha,Ridge,127.3,128.92590949626242
TSP_kg_ha,Ridge,126.7,142.23221951019838
TSP_kg_ha,Ridge,85.8,102.53057254847236
TSP_kg_ha,Ridge,124.7,117.51791351797007
TSP_kg_ha,Ridge,122,106.24704102262928
TSP_kg_ha,Ridge,130.2,111.79725008318634
TSP_kg_ha,Ridge,135.8,122.93674041191444
TSP_kg_ha,Ridge,125.3,116.42474812867637
TSP_kg_ha,Ridge,127.5,136.6272092524064
TSP_kg_ha,Ridge,132.3,125.34712490748184
TSP_kg_ha,Ridge,44.5,42.55989396634736
TSP_kg_ha,Ridge,124.2,129.93675886604737
TSP_kg_ha,Ridge,139.9,114.28413111627562
TSP_kg_ha,Ridge,135.9,121.62391838371602
TSP_kg_ha,Ridge,134.5,127.7034032974364
TSP_kg_ha,Ridge,89.6,100.93894101426797
TSP_kg_ha,Ridge,85,79.22937582878265
TSP_kg_ha,Ridge,138,131.98899657369608
TSP_kg_ha,Ridge,44.7,60.43508688886319
TSP_kg_ha,Ridge,124.2,109.63687412892178
TSP_kg_ha,Ridge,134.6,116.44626087534431
TSP_kg_ha,Ridge,136.1,126.88478585903005
TSP_kg_ha,Ridge,136.8,125.13361813683966
TSP_kg_ha,Ridge,138.5,110.45896204571437
TSP_kg_ha,Ridge,128.6,129.0293244563237
TSP_kg_ha,Ridge,121.6,111.46870089871035
TSP_kg_ha,Ridge,132.6,130.54506256109067
TSP_kg_ha,Ridge,81.7,101.70409678527774
TSP_kg_ha,Ridge,139.6,137.29766752763376
TSP_kg_ha,Ridge,81.9,93.21325115088278
TSP_kg_ha,Ridge,124.5,134.55733235621838
TSP_kg_ha,Ridge,137.6,138.11912606437045
TSP_kg_ha,Ridge,130.7,129.39603755563627
TSP_kg_ha,Ridge,130,127.30921410032671
TSP_kg_ha,Ridge,86.3,105.09544537792682
TSP_kg_ha,Ridge,139,116.99411143883968
TSP_kg_ha,Ridge,83.6,97.20662744649383
TSP_kg_ha,Ridge,86.1,80.75122709089229
TSP_kg_ha,Ridge,87.1,101.17857856850155
TSP_kg_ha,Ridge,121.5,135.34332543552276
TSP_kg_ha,Ridge,136.6,117.84379607374017
TSP_kg_ha,Ridge,81.7,93.54456879298677
TSP_kg_ha,Ridge,122,114.30642649939031
TSP_kg_ha,Ridge,83.8,106.65740503079799
TSP_kg_ha,Ridge,135.1,135.98568437904083
TSP_kg_ha,Ridge,122.9,116.02130537971777
TSP_kg_ha,Ridge,127.7,133.00417838404084
TSP_kg_ha,Ridge,84.9,104.56235424371128
TSP_kg_ha,Ridge,44,74.16720804806133
TSP_kg_ha,Ridge,82.4,100.52941842776677
TSP_kg_ha,Ridge,84.8,93.32433511140535
TSP_kg_ha,Ridge,137,129.94698839934497
TSP_kg_ha,Ridge,132.5,106.4520168581083
TSP_kg_ha,Ridge,85.5,103.2600020229141
TSP_kg_ha,Ridge,87,109.25452304475594
TSP_kg_ha,Ridge,87.8,82.67945135172013
TSP_kg_ha,Ridge,129.5,113.84377958318579
TSP_kg_ha,Ridge,135.7,138.35119579700068
TSP_kg_ha,Ridge,133.7,139.7345872331225
TSP_kg_ha,Ridge,132,112.83142864413449
TSP_kg_ha,Ridge,125.3,110.95535522165616
TSP_kg_ha,Ridge,83.3,93.75312260992904
TSP_kg_ha,Ridge,139.9,140.12636766932957
TSP_kg_ha,Ridge,137.6,112.05868136785298
TSP_kg_ha,Ridge,86.8,98.26869239183365
TSP_kg_ha,Ridge,80.7,79.25617406462864
TSP_kg_ha,Ridge,132,122.62897999397444
TSP_kg_ha,Ridge,133.7,125.58521820300682
TSP_kg_ha,Ridge,46.4,55.692618270302006
TSP_kg_ha,Ridge,133.7,130.19968730269758
TSP_kg_ha,Ridge,81.8,105.07514928469051
TSP_kg_ha,Ridge,86.9,75.93633519191056
TSP_kg_ha,Ridge,80.8,76.48471108055531
TSP_kg_ha,Ridge,82.9,104.72723588641912
TSP_kg_ha,Ridge,87.8,98.5850090024914
TSP_kg_ha,Ridge,88.1,91.74237387954054
TSP_kg_ha,Ridge,90.5,75.96849937222267
TSP_kg_ha,Ridge,92.1,95.14204081985038
TSP_kg_ha,Ridge,132.3,124.3743239599219
TSP_kg_ha,Ridge,91.2,97.93048358839066
TSP_kg_ha,Ridge,129.3,114.11405258033305
TSP_kg_ha,Ridge,44.9,36.59364587426875
TSP_kg_ha,Ridge,127,119.93114115006573
TSP_kg_ha,Ridge,130.9,124.01622139572181
TSP_kg_ha,Ridge,125.5,117.78440025654979
TSP_kg_ha,Ridge,87.6,103.39551152137238
TSP_kg_ha,Ridge,91.7,104.2872134920509
TSP_kg_ha,Ridge,91.3,89.7449626107276
TSP_kg_ha,Ridge,86.5,93.28615589933199
TSP_kg_ha,Ridge,131.3,125.5546609143801
TSP_kg_ha,Ridge,123.7,124.40155345651007
TSP_kg_ha,Ridge,91.3,92.72593363261791
TSP_kg_ha,Ridge,82.9,94.87194346935667
TSP_kg_ha,Ridge,122.2,117.8122592994676
TSP_kg_ha,Ridge,85.8,86.13197262469889
TSP_kg_ha,Ridge,93.5,102.41798073940444
TSP_kg_ha,Ridge,90.7,98.39638030236334
TSP_kg_ha,Ridge,140,136.84110002810917
TSP_kg_ha,Ridge,130,133.81135680391532
TSP_kg_ha,Ridge,125.1,108.82650278359917
TSP_kg_ha,Ridge,44.2,53.84056840706199
TSP_kg_ha,Ridge,138.8,116.5242674756207
TSP_kg_ha,Ridge,138.1,112.67144729565032
TSP_kg_ha,Ridge,131.4,119.02718291837921
TSP_kg_ha,Ridge,123.9,122.21458297955563
TSP_kg_ha,Ridge,86.8,107.04445422185933
TSP_kg_ha,Ridge,42.8,46.69691955757069
TSP_kg_ha,Ridge,138.6,124.51552687275806
TSP_kg_ha,Ridge,128.4,116.01053386472749
TSP_kg_ha,Ridge,128.5,121.17513307082565
TSP_kg_ha,Ridge,133.9,136.7952514884062
TSP_kg_ha,Ridge,127.8,109.8441360307153
TSP_kg_ha,Ridge,89.4,85.23817448200728
TSP_kg_ha,Ridge,124.4,139.76471782673644
TSP_kg_ha,Ridge,83.7,99.467700413729915
TSP_kg_ha,Ridge,127.6,131.3695055341496
TSP_kg_ha,Ridge,87.9,96.17822902604259
TSP_kg_ha,Ridge,88.5,104.32251734647637
TSP_kg_ha,Ridge,81.3,81.13991788155803
TSP_kg_ha,Ridge,88.3,102.4096467998778
TSP_kg_ha,Ridge,124.4,123.15056521508309
TSP_kg_ha,Ridge,89.3,95.71791035465256
TSP_kg_ha,Ridge,90.1,95.30209984877156
TSP_kg_ha,Ridge,42.9,42.33817824156746
TSP_kg_ha,Ridge,139,128.2427581460223
TSP_kg_ha,Ridge,137.1,114.638641839931
TSP_kg_ha,Ridge,124.3,130.15431292963885
TSP_kg_ha,Ridge,127.9,122.4882550806325
TSP_kg_ha,Ridge,140,134.2494457009449
TSP_kg_ha,Ridge,138.3,113.56667266122399
TSP_kg_ha,Ridge,44.5,52.58383435470759
TSP_kg_ha,Ridge,125.4,123.23378830314402
TSP_kg_ha,Ridge,121.1,119.03117283121546
TSP_kg_ha,Ridge,136.4,114.8292878068264
TSP_kg_ha,Ridge,125.8,135.37886815854583
TSP_kg_ha,Ridge,129.7,135.82253793824592
TSP_kg_ha,Ridge,80.9,106.21275545746103
TSP_kg_ha,Ridge,89.7,89.98856394104575
TSP_kg_ha,Ridge,124.6,117.39358769756882
TSP_kg_ha,Ridge,124.7,111.7681220947343
TSP_kg_ha,Ridge,87.8,101.62962522540849
TSP_kg_ha,Ridge,92,95.72685797036536
TSP_kg_ha,Ridge,135.3,131.94782952760616
TSP_kg_ha,Ridge,136.4,118.91183937122264
TSP_kg_ha,Ridge,83.6,100.00951666067505
TSP_kg_ha,Ridge,84.4,98.45784474531776
TSP_kg_ha,Ridge,89.4,90.08245096035256
TSP_kg_ha,Ridge,126.6,135.32231656199502
TSP_kg_ha,Ridge,92.6,97.86860583258411
TSP_kg_ha,Ridge,41.8,42.273225727568466
TSP_kg_ha,Ridge,122.2,127.2493469084093
TSP_kg_ha,Ridge,126.2,127.77236698131206
TSP_kg_ha,Ridge,91.6,106.5128484077063
TSP_kg_ha,Ridge,126.5,129.75617055323934
TSP_kg_ha,Ridge,43.1,72.81576350873817
TSP_kg_ha,Ridge,85.9,76.09452995814159
TSP_kg_ha,Ridge,135.3,129.29396061460602
TSP_kg_ha,Ridge,134.6,112.56499013923785
TSP_kg_ha,Ridge,89.2,103.07935986858394
TSP_kg_ha,Ridge,131.4,129.38371817900742
TSP_kg_ha,Ridge,121.9,111.71380158051242
TSP_kg_ha,Ridge,125.5,110.19019461816596
TSP_kg_ha,Ridge,139.8,120.7755541681571
TSP_kg_ha,Ridge,81.8,96.25862511811553
TSP_kg_ha,Ridge,125.5,129.00603110941879
TSP_kg_ha,Ridge,139.4,123.68882683695884
TSP_kg_ha,Ridge,124.5,117.01909048639813
TSP_kg_ha,Ridge,43.9,51.33905639094915
TSP_kg_ha,Ridge,125.2,127.9783979718597
TSP_kg_ha,Ridge,136.3,125.86534750342413
TSP_kg_ha,Ridge,138.9,124.52411751080474
TSP_kg_ha,Ridge,121.5,132.0344060732392
TSP_kg_ha,Ridge,82.8,85.29699351997496
TSP_kg_ha,Ridge,133.6,124.63976349964616
TSP_kg_ha,Ridge,125.1,129.16350510807973
TSP_kg_ha,Ridge,131.6,112.40884631084195
TSP_kg_ha,Ridge,133.4,136.15158809931003
TSP_kg_ha,Ridge,122,117.10957632178953
TSP_kg_ha,Ridge,83,95.23579916159575
TSP_kg_ha,Ridge,46.3,64.57206096318053
TSP_kg_ha,Ridge,88,100.09675374173503
TSP_kg_ha,Ridge,80.8,81.12376459265616
TSP_kg_ha,Ridge,129.1,110.55690190822797
TSP_kg_ha,Ridge,133.9,126.50854192688747
TSP_kg_ha,Ridge,84.8,103.4028681854469
TSP_kg_ha,Ridge,133.2,121.25291800398092
TSP_kg_ha,Ridge,128.3,140.53983212750583
TSP_kg_ha,Ridge,120.7,119.92035464847474
TSP_kg_ha,Ridge,87.3,93.23895210787329
TSP_kg_ha,Ridge,128.1,127.29789426321179
TSP_kg_ha,Ridge,93.4,86.52865801643613
TSP_kg_ha,Ridge,87.6,107.39393774152887
TSP_kg_ha,Ridge,139.9,137.9122991158769
TSP_kg_ha,Ridge,129.6,109.61510818160832
TSP_kg_ha,Ridge,124.7,125.77485672061917
TSP_kg_ha,Ridge,87.9,101.29090728482363
TSP_kg_ha,Ridge,121.7,118.2160455069918
TSP_kg_ha,Ridge,128.3,135.426110198689
TSP_kg_ha,Ridge,129.9,111.244949818839
TSP_kg_ha,Ridge,87.6,91.37394886302499
TSP_kg_ha,Ridge,127.2,134.02322108474513
TSP_kg_ha,Ridge,127.3,107.87647385697197
TSP_kg_ha,Ridge,85.4,76.27147872079748
TSP_kg_ha,Ridge,43.7,64.07386889323553
TSP_kg_ha,Ridge,85.4,94.39027204505987
TSP_kg_ha,Ridge,86.1,87.64470680482701
TSP_kg_ha,Ridge,133.2,138.61582034957985
TSP_kg_ha,Ridge,130,129.98171183726924
TSP_kg_ha,Ridge,90.7,78.14996185728921
TSP_kg_ha,Ridge,134.3,116.57705730578496
TSP_kg_ha,Ridge,139.7,126.30732109287555
TSP_kg_ha,Ridge,131.2,118.56462975778813
TSP_kg_ha,Ridge,81.1,76.2934867122221
TSP_kg_ha,Ridge,89,81.98837492266601
TSP_kg_ha,Ridge,91.6,107.4748287988279
TSP_kg_ha,Ridge,86.3,91.3480020874529
TSP_kg_ha,Ridge,126.1,106.90594298263508
TSP_kg_ha,Ridge,123.4,112.93568155539722
TSP_kg_ha,Ridge,84.5,99.17900344897534
TSP_kg_ha,Ridge,138.4,118.80040979948964
TSP_kg_ha,Ridge,138.9,123.17636145362842
TSP_kg_ha,Ridge,85.2,79.6697866465493
TSP_kg_ha,Ridge,139.1,131.25507802774413
TSP_kg_ha,Ridge,123.4,124.76210462032043
TSP_kg_ha,Ridge,134.7,117.03639465635277
TSP_kg_ha,Ridge,83.1,83.10710031447833
TSP_kg_ha,Ridge,121.5,132.2714786307968
TSP_kg_ha,Ridge,81.7,73.93445551149578
TSP_kg_ha,Ridge,83.6,79.2504925305259
TSP_kg_ha,Ridge,84.9,103.91322977718872
TSP_kg_ha,Ridge,131,121.36169163686753
TSP_kg_ha,Ridge,82.8,98.36011146376441
TSP_kg_ha,Ridge,132.8,130.2772484352011
TSP_kg_ha,Ridge,136.5,134.10568265218373
TSP_kg_ha,Ridge,84.7,97.04394342242966
TSP_kg_ha,Ridge,133,114.4127245429969
TSP_kg_ha,Ridge,87,77.06147303089494
TSP_kg_ha,Ridge,139.4,127.45897714306261
TSP_kg_ha,Ridge,83.1,76.841606007615
TSP_kg_ha,Ridge,89.7,98.24600280240001
TSP_kg_ha,Ridge,43.6,38.86096229159994
TSP_kg_ha,Ridge,137.1,128.61855270636494
TSP_kg_ha,Ridge,128.3,113.67812306257504
TSP_kg_ha,Ridge,90.3,105.27444952815911
TSP_kg_ha,Ridge,86,94.514620945599
TSP_kg_ha,Ridge,46.4,46.189509094896614
TSP_kg_ha,Ridge,137.7,132.70946864413705
TSP_kg_ha,Ridge,81,89.52394531123198
TSP_kg_ha,Ridge,139.7,113.91413869560976
TSP_kg_ha,Ridge,83.6,80.05617802965348
TSP_kg_ha,Ridge,133.4,136.6192476690058
TSP_kg_ha,Ridge,89.1,101.28118292975252
TSP_kg_ha,Ridge,89.6,78.5664650824917
TSP_kg_ha,Ridge,138.4,139.33397025663405
TSP_kg_ha,Ridge,46.7,63.37190943669287
TSP_kg_ha,Ridge,87.9,96.60667884662531
TSP_kg_ha,Ridge,88.9,79.75390340171626
TSP_kg_ha,Ridge,86.1,92.04113697738978
TSP_kg_ha,Ridge,44.9,70.07597863679261
TSP_kg_ha,Ridge,86.2,93.60879782981927
TSP_kg_ha,Ridge,89.9,98.51088277221687
TSP_kg_ha,Ridge,81.9,76.66778325250063
TSP_kg_ha,Ridge,88.7,98.7202293509834
TSP_kg_ha,Ridge,130.2,111.53281374993153
TSP_kg_ha,Ridge,128.1,130.40665492491817
TSP_kg_ha,Ridge,127.2,122.58122475379555
TSP_kg_ha,Ridge,44.2,55.073361125044286
TSP_kg_ha,Ridge,138.1,125.95223472230455
TSP_kg_ha,Ridge,133.7,117.10019733177442
TSP_kg_ha,Ridge,136.6,115.88268952429638
TSP_kg_ha,Ridge,133.4,137.976912876386
TSP_kg_ha,Ridge,88.8,100.0605095517204
TSP_kg_ha,Ridge,87.7,106.76044741469896
TSP_kg_ha,Ridge,87.3,100.68386205774586
TSP_kg_ha,Ridge,125.2,140.62462640039456
TSP_kg_ha,Ridge,91.1,101.33155277097761
TSP_kg_ha,Ridge,46.1,69.58360269018821
TSP_kg_ha,Ridge,86.9,100.20642574341781
TSP_kg_ha,Ridge,87.9,88.99168605265473
TSP_kg_ha,Ridge,130.2,117.04590168087351
TSP_kg_ha,Ridge,128.4,120.10257146401656
TSP_kg_ha,Ridge,130.4,122.16221708658658
TSP_kg_ha,Ridge,85.6,97.2418265577522
TSP_kg_ha,Ridge,125.1,126.1281238917594
TSP_kg_ha,Ridge,132.1,107.07365066506063
TSP_kg_ha,Ridge,127.3,123.380139330662
TSP_kg_ha,Ridge,81.6,96.07329640601328
TSP_kg_ha,Ridge,135.9,123.29889994922227
TSP_kg_ha,Ridge,81.5,94.52012213258682
TSP_kg_ha,Ridge,138.6,116.94255850544982
TSP_kg_ha,Ridge,130,138.51865905806633
TSP_kg_ha,Ridge,90.2,97.23125329131314
TSP_kg_ha,Ridge,42.2,69.87872469801678
TSP_kg_ha,Ridge,125.6,128.87552542000944
TSP_kg_ha,Ridge,136.2,111.281404621859
TSP_kg_ha,Ridge,124.4,118.19482813230411
TSP_kg_ha,Ridge,133.3,114.30962387583672
TSP_kg_ha,Ridge,128.8,115.76253742640289
TSP_kg_ha,Ridge,132,135.99649332602914
TSP_kg_ha,Ridge,42.4,57.072318479706695
TSP_kg_ha,Ridge,127.9,135.6247844316673
TSP_kg_ha,Ridge,40.3,74.68751918600601
TSP_kg_ha,Ridge,82,79.43041716099779
TSP_kg_ha,Ridge,134.7,125.12455080367114
TSP_kg_ha,Ridge,123.2,136.63184446900442
TSP_kg_ha,Ridge,91.6,88.00115195749395
TSP_kg_ha,Ridge,45.5,65.7672276949364
TSP_kg_ha,Ridge,121,132.96643195588976
TSP_kg_ha,Ridge,89.4,77.38908626149404
TSP_kg_ha,Ridge,121.3,140.30878903127322
TSP_kg_ha,Ridge,129.3,133.11478502632684
TSP_kg_ha,Ridge,125.9,126.4616493209361
TSP_kg_ha,Ridge,44.4,58.33227263097072
TSP_kg_ha,Ridge,138.2,129.3081418021322
TSP_kg_ha,Ridge,83.8,98.91388260427637
TSP_kg_ha,Ridge,90.2,92.98444467873837
TSP_kg_ha,Ridge,87.5,94.26195628676214
TSP_kg_ha,Ridge,80.6,86.34640323098635
TSP_kg_ha,Ridge,122,129.32733109054197
TSP_kg_ha,Ridge,45.9,57.94996237671249
TSP_kg_ha,Ridge,86.8,92.95273753821236
TSP_kg_ha,Ridge,136.7,110.5418068034311
TSP_kg_ha,Ridge,82.7,106.77190236822217
TSP_kg_ha,Ridge,130.7,131.02908754270078
TSP_kg_ha,Ridge,85.2,75.46599121586024
TSP_kg_ha,Ridge,139,140.42479454977988
TSP_kg_ha,Ridge,139.6,124.9293783215425
TSP_kg_ha,Ridge,124.6,139.91461719700646
TSP_kg_ha,Ridge,91.3,106.34444329122687
TSP_kg_ha,Ridge,83.6,103.7135609099947
TSP_kg_ha,Ridge,122.6,114.14996609994367
TSP_kg_ha,Ridge,133.5,109.09868890630648
TSP_kg_ha,Ridge,136.1,129.39737310088728
TSP_kg_ha,Ridge,91.6,102.29396115757343
TSP_kg_ha,Ridge,126.1,120.15964197796725
TSP_kg_ha,Ridge,129.8,131.64325570777882
TSP_kg_ha,Ridge,122.4,118.14276813411733
TSP_kg_ha,Ridge,133.9,114.79197813563106
TSP_kg_ha,Ridge,84.3,100.08481242886837
TSP_kg_ha,Ridge,137.3,124.0458523014789
TSP_kg_ha,Ridge,84.9,89.24595009530647
TSP_kg_ha,Ridge,87.3,87.94447880609141
TSP_kg_ha,Ridge,131.8,117.05060313562834
TSP_kg_ha,Ridge,81.7,95.59358550171045
TSP_kg_ha,Ridge,87.8,86.8946952170163
TSP_kg_ha,Ridge,132.7,119.38941765171859
TSP_kg_ha,Ridge,131.8,131.00390082043054
TSP_kg_ha,Ridge,83.6,87.44567179866
TSP_kg_ha,Ridge,133.2,136.7956785900758
TSP_kg_ha,Ridge,84.4,105.23875114653963
TSP_kg_ha,Ridge,135.2,116.95575139906828
TSP_kg_ha,Ridge,42.5,55.01996029968489
TSP_kg_ha,Ridge,84.1,105.3798187069687
TSP_kg_ha,Ridge,44,49.03413412683905
TSP_kg_ha,Ridge,136.3,120.62502816848476
TSP_kg_ha,Ridge,89.6,100.7602088461845
TSP_kg_ha,Ridge,44.1,64.51675381952765
TSP_kg_ha,Ridge,93.2,90.74778656875557
TSP_kg_ha,Ridge,136.9,121.01354975199095
TSP_kg_ha,Ridge,129.6,117.21908078262159
TSP_kg_ha,Ridge,134.8,123.11667390794993
TSP_kg_ha,Ridge,81.8,75.3225789699129
TSP_kg_ha,Ridge,86.6,97.90122719798683
TSP_kg_ha,Ridge,85.5,79.63778149780867
TSP_kg_ha,Ridge,43.7,52.04857635960283
TSP_kg_ha,Ridge,128.3,137.82846301993584
TSP_kg_ha,Ridge,125.4,120.5735348403798
TSP_kg_ha,Ridge,81.3,80.36618087929538
TSP_kg_ha,Ridge,123.9,116.7523100688889
TSP_kg_ha,Ridge,88.5,77.00053521741349
TSP_kg_ha,Ridge,120.8,120.98808769959577
TSP_kg_ha,Ridge,126.1,111.39126497017692
TSP_kg_ha,Ridge,92.5,89.64949134551279
TSP_kg_ha,Ridge,42.6,40.15576806004177
TSP_kg_ha,Ridge,130,139.3651638095658
TSP_kg_ha,Ridge,135.4,116.32832879342364
TSP_kg_ha,Ridge,133.1,118.59216249486472
TSP_kg_ha,Ridge,93.3,97.87541775670846
TSP_kg_ha,Ridge,89.2,90.58546885029962
TSP_kg_ha,Ridge,87.4,95.47322605654244
TSP_kg_ha,Ridge,42.2,53.2768876669899
TSP_kg_ha,Ridge,46.7,71.56293962061424
TSP_kg_ha,Ridge,132.4,137.47253445754788
TSP_kg_ha,Ridge,129.2,112.78428345174065
TSP_kg_ha,Ridge,86,96.49769660030876
TSP_kg_ha,Ridge,93.3,82.39108865324074
TSP_kg_ha,Ridge,139.1,131.57871122191432
TSP_kg_ha,Ridge,121,113.98292662714388
TSP_kg_ha,Ridge,135.8,126.3512039765751
TSP_kg_ha,Ridge,85.7,95.20556522493811
TSP_kg_ha,Ridge,131.3,109.76597331987506
TSP_kg_ha,Ridge,43.8,61.00814047846906
TSP_kg_ha,Ridge,137,123.20809354116173
TSP_kg_ha,Ridge,92,102.6643503156927
TSP_kg_ha,Ridge,129.8,127.70661182137464
TSP_kg_ha,Ridge,138.1,131.828987807775
TSP_kg_ha,Ridge,123.3,131.07980293375616
TSP_kg_ha,Ridge,130.3,136.1810674923232
TSP_kg_ha,Ridge,138.6,108.31693923468112
TSP_kg_ha,Ridge,85.1,105.31381383104797
TSP_kg_ha,Ridge,93,84.02853933574582
TSP_kg_ha,Ridge,81.9,100.04520322888331
TSP_kg_ha,Ridge,80.8,101.19258845049184
TSP_kg_ha,Ridge,121.9,124.1371057831569
TSP_kg_ha,Ridge,122.9,127.29956554379513
TSP_kg_ha,Ridge,43,53.922189146904124
TSP_kg_ha,Ridge,140,139.6499575442539
TSP_kg_ha,Ridge,124,136.21751099775335
TSP_kg_ha,Ridge,81.8,85.18392394646462
TSP_kg_ha,Ridge,124.4,119.66472535721121
TSP_kg_ha,Ridge,86.3,89.81622317452835
TSP_kg_ha,Ridge,93.2,73.11421435129712
TSP_kg_ha,Ridge,130.5,138.19550668225102
TSP_kg_ha,Ridge,135.7,130.3328050234662
TSP_kg_ha,Ridge,82.5,105.95200371777253
TSP_kg_ha,Ridge,85.2,85.30824363877534
TSP_kg_ha,Ridge,81.3,105.42292855150447
TSP_kg_ha,Ridge,90.9,105.7287200640536
TSP_kg_ha,Ridge,81.9,103.74336913999974
TSP_kg_ha,Ridge,85.9,84.42129129552629
TSP_kg_ha,Ridge,45.9,60.68741596882591
TSP_kg_ha,Ridge,126.3,122.90909655713939
TSP_kg_ha,Ridge,89.1,97.90262819700239
TSP_kg_ha,Ridge,128.7,132.23087889230553
TSP_kg_ha,Ridge,40.4,46.78084204122458
TSP_kg_ha,Ridge,139.9,120.69077387695461
TSP_kg_ha,Ridge,44,57.908785935710746
TSP_kg_ha,Ridge,122.9,120.18256474435847
TSP_kg_ha,Ridge,91.4,103.97233700726409
TSP_kg_ha,Ridge,92.3,97.47471414822819
TSP_kg_ha,Ridge,80.8,80.72971326726999
TSP_kg_ha,Ridge,43.2,39.114762173211346
TSP_kg_ha,Ridge,84.6,83.18507631886644
TSP_kg_ha,Ridge,46.4,55.29951018049512
TSP_kg_ha,Ridge,125.8,121.90480088027942
TSP_kg_ha,Ridge,83.4,93.5001740891074
TSP_kg_ha,Ridge,91.9,99.50654691241476
TSP_kg_ha,Ridge,84,78.29367577906758
TSP_kg_ha,Ridge,129,132.48584104933323
TSP_kg_ha,Ridge,91.5,106.91221518650394
TSP_kg_ha,Ridge,86.5,80.06914443558168
TSP_kg_ha,Ridge,131.4,113.86146713992899
TSP_kg_ha,Ridge,92.9,99.26433058765893
TSP_kg_ha,Ridge,88,99.45345302893026
TSP_kg_ha,Ridge,45.5,52.349651837190855
TSP_kg_ha,Ridge,135.9,129.78620872412142
TSP_kg_ha,Ridge,92.8,89.2632971124976
TSP_kg_ha,Ridge,89.3,83.07163568209937
TSP_kg_ha,Ridge,85.4,92.01835495813997
TSP_kg_ha,Ridge,92.5,97.22433917448923
TSP_kg_ha,Ridge,42.7,43.078391184533
TSP_kg_ha,Ridge,127.8,112.06532540061895
TSP_kg_ha,Ridge,87.9,100.20462763213445
TSP_kg_ha,Ridge,131.8,134.16950537692793
TSP_kg_ha,Ridge,125.4,129.5748977090554
TSP_kg_ha,Ridge,131.2,110.0077544956036
TSP_kg_ha,Ridge,121.9,131.8916122473712
TSP_kg_ha,Ridge,43.8,66.12404719905646
TSP_kg_ha,Ridge,83.1,91.90579338000826
TSP_kg_ha,Ridge,124.3,131.11563843040577
TSP_kg_ha,Ridge,84.3,95.51902876549896
TSP_kg_ha,Ridge,88.6,107.38120720270058
TSP_kg_ha,Ridge,134.8,111.28974221046707
TSP_kg_ha,Ridge,133.2,117.69289270500722
TSP_kg_ha,Ridge,128.5,131.80591699815113
TSP_kg_ha,Ridge,86.6,77.54270551263299
TSP_kg_ha,Ridge,44.6,65.45204323608424
TSP_kg_ha,Ridge,124.7,110.36951239347536
TSP_kg_ha,Ridge,125.9,119.68846472645222
TSP_kg_ha,Ridge,90.5,89.10331789519691
TSP_kg_ha,Ridge,91.5,101.6747946368454
TSP_kg_ha,Ridge,87.6,101.82706077245966
TSP_kg_ha,Ridge,92.7,80.72537412915742
TSP_kg_ha,Ridge,136.5,115.1818233027543
TSP_kg_ha,Ridge,44.6,41.382478821924
TSP_kg_ha,Ridge,132.1,120.65824235458793
TSP_kg_ha,Ridge,89.2,102.76589672518011
TSP_kg_ha,Ridge,136.9,111.98727248287567
TSP_kg_ha,Ridge,121.9,124.28935442087807
TSP_kg_ha,Ridge,92.4,98.92819129969963
TSP_kg_ha,Ridge,131,110.57806828979885
TSP_kg_ha,Ridge,121.3,115.53505410861422
TSP_kg_ha,Ridge,80.7,104.56738881540471
TSP_kg_ha,Ridge,122.1,124.65108323907597
TSP_kg_ha,Ridge,132,124.42350676444438
TSP_kg_ha,Ridge,88.6,103.09849997323423
TSP_kg_ha,Ridge,43,68.05193062277624
TSP_kg_ha,Ridge,130.3,120.38252528967715
TSP_kg_ha,Ridge,83.4,107.69811313346386
TSP_kg_ha,Ridge,124.1,127.66016422399065
TSP_kg_ha,Ridge,81.9,89.41405444028578
TSP_kg_ha,Ridge,90.3,94.0490906463361
TSP_kg_ha,Ridge,133.7,118.80183030391645
TSP_kg_ha,Ridge,125,134.61280790676747
TSP_kg_ha,Ridge,135.4,140.13800302807059
TSP_kg_ha,Ridge,138,118.22724127929756
TSP_kg_ha,Ridge,131.8,111.0971852453993
TSP_kg_ha,Ridge,134.1,112.11163936105766
TSP_kg_ha,Ridge,81.8,104.9786299830525
TSP_kg_ha,Ridge,136.9,125.21823444305932
TSP_kg_ha,Ridge,137.3,114.72808736091407
TSP_kg_ha,Ridge,135,133.54062820689614
TSP_kg_ha,Ridge,90.7,88.54438406856055
TSP_kg_ha,Ridge,84.3,89.68962188058848
TSP_kg_ha,Ridge,126.6,118.34127028620216
TSP_kg_ha,Ridge,40.8,52.699116153698675
TSP_kg_ha,Ridge,131.4,127.62013442665133
TSP_kg_ha,Ridge,135.2,137.2048631449002
TSP_kg_ha,Ridge,126.2,130.82870827809728
TSP_kg_ha,Ridge,90.9,102.69316633410428
TSP_kg_ha,Ridge,93.5,103.16404017610161
TSP_kg_ha,Ridge,89.5,109.06769726680224
TSP_kg_ha,Ridge,124,113.25537966193554
TSP_kg_ha,Ridge,86.1,97.13403246214718
TSP_kg_ha,Ridge,43.8,76.08006494629322
TSP_kg_ha,Ridge,88.5,82.06439097265869
TSP_kg_ha,Ridge,136.5,134.63994262544392
TSP_kg_ha,Ridge,139.3,113.0189412676308
TSP_kg_ha,Ridge,40.6,41.921818888962854
TSP_kg_ha,Ridge,85.2,78.7606621752346
TSP_kg_ha,Ridge,135,110.76545336261698
TSP_kg_ha,Ridge,44,68.64905185581603
TSP_kg_ha,Ridge,139.9,135.86289460702275
TSP_kg_ha,Ridge,88.2,94.87480625576877
TSP_kg_ha,Ridge,137.9,139.70637231347263
TSP_kg_ha,Ridge,137.1,131.2383830363117
TSP_kg_ha,Ridge,86.9,85.33067312171747
TSP_kg_ha,Ridge,134.5,120.68750335475475
TSP_kg_ha,Ridge,132.3,114.10370751674864
TSP_kg_ha,Ridge,86,95.92640774084725
TSP_kg_ha,Ridge,124.2,124.44132376937453
TSP_kg_ha,Ridge,130.4,113.67438285598465
TSP_kg_ha,Ridge,127.9,133.43029765274306
TSP_kg_ha,Ridge,91.5,82.2750171090004
TSP_kg_ha,Ridge,88,105.91962907781205
TSP_kg_ha,Ridge,124.2,112.8801063809485
TSP_kg_ha,Ridge,123.5,119.7385751210934
TSP_kg_ha,Ridge,135,125.82588548347377
TSP_kg_ha,Ridge,129.7,138.24492496828648
TSP_kg_ha,Ridge,128.4,141.1069924122769
TSP_kg_ha,Ridge,129.6,134.72740157752705
TSP_kg_ha,Ridge,92.9,99.89948023858857
TSP_kg_ha,Ridge,127.1,111.59803306476651
TSP_kg_ha,Ridge,44.9,67.10597553304866
TSP_kg_ha,Ridge,82.6,90.96369481038562
TSP_kg_ha,Ridge,89.3,92.23401878721874
TSP_kg_ha,Ridge,122.8,127.92533234158138
TSP_kg_ha,Ridge,134,115.29596038004155
TSP_kg_ha,Ridge,92.7,85.12267105146636
TSP_kg_ha,Ridge,41.1,65.0977397281477
TSP_kg_ha,Ridge,82,84.25521599642965
TSP_kg_ha,Ridge,90.8,105.997190513645
TSP_kg_ha,Ridge,84.1,82.63088668265597
TSP_kg_ha,Ridge,124.9,114.6395842975451
TSP_kg_ha,Ridge,122.8,116.54638014185679
TSP_kg_ha,Ridge,125.4,120.55305687860292
TSP_kg_ha,Ridge,123.4,125.38766208888902
TSP_kg_ha,Ridge,139.3,127.32682977491262
TSP_kg_ha,Ridge,92.8,106.46809750133447
TSP_kg_ha,Ridge,132.6,135.987939655129
TSP_kg_ha,Ridge,140.1,129.86714569395463
TSP_kg_ha,Ridge,124.1,117.3556579377606
TSP_kg_ha,Ridge,132.7,136.2513643196307
TSP_kg_ha,Ridge,134.8,106.21071702798018
TSP_kg_ha,Ridge,127.6,107.61077714528673
TSP_kg_ha,Ridge,44.8,71.09539474259897
TSP_kg_ha,Ridge,85.2,102.93404671423231
TSP_kg_ha,Ridge,91.2,107.88541100662243
TSP_kg_ha,Ridge,131.1,133.68272989728433
TSP_kg_ha,Ridge,120.9,115.47253757182759
TSP_kg_ha,Ridge,93.3,105.86090746114094
TSP_kg_ha,Ridge,46.1,56.72999469726265
TSP_kg_ha,Ridge,120.7,128.2209649921268
TSP_kg_ha,Ridge,81.1,96.302315157376
TSP_kg_ha,Ridge,88.1,105.70543437145562
TSP_kg_ha,Ridge,92,98.17437840169669
TSP_kg_ha,Ridge,122.9,132.04330518458735
TSP_kg_ha,Ridge,132,126.3968759973672
TSP_kg_ha,Ridge,44.8,42.53879515691859
TSP_kg_ha,Ridge,87.2,93.79231926017502
TSP_kg_ha,Ridge,136.6,126.78903645366353
TSP_kg_ha,Ridge,139.4,110.53029160695357
TSP_kg_ha,Ridge,122.3,117.41197995577522
TSP_kg_ha,Ridge,92,78.76820599870258
TSP_kg_ha,Ridge,121.4,127.84971319095119
TSP_kg_ha,Ridge,92.8,104.49849986651019
TSP_kg_ha,Ridge,87.8,104.71489422570416
TSP_kg_ha,Ridge,121.7,126.47593501646145
TSP_kg_ha,Ridge,42.3,44.09705405018347
TSP_kg_ha,Ridge,42,61.672900579480114
TSP_kg_ha,Ridge,88,98.64943113327584
TSP_kg_ha,Ridge,123.5,110.14980589782876
TSP_kg_ha,Ridge,43.1,64.17624091655091
TSP_kg_ha,Ridge,122.4,129.6223160349471
TSP_kg_ha,Ridge,93.4,108.22399734286952
TSP_kg_ha,Ridge,85.8,104.36421888155934
TSP_kg_ha,Ridge,88.7,105.45937473421903
TSP_kg_ha,Ridge,130.4,118.63510328276841
TSP_kg_ha,Ridge,131.2,140.53793526771005
TSP_kg_ha,Ridge,86.9,84.15584254668522
TSP_kg_ha,Ridge,129.7,123.64902580462548
TSP_kg_ha,Ridge,83.7,88.18832273976857
TSP_kg_ha,Ridge,85.1,80.24191473125153
TSP_kg_ha,Ridge,130.3,116.04707840282315
TSP_kg_ha,Ridge,86.3,94.85956038568305
TSP_kg_ha,Ridge,122.5,124.08789779784873
TSP_kg_ha,Ridge,89.5,100.46878177700994
TSP_kg_ha,Ridge,137.3,131.94146937547376
TSP_kg_ha,Ridge,83.7,101.05591243230191
TSP_kg_ha,Ridge,120.6,116.66590992457293
TSP_kg_ha,Ridge,137.5,108.91215632097087
TSP_kg_ha,Ridge,86.1,83.18885865785498
TSP_kg_ha,Ridge,85.6,98.77957650767547
TSP_kg_ha,Ridge,80.7,77.36139284885712
TSP_kg_ha,Ridge,83.1,103.15369681424659
TSP_kg_ha,Ridge,122.2,131.61206147294035
TSP_kg_ha,Ridge,123.3,114.52919231105466
TSP_kg_ha,Ridge,80.6,89.22715222104084
TSP_kg_ha,Ridge,138.9,137.8838216569039
TSP_kg_ha,Ridge,41.6,70.82716740672039
TSP_kg_ha,Ridge,88.5,84.66167214843381
TSP_kg_ha,Ridge,92.6,89.3252409577508
TSP_kg_ha,Ridge,121.1,116.76015311793233
TSP_kg_ha,Ridge,87.1,108.09322150750484
TSP_kg_ha,Ridge,124.6,134.34124444088232
TSP_kg_ha,Ridge,120.7,119.55457993257811
TSP_kg_ha,Ridge,89.3,73.06886511695706
TSP_kg_ha,Ridge,82,78.16446713950312
TSP_kg_ha,Ridge,138.2,118.71914853716382
TSP_kg_ha,Ridge,124.3,113.79335305765647
TSP_kg_ha,Ridge,127.3,132.39280710901215
TSP_kg_ha,Ridge,86.6,100.65991350562054
TSP_kg_ha,Ridge,124.8,116.06510180051393
TSP_kg_ha,Ridge,81,74.13205965931023
TSP_kg_ha,Ridge,128.1,127.29081633914205
TSP_kg_ha,Ridge,131.5,110.80402830732118
TSP_kg_ha,Ridge,82.2,85.60788838161169
TSP_kg_ha,Ridge,129.5,128.1179858165319
TSP_kg_ha,Ridge,138.3,135.1793495157581
TSP_kg_ha,Ridge,134.6,124.01399626932506
TSP_kg_ha,Ridge,138.3,125.85943157875056
TSP_kg_ha,Ridge,93.5,109.23231325975408
TSP_kg_ha,Ridge,89.8,96.106818340761
TSP_kg_ha,Ridge,90.4,96.67315660243295
TSP_kg_ha,Ridge,85.1,78.01456133312428
TSP_kg_ha,Ridge,135.4,137.90184642377727
TSP_kg_ha,Ridge,131.6,120.84172623291416
TSP_kg_ha,Ridge,137.4,112.15659050090905
TSP_kg_ha,Ridge,81.3,84.9562280941495
TSP_kg_ha,Ridge,132.6,106.88715702277096
TSP_kg_ha,Ridge,126.9,119.36981833832927
TSP_kg_ha,Ridge,46.2,63.19637230614717
TSP_kg_ha,Ridge,135.3,135.25019388457252
TSP_kg_ha,Ridge,135.6,131.8076674804229
TSP_kg_ha,Ridge,129.4,133.93263397599011
TSP_kg_ha,Ridge,138.6,139.39265318211505
TSP_kg_ha,Ridge,87.8,77.43729105839203
TSP_kg_ha,Ridge,85.9,104.32984509693338
TSP_kg_ha,Ridge,135.7,115.51216029069387
TSP_kg_ha,Ridge,88.8,90.30145148939008
TSP_kg_ha,Ridge,136.8,119.75043475347516
TSP_kg_ha,Ridge,127.1,129.74830403127734
TSP_kg_ha,Ridge,45.7,40.698459647630266
TSP_kg_ha,Ridge,134.7,134.35797682304175
TSP_kg_ha,Ridge,138.1,131.458601528158
TSP_kg_ha,Ridge,136.8,134.76529674017556
TSP_kg_ha,Ridge,93.2,79.3058218249017
TSP_kg_ha,Ridge,92.8,84.09782567841523
TSP_kg_ha,Ridge,81.6,101.73965834489047
TSP_kg_ha,Ridge,124.4,112.43274605245018
TSP_kg_ha,Ridge,124.5,110.31361128026654
TSP_kg_ha,Ridge,91.2,84.1558286645499
TSP_kg_ha,Ridge,93,83.16518099146374
TSP_kg_ha,Ridge,81,100.80840016877625
TSP_kg_ha,Ridge,87.5,104.69353334340245
TSP_kg_ha,Ridge,137.6,139.1765019402721
TSP_kg_ha,Ridge,88.4,87.47373759474998
TSP_kg_ha,Ridge,140.1,138.20457267979668
TSP_kg_ha,Ridge,130.6,119.09926612300302
TSP_kg_ha,Ridge,131.1,137.9594208020584
TSP_kg_ha,Ridge,130.3,122.25394176945848
TSP_kg_ha,Ridge,127.8,124.8445105396816
TSP_kg_ha,Ridge,86.3,109.36802229456688
TSP_kg_ha,Ridge,86.4,90.218442389107
TSP_kg_ha,Ridge,130.7,130.04715154863268
TSP_kg_ha,Ridge,83,98.73089373089735
TSP_kg_ha,Ridge,135.7,128.87190909405052
TSP_kg_ha,Ridge,137.9,122.0210832562836
TSP_kg_ha,Ridge,82.3,103.44062884832071
TSP_kg_ha,Ridge,127.3,111.16146391527555
TSP_kg_ha,Ridge,139.6,123.28486120764677
TSP_kg_ha,Ridge,124.1,124.8018633390633
TSP_kg_ha,Ridge,41.8,67.60125451196899
TSP_kg_ha,Ridge,92.1,87.21155421939115
TSP_kg_ha,Ridge,85.5,79.52595201360843
TSP_kg_ha,Ridge,127.6,128.11926457608408
TSP_kg_ha,Ridge,125.9,121.89173686340352
TSP_kg_ha,Ridge,133.6,111.38434670544878
TSP_kg_ha,Ridge,44.7,49.595929511615275
TSP_kg_ha,Ridge,90.1,78.57278294052954
TSP_kg_ha,Ridge,40.9,61.93496712019062
TSP_kg_ha,Ridge,137.9,126.14363264914923
TSP_kg_ha,Ridge,137.8,132.1384713960777
TSP_kg_ha,Ridge,130.3,109.39603661094782
TSP_kg_ha,Ridge,135.2,129.84911885256463
TSP_kg_ha,Ridge,127.2,128.72376211735795
TSP_kg_ha,Ridge,82,84.04668968957927
TSP_kg_ha,Ridge,91.5,81.86816701901235
TSP_kg_ha,Ridge,81.4,95.0979315682239
TSP_kg_ha,Ridge,86.1,83.2383639933852
TSP_kg_ha,Ridge,121.8,123.0207259509815
TSP_kg_ha,Ridge,81.5,88.67852754597443
TSP_kg_ha,Ridge,121,122.65325450542227
TSP_kg_ha,Ridge,127.9,125.73056226250225
TSP_kg_ha,Ridge,135.2,112.90632753276151
TSP_kg_ha,Ridge,136.5,136.6741949868105
TSP_kg_ha,Ridge,136.9,133.93607049830226
TSP_kg_ha,Ridge,91.7,93.05878015311141
TSP_kg_ha,Ridge,80.5,82.85505398426072
TSP_kg_ha,Ridge,89.3,78.76538441297015
TSP_kg_ha,Ridge,132.3,139.3692895507873
TSP_kg_ha,Ridge,134.1,107.68027488239422
TSP_kg_ha,Ridge,84.9,99.27403927606339
TSP_kg_ha,Ridge,129.7,125.49143236094035
TSP_kg_ha,Ridge,42.9,66.41912977062212
TSP_kg_ha,Ridge,92.4,78.49028531806147
TSP_kg_ha,Ridge,130.4,117.48382945154529
TSP_kg_ha,Ridge,128,129.71443355900098
TSP_kg_ha,Ridge,134.5,122.22160044339785
TSP_kg_ha,Ridge,139.5,129.35881507732162
TSP_kg_ha,Ridge,133.3,127.49741056366842
TSP_kg_ha,Ridge,126.8,108.79109150286108
TSP_kg_ha,Ridge,87.2,103.55687486771969
TSP_kg_ha,Ridge,127,136.02946922291966
TSP_kg_ha,Ridge,132.8,117.18079752168256
TSP_kg_ha,Ridge,135.3,134.79508081584902
TSP_kg_ha,Ridge,88.3,97.45650972418302
TSP_kg_ha,Ridge,125.5,134.5579712298998
TSP_kg_ha,Ridge,127.6,118.31073229058164
TSP_kg_ha,Ridge,130.6,126.09790134583103
TSP_kg_ha,Ridge,136.2,109.6792919389574
TSP_kg_ha,Ridge,90,107.00332725888464
TSP_kg_ha,Ridge,131.3,109.52469964778875
TSP_kg_ha,Ridge,129.1,117.91007541914297
TSP_kg_ha,Ridge,130.3,121.36368411493252
TSP_kg_ha,Ridge,89.5,98.13062837619437
TSP_kg_ha,Ridge,134.5,110.0997765722378
TSP_kg_ha,Ridge,135.4,111.112758725599
TSP_kg_ha,Ridge,83.6,87.95618615245343
TSP_kg_ha,Ridge,127.6,126.20770918691005
TSP_kg_ha,Ridge,126.1,127.04271267303392
TSP_kg_ha,Ridge,92.9,94.62387880691783
TSP_kg_ha,Ridge,88.4,98.20217114062372
TSP_kg_ha,Ridge,82.6,88.04037428368788
TSP_kg_ha,Ridge,135.6,121.4776694213116
TSP_kg_ha,Ridge,91.8,104.64151453554307
TSP_kg_ha,Ridge,80.7,71.9481677843223
TSP_kg_ha,Ridge,137.2,108.4549883278247
TSP_kg_ha,Ridge,125.2,140.79189283612976
TSP_kg_ha,Ridge,131.9,124.55476253397127
TSP_kg_ha,Ridge,130.3,122.82017558221074
TSP_kg_ha,Ridge,126.6,117.53018148569782
TSP_kg_ha,Ridge,129.3,114.00916791260255
TSP_kg_ha,LASSO,45,67.35153105590037
TSP_kg_ha,LASSO,87,106.99171917488856
TSP_kg_ha,LASSO,80.8,83.2450461352336
TSP_kg_ha,LASSO,123.6,136.25289099761042
TSP_kg_ha,LASSO,139.9,133.7966093388196
TSP_kg_ha,LASSO,91,96.64119895722817
TSP_kg_ha,LASSO,135.8,123.43976669780702
TSP_kg_ha,LASSO,133.9,110.0976745720239
TSP_kg_ha,LASSO,138.1,110.50042302868088
TSP_kg_ha,LASSO,93.3,99.14264812629285
TSP_kg_ha,LASSO,126,128.96533490218897
TSP_kg_ha,LASSO,83.1,96.3752456891063
TSP_kg_ha,LASSO,131.5,118.70998661176752
TSP_kg_ha,LASSO,45.8,39.228591096882404
TSP_kg_ha,LASSO,85.5,101.89490591603246
TSP_kg_ha,LASSO,89.9,84.71286048358597
TSP_kg_ha,LASSO,136.7,126.70976521384821
TSP_kg_ha,LASSO,140.1,107.962019351722
TSP_kg_ha,LASSO,129.6,142.66101622868086
TSP_kg_ha,LASSO,128.4,110.98485988687104
TSP_kg_ha,LASSO,135.9,109.1671369808142
TSP_kg_ha,LASSO,130.8,121.27798245219407
TSP_kg_ha,LASSO,125.2,114.66209879368614
TSP_kg_ha,LASSO,123.4,133.3270148143669
TSP_kg_ha,LASSO,125.1,119.7277092240674
TSP_kg_ha,LASSO,135.5,126.09573541854778
TSP_kg_ha,LASSO,122.9,119.74053839404905
TSP_kg_ha,LASSO,125.7,128.61450221441686
TSP_kg_ha,LASSO,88.1,98.66717059274943
TSP_kg_ha,LASSO,41.6,43.65144851306478
TSP_kg_ha,LASSO,129.9,137.01237466965964
TSP_kg_ha,LASSO,88.1,94.95394120580453
TSP_kg_ha,LASSO,89.4,74.61737742381506
TSP_kg_ha,LASSO,89.2,100.32429322427099
TSP_kg_ha,LASSO,85.7,94.5566286169125
TSP_kg_ha,LASSO,92.5,95.35558390054867
TSP_kg_ha,LASSO,91.3,89.54178963636105
TSP_kg_ha,LASSO,81.9,91.87491396853281
TSP_kg_ha,LASSO,122.7,124.1310801721265
TSP_kg_ha,LASSO,130.8,111.85923479786695
TSP_kg_ha,LASSO,91.5,105.59724689205099
TSP_kg_ha,LASSO,136.7,134.45467493876208
TSP_kg_ha,LASSO,41.1,65.90640640912785
TSP_kg_ha,LASSO,138.4,110.65870434605044
TSP_kg_ha,LASSO,93.2,81.11384859916106
TSP_kg_ha,LASSO,86.7,78.8399880806549
TSP_kg_ha,LASSO,125,122.11588813091598
TSP_kg_ha,LASSO,85.9,85.37280718877268
TSP_kg_ha,LASSO,137.7,115.83223521825055
TSP_kg_ha,LASSO,123.4,141.99086734744995
TSP_kg_ha,LASSO,134.4,136.91838300791957
TSP_kg_ha,LASSO,129.1,131.24165263020353
TSP_kg_ha,LASSO,42.7,58.064658610703916
TSP_kg_ha,LASSO,137.8,113.53978258431712
TSP_kg_ha,LASSO,128.1,134.2758364440897
TSP_kg_ha,LASSO,130.7,137.29655393645808
TSP_kg_ha,LASSO,91.1,104.30625267281604
TSP_kg_ha,LASSO,123.2,134.34922871994738
TSP_kg_ha,LASSO,131.2,122.82935313410427
TSP_kg_ha,LASSO,139.7,134.9795104007179
TSP_kg_ha,LASSO,84,96.17775169860636
TSP_kg_ha,LASSO,134.3,129.59697136667904
TSP_kg_ha,LASSO,129.4,116.98281224878735
TSP_kg_ha,LASSO,132.4,134.13947909345586
TSP_kg_ha,LASSO,127,118.26494213823041
TSP_kg_ha,LASSO,123.6,119.08197191841296
TSP_kg_ha,LASSO,81.6,96.96800627160788
TSP_kg_ha,LASSO,91.4,104.88743128127632
TSP_kg_ha,LASSO,88.5,78.8565834437925
TSP_kg_ha,LASSO,88.2,97.58487123267373
TSP_kg_ha,LASSO,121.3,126.4514029541521
TSP_kg_ha,LASSO,129.1,122.83732845266324
TSP_kg_ha,LASSO,131.5,121.00324556090814
TSP_kg_ha,LASSO,133.3,120.03997315214684
TSP_kg_ha,LASSO,130.3,117.50933597257145
TSP_kg_ha,LASSO,90.5,105.58716136124325
TSP_kg_ha,LASSO,85.8,97.71180257090127
TSP_kg_ha,LASSO,123.7,109.53957093283755
TSP_kg_ha,LASSO,88,84.7593772406247
TSP_kg_ha,LASSO,92.3,105.76390910529113
TSP_kg_ha,LASSO,122.1,109.1017488722012
TSP_kg_ha,LASSO,92.2,96.17318162708627
TSP_kg_ha,LASSO,82.3,94.26708301627193
TSP_kg_ha,LASSO,132.5,138.72822112089742
TSP_kg_ha,LASSO,40.8,67.74414697564046
TSP_kg_ha,LASSO,86.7,106.28637054112401
TSP_kg_ha,LASSO,91.8,88.04355727082428
TSP_kg_ha,LASSO,128.2,109.16679369968223
TSP_kg_ha,LASSO,82.7,102.4496566022947
TSP_kg_ha,LASSO,124.9,107.30102504039982
TSP_kg_ha,LASSO,139.4,121.89203802319551
TSP_kg_ha,LASSO,86.7,79.07963024584264
TSP_kg_ha,LASSO,85.5,89.45973777141191
TSP_kg_ha,LASSO,137.9,142.7291194313622
TSP_kg_ha,LASSO,80.5,101.30517383481538
TSP_kg_ha,LASSO,124.8,131.39461159896464
TSP_kg_ha,LASSO,124.2,113.64195676287146
TSP_kg_ha,LASSO,132.6,109.52940781118097
TSP_kg_ha,LASSO,82.9,99.89312680132606
TSP_kg_ha,LASSO,86.2,96.74705174230655
TSP_kg_ha,LASSO,137.9,108.53833074918344
TSP_kg_ha,LASSO,127.9,129.9110656987705
TSP_kg_ha,LASSO,123.9,114.55192860162984
TSP_kg_ha,LASSO,131.5,110.92096087657353
TSP_kg_ha,LASSO,84.2,94.03967401934254
TSP_kg_ha,LASSO,130.6,110.50208328755645
TSP_kg_ha,LASSO,134.2,112.3266531706071
TSP_kg_ha,LASSO,133,140.90256142064658
TSP_kg_ha,LASSO,124.7,127.09073699501873
TSP_kg_ha,LASSO,87.3,89.50892133671911
TSP_kg_ha,LASSO,43.2,33.47223957255488
TSP_kg_ha,LASSO,89,86.14173555476955
TSP_kg_ha,LASSO,85.1,107.2518079258975
TSP_kg_ha,LASSO,80.6,102.32880125002225
TSP_kg_ha,LASSO,126.5,126.24911949106952
TSP_kg_ha,LASSO,138.6,136.05377664910685
TSP_kg_ha,LASSO,122.3,131.3597309274261
TSP_kg_ha,LASSO,84.9,93.5394613237592
TSP_kg_ha,LASSO,91.2,96.79144679317763
TSP_kg_ha,LASSO,82.7,76.18437652244498
TSP_kg_ha,LASSO,127.4,113.60337160386415
TSP_kg_ha,LASSO,135.6,134.22974808106574
TSP_kg_ha,LASSO,85.1,103.40626380833557
TSP_kg_ha,LASSO,82,102.76930857216679
TSP_kg_ha,LASSO,137.3,121.15542296828545
TSP_kg_ha,LASSO,126.3,117.51136467936658
TSP_kg_ha,LASSO,123.1,121.87319786356481
TSP_kg_ha,LASSO,126.1,111.65106119860438
TSP_kg_ha,LASSO,89.7,103.49244621662746
TSP_kg_ha,LASSO,123.2,123.6408324934415
TSP_kg_ha,LASSO,132.6,125.57070281023213
TSP_kg_ha,LASSO,44.9,58.623735901436866
TSP_kg_ha,LASSO,45.1,52.15411784387702
TSP_kg_ha,LASSO,133.6,109.93258416821342
TSP_kg_ha,LASSO,135.7,116.14754278828576
TSP_kg_ha,LASSO,122.2,130.78573488846519
TSP_kg_ha,LASSO,137.7,121.4072756500344
TSP_kg_ha,LASSO,134.4,125.93063591524613
TSP_kg_ha,LASSO,131.9,136.72848428223048
TSP_kg_ha,LASSO,139,126.4821746061976
TSP_kg_ha,LASSO,135,132.17585481752218
TSP_kg_ha,LASSO,86.7,73.26301114190474
TSP_kg_ha,LASSO,127.7,112.53056456655277
TSP_kg_ha,LASSO,87.8,96.74620899579904
TSP_kg_ha,LASSO,80.7,97.63150367015233
TSP_kg_ha,LASSO,120.7,135.2295117927142
TSP_kg_ha,LASSO,128.8,124.41550277714936
TSP_kg_ha,LASSO,92.8,107.10097419893111
TSP_kg_ha,LASSO,134.6,126.88060641615797
TSP_kg_ha,LASSO,123.9,126.78907832734679
TSP_kg_ha,LASSO,41.1,45.66165051568475
TSP_kg_ha,LASSO,136.3,141.98366626705015
TSP_kg_ha,LASSO,84,84.4129902266366
TSP_kg_ha,LASSO,121.5,120.37207127927253
TSP_kg_ha,LASSO,123.2,114.5851731494441
TSP_kg_ha,LASSO,91.2,96.21368271167064
TSP_kg_ha,LASSO,139.3,133.40742109100452
TSP_kg_ha,LASSO,136.8,111.1609229571311
TSP_kg_ha,LASSO,90,72.30777384715469
TSP_kg_ha,LASSO,140,120.09188269879525
TSP_kg_ha,LASSO,122.7,125.85333838223546
TSP_kg_ha,LASSO,84.3,78.36594679044569
TSP_kg_ha,LASSO,133.2,125.0140488377626
TSP_kg_ha,LASSO,124.7,111.26248207380345
TSP_kg_ha,LASSO,121.2,132.15746600158687
TSP_kg_ha,LASSO,91.9,76.0642376727189
TSP_kg_ha,LASSO,129.2,134.80019408912648
TSP_kg_ha,LASSO,124.6,137.81228125392033
TSP_kg_ha,LASSO,137.3,124.89129747753601
TSP_kg_ha,LASSO,84.7,90.39518100796087
TSP_kg_ha,LASSO,44.7,55.878279864356756
TSP_kg_ha,LASSO,92.8,102.39840463273873
TSP_kg_ha,LASSO,89.1,80.25526113051517
TSP_kg_ha,LASSO,45.7,39.202819179358805
TSP_kg_ha,LASSO,89.8,83.1340364233042
TSP_kg_ha,LASSO,88.3,81.18829041860377
TSP_kg_ha,LASSO,122.4,124.05091558577882
TSP_kg_ha,LASSO,84.2,97.72793481944662
TSP_kg_ha,LASSO,139,132.05309287561934
TSP_kg_ha,LASSO,128.1,112.3273917125922
TSP_kg_ha,LASSO,137,127.07588681937658
TSP_kg_ha,LASSO,131,113.99557230128637
TSP_kg_ha,LASSO,126,109.95283466425323
TSP_kg_ha,LASSO,131.6,124.37773226990188
TSP_kg_ha,LASSO,126.8,109.18321491255452
TSP_kg_ha,LASSO,90,82.33152736740614
TSP_kg_ha,LASSO,122.9,121.83036178544425
TSP_kg_ha,LASSO,121.6,123.5004435367772
TSP_kg_ha,LASSO,88,84.51166842652744
TSP_kg_ha,LASSO,91.7,106.48822783466987
TSP_kg_ha,LASSO,123.9,120.7009811462495
TSP_kg_ha,LASSO,137.5,117.1212080653896
TSP_kg_ha,LASSO,135.3,129.1201155362124
TSP_kg_ha,LASSO,135.5,136.58124659040627
TSP_kg_ha,LASSO,127.9,135.26656048379374
TSP_kg_ha,LASSO,93.3,83.6604462537824
TSP_kg_ha,LASSO,83.6,107.62882136754783
TSP_kg_ha,LASSO,86.1,107.5029311888572
TSP_kg_ha,LASSO,135.4,126.3269675650351
TSP_kg_ha,LASSO,82.7,100.37882441755143
TSP_kg_ha,LASSO,135.6,137.70652399562871
TSP_kg_ha,LASSO,131.3,112.10962889639762
TSP_kg_ha,LASSO,92,104.87972544579549
TSP_kg_ha,LASSO,88.1,94.64925797257017
TSP_kg_ha,LASSO,130.5,112.429975712413
TSP_kg_ha,LASSO,122,129.99189079041176
TSP_kg_ha,LASSO,85.9,103.45825246572419
TSP_kg_ha,LASSO,126.6,122.70594502586898
TSP_kg_ha,LASSO,136.6,123.57303112451075
TSP_kg_ha,LASSO,136.9,124.62383713857496
TSP_kg_ha,LASSO,85.7,99.91750469856265
TSP_kg_ha,LASSO,81.2,106.04984127602451
TSP_kg_ha,LASSO,46.8,55.98858507218278
TSP_kg_ha,LASSO,42.4,34.805558493859344
TSP_kg_ha,LASSO,89.4,104.01170870711934
TSP_kg_ha,LASSO,131.5,139.49278629336476
TSP_kg_ha,LASSO,93.2,106.79608648161766
TSP_kg_ha,LASSO,89.7,92.6955273935562
TSP_kg_ha,LASSO,91,93.60640811039087
TSP_kg_ha,LASSO,87.1,72.31485295304492
TSP_kg_ha,LASSO,89.3,106.22954114817944
TSP_kg_ha,LASSO,132.5,135.84355831600976
TSP_kg_ha,LASSO,91.8,83.9689840485634
TSP_kg_ha,LASSO,120.7,125.69766154037495
TSP_kg_ha,LASSO,122.3,137.440955021119
TSP_kg_ha,LASSO,85.9,95.62100523333139
TSP_kg_ha,LASSO,138.2,141.18535044173728
TSP_kg_ha,LASSO,126.4,112.05917358850719
TSP_kg_ha,LASSO,91.4,91.88190856907308
TSP_kg_ha,LASSO,136.4,138.54498089907764
TSP_kg_ha,LASSO,85.4,83.23293957167054
TSP_kg_ha,LASSO,136,134.9235223285882
TSP_kg_ha,LASSO,127.5,140.12427704400108
TSP_kg_ha,LASSO,121.4,110.28305198436377
TSP_kg_ha,LASSO,122.9,126.79225787928432
TSP_kg_ha,LASSO,130.1,134.57769731605276
TSP_kg_ha,LASSO,84.9,80.82090685854682
TSP_kg_ha,LASSO,136.6,139.9518046516426
TSP_kg_ha,LASSO,127.6,117.01107303193547
TSP_kg_ha,LASSO,90.7,104.15612912040142
TSP_kg_ha,LASSO,80.8,83.96951403356707
TSP_kg_ha,LASSO,121.3,123.49652177946476
TSP_kg_ha,LASSO,125.3,126.36022099727712
TSP_kg_ha,LASSO,130.4,132.887541955398
TSP_kg_ha,LASSO,133.4,132.11782945571042
TSP_kg_ha,LASSO,123.5,111.56495617243279
TSP_kg_ha,LASSO,93.5,93.55401985914179
TSP_kg_ha,LASSO,128.6,126.48227482191729
TSP_kg_ha,LASSO,135.2,134.83792214769744
TSP_kg_ha,LASSO,82.1,101.46277254215268
TSP_kg_ha,LASSO,80.5,105.31013423124065
TSP_kg_ha,LASSO,121.5,141.33214952169178
TSP_kg_ha,LASSO,90.1,96.27280055273741
TSP_kg_ha,LASSO,91.4,98.60572553980063
TSP_kg_ha,LASSO,86.1,86.75006684839751
TSP_kg_ha,LASSO,125.6,134.29935360702908
TSP_kg_ha,LASSO,124.9,137.82615445677806
TSP_kg_ha,LASSO,137.6,142.59175670123477
TSP_kg_ha,LASSO,120.7,138.09017016391223
TSP_kg_ha,LASSO,86.6,90.35923168846202
TSP_kg_ha,LASSO,129.9,135.50843045373352
TSP_kg_ha,LASSO,127.7,108.16499424612164
TSP_kg_ha,LASSO,121.2,112.58074012411525
TSP_kg_ha,LASSO,92.5,84.42027526551917
TSP_kg_ha,LASSO,127.3,108.13309328004557
TSP_kg_ha,LASSO,121.4,128.68758525596752
TSP_kg_ha,LASSO,136.3,116.67181888467297
TSP_kg_ha,LASSO,88.2,101.96800157906014
TSP_kg_ha,LASSO,88.2,84.69833469885747
TSP_kg_ha,LASSO,137.8,137.2247377251257
TSP_kg_ha,LASSO,120.9,139.12616850348815
TSP_kg_ha,LASSO,80.7,106.3450346205482
TSP_kg_ha,LASSO,91,103.03709435266536
TSP_kg_ha,LASSO,129,115.0330015418325
TSP_kg_ha,LASSO,89.8,81.69208887884633
TSP_kg_ha,LASSO,135.4,114.96947928929623
TSP_kg_ha,LASSO,135.9,119.18540468720273
TSP_kg_ha,LASSO,46.3,47.06612362079014
TSP_kg_ha,LASSO,41.6,60.05588464781147
TSP_kg_ha,LASSO,46.2,60.55427523823127
TSP_kg_ha,LASSO,125.4,128.88690800652782
TSP_kg_ha,LASSO,86.6,94.85020476753951
TSP_kg_ha,LASSO,87.9,87.45938994717096
TSP_kg_ha,LASSO,82.9,83.7809204591037
TSP_kg_ha,LASSO,45.4,57.09734314713559
TSP_kg_ha,LASSO,136.8,121.59508209010787
TSP_kg_ha,LASSO,125.9,108.37265520411333
TSP_kg_ha,LASSO,92.4,89.68907003812993
TSP_kg_ha,LASSO,93.1,96.33386360133481
TSP_kg_ha,LASSO,137.2,112.55275176566478
TSP_kg_ha,LASSO,81.8,103.01253696730892
TSP_kg_ha,LASSO,132.8,121.46011149471822
TSP_kg_ha,LASSO,123.7,112.0549540793672
TSP_kg_ha,LASSO,92.4,94.93393186268197
TSP_kg_ha,LASSO,40.3,51.27685228813751
TSP_kg_ha,LASSO,92.8,86.92902764188764
TSP_kg_ha,LASSO,91.9,94.45373454288053
TSP_kg_ha,LASSO,84.6,89.03368934874472
TSP_kg_ha,LASSO,90.6,101.97807646995646
TSP_kg_ha,LASSO,81.4,88.31904010040286
TSP_kg_ha,LASSO,137,131.2134688638957
TSP_kg_ha,LASSO,93.2,96.83925601303412
TSP_kg_ha,LASSO,84.5,77.63629251727498
TSP_kg_ha,LASSO,87,81.82326531135418
TSP_kg_ha,LASSO,135.4,121.26211500183864
TSP_kg_ha,LASSO,87.6,86.06066611209675
TSP_kg_ha,LASSO,124.7,124.87172234299035
TSP_kg_ha,LASSO,90,94.3390095253563
TSP_kg_ha,LASSO,84.1,82.36619414279701
TSP_kg_ha,LASSO,136.1,132.22396653284943
TSP_kg_ha,LASSO,81.1,79.56695420112553
TSP_kg_ha,LASSO,131.4,130.8770335704558
TSP_kg_ha,LASSO,82.3,98.69131041787864
TSP_kg_ha,LASSO,91.6,77.59382730218157
TSP_kg_ha,LASSO,82.9,101.44253687904855
TSP_kg_ha,LASSO,137.2,126.26449363645534
TSP_kg_ha,LASSO,81.9,72.88943754377375
TSP_kg_ha,LASSO,136.3,133.68215743735715
TSP_kg_ha,LASSO,127,124.91372688525047
TSP_kg_ha,LASSO,129.7,120.49346890875509
TSP_kg_ha,LASSO,122.9,130.2703579644017
TSP_kg_ha,LASSO,85,94.83860121685856
TSP_kg_ha,LASSO,132.9,126.37042452220916
TSP_kg_ha,LASSO,127.3,130.40341804324967
TSP_kg_ha,LASSO,133.9,127.65084082811202
TSP_kg_ha,LASSO,43.4,38.63198650481221
TSP_kg_ha,LASSO,122.7,128.1879841576611
TSP_kg_ha,LASSO,138,135.46116975373465
TSP_kg_ha,LASSO,127.5,138.48536058348907
TSP_kg_ha,LASSO,130.6,133.62014043317046
TSP_kg_ha,LASSO,89.4,89.08440326463509
TSP_kg_ha,LASSO,81.8,101.90291173541048
TSP_kg_ha,LASSO,84.8,88.347046336556
TSP_kg_ha,LASSO,81.5,96.14218380385226
TSP_kg_ha,LASSO,122.1,132.8816737219282
TSP_kg_ha,LASSO,127.2,109.07033577673337
TSP_kg_ha,LASSO,81.5,74.6900591495768
TSP_kg_ha,LASSO,86.6,79.54425530509226
TSP_kg_ha,LASSO,87.8,107.02282502525705
TSP_kg_ha,LASSO,90.6,99.13182023831605
TSP_kg_ha,LASSO,138.7,131.41700920858958
TSP_kg_ha,LASSO,89.2,90.95289335341427
TSP_kg_ha,LASSO,92.1,99.27938176342934
TSP_kg_ha,LASSO,92.8,105.61808134852627
TSP_kg_ha,LASSO,87.1,92.51964956624128
TSP_kg_ha,LASSO,124,136.729375937301
TSP_kg_ha,LASSO,88.5,90.60629784781922
TSP_kg_ha,LASSO,89.3,87.6782341049283
TSP_kg_ha,LASSO,127.5,134.29468999260973
TSP_kg_ha,LASSO,127.3,134.21819350512914
TSP_kg_ha,LASSO,89.1,76.93746447144775
TSP_kg_ha,LASSO,45.5,63.72123992580397
TSP_kg_ha,LASSO,82.4,83.95927030687164
TSP_kg_ha,LASSO,81.3,93.14201524815549
TSP_kg_ha,LASSO,139,118.3229594051072
TSP_kg_ha,LASSO,135.2,129.1291276445869
TSP_kg_ha,LASSO,87.4,72.32539653900331
TSP_kg_ha,LASSO,83.3,89.48647528645333
TSP_kg_ha,LASSO,123.4,114.94721998684652
TSP_kg_ha,LASSO,132.2,136.62711005644627
TSP_kg_ha,LASSO,87.1,93.86922266736983
TSP_kg_ha,LASSO,134.2,124.06268268573788
TSP_kg_ha,LASSO,128.9,112.49915973192317
TSP_kg_ha,LASSO,42.2,68.64397669812233
TSP_kg_ha,LASSO,83.3,83.27834563770764
TSP_kg_ha,LASSO,84,100.13720431895402
TSP_kg_ha,LASSO,124.9,115.48393805601309
TSP_kg_ha,LASSO,124.8,128.77855143225355
TSP_kg_ha,LASSO,85.6,73.71786844134192
TSP_kg_ha,LASSO,40.7,62.3317530739248
TSP_kg_ha,LASSO,83.4,94.79232309156194
TSP_kg_ha,LASSO,91.5,97.89784867900251
TSP_kg_ha,LASSO,81.2,96.91706035076218
TSP_kg_ha,LASSO,125.6,126.21734099976891
TSP_kg_ha,LASSO,122.2,109.85819211639446
TSP_kg_ha,LASSO,86,93.31616182503237
TSP_kg_ha,LASSO,88.4,75.45179915727486
TSP_kg_ha,LASSO,131,128.21634088760428
TSP_kg_ha,LASSO,136.5,126.75415228194515
TSP_kg_ha,LASSO,124.7,119.35305432220585
TSP_kg_ha,LASSO,139.2,109.08188087704966
TSP_kg_ha,LASSO,128.9,114.6447144094474
TSP_kg_ha,LASSO,86.4,103.03483513231251
TSP_kg_ha,LASSO,80.9,91.69497381676855
TSP_kg_ha,LASSO,44.5,64.28438242087736
TSP_kg_ha,LASSO,133,108.82293998414312
TSP_kg_ha,LASSO,41.6,34.27403210407522
TSP_kg_ha,LASSO,81.3,77.2998594913032
TSP_kg_ha,LASSO,89.5,97.64906307273608
TSP_kg_ha,LASSO,124.1,131.2051055797503
TSP_kg_ha,LASSO,120.8,126.78270918753317
TSP_kg_ha,LASSO,135.5,126.44077211552641
TSP_kg_ha,LASSO,126.4,119.58053026649578
TSP_kg_ha,LASSO,90.4,83.27678348976728
TSP_kg_ha,LASSO,135.2,122.25303019625636
TSP_kg_ha,LASSO,130.7,133.57668300302404
TSP_kg_ha,LASSO,88.5,97.82972225861207
TSP_kg_ha,LASSO,135.4,138.49328706531978
TSP_kg_ha,LASSO,137.8,134.95837982948285
TSP_kg_ha,LASSO,90.2,92.50977423015968
TSP_kg_ha,LASSO,134.5,127.77627837522958
TSP_kg_ha,LASSO,131.6,108.85982458353014
TSP_kg_ha,LASSO,92.3,101.2244678928659
TSP_kg_ha,LASSO,91.1,102.04094081925042
TSP_kg_ha,LASSO,124,124.52745065691688
TSP_kg_ha,LASSO,81.2,100.37359407210093
TSP_kg_ha,LASSO,91.4,94.88186474378928
TSP_kg_ha,LASSO,131.3,133.71180328717963
TSP_kg_ha,LASSO,127.6,109.9693923511488
TSP_kg_ha,LASSO,82.8,82.447923430171
TSP_kg_ha,LASSO,132.2,130.15203125927138
TSP_kg_ha,LASSO,81.9,75.32625682700414
TSP_kg_ha,LASSO,127.9,115.5254161421895
TSP_kg_ha,LASSO,128.8,135.84095382132514
TSP_kg_ha,LASSO,82.4,104.93238736135443
TSP_kg_ha,LASSO,87.3,72.94708392673719
TSP_kg_ha,LASSO,90.6,82.49752089858839
TSP_kg_ha,LASSO,84.9,106.64189311748984
TSP_kg_ha,LASSO,139.4,129.1782380374783
TSP_kg_ha,LASSO,87.7,75.98260515123907
TSP_kg_ha,LASSO,130.2,119.44366963367015
TSP_kg_ha,LASSO,84.9,96.50676583167503
TSP_kg_ha,LASSO,89.1,72.5915983667725
TSP_kg_ha,LASSO,138,139.93322594961677
TSP_kg_ha,LASSO,121.4,133.5264690805889
TSP_kg_ha,LASSO,140.1,109.85024118836493
TSP_kg_ha,LASSO,82,83.79969043343957
TSP_kg_ha,LASSO,136.3,115.7363490849783
TSP_kg_ha,LASSO,84.2,91.79061421284686
TSP_kg_ha,LASSO,86.3,79.57385086387703
TSP_kg_ha,LASSO,132.7,107.59723014683719
TSP_kg_ha,LASSO,138.1,127.61744984595407
TSP_kg_ha,LASSO,80.8,104.92632971573778
TSP_kg_ha,LASSO,121.8,140.22133556148884
TSP_kg_ha,LASSO,125.3,125.71470221351156
TSP_kg_ha,LASSO,85,78.8637704969921
TSP_kg_ha,LASSO,80.8,89.47452590293733
TSP_kg_ha,LASSO,127.8,108.23529803543673
TSP_kg_ha,LASSO,139.8,135.84989779560118
TSP_kg_ha,LASSO,120.7,137.20669697051022
TSP_kg_ha,LASSO,83.1,106.633895035428
TSP_kg_ha,LASSO,89.3,105.20193083103476
TSP_kg_ha,LASSO,131.1,136.5663245956815
TSP_kg_ha,LASSO,43,50.098899558423135
TSP_kg_ha,LASSO,88.8,78.66868355681179
TSP_kg_ha,LASSO,139.8,133.1395297339737
TSP_kg_ha,LASSO,87.8,84.56872712827115
TSP_kg_ha,LASSO,91.7,77.44068392184933
TSP_kg_ha,LASSO,92.9,93.9691397192108
TSP_kg_ha,LASSO,130.1,127.8605701433523
TSP_kg_ha,LASSO,128.5,112.97040778716287
TSP_kg_ha,LASSO,93.5,100.49098091555611
TSP_kg_ha,LASSO,124.6,124.3178409477222
TSP_kg_ha,LASSO,129.2,122.47346444310323
TSP_kg_ha,LASSO,88.1,75.763348496829
TSP_kg_ha,LASSO,83.2,107.22392361574065
TSP_kg_ha,LASSO,83.1,105.66190954308614
TSP_kg_ha,LASSO,133.4,117.95404274882361
TSP_kg_ha,LASSO,139.3,132.6236330898543
TSP_kg_ha,LASSO,84.2,105.05513169201957
TSP_kg_ha,LASSO,81.7,101.3498496152306
TSP_kg_ha,LASSO,134.6,132.66892246203824
TSP_kg_ha,LASSO,125.3,124.58555109793261
TSP_kg_ha,LASSO,121.8,128.61323075702447
TSP_kg_ha,LASSO,123.4,139.38774662936274
TSP_kg_ha,LASSO,83.6,101.05593956217417
TSP_kg_ha,LASSO,92.7,83.18773173448238
TSP_kg_ha,LASSO,87.7,97.05689442114324
TSP_kg_ha,LASSO,92.4,98.46089015654685
TSP_kg_ha,LASSO,133.8,142.11858957228955
TSP_kg_ha,LASSO,82.7,102.24469222301614
TSP_kg_ha,LASSO,92.6,94.15124317165095
TSP_kg_ha,LASSO,86.5,93.3182909253856
TSP_kg_ha,LASSO,84.6,108.24863680309565
TSP_kg_ha,LASSO,91.4,98.59239271208848
TSP_kg_ha,LASSO,136,127.64659616292215
TSP_kg_ha,LASSO,83.5,100.46895600539307
TSP_kg_ha,LASSO,89.3,73.0397052988252
TSP_kg_ha,LASSO,82.7,79.08641124487089
TSP_kg_ha,LASSO,84.3,87.63820224715431
TSP_kg_ha,LASSO,83.2,104.61370693800232
TSP_kg_ha,LASSO,127.4,129.40556038587863
TSP_kg_ha,LASSO,81,76.18525058970594
TSP_kg_ha,LASSO,127,136.04058779813238
TSP_kg_ha,LASSO,40.4,54.31534166371339
TSP_kg_ha,LASSO,90.1,105.80883599725652
TSP_kg_ha,LASSO,82.7,98.35556501966757
TSP_kg_ha,LASSO,87.5,73.58707056765111
TSP_kg_ha,LASSO,87.2,92.23470687019564
TSP_kg_ha,LASSO,84.9,93.3907242359723
TSP_kg_ha,LASSO,86.9,104.32888453908873
TSP_kg_ha,LASSO,128.8,132.73000140090755
TSP_kg_ha,LASSO,43.1,57.262065925715376
TSP_kg_ha,LASSO,131.2,133.52190233114374
TSP_kg_ha,LASSO,130.4,114.1495332481422
TSP_kg_ha,LASSO,121,121.00278947663953
TSP_kg_ha,LASSO,123.8,105.4736761279166
TSP_kg_ha,LASSO,45.5,44.17027611262904
TSP_kg_ha,LASSO,129.9,108.48262938353801
TSP_kg_ha,LASSO,130.8,118.29981586893004
TSP_kg_ha,LASSO,93,89.5979832099828
TSP_kg_ha,LASSO,90.6,105.697896479578
TSP_kg_ha,LASSO,92.1,90.10045767932768
TSP_kg_ha,LASSO,131.9,124.56699917583586
TSP_kg_ha,LASSO,132.3,113.08436784612981
TSP_kg_ha,LASSO,43,50.62040615459015
TSP_kg_ha,LASSO,140,122.60712833588397
TSP_kg_ha,LASSO,137.5,112.39281847694161
TSP_kg_ha,LASSO,134.2,116.35789964241773
TSP_kg_ha,LASSO,89.4,89.08758194812272
TSP_kg_ha,LASSO,125.8,110.67182117566112
TSP_kg_ha,LASSO,133.5,111.5205389538221
TSP_kg_ha,LASSO,123,111.95707458448318
TSP_kg_ha,LASSO,87.7,71.49530333857236
TSP_kg_ha,LASSO,123.1,142.50852617210097
TSP_kg_ha,LASSO,84.4,89.58115493999587
TSP_kg_ha,LASSO,81.2,97.55434513675722
TSP_kg_ha,LASSO,88.1,93.95976667564366
TSP_kg_ha,LASSO,85,73.74917345688904
TSP_kg_ha,LASSO,124.9,131.9935755525808
TSP_kg_ha,LASSO,81.7,101.49416522909097
TSP_kg_ha,LASSO,121.9,133.71750136327944
TSP_kg_ha,LASSO,93.1,99.5118900755117
TSP_kg_ha,LASSO,121.3,111.33901747746307
TSP_kg_ha,LASSO,91.5,102.90839190406437
TSP_kg_ha,LASSO,88.9,93.53160741637481
TSP_kg_ha,LASSO,125.5,123.43514439598877
TSP_kg_ha,LASSO,92.2,76.69093780284763
TSP_kg_ha,LASSO,123.8,122.08412487633642
TSP_kg_ha,LASSO,127.9,134.86202363599742
TSP_kg_ha,LASSO,45.7,64.37526607823176
TSP_kg_ha,LASSO,130.6,126.00509081946274
TSP_kg_ha,LASSO,126.3,121.348041341596
TSP_kg_ha,LASSO,133,113.3574121299507
TSP_kg_ha,LASSO,81.6,97.5340664570141
TSP_kg_ha,LASSO,123.1,139.0529803454177
TSP_kg_ha,LASSO,139.1,116.49570958944325
TSP_kg_ha,LASSO,128.7,126.66766718039071
TSP_kg_ha,LASSO,123.6,123.94718149687604
TSP_kg_ha,LASSO,90.7,98.14692424755175
TSP_kg_ha,LASSO,123,131.34662262440662
TSP_kg_ha,LASSO,92.8,81.09451862354165
TSP_kg_ha,LASSO,124.3,126.45204116246892
TSP_kg_ha,LASSO,126.8,117.08361464092152
TSP_kg_ha,LASSO,92.3,95.75987487493103
TSP_kg_ha,LASSO,81.7,106.30547211827091
TSP_kg_ha,LASSO,46.7,57.12282104441847
TSP_kg_ha,LASSO,133.9,115.14797246253855
TSP_kg_ha,LASSO,136.7,127.03762608548118
TSP_kg_ha,LASSO,139.7,123.5737215802703
TSP_kg_ha,LASSO,139,133.12481425455186
TSP_kg_ha,LASSO,128.6,127.42502434756734
TSP_kg_ha,LASSO,136.1,125.90769671841107
TSP_kg_ha,LASSO,134.3,131.28438703220974
TSP_kg_ha,LASSO,91.6,79.4516048357122
TSP_kg_ha,LASSO,139.5,125.69376862493378
TSP_kg_ha,LASSO,125.7,130.1567910746854
TSP_kg_ha,LASSO,86.8,101.12288891839498
TSP_kg_ha,LASSO,82.1,100.41770946963707
TSP_kg_ha,LASSO,132.3,110.65532702285992
TSP_kg_ha,LASSO,129.8,126.10814916277657
TSP_kg_ha,LASSO,91.9,97.05285071963478
TSP_kg_ha,LASSO,133.7,113.27312848006248
TSP_kg_ha,LASSO,133.2,109.80566473641214
TSP_kg_ha,LASSO,85.7,91.69800122722575
TSP_kg_ha,LASSO,134.2,133.50981639445808
TSP_kg_ha,LASSO,44.3,60.11784996164543
TSP_kg_ha,LASSO,130.7,138.44942961550532
TSP_kg_ha,LASSO,83.5,96.89127161524651
TSP_kg_ha,LASSO,138,128.66854277929494
TSP_kg_ha,LASSO,82.7,86.58576519172878
TSP_kg_ha,LASSO,138.1,128.97508447383234
TSP_kg_ha,LASSO,122.1,133.64425927936165
TSP_kg_ha,LASSO,92.2,79.02400171434935
TSP_kg_ha,LASSO,90.3,96.0600835353655
TSP_kg_ha,LASSO,93,96.09657849614203
TSP_kg_ha,LASSO,89.7,81.04432221737848
TSP_kg_ha,LASSO,132.3,120.50269379777201
TSP_kg_ha,LASSO,126,140.75742874347492
TSP_kg_ha,LASSO,85,86.7249968678034
TSP_kg_ha,LASSO,88.7,93.91510541296988
TSP_kg_ha,LASSO,81.4,92.46998185799822
TSP_kg_ha,LASSO,124.3,121.01454226476615
TSP_kg_ha,LASSO,133.8,115.26886444879247
TSP_kg_ha,LASSO,90.5,107.67721880930137
TSP_kg_ha,LASSO,135.4,133.49165958984247
TSP_kg_ha,LASSO,137.8,107.95930893492363
TSP_kg_ha,LASSO,92.6,94.0162696414771
TSP_kg_ha,LASSO,82.1,100.83054631101851
TSP_kg_ha,LASSO,139.6,129.97729557761048
TSP_kg_ha,LASSO,134.3,123.45590181217156
TSP_kg_ha,LASSO,84.4,94.62011408205517
TSP_kg_ha,LASSO,45.3,62.81164627029308
TSP_kg_ha,LASSO,85.3,84.80100137123651
TSP_kg_ha,LASSO,89.5,104.05577987451738
TSP_kg_ha,LASSO,89.7,97.66664223899122
TSP_kg_ha,LASSO,87.9,99.16335327327914
TSP_kg_ha,LASSO,43.6,41.39365140163517
TSP_kg_ha,LASSO,133.5,137.6286230696153
TSP_kg_ha,LASSO,123.4,139.45584104040398
TSP_kg_ha,LASSO,86.6,105.67152813588862
TSP_kg_ha,LASSO,138.9,118.4810070114706
TSP_kg_ha,LASSO,129.8,132.98507199125615
TSP_kg_ha,LASSO,91.1,100.6285169079526
TSP_kg_ha,LASSO,91.8,95.77534594462298
TSP_kg_ha,LASSO,82,96.71143162006832
TSP_kg_ha,LASSO,131.2,142.9350393164998
TSP_kg_ha,LASSO,120.7,130.7081551748396
TSP_kg_ha,LASSO,45.2,54.229466935332375
TSP_kg_ha,LASSO,93.5,76.09154174747513
TSP_kg_ha,LASSO,86.1,94.14009112876381
TSP_kg_ha,LASSO,126.6,142.3157522372976
TSP_kg_ha,LASSO,82.7,92.68901490390233
TSP_kg_ha,LASSO,91.7,96.26733644166164
TSP_kg_ha,LASSO,80.6,100.41199884151312
TSP_kg_ha,LASSO,90.3,73.19911730455185
TSP_kg_ha,LASSO,87,90.54273120783063
TSP_kg_ha,LASSO,83.1,95.50064245553429
TSP_kg_ha,LASSO,125.3,125.92756120130947
TSP_kg_ha,LASSO,125.3,118.94395018721367
TSP_kg_ha,LASSO,84.5,76.43367884731899
TSP_kg_ha,LASSO,131.9,127.14236912444241
TSP_kg_ha,LASSO,124.3,121.99141616415238
TSP_kg_ha,LASSO,127.7,123.51357273373465
TSP_kg_ha,LASSO,86.4,83.33276337256503
TSP_kg_ha,LASSO,125.9,111.89254151139409
TSP_kg_ha,LASSO,133.5,132.76083205295677
TSP_kg_ha,LASSO,81.6,98.75079806441829
TSP_kg_ha,LASSO,131.5,125.61281002447745
TSP_kg_ha,LASSO,122.6,133.86893134823248
TSP_kg_ha,LASSO,85.4,90.25883601828211
TSP_kg_ha,LASSO,80.8,92.67035070080408
TSP_kg_ha,LASSO,89.9,95.11072621375942
TSP_kg_ha,LASSO,123.5,132.89696053399607
TSP_kg_ha,LASSO,136.9,110.39705847238483
TSP_kg_ha,LASSO,139.3,137.69407392755937
TSP_kg_ha,LASSO,127.3,131.10788215278575
TSP_kg_ha,LASSO,126.7,144.12818321167413
TSP_kg_ha,LASSO,85.8,102.06313571297997
TSP_kg_ha,LASSO,124.7,117.48454130500677
TSP_kg_ha,LASSO,122,108.97382599417436
TSP_kg_ha,LASSO,130.2,110.68463463444756
TSP_kg_ha,LASSO,135.8,123.5738853778384
TSP_kg_ha,LASSO,125.3,117.03523938024027
TSP_kg_ha,LASSO,127.5,137.90057977511992
TSP_kg_ha,LASSO,132.3,125.0529620753663
TSP_kg_ha,LASSO,44.5,39.27987073481462
TSP_kg_ha,LASSO,124.2,131.11633339480923
TSP_kg_ha,LASSO,139.9,114.97384948640926
TSP_kg_ha,LASSO,135.9,121.5022073871313
TSP_kg_ha,LASSO,134.5,129.44771558247268
TSP_kg_ha,LASSO,89.6,99.18051498310811
TSP_kg_ha,LASSO,85,76.0351698137774
TSP_kg_ha,LASSO,138,132.60599160275464
TSP_kg_ha,LASSO,44.7,57.188401084041374
TSP_kg_ha,LASSO,124.2,108.97010593978634
TSP_kg_ha,LASSO,134.6,116.33864442264543
TSP_kg_ha,LASSO,136.1,128.3966160816036
TSP_kg_ha,LASSO,136.8,125.79820370711569
TSP_kg_ha,LASSO,138.5,110.09354376201637
TSP_kg_ha,LASSO,128.6,131.95546838844996
TSP_kg_ha,LASSO,121.6,110.74379020668697
TSP_kg_ha,LASSO,132.6,131.65107866491994
TSP_kg_ha,LASSO,81.7,101.257522495942
TSP_kg_ha,LASSO,139.6,139.4446139745684
TSP_kg_ha,LASSO,81.9,90.56655815537569
TSP_kg_ha,LASSO,124.5,137.1106317387211
TSP_kg_ha,LASSO,137.6,141.40880605843338
TSP_kg_ha,LASSO,130.7,130.7140758634148
TSP_kg_ha,LASSO,130,127.57096762182573
TSP_kg_ha,LASSO,86.3,104.88035233448494
TSP_kg_ha,LASSO,139,118.38358686023797
TSP_kg_ha,LASSO,83.6,95.90644986619857
TSP_kg_ha,LASSO,86.1,81.09675858139467
TSP_kg_ha,LASSO,87.1,100.75197183090502
TSP_kg_ha,LASSO,121.5,140.49922822179028
TSP_kg_ha,LASSO,136.6,119.09297313611548
TSP_kg_ha,LASSO,81.7,92.52096513616377
TSP_kg_ha,LASSO,122,114.17314359471813
TSP_kg_ha,LASSO,83.8,105.75441234861651
TSP_kg_ha,LASSO,135.1,137.9710220823859
TSP_kg_ha,LASSO,122.9,116.11774220329998
TSP_kg_ha,LASSO,127.7,134.9373603220564
TSP_kg_ha,LASSO,84.9,104.98079837091635
TSP_kg_ha,LASSO,44,71.76856103191933
TSP_kg_ha,LASSO,82.4,97.65485397119318
TSP_kg_ha,LASSO,84.8,91.21988189712144
TSP_kg_ha,LASSO,137,132.42846878334586
TSP_kg_ha,LASSO,132.5,108.17155219111474
TSP_kg_ha,LASSO,85.5,102.79508640995732
TSP_kg_ha,LASSO,87,108.13827882345969
TSP_kg_ha,LASSO,87.8,81.14161761444042
TSP_kg_ha,LASSO,129.5,113.94417293192838
TSP_kg_ha,LASSO,135.7,141.39899317361053
TSP_kg_ha,LASSO,133.7,141.51072921501654
TSP_kg_ha,LASSO,132,113.43403683867068
TSP_kg_ha,LASSO,125.3,113.8714889419741
TSP_kg_ha,LASSO,83.3,91.52178452745646
TSP_kg_ha,LASSO,139.9,143.52142395458367
TSP_kg_ha,LASSO,137.6,110.8780091228792
TSP_kg_ha,LASSO,86.8,97.60331947742925
TSP_kg_ha,LASSO,80.7,75.40071709622423
TSP_kg_ha,LASSO,132,123.48305993911877
TSP_kg_ha,LASSO,133.7,126.46856948905075
TSP_kg_ha,LASSO,46.4,51.528026820183676
TSP_kg_ha,LASSO,133.7,131.45158881505532
TSP_kg_ha,LASSO,81.8,103.77094611954287
TSP_kg_ha,LASSO,86.9,72.53879968803463
TSP_kg_ha,LASSO,80.8,73.74164831687432
TSP_kg_ha,LASSO,82.9,104.19612898220954
TSP_kg_ha,LASSO,87.8,97.4213450586654
TSP_kg_ha,LASSO,88.1,90.39764544562092
TSP_kg_ha,LASSO,90.5,75.28945922763207
TSP_kg_ha,LASSO,92.1,93.27501534855473
TSP_kg_ha,LASSO,132.3,125.58104927959724
TSP_kg_ha,LASSO,91.2,96.00823245692602
TSP_kg_ha,LASSO,129.3,112.74932352590486
TSP_kg_ha,LASSO,44.9,32.790915689675224
TSP_kg_ha,LASSO,127,121.43039454069196
TSP_kg_ha,LASSO,130.9,125.60983525755668
TSP_kg_ha,LASSO,125.5,118.32901384622377
TSP_kg_ha,LASSO,87.6,102.67069447203575
TSP_kg_ha,LASSO,91.7,104.04028502498787
TSP_kg_ha,LASSO,91.3,88.24448582953264
TSP_kg_ha,LASSO,86.5,91.1211725696185
TSP_kg_ha,LASSO,131.3,125.54349910309284
TSP_kg_ha,LASSO,123.7,123.79166300739193
TSP_kg_ha,LASSO,91.3,93.64169239854641
TSP_kg_ha,LASSO,82.9,92.712003663738
TSP_kg_ha,LASSO,122.2,119.27331519402244
TSP_kg_ha,LASSO,85.8,82.90043415797885
TSP_kg_ha,LASSO,93.5,99.99116939544926
TSP_kg_ha,LASSO,90.7,97.64174153595914
TSP_kg_ha,LASSO,140,141.9928099710748
TSP_kg_ha,LASSO,130,136.14564824297054
TSP_kg_ha,LASSO,125.1,109.09235633104318
TSP_kg_ha,LASSO,44.2,50.81819558094388
TSP_kg_ha,LASSO,138.8,117.77437272907468
TSP_kg_ha,LASSO,138.1,112.71219680702188
TSP_kg_ha,LASSO,131.4,120.62980569571855
TSP_kg_ha,LASSO,123.9,126.20022391915309
TSP_kg_ha,LASSO,86.8,104.98593515311953
TSP_kg_ha,LASSO,42.8,42.79922675822664
TSP_kg_ha,LASSO,138.6,128.318358925347
TSP_kg_ha,LASSO,128.4,115.0691952716021
TSP_kg_ha,LASSO,128.5,122.76386698426971
TSP_kg_ha,LASSO,133.9,140.15301867072804
TSP_kg_ha,LASSO,127.8,110.65922705473204
TSP_kg_ha,LASSO,89.4,81.93705009660592
TSP_kg_ha,LASSO,124.4,143.04893548213136
TSP_kg_ha,LASSO,83.7,98.3881819932457
TSP_kg_ha,LASSO,127.6,132.88528494564386
TSP_kg_ha,LASSO,87.9,95.13749668358237
TSP_kg_ha,LASSO,88.5,103.01671781584639
TSP_kg_ha,LASSO,81.3,80.05104661900357
TSP_kg_ha,LASSO,88.3,102.00282120998665
TSP_kg_ha,LASSO,124.4,123.34611936830774
TSP_kg_ha,LASSO,89.3,94.82358141362764
TSP_kg_ha,LASSO,90.1,96.06254222432068
TSP_kg_ha,LASSO,42.9,38.50083877861537
TSP_kg_ha,LASSO,139,129.26543460767974
TSP_kg_ha,LASSO,137.1,115.02616335886388
TSP_kg_ha,LASSO,124.3,132.1967904778092
TSP_kg_ha,LASSO,127.9,124.17683295298515
TSP_kg_ha,LASSO,140,135.86932974882112
TSP_kg_ha,LASSO,138.3,114.12651940497992
TSP_kg_ha,LASSO,44.5,50.211193239844384
TSP_kg_ha,LASSO,125.4,123.0953998320885
TSP_kg_ha,LASSO,121.1,120.49516324524286
TSP_kg_ha,LASSO,136.4,117.55813913531685
TSP_kg_ha,LASSO,125.8,137.93509312534255
TSP_kg_ha,LASSO,129.7,137.63768984109785
TSP_kg_ha,LASSO,80.9,104.66001264381359
TSP_kg_ha,LASSO,89.7,88.2006935009456
TSP_kg_ha,LASSO,124.6,117.90303190319777
TSP_kg_ha,LASSO,124.7,111.39056165798914
TSP_kg_ha,LASSO,87.8,99.99232785867801
TSP_kg_ha,LASSO,92,94.76520747167463
TSP_kg_ha,LASSO,135.3,134.43222875059269
TSP_kg_ha,LASSO,136.4,118.85363384090587
TSP_kg_ha,LASSO,83.6,99.31941244237522
TSP_kg_ha,LASSO,84.4,100.4100790784532
TSP_kg_ha,LASSO,89.4,87.0248482114412
TSP_kg_ha,LASSO,126.6,137.95177699980073
TSP_kg_ha,LASSO,92.6,96.23081812688265
TSP_kg_ha,LASSO,41.8,38.570537179270595
TSP_kg_ha,LASSO,122.2,131.19735225434695
TSP_kg_ha,LASSO,126.2,129.98537110440736
TSP_kg_ha,LASSO,91.6,106.32420913688551
TSP_kg_ha,LASSO,126.5,132.25626745267286
TSP_kg_ha,LASSO,43.1,70.24432788053394
TSP_kg_ha,LASSO,85.9,73.21980539123291
TSP_kg_ha,LASSO,135.3,133.4721997238507
TSP_kg_ha,LASSO,134.6,113.45623907256757
TSP_kg_ha,LASSO,89.2,100.49951602663711
TSP_kg_ha,LASSO,131.4,132.1136559553602
TSP_kg_ha,LASSO,121.9,111.16306770382387
TSP_kg_ha,LASSO,125.5,109.46187758759862
TSP_kg_ha,LASSO,139.8,121.97960599334913
TSP_kg_ha,LASSO,81.8,95.51666654792528
TSP_kg_ha,LASSO,125.5,130.36885697442867
TSP_kg_ha,LASSO,139.4,123.69653095005552
TSP_kg_ha,LASSO,124.5,117.10270023386633
TSP_kg_ha,LASSO,43.9,48.456715185338766
TSP_kg_ha,LASSO,125.2,130.08457302970038
TSP_kg_ha,LASSO,136.3,126.93522395000457
TSP_kg_ha,LASSO,138.9,125.25788103750644
TSP_kg_ha,LASSO,121.5,134.72035785121463
TSP_kg_ha,LASSO,82.8,83.89333374066074
TSP_kg_ha,LASSO,133.6,125.75983020523331
TSP_kg_ha,LASSO,125.1,131.3528947298093
TSP_kg_ha,LASSO,131.6,113.45100409805065
TSP_kg_ha,LASSO,133.4,138.81980316653195
TSP_kg_ha,LASSO,122,118.3341283181204
TSP_kg_ha,LASSO,83,94.08879147865999
TSP_kg_ha,LASSO,46.3,62.776950891657606
TSP_kg_ha,LASSO,88,98.67110081784148
TSP_kg_ha,LASSO,80.8,80.0831185777251
TSP_kg_ha,LASSO,129.1,113.08297028778911
TSP_kg_ha,LASSO,133.9,127.55409137656711
TSP_kg_ha,LASSO,84.8,104.51742405838942
TSP_kg_ha,LASSO,133.2,125.09567153353937
TSP_kg_ha,LASSO,128.3,143.72586804256235
TSP_kg_ha,LASSO,120.7,119.3482184417194
TSP_kg_ha,LASSO,87.3,90.60186803450202
TSP_kg_ha,LASSO,128.1,129.3583276450461
TSP_kg_ha,LASSO,93.4,84.62418165449289
TSP_kg_ha,LASSO,87.6,106.30567499526123
TSP_kg_ha,LASSO,139.9,140.7902951444179
TSP_kg_ha,LASSO,129.6,109.4255583664826
TSP_kg_ha,LASSO,124.7,126.40979683780411
TSP_kg_ha,LASSO,87.9,98.89129727807385
TSP_kg_ha,LASSO,121.7,118.70675031399203
TSP_kg_ha,LASSO,128.3,140.41334412181604
TSP_kg_ha,LASSO,129.9,109.93143971950808
TSP_kg_ha,LASSO,87.6,89.6652535986544
TSP_kg_ha,LASSO,127.2,137.2405853584563
TSP_kg_ha,LASSO,127.3,108.10795952533779
TSP_kg_ha,LASSO,85.4,72.43072462369146
TSP_kg_ha,LASSO,43.7,62.79572428105081
TSP_kg_ha,LASSO,85.4,95.89337695178665
TSP_kg_ha,LASSO,86.1,86.14312054950008
TSP_kg_ha,LASSO,133.2,140.87990197011808
TSP_kg_ha,LASSO,130,131.57118090961325
TSP_kg_ha,LASSO,90.7,78.15502300163331
TSP_kg_ha,LASSO,134.3,116.68532470073187
TSP_kg_ha,LASSO,139.7,131.25366142646612
TSP_kg_ha,LASSO,131.2,121.94090394568154
TSP_kg_ha,LASSO,81.1,72.4333256140497
TSP_kg_ha,LASSO,89,78.8233346840309
TSP_kg_ha,LASSO,91.6,107.50700338693831
TSP_kg_ha,LASSO,86.3,92.45177399487852
TSP_kg_ha,LASSO,126.1,109.8172887765239
TSP_kg_ha,LASSO,123.4,115.49979408584457
TSP_kg_ha,LASSO,84.5,97.2607771627206
TSP_kg_ha,LASSO,138.4,119.8649258120984
TSP_kg_ha,LASSO,138.9,126.78591064765807
TSP_kg_ha,LASSO,85.2,76.86657379211137
TSP_kg_ha,LASSO,139.1,136.0798016341209
TSP_kg_ha,LASSO,123.4,124.78658261068983
TSP_kg_ha,LASSO,134.7,117.72827695952253
TSP_kg_ha,LASSO,83.1,80.29084417922135
TSP_kg_ha,LASSO,121.5,134.39232290304668
TSP_kg_ha,LASSO,81.7,72.86620278067878
TSP_kg_ha,LASSO,83.6,75.4711729167041
TSP_kg_ha,LASSO,84.9,104.15666740039943
TSP_kg_ha,LASSO,131,122.02480395328382
TSP_kg_ha,LASSO,82.8,97.59513555170831
TSP_kg_ha,LASSO,132.8,131.3561426828202
TSP_kg_ha,LASSO,136.5,134.3838416208509
TSP_kg_ha,LASSO,84.7,95.83604081077786
TSP_kg_ha,LASSO,133,114.98055446970238
TSP_kg_ha,LASSO,87,73.18318433677545
TSP_kg_ha,LASSO,139.4,127.77466848390915
TSP_kg_ha,LASSO,83.1,75.95964181249435
TSP_kg_ha,LASSO,89.7,96.63339156301659
TSP_kg_ha,LASSO,43.6,34.81118516918187
TSP_kg_ha,LASSO,137.1,131.86455307657457
TSP_kg_ha,LASSO,128.3,114.27373142193636
TSP_kg_ha,LASSO,90.3,105.57448955277846
TSP_kg_ha,LASSO,86,93.6225105835063
TSP_kg_ha,LASSO,46.4,42.73750849820657
TSP_kg_ha,LASSO,137.7,134.44332930848475
TSP_kg_ha,LASSO,81,86.69126673669027
TSP_kg_ha,LASSO,139.7,114.70610266941526
TSP_kg_ha,LASSO,83.6,76.78726224210484
TSP_kg_ha,LASSO,133.4,138.0537267293848
TSP_kg_ha,LASSO,89.1,99.10614642372035
TSP_kg_ha,LASSO,89.6,75.37138055722941
TSP_kg_ha,LASSO,138.4,142.084499528276
TSP_kg_ha,LASSO,46.7,59.99178187613644
TSP_kg_ha,LASSO,87.9,94.43373383372825
TSP_kg_ha,LASSO,88.9,75.90821596658182
TSP_kg_ha,LASSO,86.1,90.36814509066355
TSP_kg_ha,LASSO,44.9,68.73224920452029
TSP_kg_ha,LASSO,86.2,91.05131439007675
TSP_kg_ha,LASSO,89.9,97.27290367926217
TSP_kg_ha,LASSO,81.9,73.08079514293634
TSP_kg_ha,LASSO,88.7,96.75595012107765
TSP_kg_ha,LASSO,130.2,110.23693610026419
TSP_kg_ha,LASSO,128.1,131.18242166906592
TSP_kg_ha,LASSO,127.2,124.1728243231927
TSP_kg_ha,LASSO,44.2,52.9126293580549
TSP_kg_ha,LASSO,138.1,126.8900685558613
TSP_kg_ha,LASSO,133.7,118.35343546832421
TSP_kg_ha,LASSO,136.6,117.70788591750109
TSP_kg_ha,LASSO,133.4,140.80054089352572
TSP_kg_ha,LASSO,88.8,99.25680744607813
TSP_kg_ha,LASSO,87.7,105.63046982465448
TSP_kg_ha,LASSO,87.3,99.94244696767826
TSP_kg_ha,LASSO,125.2,141.94119349608712
TSP_kg_ha,LASSO,91.1,100.46491688844701
TSP_kg_ha,LASSO,46.1,67.99349074140387
TSP_kg_ha,LASSO,86.9,99.37945529810322
TSP_kg_ha,LASSO,87.9,86.93254133578196
TSP_kg_ha,LASSO,130.2,118.40499473235771
TSP_kg_ha,LASSO,128.4,121.4107055133032
TSP_kg_ha,LASSO,130.4,124.59814873997186
TSP_kg_ha,LASSO,85.6,94.88899426507149
TSP_kg_ha,LASSO,125.1,127.826615355793
TSP_kg_ha,LASSO,132.1,109.7056806510941
TSP_kg_ha,LASSO,127.3,124.32587926943353
TSP_kg_ha,LASSO,81.6,93.96724631323471
TSP_kg_ha,LASSO,135.9,124.32373088267731
TSP_kg_ha,LASSO,81.5,93.9771918112427
TSP_kg_ha,LASSO,138.6,117.15373025990445
TSP_kg_ha,LASSO,130,140.77128270508152
TSP_kg_ha,LASSO,90.2,95.12106789661073
TSP_kg_ha,LASSO,42.2,68.6039263418549
TSP_kg_ha,LASSO,125.6,129.11862705765583
TSP_kg_ha,LASSO,136.2,111.97909960869126
TSP_kg_ha,LASSO,124.4,118.890887553048
TSP_kg_ha,LASSO,133.3,114.11525799870398
TSP_kg_ha,LASSO,128.8,114.40610100328061
TSP_kg_ha,LASSO,132,138.11313453963345
TSP_kg_ha,LASSO,42.4,55.03953352215082
TSP_kg_ha,LASSO,127.9,139.32156909461327
TSP_kg_ha,LASSO,40.3,71.66298441796503
TSP_kg_ha,LASSO,82,75.46515146749161
TSP_kg_ha,LASSO,134.7,126.39314365777274
TSP_kg_ha,LASSO,123.2,139.6690028959968
TSP_kg_ha,LASSO,91.6,85.41522173673184
TSP_kg_ha,LASSO,45.5,64.40081731128413
TSP_kg_ha,LASSO,121,134.69422138584233
TSP_kg_ha,LASSO,89.4,74.4774705399137
TSP_kg_ha,LASSO,121.3,141.8053846923
TSP_kg_ha,LASSO,129.3,138.41757282281966
TSP_kg_ha,LASSO,125.9,127.14304757877758
TSP_kg_ha,LASSO,44.4,56.55190003329017
TSP_kg_ha,LASSO,138.2,131.14358919084503
TSP_kg_ha,LASSO,83.8,97.32328868312526
TSP_kg_ha,LASSO,90.2,91.81564312976816
TSP_kg_ha,LASSO,87.5,93.45925147309404
TSP_kg_ha,LASSO,80.6,83.3037948279945
TSP_kg_ha,LASSO,122,131.96877801662322
TSP_kg_ha,LASSO,45.9,54.33012034060537
TSP_kg_ha,LASSO,86.8,90.2975577027779
TSP_kg_ha,LASSO,136.7,110.90987945400553
TSP_kg_ha,LASSO,82.7,105.07876940318445
TSP_kg_ha,LASSO,130.7,132.47257415101336
TSP_kg_ha,LASSO,85.2,73.06180253124477
TSP_kg_ha,LASSO,139,143.6785324348603
TSP_kg_ha,LASSO,139.6,126.10199104222015
TSP_kg_ha,LASSO,124.6,143.2598128536488
TSP_kg_ha,LASSO,91.3,104.66578939615484
TSP_kg_ha,LASSO,83.6,103.1263906501386
TSP_kg_ha,LASSO,122.6,116.84016562364936
TSP_kg_ha,LASSO,133.5,109.14987883805256
TSP_kg_ha,LASSO,136.1,131.57903673870834
TSP_kg_ha,LASSO,91.6,100.96450254830258
TSP_kg_ha,LASSO,126.1,120.58552775313996
TSP_kg_ha,LASSO,129.8,134.08432163881713
TSP_kg_ha,LASSO,122.4,117.78503512420012
TSP_kg_ha,LASSO,133.9,115.23847029003251
TSP_kg_ha,LASSO,84.3,100.29191365896581
TSP_kg_ha,LASSO,137.3,124.6613122128372
TSP_kg_ha,LASSO,84.9,87.62273243549647
TSP_kg_ha,LASSO,87.3,86.11320587072856
TSP_kg_ha,LASSO,131.8,120.36464575071989
TSP_kg_ha,LASSO,81.7,94.02313423227463
TSP_kg_ha,LASSO,87.8,83.95904553476667
TSP_kg_ha,LASSO,132.7,120.09693562224615
TSP_kg_ha,LASSO,131.8,131.6439998095508
TSP_kg_ha,LASSO,83.6,86.65323652059155
TSP_kg_ha,LASSO,133.2,140.6628229838664
TSP_kg_ha,LASSO,84.4,104.82358203645424
TSP_kg_ha,LASSO,135.2,115.99723576117213
TSP_kg_ha,LASSO,42.5,52.11556315367132
TSP_kg_ha,LASSO,84.1,105.60539661044957
TSP_kg_ha,LASSO,44,46.18652675837154
TSP_kg_ha,LASSO,136.3,120.35712598976538
TSP_kg_ha,LASSO,89.6,100.89230198483034
TSP_kg_ha,LASSO,44.1,63.06048857162178
TSP_kg_ha,LASSO,93.2,88.82584595200275
TSP_kg_ha,LASSO,136.9,122.02465342915438
TSP_kg_ha,LASSO,129.6,116.32664006858258
TSP_kg_ha,LASSO,134.8,124.48452811883693
TSP_kg_ha,LASSO,81.8,74.34704187523239
TSP_kg_ha,LASSO,86.6,96.47999750975862
TSP_kg_ha,LASSO,85.5,75.540059835025
TSP_kg_ha,LASSO,43.7,48.55915697441096
TSP_kg_ha,LASSO,128.3,140.20593278002545
TSP_kg_ha,LASSO,125.4,121.77624719328611
TSP_kg_ha,LASSO,81.3,78.27481987209624
TSP_kg_ha,LASSO,123.9,120.70185977866174
TSP_kg_ha,LASSO,88.5,72.89741247988928
TSP_kg_ha,LASSO,120.8,121.3071083533415
TSP_kg_ha,LASSO,126.1,111.73213127029426
TSP_kg_ha,LASSO,92.5,88.84755691911421
TSP_kg_ha,LASSO,42.6,35.65908577508062
TSP_kg_ha,LASSO,130,141.20459440730642
TSP_kg_ha,LASSO,135.4,117.80893495987013
TSP_kg_ha,LASSO,133.1,119.74960544311888
TSP_kg_ha,LASSO,93.3,99.44875919621616
TSP_kg_ha,LASSO,89.2,88.88621748115875
TSP_kg_ha,LASSO,87.4,94.29050720253484
TSP_kg_ha,LASSO,42.2,50.787575207180346
TSP_kg_ha,LASSO,46.7,69.40980705958584
TSP_kg_ha,LASSO,132.4,138.9738075282075
TSP_kg_ha,LASSO,129.2,113.31119621222842
TSP_kg_ha,LASSO,86,94.60373604759305
TSP_kg_ha,LASSO,93.3,81.012232513062
TSP_kg_ha,LASSO,139.1,132.3156442032804
TSP_kg_ha,LASSO,121,114.13839614638387
TSP_kg_ha,LASSO,135.8,127.5699831164256
TSP_kg_ha,LASSO,85.7,93.98613023925539
TSP_kg_ha,LASSO,131.3,109.53538667918491
TSP_kg_ha,LASSO,43.8,59.356801637718135
TSP_kg_ha,LASSO,137,124.38177251359981
TSP_kg_ha,LASSO,92,102.04745153785979
TSP_kg_ha,LASSO,129.8,130.0420274422047
TSP_kg_ha,LASSO,138.1,134.2947736472775
TSP_kg_ha,LASSO,123.3,133.73038423583537
TSP_kg_ha,LASSO,130.3,138.57176726916168
TSP_kg_ha,LASSO,138.6,108.60715129263123
TSP_kg_ha,LASSO,85.1,104.10707252787543
TSP_kg_ha,LASSO,93,81.04216710904325
TSP_kg_ha,LASSO,81.9,102.5229768709571
TSP_kg_ha,LASSO,80.8,100.55952650943347
TSP_kg_ha,LASSO,121.9,126.22647969093168
TSP_kg_ha,LASSO,122.9,128.76983103977813
TSP_kg_ha,LASSO,43,50.79633948513408
TSP_kg_ha,LASSO,140,141.19926209263747
TSP_kg_ha,LASSO,124,137.11338449287985
TSP_kg_ha,LASSO,81.8,83.14305998362013
TSP_kg_ha,LASSO,124.4,120.93023767819945
TSP_kg_ha,LASSO,86.3,90.09041550978772
TSP_kg_ha,LASSO,93.2,71.56890872606684
TSP_kg_ha,LASSO,130.5,140.077012874479
TSP_kg_ha,LASSO,135.7,132.9685970624572
TSP_kg_ha,LASSO,82.5,105.5528923184125
TSP_kg_ha,LASSO,85.2,82.64293899800566
TSP_kg_ha,LASSO,81.3,105.46756074899201
TSP_kg_ha,LASSO,90.9,106.34490890030781
TSP_kg_ha,LASSO,81.9,102.44489992236282
TSP_kg_ha,LASSO,85.9,82.51229114200163
TSP_kg_ha,LASSO,45.9,59.27459019985474
TSP_kg_ha,LASSO,126.3,126.3192191896229
TSP_kg_ha,LASSO,89.1,95.49554379568478
TSP_kg_ha,LASSO,128.7,133.81918252804203
TSP_kg_ha,LASSO,40.4,43.660584758053574
TSP_kg_ha,LASSO,139.9,121.53098483486026
TSP_kg_ha,LASSO,44,55.090299285086054
TSP_kg_ha,LASSO,122.9,124.09392568657618
TSP_kg_ha,LASSO,91.4,103.6070802986485
TSP_kg_ha,LASSO,92.3,94.7751188547432
TSP_kg_ha,LASSO,80.8,78.2290461713639
TSP_kg_ha,LASSO,43.2,35.72360184757706
TSP_kg_ha,LASSO,84.6,78.95735465281686
TSP_kg_ha,LASSO,46.4,52.06845328435035
TSP_kg_ha,LASSO,125.8,123.57162747122376
TSP_kg_ha,LASSO,83.4,91.07048671075057
TSP_kg_ha,LASSO,91.9,101.86460856023956
TSP_kg_ha,LASSO,84,77.9927339712786
TSP_kg_ha,LASSO,129,135.5870799467346
TSP_kg_ha,LASSO,91.5,107.5606993148667
TSP_kg_ha,LASSO,86.5,76.97318479099954
TSP_kg_ha,LASSO,131.4,114.83237707725186
TSP_kg_ha,LASSO,92.9,97.21005887435648
TSP_kg_ha,LASSO,88,97.9580365671323
TSP_kg_ha,LASSO,45.5,49.165619093927845
TSP_kg_ha,LASSO,135.9,132.73055364213363
TSP_kg_ha,LASSO,92.8,87.53438354615308
TSP_kg_ha,LASSO,89.3,78.94125901425915
TSP_kg_ha,LASSO,85.4,90.51047794683512
TSP_kg_ha,LASSO,92.5,96.08841477722085
TSP_kg_ha,LASSO,42.7,38.46709717796041
TSP_kg_ha,LASSO,127.8,112.5929362474897
TSP_kg_ha,LASSO,87.9,98.17837484703882
TSP_kg_ha,LASSO,131.8,135.0906320705638
TSP_kg_ha,LASSO,125.4,131.55227587214048
TSP_kg_ha,LASSO,131.2,109.83603142509791
TSP_kg_ha,LASSO,121.9,133.65928073604715
TSP_kg_ha,LASSO,43.8,64.381758259550793
TSP_kg_ha,LASSO,83.1,92.5083193391549
TSP_kg_ha,LASSO,124.3,131.68937787564653
TSP_kg_ha,LASSO,84.3,93.97341672771448
TSP_kg_ha,LASSO,88.6,107.7769792299215
TSP_kg_ha,LASSO,134.8,113.84501107367561
TSP_kg_ha,LASSO,133.2,119.07410630838832
TSP_kg_ha,LASSO,128.5,136.25182997348261
TSP_kg_ha,LASSO,86.6,74.62029217633577
TSP_kg_ha,LASSO,44.6,64.4471363142584
TSP_kg_ha,LASSO,124.7,113.34965113616916
TSP_kg_ha,LASSO,125.9,121.44629166480519
TSP_kg_ha,LASSO,90.5,86.93787717705801
TSP_kg_ha,LASSO,91.5,102.01377876318391
TSP_kg_ha,LASSO,87.6,104.09860439970544
TSP_kg_ha,LASSO,92.7,78.22146648747052
TSP_kg_ha,LASSO,136.5,115.85922202711248
TSP_kg_ha,LASSO,44.6,37.00778208840652
TSP_kg_ha,LASSO,132.1,120.52793401707757
TSP_kg_ha,LASSO,89.2,102.26762902082149
TSP_kg_ha,LASSO,136.9,111.03201823581671
TSP_kg_ha,LASSO,121.9,124.30529523187157
TSP_kg_ha,LASSO,92.4,97.66135458687073
TSP_kg_ha,LASSO,131,110.37199999947123
TSP_kg_ha,LASSO,121.3,118.98080494080396
TSP_kg_ha,LASSO,80.7,104.7439748031492
TSP_kg_ha,LASSO,122.1,124.28541097103073
TSP_kg_ha,LASSO,132,128.19668621656058
TSP_kg_ha,LASSO,88.6,101.37936952971324
TSP_kg_ha,LASSO,43,66.52486520796046
TSP_kg_ha,LASSO,130.3,120.9742659901193
TSP_kg_ha,LASSO,83.4,107.57828669696849
TSP_kg_ha,LASSO,124.1,129.01934892996996
TSP_kg_ha,LASSO,81.9,87.68359074437977
TSP_kg_ha,LASSO,90.3,91.54861373878249
TSP_kg_ha,LASSO,133.7,118.97010362946052
TSP_kg_ha,LASSO,125,137.7797609714084
TSP_kg_ha,LASSO,135.4,143.42888562130366
TSP_kg_ha,LASSO,138,119.82664845791534
TSP_kg_ha,LASSO,131.8,111.45565848209876
TSP_kg_ha,LASSO,134.1,112.82739437256511
TSP_kg_ha,LASSO,81.8,103.66152349887122
TSP_kg_ha,LASSO,136.9,126.59326698956882
TSP_kg_ha,LASSO,137.3,115.73190214240361
TSP_kg_ha,LASSO,135,135.98409453148028
TSP_kg_ha,LASSO,90.7,85.50961269419587
TSP_kg_ha,LASSO,84.3,86.75956785521232
TSP_kg_ha,LASSO,126.6,121.96269488970907
TSP_kg_ha,LASSO,40.8,49.180650485848574
TSP_kg_ha,LASSO,131.4,129.72321267536753
TSP_kg_ha,LASSO,135.2,139.99710273542706
TSP_kg_ha,LASSO,126.2,133.61860085957318
TSP_kg_ha,LASSO,90.9,103.17206929709049
TSP_kg_ha,LASSO,93.5,102.75872547024072
TSP_kg_ha,LASSO,89.5,107.05291102340173
TSP_kg_ha,LASSO,124,113.33803671295645
TSP_kg_ha,LASSO,86.1,94.28874415323145
TSP_kg_ha,LASSO,43.8,71.73582655773865
TSP_kg_ha,LASSO,88.5,78.7986028242389
TSP_kg_ha,LASSO,136.5,137.7308622793532
TSP_kg_ha,LASSO,139.3,112.54269483431037
TSP_kg_ha,LASSO,40.6,37.68166976104161
TSP_kg_ha,LASSO,85.2,76.03930404281799
TSP_kg_ha,LASSO,135,109.42054723527565
TSP_kg_ha,LASSO,44,67.23380234739268
TSP_kg_ha,LASSO,139.9,137.93033735391887
TSP_kg_ha,LASSO,88.2,94.00146954219743
TSP_kg_ha,LASSO,137.9,142.09604842519505
TSP_kg_ha,LASSO,137.1,133.64738986681763
TSP_kg_ha,LASSO,86.9,82.24602484437295
TSP_kg_ha,LASSO,134.5,122.68438418867801
TSP_kg_ha,LASSO,132.3,113.51595243317256
TSP_kg_ha,LASSO,86,94.74114540353166
TSP_kg_ha,LASSO,124.2,125.72402263772457
TSP_kg_ha,LASSO,130.4,116.76005531148725
TSP_kg_ha,LASSO,127.9,135.86491741392518
TSP_kg_ha,LASSO,91.5,80.30444768133037
TSP_kg_ha,LASSO,88,104.69089560981229
TSP_kg_ha,LASSO,124.2,112.32310227100807
TSP_kg_ha,LASSO,123.5,119.60129757615083
TSP_kg_ha,LASSO,135,125.53494459681332
TSP_kg_ha,LASSO,129.7,140.93531594609018
TSP_kg_ha,LASSO,128.4,142.94518323412674
TSP_kg_ha,LASSO,129.6,137.85031498359865
TSP_kg_ha,LASSO,92.9,99.30201565746464
TSP_kg_ha,LASSO,127.1,111.07243231947605
TSP_kg_ha,LASSO,44.9,64.26585904277785
TSP_kg_ha,LASSO,82.6,89.71967288713817
TSP_kg_ha,LASSO,89.3,91.15794356754229
TSP_kg_ha,LASSO,122.8,130.00893504668502
TSP_kg_ha,LASSO,134,113.50031462193785
TSP_kg_ha,LASSO,92.7,83.40016095103128
TSP_kg_ha,LASSO,41.1,63.088021383328446
TSP_kg_ha,LASSO,82,82.42224862216945
TSP_kg_ha,LASSO,90.8,105.53120067566357
TSP_kg_ha,LASSO,84.1,80.25088047476578
TSP_kg_ha,LASSO,124.9,114.73931744460968
TSP_kg_ha,LASSO,122.8,117.22900375032799
TSP_kg_ha,LASSO,125.4,120.98833333135887
TSP_kg_ha,LASSO,123.4,127.88072761545943
TSP_kg_ha,LASSO,139.3,132.0725216469803
TSP_kg_ha,LASSO,92.8,106.19678054477433
TSP_kg_ha,LASSO,132.6,137.6944244965112
TSP_kg_ha,LASSO,140.1,134.85281169682492
TSP_kg_ha,LASSO,124.1,118.45496141663921
TSP_kg_ha,LASSO,132.7,140.72393771836317
TSP_kg_ha,LASSO,134.8,108.27724536243403
TSP_kg_ha,LASSO,127.6,108.2083497821876
TSP_kg_ha,LASSO,44.8,68.67016867584032
TSP_kg_ha,LASSO,85.2,103.25094372672099
TSP_kg_ha,LASSO,91.2,106.96817133605396
TSP_kg_ha,LASSO,131.1,135.33581731216447
TSP_kg_ha,LASSO,120.9,116.46615435897077
TSP_kg_ha,LASSO,93.3,104.55274955953952
TSP_kg_ha,LASSO,46.1,52.97268809158154
TSP_kg_ha,LASSO,120.7,132.4741901602434
TSP_kg_ha,LASSO,81.1,95.5046016817118
TSP_kg_ha,LASSO,88.1,104.49571469019894
TSP_kg_ha,LASSO,92,96.47027910149613
TSP_kg_ha,LASSO,122.9,133.22041166568266
TSP_kg_ha,LASSO,132,129.28273826129
TSP_kg_ha,LASSO,44.8,37.63000131257056
TSP_kg_ha,LASSO,87.2,91.87889253394738
TSP_kg_ha,LASSO,136.6,131.17400384312475
TSP_kg_ha,LASSO,139.4,111.00274606733764
TSP_kg_ha,LASSO,122.3,118.49126509317503
TSP_kg_ha,LASSO,92,75.33439217758688
TSP_kg_ha,LASSO,121.4,128.79416965403814
TSP_kg_ha,LASSO,92.8,104.75827177190831
TSP_kg_ha,LASSO,87.8,104.88828332077098
TSP_kg_ha,LASSO,121.7,126.71749021123142
TSP_kg_ha,LASSO,42.3,40.491663289584366
TSP_kg_ha,LASSO,42,58.44019633003202
TSP_kg_ha,LASSO,88,98.22379361084957
TSP_kg_ha,LASSO,123.5,108.6450778388715
TSP_kg_ha,LASSO,43.1,62.854828326850466
TSP_kg_ha,LASSO,122.4,130.46315301633237
TSP_kg_ha,LASSO,93.4,106.47941983233274
TSP_kg_ha,LASSO,85.8,102.49006097834008
TSP_kg_ha,LASSO,88.7,103.92625993764253
TSP_kg_ha,LASSO,130.4,120.0415088688079
TSP_kg_ha,LASSO,131.2,142.47196397898747
TSP_kg_ha,LASSO,86.9,82.53857357721695
TSP_kg_ha,LASSO,129.7,124.94777984651103
TSP_kg_ha,LASSO,83.7,87.3019593680555
TSP_kg_ha,LASSO,85.1,77.44899608936413
TSP_kg_ha,LASSO,130.3,116.63975438295094
TSP_kg_ha,LASSO,86.3,94.05556458113351
TSP_kg_ha,LASSO,122.5,127.76636920659794
TSP_kg_ha,LASSO,89.5,99.1899283934911
TSP_kg_ha,LASSO,137.3,134.9110255384842
TSP_kg_ha,LASSO,83.7,101.17246784349834
TSP_kg_ha,LASSO,120.6,117.47621042685924
TSP_kg_ha,LASSO,137.5,108.48004703770643
TSP_kg_ha,LASSO,86.1,81.73902504602925
TSP_kg_ha,LASSO,85.6,97.18006989216231
TSP_kg_ha,LASSO,80.7,73.9401671663941
TSP_kg_ha,LASSO,83.1,101.33053620275011
TSP_kg_ha,LASSO,122.2,136.9657600486827
TSP_kg_ha,LASSO,123.3,116.8507000501538
TSP_kg_ha,LASSO,80.6,87.5335849370725
TSP_kg_ha,LASSO,138.9,140.80005893628734
TSP_kg_ha,LASSO,41.6,69.44187523933893
TSP_kg_ha,LASSO,88.5,81.07528326809302
TSP_kg_ha,LASSO,92.6,86.0214024329857
TSP_kg_ha,LASSO,121.1,117.7489926393338
TSP_kg_ha,LASSO,87.1,107.13098577814475
TSP_kg_ha,LASSO,124.6,138.57106594808397
TSP_kg_ha,LASSO,120.7,120.39351481388006
TSP_kg_ha,LASSO,89.3,72.33162210697174
TSP_kg_ha,LASSO,82,75.14152963328578
TSP_kg_ha,LASSO,138.2,119.11623297176844
TSP_kg_ha,LASSO,124.3,113.44881699423003
TSP_kg_ha,LASSO,127.3,135.1174175909818
TSP_kg_ha,LASSO,86.6,100.19382911547663
TSP_kg_ha,LASSO,124.8,115.58164654965346
TSP_kg_ha,LASSO,81,73.08452762778948
TSP_kg_ha,LASSO,128.1,131.37943379049887
TSP_kg_ha,LASSO,131.5,111.21791487430666
TSP_kg_ha,LASSO,82.2,82.38044117272175
TSP_kg_ha,LASSO,129.5,130.4155409741315
TSP_kg_ha,LASSO,138.3,137.92507103266254
TSP_kg_ha,LASSO,134.6,125.70013894981098
TSP_kg_ha,LASSO,138.3,127.9121066878932
TSP_kg_ha,LASSO,93.5,107.16112337050951
TSP_kg_ha,LASSO,89.8,95.30730158335585
TSP_kg_ha,LASSO,90.4,94.34781398642988
TSP_kg_ha,LASSO,85.1,74.55341520510972
TSP_kg_ha,LASSO,135.4,140.38438528130456
TSP_kg_ha,LASSO,131.6,120.2503806129583
TSP_kg_ha,LASSO,137.4,112.6476381302511
TSP_kg_ha,LASSO,81.3,82.56054468080595
TSP_kg_ha,LASSO,132.6,109.81923803490702
TSP_kg_ha,LASSO,126.9,118.59637049120224
TSP_kg_ha,LASSO,46.2,60.77101552850169
TSP_kg_ha,LASSO,135.3,137.1211154315725
TSP_kg_ha,LASSO,135.6,134.20269381587346
TSP_kg_ha,LASSO,129.4,138.461495387413
TSP_kg_ha,LASSO,138.6,141.85488371032733
TSP_kg_ha,LASSO,87.8,77.22090394281376
TSP_kg_ha,LASSO,85.9,104.11435140609917
TSP_kg_ha,LASSO,135.7,115.94963824321866
TSP_kg_ha,LASSO,88.8,88.20895584569759
TSP_kg_ha,LASSO,136.8,120.0032444427572
TSP_kg_ha,LASSO,127.1,130.70410092497355
TSP_kg_ha,LASSO,45.7,35.5502324323229
TSP_kg_ha,LASSO,134.7,138.47058756560938
TSP_kg_ha,LASSO,138.1,134.1775635638581
TSP_kg_ha,LASSO,136.8,136.69973434382726
TSP_kg_ha,LASSO,93.2,76.15235231757178
TSP_kg_ha,LASSO,92.8,81.19764021206397
TSP_kg_ha,LASSO,81.6,99.62149683220895
TSP_kg_ha,LASSO,124.4,113.35352716396497
TSP_kg_ha,LASSO,124.5,110.25341725402212
TSP_kg_ha,LASSO,91.2,80.53131435027932
TSP_kg_ha,LASSO,93,81.0577220654776
TSP_kg_ha,LASSO,81,100.38083296386213
TSP_kg_ha,LASSO,87.5,104.05059523235221
TSP_kg_ha,LASSO,137.6,141.3008491624367
TSP_kg_ha,LASSO,88.4,88.11493048615115
TSP_kg_ha,LASSO,140.1,140.89956894993634
TSP_kg_ha,LASSO,130.6,121.11899649705448
TSP_kg_ha,LASSO,131.1,139.48446500820148
TSP_kg_ha,LASSO,130.3,123.74779680361043
TSP_kg_ha,LASSO,127.8,124.93996589602379
TSP_kg_ha,LASSO,86.3,107.5106734989213
TSP_kg_ha,LASSO,86.4,88.19757074838304
TSP_kg_ha,LASSO,130.7,131.7533914917083
TSP_kg_ha,LASSO,83,98.8361678508057
TSP_kg_ha,LASSO,135.7,131.82992652816517
TSP_kg_ha,LASSO,137.9,121.98798661121924
TSP_kg_ha,LASSO,82.3,102.85321795083624
TSP_kg_ha,LASSO,127.3,110.18243350436842
TSP_kg_ha,LASSO,139.6,123.74895396330409
TSP_kg_ha,LASSO,124.1,128.31392656272743
TSP_kg_ha,LASSO,41.8,66.59882051347488
TSP_kg_ha,LASSO,92.1,86.812306043173
TSP_kg_ha,LASSO,85.5,76.80711462959455
TSP_kg_ha,LASSO,127.6,129.92661436366876
TSP_kg_ha,LASSO,125.9,120.79445518315006
TSP_kg_ha,LASSO,133.6,110.48247638076654
TSP_kg_ha,LASSO,44.7,47.1008577443066
TSP_kg_ha,LASSO,90.1,76.05308916705472
TSP_kg_ha,LASSO,40.9,59.236230513980935
TSP_kg_ha,LASSO,137.9,127.69927039601825
TSP_kg_ha,LASSO,137.8,134.3733129366596
TSP_kg_ha,LASSO,130.3,109.86415836114779
TSP_kg_ha,LASSO,135.2,131.31053992923236
TSP_kg_ha,LASSO,127.2,131.53763275727437
TSP_kg_ha,LASSO,82,81.12229625271084
TSP_kg_ha,LASSO,91.5,78.23776112279435
TSP_kg_ha,LASSO,81.4,93.75962059483562
TSP_kg_ha,LASSO,86.1,83.80158821422032
TSP_kg_ha,LASSO,121.8,124.91204279775509
TSP_kg_ha,LASSO,81.5,86.67637384384695
TSP_kg_ha,LASSO,121,122.38500878383395
TSP_kg_ha,LASSO,127.9,125.46174685017917
TSP_kg_ha,LASSO,135.2,111.80931202194651
TSP_kg_ha,LASSO,136.5,138.98055267233758
TSP_kg_ha,LASSO,136.9,136.08550301728224
TSP_kg_ha,LASSO,91.7,91.8495398472468
TSP_kg_ha,LASSO,80.5,80.88349177263936
TSP_kg_ha,LASSO,89.3,76.68876813915594
TSP_kg_ha,LASSO,132.3,142.78997735619265
TSP_kg_ha,LASSO,134.1,108.00051855815641
TSP_kg_ha,LASSO,84.9,98.58540047056216
TSP_kg_ha,LASSO,129.7,127.8725461059012
TSP_kg_ha,LASSO,42.9,64.43679186050716
TSP_kg_ha,LASSO,92.4,78.58981594694912
TSP_kg_ha,LASSO,130.4,118.01186007735296
TSP_kg_ha,LASSO,128,131.023948180719
TSP_kg_ha,LASSO,134.5,122.94707869610122
TSP_kg_ha,LASSO,139.5,130.31149759591963
TSP_kg_ha,LASSO,133.3,129.9930430178745
TSP_kg_ha,LASSO,126.8,108.58076410284164
TSP_kg_ha,LASSO,87.2,103.46629111941566
TSP_kg_ha,LASSO,127,138.31544263130544
TSP_kg_ha,LASSO,132.8,116.25852295728036
TSP_kg_ha,LASSO,135.3,137.4809363056212
TSP_kg_ha,LASSO,88.3,96.84646687413074
TSP_kg_ha,LASSO,125.5,135.9506587086643
TSP_kg_ha,LASSO,127.6,121.94491796043214
TSP_kg_ha,LASSO,130.6,126.00487064595752
TSP_kg_ha,LASSO,136.2,109.22238488741442
TSP_kg_ha,LASSO,90,105.96975760388185
TSP_kg_ha,LASSO,131.3,110.34269360611238
TSP_kg_ha,LASSO,129.1,117.95350218956906
TSP_kg_ha,LASSO,130.3,123.00826782508081
TSP_kg_ha,LASSO,89.5,96.88368189657902
TSP_kg_ha,LASSO,134.5,110.0262154215409
TSP_kg_ha,LASSO,135.4,109.15299422587908
TSP_kg_ha,LASSO,83.6,86.80107472784321
TSP_kg_ha,LASSO,127.6,130.6916389530012
TSP_kg_ha,LASSO,126.1,128.4968890612293
TSP_kg_ha,LASSO,92.9,91.86881829464029
TSP_kg_ha,LASSO,88.4,96.46830977350872
TSP_kg_ha,LASSO,82.6,86.82658859753684
TSP_kg_ha,LASSO,135.6,122.6251323656029
TSP_kg_ha,LASSO,91.8,104.74808708992315
TSP_kg_ha,LASSO,80.7,70.86229285788586
TSP_kg_ha,LASSO,137.2,108.150985366894
TSP_kg_ha,LASSO,125.2,142.0826082610585
TSP_kg_ha,LASSO,131.9,126.54840775604306
TSP_kg_ha,LASSO,130.3,124.82046519027892
TSP_kg_ha,LASSO,126.6,120.54869923006878
TSP_kg_ha,LASSO,129.3,114.81769645742011
TSP_kg_ha,GLM_Gaussian,45,66.15204980468381
TSP_kg_ha,GLM_Gaussian,87,107.19860432355183
TSP_kg_ha,GLM_Gaussian,80.8,82.13733787504766
TSP_kg_ha,GLM_Gaussian,123.6,136.0836054375229
TSP_kg_ha,GLM_Gaussian,139.9,133.78179141235844
TSP_kg_ha,GLM_Gaussian,91,97.94637192373716
TSP_kg_ha,GLM_Gaussian,135.8,122.8839331408315
TSP_kg_ha,GLM_Gaussian,133.9,110.17158505151093
TSP_kg_ha,GLM_Gaussian,138.1,109.91053800849183
TSP_kg_ha,GLM_Gaussian,93.3,99.70537076653925
TSP_kg_ha,GLM_Gaussian,126,128.9291590790318
TSP_kg_ha,GLM_Gaussian,83.1,97.54469289655336
TSP_kg_ha,GLM_Gaussian,131.5,117.75149767203904
TSP_kg_ha,GLM_Gaussian,45.8,39.76848081462207
TSP_kg_ha,GLM_Gaussian,85.5,101.64979198057426
TSP_kg_ha,GLM_Gaussian,89.9,84.35454175921099
TSP_kg_ha,GLM_Gaussian,136.7,127.30453479627329
TSP_kg_ha,GLM_Gaussian,140.1,108.2248231727114
TSP_kg_ha,GLM_Gaussian,129.6,143.3167730608886
TSP_kg_ha,GLM_Gaussian,128.4,110.53605887966523
TSP_kg_ha,GLM_Gaussian,135.9,109.0392540061672
TSP_kg_ha,GLM_Gaussian,130.8,121.03266390134579
TSP_kg_ha,GLM_Gaussian,125.2,114.87180516108683
TSP_kg_ha,GLM_Gaussian,123.4,134.10534439316322
TSP_kg_ha,GLM_Gaussian,125.1,118.91349115403922
TSP_kg_ha,GLM_Gaussian,135.5,127.23152619453684
TSP_kg_ha,GLM_Gaussian,122.9,119.37149316694365
TSP_kg_ha,GLM_Gaussian,125.7,129.87088579299558
TSP_kg_ha,GLM_Gaussian,88.1,99.2773415868738
TSP_kg_ha,GLM_Gaussian,41.6,44.1306634130614
TSP_kg_ha,GLM_Gaussian,129.9,137.78300420178888
TSP_kg_ha,GLM_Gaussian,88.1,94.71623254607717
TSP_kg_ha,GLM_Gaussian,89.4,74.47320099382063
TSP_kg_ha,GLM_Gaussian,89.2,100.01611602197211
TSP_kg_ha,GLM_Gaussian,85.7,93.51806767954514
TSP_kg_ha,GLM_Gaussian,92.5,95.82647878650303
TSP_kg_ha,GLM_Gaussian,91.3,88.69405097780428
TSP_kg_ha,GLM_Gaussian,81.9,91.05998249785648
TSP_kg_ha,GLM_Gaussian,122.7,124.56138092921505
TSP_kg_ha,GLM_Gaussian,130.8,112.25904146447506
TSP_kg_ha,GLM_Gaussian,91.5,105.39650189677947
TSP_kg_ha,GLM_Gaussian,136.7,133.45513653139142
TSP_kg_ha,GLM_Gaussian,41.1,64.53705818031783
TSP_kg_ha,GLM_Gaussian,138.4,109.74956256264896
TSP_kg_ha,GLM_Gaussian,93.2,81.47255510407209
TSP_kg_ha,GLM_Gaussian,86.7,80.18763786105262
TSP_kg_ha,GLM_Gaussian,125,121.80528479237125
TSP_kg_ha,GLM_Gaussian,85.9,84.38249173874333
TSP_kg_ha,GLM_Gaussian,137.7,115.13646110607691
TSP_kg_ha,GLM_Gaussian,123.4,142.88317418288105
TSP_kg_ha,GLM_Gaussian,134.4,137.10361441871305
TSP_kg_ha,GLM_Gaussian,129.1,132.4818231005791
TSP_kg_ha,GLM_Gaussian,42.7,57.27551394145794
TSP_kg_ha,GLM_Gaussian,137.8,112.88092506495202
TSP_kg_ha,GLM_Gaussian,128.1,133.34458055216226
TSP_kg_ha,GLM_Gaussian,130.7,136.75360960027086
TSP_kg_ha,GLM_Gaussian,91.1,105.02241227471558
TSP_kg_ha,GLM_Gaussian,123.2,134.41457136146713
TSP_kg_ha,GLM_Gaussian,131.2,122.8658510622291
TSP_kg_ha,GLM_Gaussian,139.7,134.67945208495513
TSP_kg_ha,GLM_Gaussian,84,96.73073033003763
TSP_kg_ha,GLM_Gaussian,134.3,129.91976250450742
TSP_kg_ha,GLM_Gaussian,129.4,116.0680133021612
TSP_kg_ha,GLM_Gaussian,132.4,135.11183516771155
TSP_kg_ha,GLM_Gaussian,127,117.44142281634714
TSP_kg_ha,GLM_Gaussian,123.6,120.33377439087089
TSP_kg_ha,GLM_Gaussian,81.6,96.2374614390446
TSP_kg_ha,GLM_Gaussian,91.4,103.73038366504663
TSP_kg_ha,GLM_Gaussian,88.5,79.40666182234817
TSP_kg_ha,GLM_Gaussian,88.2,96.52902637113299
TSP_kg_ha,GLM_Gaussian,121.3,127.46405819123378
TSP_kg_ha,GLM_Gaussian,129.1,121.8971556919661
TSP_kg_ha,GLM_Gaussian,131.5,121.71242042440798
TSP_kg_ha,GLM_Gaussian,133.3,120.25692120645226
TSP_kg_ha,GLM_Gaussian,130.3,117.10751651293842
TSP_kg_ha,GLM_Gaussian,90.5,106.67795169310277
TSP_kg_ha,GLM_Gaussian,85.8,96.79083211492653
TSP_kg_ha,GLM_Gaussian,123.7,109.48628357353411
TSP_kg_ha,GLM_Gaussian,88,84.29972639611566
TSP_kg_ha,GLM_Gaussian,92.3,104.56405169044702
TSP_kg_ha,GLM_Gaussian,122.1,109.50498262651648
TSP_kg_ha,GLM_Gaussian,92.2,95.18357869389396
TSP_kg_ha,GLM_Gaussian,82.3,93.12867889457597
TSP_kg_ha,GLM_Gaussian,132.5,137.6412085006267
TSP_kg_ha,GLM_Gaussian,40.8,66.18271706779058
TSP_kg_ha,GLM_Gaussian,86.7,107.47572859024793
TSP_kg_ha,GLM_Gaussian,91.8,87.47107902942479
TSP_kg_ha,GLM_Gaussian,128.2,110.08087230692504
TSP_kg_ha,GLM_Gaussian,82.7,101.54214163196637
TSP_kg_ha,GLM_Gaussian,124.9,108.04616775712456
TSP_kg_ha,GLM_Gaussian,139.4,122.21870680883667
TSP_kg_ha,GLM_Gaussian,86.7,79.40128945419983
TSP_kg_ha,GLM_Gaussian,85.5,90.8130936915541
TSP_kg_ha,GLM_Gaussian,137.9,144.2964924374932
TSP_kg_ha,GLM_Gaussian,80.5,101.40708742540453
TSP_kg_ha,GLM_Gaussian,124.8,131.49132155868188
TSP_kg_ha,GLM_Gaussian,124.2,112.58853502225362
TSP_kg_ha,GLM_Gaussian,132.6,110.72806218808876
TSP_kg_ha,GLM_Gaussian,82.9,100.83662522664869
TSP_kg_ha,GLM_Gaussian,86.2,95.95386987075689
TSP_kg_ha,GLM_Gaussian,137.9,107.71507421058243
TSP_kg_ha,GLM_Gaussian,127.9,129.13566587187793
TSP_kg_ha,GLM_Gaussian,123.9,114.21612951862225
TSP_kg_ha,GLM_Gaussian,131.5,110.21405938614834
TSP_kg_ha,GLM_Gaussian,84.2,93.91945311872246
TSP_kg_ha,GLM_Gaussian,130.6,111.38485422938898
TSP_kg_ha,GLM_Gaussian,134.2,112.48357669622845
TSP_kg_ha,GLM_Gaussian,133,140.09014480228228
TSP_kg_ha,GLM_Gaussian,124.7,126.99841526597534
TSP_kg_ha,GLM_Gaussian,87.3,88.52509205204564
TSP_kg_ha,GLM_Gaussian,43.2,31.422766641489257
TSP_kg_ha,GLM_Gaussian,89,86.40626474066549
TSP_kg_ha,GLM_Gaussian,85.1,106.44702942910192
TSP_kg_ha,GLM_Gaussian,80.6,101.10384029663764
TSP_kg_ha,GLM_Gaussian,126.5,125.45239716401817
TSP_kg_ha,GLM_Gaussian,138.6,136.25607724627494
TSP_kg_ha,GLM_Gaussian,122.3,131.42092991999158
TSP_kg_ha,GLM_Gaussian,84.9,92.11491919979727
TSP_kg_ha,GLM_Gaussian,91.2,97.69412337258896
TSP_kg_ha,GLM_Gaussian,82.7,76.66909911626075
TSP_kg_ha,GLM_Gaussian,127.4,113.94524290501991
TSP_kg_ha,GLM_Gaussian,135.6,134.35078358141493
TSP_kg_ha,GLM_Gaussian,85.1,102.97593261847298
TSP_kg_ha,GLM_Gaussian,82,103.58882967666675
TSP_kg_ha,GLM_Gaussian,137.3,120.56723439728403
TSP_kg_ha,GLM_Gaussian,126.3,117.08919140497973
TSP_kg_ha,GLM_Gaussian,123.1,120.92723401414811
TSP_kg_ha,GLM_Gaussian,126.1,111.14792476311153
TSP_kg_ha,GLM_Gaussian,89.7,102.79090079424485
TSP_kg_ha,GLM_Gaussian,123.2,123.72994895275431
TSP_kg_ha,GLM_Gaussian,132.6,124.44622141433352
TSP_kg_ha,GLM_Gaussian,44.9,57.491074370586496
TSP_kg_ha,GLM_Gaussian,45.1,52.62589859054867
TSP_kg_ha,GLM_Gaussian,133.6,108.55019638498905
TSP_kg_ha,GLM_Gaussian,135.7,115.24588379224713
TSP_kg_ha,GLM_Gaussian,122.2,131.52379919888872
TSP_kg_ha,GLM_Gaussian,137.7,121.69542089291893
TSP_kg_ha,GLM_Gaussian,134.4,126.23680960686607
TSP_kg_ha,GLM_Gaussian,131.9,136.05718980236583
TSP_kg_ha,GLM_Gaussian,139,127.87457945801137
TSP_kg_ha,GLM_Gaussian,135,133.4060010000047
TSP_kg_ha,GLM_Gaussian,86.7,74.63701746575111
TSP_kg_ha,GLM_Gaussian,127.7,111.8855817928782
TSP_kg_ha,GLM_Gaussian,87.8,96.69129710996937
TSP_kg_ha,GLM_Gaussian,80.7,97.03582689481723
TSP_kg_ha,GLM_Gaussian,120.7,135.5910887690855
TSP_kg_ha,GLM_Gaussian,128.8,124.41463977480143
TSP_kg_ha,GLM_Gaussian,92.8,107.90306385074965
TSP_kg_ha,GLM_Gaussian,134.6,126.31674522307537
TSP_kg_ha,GLM_Gaussian,123.9,127.7182164199422
TSP_kg_ha,GLM_Gaussian,41.1,44.64803030547851
TSP_kg_ha,GLM_Gaussian,136.3,142.7154753727372
TSP_kg_ha,GLM_Gaussian,84,83.86231043553184
TSP_kg_ha,GLM_Gaussian,121.5,120.08246763147704
TSP_kg_ha,GLM_Gaussian,123.2,114.43541400969602
TSP_kg_ha,GLM_Gaussian,91.2,97.14804812920099
TSP_kg_ha,GLM_Gaussian,139.3,133.46374716312317
TSP_kg_ha,GLM_Gaussian,136.8,111.64166138780823
TSP_kg_ha,GLM_Gaussian,90,71.16988837309307
TSP_kg_ha,GLM_Gaussian,140,119.0216144053892
TSP_kg_ha,GLM_Gaussian,122.7,125.27516946723763
TSP_kg_ha,GLM_Gaussian,84.3,77.68414860363382
TSP_kg_ha,GLM_Gaussian,133.2,126.68387983357196
TSP_kg_ha,GLM_Gaussian,124.7,112.60744466975616
TSP_kg_ha,GLM_Gaussian,121.2,132.87505035109368
TSP_kg_ha,GLM_Gaussian,91.9,75.41322557196048
TSP_kg_ha,GLM_Gaussian,129.2,134.99090170463955
TSP_kg_ha,GLM_Gaussian,124.6,137.98614478906612
TSP_kg_ha,GLM_Gaussian,137.3,123.70675357196029
TSP_kg_ha,GLM_Gaussian,84.7,90.25859032254635
TSP_kg_ha,GLM_Gaussian,44.7,54.74851248302823
TSP_kg_ha,GLM_Gaussian,92.8,101.30948935794613
TSP_kg_ha,GLM_Gaussian,89.1,81.19729531083324
TSP_kg_ha,GLM_Gaussian,45.7,38.096414277324854
TSP_kg_ha,GLM_Gaussian,89.8,82.81529122090478
TSP_kg_ha,GLM_Gaussian,88.3,82.31014515241678
TSP_kg_ha,GLM_Gaussian,122.4,124.4050750299714
TSP_kg_ha,GLM_Gaussian,84.2,97.22087211729455
TSP_kg_ha,GLM_Gaussian,139,133.2324175960994
TSP_kg_ha,GLM_Gaussian,128.1,112.83383966567936
TSP_kg_ha,GLM_Gaussian,137,127.42542372731812
TSP_kg_ha,GLM_Gaussian,131,113.09739447105882
TSP_kg_ha,GLM_Gaussian,126,110.43818876461215
TSP_kg_ha,GLM_Gaussian,131.6,123.30278865364475
TSP_kg_ha,GLM_Gaussian,126.8,108.60059259243216
TSP_kg_ha,GLM_Gaussian,90,81.7959684828683
TSP_kg_ha,GLM_Gaussian,122.9,122.76627908603531
TSP_kg_ha,GLM_Gaussian,121.6,124.1804242783493
TSP_kg_ha,GLM_Gaussian,88,84.06338493953487
TSP_kg_ha,GLM_Gaussian,91.7,105.70046043774815
TSP_kg_ha,GLM_Gaussian,123.9,121.66600178170278
TSP_kg_ha,GLM_Gaussian,137.5,116.86396757594392
TSP_kg_ha,GLM_Gaussian,135.3,128.37002746688532
TSP_kg_ha,GLM_Gaussian,135.5,136.66071901621999
TSP_kg_ha,GLM_Gaussian,127.9,135.97252696531498
TSP_kg_ha,GLM_Gaussian,93.3,82.89432662229687
TSP_kg_ha,GLM_Gaussian,83.6,107.31136589319038
TSP_kg_ha,GLM_Gaussian,86.1,108.0704632062699
TSP_kg_ha,GLM_Gaussian,135.4,126.7105953730272
TSP_kg_ha,GLM_Gaussian,82.7,101.398689902744
TSP_kg_ha,GLM_Gaussian,135.6,138.73529873399684
TSP_kg_ha,GLM_Gaussian,131.3,112.48545866315385
TSP_kg_ha,GLM_Gaussian,92,104.69290500800831
TSP_kg_ha,GLM_Gaussian,88.1,93.86564057039301
TSP_kg_ha,GLM_Gaussian,130.5,112.58989416422293
TSP_kg_ha,GLM_Gaussian,122,130.4369561856865
TSP_kg_ha,GLM_Gaussian,85.9,102.9595088256975
TSP_kg_ha,GLM_Gaussian,126.6,122.99673060971726
TSP_kg_ha,GLM_Gaussian,136.6,123.76934005698611
TSP_kg_ha,GLM_Gaussian,136.9,124.16214582383854
TSP_kg_ha,GLM_Gaussian,85.7,98.39080240980418
TSP_kg_ha,GLM_Gaussian,81.2,106.20881005811947
TSP_kg_ha,GLM_Gaussian,46.8,54.77708704343267
TSP_kg_ha,GLM_Gaussian,42.4,33.67887196703306
TSP_kg_ha,GLM_Gaussian,89.4,103.4648504766957
TSP_kg_ha,GLM_Gaussian,131.5,140.4817347434877
TSP_kg_ha,GLM_Gaussian,93.2,107.86872177787245
TSP_kg_ha,GLM_Gaussian,89.7,92.33192133156689
TSP_kg_ha,GLM_Gaussian,91,92.82020471024308
TSP_kg_ha,GLM_Gaussian,87.1,72.60151595585295
TSP_kg_ha,GLM_Gaussian,89.3,107.33710256197186
TSP_kg_ha,GLM_Gaussian,132.5,134.74852510742642
TSP_kg_ha,GLM_Gaussian,91.8,84.31381017567448
TSP_kg_ha,GLM_Gaussian,120.7,126.90287176906526
TSP_kg_ha,GLM_Gaussian,122.3,137.3457138165775
TSP_kg_ha,GLM_Gaussian,85.9,95.30836918992233
TSP_kg_ha,GLM_Gaussian,138.2,142.15888098715615
TSP_kg_ha,GLM_Gaussian,126.4,111.48385667292477
TSP_kg_ha,GLM_Gaussian,91.4,91.23784553421523
TSP_kg_ha,GLM_Gaussian,136.4,139.41134990266178
TSP_kg_ha,GLM_Gaussian,85.4,82.69522750279717
TSP_kg_ha,GLM_Gaussian,136,136.1548753413743
TSP_kg_ha,GLM_Gaussian,127.5,140.7000033909363
TSP_kg_ha,GLM_Gaussian,121.4,109.57563095917156
TSP_kg_ha,GLM_Gaussian,122.9,127.38486458191397
TSP_kg_ha,GLM_Gaussian,130.1,133.6915478494555
TSP_kg_ha,GLM_Gaussian,84.9,81.64126777738485
TSP_kg_ha,GLM_Gaussian,136.6,140.0088382314446
TSP_kg_ha,GLM_Gaussian,127.6,116.8944301604837
TSP_kg_ha,GLM_Gaussian,90.7,105.151654919783
TSP_kg_ha,GLM_Gaussian,80.8,82.93308653969956
TSP_kg_ha,GLM_Gaussian,121.3,123.564203903861
TSP_kg_ha,GLM_Gaussian,125.3,126.21389439746784
TSP_kg_ha,GLM_Gaussian,130.4,134.0402483069072
TSP_kg_ha,GLM_Gaussian,133.4,131.64712872265406
TSP_kg_ha,GLM_Gaussian,123.5,110.99615973593856
TSP_kg_ha,GLM_Gaussian,93.5,93.39012319864726
TSP_kg_ha,GLM_Gaussian,128.6,126.56880843399962
TSP_kg_ha,GLM_Gaussian,135.2,134.71673284321727
TSP_kg_ha,GLM_Gaussian,82.1,100.83475119760996
TSP_kg_ha,GLM_Gaussian,80.5,105.94189885565049
TSP_kg_ha,GLM_Gaussian,121.5,141.44379522985082
TSP_kg_ha,GLM_Gaussian,90.1,95.78339541425962
TSP_kg_ha,GLM_Gaussian,91.4,99.95144743128157
TSP_kg_ha,GLM_Gaussian,86.1,86.4745354284125
TSP_kg_ha,GLM_Gaussian,125.6,133.612233399712
TSP_kg_ha,GLM_Gaussian,124.9,137.4428098330471
TSP_kg_ha,GLM_Gaussian,137.6,142.9709259220142
TSP_kg_ha,GLM_Gaussian,120.7,138.304829780368
TSP_kg_ha,GLM_Gaussian,86.6,90.25112732733282
TSP_kg_ha,GLM_Gaussian,129.9,137.208053479893
TSP_kg_ha,GLM_Gaussian,127.7,108.34327831247917
TSP_kg_ha,GLM_Gaussian,121.2,113.95568790609101
TSP_kg_ha,GLM_Gaussian,92.5,83.8787484473045
TSP_kg_ha,GLM_Gaussian,127.3,108.55970193749418
TSP_kg_ha,GLM_Gaussian,121.4,127.89053094728433
TSP_kg_ha,GLM_Gaussian,136.3,115.61776850106281
TSP_kg_ha,GLM_Gaussian,88.2,100.84942226846744
TSP_kg_ha,GLM_Gaussian,88.2,84.49787876327177
TSP_kg_ha,GLM_Gaussian,137.8,137.97216573334217
TSP_kg_ha,GLM_Gaussian,120.9,138.67119061837664
TSP_kg_ha,GLM_Gaussian,80.7,106.75416620965828
TSP_kg_ha,GLM_Gaussian,91,103.11218408512671
TSP_kg_ha,GLM_Gaussian,129,114.20077293571735
TSP_kg_ha,GLM_Gaussian,89.8,80.45326446180272
TSP_kg_ha,GLM_Gaussian,135.4,114.0853657471466
TSP_kg_ha,GLM_Gaussian,135.9,118.73971787833821
TSP_kg_ha,GLM_Gaussian,46.3,45.327465549047076
TSP_kg_ha,GLM_Gaussian,41.6,58.770477514215266
TSP_kg_ha,GLM_Gaussian,46.2,61.02896624058
TSP_kg_ha,GLM_Gaussian,125.4,128.77111805400835
TSP_kg_ha,GLM_Gaussian,86.6,93.77992757000575
TSP_kg_ha,GLM_Gaussian,87.9,87.08635452941041
TSP_kg_ha,GLM_Gaussian,82.9,83.37687017213452
TSP_kg_ha,GLM_Gaussian,45.4,56.040679504722064
TSP_kg_ha,GLM_Gaussian,136.8,120.76628565278534
TSP_kg_ha,GLM_Gaussian,125.9,108.05440209304062
TSP_kg_ha,GLM_Gaussian,92.4,90.2940841050699
TSP_kg_ha,GLM_Gaussian,93.1,96.81360684396832
TSP_kg_ha,GLM_Gaussian,137.2,112.09532290575451
TSP_kg_ha,GLM_Gaussian,81.8,103.3733232675985
TSP_kg_ha,GLM_Gaussian,132.8,122.09225845786871
TSP_kg_ha,GLM_Gaussian,123.7,113.41166661287187
TSP_kg_ha,GLM_Gaussian,92.4,94.57122831887594
TSP_kg_ha,GLM_Gaussian,40.3,50.36361257156894
TSP_kg_ha,GLM_Gaussian,92.8,86.30424031585609
TSP_kg_ha,GLM_Gaussian,91.9,93.46074188400958
TSP_kg_ha,GLM_Gaussian,84.6,88.20554799938205
TSP_kg_ha,GLM_Gaussian,90.6,101.58874225547027
TSP_kg_ha,GLM_Gaussian,81.4,87.3190183536728
TSP_kg_ha,GLM_Gaussian,137,132.39718234854942
TSP_kg_ha,GLM_Gaussian,93.2,97.84929943221535
TSP_kg_ha,GLM_Gaussian,84.5,77.32111926851589
TSP_kg_ha,GLM_Gaussian,87,82.19785367097141
TSP_kg_ha,GLM_Gaussian,135.4,120.5796193285104
TSP_kg_ha,GLM_Gaussian,87.6,86.3341606425726
TSP_kg_ha,GLM_Gaussian,124.7,124.22744023501946
TSP_kg_ha,GLM_Gaussian,90,93.79670103835575
TSP_kg_ha,GLM_Gaussian,84.1,81.7881204207749
TSP_kg_ha,GLM_Gaussian,136.1,132.00511007866254
TSP_kg_ha,GLM_Gaussian,81.1,80.40485502996961
TSP_kg_ha,GLM_Gaussian,131.4,131.10692785137277
TSP_kg_ha,GLM_Gaussian,82.3,98.09881792115476
TSP_kg_ha,GLM_Gaussian,91.6,76.54987455204714
TSP_kg_ha,GLM_Gaussian,82.9,101.09493889686627
TSP_kg_ha,GLM_Gaussian,137.2,125.34207947359454
TSP_kg_ha,GLM_Gaussian,81.9,72.33580010906657
TSP_kg_ha,GLM_Gaussian,136.3,133.5194269162758
TSP_kg_ha,GLM_Gaussian,127,123.43525373606349
TSP_kg_ha,GLM_Gaussian,129.7,121.70530333997512
TSP_kg_ha,GLM_Gaussian,122.9,130.33393206895116
TSP_kg_ha,GLM_Gaussian,85,94.65856399816886
TSP_kg_ha,GLM_Gaussian,132.9,126.67513200661443
TSP_kg_ha,GLM_Gaussian,127.3,130.3462926843681
TSP_kg_ha,GLM_Gaussian,133.9,128.72689851003778
TSP_kg_ha,GLM_Gaussian,43.4,38.10932261172288
TSP_kg_ha,GLM_Gaussian,122.7,127.8057517683232
TSP_kg_ha,GLM_Gaussian,138,136.09327666670032
TSP_kg_ha,GLM_Gaussian,127.5,137.93539898065856
TSP_kg_ha,GLM_Gaussian,130.6,134.75345426903314
TSP_kg_ha,GLM_Gaussian,89.4,90.36633166235765
TSP_kg_ha,GLM_Gaussian,81.8,100.95198542534722
TSP_kg_ha,GLM_Gaussian,84.8,89.08017190757887
TSP_kg_ha,GLM_Gaussian,81.5,97.15508633330592
TSP_kg_ha,GLM_Gaussian,122.1,133.38338833696483
TSP_kg_ha,GLM_Gaussian,127.2,107.56539566255468
TSP_kg_ha,GLM_Gaussian,81.5,73.94861970479661
TSP_kg_ha,GLM_Gaussian,86.6,78.33773895586806
TSP_kg_ha,GLM_Gaussian,87.8,106.23784751100358
TSP_kg_ha,GLM_Gaussian,90.6,99.91843084734681
TSP_kg_ha,GLM_Gaussian,138.7,131.3389983307232
TSP_kg_ha,GLM_Gaussian,89.2,89.4521358540493
TSP_kg_ha,GLM_Gaussian,92.1,98.3563511421498
TSP_kg_ha,GLM_Gaussian,92.8,104.58514027611483
TSP_kg_ha,GLM_Gaussian,87.1,92.97432740906174
TSP_kg_ha,GLM_Gaussian,124,135.4703826723545
TSP_kg_ha,GLM_Gaussian,88.5,90.67943463369092
TSP_kg_ha,GLM_Gaussian,89.3,87.74222248176034
TSP_kg_ha,GLM_Gaussian,127.5,135.59608952546668
TSP_kg_ha,GLM_Gaussian,127.3,134.18241059766083
TSP_kg_ha,GLM_Gaussian,89.1,77.54592323429145
TSP_kg_ha,GLM_Gaussian,45.5,63.12844980706891
TSP_kg_ha,GLM_Gaussian,82.4,84.2327996010157
TSP_kg_ha,GLM_Gaussian,81.3,91.61812880770847
TSP_kg_ha,GLM_Gaussian,139,117.43936322284515
TSP_kg_ha,GLM_Gaussian,135.2,129.29892147531805
TSP_kg_ha,GLM_Gaussian,87.4,72.34859328838847
TSP_kg_ha,GLM_Gaussian,83.3,88.31291487061878
TSP_kg_ha,GLM_Gaussian,123.4,115.94707607552299
TSP_kg_ha,GLM_Gaussian,132.2,136.7891604070013
TSP_kg_ha,GLM_Gaussian,87.1,94.14840512970795
TSP_kg_ha,GLM_Gaussian,134.2,123.66710484347752
TSP_kg_ha,GLM_Gaussian,128.9,112.88229125123198
TSP_kg_ha,GLM_Gaussian,42.2,68.36820536090215
TSP_kg_ha,GLM_Gaussian,83.3,83.27738587392221
TSP_kg_ha,GLM_Gaussian,84,98.76757586482397
TSP_kg_ha,GLM_Gaussian,124.9,114.37528379090234
TSP_kg_ha,GLM_Gaussian,124.8,127.37070664379347
TSP_kg_ha,GLM_Gaussian,85.6,74.74075939613803
TSP_kg_ha,GLM_Gaussian,40.7,60.821409453489615
TSP_kg_ha,GLM_Gaussian,83.4,93.50409785775393
TSP_kg_ha,GLM_Gaussian,91.5,99.30852921120108
TSP_kg_ha,GLM_Gaussian,81.2,96.0126354116676
TSP_kg_ha,GLM_Gaussian,125.6,126.06886775850522
TSP_kg_ha,GLM_Gaussian,122.2,111.02008798042364
TSP_kg_ha,GLM_Gaussian,86,93.72692903580312
TSP_kg_ha,GLM_Gaussian,88.4,76.85594867932588
TSP_kg_ha,GLM_Gaussian,131,127.43623793866954
TSP_kg_ha,GLM_Gaussian,136.5,126.69803314554534
TSP_kg_ha,GLM_Gaussian,124.7,120.398685861213
TSP_kg_ha,GLM_Gaussian,139.2,110.01214384039646
TSP_kg_ha,GLM_Gaussian,128.9,114.3125510355784
TSP_kg_ha,GLM_Gaussian,86.4,102.10251892843539
TSP_kg_ha,GLM_Gaussian,80.9,91.2480988147534
TSP_kg_ha,GLM_Gaussian,44.5,63.51563402060626
TSP_kg_ha,GLM_Gaussian,133,109.22022113746151
TSP_kg_ha,GLM_Gaussian,41.6,33.39542559564067
TSP_kg_ha,GLM_Gaussian,81.3,76.04420179890117
TSP_kg_ha,GLM_Gaussian,89.5,98.23872394363292
TSP_kg_ha,GLM_Gaussian,124.1,132.40283591907976
TSP_kg_ha,GLM_Gaussian,120.8,126.6648190993315
TSP_kg_ha,GLM_Gaussian,135.5,125.86581926380732
TSP_kg_ha,GLM_Gaussian,126.4,120.44645248476625
TSP_kg_ha,GLM_Gaussian,90.4,84.72192270780467
TSP_kg_ha,GLM_Gaussian,135.2,122.31458645594253
TSP_kg_ha,GLM_Gaussian,130.7,134.66449988557903
TSP_kg_ha,GLM_Gaussian,88.5,96.89820520873018
TSP_kg_ha,GLM_Gaussian,135.4,139.9875858340282
TSP_kg_ha,GLM_Gaussian,137.8,135.33389063737897
TSP_kg_ha,GLM_Gaussian,90.2,91.22328568677935
TSP_kg_ha,GLM_Gaussian,134.5,128.82917301824924
TSP_kg_ha,GLM_Gaussian,131.6,107.90467665275513
TSP_kg_ha,GLM_Gaussian,92.3,100.47623244896661
TSP_kg_ha,GLM_Gaussian,91.1,101.9016999527228
TSP_kg_ha,GLM_Gaussian,124,124.01324485317562
TSP_kg_ha,GLM_Gaussian,81.2,99.8654304372492
TSP_kg_ha,GLM_Gaussian,91.4,93.91215014947036
TSP_kg_ha,GLM_Gaussian,131.3,133.85556082600272
TSP_kg_ha,GLM_Gaussian,127.6,109.46863099536527
TSP_kg_ha,GLM_Gaussian,82.8,83.81231734514027
TSP_kg_ha,GLM_Gaussian,132.2,129.48248777995357
TSP_kg_ha,GLM_Gaussian,81.9,75.37107363702525
TSP_kg_ha,GLM_Gaussian,127.9,114.59238633475604
TSP_kg_ha,GLM_Gaussian,128.8,136.52256890822358
TSP_kg_ha,GLM_Gaussian,82.4,105.59572087925912
TSP_kg_ha,GLM_Gaussian,87.3,73.15578628927497
TSP_kg_ha,GLM_Gaussian,90.6,82.11432528278195
TSP_kg_ha,GLM_Gaussian,84.9,105.65264524373768
TSP_kg_ha,GLM_Gaussian,139.4,129.13735412893985
TSP_kg_ha,GLM_Gaussian,87.7,76.09578210881477
TSP_kg_ha,GLM_Gaussian,130.2,118.78873383247355
TSP_kg_ha,GLM_Gaussian,84.9,95.6058163632519
TSP_kg_ha,GLM_Gaussian,89.1,73.48789054615403
TSP_kg_ha,GLM_Gaussian,138,141.1055558873527
TSP_kg_ha,GLM_Gaussian,121.4,133.28459728106407
TSP_kg_ha,GLM_Gaussian,140.1,110.88594784055793
TSP_kg_ha,GLM_Gaussian,82,84.49477268609581
TSP_kg_ha,GLM_Gaussian,136.3,115.82644815913012
TSP_kg_ha,GLM_Gaussian,84.2,91.25939845186242
TSP_kg_ha,GLM_Gaussian,86.3,80.20930331207718
TSP_kg_ha,GLM_Gaussian,132.7,106.60889388803429
TSP_kg_ha,GLM_Gaussian,138.1,127.60761091661323
TSP_kg_ha,GLM_Gaussian,80.8,105.01438251182415
TSP_kg_ha,GLM_Gaussian,121.8,140.54036039294954
TSP_kg_ha,GLM_Gaussian,125.3,125.1900256247374
TSP_kg_ha,GLM_Gaussian,85,80.05112549202273
TSP_kg_ha,GLM_Gaussian,80.8,89.89817256150708
TSP_kg_ha,GLM_Gaussian,127.8,107.72989866643634
TSP_kg_ha,GLM_Gaussian,139.8,137.24602376675722
TSP_kg_ha,GLM_Gaussian,120.7,137.733370952014
TSP_kg_ha,GLM_Gaussian,83.1,106.69463130715017
TSP_kg_ha,GLM_Gaussian,89.3,105.32077142168862
TSP_kg_ha,GLM_Gaussian,131.1,137.2134689357275
TSP_kg_ha,GLM_Gaussian,43,49.190944225122266
TSP_kg_ha,GLM_Gaussian,88.8,77.88142137498052
TSP_kg_ha,GLM_Gaussian,139.8,132.68180632392634
TSP_kg_ha,GLM_Gaussian,87.8,84.5062288319687
TSP_kg_ha,GLM_Gaussian,91.7,76.36425155252834
TSP_kg_ha,GLM_Gaussian,92.9,93.13771144982341
TSP_kg_ha,GLM_Gaussian,130.1,128.1597820211793
TSP_kg_ha,GLM_Gaussian,128.5,112.28670817780898
TSP_kg_ha,GLM_Gaussian,93.5,99.56070346108011
TSP_kg_ha,GLM_Gaussian,124.6,123.63413518995624
TSP_kg_ha,GLM_Gaussian,129.2,123.05631497846416
TSP_kg_ha,GLM_Gaussian,88.1,75.32260752968189
TSP_kg_ha,GLM_Gaussian,83.2,107.30905682280276
TSP_kg_ha,GLM_Gaussian,83.1,104.72393290989714
TSP_kg_ha,GLM_Gaussian,133.4,118.46148792066181
TSP_kg_ha,GLM_Gaussian,139.3,133.58925448133414
TSP_kg_ha,GLM_Gaussian,84.2,105.57082949602935
TSP_kg_ha,GLM_Gaussian,81.7,100.2818156013824
TSP_kg_ha,GLM_Gaussian,134.6,133.45438521082883
TSP_kg_ha,GLM_Gaussian,125.3,125.44101958596168
TSP_kg_ha,GLM_Gaussian,121.8,129.92070199569227
TSP_kg_ha,GLM_Gaussian,123.4,139.50483824348706
TSP_kg_ha,GLM_Gaussian,83.6,100.60978453872052
TSP_kg_ha,GLM_Gaussian,92.7,82.61778965453769
TSP_kg_ha,GLM_Gaussian,87.7,97.2941588286344
TSP_kg_ha,GLM_Gaussian,92.4,98.26944443390381
TSP_kg_ha,GLM_Gaussian,133.8,141.15122271331165
TSP_kg_ha,GLM_Gaussian,82.7,102.67470043485905
TSP_kg_ha,GLM_Gaussian,92.6,93.73541566765915
TSP_kg_ha,GLM_Gaussian,86.5,93.5862830711684
TSP_kg_ha,GLM_Gaussian,84.6,108.8910964930501
TSP_kg_ha,GLM_Gaussian,91.4,98.56612341383865
TSP_kg_ha,GLM_Gaussian,136,127.0499591290655
TSP_kg_ha,GLM_Gaussian,83.5,101.68596031865863
TSP_kg_ha,GLM_Gaussian,89.3,72.41961936263655
TSP_kg_ha,GLM_Gaussian,82.7,79.89837333184504
TSP_kg_ha,GLM_Gaussian,84.3,87.75137503569042
TSP_kg_ha,GLM_Gaussian,83.2,102.82164867708168
TSP_kg_ha,GLM_Gaussian,127.4,130.09106380733041
TSP_kg_ha,GLM_Gaussian,81,75.75258621847722
TSP_kg_ha,GLM_Gaussian,127,135.79261371805106
TSP_kg_ha,GLM_Gaussian,40.4,53.250886891965614
TSP_kg_ha,GLM_Gaussian,90.1,104.60525089580219
TSP_kg_ha,GLM_Gaussian,82.7,98.41727548843349
TSP_kg_ha,GLM_Gaussian,87.5,74.65011054929148
TSP_kg_ha,GLM_Gaussian,87.2,91.13084682669364
TSP_kg_ha,GLM_Gaussian,84.9,92.99368071848077
TSP_kg_ha,GLM_Gaussian,86.9,103.56253112231961
TSP_kg_ha,GLM_Gaussian,128.8,132.25707772148223
TSP_kg_ha,GLM_Gaussian,43.1,56.913438054909136
TSP_kg_ha,GLM_Gaussian,131.2,134.51192704305438
TSP_kg_ha,GLM_Gaussian,130.4,114.00251170534455
TSP_kg_ha,GLM_Gaussian,121,119.79549948856626
TSP_kg_ha,GLM_Gaussian,123.8,104.59509858086594
TSP_kg_ha,GLM_Gaussian,45.5,43.15698175190207
TSP_kg_ha,GLM_Gaussian,129.9,108.9138260165893
TSP_kg_ha,GLM_Gaussian,130.8,119.49632481472939
TSP_kg_ha,GLM_Gaussian,93,88.87563178803161
TSP_kg_ha,GLM_Gaussian,90.6,106.22821540791666
TSP_kg_ha,GLM_Gaussian,92.1,89.91851032074827
TSP_kg_ha,GLM_Gaussian,131.9,124.11981177345008
TSP_kg_ha,GLM_Gaussian,132.3,112.31508943808406
TSP_kg_ha,GLM_Gaussian,43,49.133036178459534
TSP_kg_ha,GLM_Gaussian,140,122.21802884303467
TSP_kg_ha,GLM_Gaussian,137.5,111.10132524131994
TSP_kg_ha,GLM_Gaussian,134.2,117.04625777801625
TSP_kg_ha,GLM_Gaussian,89.4,89.00662106792649
TSP_kg_ha,GLM_Gaussian,125.8,112.12699664160303
TSP_kg_ha,GLM_Gaussian,133.5,110.58739227252384
TSP_kg_ha,GLM_Gaussian,123,112.02058877010303
TSP_kg_ha,GLM_Gaussian,87.7,70.49398485572327
TSP_kg_ha,GLM_Gaussian,123.1,143.04287001950792
TSP_kg_ha,GLM_Gaussian,84.4,89.12115941205688
TSP_kg_ha,GLM_Gaussian,81.2,96.75162558033225
TSP_kg_ha,GLM_Gaussian,88.1,93.71300737862957
TSP_kg_ha,GLM_Gaussian,85,72.7106011064762
TSP_kg_ha,GLM_Gaussian,124.9,133.5997171161757
TSP_kg_ha,GLM_Gaussian,81.7,100.55153657986853
TSP_kg_ha,GLM_Gaussian,121.9,135.32841144675416
TSP_kg_ha,GLM_Gaussian,93.1,99.87978567241696
TSP_kg_ha,GLM_Gaussian,121.3,110.16600261205961
TSP_kg_ha,GLM_Gaussian,91.5,103.2534682965795
TSP_kg_ha,GLM_Gaussian,88.9,92.65367913053335
TSP_kg_ha,GLM_Gaussian,125.5,123.97775836082612
TSP_kg_ha,GLM_Gaussian,92.2,77.97320189379523
TSP_kg_ha,GLM_Gaussian,123.8,121.6681626684032
TSP_kg_ha,GLM_Gaussian,127.9,134.46766229242553
TSP_kg_ha,GLM_Gaussian,45.7,62.81133779478177
TSP_kg_ha,GLM_Gaussian,130.6,125.7848662435109
TSP_kg_ha,GLM_Gaussian,126.3,122.00345701482188
TSP_kg_ha,GLM_Gaussian,133,114.64958749435843
TSP_kg_ha,GLM_Gaussian,81.6,97.40226059931108
TSP_kg_ha,GLM_Gaussian,123.1,138.84245987036635
TSP_kg_ha,GLM_Gaussian,139.1,117.20296534495421
TSP_kg_ha,GLM_Gaussian,128.7,126.95695484911923
TSP_kg_ha,GLM_Gaussian,123.6,124.84682387947939
TSP_kg_ha,GLM_Gaussian,90.7,97.68189068400216
TSP_kg_ha,GLM_Gaussian,123,130.67482226732997
TSP_kg_ha,GLM_Gaussian,92.8,80.52258190598235
TSP_kg_ha,GLM_Gaussian,124.3,127.0242990956265
TSP_kg_ha,GLM_Gaussian,126.8,117.59564440295937
TSP_kg_ha,GLM_Gaussian,92.3,96.44542624534395
TSP_kg_ha,GLM_Gaussian,81.7,106.05986536366873
TSP_kg_ha,GLM_Gaussian,46.7,57.42762473935303
TSP_kg_ha,GLM_Gaussian,133.9,114.39595640024135
TSP_kg_ha,GLM_Gaussian,136.7,126.3047710987868
TSP_kg_ha,GLM_Gaussian,139.7,124.9691807213043
TSP_kg_ha,GLM_Gaussian,139,134.59582985233735
TSP_kg_ha,GLM_Gaussian,128.6,128.14840208004586
TSP_kg_ha,GLM_Gaussian,136.1,126.25468762281737
TSP_kg_ha,GLM_Gaussian,134.3,131.07895257932208
TSP_kg_ha,GLM_Gaussian,91.6,77.93073973891732
TSP_kg_ha,GLM_Gaussian,139.5,126.34765272369563
TSP_kg_ha,GLM_Gaussian,125.7,130.14312664959667
TSP_kg_ha,GLM_Gaussian,86.8,101.90590573221104
TSP_kg_ha,GLM_Gaussian,82.1,100.51534767182588
TSP_kg_ha,GLM_Gaussian,132.3,111.31919271375776
TSP_kg_ha,GLM_Gaussian,129.8,126.06358162297538
TSP_kg_ha,GLM_Gaussian,91.9,98.29194806349872
TSP_kg_ha,GLM_Gaussian,133.7,114.24170622005789
TSP_kg_ha,GLM_Gaussian,133.2,109.59513191701596
TSP_kg_ha,GLM_Gaussian,85.7,90.9577038751315
TSP_kg_ha,GLM_Gaussian,134.2,133.1846883614624
TSP_kg_ha,GLM_Gaussian,44.3,59.23348619506358
TSP_kg_ha,GLM_Gaussian,130.7,139.29576802765445
TSP_kg_ha,GLM_Gaussian,83.5,95.28377483636501
TSP_kg_ha,GLM_Gaussian,138,128.70530929745266
TSP_kg_ha,GLM_Gaussian,82.7,85.73630342143801
TSP_kg_ha,GLM_Gaussian,138.1,128.3116960220099
TSP_kg_ha,GLM_Gaussian,122.1,134.13088019230196
TSP_kg_ha,GLM_Gaussian,92.2,78.77007410913504
TSP_kg_ha,GLM_Gaussian,90.3,94.88036421363452
TSP_kg_ha,GLM_Gaussian,93,94.68104477977583
TSP_kg_ha,GLM_Gaussian,89.7,82.35840392576559
TSP_kg_ha,GLM_Gaussian,132.3,120.04479555565504
TSP_kg_ha,GLM_Gaussian,126,140.79541367961517
TSP_kg_ha,GLM_Gaussian,85,86.30796728402984
TSP_kg_ha,GLM_Gaussian,88.7,94.49042140054598
TSP_kg_ha,GLM_Gaussian,81.4,92.03810049017471
TSP_kg_ha,GLM_Gaussian,124.3,121.7979440402637
TSP_kg_ha,GLM_Gaussian,133.8,113.79869216819505
TSP_kg_ha,GLM_Gaussian,90.5,108.69453407427824
TSP_kg_ha,GLM_Gaussian,135.4,132.80806166193454
TSP_kg_ha,GLM_Gaussian,137.8,108.91628749837786
TSP_kg_ha,GLM_Gaussian,92.6,94.33576695064691
TSP_kg_ha,GLM_Gaussian,82.1,99.86948899443101
TSP_kg_ha,GLM_Gaussian,139.6,128.9752017161262
TSP_kg_ha,GLM_Gaussian,134.3,124.84354046136255
TSP_kg_ha,GLM_Gaussian,84.4,95.78697130475685
TSP_kg_ha,GLM_Gaussian,45.3,61.24274254320699
TSP_kg_ha,GLM_Gaussian,85.3,84.64695573458954
TSP_kg_ha,GLM_Gaussian,89.5,103.93033126903113
TSP_kg_ha,GLM_Gaussian,89.7,98.84772156157489
TSP_kg_ha,GLM_Gaussian,87.9,98.54892150378458
TSP_kg_ha,GLM_Gaussian,43.6,40.66656930338602
TSP_kg_ha,GLM_Gaussian,133.5,138.4779776830965
TSP_kg_ha,GLM_Gaussian,123.4,140.79386008568787
TSP_kg_ha,GLM_Gaussian,86.6,106.98897926989235
TSP_kg_ha,GLM_Gaussian,138.9,117.72764664511185
TSP_kg_ha,GLM_Gaussian,129.8,131.6769864654058
TSP_kg_ha,GLM_Gaussian,91.1,100.69111833528599
TSP_kg_ha,GLM_Gaussian,91.8,95.00581210944542
TSP_kg_ha,GLM_Gaussian,82,95.62417703777729
TSP_kg_ha,GLM_Gaussian,131.2,142.5347282662926
TSP_kg_ha,GLM_Gaussian,120.7,131.10679234207217
TSP_kg_ha,GLM_Gaussian,45.2,52.872734234161904
TSP_kg_ha,GLM_Gaussian,93.5,75.24792237083732
TSP_kg_ha,GLM_Gaussian,86.1,94.51110720815984
TSP_kg_ha,GLM_Gaussian,126.6,142.65915116350084
TSP_kg_ha,GLM_Gaussian,82.7,92.31815980589285
TSP_kg_ha,GLM_Gaussian,91.7,96.856612515016
TSP_kg_ha,GLM_Gaussian,80.6,101.78871591245615
TSP_kg_ha,GLM_Gaussian,90.3,74.04735004231944
TSP_kg_ha,GLM_Gaussian,87,89.67103160139399
TSP_kg_ha,GLM_Gaussian,83.1,95.114368463482
TSP_kg_ha,GLM_Gaussian,125.3,125.07022134446851
TSP_kg_ha,GLM_Gaussian,125.3,118.85982924621658
TSP_kg_ha,GLM_Gaussian,84.5,76.16480329529034
TSP_kg_ha,GLM_Gaussian,131.9,127.39434482876578
TSP_kg_ha,GLM_Gaussian,124.3,121.60917926055241
TSP_kg_ha,GLM_Gaussian,127.7,124.22841074703621
TSP_kg_ha,GLM_Gaussian,86.4,83.53192488893437
TSP_kg_ha,GLM_Gaussian,125.9,110.27752830852386
TSP_kg_ha,GLM_Gaussian,133.5,133.2873564356736
TSP_kg_ha,GLM_Gaussian,81.6,98.21627542855397
TSP_kg_ha,GLM_Gaussian,131.5,124.98998477202613
TSP_kg_ha,GLM_Gaussian,122.6,133.62202247885966
TSP_kg_ha,GLM_Gaussian,85.4,89.17395479620293
TSP_kg_ha,GLM_Gaussian,80.8,92.80829213076316
TSP_kg_ha,GLM_Gaussian,89.9,94.90162541947566
TSP_kg_ha,GLM_Gaussian,123.5,133.39742356219406
TSP_kg_ha,GLM_Gaussian,136.9,111.08136008059611
TSP_kg_ha,GLM_Gaussian,139.3,136.95920112824032
TSP_kg_ha,GLM_Gaussian,127.3,130.29318350701075
TSP_kg_ha,GLM_Gaussian,126.7,145.74939412434176
TSP_kg_ha,GLM_Gaussian,85.8,102.140397965925
TSP_kg_ha,GLM_Gaussian,124.7,117.58744458721424
TSP_kg_ha,GLM_Gaussian,122,108.1164537935088
TSP_kg_ha,GLM_Gaussian,130.2,111.26805879401081
TSP_kg_ha,GLM_Gaussian,135.8,125.39367857579339
TSP_kg_ha,GLM_Gaussian,125.3,117.49135844075919
TSP_kg_ha,GLM_Gaussian,127.5,138.74719180880936
TSP_kg_ha,GLM_Gaussian,132.3,126.20804838597834
TSP_kg_ha,GLM_Gaussian,44.5,37.82367220726089
TSP_kg_ha,GLM_Gaussian,124.2,131.4061540235472
TSP_kg_ha,GLM_Gaussian,139.9,115.19637290924817
TSP_kg_ha,GLM_Gaussian,135.9,121.82779120170039
TSP_kg_ha,GLM_Gaussian,134.5,129.68403932625463
TSP_kg_ha,GLM_Gaussian,89.6,100.27151948530555
TSP_kg_ha,GLM_Gaussian,85,76.26984464271729
TSP_kg_ha,GLM_Gaussian,138,133.4572386427113
TSP_kg_ha,GLM_Gaussian,44.7,57.61556458395647
TSP_kg_ha,GLM_Gaussian,124.2,109.65407943262252
TSP_kg_ha,GLM_Gaussian,134.6,117.34350079917229
TSP_kg_ha,GLM_Gaussian,136.1,127.85851259471602
TSP_kg_ha,GLM_Gaussian,136.8,127.05618544521774
TSP_kg_ha,GLM_Gaussian,138.5,109.71718916350169
TSP_kg_ha,GLM_Gaussian,128.6,133.33411380028363
TSP_kg_ha,GLM_Gaussian,121.6,111.89662946603745
TSP_kg_ha,GLM_Gaussian,132.6,131.80202948906629
TSP_kg_ha,GLM_Gaussian,81.7,101.07149743973163
TSP_kg_ha,GLM_Gaussian,139.6,139.35122989668986
TSP_kg_ha,GLM_Gaussian,81.9,91.4856113771162
TSP_kg_ha,GLM_Gaussian,124.5,137.4960328151485
TSP_kg_ha,GLM_Gaussian,137.6,141.39767085305493
TSP_kg_ha,GLM_Gaussian,130.7,131.76775817360576
TSP_kg_ha,GLM_Gaussian,130,128.3978999960842
TSP_kg_ha,GLM_Gaussian,86.3,104.93073670506594
TSP_kg_ha,GLM_Gaussian,139,117.86141516725576
TSP_kg_ha,GLM_Gaussian,83.6,95.01654433255048
TSP_kg_ha,GLM_Gaussian,86.1,80.0779225978299
TSP_kg_ha,GLM_Gaussian,87.1,99.41808520945293
TSP_kg_ha,GLM_Gaussian,121.5,140.35273653624307
TSP_kg_ha,GLM_Gaussian,136.6,119.05559668831971
TSP_kg_ha,GLM_Gaussian,81.7,91.08470356566413
TSP_kg_ha,GLM_Gaussian,122,114.99687640054366
TSP_kg_ha,GLM_Gaussian,83.8,105.53006111163403
TSP_kg_ha,GLM_Gaussian,135.1,138.79590562458557
TSP_kg_ha,GLM_Gaussian,122.9,116.07341156307456
TSP_kg_ha,GLM_Gaussian,127.7,135.4444212312044
TSP_kg_ha,GLM_Gaussian,84.9,104.38968267513515
TSP_kg_ha,GLM_Gaussian,44,70.50425977949868
TSP_kg_ha,GLM_Gaussian,82.4,98.83875029029377
TSP_kg_ha,GLM_Gaussian,84.8,92.63460109583502
TSP_kg_ha,GLM_Gaussian,137,131.28160051023332
TSP_kg_ha,GLM_Gaussian,132.5,108.33366909352833
TSP_kg_ha,GLM_Gaussian,85.5,101.66104645346581
TSP_kg_ha,GLM_Gaussian,87,109.25330982402632
TSP_kg_ha,GLM_Gaussian,87.8,80.00829517327804
TSP_kg_ha,GLM_Gaussian,129.5,113.52295297464306
TSP_kg_ha,GLM_Gaussian,135.7,141.66917091980878
TSP_kg_ha,GLM_Gaussian,133.7,142.95937512144445
TSP_kg_ha,GLM_Gaussian,132,113.43418092945939
TSP_kg_ha,GLM_Gaussian,125.3,112.99835150573334
TSP_kg_ha,GLM_Gaussian,83.3,92.064055452302
TSP_kg_ha,GLM_Gaussian,139.9,143.6240890928968
TSP_kg_ha,GLM_Gaussian,137.6,111.41133725523734
TSP_kg_ha,GLM_Gaussian,86.8,97.03562685205338
TSP_kg_ha,GLM_Gaussian,80.7,76.14096128260252
TSP_kg_ha,GLM_Gaussian,132,124.99698573035161
TSP_kg_ha,GLM_Gaussian,133.7,127.41861060580177
TSP_kg_ha,GLM_Gaussian,46.4,52.41107987053432
TSP_kg_ha,GLM_Gaussian,133.7,132.5183897845476
TSP_kg_ha,GLM_Gaussian,81.8,104.5723800602079
TSP_kg_ha,GLM_Gaussian,86.9,73.41968576460708
TSP_kg_ha,GLM_Gaussian,80.8,73.19162416556091
TSP_kg_ha,GLM_Gaussian,82.9,103.40750674027107
TSP_kg_ha,GLM_Gaussian,87.8,96.60071969634545
TSP_kg_ha,GLM_Gaussian,88.1,90.10942387000854
TSP_kg_ha,GLM_Gaussian,90.5,74.50450539287348
TSP_kg_ha,GLM_Gaussian,92.1,93.85512236086747
TSP_kg_ha,GLM_Gaussian,132.3,125.8890159532739
TSP_kg_ha,GLM_Gaussian,91.2,95.97157952330957
TSP_kg_ha,GLM_Gaussian,129.3,113.7418497029857
TSP_kg_ha,GLM_Gaussian,44.9,31.26779150422191
TSP_kg_ha,GLM_Gaussian,127,121.0980003680724
TSP_kg_ha,GLM_Gaussian,130.9,125.49114419556508
TSP_kg_ha,GLM_Gaussian,125.5,117.92625897212046
TSP_kg_ha,GLM_Gaussian,87.6,103.81566825636168
TSP_kg_ha,GLM_Gaussian,91.7,103.96035076024258
TSP_kg_ha,GLM_Gaussian,91.3,87.59785993809724
TSP_kg_ha,GLM_Gaussian,86.5,92.56393635924935
TSP_kg_ha,GLM_Gaussian,131.3,127.29003480050199
TSP_kg_ha,GLM_Gaussian,123.7,125.20162784393588
TSP_kg_ha,GLM_Gaussian,91.3,93.0510451855507
TSP_kg_ha,GLM_Gaussian,82.9,94.37979601938623
TSP_kg_ha,GLM_Gaussian,122.2,119.02427572206061
TSP_kg_ha,GLM_Gaussian,85.8,83.61859907720574
TSP_kg_ha,GLM_Gaussian,93.5,100.55697936256169
TSP_kg_ha,GLM_Gaussian,90.7,97.52123901341581
TSP_kg_ha,GLM_Gaussian,140,142.01928872572657
TSP_kg_ha,GLM_Gaussian,130,135.61731322278857
TSP_kg_ha,GLM_Gaussian,125.1,108.98409367987625
TSP_kg_ha,GLM_Gaussian,44.2,49.889746840725216
TSP_kg_ha,GLM_Gaussian,138.8,117.58960185156295
TSP_kg_ha,GLM_Gaussian,138.1,114.00459889530848
TSP_kg_ha,GLM_Gaussian,131.4,120.39909088111533
TSP_kg_ha,GLM_Gaussian,123.9,125.56456434233198
TSP_kg_ha,GLM_Gaussian,86.8,106.06526804552718
TSP_kg_ha,GLM_Gaussian,42.8,41.925395517548445
TSP_kg_ha,GLM_Gaussian,138.6,128.11617059831542
TSP_kg_ha,GLM_Gaussian,128.4,115.73781288277422
TSP_kg_ha,GLM_Gaussian,128.5,121.47864072421262
TSP_kg_ha,GLM_Gaussian,133.9,138.9335705178816
TSP_kg_ha,GLM_Gaussian,127.8,109.92589346164624
TSP_kg_ha,GLM_Gaussian,89.4,82.76857743910921
TSP_kg_ha,GLM_Gaussian,124.4,142.9893230225737
TSP_kg_ha,GLM_Gaussian,83.7,98.76004903518414
TSP_kg_ha,GLM_Gaussian,127.6,133.7080654336559
TSP_kg_ha,GLM_Gaussian,87.9,94.1244940635875
TSP_kg_ha,GLM_Gaussian,88.5,103.07024418860063
TSP_kg_ha,GLM_Gaussian,81.3,80.47541766813411
TSP_kg_ha,GLM_Gaussian,88.3,101.78745293967262
TSP_kg_ha,GLM_Gaussian,124.4,124.5970445466841
TSP_kg_ha,GLM_Gaussian,89.3,94.63832509022357
TSP_kg_ha,GLM_Gaussian,90.1,95.82598528305283
TSP_kg_ha,GLM_Gaussian,42.9,37.15268612214057
TSP_kg_ha,GLM_Gaussian,139,130.20553187613035
TSP_kg_ha,GLM_Gaussian,137.1,115.58036568459039
TSP_kg_ha,GLM_Gaussian,124.3,132.6564239249665
TSP_kg_ha,GLM_Gaussian,127.9,123.82024399157429
TSP_kg_ha,GLM_Gaussian,140,137.11460828368385
TSP_kg_ha,GLM_Gaussian,138.3,113.16060622305969
TSP_kg_ha,GLM_Gaussian,44.5,48.93307523042953
TSP_kg_ha,GLM_Gaussian,125.4,123.80486757598753
TSP_kg_ha,GLM_Gaussian,121.1,119.23407437723117
TSP_kg_ha,GLM_Gaussian,136.4,117.52469859941128
TSP_kg_ha,GLM_Gaussian,125.8,138.43721278382003
TSP_kg_ha,GLM_Gaussian,129.7,137.9449580969476
TSP_kg_ha,GLM_Gaussian,80.9,105.881976418597
TSP_kg_ha,GLM_Gaussian,89.7,88.89316750923071
TSP_kg_ha,GLM_Gaussian,124.6,118.56498707430396
TSP_kg_ha,GLM_Gaussian,124.7,111.04077775712312
TSP_kg_ha,GLM_Gaussian,87.8,99.90498569158045
TSP_kg_ha,GLM_Gaussian,92,94.42026984188634
TSP_kg_ha,GLM_Gaussian,135.3,134.51189117483332
TSP_kg_ha,GLM_Gaussian,136.4,119.16646235108675
TSP_kg_ha,GLM_Gaussian,83.6,98.2252410774327
TSP_kg_ha,GLM_Gaussian,84.4,99.65189314478671
TSP_kg_ha,GLM_Gaussian,89.4,88.22581582059973
TSP_kg_ha,GLM_Gaussian,126.6,138.37759496588905
TSP_kg_ha,GLM_Gaussian,92.6,96.91204877652184
TSP_kg_ha,GLM_Gaussian,41.8,37.221346056728585
TSP_kg_ha,GLM_Gaussian,122.2,131.28213861739252
TSP_kg_ha,GLM_Gaussian,126.2,129.97500952990606
TSP_kg_ha,GLM_Gaussian,91.6,105.23788990088795
TSP_kg_ha,GLM_Gaussian,126.5,131.04242271945284
TSP_kg_ha,GLM_Gaussian,43.1,71.3009161087152
TSP_kg_ha,GLM_Gaussian,85.9,72.52087125153228
TSP_kg_ha,GLM_Gaussian,135.3,133.67943500890783
TSP_kg_ha,GLM_Gaussian,134.6,113.08615660235428
TSP_kg_ha,GLM_Gaussian,89.2,101.59408770619103
TSP_kg_ha,GLM_Gaussian,131.4,131.4433611636381
TSP_kg_ha,GLM_Gaussian,121.9,112.06710321574482
TSP_kg_ha,GLM_Gaussian,125.5,109.47484807665225
TSP_kg_ha,GLM_Gaussian,139.8,122.20510735166714
TSP_kg_ha,GLM_Gaussian,81.8,94.87977921472526
TSP_kg_ha,GLM_Gaussian,125.5,130.24215707698266
TSP_kg_ha,GLM_Gaussian,139.4,124.16948092851217
TSP_kg_ha,GLM_Gaussian,124.5,116.83972037403372
TSP_kg_ha,GLM_Gaussian,43.9,47.17418295221717
TSP_kg_ha,GLM_Gaussian,125.2,130.2438702371876
TSP_kg_ha,GLM_Gaussian,136.3,126.8297110331518
TSP_kg_ha,GLM_Gaussian,138.9,125.23398050481235
TSP_kg_ha,GLM_Gaussian,121.5,133.58356879553727
TSP_kg_ha,GLM_Gaussian,82.8,82.86906555946985
TSP_kg_ha,GLM_Gaussian,133.6,126.41589116064303
TSP_kg_ha,GLM_Gaussian,125.1,131.4858935145969
TSP_kg_ha,GLM_Gaussian,131.6,112.82036295251797
TSP_kg_ha,GLM_Gaussian,133.4,138.08007465772394
TSP_kg_ha,GLM_Gaussian,122,118.13452277097593
TSP_kg_ha,GLM_Gaussian,83,94.04982538591557
TSP_kg_ha,GLM_Gaussian,46.3,61.68156449352125
TSP_kg_ha,GLM_Gaussian,88,98.33832953291842
TSP_kg_ha,GLM_Gaussian,80.8,80.4736039365391
TSP_kg_ha,GLM_Gaussian,129.1,112.46952437593184
TSP_kg_ha,GLM_Gaussian,133.9,128.38621131056738
TSP_kg_ha,GLM_Gaussian,84.8,105.06446377027032
TSP_kg_ha,GLM_Gaussian,133.2,124.82867839043641
TSP_kg_ha,GLM_Gaussian,128.3,144.13459772274837
TSP_kg_ha,GLM_Gaussian,120.7,121.18737364108898
TSP_kg_ha,GLM_Gaussian,87.3,91.54638656439373
TSP_kg_ha,GLM_Gaussian,128.1,129.4589491349923
TSP_kg_ha,GLM_Gaussian,93.4,84.37787751273733
TSP_kg_ha,GLM_Gaussian,87.6,107.09657664000696
TSP_kg_ha,GLM_Gaussian,139.9,141.05644619106067
TSP_kg_ha,GLM_Gaussian,129.6,108.86863615192668
TSP_kg_ha,GLM_Gaussian,124.7,128.48412820433958
TSP_kg_ha,GLM_Gaussian,87.9,99.52687130876241
TSP_kg_ha,GLM_Gaussian,121.7,118.38174896944447
TSP_kg_ha,GLM_Gaussian,128.3,140.01133106754932
TSP_kg_ha,GLM_Gaussian,129.9,111.52147861594321
TSP_kg_ha,GLM_Gaussian,87.6,89.75557640051659
TSP_kg_ha,GLM_Gaussian,127.2,136.61289279474317
TSP_kg_ha,GLM_Gaussian,127.3,106.82495183017113
TSP_kg_ha,GLM_Gaussian,85.4,72.86125723666477
TSP_kg_ha,GLM_Gaussian,43.7,61.19515618933459
TSP_kg_ha,GLM_Gaussian,85.4,94.71291969842379
TSP_kg_ha,GLM_Gaussian,86.1,85.67016282315171
TSP_kg_ha,GLM_Gaussian,133.2,140.87688657706934
TSP_kg_ha,GLM_Gaussian,130,131.35031235989396
TSP_kg_ha,GLM_Gaussian,90.7,77.26981475049358
TSP_kg_ha,GLM_Gaussian,134.3,116.57155628628425
TSP_kg_ha,GLM_Gaussian,139.7,130.45584939677966
TSP_kg_ha,GLM_Gaussian,131.2,121.38961621077677
TSP_kg_ha,GLM_Gaussian,81.1,72.97381224822298
TSP_kg_ha,GLM_Gaussian,89,79.13819390786367
TSP_kg_ha,GLM_Gaussian,91.6,107.29237959218428
TSP_kg_ha,GLM_Gaussian,86.3,91.49428481406952
TSP_kg_ha,GLM_Gaussian,126.1,108.97433802140306
TSP_kg_ha,GLM_Gaussian,123.4,115.57427245273192
TSP_kg_ha,GLM_Gaussian,84.5,97.21174985730495
TSP_kg_ha,GLM_Gaussian,138.4,119.8620522787697
TSP_kg_ha,GLM_Gaussian,138.9,126.50278104507134
TSP_kg_ha,GLM_Gaussian,85.2,76.87912832133615
TSP_kg_ha,GLM_Gaussian,139.1,135.50122151765385
TSP_kg_ha,GLM_Gaussian,123.4,125.59385450791761
TSP_kg_ha,GLM_Gaussian,134.7,118.18419425614631
TSP_kg_ha,GLM_Gaussian,83.1,81.2829139327258
TSP_kg_ha,GLM_Gaussian,121.5,135.0596820432465
TSP_kg_ha,GLM_Gaussian,81.7,72.38765678016946
TSP_kg_ha,GLM_Gaussian,83.6,76.27992788789952
TSP_kg_ha,GLM_Gaussian,84.9,103.60367825178363
TSP_kg_ha,GLM_Gaussian,131,122.83552765599445
TSP_kg_ha,GLM_Gaussian,82.8,97.3227092652255
TSP_kg_ha,GLM_Gaussian,132.8,132.450730576606
TSP_kg_ha,GLM_Gaussian,136.5,136.00188877865804
TSP_kg_ha,GLM_Gaussian,84.7,94.85609193832093
TSP_kg_ha,GLM_Gaussian,133,114.04371820731004
TSP_kg_ha,GLM_Gaussian,87,74.62081054082218
TSP_kg_ha,GLM_Gaussian,139.4,128.4047204042368
TSP_kg_ha,GLM_Gaussian,83.1,75.29115522522099
TSP_kg_ha,GLM_Gaussian,89.7,96.24463666791748
TSP_kg_ha,GLM_Gaussian,43.6,33.35214729075709
TSP_kg_ha,GLM_Gaussian,137.1,132.87824891039213
TSP_kg_ha,GLM_Gaussian,128.3,113.21626166407945
TSP_kg_ha,GLM_Gaussian,90.3,105.1011866569591
TSP_kg_ha,GLM_Gaussian,86,92.07615355454641
TSP_kg_ha,GLM_Gaussian,46.4,41.38180981255492
TSP_kg_ha,GLM_Gaussian,137.7,135.19784366097213
TSP_kg_ha,GLM_Gaussian,81,87.47210440247181
TSP_kg_ha,GLM_Gaussian,139.7,115.37701852368497
TSP_kg_ha,GLM_Gaussian,83.6,78.01570702398051
TSP_kg_ha,GLM_Gaussian,133.4,138.53012857594473
TSP_kg_ha,GLM_Gaussian,89.1,100.43667719397368
TSP_kg_ha,GLM_Gaussian,89.6,75.60410965307564
TSP_kg_ha,GLM_Gaussian,138.4,143.49317655861753
TSP_kg_ha,GLM_Gaussian,46.7,60.815964729523294
TSP_kg_ha,GLM_Gaussian,87.9,94.497191371326693
TSP_kg_ha,GLM_Gaussian,88.9,76.72455351657976
TSP_kg_ha,GLM_Gaussian,86.1,90.29944778562029
TSP_kg_ha,GLM_Gaussian,44.9,68.07480820081017
TSP_kg_ha,GLM_Gaussian,86.2,92.01141748367235
TSP_kg_ha,GLM_Gaussian,89.9,96.58992954074493
TSP_kg_ha,GLM_Gaussian,81.9,74.16383037339921
TSP_kg_ha,GLM_Gaussian,88.7,96.85211751110806
TSP_kg_ha,GLM_Gaussian,130.2,110.69857139347526
TSP_kg_ha,GLM_Gaussian,128.1,131.7958880702989
TSP_kg_ha,GLM_Gaussian,127.2,123.93829551347193
TSP_kg_ha,GLM_Gaussian,44.2,51.37876651701608
TSP_kg_ha,GLM_Gaussian,138.1,127.05072033668709
TSP_kg_ha,GLM_Gaussian,133.7,118.1500553551574
TSP_kg_ha,GLM_Gaussian,136.6,116.83887875990557
TSP_kg_ha,GLM_Gaussian,133.4,140.2622908354964
TSP_kg_ha,GLM_Gaussian,88.8,99.38828677468348
TSP_kg_ha,GLM_Gaussian,87.7,107.4968626678699
TSP_kg_ha,GLM_Gaussian,87.3,99.03099265593477
TSP_kg_ha,GLM_Gaussian,125.2,142.95311802647896
TSP_kg_ha,GLM_Gaussian,91.1,101.49824374084648
TSP_kg_ha,GLM_Gaussian,46.1,67.63031501768495
TSP_kg_ha,GLM_Gaussian,86.9,98.24781852814961
TSP_kg_ha,GLM_Gaussian,87.9,87.19025410004792
TSP_kg_ha,GLM_Gaussian,130.2,118.18406662860724
TSP_kg_ha,GLM_Gaussian,128.4,121.33097340378605
TSP_kg_ha,GLM_Gaussian,130.4,125.70760716495053
TSP_kg_ha,GLM_Gaussian,85.6,94.94050127728974
TSP_kg_ha,GLM_Gaussian,125.1,128.90869468875206
TSP_kg_ha,GLM_Gaussian,132.1,109.05800980649849
TSP_kg_ha,GLM_Gaussian,127.3,125.83426694917381
TSP_kg_ha,GLM_Gaussian,81.6,94.59425792960515
TSP_kg_ha,GLM_Gaussian,135.9,123.95692707195569
TSP_kg_ha,GLM_Gaussian,81.5,93.17844138044202
TSP_kg_ha,GLM_Gaussian,138.6,116.98954221895707
TSP_kg_ha,GLM_Gaussian,130,141.8381484543304
TSP_kg_ha,GLM_Gaussian,90.2,95.05052289499743
TSP_kg_ha,GLM_Gaussian,42.2,67.92822165996617
TSP_kg_ha,GLM_Gaussian,125.6,129.9715817741595
TSP_kg_ha,GLM_Gaussian,136.2,111.40476164183546
TSP_kg_ha,GLM_Gaussian,124.4,118.3281275895065
TSP_kg_ha,GLM_Gaussian,133.3,114.96831536632537
TSP_kg_ha,GLM_Gaussian,128.8,115.72746630528702
TSP_kg_ha,GLM_Gaussian,132,138.0369521940372
TSP_kg_ha,GLM_Gaussian,42.4,53.60299718089593
TSP_kg_ha,GLM_Gaussian,127.9,140.7402461681647
TSP_kg_ha,GLM_Gaussian,40.3,71.32342883068166
TSP_kg_ha,GLM_Gaussian,82,76.35104209662244
TSP_kg_ha,GLM_Gaussian,134.7,127.09442784688814
TSP_kg_ha,GLM_Gaussian,123.2,138.7731608973414
TSP_kg_ha,GLM_Gaussian,91.6,85.96616375182778
TSP_kg_ha,GLM_Gaussian,45.5,63.09182464766087
TSP_kg_ha,GLM_Gaussian,121,134.70645589410884
TSP_kg_ha,GLM_Gaussian,89.4,74.23483343575272
TSP_kg_ha,GLM_Gaussian,121.3,142.51258186493337
TSP_kg_ha,GLM_Gaussian,129.3,137.60348334643643
TSP_kg_ha,GLM_Gaussian,125.9,128.229183430641
TSP_kg_ha,GLM_Gaussian,44.4,55.16711840123321
TSP_kg_ha,GLM_Gaussian,138.2,130.60211218541295
TSP_kg_ha,GLM_Gaussian,83.8,97.02832985015169
TSP_kg_ha,GLM_Gaussian,90.2,91.37277246027433
TSP_kg_ha,GLM_Gaussian,87.5,92.90860710230429
TSP_kg_ha,GLM_Gaussian,80.6,83.88709404617533
TSP_kg_ha,GLM_Gaussian,122,131.73610088274427
TSP_kg_ha,GLM_Gaussian,45.9,54.861180686257825
TSP_kg_ha,GLM_Gaussian,86.8,91.29040406552483
TSP_kg_ha,GLM_Gaussian,136.7,109.90821988848678
TSP_kg_ha,GLM_Gaussian,82.7,105.54586250227929
TSP_kg_ha,GLM_Gaussian,130.7,133.31049765257075
TSP_kg_ha,GLM_Gaussian,85.2,71.81707589798894
TSP_kg_ha,GLM_Gaussian,139,144.04717689483084
TSP_kg_ha,GLM_Gaussian,139.6,125.74435341279694
TSP_kg_ha,GLM_Gaussian,124.6,142.4263144217715
TSP_kg_ha,GLM_Gaussian,91.3,106.03771670622929
TSP_kg_ha,GLM_Gaussian,83.6,102.34552340704876
TSP_kg_ha,GLM_Gaussian,122.6,116.64706534544048
TSP_kg_ha,GLM_Gaussian,133.5,109.3331748335665
TSP_kg_ha,GLM_Gaussian,136.1,131.8466515185485
TSP_kg_ha,GLM_Gaussian,91.6,100.78916993961086
TSP_kg_ha,GLM_Gaussian,126.1,121.26274007541105
TSP_kg_ha,GLM_Gaussian,129.8,133.3443163328365
TSP_kg_ha,GLM_Gaussian,122.4,119.24224989387025
TSP_kg_ha,GLM_Gaussian,133.9,114.62776052158401
TSP_kg_ha,GLM_Gaussian,84.3,99.32964984035257
TSP_kg_ha,GLM_Gaussian,137.3,125.62008582171839
TSP_kg_ha,GLM_Gaussian,84.9,87.36766973483793
TSP_kg_ha,GLM_Gaussian,87.3,85.57831761964094
TSP_kg_ha,GLM_Gaussian,131.8,120.14563818207137
TSP_kg_ha,GLM_Gaussian,81.7,95.14293110101144
TSP_kg_ha,GLM_Gaussian,87.8,85.49379372806142
TSP_kg_ha,GLM_Gaussian,132.7,119.57702333354308
TSP_kg_ha,GLM_Gaussian,131.8,133.4964854425848
TSP_kg_ha,GLM_Gaussian,83.6,87.34015216214158
TSP_kg_ha,GLM_Gaussian,133.2,142.06478588394873
TSP_kg_ha,GLM_Gaussian,84.4,105.75367631546095
TSP_kg_ha,GLM_Gaussian,135.2,116.79428911465051
TSP_kg_ha,GLM_Gaussian,42.5,51.52145504846171
TSP_kg_ha,GLM_Gaussian,84.1,105.13690848519984
TSP_kg_ha,GLM_Gaussian,44,44.48247419323482
TSP_kg_ha,GLM_Gaussian,136.3,120.91502250985864
TSP_kg_ha,GLM_Gaussian,89.6,102.07505925301004
TSP_kg_ha,GLM_Gaussian,44.1,62.079003399857626
TSP_kg_ha,GLM_Gaussian,93.2,88.690557439793
TSP_kg_ha,GLM_Gaussian,136.9,122.31353166285118
TSP_kg_ha,GLM_Gaussian,129.6,117.27090884088373
TSP_kg_ha,GLM_Gaussian,134.8,123.84816869117257
TSP_kg_ha,GLM_Gaussian,81.8,73.56167388592664
TSP_kg_ha,GLM_Gaussian,86.6,95.84825990346081
TSP_kg_ha,GLM_Gaussian,85.5,76.65884644521661
TSP_kg_ha,GLM_Gaussian,43.7,48.16269234550892
TSP_kg_ha,GLM_Gaussian,128.3,140.88233725973703
TSP_kg_ha,GLM_Gaussian,125.4,120.94035611806306
TSP_kg_ha,GLM_Gaussian,81.3,77.31944736550979
TSP_kg_ha,GLM_Gaussian,123.9,119.86317243807856
TSP_kg_ha,GLM_Gaussian,88.5,73.63028689382348
TSP_kg_ha,GLM_Gaussian,120.8,122.35299182972761
TSP_kg_ha,GLM_Gaussian,126.1,110.63890145273642
TSP_kg_ha,GLM_Gaussian,92.5,89.94550030649644
TSP_kg_ha,GLM_Gaussian,42.6,34.72659865855253
TSP_kg_ha,GLM_Gaussian,130,141.71705589527937
TSP_kg_ha,GLM_Gaussian,135.4,117.18747405366449
TSP_kg_ha,GLM_Gaussian,133.1,119.73808859828061
TSP_kg_ha,GLM_Gaussian,93.3,98.51429596991196
TSP_kg_ha,GLM_Gaussian,89.2,88.80473684198606
TSP_kg_ha,GLM_Gaussian,87.4,93.0447963547073
TSP_kg_ha,GLM_Gaussian,42.2,49.40464658337941
TSP_kg_ha,GLM_Gaussian,46.7,69.82847295349582
TSP_kg_ha,GLM_Gaussian,132.4,139.4350439853723
TSP_kg_ha,GLM_Gaussian,129.2,113.36599809532521
TSP_kg_ha,GLM_Gaussian,86,95.02954301969477
TSP_kg_ha,GLM_Gaussian,93.3,79.79575950732261
TSP_kg_ha,GLM_Gaussian,139.1,132.98564079207753
TSP_kg_ha,GLM_Gaussian,121,114.75778865654247
TSP_kg_ha,GLM_Gaussian,135.8,127.36033724505582
TSP_kg_ha,GLM_Gaussian,85.7,93.93345958768747
TSP_kg_ha,GLM_Gaussian,131.3,108.97770039131679
TSP_kg_ha,GLM_Gaussian,43.8,58.222922548229775
TSP_kg_ha,GLM_Gaussian,137,123.77607516162946
TSP_kg_ha,GLM_Gaussian,92,102.29038887043593
TSP_kg_ha,GLM_Gaussian,129.8,129.89269397305424
TSP_kg_ha,GLM_Gaussian,138.1,134.41792756426653
TSP_kg_ha,GLM_Gaussian,123.3,133.70781147637547
TSP_kg_ha,GLM_Gaussian,130.3,139.29299639611207
TSP_kg_ha,GLM_Gaussian,138.6,107.28531528192153
TSP_kg_ha,GLM_Gaussian,85.1,104.8804099660513
TSP_kg_ha,GLM_Gaussian,93,81.35926665221734
TSP_kg_ha,GLM_Gaussian,81.9,101.41855403153188
TSP_kg_ha,GLM_Gaussian,80.8,100.70623239499727
TSP_kg_ha,GLM_Gaussian,121.9,125.81381492667366
TSP_kg_ha,GLM_Gaussian,122.9,128.37607715365428
TSP_kg_ha,GLM_Gaussian,43,50.05958669490969
TSP_kg_ha,GLM_Gaussian,140,141.8267144644387
TSP_kg_ha,GLM_Gaussian,124,138.16400593989505
TSP_kg_ha,GLM_Gaussian,81.8,82.70140295824874
TSP_kg_ha,GLM_Gaussian,124.4,119.77699523378894
TSP_kg_ha,GLM_Gaussian,86.3,89.97658495671602
TSP_kg_ha,GLM_Gaussian,93.2,71.40417994029757
TSP_kg_ha,GLM_Gaussian,130.5,141.2820150757015
TSP_kg_ha,GLM_Gaussian,135.7,132.99004926878413
TSP_kg_ha,GLM_Gaussian,82.5,105.54160555159717
TSP_kg_ha,GLM_Gaussian,85.2,83.11218333256777
TSP_kg_ha,GLM_Gaussian,81.3,104.15607728708842
TSP_kg_ha,GLM_Gaussian,90.9,105.40210627736562
TSP_kg_ha,GLM_Gaussian,81.9,102.30329689156554
TSP_kg_ha,GLM_Gaussian,85.9,81.96502835806147
TSP_kg_ha,GLM_Gaussian,45.9,57.757931049840394
TSP_kg_ha,GLM_Gaussian,126.3,126.61289400788789
TSP_kg_ha,GLM_Gaussian,89.1,96.83614593537179
TSP_kg_ha,GLM_Gaussian,128.7,133.784761848196
TSP_kg_ha,GLM_Gaussian,40.4,42.44454157377247
TSP_kg_ha,GLM_Gaussian,139.9,121.00214006540298
TSP_kg_ha,GLM_Gaussian,44,54.60481493474587
TSP_kg_ha,GLM_Gaussian,122.9,123.54496324859132
TSP_kg_ha,GLM_Gaussian,91.4,102.47218638457193
TSP_kg_ha,GLM_Gaussian,92.3,95.47698220238017
TSP_kg_ha,GLM_Gaussian,80.8,78.00691821969754
TSP_kg_ha,GLM_Gaussian,43.2,34.05885493736185
TSP_kg_ha,GLM_Gaussian,84.6,80.43249841634639
TSP_kg_ha,GLM_Gaussian,46.4,51.89811096208093
TSP_kg_ha,GLM_Gaussian,125.8,123.40387399762567
TSP_kg_ha,GLM_Gaussian,83.4,91.71030720689677
TSP_kg_ha,GLM_Gaussian,91.9,100.72352495402723
TSP_kg_ha,GLM_Gaussian,84,76.88352561671648
TSP_kg_ha,GLM_Gaussian,129,135.05192334954143
TSP_kg_ha,GLM_Gaussian,91.5,106.89294709120523
TSP_kg_ha,GLM_Gaussian,86.5,77.12601940950054
TSP_kg_ha,GLM_Gaussian,131.4,114.6718706525562
TSP_kg_ha,GLM_Gaussian,92.9,97.37692979882225
TSP_kg_ha,GLM_Gaussian,88,97.69508182767902
TSP_kg_ha,GLM_Gaussian,45.5,48.23400320661143
TSP_kg_ha,GLM_Gaussian,135.9,132.25398813290596
TSP_kg_ha,GLM_Gaussian,92.8,87.36157782381913
TSP_kg_ha,GLM_Gaussian,89.3,80.31037144281262
TSP_kg_ha,GLM_Gaussian,85.4,90.4808616408791
TSP_kg_ha,GLM_Gaussian,92.5,96.96887729636073
TSP_kg_ha,GLM_Gaussian,42.7,38.42168157124163
TSP_kg_ha,GLM_Gaussian,127.8,112.60216908931773
TSP_kg_ha,GLM_Gaussian,87.9,99.23778500942508
TSP_kg_ha,GLM_Gaussian,131.8,135.93131018842615
TSP_kg_ha,GLM_Gaussian,125.4,132.00645354601613
TSP_kg_ha,GLM_Gaussian,131.2,110.42796002243415
TSP_kg_ha,GLM_Gaussian,121.9,134.5491923300013
TSP_kg_ha,GLM_Gaussian,43.8,63.39436795282552
TSP_kg_ha,GLM_Gaussian,83.1,92.32015371628718
TSP_kg_ha,GLM_Gaussian,124.3,132.31838242129328
TSP_kg_ha,GLM_Gaussian,84.3,93.96811985561826
TSP_kg_ha,GLM_Gaussian,88.6,107.09094970297397
TSP_kg_ha,GLM_Gaussian,134.8,113.71064030215535
TSP_kg_ha,GLM_Gaussian,133.2,118.7812118345223
TSP_kg_ha,GLM_Gaussian,128.5,136.297880358173
TSP_kg_ha,GLM_Gaussian,86.6,74.43787265648476
TSP_kg_ha,GLM_Gaussian,44.6,63.21126918720045
TSP_kg_ha,GLM_Gaussian,124.7,112.43505556434037
TSP_kg_ha,GLM_Gaussian,125.9,120.76013080198636
TSP_kg_ha,GLM_Gaussian,90.5,87.2270031337985
TSP_kg_ha,GLM_Gaussian,91.5,100.8911445135925
TSP_kg_ha,GLM_Gaussian,87.6,103.39103498352057
TSP_kg_ha,GLM_Gaussian,92.7,77.88039601867465
TSP_kg_ha,GLM_Gaussian,136.5,114.9628709218446
TSP_kg_ha,GLM_Gaussian,44.6,36.092943341440446
TSP_kg_ha,GLM_Gaussian,132.1,121.88601956683465
TSP_kg_ha,GLM_Gaussian,89.2,101.1555046975247
TSP_kg_ha,GLM_Gaussian,136.9,111.31340876763228
TSP_kg_ha,GLM_Gaussian,121.9,125.96403304349602
TSP_kg_ha,GLM_Gaussian,92.4,98.88413529461224
TSP_kg_ha,GLM_Gaussian,131,109.9763635711253
TSP_kg_ha,GLM_Gaussian,121.3,118.15506505486387
TSP_kg_ha,GLM_Gaussian,80.7,104.25544714620234
TSP_kg_ha,GLM_Gaussian,122.1,125.50460114374485
TSP_kg_ha,GLM_Gaussian,132,128.2245277946786
TSP_kg_ha,GLM_Gaussian,88.6,102.49758684622307
TSP_kg_ha,GLM_Gaussian,43,65.93039811125405
TSP_kg_ha,GLM_Gaussian,130.3,120.70988075028217
TSP_kg_ha,GLM_Gaussian,83.4,107.77930220040982
TSP_kg_ha,GLM_Gaussian,124.1,129.6182809060629
TSP_kg_ha,GLM_Gaussian,81.9,87.54799188601689
TSP_kg_ha,GLM_Gaussian,90.3,92.40972264751728
TSP_kg_ha,GLM_Gaussian,133.7,119.16583791018594
TSP_kg_ha,GLM_Gaussian,125,137.57897471448902
TSP_kg_ha,GLM_Gaussian,135.4,142.5746858407439
TSP_kg_ha,GLM_Gaussian,138,119.4295413587142
TSP_kg_ha,GLM_Gaussian,131.8,111.640565539136
TSP_kg_ha,GLM_Gaussian,134.1,111.66172050258305
TSP_kg_ha,GLM_Gaussian,81.8,103.74281878584584
TSP_kg_ha,GLM_Gaussian,136.9,127.04490831475465
TSP_kg_ha,GLM_Gaussian,137.3,115.61785366846817
TSP_kg_ha,GLM_Gaussian,135,135.3700031649307
TSP_kg_ha,GLM_Gaussian,90.7,86.43984509178037
TSP_kg_ha,GLM_Gaussian,84.3,87.6702536620471
TSP_kg_ha,GLM_Gaussian,126.6,121.2669152679362
TSP_kg_ha,GLM_Gaussian,40.8,48.81998872720702
TSP_kg_ha,GLM_Gaussian,131.4,128.69281217420726
TSP_kg_ha,GLM_Gaussian,135.2,140.11584878757907
TSP_kg_ha,GLM_Gaussian,126.2,133.05991798959622
TSP_kg_ha,GLM_Gaussian,90.9,104.262879921717
TSP_kg_ha,GLM_Gaussian,93.5,102.47531942293396
TSP_kg_ha,GLM_Gaussian,89.5,108.29024027802039
TSP_kg_ha,GLM_Gaussian,124,114.66369676763594
TSP_kg_ha,GLM_Gaussian,86.1,94.8521242191133
TSP_kg_ha,GLM_Gaussian,43.8,72.68519617181528
TSP_kg_ha,GLM_Gaussian,88.5,79.30876315638909
TSP_kg_ha,GLM_Gaussian,136.5,137.39863568556876
TSP_kg_ha,GLM_Gaussian,139.3,113.4664141224069
TSP_kg_ha,GLM_Gaussian,40.6,36.96385249992213
TSP_kg_ha,GLM_Gaussian,85.2,75.84611322041725
TSP_kg_ha,GLM_Gaussian,135,109.94847223211038
TSP_kg_ha,GLM_Gaussian,44,66.24386422203887
TSP_kg_ha,GLM_Gaussian,139.9,139.6442883726634
TSP_kg_ha,GLM_Gaussian,88.2,93.27280627761041
TSP_kg_ha,GLM_Gaussian,137.9,143.042233681869
TSP_kg_ha,GLM_Gaussian,137.1,133.8638720626886
TSP_kg_ha,GLM_Gaussian,86.9,82.83596572765119
TSP_kg_ha,GLM_Gaussian,134.5,121.81863643239839
TSP_kg_ha,GLM_Gaussian,132.3,114.66711095551867
TSP_kg_ha,GLM_Gaussian,86,94.7983615475749
TSP_kg_ha,GLM_Gaussian,124.2,126.01372073971542
TSP_kg_ha,GLM_Gaussian,130.4,116.00287544133337
TSP_kg_ha,GLM_Gaussian,127.9,136.29224956508997
TSP_kg_ha,GLM_Gaussian,91.5,79.67753973304843
TSP_kg_ha,GLM_Gaussian,88,105.48229985354463
TSP_kg_ha,GLM_Gaussian,124.2,112.357749635587
TSP_kg_ha,GLM_Gaussian,123.5,120.0170139786926
TSP_kg_ha,GLM_Gaussian,135,126.6672103600757
TSP_kg_ha,GLM_Gaussian,129.7,140.43063760910758
TSP_kg_ha,GLM_Gaussian,128.4,144.64009964755417
TSP_kg_ha,GLM_Gaussian,129.6,137.6746198805387
TSP_kg_ha,GLM_Gaussian,92.9,98.11874525581335
TSP_kg_ha,GLM_Gaussian,127.1,110.9415952799884
TSP_kg_ha,GLM_Gaussian,44.9,64.84613267149052
TSP_kg_ha,GLM_Gaussian,82.6,89.21864806868405
TSP_kg_ha,GLM_Gaussian,89.3,90.72544993929928
TSP_kg_ha,GLM_Gaussian,122.8,130.1597212000664
TSP_kg_ha,GLM_Gaussian,134,115.09064819664412
TSP_kg_ha,GLM_Gaussian,92.7,82.90048109040255
TSP_kg_ha,GLM_Gaussian,41.1,62.3272986225402
TSP_kg_ha,GLM_Gaussian,82,81.72862893460027
TSP_kg_ha,GLM_Gaussian,90.8,106.68580099567802
TSP_kg_ha,GLM_Gaussian,84.1,80.04662708151194
TSP_kg_ha,GLM_Gaussian,124.9,115.3765687267823
TSP_kg_ha,GLM_Gaussian,122.8,116.48811345609039
TSP_kg_ha,GLM_Gaussian,125.4,120.90245372105531
TSP_kg_ha,GLM_Gaussian,123.4,127.28824461431721
TSP_kg_ha,GLM_Gaussian,139.3,131.61205293511642
TSP_kg_ha,GLM_Gaussian,92.8,107.18049429116886
TSP_kg_ha,GLM_Gaussian,132.6,138.8648770796331
TSP_kg_ha,GLM_Gaussian,140.1,134.0810923319467
TSP_kg_ha,GLM_Gaussian,124.1,118.44899958376665
TSP_kg_ha,GLM_Gaussian,132.7,141.05158009459066
TSP_kg_ha,GLM_Gaussian,134.8,108.12304157526081
TSP_kg_ha,GLM_Gaussian,127.6,109.63973892456495
TSP_kg_ha,GLM_Gaussian,44.8,69.41505872846457
TSP_kg_ha,GLM_Gaussian,85.2,102.43211088152427
TSP_kg_ha,GLM_Gaussian,91.2,108.7443325077502
TSP_kg_ha,GLM_Gaussian,131.1,135.45704938235713
TSP_kg_ha,GLM_Gaussian,120.9,115.20059831911661
TSP_kg_ha,GLM_Gaussian,93.3,105.49777757714135
TSP_kg_ha,GLM_Gaussian,46.1,53.49822322044668
TSP_kg_ha,GLM_Gaussian,120.7,132.38584177189568
TSP_kg_ha,GLM_Gaussian,81.1,94.88421386444008
TSP_kg_ha,GLM_Gaussian,88.1,104.50646900290893
TSP_kg_ha,GLM_Gaussian,92,96.22324904086436
TSP_kg_ha,GLM_Gaussian,122.9,133.64519537730098
TSP_kg_ha,GLM_Gaussian,132,128.3803556935463
TSP_kg_ha,GLM_Gaussian,44.8,37.77744618921928
TSP_kg_ha,GLM_Gaussian,87.2,92.37582537487177
TSP_kg_ha,GLM_Gaussian,136.6,130.9146057539254
TSP_kg_ha,GLM_Gaussian,139.4,109.66497612447108
TSP_kg_ha,GLM_Gaussian,122.3,118.51984710205807
TSP_kg_ha,GLM_Gaussian,92,75.81896740255912
TSP_kg_ha,GLM_Gaussian,121.4,129.0208673810615
TSP_kg_ha,GLM_Gaussian,92.8,103.9491188292436
TSP_kg_ha,GLM_Gaussian,87.8,104.5936147424986
TSP_kg_ha,GLM_Gaussian,121.7,127.1923233597073
TSP_kg_ha,GLM_Gaussian,42.3,39.13572935039684
TSP_kg_ha,GLM_Gaussian,42,58.91175735054625
TSP_kg_ha,GLM_Gaussian,88,97.77642720572682
TSP_kg_ha,GLM_Gaussian,123.5,110.42523398719119
TSP_kg_ha,GLM_Gaussian,43.1,61.431895461695504
TSP_kg_ha,GLM_Gaussian,122.4,131.77757787398778
TSP_kg_ha,GLM_Gaussian,93.4,106.9957791504799
TSP_kg_ha,GLM_Gaussian,85.8,103.09863314604992
TSP_kg_ha,GLM_Gaussian,88.7,105.04522458919324
TSP_kg_ha,GLM_Gaussian,130.4,119.8554811585085
TSP_kg_ha,GLM_Gaussian,131.2,143.0533139726757
TSP_kg_ha,GLM_Gaussian,86.9,81.58496795189079
TSP_kg_ha,GLM_Gaussian,129.7,124.26181790271447
TSP_kg_ha,GLM_Gaussian,83.7,88.17861066263882
TSP_kg_ha,GLM_Gaussian,85.1,77.45508074665861
TSP_kg_ha,GLM_Gaussian,130.3,115.93625330572972
TSP_kg_ha,GLM_Gaussian,86.3,93.47079950184566
TSP_kg_ha,GLM_Gaussian,122.5,127.58867932592531
TSP_kg_ha,GLM_Gaussian,89.5,98.72486257801384
TSP_kg_ha,GLM_Gaussian,137.3,134.66651597171727
TSP_kg_ha,GLM_Gaussian,83.7,100.55165582552135
TSP_kg_ha,GLM_Gaussian,120.6,116.61321139939827
TSP_kg_ha,GLM_Gaussian,137.5,108.78875771746104
TSP_kg_ha,GLM_Gaussian,86.1,80.3830983904308
TSP_kg_ha,GLM_Gaussian,85.6,96.84465488154446
TSP_kg_ha,GLM_Gaussian,80.7,74.2968562020676
TSP_kg_ha,GLM_Gaussian,83.1,101.4085194486457
TSP_kg_ha,GLM_Gaussian,122.2,135.93668480624402
TSP_kg_ha,GLM_Gaussian,123.3,116.97129957554192
TSP_kg_ha,GLM_Gaussian,80.6,87.35448850454036
TSP_kg_ha,GLM_Gaussian,138.9,141.04699531102915
TSP_kg_ha,GLM_Gaussian,41.6,68.64972781212333
TSP_kg_ha,GLM_Gaussian,88.5,82.05895674828423
TSP_kg_ha,GLM_Gaussian,92.6,87.25022635687264
TSP_kg_ha,GLM_Gaussian,121.1,117.8294259959232
TSP_kg_ha,GLM_Gaussian,87.1,108.04265709138562
TSP_kg_ha,GLM_Gaussian,124.6,139.15391179513878
TSP_kg_ha,GLM_Gaussian,120.7,119.78352569274689
TSP_kg_ha,GLM_Gaussian,89.3,71.22680244268261
TSP_kg_ha,GLM_Gaussian,82,75.78945751599115
TSP_kg_ha,GLM_Gaussian,138.2,119.87161628214669
TSP_kg_ha,GLM_Gaussian,124.3,115.21107342076684
TSP_kg_ha,GLM_Gaussian,127.3,135.11144761647054
TSP_kg_ha,GLM_Gaussian,86.6,98.76954414846983
TSP_kg_ha,GLM_Gaussian,124.8,116.79737715125725
TSP_kg_ha,GLM_Gaussian,81,72.37888118821839
TSP_kg_ha,GLM_Gaussian,128.1,131.15924300106502
TSP_kg_ha,GLM_Gaussian,131.5,111.20142616763772
TSP_kg_ha,GLM_Gaussian,82.2,83.11667440019674
TSP_kg_ha,GLM_Gaussian,129.5,129.26306291616626
TSP_kg_ha,GLM_Gaussian,138.3,138.1690058698825
TSP_kg_ha,GLM_Gaussian,134.6,125.87246382943393
TSP_kg_ha,GLM_Gaussian,138.3,127.79254776550248
TSP_kg_ha,GLM_Gaussian,93.5,108.53321928535648
TSP_kg_ha,GLM_Gaussian,89.8,94.94754393268828
TSP_kg_ha,GLM_Gaussian,90.4,94.51439462419582
TSP_kg_ha,GLM_Gaussian,85.1,74.90592981252244
TSP_kg_ha,GLM_Gaussian,135.4,140.18561188039752
TSP_kg_ha,GLM_Gaussian,131.6,121.0099863400901
TSP_kg_ha,GLM_Gaussian,137.4,112.4211551040328
TSP_kg_ha,GLM_Gaussian,81.3,82.63515795344851
TSP_kg_ha,GLM_Gaussian,132.6,109.01861784297996
TSP_kg_ha,GLM_Gaussian,126.9,119.61571128413388
TSP_kg_ha,GLM_Gaussian,46.2,60.47775273019777
TSP_kg_ha,GLM_Gaussian,135.3,138.11784136902796
TSP_kg_ha,GLM_Gaussian,135.6,134.29149521457444
TSP_kg_ha,GLM_Gaussian,129.4,138.72301918758987
TSP_kg_ha,GLM_Gaussian,138.6,141.7983628920261
TSP_kg_ha,GLM_Gaussian,87.8,76.27989907597492
TSP_kg_ha,GLM_Gaussian,85.9,104.09295060596874
TSP_kg_ha,GLM_Gaussian,135.7,115.41612924850875
TSP_kg_ha,GLM_Gaussian,88.8,88.24234455985385
TSP_kg_ha,GLM_Gaussian,136.8,121.83321444282177
TSP_kg_ha,GLM_Gaussian,127.1,131.82469926504703
TSP_kg_ha,GLM_Gaussian,45.7,35.71351437816973
TSP_kg_ha,GLM_Gaussian,134.7,139.25964313383895
TSP_kg_ha,GLM_Gaussian,138.1,134.0416119101877
TSP_kg_ha,GLM_Gaussian,136.8,136.5362816835625
TSP_kg_ha,GLM_Gaussian,93.2,76.43956963992326
TSP_kg_ha,GLM_Gaussian,92.8,81.48773757416966
TSP_kg_ha,GLM_Gaussian,81.6,100.00736617887256
TSP_kg_ha,GLM_Gaussian,124.4,112.6605732923413
TSP_kg_ha,GLM_Gaussian,124.5,109.59718760440937
TSP_kg_ha,GLM_Gaussian,91.2,81.5060804929294
TSP_kg_ha,GLM_Gaussian,93,80.66822073794333
TSP_kg_ha,GLM_Gaussian,81,100.1184934875457
TSP_kg_ha,GLM_Gaussian,87.5,104.12222408559616
TSP_kg_ha,GLM_Gaussian,137.6,141.45155649456635
TSP_kg_ha,GLM_Gaussian,88.4,87.11475436445063
TSP_kg_ha,GLM_Gaussian,140.1,140.46792345638988
TSP_kg_ha,GLM_Gaussian,130.6,122.49049054551864
TSP_kg_ha,GLM_Gaussian,131.1,139.97909344225965
TSP_kg_ha,GLM_Gaussian,130.3,122.86558727144515
TSP_kg_ha,GLM_Gaussian,127.8,126.49313970749259
TSP_kg_ha,GLM_Gaussian,86.3,108.42752860727259
TSP_kg_ha,GLM_Gaussian,86.4,88.45355137446084
TSP_kg_ha,GLM_Gaussian,130.7,131.3881654816566
TSP_kg_ha,GLM_Gaussian,83,99.89803695744014
TSP_kg_ha,GLM_Gaussian,135.7,133.24788834746215
TSP_kg_ha,GLM_Gaussian,137.9,123.31539953455726
TSP_kg_ha,GLM_Gaussian,82.3,101.99895099662903
TSP_kg_ha,GLM_Gaussian,127.3,110.50348668838772
TSP_kg_ha,GLM_Gaussian,139.6,123.85208232806934
TSP_kg_ha,GLM_Gaussian,124.1,128.67421268422996
TSP_kg_ha,GLM_Gaussian,41.8,65.42506951924348
TSP_kg_ha,GLM_Gaussian,92.1,87.15114895879489
TSP_kg_ha,GLM_Gaussian,85.5,76.50574969253722
TSP_kg_ha,GLM_Gaussian,127.6,131.1341724843606
TSP_kg_ha,GLM_Gaussian,125.9,122.39951245214534
TSP_kg_ha,GLM_Gaussian,133.6,111.45438662342423
TSP_kg_ha,GLM_Gaussian,44.7,45.50497096855841
TSP_kg_ha,GLM_Gaussian,90.1,75.31088534973993
TSP_kg_ha,GLM_Gaussian,40.9,58.757826146237356
TSP_kg_ha,GLM_Gaussian,137.9,127.84305118051358
TSP_kg_ha,GLM_Gaussian,137.8,134.90694183743807
TSP_kg_ha,GLM_Gaussian,130.3,109.78504251086048
TSP_kg_ha,GLM_Gaussian,135.2,131.90476286277067
TSP_kg_ha,GLM_Gaussian,127.2,131.0491250662185
TSP_kg_ha,GLM_Gaussian,82,81.60460433628154
TSP_kg_ha,GLM_Gaussian,91.5,79.12617555267276
TSP_kg_ha,GLM_Gaussian,81.4,92.87214491173108
TSP_kg_ha,GLM_Gaussian,86.1,82.43083669698677
TSP_kg_ha,GLM_Gaussian,121.8,124.72282000908592
TSP_kg_ha,GLM_Gaussian,81.5,86.65349654710506
TSP_kg_ha,GLM_Gaussian,121,123.08933091611435
TSP_kg_ha,GLM_Gaussian,127.9,126.43744182968105
TSP_kg_ha,GLM_Gaussian,135.2,112.40174242704568
TSP_kg_ha,GLM_Gaussian,136.5,138.86553714402464
TSP_kg_ha,GLM_Gaussian,136.9,135.65393545768148
TSP_kg_ha,GLM_Gaussian,91.7,91.66610192549294
TSP_kg_ha,GLM_Gaussian,80.5,80.2538506173649
TSP_kg_ha,GLM_Gaussian,89.3,75.5134358805295
TSP_kg_ha,GLM_Gaussian,132.3,142.65952301378323
TSP_kg_ha,GLM_Gaussian,134.1,106.70380054341354
TSP_kg_ha,GLM_Gaussian,84.9,97.29993856472007
TSP_kg_ha,GLM_Gaussian,129.7,127.3093782981315
TSP_kg_ha,GLM_Gaussian,42.9,64.17897733125105
TSP_kg_ha,GLM_Gaussian,92.4,77.18121012055721
TSP_kg_ha,GLM_Gaussian,130.4,117.42106983530587
TSP_kg_ha,GLM_Gaussian,128,131.0228353460591
TSP_kg_ha,GLM_Gaussian,134.5,122.72004570061634
TSP_kg_ha,GLM_Gaussian,139.5,130.71657285176656
TSP_kg_ha,GLM_Gaussian,133.3,129.6954418449034
TSP_kg_ha,GLM_Gaussian,126.8,107.88881604338891
TSP_kg_ha,GLM_Gaussian,87.2,102.12943678090707
TSP_kg_ha,GLM_Gaussian,127,138.08374569312733
TSP_kg_ha,GLM_Gaussian,132.8,117.96330628625275
TSP_kg_ha,GLM_Gaussian,135.3,136.66211034086686
TSP_kg_ha,GLM_Gaussian,88.3,95.35017633298465
TSP_kg_ha,GLM_Gaussian,125.5,138.26679372657924
TSP_kg_ha,GLM_Gaussian,127.6,121.54031428839042
TSP_kg_ha,GLM_Gaussian,130.6,126.76561042131821
TSP_kg_ha,GLM_Gaussian,136.2,109.99932114393074
TSP_kg_ha,GLM_Gaussian,90,105.88077340992615
TSP_kg_ha,GLM_Gaussian,131.3,111.810164837243
TSP_kg_ha,GLM_Gaussian,129.1,118.09889129276756
TSP_kg_ha,GLM_Gaussian,130.3,121.66219975394309
TSP_kg_ha,GLM_Gaussian,89.5,97.170765839705
TSP_kg_ha,GLM_Gaussian,134.5,109.26588134135947
TSP_kg_ha,GLM_Gaussian,135.4,110.45744576061385
TSP_kg_ha,GLM_Gaussian,83.6,85.91330239773463
TSP_kg_ha,GLM_Gaussian,127.6,130.3682711525035
TSP_kg_ha,GLM_Gaussian,126.1,129.2301653229337
TSP_kg_ha,GLM_Gaussian,92.9,93.07074443882631
TSP_kg_ha,GLM_Gaussian,88.4,96.23729890897968
TSP_kg_ha,GLM_Gaussian,82.6,85.93509925226799
TSP_kg_ha,GLM_Gaussian,135.6,123.71014608872656
TSP_kg_ha,GLM_Gaussian,91.8,104.43824778960845
TSP_kg_ha,GLM_Gaussian,80.7,69.8474003262093
TSP_kg_ha,GLM_Gaussian,137.2,107.4745473610171
TSP_kg_ha,GLM_Gaussian,125.2,143.21083376412824
TSP_kg_ha,GLM_Gaussian,131.9,125.21480746044227
TSP_kg_ha,GLM_Gaussian,130.3,124.46113759793892
TSP_kg_ha,GLM_Gaussian,126.6,120.3770985655226
TSP_kg_ha,GLM_Gaussian,129.3,113.72122387661334
MOP_kg_ha,MLR,34.5,38.103350720486105
MOP_kg_ha,MLR,97.3,88.5349263151426
MOP_kg_ha,MLR,32.4,41.84401508004099
MOP_kg_ha,MLR,65.6,56.046176361133895
MOP_kg_ha,MLR,95.8,91.08392695876306
MOP_kg_ha,MLR,62.8,53.936089312618876
MOP_kg_ha,MLR,31.8,49.468416232819706
MOP_kg_ha,MLR,34.6,44.62287293625929
MOP_kg_ha,MLR,104.1,88.15808614449423
MOP_kg_ha,MLR,65.9,67.38428299843217
MOP_kg_ha,MLR,69.7,72.27399628982414
MOP_kg_ha,MLR,69.7,53.35786428061607
MOP_kg_ha,MLR,32.8,39.28902596315562
MOP_kg_ha,MLR,70.8,83.3009749078324
MOP_kg_ha,MLR,64.8,54.41489166690707
MOP_kg_ha,MLR,68.7,77.89877971573642
MOP_kg_ha,MLR,67.6,55.02710887457693
MOP_kg_ha,MLR,63.6,61.065383549391214
MOP_kg_ha,MLR,96.8,95.60340138194795
MOP_kg_ha,MLR,64.8,81.4003156516681
MOP_kg_ha,MLR,101.5,97.11043247134542
MOP_kg_ha,MLR,32,42.508499124649816
MOP_kg_ha,MLR,67.8,63.12464664574898
MOP_kg_ha,MLR,32,42.46977433798283
MOP_kg_ha,MLR,99.3,86.61530791356026
MOP_kg_ha,MLR,71,60.103773963022384
MOP_kg_ha,MLR,62.8,60.835128207111175
MOP_kg_ha,MLR,63.6,53.50968093212495
MOP_kg_ha,MLR,62.2,55.51650992655025
MOP_kg_ha,MLR,69.2,66.04802961614236
MOP_kg_ha,MLR,35.7,42.68466768552933
MOP_kg_ha,MLR,105.4,89.3018119424494
MOP_kg_ha,MLR,64,52.194315248434656
MOP_kg_ha,MLR,35.2,33.526338936974824
MOP_kg_ha,MLR,64.6,82.13519422277585
MOP_kg_ha,MLR,35.5,45.54109909205838
MOP_kg_ha,MLR,66.8,81.4954145485957
MOP_kg_ha,MLR,62.3,51.57323467120657
MOP_kg_ha,MLR,94.2,88.0649546543456
MOP_kg_ha,MLR,32.8,41.242569814968995
MOP_kg_ha,MLR,69.6,53.28401327554121
MOP_kg_ha,MLR,31.9,48.145377855304226
MOP_kg_ha,MLR,70,80.47892709406233
MOP_kg_ha,MLR,66.9,55.865208595326
MOP_kg_ha,MLR,94.9,84.87286522876056
MOP_kg_ha,MLR,33.8,42.54293289520699
MOP_kg_ha,MLR,63.9,59.19647936424279
MOP_kg_ha,MLR,64.9,63.01560299430413
MOP_kg_ha,MLR,61.7,76.13809288611517
MOP_kg_ha,MLR,68.7,63.36943917035552
MOP_kg_ha,MLR,31.4,46.002104167307046
MOP_kg_ha,MLR,104,88.55481821192028
MOP_kg_ha,MLR,66.1,76.61386340895571
MOP_kg_ha,MLR,64.5,82.08380682485436
MOP_kg_ha,MLR,32.6,36.5542916634603
MOP_kg_ha,MLR,96.3,96.07721734562152
MOP_kg_ha,MLR,71.6,76.44074700055167
MOP_kg_ha,MLR,33,48.47504589128434
MOP_kg_ha,MLR,64.8,78.15580826632994
MOP_kg_ha,MLR,34.9,31.90715846780308
MOP_kg_ha,MLR,32.3,44.46889594560022
MOP_kg_ha,MLR,70.3,53.81944788738464
MOP_kg_ha,MLR,66.1,67.51941288860665
MOP_kg_ha,MLR,65.9,59.24467841109594
MOP_kg_ha,MLR,33.9,46.65244484827704
MOP_kg_ha,MLR,65.9,80.75379271802845
MOP_kg_ha,MLR,68.8,76.56246004312234
MOP_kg_ha,MLR,95.9,93.5868974579672
MOP_kg_ha,MLR,93.9,96.48144168978024
MOP_kg_ha,MLR,101.8,95.28723525984742
MOP_kg_ha,MLR,66.5,56.23610512454682
MOP_kg_ha,MLR,62.9,68.1943140786483
MOP_kg_ha,MLR,33.8,20.109578567829907
MOP_kg_ha,MLR,65.1,53.015046403511604
MOP_kg_ha,MLR,65.1,55.06808223214612
MOP_kg_ha,MLR,33.7,50.39642286812035
MOP_kg_ha,MLR,33.2,27.17901955906718
MOP_kg_ha,MLR,67.3,52.25767596645645
MOP_kg_ha,MLR,104.1,96.18809588013947
MOP_kg_ha,MLR,62.2,66.9695598870767
MOP_kg_ha,MLR,68.5,79.9770202125359
MOP_kg_ha,MLR,32.4,47.632841302177376
MOP_kg_ha,MLR,69.5,75.9458341951461
MOP_kg_ha,MLR,34.9,42.290028988423934
MOP_kg_ha,MLR,65.2,79.35525830978877
MOP_kg_ha,MLR,102.7,97.78458120588475
MOP_kg_ha,MLR,33.3,11.109962188945685
MOP_kg_ha,MLR,63.2,66.79883651921278
MOP_kg_ha,MLR,65.7,61.421145740281844
MOP_kg_ha,MLR,31.4,40.04492496974505
MOP_kg_ha,MLR,32.3,35.974837288275936
MOP_kg_ha,MLR,62,57.986112930249355
MOP_kg_ha,MLR,71,65.44422744737818
MOP_kg_ha,MLR,102.8,84.7542453404713
MOP_kg_ha,MLR,65.6,53.97668644030705
MOP_kg_ha,MLR,94.3,92.30173017324039
MOP_kg_ha,MLR,70.1,53.15971118910494
MOP_kg_ha,MLR,33.9,36.93271030322688
MOP_kg_ha,MLR,102.2,95.00282599532792
MOP_kg_ha,MLR,95.6,86.0065304089863
MOP_kg_ha,MLR,63.1,75.06732648385612
MOP_kg_ha,MLR,67.1,71.17908168972342
MOP_kg_ha,MLR,32.8,39.45442343135962
MOP_kg_ha,MLR,65.4,76.89855545686427
MOP_kg_ha,MLR,98.5,95.0769093637545
MOP_kg_ha,MLR,32.4,46.579991029876076
MOP_kg_ha,MLR,107.2,98.6728447856088
MOP_kg_ha,MLR,34.3,26.254507818926676
MOP_kg_ha,MLR,32.7,48.8060512894927
MOP_kg_ha,MLR,64.5,67.98029693922098
MOP_kg_ha,MLR,32.4,43.81975346307446
MOP_kg_ha,MLR,35.3,42.98071997578757
MOP_kg_ha,MLR,33.4,44.07767629355558
MOP_kg_ha,MLR,69.7,62.54199769899571
MOP_kg_ha,MLR,66.4,76.91318524819621
MOP_kg_ha,MLR,35,41.83734852049245
MOP_kg_ha,MLR,32.5,45.20318799679707
MOP_kg_ha,MLR,66.2,51.561446440068664
MOP_kg_ha,MLR,31.9,25.286188289903706
MOP_kg_ha,MLR,35.7,37.20100165117675
MOP_kg_ha,MLR,32.8,37.0903781141058
MOP_kg_ha,MLR,100.9,85.11323595607004
MOP_kg_ha,MLR,102.1,95.93892985498786
MOP_kg_ha,MLR,70.1,55.44035805413927
MOP_kg_ha,MLR,66.2,61.07371349438309
MOP_kg_ha,MLR,70.6,82.79108660859087
MOP_kg_ha,MLR,93.4,93.88596666939591
MOP_kg_ha,MLR,105.6,84.90857267837605
MOP_kg_ha,MLR,104.2,82.55987561660012
MOP_kg_ha,MLR,71,56.080073551916904
MOP_kg_ha,MLR,67.1,70.41966568665788
MOP_kg_ha,MLR,33.4,23.288248751681273
MOP_kg_ha,MLR,32.3,33.30294918310592
MOP_kg_ha,MLR,67,80.44728618969324
MOP_kg_ha,MLR,65.5,73.0577012562129
MOP_kg_ha,MLR,66.4,68.09916731420276
MOP_kg_ha,MLR,66,57.29642036441361
MOP_kg_ha,MLR,70.5,71.23889458152092
MOP_kg_ha,MLR,64.1,55.29181601513256
MOP_kg_ha,MLR,104.7,86.85238492362397
MOP_kg_ha,MLR,70,70.24341293183925
MOP_kg_ha,MLR,71.1,72.36106399753122
MOP_kg_ha,MLR,107.4,90.33920108830391
MOP_kg_ha,MLR,34.2,35.976067311064774
MOP_kg_ha,MLR,93.6,83.77097232274667
MOP_kg_ha,MLR,69.7,68.96171223200973
MOP_kg_ha,MLR,31.3,44.0431379356767
MOP_kg_ha,MLR,32.9,39.202083290835205
MOP_kg_ha,MLR,104.3,88.90540667494425
MOP_kg_ha,MLR,33.9,24.813940102669783
MOP_kg_ha,MLR,102.8,85.84029123495431
MOP_kg_ha,MLR,35,46.286937898760286
MOP_kg_ha,MLR,33.7,36.440948728129
MOP_kg_ha,MLR,35.6,49.17373836844783
MOP_kg_ha,MLR,30.9,27.063547822929923
MOP_kg_ha,MLR,31.9,27.935969624283754
MOP_kg_ha,MLR,66.4,70.14507091100586
MOP_kg_ha,MLR,97.8,86.73259741610362
MOP_kg_ha,MLR,31.5,39.69276195922426
MOP_kg_ha,MLR,66.1,75.96940580364344
MOP_kg_ha,MLR,31.8,35.81467506277069
MOP_kg_ha,MLR,99.5,87.39237368156597
MOP_kg_ha,MLR,66.9,65.81725088949668
MOP_kg_ha,MLR,69.5,60.632569386921105
MOP_kg_ha,MLR,96.6,85.21320141410594
MOP_kg_ha,MLR,34.2,24.681449075804807
MOP_kg_ha,MLR,93.5,83.55961594015777
MOP_kg_ha,MLR,63.1,75.14258566933819
MOP_kg_ha,MLR,70.4,52.50865701002874
MOP_kg_ha,MLR,64.7,72.48208857506182
MOP_kg_ha,MLR,106.5,93.54585721898361
MOP_kg_ha,MLR,61.9,55.566827793828985
MOP_kg_ha,MLR,62.6,82.25527008939235
MOP_kg_ha,MLR,101.7,89.24384153293043
MOP_kg_ha,MLR,71.5,73.41484694044601
MOP_kg_ha,MLR,64.7,61.64243355057703
MOP_kg_ha,MLR,63,69.0670498918228
MOP_kg_ha,MLR,31.4,22.1925302362773
MOP_kg_ha,MLR,34,25.717478074115498
MOP_kg_ha,MLR,31.3,39.18704034789058
MOP_kg_ha,MLR,34.8,44.29334737658647
MOP_kg_ha,MLR,65.6,72.90112895199728
MOP_kg_ha,MLR,95,89.18090167590418
MOP_kg_ha,MLR,64.2,53.003290993455714
MOP_kg_ha,MLR,64.4,78.20638785177448
MOP_kg_ha,MLR,31.4,24.669651198425253
MOP_kg_ha,MLR,65.4,62.31592684835693
MOP_kg_ha,MLR,71,53.22160726793228
MOP_kg_ha,MLR,62.6,70.12730623746995
MOP_kg_ha,MLR,35.7,44.878598719385025
MOP_kg_ha,MLR,64.5,83.84667700139826
MOP_kg_ha,MLR,31.4,44.07221750497203
MOP_kg_ha,MLR,34.6,41.973114112565746
MOP_kg_ha,MLR,35.6,47.00501680039591
MOP_kg_ha,MLR,98.6,84.78169702521306
MOP_kg_ha,MLR,61.9,56.37696938379191
MOP_kg_ha,MLR,63.6,55.18278869734709
MOP_kg_ha,MLR,71.7,78.06049206025442
MOP_kg_ha,MLR,67.3,68.93042642650519
MOP_kg_ha,MLR,32.3,48.226461291977145
MOP_kg_ha,MLR,31.9,31.126735768149757
MOP_kg_ha,MLR,33.4,45.17617325074053
MOP_kg_ha,MLR,70.2,60.49382678888852
MOP_kg_ha,MLR,69,55.77054873322152
MOP_kg_ha,MLR,70.7,59.36322188865973
MOP_kg_ha,MLR,100.6,84.72556601860046
MOP_kg_ha,MLR,65.8,56.15509358707518
MOP_kg_ha,MLR,33.3,42.15947755997679
MOP_kg_ha,MLR,105.5,85.7743943116867
MOP_kg_ha,MLR,31,44.958600991008225
MOP_kg_ha,MLR,69.4,51.002024219053354
MOP_kg_ha,MLR,32.1,41.088775196867154
MOP_kg_ha,MLR,68.9,52.7759863541235
MOP_kg_ha,MLR,62.8,73.96210078673309
MOP_kg_ha,MLR,69,81.8351147117658
MOP_kg_ha,MLR,34.3,41.74807207152754
MOP_kg_ha,MLR,70.5,79.87612399095407
MOP_kg_ha,MLR,68.6,51.131663524690815
MOP_kg_ha,MLR,63.1,72.20124223144254
MOP_kg_ha,MLR,62.5,67.30805531520613
MOP_kg_ha,MLR,32.8,37.81284681020481
MOP_kg_ha,MLR,62.9,61.44299864405255
MOP_kg_ha,MLR,97.8,98.88711058282178
MOP_kg_ha,MLR,35.1,44.758821547644004
MOP_kg_ha,MLR,34.5,47.15881285083021
MOP_kg_ha,MLR,33.8,35.45909312151516
MOP_kg_ha,MLR,30.9,28.51749197178517
MOP_kg_ha,MLR,66,79.39404613206885
MOP_kg_ha,MLR,34,38.854295729119464
MOP_kg_ha,MLR,67.8,76.52260756680874
MOP_kg_ha,MLR,70.1,52.56497259189299
MOP_kg_ha,MLR,66.6,81.40278716829188
MOP_kg_ha,MLR,101.1,95.09601820995924
MOP_kg_ha,MLR,63.3,59.67062540538105
MOP_kg_ha,MLR,32,36.00089479804423
MOP_kg_ha,MLR,34,43.64855055684712
MOP_kg_ha,MLR,30.9,11.617943933611558
MOP_kg_ha,MLR,35.6,50.029586948992204
MOP_kg_ha,MLR,31.6,36.283475203502285
MOP_kg_ha,MLR,71.1,79.5072338697599
MOP_kg_ha,MLR,63.8,70.11725859192829
MOP_kg_ha,MLR,33.2,46.928116967570446
MOP_kg_ha,MLR,62.5,69.03593697688417
MOP_kg_ha,MLR,62.3,55.816958190133455
MOP_kg_ha,MLR,35.6,34.75071087834674
MOP_kg_ha,MLR,35.4,35.362298359312284
MOP_kg_ha,MLR,34.7,15.963795789497569
MOP_kg_ha,MLR,65.7,59.15134400797112
MOP_kg_ha,MLR,34,41.33617844757855
MOP_kg_ha,MLR,106.1,88.61808769777305
MOP_kg_ha,MLR,33.2,31.370182643950965
MOP_kg_ha,MLR,68.3,75.60459483524421
MOP_kg_ha,MLR,62,55.49032331425813
MOP_kg_ha,MLR,67.2,52.180443617369086
MOP_kg_ha,MLR,100.9,86.35901790030992
MOP_kg_ha,MLR,71.3,66.78046798373862
MOP_kg_ha,MLR,33.8,47.20638001053034
MOP_kg_ha,MLR,65.7,75.96719837294368
MOP_kg_ha,MLR,66.2,59.639924214503544
MOP_kg_ha,MLR,107.3,88.11080561131217
MOP_kg_ha,MLR,71.7,77.78201575665766
MOP_kg_ha,MLR,35.5,47.67306036855421
MOP_kg_ha,MLR,33.8,39.279788216348805
MOP_kg_ha,MLR,66.4,60.29862530674018
MOP_kg_ha,MLR,31.9,39.97862148472223
MOP_kg_ha,MLR,62,62.277149255086016
MOP_kg_ha,MLR,35.8,46.483330958136214
MOP_kg_ha,MLR,32.3,47.763367206670964
MOP_kg_ha,MLR,32,44.620395688456874
MOP_kg_ha,MLR,97.3,88.69498177015704
MOP_kg_ha,MLR,35.8,39.99256614141881
MOP_kg_ha,MLR,105.3,92.53703239046379
MOP_kg_ha,MLR,67.8,51.019753957191526
MOP_kg_ha,MLR,34.5,27.091503812782037
MOP_kg_ha,MLR,66.8,63.22703702824261
MOP_kg_ha,MLR,33.8,35.93025475341013
MOP_kg_ha,MLR,62.7,64.84546277631792
MOP_kg_ha,MLR,34.8,24.10020197163148
MOP_kg_ha,MLR,67.4,55.40205198113195
MOP_kg_ha,MLR,68.7,54.853362882241306
MOP_kg_ha,MLR,71.2,64.91678082983329
MOP_kg_ha,MLR,62.6,66.80254550214235
MOP_kg_ha,MLR,97.3,94.49621562253496
MOP_kg_ha,MLR,34.3,28.33173902037892
MOP_kg_ha,MLR,35.4,46.52119063434879
MOP_kg_ha,MLR,69.8,61.80763844285417
MOP_kg_ha,MLR,70.7,76.0690417737881
MOP_kg_ha,MLR,34.2,38.079661023085606
MOP_kg_ha,MLR,69.4,76.21616976936002
MOP_kg_ha,MLR,68.6,73.04304804063507
MOP_kg_ha,MLR,33.9,49.4849520871376
MOP_kg_ha,MLR,35.1,44.33906473034534
MOP_kg_ha,MLR,35.3,32.09584649410791
MOP_kg_ha,MLR,62.4,74.005521325599
MOP_kg_ha,MLR,33.1,38.23366874379958
MOP_kg_ha,MLR,33.8,47.23844862734333
MOP_kg_ha,MLR,107.3,85.24624733654267
MOP_kg_ha,MLR,68.1,72.1205878077508
MOP_kg_ha,MLR,63.7,70.91756857241013
MOP_kg_ha,MLR,68.7,78.62156905078143
MOP_kg_ha,MLR,32.9,39.68567236522441
MOP_kg_ha,MLR,34.2,34.774001552368766
MOP_kg_ha,MLR,103.6,86.63338023950027
MOP_kg_ha,MLR,33.4,41.064581005436224
MOP_kg_ha,MLR,65.5,82.29795077072905
MOP_kg_ha,MLR,35.3,21.041531487233705
MOP_kg_ha,MLR,62.5,80.25951310831715
MOP_kg_ha,MLR,70.9,71.17054465995578
MOP_kg_ha,MLR,33.1,27.683857983207833
MOP_kg_ha,MLR,105.4,90.23276006179849
MOP_kg_ha,MLR,67.9,53.69867951552444
MOP_kg_ha,MLR,99.2,97.24397269173014
MOP_kg_ha,MLR,33.4,44.351327565339325
MOP_kg_ha,MLR,32.9,18.02061390144077
MOP_kg_ha,MLR,32.9,16.5950626973404
MOP_kg_ha,MLR,33.8,14.913098461788076
MOP_kg_ha,MLR,34.9,45.98721553642172
MOP_kg_ha,MLR,65.4,51.727304578072875
MOP_kg_ha,MLR,64.9,61.37492557960436
MOP_kg_ha,MLR,35.6,39.84398756132283
MOP_kg_ha,MLR,35,26.098429927785045
MOP_kg_ha,MLR,62.6,71.61159392262316
MOP_kg_ha,MLR,68.9,78.44497158408122
MOP_kg_ha,MLR,63.3,63.119657294087695
MOP_kg_ha,MLR,63,76.73118327938634
MOP_kg_ha,MLR,34.7,35.90936086454552
MOP_kg_ha,MLR,62.2,78.99489849222428
MOP_kg_ha,MLR,65.4,72.12448861611722
MOP_kg_ha,MLR,63.5,55.380840050606274
MOP_kg_ha,MLR,33.9,23.018333454411298
MOP_kg_ha,MLR,33.7,47.34736030603985
MOP_kg_ha,MLR,34.5,20.752514787195285
MOP_kg_ha,MLR,32.6,45.86369593124056
MOP_kg_ha,MLR,63.5,65.7330752584918
MOP_kg_ha,MLR,70.8,53.575279823421084
MOP_kg_ha,MLR,69.9,70.74900898880429
MOP_kg_ha,MLR,35.1,41.33554532981299
MOP_kg_ha,MLR,32.7,45.05083599738174
MOP_kg_ha,MLR,66,59.24400163741596
MOP_kg_ha,MLR,71,58.59740793563897
MOP_kg_ha,MLR,31.6,25.93545441506542
MOP_kg_ha,MLR,68,66.09333523243303
MOP_kg_ha,MLR,68.9,68.47911992381216
MOP_kg_ha,MLR,68.1,59.07774682741323
MOP_kg_ha,MLR,101.7,84.62361353857838
MOP_kg_ha,MLR,34.9,45.043132598419035
MOP_kg_ha,MLR,70.5,57.668768295193104
MOP_kg_ha,MLR,30.9,45.20534271576927
MOP_kg_ha,MLR,66.1,64.04142722233335
MOP_kg_ha,MLR,64.5,52.1625670001331
MOP_kg_ha,MLR,99.1,96.33282699418665
MOP_kg_ha,MLR,33.7,47.59143364636224
MOP_kg_ha,MLR,33.8,52.2078923449272
MOP_kg_ha,MLR,62.6,66.60911131637565
MOP_kg_ha,MLR,31.1,17.21992798948562
MOP_kg_ha,MLR,33.1,49.711413834582544
MOP_kg_ha,MLR,61.8,69.79936001770677
MOP_kg_ha,MLR,61.8,73.65363157275445
MOP_kg_ha,MLR,33.3,13.672227116323153
MOP_kg_ha,MLR,70.6,56.533683270964815
MOP_kg_ha,MLR,62.2,64.2015119017123
MOP_kg_ha,MLR,62.5,61.412615655365535
MOP_kg_ha,MLR,35.8,41.350075014304856
MOP_kg_ha,MLR,66.9,78.2539970376863
MOP_kg_ha,MLR,67.8,57.769701910014085
MOP_kg_ha,MLR,32.2,48.40921564157866
MOP_kg_ha,MLR,62.2,69.66017644640668
MOP_kg_ha,MLR,103.4,94.32197109894467
MOP_kg_ha,MLR,70.5,61.01782701597587
MOP_kg_ha,MLR,35.3,32.75207706127605
MOP_kg_ha,MLR,69.2,60.24481795007665
MOP_kg_ha,MLR,32.2,50.31323443484477
MOP_kg_ha,MLR,35.1,43.20975904846363
MOP_kg_ha,MLR,70.4,70.13013005882947
MOP_kg_ha,MLR,101.5,90.7129114336454
MOP_kg_ha,MLR,66.2,65.93227647479819
MOP_kg_ha,MLR,31.7,41.72605601375772
MOP_kg_ha,MLR,65,53.977897651085684
MOP_kg_ha,MLR,33,49.118081041942006
MOP_kg_ha,MLR,33.6,29.074907202095282
MOP_kg_ha,MLR,62.1,65.0991964096152
MOP_kg_ha,MLR,93.8,91.32583127670898
MOP_kg_ha,MLR,33,35.587439630756506
MOP_kg_ha,MLR,100.6,86.07905863544774
MOP_kg_ha,MLR,68.7,65.19552553173153
MOP_kg_ha,MLR,66.9,59.67878243062031
MOP_kg_ha,MLR,32,34.22804972802012
MOP_kg_ha,MLR,66.7,80.92177394976333
MOP_kg_ha,MLR,34.9,37.900254594604846
MOP_kg_ha,MLR,103.2,83.68244026738773
MOP_kg_ha,MLR,62.4,59.698047893311696
MOP_kg_ha,MLR,63,74.44429432301436
MOP_kg_ha,MLR,71.5,70.23872431280826
MOP_kg_ha,MLR,96.7,85.38936315806515
MOP_kg_ha,MLR,104.3,86.3989290658778
MOP_kg_ha,MLR,71,73.27098335958833
MOP_kg_ha,MLR,67.3,62.171552057476795
MOP_kg_ha,MLR,64.2,60.06759347325255
MOP_kg_ha,MLR,64.1,81.29264802386398
MOP_kg_ha,MLR,65.6,77.06413212467733
MOP_kg_ha,MLR,69.1,58.616098643865286
MOP_kg_ha,MLR,70.4,70.53930648650993
MOP_kg_ha,MLR,68.4,72.26596791348051
MOP_kg_ha,MLR,65.9,59.788812085905334
MOP_kg_ha,MLR,107.3,86.83180125115118
MOP_kg_ha,MLR,34.3,26.794895372117164
MOP_kg_ha,MLR,61.8,64.48733260856986
MOP_kg_ha,MLR,35.1,45.990412697129855
MOP_kg_ha,MLR,33,21.020001515915055
MOP_kg_ha,MLR,34.2,51.30809521545245
MOP_kg_ha,MLR,71,62.15952891991091
MOP_kg_ha,MLR,69,64.98966515372578
MOP_kg_ha,MLR,30.8,39.1623495773438
MOP_kg_ha,MLR,69.6,74.13485282175044
MOP_kg_ha,MLR,33.5,39.45021570199965
MOP_kg_ha,MLR,66.2,70.0080417516709
MOP_kg_ha,MLR,66.3,71.52065204702386
MOP_kg_ha,MLR,34.1,49.06586439077933
MOP_kg_ha,MLR,33.3,31.627791581487543
MOP_kg_ha,MLR,69.5,65.19511978453028
MOP_kg_ha,MLR,70.4,73.75307776301236
MOP_kg_ha,MLR,63.6,67.5504755258728
MOP_kg_ha,MLR,31,32.41850570773886
MOP_kg_ha,MLR,66.2,62.49006249801108
MOP_kg_ha,MLR,64.7,71.25793599920627
MOP_kg_ha,MLR,67.5,65.97455004403086
MOP_kg_ha,MLR,34.2,40.577352890606626
MOP_kg_ha,MLR,34.3,15.69198274783946
MOP_kg_ha,MLR,69,62.09498548520196
MOP_kg_ha,MLR,31.4,41.63575734413358
MOP_kg_ha,MLR,71.1,76.44354258012781
MOP_kg_ha,MLR,66,66.78584484449546
MOP_kg_ha,MLR,34.1,17.533659738702593
MOP_kg_ha,MLR,66.7,78.1398500627769
MOP_kg_ha,MLR,70.5,68.9764357611941
MOP_kg_ha,MLR,34,46.947396600589784
MOP_kg_ha,MLR,32.7,50.33958353378605
MOP_kg_ha,MLR,68.8,83.10935698440163
MOP_kg_ha,MLR,32.8,29.124655103421098
MOP_kg_ha,MLR,103.5,83.80857489056967
MOP_kg_ha,MLR,31.5,50.11479229718358
MOP_kg_ha,MLR,64.4,66.89548487390331
MOP_kg_ha,MLR,32.9,48.23854314756593
MOP_kg_ha,MLR,31.3,50.22532162004937
MOP_kg_ha,MLR,31.8,43.7196784346148
MOP_kg_ha,MLR,33.5,35.389622269546436
MOP_kg_ha,MLR,32,43.45943856573331
MOP_kg_ha,MLR,63.1,66.27295024002532
MOP_kg_ha,MLR,66.9,76.15169729982505
MOP_kg_ha,MLR,31.1,41.440975620287766
MOP_kg_ha,MLR,67.6,66.04743794593783
MOP_kg_ha,MLR,34.7,41.7296524322953
MOP_kg_ha,MLR,93.8,92.43912547451451
MOP_kg_ha,MLR,32.8,42.07353047381297
MOP_kg_ha,MLR,102.2,85.19030404528083
MOP_kg_ha,MLR,34.7,46.15755251964613
MOP_kg_ha,MLR,63.5,59.38818112370682
MOP_kg_ha,MLR,67.7,73.1368496097446
MOP_kg_ha,MLR,65.9,72.9947387660372
MOP_kg_ha,MLR,70.2,70.88113328470408
MOP_kg_ha,MLR,32,37.82953812056324
MOP_kg_ha,MLR,31.2,47.62369343106659
MOP_kg_ha,MLR,64.3,77.12861699911163
MOP_kg_ha,MLR,33.7,37.33850707653668
MOP_kg_ha,MLR,65.4,70.29424857976124
MOP_kg_ha,MLR,65.1,74.91527420123481
MOP_kg_ha,MLR,66,53.140632922171804
MOP_kg_ha,MLR,31,21.69383366649186
MOP_kg_ha,MLR,63.1,82.27566463625264
MOP_kg_ha,MLR,66.7,69.52503478110685
MOP_kg_ha,MLR,31.7,48.877057660242755
MOP_kg_ha,MLR,70.8,72.538713802128
MOP_kg_ha,MLR,31.4,41.17364845770351
MOP_kg_ha,MLR,33.6,28.90852496586712
MOP_kg_ha,MLR,62.4,59.157172844477515
MOP_kg_ha,MLR,33.1,51.48954623785664
MOP_kg_ha,MLR,32.1,34.473069690575194
MOP_kg_ha,MLR,33.2,35.963687871008354
MOP_kg_ha,MLR,31.3,48.099322720938474
MOP_kg_ha,MLR,32.9,32.15153190176598
MOP_kg_ha,MLR,35.4,40.29309665683808
MOP_kg_ha,MLR,63,80.53015509320457
MOP_kg_ha,MLR,65.7,76.12303917573189
MOP_kg_ha,MLR,34.9,32.70918345127829
MOP_kg_ha,MLR,35.3,14.579006566699473
MOP_kg_ha,MLR,32,39.90992214345678
MOP_kg_ha,MLR,31.3,20.977183658416788
MOP_kg_ha,MLR,35.4,48.319851168843805
MOP_kg_ha,MLR,35.4,41.0005783961983
MOP_kg_ha,MLR,62.9,73.69850576807954
MOP_kg_ha,MLR,33.2,24.344950867590935
MOP_kg_ha,MLR,64.4,53.77786778509108
MOP_kg_ha,MLR,66.2,52.76729244403715
MOP_kg_ha,MLR,104.8,93.45427664984486
MOP_kg_ha,MLR,66.9,65.03907611166969
MOP_kg_ha,MLR,65.9,72.04570753059575
MOP_kg_ha,MLR,62.4,56.37677198500598
MOP_kg_ha,MLR,34.8,19.843153060042955
MOP_kg_ha,MLR,31.3,18.77098266230252
MOP_kg_ha,MLR,103.9,88.53905127918856
MOP_kg_ha,MLR,98.8,83.80791226531201
MOP_kg_ha,MLR,35,13.567999966050241
MOP_kg_ha,MLR,71.5,55.43012728192682
MOP_kg_ha,MLR,103.4,85.38759279370096
MOP_kg_ha,MLR,70.5,71.10961219230221
MOP_kg_ha,MLR,32.1,21.257069179642453
MOP_kg_ha,MLR,31,26.960998504712826
MOP_kg_ha,MLR,100.5,88.0933810772423
MOP_kg_ha,MLR,69.9,54.1084554272074
MOP_kg_ha,MLR,34.7,29.52220911971093
MOP_kg_ha,MLR,63.7,74.46704075153039
MOP_kg_ha,MLR,32.6,34.38128619208355
MOP_kg_ha,MLR,100,84.827291741431
MOP_kg_ha,MLR,70.3,67.24606585055409
MOP_kg_ha,MLR,30.8,29.961767822272545
MOP_kg_ha,MLR,68.1,64.292522401882
MOP_kg_ha,MLR,70.6,78.47261121533744
MOP_kg_ha,MLR,31.8,44.762804339666715
MOP_kg_ha,MLR,68.5,60.90600464656514
MOP_kg_ha,MLR,66.2,76.17084742021606
MOP_kg_ha,MLR,70.8,79.51315029516462
MOP_kg_ha,MLR,62.3,70.3094015313558
MOP_kg_ha,MLR,66.7,58.12513085598675
MOP_kg_ha,MLR,69.9,76.83619816068259
MOP_kg_ha,MLR,62.4,58.534429644649485
MOP_kg_ha,MLR,67.1,77.82611933754096
MOP_kg_ha,MLR,68.4,80.84051851214686
MOP_kg_ha,MLR,62.9,61.685218878752224
MOP_kg_ha,MLR,34.9,37.22681789929335
MOP_kg_ha,MLR,62.1,57.19665504751529
MOP_kg_ha,MLR,71.5,75.53825503981264
MOP_kg_ha,MLR,32.5,22.978905693827155
MOP_kg_ha,MLR,33.2,50.959761909498795
MOP_kg_ha,MLR,64.5,73.400744308494
MOP_kg_ha,MLR,71.4,65.074303580647907
MOP_kg_ha,MLR,66.1,78.24677016352973
MOP_kg_ha,MLR,67.2,77.69449630502854
MOP_kg_ha,MLR,35.6,28.10591377191421
MOP_kg_ha,MLR,69.5,73.70543355412823
MOP_kg_ha,MLR,64.7,67.9770078921803
MOP_kg_ha,MLR,31.3,13.917694247333214
MOP_kg_ha,MLR,35.3,46.00996163981523
MOP_kg_ha,MLR,97.4,87.39157662081092
MOP_kg_ha,MLR,64.7,61.84515753468296
MOP_kg_ha,MLR,67.6,72.28516187602703
MOP_kg_ha,MLR,64.4,50.62718310137072
MOP_kg_ha,MLR,35.1,47.57668897774886
MOP_kg_ha,MLR,65,69.99380854711532
MOP_kg_ha,MLR,97.7,88.31303139522882
MOP_kg_ha,MLR,66.3,78.1268098561452
MOP_kg_ha,MLR,102.8,84.66080819078151
MOP_kg_ha,MLR,63.3,61.89513447056836
MOP_kg_ha,MLR,68.9,59.22102865866424
MOP_kg_ha,MLR,104.1,94.67763131397582
MOP_kg_ha,MLR,67.5,69.63731817754581
MOP_kg_ha,MLR,97.6,95.31732036320676
MOP_kg_ha,MLR,65.5,59.893604925322244
MOP_kg_ha,MLR,35.2,44.57022209911814
MOP_kg_ha,MLR,62,64.0468333202372
MOP_kg_ha,MLR,68.4,58.262553377550326
MOP_kg_ha,MLR,34.6,52.98696507807164
MOP_kg_ha,MLR,104.9,95.49386157544193
MOP_kg_ha,MLR,34.9,40.58531377308516
MOP_kg_ha,MLR,107.1,85.55409146540282
MOP_kg_ha,MLR,62.6,79.63003655651988
MOP_kg_ha,MLR,35.1,35.23365072300643
MOP_kg_ha,MLR,33.6,48.86760268893318
MOP_kg_ha,MLR,34.2,47.321261077915054
MOP_kg_ha,MLR,67.9,79.55689275310415
MOP_kg_ha,MLR,98.3,94.28648871291732
MOP_kg_ha,MLR,101.5,84.40912393547491
MOP_kg_ha,MLR,67.5,79.23955442237097
MOP_kg_ha,MLR,94.3,83.45555136450628
MOP_kg_ha,MLR,64.8,59.08854060328003
MOP_kg_ha,MLR,34.5,12.414353538328326
MOP_kg_ha,MLR,30.9,36.915647845352055
MOP_kg_ha,MLR,62.7,55.91367760516496
MOP_kg_ha,MLR,64.8,74.97212713034696
MOP_kg_ha,MLR,64.5,50.666025283205094
MOP_kg_ha,MLR,34.7,41.61007479513042
MOP_kg_ha,MLR,68.5,58.94437578013218
MOP_kg_ha,MLR,34.5,31.84536388934349
MOP_kg_ha,MLR,98.9,86.93966165430794
MOP_kg_ha,MLR,70.9,59.55094738183266
MOP_kg_ha,MLR,66.2,73.51359149155284
MOP_kg_ha,MLR,64.2,80.17882667245426
MOP_kg_ha,MLR,65.5,56.20836310769439
MOP_kg_ha,MLR,66.6,62.92918308683239
MOP_kg_ha,MLR,66,76.22550408295574
MOP_kg_ha,MLR,67,58.85268749001559
MOP_kg_ha,MLR,63.3,72.86526234803834
MOP_kg_ha,MLR,71.4,79.5584874448691
MOP_kg_ha,MLR,62.6,75.41195509016019
MOP_kg_ha,MLR,32.1,38.884316574692086
MOP_kg_ha,MLR,33.1,42.654382460178624
MOP_kg_ha,MLR,66.2,61.72373417271963
MOP_kg_ha,MLR,35.4,44.82337390721805
MOP_kg_ha,MLR,67.8,78.75033517648342
MOP_kg_ha,MLR,102.1,88.10188374308856
MOP_kg_ha,MLR,64,75.02067833977578
MOP_kg_ha,MLR,63.3,65.95414674520558
MOP_kg_ha,MLR,33.7,49.94421327330082
MOP_kg_ha,MLR,104.2,87.69112225966082
MOP_kg_ha,MLR,31.2,43.95627792476476
MOP_kg_ha,MLR,34.8,36.83873161196884
MOP_kg_ha,MLR,97.3,89.1012916268535
MOP_kg_ha,MLR,99.5,85.8005122988802
MOP_kg_ha,MLR,67,70.14094417457153
MOP_kg_ha,MLR,69.3,79.11787913907843
MOP_kg_ha,MLR,34.9,37.122225516541725
MOP_kg_ha,MLR,33.9,24.9763416100025
MOP_kg_ha,MLR,31.1,31.841107080421512
MOP_kg_ha,MLR,63.2,79.31859275831627
MOP_kg_ha,MLR,63.3,72.95420204096915
MOP_kg_ha,MLR,32.5,49.50159696368136
MOP_kg_ha,MLR,33.3,47.75220264381875
MOP_kg_ha,MLR,102.5,81.58353253329604
MOP_kg_ha,MLR,32.3,42.659385477490034
MOP_kg_ha,MLR,34,40.32453473801805
MOP_kg_ha,MLR,102.4,92.00974679998623
MOP_kg_ha,MLR,69.6,67.58624265455435
MOP_kg_ha,MLR,34.2,17.278968226531262
MOP_kg_ha,MLR,96.1,89.88983726641045
MOP_kg_ha,MLR,34,34.71159961579449
MOP_kg_ha,MLR,33.9,37.13760474097577
MOP_kg_ha,MLR,68.4,67.09114500758984
MOP_kg_ha,MLR,33.1,47.76309378339243
MOP_kg_ha,MLR,35.5,47.21836193411998
MOP_kg_ha,MLR,93.5,90.62660511144905
MOP_kg_ha,MLR,35,18.543233175694283
MOP_kg_ha,MLR,35,39.444143152818484
MOP_kg_ha,MLR,62.4,74.8175879745438
MOP_kg_ha,MLR,32.7,38.70843184332247
MOP_kg_ha,MLR,92.7,95.71856110706227
MOP_kg_ha,MLR,33.5,48.98701235519504
MOP_kg_ha,MLR,35.3,20.44495684471217
MOP_kg_ha,MLR,69.9,78.39455368731643
MOP_kg_ha,MLR,62.2,72.30197045201129
MOP_kg_ha,MLR,65.7,81.54138701112184
MOP_kg_ha,MLR,32.3,35.136765675267036
MOP_kg_ha,MLR,63.3,79.83101774954473
MOP_kg_ha,MLR,30.9,44.575336282851524
MOP_kg_ha,MLR,93.7,90.65806896031408
MOP_kg_ha,MLR,105.1,87.02930265055976
MOP_kg_ha,MLR,32.6,27.11776819843851
MOP_kg_ha,MLR,34,49.229902539902106
MOP_kg_ha,MLR,35.3,33.504939325105035
MOP_kg_ha,MLR,63,74.27202686205949
MOP_kg_ha,MLR,64.8,76.67439613155258
MOP_kg_ha,MLR,66.5,51.44018525543302
MOP_kg_ha,MLR,71.3,76.83324341072219
MOP_kg_ha,MLR,65.2,53.19215332074974
MOP_kg_ha,MLR,34.1,41.692541397536424
MOP_kg_ha,MLR,66.6,58.25627227620089
MOP_kg_ha,MLR,65.9,72.40402093783283
MOP_kg_ha,MLR,71.5,52.84037037624776
MOP_kg_ha,MLR,71.5,73.21441790308343
MOP_kg_ha,MLR,62.4,74.64012887940895
MOP_kg_ha,MLR,32.8,19.353136895140754
MOP_kg_ha,MLR,33.9,46.9189605546223
MOP_kg_ha,MLR,64.1,53.13081555094677
MOP_kg_ha,MLR,67.3,70.02840940119833
MOP_kg_ha,MLR,33.4,44.951421961810404
MOP_kg_ha,MLR,101.9,92.73692724816598
MOP_kg_ha,MLR,32.5,15.506884209453771
MOP_kg_ha,MLR,62.3,58.89041303160087
MOP_kg_ha,MLR,33.1,37.21856250639094
MOP_kg_ha,MLR,70.4,62.660682121337686
MOP_kg_ha,MLR,31,44.128371046576596
MOP_kg_ha,MLR,64.5,67.76276288763437
MOP_kg_ha,MLR,32.1,50.91554445181667
MOP_kg_ha,MLR,67.9,64.66076954284357
MOP_kg_ha,MLR,34.8,51.56021235652367
MOP_kg_ha,MLR,31.5,47.05303810051202
MOP_kg_ha,MLR,70.2,77.45923017152917
MOP_kg_ha,MLR,33.1,40.70760457304365
MOP_kg_ha,MLR,62.1,57.34970419189864
MOP_kg_ha,MLR,68.5,62.486932996507264
MOP_kg_ha,MLR,67.8,78.9100748461831
MOP_kg_ha,MLR,62.1,73.17724048463364
MOP_kg_ha,MLR,71.3,75.63926795038668
MOP_kg_ha,MLR,65.5,57.18919642094772
MOP_kg_ha,MLR,34.4,36.56424565791206
MOP_kg_ha,MLR,31.8,40.14579083341095
MOP_kg_ha,MLR,68.8,63.56610892259136
MOP_kg_ha,MLR,70.4,73.83802752259251
MOP_kg_ha,MLR,97.8,86.00567478432001
MOP_kg_ha,MLR,100.2,94.06180153078832
MOP_kg_ha,MLR,70,55.0132289991957
MOP_kg_ha,MLR,35.8,47.05045973700651
MOP_kg_ha,MLR,31.1,47.74929421715524
MOP_kg_ha,MLR,65.4,57.00117508915552
MOP_kg_ha,MLR,105.8,83.87692910819366
MOP_kg_ha,MLR,32.8,44.62048888291497
MOP_kg_ha,MLR,65.2,75.3266085241881
MOP_kg_ha,MLR,102.4,95.91620981497235
MOP_kg_ha,MLR,71.6,66.33996641421686
MOP_kg_ha,MLR,94.6,84.77800118465156
MOP_kg_ha,MLR,61.7,53.96335720072691
MOP_kg_ha,MLR,67.5,51.1229400799209
MOP_kg_ha,MLR,35.7,52.34638423568444
MOP_kg_ha,MLR,93.8,97.34308878711514
MOP_kg_ha,MLR,67.3,79.34327297221145
MOP_kg_ha,MLR,32.5,38.69665652520333
MOP_kg_ha,MLR,33.6,46.436774636153984
MOP_kg_ha,MLR,69.4,79.3220163132535
MOP_kg_ha,MLR,64.1,60.85473948876198
MOP_kg_ha,MLR,62.4,51.84860791831338
MOP_kg_ha,MLR,69.1,72.68458873853467
MOP_kg_ha,MLR,67.3,76.61238596299799
MOP_kg_ha,MLR,63.3,78.82214745869312
MOP_kg_ha,MLR,35.7,15.919938928079034
MOP_kg_ha,MLR,105.8,96.19599880626554
MOP_kg_ha,MLR,64,60.84996337979127
MOP_kg_ha,MLR,32.1,37.483339900376194
MOP_kg_ha,MLR,32.3,40.86306593127279
MOP_kg_ha,MLR,34.1,42.73161911978276
MOP_kg_ha,MLR,34.9,41.27745396969775
MOP_kg_ha,MLR,31.9,37.01585860296638
MOP_kg_ha,MLR,69,68.15905503837794
MOP_kg_ha,MLR,71.2,61.291985360658394
MOP_kg_ha,MLR,34.2,40.08217981343576
MOP_kg_ha,MLR,62.4,70.12483255902886
MOP_kg_ha,MLR,67,72.04202092920328
MOP_kg_ha,MLR,35.2,26.108192764731285
MOP_kg_ha,MLR,68.3,77.82028465327657
MOP_kg_ha,MLR,32.9,20.65405271167996
MOP_kg_ha,MLR,35.4,47.920967755169194
MOP_kg_ha,MLR,34,27.322553901633608
MOP_kg_ha,MLR,33.6,49.49238419494538
MOP_kg_ha,MLR,31.9,45.54297158448912
MOP_kg_ha,MLR,68.6,52.555244955933716
MOP_kg_ha,MLR,66.9,65.45600135828549
MOP_kg_ha,MLR,63.6,80.91288183831868
MOP_kg_ha,MLR,71.2,61.402819332163205
MOP_kg_ha,MLR,34,35.87339956255712
MOP_kg_ha,MLR,33.2,16.92309880154463
MOP_kg_ha,MLR,100.6,89.71570570953291
MOP_kg_ha,MLR,33.6,43.0405061797379
MOP_kg_ha,MLR,65.3,64.64861108268884
MOP_kg_ha,MLR,34.6,34.711077868326484
MOP_kg_ha,MLR,64.8,63.85856788482186
MOP_kg_ha,MLR,33.3,15.044800031812422
MOP_kg_ha,MLR,105,90.83759158524786
MOP_kg_ha,MLR,35.2,34.79754038999636
MOP_kg_ha,MLR,62.1,81.41347117013278
MOP_kg_ha,MLR,32.8,38.28738496279127
MOP_kg_ha,MLR,31.4,17.007916911978445
MOP_kg_ha,MLR,71.6,73.80566068513959
MOP_kg_ha,MLR,34.7,16.502345210531207
MOP_kg_ha,MLR,35.3,44.701300142063914
MOP_kg_ha,MLR,34.8,45.93390451468447
MOP_kg_ha,MLR,32.5,39.678201885566075
MOP_kg_ha,MLR,33.8,46.02392033303652
MOP_kg_ha,MLR,32.9,39.082294943589005
MOP_kg_ha,MLR,67.9,68.60698480767562
MOP_kg_ha,MLR,63,68.78255904839598
MOP_kg_ha,MLR,33.5,50.55116818777217
MOP_kg_ha,MLR,33.4,37.33601419564649
MOP_kg_ha,MLR,31,23.974041474748145
MOP_kg_ha,MLR,67.4,70.92525267272534
MOP_kg_ha,MLR,64.3,54.97221665448731
MOP_kg_ha,MLR,92.6,83.07732507035962
MOP_kg_ha,MLR,35.3,51.05643229224884
MOP_kg_ha,MLR,67.9,80.23137692933165
MOP_kg_ha,MLR,66.1,60.61083759824334
MOP_kg_ha,MLR,62.1,70.66390189710211
MOP_kg_ha,MLR,34.4,36.07224311764755
MOP_kg_ha,MLR,98.3,87.0142048183367
MOP_kg_ha,MLR,71.6,79.71395910119594
MOP_kg_ha,MLR,68.6,53.267592616769896
MOP_kg_ha,MLR,68.7,72.17683518632809
MOP_kg_ha,MLR,32.9,18.265184879970278
MOP_kg_ha,MLR,106.5,85.34836768525412
MOP_kg_ha,MLR,66.5,64.37567214653514
MOP_kg_ha,MLR,69.9,75.02533219110731
MOP_kg_ha,MLR,68.5,78.51633866992773
MOP_kg_ha,MLR,70.1,65.20042999501078
MOP_kg_ha,MLR,65.9,68.28522886155162
MOP_kg_ha,MLR,64.9,57.98986907625471
MOP_kg_ha,MLR,34.8,23.206339566208953
MOP_kg_ha,MLR,62.6,76.26941545188573
MOP_kg_ha,MLR,31.9,17.370834439284774
MOP_kg_ha,MLR,31.1,48.728848140041535
MOP_kg_ha,MLR,70.6,79.20295545635031
MOP_kg_ha,MLR,33.8,47.376153305916105
MOP_kg_ha,MLR,63.3,64.12032758535113
MOP_kg_ha,MLR,32.1,39.85083456297318
MOP_kg_ha,MLR,66.2,72.73394682154883
MOP_kg_ha,MLR,65,80.95826134610748
MOP_kg_ha,MLR,64.3,74.88177386876505
MOP_kg_ha,MLR,31.4,27.793456065368513
MOP_kg_ha,MLR,32.1,44.63244206943515
MOP_kg_ha,MLR,99.7,81.90075608442883
MOP_kg_ha,MLR,34.8,37.94008491685314
MOP_kg_ha,MLR,99.2,96.99998691324758
MOP_kg_ha,MLR,68.1,65.35092817711416
MOP_kg_ha,MLR,63.4,61.937188550136064
MOP_kg_ha,MLR,33.2,24.699540991102374
MOP_kg_ha,MLR,69.6,78.41870742824817
MOP_kg_ha,MLR,32,39.803919978312216
MOP_kg_ha,MLR,93.2,93.436361901157
MOP_kg_ha,MLR,67.8,72.61360277794601
MOP_kg_ha,MLR,63.2,81.5278801110936
MOP_kg_ha,MLR,65.4,56.4765119588551
MOP_kg_ha,MLR,69.6,70.2072370119454
MOP_kg_ha,MLR,62.2,81.71252334601247
MOP_kg_ha,MLR,31.8,39.78697500169068
MOP_kg_ha,MLR,31.2,35.82209337682765
MOP_kg_ha,MLR,65.1,62.335097348824014
MOP_kg_ha,MLR,65.2,52.953833455729395
MOP_kg_ha,MLR,102.9,86.67224262641066
MOP_kg_ha,MLR,34.1,41.100360344850735
MOP_kg_ha,MLR,97.6,82.78719661698943
MOP_kg_ha,MLR,33.8,36.632003161382926
MOP_kg_ha,MLR,68.6,53.30044225754653
MOP_kg_ha,MLR,35.1,44.22583893834759
MOP_kg_ha,MLR,103,86.727197917961007
MOP_kg_ha,MLR,70.1,73.46905654988137
MOP_kg_ha,MLR,33.4,35.51031512724864
MOP_kg_ha,MLR,32,50.230497333831565
MOP_kg_ha,MLR,31.6,44.7299405963221
MOP_kg_ha,MLR,67.5,66.64224912397906
MOP_kg_ha,MLR,69.4,78.92367612366135
MOP_kg_ha,MLR,67,80.53465816012039
MOP_kg_ha,MLR,70.4,78.13574419384591
MOP_kg_ha,MLR,64.9,79.85493670040832
MOP_kg_ha,MLR,34.7,41.2682838623463
MOP_kg_ha,MLR,31.8,44.49452539913928
MOP_kg_ha,MLR,105.9,94.13532373451109
MOP_kg_ha,MLR,71.7,67.83000660785468
MOP_kg_ha,MLR,31.5,44.70956524767786
MOP_kg_ha,MLR,96.2,89.25755315998863
MOP_kg_ha,MLR,32.8,27.44600376404136
MOP_kg_ha,MLR,33.7,42.46991358997708
MOP_kg_ha,MLR,97.6,91.84353514413353
MOP_kg_ha,MLR,97.7,87.46449778053017
MOP_kg_ha,MLR,34.9,50.93248136972175
MOP_kg_ha,MLR,99,94.54933729527085
MOP_kg_ha,MLR,34.6,45.52434191908759
MOP_kg_ha,MLR,63.1,51.90678075395069
MOP_kg_ha,MLR,33.9,27.459331692304552
MOP_kg_ha,MLR,32.7,39.06570777723719
MOP_kg_ha,MLR,33.4,44.88713713834493
MOP_kg_ha,MLR,63.9,73.8498797980126
MOP_kg_ha,MLR,71.5,67.20562313771117
MOP_kg_ha,MLR,65.2,70.55274024852586
MOP_kg_ha,MLR,34,29.951251603599957
MOP_kg_ha,MLR,71.2,61.23139288199572
MOP_kg_ha,MLR,35.6,14.195262581189214
MOP_kg_ha,MLR,62,73.33667064396298
MOP_kg_ha,MLR,63,70.62622373137202
MOP_kg_ha,MLR,33.8,32.909313369255976
MOP_kg_ha,MLR,63.8,79.18696658949773
MOP_kg_ha,MLR,63.4,62.72285079468285
MOP_kg_ha,MLR,66.9,61.282742917203606
MOP_kg_ha,MLR,102.9,89.37507333757559
MOP_kg_ha,MLR,68.8,62.614108669450715
MOP_kg_ha,MLR,63.6,60.467260345832315
MOP_kg_ha,MLR,67.3,78.94077960830894
MOP_kg_ha,MLR,34,40.003844844433495
MOP_kg_ha,MLR,67.4,83.80557471495405
MOP_kg_ha,MLR,64.1,66.41854736142616
MOP_kg_ha,MLR,64.2,66.55258970780903
MOP_kg_ha,MLR,64.1,81.54351409082989
MOP_kg_ha,MLR,99.2,87.94561094366357
MOP_kg_ha,MLR,100,85.63382766179959
MOP_kg_ha,MLR,34.7,29.268359816441933
MOP_kg_ha,MLR,31,49.72160432825618
MOP_kg_ha,MLR,68.3,68.86529312564677
MOP_kg_ha,MLR,105.5,83.38672966659513
MOP_kg_ha,MLR,31.1,14.812046444907796
MOP_kg_ha,MLR,69.2,54.85514716117243
MOP_kg_ha,MLR,65,82.02257863928364
MOP_kg_ha,MLR,68.5,82.62327001269271
MOP_kg_ha,MLR,67.7,74.56527408408652
MOP_kg_ha,MLR,34.2,38.28803683357571
MOP_kg_ha,MLR,105.4,97.85541321463774
MOP_kg_ha,MLR,32.4,15.541124474168265
MOP_kg_ha,MLR,32,42.987989579266674
MOP_kg_ha,MLR,63.5,65.72912566700857
MOP_kg_ha,MLR,101,95.92773437575592
MOP_kg_ha,MLR,32.5,32.583343819350056
MOP_kg_ha,MLR,33.3,48.390526397587344
MOP_kg_ha,MLR,65.6,75.23156126916106
MOP_kg_ha,MLR,34.9,16.408012389459223
MOP_kg_ha,MLR,64,80.13185437302943
MOP_kg_ha,MLR,31.7,27.920654321648573
MOP_kg_ha,MLR,62.4,52.8884137725262
MOP_kg_ha,MLR,63.8,80.43298365676657
MOP_kg_ha,MLR,32.2,39.28050340639379
MOP_kg_ha,MLR,65.9,56.36957613499396
MOP_kg_ha,MLR,66.4,59.50444132036603
MOP_kg_ha,MLR,70.6,74.39279388229501
MOP_kg_ha,MLR,69.9,68.14523661181508
MOP_kg_ha,MLR,34.3,48.746246620429794
MOP_kg_ha,MLR,68,64.52929031128069
MOP_kg_ha,MLR,63.2,68.52342345022848
MOP_kg_ha,MLR,32.1,51.59844533838776
MOP_kg_ha,MLR,34,17.134377502724043
MOP_kg_ha,MLR,98,95.29051914160988
MOP_kg_ha,MLR,69.2,66.24579616525824
MOP_kg_ha,MLR,71.3,77.02151214745763
MOP_kg_ha,MLR,32.5,29.336276704939923
MOP_kg_ha,MLR,31.5,44.94902914488659
MOP_kg_ha,MLR,30.9,16.128811501936138
MOP_kg_ha,MLR,65.5,81.42906890043149
MOP_kg_ha,MLR,35.5,45.93530393819706
MOP_kg_ha,MLR,65.6,67.67287931589475
MOP_kg_ha,MLR,63,60.020621796565344
MOP_kg_ha,MLR,104.4,83.03858982675908
MOP_kg_ha,MLR,34.5,43.1601796182618
MOP_kg_ha,MLR,31.6,39.30782998645313
MOP_kg_ha,MLR,64.4,51.5549353499677
MOP_kg_ha,MLR,70.4,56.30821772458334
MOP_kg_ha,MLR,34.4,35.60401481572051
MOP_kg_ha,MLR,63.9,81.03184593127732
MOP_kg_ha,MLR,71.1,55.36421143925713
MOP_kg_ha,MLR,71.3,65.62764568541708
MOP_kg_ha,MLR,67.9,65.05182218140482
MOP_kg_ha,MLR,34.3,26.30133327091483
MOP_kg_ha,MLR,71.2,69.21071626855512
MOP_kg_ha,MLR,31.8,36.33922439658751
MOP_kg_ha,MLR,70.6,80.01672690675306
MOP_kg_ha,MLR,68.3,83.68057154743987
MOP_kg_ha,MLR,65.9,67.8454201106911
MOP_kg_ha,MLR,69.3,73.17091680645237
MOP_kg_ha,MLR,93.2,84.40679989698903
MOP_kg_ha,MLR,34.3,44.34382379228091
MOP_kg_ha,MLR,62.7,51.91676694139707
MOP_kg_ha,MLR,32.4,31.75568694345933
MOP_kg_ha,MLR,68.4,78.20720185656823
MOP_kg_ha,MLR,63.1,58.543630207955815
MOP_kg_ha,MLR,65.9,64.11870380155787
MOP_kg_ha,MLR,32.1,38.36546505683356
MOP_kg_ha,MLR,34.9,33.9496977476659
MOP_kg_ha,MLR,67.1,77.9185054450428
MOP_kg_ha,MLR,33.9,43.00231388357989
MOP_kg_ha,MLR,34.5,34.179136991578574
MOP_kg_ha,MLR,69.5,76.88803177637962
MOP_kg_ha,MLR,66.2,67.3136972245747
MOP_kg_ha,MLR,67.1,53.115851626958616
MOP_kg_ha,MLR,32.7,28.534486465337583
MOP_kg_ha,MLR,33.6,36.09260141968595
MOP_kg_ha,MLR,106.6,94.83905927050628
MOP_kg_ha,MLR,34.3,37.10929725400127
MOP_kg_ha,MLR,102.3,95.59021187068198
MOP_kg_ha,MLR,31.3,45.29009453141139
MOP_kg_ha,MLR,64.2,67.17226559838309
MOP_kg_ha,MLR,66.8,60.08107668627801
MOP_kg_ha,MLR,63.5,50.83180649775552
MOP_kg_ha,MLR,34.7,42.46239420540185
MOP_kg_ha,MLR,35,35.770106007696576
MOP_kg_ha,MLR,32.9,42.93853170483303
MOP_kg_ha,MLR,31.9,43.429286634778514
MOP_kg_ha,MLR,34.6,44.02234331647979
MOP_kg_ha,MLR,69.9,69.46739404306152
MOP_kg_ha,MLR,103,82.8101528237962
MOP_kg_ha,MLR,69.9,65.01786077776141
MOP_kg_ha,MLR,67.7,54.88621422976168
MOP_kg_ha,MLR,64.1,69.56502094556843
MOP_kg_ha,MLR,66,75.41022859194443
MOP_kg_ha,MLR,68,70.86911469678789
MOP_kg_ha,MLR,31,37.98046945503725
MOP_kg_ha,MLR,31.9,48.614410834476665
MOP_kg_ha,MLR,97.6,94.65322706840612
MOP_kg_ha,MLR,33.6,31.467117210197458
MOP_kg_ha,MLR,64.4,68.13565611735525
MOP_kg_ha,MLR,61.9,77.12871283028664
MOP_kg_ha,MLR,34.3,49.32273070586138
MOP_kg_ha,MLR,99.6,85.00919801556111
MOP_kg_ha,MLR,35.1,37.677822847131
MOP_kg_ha,MLR,95,91.37666022721977
MOP_kg_ha,MLR,64.2,55.781937664033975
MOP_kg_ha,MLR,31.5,39.736718424690345
MOP_kg_ha,MLR,94.1,89.6467005671561
MOP_kg_ha,MLR,61.7,81.85945594235336
MOP_kg_ha,MLR,68.7,73.40519970044996
MOP_kg_ha,MLR,68.8,60.726404078093
MOP_kg_ha,MLR,68.2,79.5980965984227
MOP_kg_ha,MLR,31,41.23007518548638
MOP_kg_ha,MLR,65,71.15054001144537
MOP_kg_ha,MLR,70.4,54.39852478091442
MOP_kg_ha,MLR,31.7,39.047530648034446
MOP_kg_ha,MLR,71.3,69.46880300800838
MOP_kg_ha,MLR,63.2,83.23454024959685
MOP_kg_ha,MLR,65,81.25714924011064
MOP_kg_ha,MLR,70.2,80.29707194380006
MOP_kg_ha,MLR,35.3,36.04931129526868
MOP_kg_ha,MLR,95.3,97.41256942486027
MOP_kg_ha,MLR,67.2,70.02390049648234
MOP_kg_ha,MLR,62,56.90377889723582
MOP_kg_ha,MLR,105.7,82.03791756669777
MOP_kg_ha,MLR,33.3,28.696236177736026
MOP_kg_ha,MLR,31.4,23.38203400122147
MOP_kg_ha,MLR,68.2,63.74078244142804
MOP_kg_ha,MLR,35.7,43.12790079651724
MOP_kg_ha,MLR,35,29.526664486288418
MOP_kg_ha,MLR,99.3,90.03600508595332
MOP_kg_ha,MLR,35.6,48.41902716662087
MOP_kg_ha,MLR,67.3,63.36264417943199
MOP_kg_ha,MLR,31.2,38.54472872804108
MOP_kg_ha,MLR,32.3,35.59505393964401
MOP_kg_ha,MLR,104.1,88.94993840481396
MOP_kg_ha,MLR,33.4,43.08847667236425
MOP_kg_ha,MLR,30.9,45.98059894817544
MOP_kg_ha,MLR,71.4,71.0626034660524
MOP_kg_ha,MLR,71.7,80.79226225231488
MOP_kg_ha,MLR,65.7,63.53053900838041
MOP_kg_ha,MLR,62.5,66.30054740192548
MOP_kg_ha,MLR,101.3,83.3766223395952
MOP_kg_ha,MLR,65.2,52.080215567790994
MOP_kg_ha,MLR,70.9,63.68281322658281
MOP_kg_ha,MLR,68.9,71.18403652768716
MOP_kg_ha,MLR,62.6,71.8257947249846
MOP_kg_ha,MLR,63.1,79.82521622120385
MOP_kg_ha,MLR,70.5,74.5008856507978
MOP_kg_ha,MLR,34.9,32.918364515292275
MOP_kg_ha,MLR,33.5,44.78945934851437
MOP_kg_ha,MLR,96,86.51938653514027
MOP_kg_ha,MLR,68.9,65.8136682874409
MOP_kg_ha,MLR,68.9,55.425856175686285
MOP_kg_ha,MLR,63.2,69.55150919562384
MOP_kg_ha,MLR,65.7,60.87145678285238
MOP_kg_ha,MLR,31.9,39.64174183233451
MOP_kg_ha,MLR,31.2,38.25138304548836
MOP_kg_ha,MLR,31.1,23.941620256907193
MOP_kg_ha,MLR,65.6,75.77754501774591
MOP_kg_ha,MLR,32.8,43.00348135655733
MOP_kg_ha,MLR,62,74.99914927379308
MOP_kg_ha,MLR,33.4,41.43048771689145
MOP_kg_ha,MLR,34.7,20.55787049386734
MOP_kg_ha,MLR,34,35.047235573925384
MOP_kg_ha,MLR,35.2,28.034928023208167
MOP_kg_ha,MLR,102.9,96.53244270049606
MOP_kg_ha,MLR,106,88.51808449976288
MOP_kg_ha,MLR,34.9,37.73306482222485
MOP_kg_ha,MLR,34.7,31.991992170379042
MOP_kg_ha,MLR,65.3,70.20775590875185
MOP_kg_ha,MLR,35,47.926354614624216
MOP_kg_ha,MLR,33.7,39.7026955546246
MOP_kg_ha,MLR,35.2,46.35307645360461
MOP_kg_ha,MLR,71.5,58.113890707339955
MOP_kg_ha,MLR,31.3,39.789422388341976
MOP_kg_ha,MLR,33.5,36.12294067675923
MOP_kg_ha,MLR,93.2,83.71759514409011
MOP_kg_ha,MLR,65.8,76.5949402239711
MOP_kg_ha,MLR,66.5,78.47954421553119
MOP_kg_ha,MLR,32.3,38.64828918686586
MOP_kg_ha,MLR,62.1,72.2378370290371
MOP_kg_ha,MLR,68.7,58.41582253732869
MOP_kg_ha,MLR,97.3,86.69396201336491
MOP_kg_ha,MLR,33.5,40.016536706380485
MOP_kg_ha,MLR,68.6,58.350613006618026
MOP_kg_ha,MLR,67.2,81.15016644288089
MOP_kg_ha,MLR,32.6,32.10125596028111
MOP_kg_ha,MLR,64.5,71.98262455583847
MOP_kg_ha,MLR,33.6,37.571121545589435
MOP_kg_ha,MLR,68.8,61.90919687878969
MOP_kg_ha,MLR,68.8,81.99090628884562
MOP_kg_ha,MLR,31.1,22.66106796570885
MOP_kg_ha,MLR,32.7,39.56632182355187
MOP_kg_ha,MLR,31.8,43.62595834653453
MOP_kg_ha,MLR,34.2,43.391147979720394
MOP_kg_ha,MLR,68.2,74.09440676818332
MOP_kg_ha,MLR,98.7,90.13554616352941
MOP_kg_ha,MLR,94.7,96.35135032001918
MOP_kg_ha,MLR,32.3,29.165500032714306
MOP_kg_ha,MLR,64.9,60.97724492554219
MOP_kg_ha,MLR,97.3,85.7031242495981
MOP_kg_ha,MLR,32.4,16.033666601484473
MOP_kg_ha,MLR,31.5,34.70183297257128
MOP_kg_ha,MLR,62.4,81.08849656899979
MOP_kg_ha,MLR,64.5,71.61596629439931
MOP_kg_ha,MLR,31,25.029921782887847
MOP_kg_ha,MLR,34.9,52.42287284114988
MOP_kg_ha,MLR,69.8,52.96401218042367
MOP_kg_ha,MLR,33.3,33.156280907252814
MOP_kg_ha,MLR,32.9,21.67746882098854
MOP_kg_ha,MLR,31.9,46.1080865508756
MOP_kg_ha,MLR,97.9,91.94599665004152
MOP_kg_ha,MLR,104.9,94.33339523324689
MOP_kg_ha,MLR,66.7,51.2196642999605
MOP_kg_ha,MLR,62.6,78.22297977530486
MOP_kg_ha,MLR,62.7,56.13398550407719
MOP_kg_ha,MLR,35.1,27.670729880830425
MOP_kg_ha,MLR,34,22.534826711767376
MOP_kg_ha,MLR,31.2,33.57287898781389
MOP_kg_ha,MLR,33.9,14.413582312415807
MOP_kg_ha,MLR,68.9,65.129800035191
MOP_kg_ha,MLR,31.5,19.77379358032223
MOP_kg_ha,MLR,31.6,18.621532067633
MOP_kg_ha,MLR,34.4,42.193009100635464
MOP_kg_ha,MLR,104.1,97.02305647400476
MOP_kg_ha,MLR,104.5,83.88467717181913
MOP_kg_ha,MLR,70.3,74.52194802219678
MOP_kg_ha,MLR,31.3,34.37134520241949
MOP_kg_ha,MLR,104.8,84.6152761280195
MOP_kg_ha,MLR,69.1,53.19589386463728
MOP_kg_ha,MLR,71.5,57.5870857932099
MOP_kg_ha,MLR,31.9,39.686261127001764
MOP_kg_ha,MLR,63.6,82.53410228686963
MOP_kg_ha,MLR,35.4,14.006825869676291
MOP_kg_ha,MLR,32.1,40.939177310296905
MOP_kg_ha,MLR,64.4,64.48512783671607
MOP_kg_ha,MLR,33.7,40.49514905921307
MOP_kg_ha,MLR,71.2,82.86101861136736
MOP_kg_ha,MLR,67,71.82363766467702
MOP_kg_ha,MLR,64.8,74.17450267866049
MOP_kg_ha,MLR,32.3,16.257314507988205
MOP_kg_ha,MLR,66.3,81.1892146808706
MOP_kg_ha,MLR,64.8,53.27682296736252
MOP_kg_ha,MLR,63.9,55.41210864374769
MOP_kg_ha,MLR,31.4,19.747510217559025
MOP_kg_ha,MLR,35.2,49.984588028468075
MOP_kg_ha,MLR,97.9,95.32539284756623
MOP_kg_ha,MLR,33.8,35.198005827291865
MOP_kg_ha,MLR,102.6,89.44811967253992
MOP_kg_ha,MLR,103.4,88.57968167172349
MOP_kg_ha,MLR,69.9,59.66706048717913
MOP_kg_ha,MLR,31.3,50.81072568575526
MOP_kg_ha,MLR,103.4,86.31817241393843
MOP_kg_ha,MLR,64.3,64.33872487922318
MOP_kg_ha,MLR,93.5,94.40245246730233
MOP_kg_ha,MLR,71.6,74.82168848069928
MOP_kg_ha,MLR,34.1,36.089974660505206
MOP_kg_ha,MLR,34.7,43.756283331887474
MOP_kg_ha,MLR,35.3,48.254833549750096
MOP_kg_ha,MLR,62.9,60.470993794331015
MOP_kg_ha,MLR,33.5,52.467529566875896
MOP_kg_ha,MLR,31.9,48.5149827408801
MOP_kg_ha,MLR,68.5,78.37851330011507
MOP_kg_ha,MLR,71.3,53.659494838574105
MOP_kg_ha,MLR,66.7,73.17751361974095
MOP_kg_ha,MLR,32.2,22.83025511576437
MOP_kg_ha,MLR,106.8,82.50225352452122
MOP_kg_ha,MLR,94.6,98.09700598901577
MOP_kg_ha,MLR,63.6,55.91447988945808
MOP_kg_ha,MLR,65.8,80.04311835172834
MOP_kg_ha,MLR,69.5,72.64622570742466
MOP_kg_ha,MLR,33.2,37.74940109770526
MOP_kg_ha,MLR,33.7,43.007835166563254
MOP_kg_ha,MLR,61.8,60.57115822008439
MOP_kg_ha,MLR,97.2,96.72881290157346
MOP_kg_ha,MLR,62.1,81.10939131491324
MOP_kg_ha,MLR,32.9,37.3172714852961
MOP_kg_ha,MLR,62.3,66.36491021101504
MOP_kg_ha,MLR,98.5,93.10280757194315
MOP_kg_ha,MLR,97,83.64319819291728
MOP_kg_ha,MLR,67.1,54.766595270091095
MOP_kg_ha,MLR,70.6,74.547192677627
MOP_kg_ha,MLR,32.3,46.88999651503211
MOP_kg_ha,MLR,33.9,42.040128451861
MOP_kg_ha,MLR,71.3,55.63438000184811
MOP_kg_ha,MLR,64.5,57.71625539390045
MOP_kg_ha,MLR,33.6,38.48786811462925
MOP_kg_ha,MLR,65.5,75.5875333735589
MOP_kg_ha,MLR,64,72.39672292913598
MOP_kg_ha,MLR,70,60.006254080814124
MOP_kg_ha,MLR,70.6,60.43263697038383
MOP_kg_ha,MLR,65.8,53.75196689556768
MOP_kg_ha,MLR,33.8,49.47247373016746
MOP_kg_ha,MLR,67.6,54.8023172869019
MOP_kg_ha,MLR,106.1,98.8335603229445
MOP_kg_ha,MLR,33.2,37.50229112748834
MOP_kg_ha,MLR,64.6,59.561262550859944
MOP_kg_ha,MLR,98.9,83.08987938862226
MOP_kg_ha,MLR,64.8,53.220330215792345
MOP_kg_ha,MLR,66.3,60.17622363892563
MOP_kg_ha,MLR,65.2,61.29433308806615
MOP_kg_ha,MLR,104.7,82.18113200512258
MOP_kg_ha,MLR,34,42.887114664674776
MOP_kg_ha,MLR,70.9,84.30904276608368
MOP_kg_ha,MLR,33.1,50.51974067004429
MOP_kg_ha,MLR,33.8,52.603018316307306
MOP_kg_ha,MLR,32.5,31.52777613592224
MOP_kg_ha,MLR,69.3,70.47321723654153
MOP_kg_ha,MLR,31.4,27.857592258151875
MOP_kg_ha,MLR,31.3,46.97017510015433
MOP_kg_ha,MLR,33.4,45.603615217100575
MOP_kg_ha,MLR,31.9,51.360751081800345
MOP_kg_ha,MLR,95,90.88065487475114
MOP_kg_ha,MLR,102.5,81.76366097206422
MOP_kg_ha,MLR,103.2,84.64393033182951
MOP_kg_ha,MLR,32.4,35.83578264220505
MOP_kg_ha,MLR,71.5,54.132993406777196
MOP_kg_ha,MLR,64.9,59.868025652579725
MOP_kg_ha,MLR,34.4,42.49970005594123
MOP_kg_ha,MLR,67.2,74.41538491310253
MOP_kg_ha,MLR,34.5,22.56179292110802
MOP_kg_ha,MLR,101.8,83.57271124043142
MOP_kg_ha,MLR,104.8,95.3928070572437
MOP_kg_ha,MLR,33.1,44.98317239690977
MOP_kg_ha,MLR,34,45.3858458506692
MOP_kg_ha,MLR,105.3,84.2815804591156
MOP_kg_ha,MLR,71.3,64.63251051776987
MOP_kg_ha,MLR,67.4,74.69295542525987
MOP_kg_ha,MLR,31.6,24.155034706943496
MOP_kg_ha,MLR,65.9,64.29800362167711
MOP_kg_ha,MLR,35.3,12.453009309916796
MOP_kg_ha,MLR,31.9,13.271715919970612
MOP_kg_ha,MLR,98.1,83.31180268924417
MOP_kg_ha,MLR,32.3,44.751027264885984
MOP_kg_ha,MLR,67.5,58.949471331754566
MOP_kg_ha,MLR,66.9,65.15927480362015
MOP_kg_ha,MLR,66.7,74.90327481579016
MOP_kg_ha,MLR,66.1,76.39044732249782
MOP_kg_ha,MLR,64.8,76.34940112843667
MOP_kg_ha,MLR,62.4,56.30352654036155
MOP_kg_ha,MLR,70,75.86659615173909
MOP_kg_ha,MLR,100.7,90.08759030784923
MOP_kg_ha,MLR,95.2,86.88699961990957
MOP_kg_ha,MLR,62.9,67.91137826301633
MOP_kg_ha,MLR,32.3,41.81854512964242
MOP_kg_ha,MLR,67.3,75.521874869572
MOP_kg_ha,MLR,33.3,48.99700794321849
MOP_kg_ha,MLR,33.9,14.172552360739745
MOP_kg_ha,MLR,32.8,39.15434133301408
MOP_kg_ha,MLR,68,70.51053972107373
MOP_kg_ha,MLR,34.8,36.062122905519324
MOP_kg_ha,MLR,33.6,24.35140474378707
MOP_kg_ha,MLR,70.8,57.75203595779651
MOP_kg_ha,MLR,62.7,72.42149159743504
MOP_kg_ha,MLR,70.9,63.6437417048836
MOP_kg_ha,MLR,34.3,24.89562126763195
MOP_kg_ha,MLR,66,69.77458121451377
MOP_kg_ha,MLR,32.8,43.57994812454286
MOP_kg_ha,MLR,71.4,81.88073595624446
MOP_kg_ha,MLR,33.6,49.00547363404734
MOP_kg_ha,MLR,63.9,81.69734692409968
MOP_kg_ha,MLR,70,82.48163006442653
MOP_kg_ha,MLR,34.4,43.525467961910365
MOP_kg_ha,MLR,70,62.80863843981399
MOP_kg_ha,MLR,71.6,75.82562941014773
MOP_kg_ha,MLR,66.1,55.405416314913424
MOP_kg_ha,MLR,70.5,75.41460235761832
MOP_kg_ha,MLR,30.9,27.908822241629014
MOP_kg_ha,MLR,96.6,84.2252809096272
MOP_kg_ha,MLR,65.9,72.76683340347734
MOP_kg_ha,MLR,30.8,39.27054311891255
MOP_kg_ha,MLR,33.2,40.20124664083101
MOP_kg_ha,MLR,70.2,75.7428550075776
MOP_kg_ha,MLR,34.8,42.194114928663645
MOP_kg_ha,MLR,69.4,59.740645230497194
MOP_kg_ha,MLR,96.8,88.82199294189518
MOP_kg_ha,MLR,34.6,37.87571233861232
MOP_kg_ha,MLR,101.3,91.95976826554283
MOP_kg_ha,MLR,62.6,65.88152878530278
MOP_kg_ha,MLR,67.9,77.79412977555288
MOP_kg_ha,MLR,104,94.89402597715225
MOP_kg_ha,MLR,68,52.94178341385161
MOP_kg_ha,MLR,31.2,49.88294416854655
MOP_kg_ha,MLR,104.7,82.88887725207564
MOP_kg_ha,MLR,98.7,97.0193005361505
MOP_kg_ha,MLR,94.1,82.42082264712626
MOP_kg_ha,MLR,68.7,63.481664666370705
MOP_kg_ha,MLR,62,61.3780792246101
MOP_kg_ha,MLR,65.2,76.80950881953535
MOP_kg_ha,MLR,67.1,52.88748410631234
MOP_kg_ha,MLR,94.1,91.87710638146251
MOP_kg_ha,MLR,97.6,82.66679982421817
MOP_kg_ha,MLR,35.2,44.80370132945488
MOP_kg_ha,MLR,34.8,44.45985204385916
MOP_kg_ha,MLR,33.6,26.685507681008954
MOP_kg_ha,MLR,66.7,59.66628722419255
MOP_kg_ha,MLR,65.4,67.06342763329738
MOP_kg_ha,MLR,31.5,34.27432991685002
MOP_kg_ha,MLR,35.3,13.72015966115949
MOP_kg_ha,MLR,65,66.75882199733488
MOP_kg_ha,MLR,33.1,39.40112448062467
MOP_kg_ha,MLR,100.2,95.7588212039321
MOP_kg_ha,MLR,62.4,66.78910213146118
MOP_kg_ha,MLR,62.9,58.05544902060643
MOP_kg_ha,MLR,70.1,78.5822431736479
MOP_kg_ha,MLR,31.2,30.615889648437484
MOP_kg_ha,MLR,34.4,43.01398140571382
MOP_kg_ha,MLR,71.5,60.807834158444656
MOP_kg_ha,MLR,93.8,90.12981862710362
MOP_kg_ha,MLR,31.3,52.00333883956958
MOP_kg_ha,MLR,64.9,69.88669824348418
MOP_kg_ha,MLR,94.5,86.61353869760788
MOP_kg_ha,MLR,67.7,63.59226738424321
MOP_kg_ha,MLR,93.3,95.88617673855548
MOP_kg_ha,MLR,33.1,47.671895414441906
MOP_kg_ha,MLR,63.8,61.841447248496756
MOP_kg_ha,MLR,32.3,43.98770971055151
MOP_kg_ha,MLR,69.7,80.21317311200394
MOP_kg_ha,MLR,65.2,52.1549772731716
MOP_kg_ha,MLR,61.7,53.71420969724731
MOP_kg_ha,MLR,31.1,30.275611889995538
MOP_kg_ha,MLR,106.9,97.57903281127535
MOP_kg_ha,MLR,32.6,35.84694162587042
MOP_kg_ha,MLR,103.7,86.34026837857544
MOP_kg_ha,MLR,32.8,48.02975655636782
MOP_kg_ha,MLR,63.2,61.99473632068414
MOP_kg_ha,MLR,67.9,63.47056193178224
MOP_kg_ha,MLR,93.2,82.89014757044635
MOP_kg_ha,MLR,35.5,38.11866296919759
MOP_kg_ha,MLR,31.3,47.771139612996684
MOP_kg_ha,MLR,34.8,52.03209069550134
MOP_kg_ha,MLR,66,74.33095008987812
MOP_kg_ha,MLR,101,84.85049917439906
MOP_kg_ha,MLR,104.8,85.86395749335459
MOP_kg_ha,MLR,32.7,39.20530219411259
MOP_kg_ha,MLR,63.9,66.60073695808317
MOP_kg_ha,MLR,65.4,52.03573464708615
MOP_kg_ha,MLR,68.3,68.88530033995075
MOP_kg_ha,MLR,65.3,58.98372303574751
MOP_kg_ha,MLR,31.8,39.59822737059137
MOP_kg_ha,MLR,66,52.81438794217538
MOP_kg_ha,MLR,31.5,47.604613606197766
MOP_kg_ha,MLR,33.4,40.766754886302216
MOP_kg_ha,MLR,93.1,83.78408647959108
MOP_kg_ha,MLR,30.9,22.309168000164064
MOP_kg_ha,MLR,33.8,45.70564359905268
MOP_kg_ha,MLR,32.5,36.77960180724015
MOP_kg_ha,MLR,69.2,52.687160799341925
MOP_kg_ha,MLR,105.7,95.5132290517076
MOP_kg_ha,MLR,105.3,91.71192131889408
MOP_kg_ha,MLR,35.7,37.260451225557645
MOP_kg_ha,MLR,65.2,72.4105870970904
MOP_kg_ha,MLR,102.2,84.864099119988
MOP_kg_ha,MLR,64.8,69.16002554203726
MOP_kg_ha,MLR,34.3,37.81990453921978
MOP_kg_ha,MLR,32.4,16.552083335908524
MOP_kg_ha,MLR,104.8,83.49276264387306
MOP_kg_ha,MLR,69.4,54.17824964875428
MOP_kg_ha,MLR,33.2,31.702993466618484
MOP_kg_ha,MLR,102.4,88.63591932879903
MOP_kg_ha,MLR,99.9,88.30543448242528
MOP_kg_ha,MLR,65.6,53.50759121959559
MOP_kg_ha,MLR,32.5,26.98383449369148
MOP_kg_ha,MLR,68,60.915979288316095
MOP_kg_ha,MLR,69.7,54.60689760812173
MOP_kg_ha,MLR,67.8,79.84789197604434
MOP_kg_ha,MLR,31.6,18.70814443015746
MOP_kg_ha,MLR,64.6,77.31967853388407
MOP_kg_ha,MLR,33.9,35.28998752557935
MOP_kg_ha,MLR,35,33.3231787102793
MOP_kg_ha,MLR,31.1,45.18475201997838
MOP_kg_ha,MLR,103.8,85.11671730265057
MOP_kg_ha,MLR,68.7,51.90615572611143
MOP_kg_ha,MLR,34.9,40.97240014176359
MOP_kg_ha,MLR,70.9,77.3670205024691
MOP_kg_ha,MLR,34.9,41.533694405001526
MOP_kg_ha,MLR,96.5,83.20672831251876
MOP_kg_ha,MLR,65.1,61.81019442072629
MOP_kg_ha,MLR,31.8,34.65835347729424
MOP_kg_ha,MLR,64.2,70.65443891448511
MOP_kg_ha,MLR,103.3,92.52466634603142
MOP_kg_ha,MLR,70.1,71.5246201347043
MOP_kg_ha,MLR,70.1,55.397083687408255
MOP_kg_ha,MLR,63.1,64.46544041997495
MOP_kg_ha,MLR,94.6,90.22032983525325
MOP_kg_ha,MLR,63,82.97845615185571
MOP_kg_ha,MLR,34.8,33.093747713253954
MOP_kg_ha,MLR,71.6,75.68458030385636
MOP_kg_ha,MLR,65.1,54.510577650465606
MOP_kg_ha,MLR,66.4,69.73150638313093
MOP_kg_ha,MLR,66.6,56.920003983364715
MOP_kg_ha,MLR,33.9,20.880694221372664
MOP_kg_ha,MLR,65.7,52.47821537868709
MOP_kg_ha,MLR,35.8,29.783188529101025
MOP_kg_ha,MLR,32.1,47.741116910086305
MOP_kg_ha,MLR,63.6,68.24085486360872
MOP_kg_ha,MLR,33.9,26.254572560590045
MOP_kg_ha,MLR,62.9,80.71839344952757
MOP_kg_ha,MLR,33.3,29.037218062896237
MOP_kg_ha,MLR,34.5,33.290046247430695
MOP_kg_ha,MLR,66.7,67.36417333398398
MOP_kg_ha,MLR,31.9,41.779097679199694
MOP_kg_ha,MLR,65.7,61.66997596021376
MOP_kg_ha,MLR,98,91.71558486711443
MOP_kg_ha,MLR,32.1,37.814461486232126
MOP_kg_ha,MLR,97.4,86.96982699815186
MOP_kg_ha,MLR,103.1,94.7889587013349
MOP_kg_ha,MLR,35.7,35.10558101886559
MOP_kg_ha,MLR,35,51.52133886318554
MOP_kg_ha,MLR,30.9,41.47560887374604
MOP_kg_ha,MLR,63,55.971764188858394
MOP_kg_ha,MLR,65.3,55.01709655633717
MOP_kg_ha,MLR,69,57.58424671642277
MOP_kg_ha,MLR,97.6,95.25920537846157
MOP_kg_ha,MLR,31.3,34.76014363424422
MOP_kg_ha,MLR,64.5,79.46373591727186
MOP_kg_ha,MLR,34.1,33.74852142449195
MOP_kg_ha,MLR,100.4,84.04191030530492
MOP_kg_ha,MLR,69.1,52.46629206436833
MOP_kg_ha,MLR,99.1,98.41885538048821
MOP_kg_ha,MLR,92.6,93.87364314971786
MOP_kg_ha,MLR,102.8,87.16218283901135
MOP_kg_ha,MLR,63.9,60.30495256163843
MOP_kg_ha,MLR,61.8,65.74517087756328
MOP_kg_ha,MLR,62.7,69.9108673757494
MOP_kg_ha,MLR,32.6,36.56942759195233
MOP_kg_ha,MLR,65.6,58.08964407167551
MOP_kg_ha,MLR,62.6,70.09110011843998
MOP_kg_ha,MLR,62.9,55.67377451691042
MOP_kg_ha,MLR,71.2,66.80089160739593
MOP_kg_ha,MLR,64.3,59.86642538450809
MOP_kg_ha,Ridge,34.5,40.67667984752142
MOP_kg_ha,Ridge,97.3,86.45406964543001
MOP_kg_ha,Ridge,32.4,44.16929861866874
MOP_kg_ha,Ridge,65.6,55.10283229955344
MOP_kg_ha,Ridge,95.8,88.40225020511696
MOP_kg_ha,Ridge,62.8,53.49510926903881
MOP_kg_ha,Ridge,31.8,50.881664127512785
MOP_kg_ha,Ridge,34.6,44.96063705598439
MOP_kg_ha,Ridge,104.1,85.21367870770676
MOP_kg_ha,Ridge,65.9,65.50348962451189
MOP_kg_ha,Ridge,69.7,71.78139365712988
MOP_kg_ha,Ridge,69.7,54.511506144471774
MOP_kg_ha,Ridge,32.8,41.251105766992694
MOP_kg_ha,Ridge,70.8,80.09713797041398
MOP_kg_ha,Ridge,64.8,55.54395602861624
MOP_kg_ha,Ridge,68.7,76.60214357743043
MOP_kg_ha,Ridge,67.6,54.3910900533151
MOP_kg_ha,Ridge,63.6,59.79326451791642
MOP_kg_ha,Ridge,96.8,92.51897238955009
MOP_kg_ha,Ridge,64.8,78.20691598724092
MOP_kg_ha,Ridge,101.5,94.17878328704418
MOP_kg_ha,Ridge,32,43.049344739121544
MOP_kg_ha,Ridge,67.8,61.540868485133046
MOP_kg_ha,Ridge,32,44.1220111052495
MOP_kg_ha,Ridge,99.3,83.88481517863198
MOP_kg_ha,Ridge,71,60.71771763252969
MOP_kg_ha,Ridge,62.8,60.60253363633029
MOP_kg_ha,Ridge,63.6,52.75194888572341
MOP_kg_ha,Ridge,62.2,55.80974357454177
MOP_kg_ha,Ridge,69.2,66.13159721310029
MOP_kg_ha,Ridge,35.7,42.99381842342142
MOP_kg_ha,Ridge,105.4,86.92433755567451
MOP_kg_ha,Ridge,64,53.55243688311669
MOP_kg_ha,Ridge,35.2,35.83891062992435
MOP_kg_ha,Ridge,64.6,80.55749853379496
MOP_kg_ha,Ridge,35.5,47.18246256363286
MOP_kg_ha,Ridge,66.8,80.03059747823978
MOP_kg_ha,Ridge,62.3,52.68329479164969
MOP_kg_ha,Ridge,94.2,85.85540998037237
MOP_kg_ha,Ridge,32.8,43.77709232099114
MOP_kg_ha,Ridge,69.6,54.4432130108885
MOP_kg_ha,Ridge,31.9,49.88429851152672
MOP_kg_ha,Ridge,70,78.82486684210092
MOP_kg_ha,Ridge,66.9,55.06789062851221
MOP_kg_ha,Ridge,94.9,82.95638752466222
MOP_kg_ha,Ridge,33.8,44.5029202887424
MOP_kg_ha,Ridge,63.9,59.25295872097232
MOP_kg_ha,Ridge,64.9,63.361816234276816
MOP_kg_ha,Ridge,61.7,75.30280976250987
MOP_kg_ha,Ridge,68.7,63.6764096501013
MOP_kg_ha,Ridge,31.4,47.81250297447145
MOP_kg_ha,Ridge,104,86.07736299902473
MOP_kg_ha,Ridge,66.1,73.98031030964462
MOP_kg_ha,Ridge,64.5,80.4651154277485
MOP_kg_ha,Ridge,32.6,37.50047097844969
MOP_kg_ha,Ridge,96.3,93.03303216990481
MOP_kg_ha,Ridge,71.6,75.40100101857881
MOP_kg_ha,Ridge,33,50.312178233002406
MOP_kg_ha,Ridge,64.8,77.1597926179423
MOP_kg_ha,Ridge,34.9,33.34593350813952
MOP_kg_ha,Ridge,32.3,46.09990304844159
MOP_kg_ha,Ridge,70.3,54.98415052468386
MOP_kg_ha,Ridge,66.1,65.39483713590992
MOP_kg_ha,Ridge,65.9,60.03798720495028
MOP_kg_ha,Ridge,33.9,47.78185422036395
MOP_kg_ha,Ridge,65.9,78.46299816007206
MOP_kg_ha,Ridge,68.8,74.07135914938286
MOP_kg_ha,Ridge,95.9,91.00523465611205
MOP_kg_ha,Ridge,93.9,93.54030031342357
MOP_kg_ha,Ridge,101.8,92.50741943057021
MOP_kg_ha,Ridge,66.5,55.3145538993737
MOP_kg_ha,Ridge,62.9,67.74781962737389
MOP_kg_ha,Ridge,33.8,22.710796939427812
MOP_kg_ha,Ridge,65.1,54.32065528038321
MOP_kg_ha,Ridge,65.1,54.29267411344405
MOP_kg_ha,Ridge,33.7,51.94438552289867
MOP_kg_ha,Ridge,33.2,30.37941915208755
MOP_kg_ha,Ridge,67.3,53.494854416317885
MOP_kg_ha,Ridge,104.1,93.36283032971885
MOP_kg_ha,Ridge,62.2,66.89832360176636
MOP_kg_ha,Ridge,68.5,77.98444243128925
MOP_kg_ha,Ridge,32.4,49.301819508637635
MOP_kg_ha,Ridge,69.5,74.3563671451626
MOP_kg_ha,Ridge,34.9,42.851073780932154
MOP_kg_ha,Ridge,65.2,77.87945500213559
MOP_kg_ha,Ridge,102.7,94.50188908852867
MOP_kg_ha,Ridge,33.3,14.784377774931565
MOP_kg_ha,Ridge,63.2,65.93963159547647
MOP_kg_ha,Ridge,65.7,61.953163129703185
MOP_kg_ha,Ridge,31.4,40.85690355192699
MOP_kg_ha,Ridge,32.3,37.40278986000346
MOP_kg_ha,Ridge,62,56.97609022899955
MOP_kg_ha,Ridge,71,64.96221850782808
MOP_kg_ha,Ridge,102.8,82.16355225991357
MOP_kg_ha,Ridge,65.6,53.40417230184842
MOP_kg_ha,Ridge,94.3,89.7148216171063
MOP_kg_ha,Ridge,70.1,52.801387324264944
MOP_kg_ha,Ridge,33.9,39.860614973134616
MOP_kg_ha,Ridge,102.2,92.3173443490082
MOP_kg_ha,Ridge,95.6,83.34175559710393
MOP_kg_ha,Ridge,63.1,74.2525419384078
MOP_kg_ha,Ridge,67.1,70.55500775554746
MOP_kg_ha,Ridge,32.8,42.02561181615521
MOP_kg_ha,Ridge,65.4,74.20630027095955
MOP_kg_ha,Ridge,98.5,92.14547697032901
MOP_kg_ha,Ridge,32.4,48.582594049661
MOP_kg_ha,Ridge,107.2,95.47949002992837
MOP_kg_ha,Ridge,34.3,28.188449899838055
MOP_kg_ha,Ridge,32.7,48.63129124064552
MOP_kg_ha,Ridge,64.5,67.80370080101943
MOP_kg_ha,Ridge,32.4,45.44384991055777
MOP_kg_ha,Ridge,35.3,43.308731486741664
MOP_kg_ha,Ridge,33.4,46.218588895742435
MOP_kg_ha,Ridge,69.7,62.61574996459506
MOP_kg_ha,Ridge,66.4,75.92314531694831
MOP_kg_ha,Ridge,35,43.45344494410016
MOP_kg_ha,Ridge,32.5,47.275351885653485
MOP_kg_ha,Ridge,66.2,53.0258588119501
MOP_kg_ha,Ridge,31.9,27.565239497299206
MOP_kg_ha,Ridge,35.7,39.48445483306995
MOP_kg_ha,Ridge,32.8,39.425829272719184
MOP_kg_ha,Ridge,100.9,83.03489825266338
MOP_kg_ha,Ridge,102.1,92.8642387050404
MOP_kg_ha,Ridge,70.1,56.33368661155435
MOP_kg_ha,Ridge,66.2,59.78360842108732
MOP_kg_ha,Ridge,70.6,79.06685207779613
MOP_kg_ha,Ridge,93.4,90.8992591927222
MOP_kg_ha,Ridge,105.6,83.29219768055242
MOP_kg_ha,Ridge,104.2,80.90074604266786
MOP_kg_ha,Ridge,71,55.01381733817942
MOP_kg_ha,Ridge,67.1,69.34632484822161
MOP_kg_ha,Ridge,33.4,25.601927747657744
MOP_kg_ha,Ridge,32.3,34.62177479886146
MOP_kg_ha,Ridge,67,79.08893910884069
MOP_kg_ha,Ridge,65.5,70.84335447051372
MOP_kg_ha,Ridge,66.4,67.67716158079361
MOP_kg_ha,Ridge,66,58.09328701614162
MOP_kg_ha,Ridge,70.5,70.19896399716053
MOP_kg_ha,Ridge,64.1,56.35693874544094
MOP_kg_ha,Ridge,104.7,84.94884518827467
MOP_kg_ha,Ridge,70,67.86278211564297
MOP_kg_ha,Ridge,71.1,71.69844624139829
MOP_kg_ha,Ridge,107.4,87.65883880326804
MOP_kg_ha,Ridge,34.2,37.070985196729524
MOP_kg_ha,Ridge,93.6,82.06328804664483
MOP_kg_ha,Ridge,69.7,67.79669061225748
MOP_kg_ha,Ridge,31.3,44.273121171863416
MOP_kg_ha,Ridge,32.9,41.6431238807436
MOP_kg_ha,Ridge,104.3,86.67927181664619
MOP_kg_ha,Ridge,33.9,27.242522477262433
MOP_kg_ha,Ridge,102.8,83.7901088687661
MOP_kg_ha,Ridge,35,46.19905704939792
MOP_kg_ha,Ridge,33.7,38.5633148750004
MOP_kg_ha,Ridge,35.6,49.85002612385476
MOP_kg_ha,Ridge,30.9,30.02974577890236
MOP_kg_ha,Ridge,31.9,31.190263792662943
MOP_kg_ha,Ridge,66.4,69.92722989093464
MOP_kg_ha,Ridge,97.8,84.43960649145161
MOP_kg_ha,Ridge,31.5,41.80899814860313
MOP_kg_ha,Ridge,66.1,74.9051886580195
MOP_kg_ha,Ridge,31.8,38.7548306206619
MOP_kg_ha,Ridge,99.5,85.07645235661315
MOP_kg_ha,Ridge,66.9,64.04289469785864
MOP_kg_ha,Ridge,69.5,60.75450534807648
MOP_kg_ha,Ridge,96.6,83.32902541430826
MOP_kg_ha,Ridge,34.2,27.0573890239811
MOP_kg_ha,Ridge,93.5,81.27986294964995
MOP_kg_ha,Ridge,63.1,74.20807849350535
MOP_kg_ha,Ridge,70.4,51.973652756622236
MOP_kg_ha,Ridge,64.7,71.09298563589432
MOP_kg_ha,Ridge,106.5,90.83937710234427
MOP_kg_ha,Ridge,61.9,55.84064556416098
MOP_kg_ha,Ridge,62.6,80.73588917008826
MOP_kg_ha,Ridge,101.7,87.0015853902974
MOP_kg_ha,Ridge,71.5,72.80493715866545
MOP_kg_ha,Ridge,64.7,62.24455454618591
MOP_kg_ha,Ridge,63,67.1023242589201
MOP_kg_ha,Ridge,31.4,24.8009991826703
MOP_kg_ha,Ridge,34,27.754138635305846
MOP_kg_ha,Ridge,31.3,41.177846438670414
MOP_kg_ha,Ridge,34.8,46.20250163405366
MOP_kg_ha,Ridge,65.6,70.27141200071557
MOP_kg_ha,Ridge,95,86.85016953636313
MOP_kg_ha,Ridge,64.2,54.119324432097045
MOP_kg_ha,Ridge,64.4,76.92808909736098
MOP_kg_ha,Ridge,31.4,26.866857411423286
MOP_kg_ha,Ridge,65.4,60.90340297409584
MOP_kg_ha,Ridge,71,54.45934793619338
MOP_kg_ha,Ridge,62.6,69.66533734609925
MOP_kg_ha,Ridge,35.7,46.93811460508638
MOP_kg_ha,Ridge,64.5,82.30796080510885
MOP_kg_ha,Ridge,31.4,44.30633439755692
MOP_kg_ha,Ridge,34.6,43.970612986925495
MOP_kg_ha,Ridge,35.6,48.73119652589531
MOP_kg_ha,Ridge,98.6,82.7750224436181
MOP_kg_ha,Ridge,61.9,57.425138147388786
MOP_kg_ha,Ridge,63.6,54.34684617085178
MOP_kg_ha,Ridge,71.7,75.2423186200504
MOP_kg_ha,Ridge,67.3,68.59291070666166
MOP_kg_ha,Ridge,32.3,48.25508058986344
MOP_kg_ha,Ridge,31.9,32.72778494954316
MOP_kg_ha,Ridge,33.4,47.285241493416336
MOP_kg_ha,Ridge,70.2,59.29101593154522
MOP_kg_ha,Ridge,69,55.96474005147243
MOP_kg_ha,Ridge,70.7,58.148892914893345
MOP_kg_ha,Ridge,100.6,82.4396174149504
MOP_kg_ha,Ridge,65.8,56.95961803392027
MOP_kg_ha,Ridge,33.3,43.7259080481262
MOP_kg_ha,Ridge,105.5,83.97383642574266
MOP_kg_ha,Ridge,31,45.16180602722013
MOP_kg_ha,Ridge,69.4,52.1766745750395
MOP_kg_ha,Ridge,32.1,42.85479050681093
MOP_kg_ha,Ridge,68.9,53.89226702569792
MOP_kg_ha,Ridge,62.8,73.06918841274373
MOP_kg_ha,Ridge,69,80.40677424522315
MOP_kg_ha,Ridge,34.3,42.21223509751231
MOP_kg_ha,Ridge,70.5,78.18066583477089
MOP_kg_ha,Ridge,68.6,51.71037544410419
MOP_kg_ha,Ridge,63.1,71.53888443491978
MOP_kg_ha,Ridge,62.5,65.50338709886996
MOP_kg_ha,Ridge,32.8,40.791501508206004
MOP_kg_ha,Ridge,62.9,59.96998229159105
MOP_kg_ha,Ridge,97.8,95.48384545525066
MOP_kg_ha,Ridge,35.1,46.42631585925099
MOP_kg_ha,Ridge,34.5,47.093303578126545
MOP_kg_ha,Ridge,33.8,38.15072234829747
MOP_kg_ha,Ridge,30.9,30.17039594352534
MOP_kg_ha,Ridge,66,77.90331332541801
MOP_kg_ha,Ridge,34,41.473991792806856
MOP_kg_ha,Ridge,67.8,73.67418390454067
MOP_kg_ha,Ridge,70.1,53.794181185673935
MOP_kg_ha,Ridge,66.6,79.9011217948509
MOP_kg_ha,Ridge,101.1,92.42539673109866
MOP_kg_ha,Ridge,63.3,58.83790405550353
MOP_kg_ha,Ridge,32,38.28279804522945
MOP_kg_ha,Ridge,34,44.27239810199119
MOP_kg_ha,Ridge,30.9,15.189620260361254
MOP_kg_ha,Ridge,35.6,51.54653669778325
MOP_kg_ha,Ridge,31.6,37.26082380053861
MOP_kg_ha,Ridge,71.1,77.89820519200684
MOP_kg_ha,Ridge,63.8,69.90398221984796
MOP_kg_ha,Ridge,33.2,48.6478451780842
MOP_kg_ha,Ridge,62.5,68.76260567377423
MOP_kg_ha,Ridge,62.3,56.023747096826156
MOP_kg_ha,Ridge,35.6,36.15579824712665
MOP_kg_ha,Ridge,35.4,37.58671317028571
MOP_kg_ha,Ridge,34.7,18.892019878828023
MOP_kg_ha,Ridge,65.7,59.143157128289324
MOP_kg_ha,Ridge,34,42.12024242826714
MOP_kg_ha,Ridge,106.1,85.43895369736894
MOP_kg_ha,Ridge,33.2,33.2170203138045
MOP_kg_ha,Ridge,68.3,72.80646425353726
MOP_kg_ha,Ridge,62,56.635730059475165
MOP_kg_ha,Ridge,67.2,53.486827754906436
MOP_kg_ha,Ridge,100.9,83.77891853737003
MOP_kg_ha,Ridge,71.3,64.92625724072892
MOP_kg_ha,Ridge,33.8,48.88400196961118
MOP_kg_ha,Ridge,65.7,75.17231381979809
MOP_kg_ha,Ridge,66.2,60.43078494464622
MOP_kg_ha,Ridge,107.3,85.84628695458252
MOP_kg_ha,Ridge,71.7,76.31997622927443
MOP_kg_ha,Ridge,35.5,48.68429310389581
MOP_kg_ha,Ridge,33.8,42.15425274341351
MOP_kg_ha,Ridge,66.4,59.122475740881455
MOP_kg_ha,Ridge,31.9,42.381331467960365
MOP_kg_ha,Ridge,62,61.09803378092692
MOP_kg_ha,Ridge,35.8,48.45847816012931
MOP_kg_ha,Ridge,32.3,49.525343701887955
MOP_kg_ha,Ridge,32,44.78891875577573
MOP_kg_ha,Ridge,97.3,86.18002053022498
MOP_kg_ha,Ridge,35.8,41.874811329919176
MOP_kg_ha,Ridge,105.3,89.95906415480219
MOP_kg_ha,Ridge,67.8,52.500334204321035
MOP_kg_ha,Ridge,34.5,29.213037801362738
MOP_kg_ha,Ridge,66.8,63.526851045505765
MOP_kg_ha,Ridge,33.8,38.58097606573479
MOP_kg_ha,Ridge,62.7,63.222937717737345
MOP_kg_ha,Ridge,34.8,26.390076669193487
MOP_kg_ha,Ridge,67.4,55.952781853256774
MOP_kg_ha,Ridge,68.7,53.98872826166675
MOP_kg_ha,Ridge,71.2,64.4279258626856
MOP_kg_ha,Ridge,62.6,64.83032314250762
MOP_kg_ha,Ridge,97.3,91.59146471056462
MOP_kg_ha,Ridge,34.3,31.268997478989917
MOP_kg_ha,Ridge,35.4,48.394531358969196
MOP_kg_ha,Ridge,69.8,62.26969010141362
MOP_kg_ha,Ridge,70.7,74.60573545232546
MOP_kg_ha,Ridge,34.2,40.84515661538339
MOP_kg_ha,Ridge,69.4,75.15523768452105
MOP_kg_ha,Ridge,68.6,70.49717794338554
MOP_kg_ha,Ridge,33.9,50.633418010872724
MOP_kg_ha,Ridge,35.1,44.47191425427134
MOP_kg_ha,Ridge,35.3,34.772555272440705
MOP_kg_ha,Ridge,62.4,73.26165152100103
MOP_kg_ha,Ridge,33.1,40.486835273354906
MOP_kg_ha,Ridge,33.8,47.386730348066735
MOP_kg_ha,Ridge,107.3,83.17237892152474
MOP_kg_ha,Ridge,68.1,71.34785878673334
MOP_kg_ha,Ridge,63.7,70.59191874202274
MOP_kg_ha,Ridge,68.7,77.58229550227568
MOP_kg_ha,Ridge,32.9,42.37946356594502
MOP_kg_ha,Ridge,34.2,35.993653783959395
MOP_kg_ha,Ridge,103.6,84.71838567503677
MOP_kg_ha,Ridge,33.4,43.561916188660966
MOP_kg_ha,Ridge,65.5,80.59281170378317
MOP_kg_ha,Ridge,35.3,23.340985856382382
MOP_kg_ha,Ridge,62.5,78.46140185846964
MOP_kg_ha,Ridge,70.9,70.49293899656847
MOP_kg_ha,Ridge,33.1,29.513885732245626
MOP_kg_ha,Ridge,105.4,87.14161957356677
MOP_kg_ha,Ridge,67.9,54.67704557642585
MOP_kg_ha,Ridge,99.2,93.99951819438574
MOP_kg_ha,Ridge,33.4,44.82069757164866
MOP_kg_ha,Ridge,32.9,20.958195370854924
MOP_kg_ha,Ridge,32.9,19.680704032616433
MOP_kg_ha,Ridge,33.8,18.37127403194014
MOP_kg_ha,Ridge,34.9,48.21436660725629
MOP_kg_ha,Ridge,65.4,52.54634666617398
MOP_kg_ha,Ridge,64.9,61.800777047450254
MOP_kg_ha,Ridge,35.6,40.81464597963527
MOP_kg_ha,Ridge,35,28.13165627109354
MOP_kg_ha,Ridge,62.6,71.26348282481898
MOP_kg_ha,Ridge,68.9,77.38005458480502
MOP_kg_ha,Ridge,63.3,62.59651640074356
MOP_kg_ha,Ridge,63,75.57212947596778
MOP_kg_ha,Ridge,34.7,38.83620042412389
MOP_kg_ha,Ridge,62.2,77.65007315642525
MOP_kg_ha,Ridge,65.4,71.01511445913887
MOP_kg_ha,Ridge,63.5,56.21197279798839
MOP_kg_ha,Ridge,33.9,25.277772518388726
MOP_kg_ha,Ridge,33.7,48.29041717303543
MOP_kg_ha,Ridge,34.5,23.128633796376715
MOP_kg_ha,Ridge,32.6,48.07764306199585
MOP_kg_ha,Ridge,63.5,65.59559921038277
MOP_kg_ha,Ridge,70.8,53.19869398568271
MOP_kg_ha,Ridge,69.9,70.09615900667706
MOP_kg_ha,Ridge,35.1,43.868857354805066
MOP_kg_ha,Ridge,32.7,47.358130271068326
MOP_kg_ha,Ridge,66,60.04388362505443
MOP_kg_ha,Ridge,71,57.570907242577135
MOP_kg_ha,Ridge,31.6,28.093535154081852
MOP_kg_ha,Ridge,68,66.14607743564783
MOP_kg_ha,Ridge,68.9,67.7002027420939
MOP_kg_ha,Ridge,68.1,57.92166867929196
MOP_kg_ha,Ridge,101.7,82.07835315069671
MOP_kg_ha,Ridge,34.9,47.122119085834484
MOP_kg_ha,Ridge,70.5,56.60576568477217
MOP_kg_ha,Ridge,30.9,46.73272542016906
MOP_kg_ha,Ridge,66.1,62.471829256219586
MOP_kg_ha,Ridge,64.5,52.80083635372306
MOP_kg_ha,Ridge,99.1,93.4734452120744
MOP_kg_ha,Ridge,33.7,49.38236905484544
MOP_kg_ha,Ridge,33.8,51.829099674603555
MOP_kg_ha,Ridge,62.6,66.4077672062624
MOP_kg_ha,Ridge,31.1,20.10529428610341
MOP_kg_ha,Ridge,33.1,51.560689782429876
MOP_kg_ha,Ridge,61.8,67.70305490456151
MOP_kg_ha,Ridge,61.8,72.98325257642489
MOP_kg_ha,Ridge,33.3,16.895536234599685
MOP_kg_ha,Ridge,70.6,57.193554736494754
MOP_kg_ha,Ridge,62.2,64.51635024511356
MOP_kg_ha,Ridge,62.5,60.18422567888464
MOP_kg_ha,Ridge,35.8,42.165870135440954
MOP_kg_ha,Ridge,66.9,77.28370488157076
MOP_kg_ha,Ridge,67.8,56.566356314815806
MOP_kg_ha,Ridge,32.2,48.615649193219724
MOP_kg_ha,Ridge,62.2,69.37381036792223
MOP_kg_ha,Ridge,103.4,91.72571929290714
MOP_kg_ha,Ridge,70.5,60.931384845589506
MOP_kg_ha,Ridge,35.3,34.0835451489547
MOP_kg_ha,Ridge,69.2,60.63459403974082
MOP_kg_ha,Ridge,32.2,50.214919584770605
MOP_kg_ha,Ridge,35.1,43.86589483010767
MOP_kg_ha,Ridge,70.4,69.1328031514507
MOP_kg_ha,Ridge,101.5,88.41787018477461
MOP_kg_ha,Ridge,66.2,65.21645026793985
MOP_kg_ha,Ridge,31.7,44.20004430120605
MOP_kg_ha,Ridge,65,54.94158119910273
MOP_kg_ha,Ridge,33,50.007602578470966
MOP_kg_ha,Ridge,33.6,31.94147004934133
MOP_kg_ha,Ridge,62.1,65.1922209991531
MOP_kg_ha,Ridge,93.8,88.53336813241317
MOP_kg_ha,Ridge,33,36.73066361169601
MOP_kg_ha,Ridge,100.6,84.32852642847898
MOP_kg_ha,Ridge,68.7,65.32180807583961
MOP_kg_ha,Ridge,66.9,58.44923797950175
MOP_kg_ha,Ridge,32,35.31855407831755
MOP_kg_ha,Ridge,66.7,79.10833264717488
MOP_kg_ha,Ridge,34.9,40.50021104613281
MOP_kg_ha,Ridge,103.2,81.0775580301052
MOP_kg_ha,Ridge,62.4,58.4324021992087
MOP_kg_ha,Ridge,63,73.76479999224983
MOP_kg_ha,Ridge,71.5,69.96501238005524
MOP_kg_ha,Ridge,96.7,83.47115540884961
MOP_kg_ha,Ridge,104.3,84.34181046380353
MOP_kg_ha,Ridge,71,70.72006442985433
MOP_kg_ha,Ridge,67.3,62.25661418368638
MOP_kg_ha,Ridge,64.2,58.65347616518375
MOP_kg_ha,Ridge,64.1,78.28660790316628
MOP_kg_ha,Ridge,65.6,75.95821392513643
MOP_kg_ha,Ridge,69.1,58.73974418885352
MOP_kg_ha,Ridge,70.4,69.6194398404433
MOP_kg_ha,Ridge,68.4,69.8379306753109
MOP_kg_ha,Ridge,65.9,59.80970936215039
MOP_kg_ha,Ridge,107.3,84.60392921647579
MOP_kg_ha,Ridge,34.3,28.74837187954501
MOP_kg_ha,Ridge,61.8,64.18530496037351
MOP_kg_ha,Ridge,35.1,46.11900095677976
MOP_kg_ha,Ridge,33,23.522407592844292
MOP_kg_ha,Ridge,34.2,52.85678318601738
MOP_kg_ha,Ridge,71,62.77355052150028
MOP_kg_ha,Ridge,69,65.1164191435593
MOP_kg_ha,Ridge,30.8,39.86195058130676
MOP_kg_ha,Ridge,69.6,72.75880331470391
MOP_kg_ha,Ridge,33.5,40.24639931534714
MOP_kg_ha,Ridge,66.2,69.40515712891838
MOP_kg_ha,Ridge,66.3,70.72534280409866
MOP_kg_ha,Ridge,34.1,50.7371781757669
MOP_kg_ha,Ridge,33.3,34.30785770868714
MOP_kg_ha,Ridge,69.5,65.400113439391
MOP_kg_ha,Ridge,70.4,73.01116203523856
MOP_kg_ha,Ridge,63.6,67.50340029593862
MOP_kg_ha,Ridge,31,33.734752160043755
MOP_kg_ha,Ridge,66.2,62.67723028441363
MOP_kg_ha,Ridge,64.7,68.74344926403298
MOP_kg_ha,Ridge,67.5,65.89439659278904
MOP_kg_ha,Ridge,34.2,41.35404962339944
MOP_kg_ha,Ridge,34.3,18.73008698899608
MOP_kg_ha,Ridge,69,62.697534581134676
MOP_kg_ha,Ridge,31.4,43.22316463082374
MOP_kg_ha,Ridge,71.1,73.72550607013476
MOP_kg_ha,Ridge,66,66.69430825705184
MOP_kg_ha,Ridge,34.1,20.454346569358915
MOP_kg_ha,Ridge,66.7,77.23953289496673
MOP_kg_ha,Ridge,70.5,68.15167848137297
MOP_kg_ha,Ridge,34,49.0195970107976
MOP_kg_ha,Ridge,32.7,51.9752833280228
MOP_kg_ha,Ridge,68.8,79.53640968788972
MOP_kg_ha,Ridge,32.8,31.155656278802518
MOP_kg_ha,Ridge,103.5,81.92995391721281
MOP_kg_ha,Ridge,31.5,50.2067598828152
MOP_kg_ha,Ridge,64.4,66.79697795204262
MOP_kg_ha,Ridge,32.9,48.4795841811843
MOP_kg_ha,Ridge,31.3,51.643419567306445
MOP_kg_ha,Ridge,31.8,45.302421973590356
MOP_kg_ha,Ridge,33.5,38.4838763300649
MOP_kg_ha,Ridge,32,45.687678627083706
MOP_kg_ha,Ridge,63.1,65.88809772521748
MOP_kg_ha,Ridge,66.9,75.04718620318303
MOP_kg_ha,Ridge,31.1,43.89516631291062
MOP_kg_ha,Ridge,67.6,65.4880287832402
MOP_kg_ha,Ridge,34.7,42.605894914614765
MOP_kg_ha,Ridge,93.8,89.90460986675188
MOP_kg_ha,Ridge,32.8,44.38049957343443
MOP_kg_ha,Ridge,102.2,83.14121994048098
MOP_kg_ha,Ridge,34.7,46.08995670918347
MOP_kg_ha,Ridge,63.5,59.85431056166302
MOP_kg_ha,Ridge,67.7,72.37324611316988
MOP_kg_ha,Ridge,65.9,71.69990420229773
MOP_kg_ha,Ridge,70.2,68.58127251691772
MOP_kg_ha,Ridge,32,40.60238047609769
MOP_kg_ha,Ridge,31.2,49.39170205033319
MOP_kg_ha,Ridge,64.3,74.51506306759053
MOP_kg_ha,Ridge,33.7,40.170254532028814
MOP_kg_ha,Ridge,65.4,69.9241155869179
MOP_kg_ha,Ridge,65.1,73.98722736858117
MOP_kg_ha,Ridge,66,52.826292566075026
MOP_kg_ha,Ridge,31,24.407979865322204
MOP_kg_ha,Ridge,63.1,79.15546460077404
MOP_kg_ha,Ridge,66.7,69.13009585000978
MOP_kg_ha,Ridge,31.7,50.512287822604996
MOP_kg_ha,Ridge,70.8,71.67679138383217
MOP_kg_ha,Ridge,31.4,41.80110151064779
MOP_kg_ha,Ridge,33.6,31.713922044649514
MOP_kg_ha,Ridge,62.4,58.20578237122378
MOP_kg_ha,Ridge,33.1,50.917689577320715
MOP_kg_ha,Ridge,32.1,37.06380950842078
MOP_kg_ha,Ridge,33.2,38.90934078682609
MOP_kg_ha,Ridge,31.3,48.96390912510048
MOP_kg_ha,Ridge,32.9,34.06513418884781
MOP_kg_ha,Ridge,35.4,42.94473102011651
MOP_kg_ha,Ridge,63,77.13551673196787
MOP_kg_ha,Ridge,65.7,73.32340212888897
MOP_kg_ha,Ridge,34.9,35.293652032259494
MOP_kg_ha,Ridge,35.3,17.82475522307125
MOP_kg_ha,Ridge,32,42.45597328585583
MOP_kg_ha,Ridge,31.3,23.44391975679465
MOP_kg_ha,Ridge,35.4,48.14051858641148
MOP_kg_ha,Ridge,35.4,43.32186052226058
MOP_kg_ha,Ridge,62.9,72.94768242873154
MOP_kg_ha,Ridge,33.2,26.437837244828028
MOP_kg_ha,Ridge,64.4,54.22289597288214
MOP_kg_ha,Ridge,66.2,53.87150437187673
MOP_kg_ha,Ridge,104.8,90.74824726946541
MOP_kg_ha,Ridge,66.9,64.82829590242784
MOP_kg_ha,Ridge,65.9,71.31829877101578
MOP_kg_ha,Ridge,62.4,57.383451844934115
MOP_kg_ha,Ridge,34.8,22.429669685719077
MOP_kg_ha,Ridge,31.3,21.44944105938048
MOP_kg_ha,Ridge,103.9,85.53399635011775
MOP_kg_ha,Ridge,98.8,81.89502724091982
MOP_kg_ha,Ridge,35,16.829958582960863
MOP_kg_ha,Ridge,71.5,56.570415291619625
MOP_kg_ha,Ridge,103.4,83.58801337134783
MOP_kg_ha,Ridge,70.5,70.33247654107156
MOP_kg_ha,Ridge,32.1,24.185188806870084
MOP_kg_ha,Ridge,31,28.801315562464705
MOP_kg_ha,Ridge,100.5,85.16303663173966
MOP_kg_ha,Ridge,69.9,55.13158162474099
MOP_kg_ha,Ridge,34.7,32.28433440653683
MOP_kg_ha,Ridge,63.7,73.44585475095538
MOP_kg_ha,Ridge,32.6,36.772334547769894
MOP_kg_ha,Ridge,100,82.18086271316362
MOP_kg_ha,Ridge,70.3,67.18911020159433
MOP_kg_ha,Ridge,30.8,32.4681851405497
MOP_kg_ha,Ridge,68.1,63.95677980374298
MOP_kg_ha,Ridge,70.6,77.39444805516781
MOP_kg_ha,Ridge,31.8,47.05462431112455
MOP_kg_ha,Ridge,68.5,61.21728991713355
MOP_kg_ha,Ridge,66.2,75.27437039822316
MOP_kg_ha,Ridge,70.8,77.57557003487717
MOP_kg_ha,Ridge,62.3,68.0117165525703
MOP_kg_ha,Ridge,66.7,56.94593884665087
MOP_kg_ha,Ridge,69.9,75.9656911246984
MOP_kg_ha,Ridge,62.4,58.602549371077174
MOP_kg_ha,Ridge,67.1,76.58962278762165
MOP_kg_ha,Ridge,68.4,79.14863682918316
MOP_kg_ha,Ridge,62.9,60.41292739227171
MOP_kg_ha,Ridge,34.9,40.13992983355543
MOP_kg_ha,Ridge,62.1,57.94828886094647
MOP_kg_ha,Ridge,71.5,72.83370678763941
MOP_kg_ha,Ridge,32.5,25.28263402912075
MOP_kg_ha,Ridge,33.2,50.51840319833528
MOP_kg_ha,Ridge,64.5,71.96838903000891
MOP_kg_ha,Ridge,71.4,63.37391453586789
MOP_kg_ha,Ridge,66.1,75.42442341664464
MOP_kg_ha,Ridge,67.2,75.63965051506058
MOP_kg_ha,Ridge,35.6,31.332954264251416
MOP_kg_ha,Ridge,69.5,71.48336275497815
MOP_kg_ha,Ridge,64.7,67.0616917876003
MOP_kg_ha,Ridge,31.3,17.10535098882597
MOP_kg_ha,Ridge,35.3,47.29392771507256
MOP_kg_ha,Ridge,97.4,85.54109468991031
MOP_kg_ha,Ridge,64.7,62.23915267374439
MOP_kg_ha,Ridge,67.6,71.62993147495175
MOP_kg_ha,Ridge,64.4,51.57697653163545
MOP_kg_ha,Ridge,35.1,48.893378562519004
MOP_kg_ha,Ridge,65,68.91490375210682
MOP_kg_ha,Ridge,97.7,85.98763548133265
MOP_kg_ha,Ridge,66.3,74.9286941739168
MOP_kg_ha,Ridge,102.8,82.75986574404709
MOP_kg_ha,Ridge,63.3,62.09078751139953
MOP_kg_ha,Ridge,68.9,58.292086598442005
MOP_kg_ha,Ridge,104.1,92.01455385994952
MOP_kg_ha,Ridge,67.5,67.67849121792038
MOP_kg_ha,Ridge,97.6,92.49048438760583
MOP_kg_ha,Ridge,65.5,60.06908998091547
MOP_kg_ha,Ridge,35.2,44.799273109794804
MOP_kg_ha,Ridge,62,64.40316158701187
MOP_kg_ha,Ridge,68.4,57.02546256461528
MOP_kg_ha,Ridge,34.6,52.363001434342564
MOP_kg_ha,Ridge,104.9,92.3301675257311
MOP_kg_ha,Ridge,34.9,43.24346758257571
MOP_kg_ha,Ridge,107.1,83.58647092699736
MOP_kg_ha,Ridge,62.6,78.32370238083871
MOP_kg_ha,Ridge,35.1,37.572481817793204
MOP_kg_ha,Ridge,33.6,50.74196992472513
MOP_kg_ha,Ridge,34.2,47.33225194203225
MOP_kg_ha,Ridge,67.9,78.45586568995414
MOP_kg_ha,Ridge,98.3,91.74983325743311
MOP_kg_ha,Ridge,101.5,82.49096729294772
MOP_kg_ha,Ridge,67.5,77.18639919065848
MOP_kg_ha,Ridge,94.3,81.03538711007126
MOP_kg_ha,Ridge,64.8,58.15374491270251
MOP_kg_ha,Ridge,34.5,15.879483148723935
MOP_kg_ha,Ridge,30.9,37.99244348735541
MOP_kg_ha,Ridge,62.7,56.24106307347567
MOP_kg_ha,Ridge,64.8,73.57756792294283
MOP_kg_ha,Ridge,64.5,52.18543483662587
MOP_kg_ha,Ridge,34.7,42.097563408585096
MOP_kg_ha,Ridge,68.5,59.554928903815686
MOP_kg_ha,Ridge,34.5,34.59028742179672
MOP_kg_ha,Ridge,98.9,85.15348382296057
MOP_kg_ha,Ridge,70.9,60.06062311111237
MOP_kg_ha,Ridge,66.2,72.29973836678003
MOP_kg_ha,Ridge,64.2,78.76150882013306
MOP_kg_ha,Ridge,65.5,57.32326592198859
MOP_kg_ha,Ridge,66.6,62.667479712580295
MOP_kg_ha,Ridge,66,75.1540281491831
MOP_kg_ha,Ridge,67,59.72447183162642
MOP_kg_ha,Ridge,63.3,72.30025555229585
MOP_kg_ha,Ridge,71.4,78.1960084708389
MOP_kg_ha,Ridge,62.6,72.61268032969093
MOP_kg_ha,Ridge,32.1,40.001165397271144
MOP_kg_ha,Ridge,33.1,44.39145098236732
MOP_kg_ha,Ridge,66.2,62.09772823217547
MOP_kg_ha,Ridge,35.4,47.02979114681464
MOP_kg_ha,Ridge,67.8,75.47566879271986
MOP_kg_ha,Ridge,102.1,85.8340065249577
MOP_kg_ha,Ridge,64,73.54274267647764
MOP_kg_ha,Ridge,63.3,65.51530938285457
MOP_kg_ha,Ridge,33.7,49.792343533155474
MOP_kg_ha,Ridge,104.2,84.87367412690529
MOP_kg_ha,Ridge,31.2,44.17331963944819
MOP_kg_ha,Ridge,34.8,37.886240597004566
MOP_kg_ha,Ridge,97.3,86.61793438908863
MOP_kg_ha,Ridge,99.5,83.52834270922266
MOP_kg_ha,Ridge,67,69.04464559384283
MOP_kg_ha,Ridge,69.3,77.67902670070687
MOP_kg_ha,Ridge,34.9,38.22689288937159
MOP_kg_ha,Ridge,33.9,27.41787313524211
MOP_kg_ha,Ridge,31.1,34.550723927211585
MOP_kg_ha,Ridge,63.2,78.19971013034024
MOP_kg_ha,Ridge,63.3,70.65949558462374
MOP_kg_ha,Ridge,32.5,50.58105621716917
MOP_kg_ha,Ridge,33.3,48.90641323834259
MOP_kg_ha,Ridge,102.5,79.44404574046371
MOP_kg_ha,Ridge,32.3,43.18957497047935
MOP_kg_ha,Ridge,34,42.93785166897295
MOP_kg_ha,Ridge,102.4,89.52025557167705
MOP_kg_ha,Ridge,69.6,67.4360590605098
MOP_kg_ha,Ridge,34.2,20.12634513824648
MOP_kg_ha,Ridge,96.1,87.4789241996399
MOP_kg_ha,Ridge,34,37.05511513387013
MOP_kg_ha,Ridge,33.9,39.12273962773373
MOP_kg_ha,Ridge,68.4,66.39829627168633
MOP_kg_ha,Ridge,33.1,49.52130308543127
MOP_kg_ha,Ridge,35.5,49.140051386842245
MOP_kg_ha,Ridge,93.5,88.42650303344082
MOP_kg_ha,Ridge,35,21.471323362258225
MOP_kg_ha,Ridge,35,42.06812787788715
MOP_kg_ha,Ridge,62.4,73.9599185393869
MOP_kg_ha,Ridge,32.7,41.37821551215256
MOP_kg_ha,Ridge,92.7,92.68700083489067
MOP_kg_ha,Ridge,33.5,50.47970837709491
MOP_kg_ha,Ridge,35.3,22.875420339140707
MOP_kg_ha,Ridge,69.9,75.62462401743426
MOP_kg_ha,Ridge,62.2,71.92298741389568
MOP_kg_ha,Ridge,65.7,79.27961430906377
MOP_kg_ha,Ridge,32.3,38.05619003954752
MOP_kg_ha,Ridge,63.3,76.7192714279349
MOP_kg_ha,Ridge,30.9,44.70335106531322
MOP_kg_ha,Ridge,93.7,88.16475166110081
MOP_kg_ha,Ridge,105.1,84.60201719281348
MOP_kg_ha,Ridge,32.6,30.490010500861466
MOP_kg_ha,Ridge,34,49.118543956610814
MOP_kg_ha,Ridge,35.3,35.99294657753614
MOP_kg_ha,Ridge,63,73.63043152400326
MOP_kg_ha,Ridge,64.8,75.00167010356802
MOP_kg_ha,Ridge,66.5,52.409730430087606
MOP_kg_ha,Ridge,71.3,75.97340029334032
MOP_kg_ha,Ridge,65.2,52.87918442669373
MOP_kg_ha,Ridge,34.1,42.24640782348671
MOP_kg_ha,Ridge,66.6,58.960228312215136
MOP_kg_ha,Ridge,65.9,69.89830692327068
MOP_kg_ha,Ridge,71.5,53.41848330751573
MOP_kg_ha,Ridge,71.5,70.52851828896483
MOP_kg_ha,Ridge,62.4,72.2930775927737
MOP_kg_ha,Ridge,32.8,22.376362348150703
MOP_kg_ha,Ridge,33.9,48.51702068235058
MOP_kg_ha,Ridge,64.1,54.23301918441415
MOP_kg_ha,Ridge,67.3,69.77091234118643
MOP_kg_ha,Ridge,33.4,46.527459525536194
MOP_kg_ha,Ridge,101.9,90.21840908605213
MOP_kg_ha,Ridge,32.5,18.714024345414522
MOP_kg_ha,Ridge,62.3,59.17560513918119
MOP_kg_ha,Ridge,33.1,39.982959423911005
MOP_kg_ha,Ridge,70.4,63.19555697684465
MOP_kg_ha,Ridge,31,44.39608431061195
MOP_kg_ha,Ridge,64.5,67.1579552691708
MOP_kg_ha,Ridge,32.1,52.437224793836
MOP_kg_ha,Ridge,67.9,64.95841101915128
MOP_kg_ha,Ridge,34.8,51.08836300877632
MOP_kg_ha,Ridge,31.5,48.094243126431344
MOP_kg_ha,Ridge,70.2,74.35385146019003
MOP_kg_ha,Ridge,33.1,41.24135874417451
MOP_kg_ha,Ridge,62.1,57.57629039952155
MOP_kg_ha,Ridge,68.5,63.037913190570286
MOP_kg_ha,Ridge,67.8,75.99603507799303
MOP_kg_ha,Ridge,62.1,72.509963590846
MOP_kg_ha,Ridge,71.3,72.86812109458023
MOP_kg_ha,Ridge,65.5,58.088680113666236
MOP_kg_ha,Ridge,34.4,37.74515792802545
MOP_kg_ha,Ridge,31.8,42.759104081280995
MOP_kg_ha,Ridge,68.8,63.93537813187358
MOP_kg_ha,Ridge,70.4,72.97815816196025
MOP_kg_ha,Ridge,97.8,83.889506079369
MOP_kg_ha,Ridge,100.2,91.22112950200243
MOP_kg_ha,Ridge,70,56.1512528926955
MOP_kg_ha,Ridge,35.8,48.17765452785337
MOP_kg_ha,Ridge,31.1,48.92099706200415
MOP_kg_ha,Ridge,65.4,58.14183400969809
MOP_kg_ha,Ridge,105.8,81.82458525407449
MOP_kg_ha,Ridge,32.8,44.630068864729346
MOP_kg_ha,Ridge,65.2,72.64766395769473
MOP_kg_ha,Ridge,102.4,92.7054258395772
MOP_kg_ha,Ridge,71.6,65.79949563241352
MOP_kg_ha,Ridge,94.6,82.32285929750648
MOP_kg_ha,Ridge,61.7,54.573587758898356
MOP_kg_ha,Ridge,67.5,51.6044044821172
MOP_kg_ha,Ridge,35.7,52.039234225157465
MOP_kg_ha,Ridge,93.8,94.42338114113751
MOP_kg_ha,Ridge,67.3,78.10764032216416
MOP_kg_ha,Ridge,32.5,39.31662048003239
MOP_kg_ha,Ridge,33.6,47.869205911273546
MOP_kg_ha,Ridge,69.4,76.44785008586875
MOP_kg_ha,Ridge,64.1,61.301396067400795
MOP_kg_ha,Ridge,62.4,51.464829777863784
MOP_kg_ha,Ridge,69.1,70.22845123778126
MOP_kg_ha,Ridge,67.3,75.19553265627968
MOP_kg_ha,Ridge,63.3,75.48352342788866
MOP_kg_ha,Ridge,35.7,18.99780009115853
MOP_kg_ha,Ridge,105.8,93.11203905714007
MOP_kg_ha,Ridge,64,60.92333340565299
MOP_kg_ha,Ridge,32.1,39.74283010386779
MOP_kg_ha,Ridge,32.3,41.71969040665074
MOP_kg_ha,Ridge,34.1,44.294968887576836
MOP_kg_ha,Ridge,34.9,41.808689087212976
MOP_kg_ha,Ridge,31.9,39.53190262279419
MOP_kg_ha,Ridge,69,66.392832526390265
MOP_kg_ha,Ridge,71.2,60.165862415984684
MOP_kg_ha,Ridge,34.2,42.58790302190155
MOP_kg_ha,Ridge,62.4,69.64429419547866
MOP_kg_ha,Ridge,67,70.70568408936131
MOP_kg_ha,Ridge,35.2,28.252054186629557
MOP_kg_ha,Ridge,68.3,76.06135770964214
MOP_kg_ha,Ridge,32.9,23.376748244058163
MOP_kg_ha,Ridge,35.4,49.169008072262756
MOP_kg_ha,Ridge,34,29.653513341399634
MOP_kg_ha,Ridge,33.6,49.15634702160415
MOP_kg_ha,Ridge,31.9,47.66690137294764
MOP_kg_ha,Ridge,68.6,53.77667477399034
MOP_kg_ha,Ridge,66.9,64.92974056364669
MOP_kg_ha,Ridge,63.6,79.62363237766674
MOP_kg_ha,Ridge,71.2,61.69679784226738
MOP_kg_ha,Ridge,34,36.966249080153226
MOP_kg_ha,Ridge,33.2,20.02662963159412
MOP_kg_ha,Ridge,100.6,86.98762879380686
MOP_kg_ha,Ridge,33.6,45.363570399359396
MOP_kg_ha,Ridge,65.3,64.52276010005035
MOP_kg_ha,Ridge,34.6,37.40721152310585
MOP_kg_ha,Ridge,64.8,64.07912281880019
MOP_kg_ha,Ridge,33.3,18.058368001842325
MOP_kg_ha,Ridge,105,88.37651021062635
MOP_kg_ha,Ridge,35.2,37.11788853825667
MOP_kg_ha,Ridge,62.1,79.84291647719316
MOP_kg_ha,Ridge,32.8,40.59417531925803
MOP_kg_ha,Ridge,31.4,20.039531500430126
MOP_kg_ha,Ridge,71.6,73.00525634092166
MOP_kg_ha,Ridge,34.7,19.64263702816213
MOP_kg_ha,Ridge,35.3,44.88430342317624
MOP_kg_ha,Ridge,34.8,47.88290837612045
MOP_kg_ha,Ridge,32.5,42.07389575160411
MOP_kg_ha,Ridge,33.8,47.19242161324919
MOP_kg_ha,Ridge,32.9,41.51166973181319
MOP_kg_ha,Ridge,67.9,68.43223453285243
MOP_kg_ha,Ridge,63,67.85740890127843
MOP_kg_ha,Ridge,33.5,52.27414425819449
MOP_kg_ha,Ridge,33.4,39.33575249812363
MOP_kg_ha,Ridge,31,26.530981699332862
MOP_kg_ha,Ridge,67.4,70.4421035244949
MOP_kg_ha,Ridge,64.3,55.785746761754496
MOP_kg_ha,Ridge,92.6,81.47124920953816
MOP_kg_ha,Ridge,35.3,52.663766558536736
MOP_kg_ha,Ridge,67.9,78.45683980213244
MOP_kg_ha,Ridge,66.1,60.44135759101675
MOP_kg_ha,Ridge,62.1,70.38960078893918
MOP_kg_ha,Ridge,34.4,38.92611762100963
MOP_kg_ha,Ridge,98.3,84.98200096796062
MOP_kg_ha,Ridge,71.6,77.75811095065015
MOP_kg_ha,Ridge,68.6,54.46786422913237
MOP_kg_ha,Ridge,68.7,70.99156586474174
MOP_kg_ha,Ridge,32.9,21.051450759426054
MOP_kg_ha,Ridge,106.5,83.57172642272104
MOP_kg_ha,Ridge,66.5,63.81593846478505
MOP_kg_ha,Ridge,69.9,74.18923880201662
MOP_kg_ha,Ridge,68.5,77.18767870812722
MOP_kg_ha,Ridge,70.1,65.33812958088704
MOP_kg_ha,Ridge,65.9,67.76431641620587
MOP_kg_ha,Ridge,64.9,58.61565438061681
MOP_kg_ha,Ridge,34.8,25.93108732987599
MOP_kg_ha,Ridge,62.6,75.07776151301458
MOP_kg_ha,Ridge,31.9,20.316385312869947
MOP_kg_ha,Ridge,31.1,50.02586793203793
MOP_kg_ha,Ridge,70.6,77.67948034865421
MOP_kg_ha,Ridge,33.8,49.30722700616199
MOP_kg_ha,Ridge,63.3,64.27538516452192
MOP_kg_ha,Ridge,32.1,41.72379572977206
MOP_kg_ha,Ridge,66.2,72.04909796081708
MOP_kg_ha,Ridge,65,79.07023951060145
MOP_kg_ha,Ridge,64.3,72.47531743131096
MOP_kg_ha,Ridge,31.4,31.015149598434075
MOP_kg_ha,Ridge,32.1,46.18893293873385
MOP_kg_ha,Ridge,99.7,80.35137255326501
MOP_kg_ha,Ridge,34.8,40.8714003520575
MOP_kg_ha,Ridge,99.2,93.9191144909015
MOP_kg_ha,Ridge,68.1,65.27692609675942
MOP_kg_ha,Ridge,63.4,62.175112332012645
MOP_kg_ha,Ridge,33.2,26.913066922372145
MOP_kg_ha,Ridge,69.6,77.3062031756921
MOP_kg_ha,Ridge,32,42.274674230502924
MOP_kg_ha,Ridge,93.2,90.66701336560763
MOP_kg_ha,Ridge,67.8,72.19122912829434
MOP_kg_ha,Ridge,63.2,80.02943628763722
MOP_kg_ha,Ridge,65.4,57.26612331915867
MOP_kg_ha,Ridge,69.6,68.97677944986255
MOP_kg_ha,Ridge,62.2,78.27780390440574
MOP_kg_ha,Ridge,31.8,42.33876431747162
MOP_kg_ha,Ridge,31.2,38.61189102848859
MOP_kg_ha,Ridge,65.1,61.130547654005
MOP_kg_ha,Ridge,65.2,52.68612224495354
MOP_kg_ha,Ridge,102.9,84.7839833684817
MOP_kg_ha,Ridge,34.1,43.377815766808574
MOP_kg_ha,Ridge,97.6,81.16725528784953
MOP_kg_ha,Ridge,33.8,38.757165852527564
MOP_kg_ha,Ridge,68.6,54.553340254445
MOP_kg_ha,Ridge,35.1,45.58705385138869
MOP_kg_ha,Ridge,103,84.60947352004297
MOP_kg_ha,Ridge,70.1,70.86652074997714
MOP_kg_ha,Ridge,33.4,36.81103373666304
MOP_kg_ha,Ridge,32,51.97573800849018
MOP_kg_ha,Ridge,31.6,46.626778393382125
MOP_kg_ha,Ridge,67.5,64.89230917743463
MOP_kg_ha,Ridge,69.4,76.84126029670354
MOP_kg_ha,Ridge,67,79.22893855172332
MOP_kg_ha,Ridge,70.4,75.06888224963508
MOP_kg_ha,Ridge,64.9,76.91336149195311
MOP_kg_ha,Ridge,34.7,43.65733360788807
MOP_kg_ha,Ridge,31.8,44.644132112585076
MOP_kg_ha,Ridge,105.9,91.67832884693422
MOP_kg_ha,Ridge,71.7,66.91269548577858
MOP_kg_ha,Ridge,31.5,46.656876982066834
MOP_kg_ha,Ridge,96.2,86.49671248212272
MOP_kg_ha,Ridge,32.8,30.686933615996313
MOP_kg_ha,Ridge,33.7,43.87203588597908
MOP_kg_ha,Ridge,97.6,89.14671726411434
MOP_kg_ha,Ridge,97.7,85.18011679128831
MOP_kg_ha,Ridge,34.9,52.12765407935187
MOP_kg_ha,Ridge,99,91.5954809853736
MOP_kg_ha,Ridge,34.6,47.12413861534245
MOP_kg_ha,Ridge,63.1,53.23922405997291
MOP_kg_ha,Ridge,33.9,29.34820909891904
MOP_kg_ha,Ridge,32.7,41.759545206913415
MOP_kg_ha,Ridge,33.4,46.350311475044705
MOP_kg_ha,Ridge,63.9,71.21900860366227
MOP_kg_ha,Ridge,71.5,66.49085899423298
MOP_kg_ha,Ridge,65.2,68.17161013384307
MOP_kg_ha,Ridge,34,31.721271474293573
MOP_kg_ha,Ridge,71.2,59.74680242122568
MOP_kg_ha,Ridge,35.6,17.370744474928532
MOP_kg_ha,Ridge,62,70.75476518690165
MOP_kg_ha,Ridge,63,70.23588342820393
MOP_kg_ha,Ridge,33.8,34.53847335242376
MOP_kg_ha,Ridge,63.8,77.92482771560172
MOP_kg_ha,Ridge,63.4,60.99513598116129
MOP_kg_ha,Ridge,66.9,59.822553546313046
MOP_kg_ha,Ridge,102.9,86.3387953345622
MOP_kg_ha,Ridge,68.8,62.74728320506807
MOP_kg_ha,Ridge,63.6,59.1361028552796
MOP_kg_ha,Ridge,67.3,76.7841675180545
MOP_kg_ha,Ridge,34,41.71643936525185
MOP_kg_ha,Ridge,67.4,80.23851991113244
MOP_kg_ha,Ridge,64.1,66.30205133794492
MOP_kg_ha,Ridge,64.2,66.22645756164498
MOP_kg_ha,Ridge,64.1,78.276870101331
MOP_kg_ha,Ridge,99.2,85.20886373742734
MOP_kg_ha,Ridge,100,83.59873763825249
MOP_kg_ha,Ridge,34.7,31.947856703942705
MOP_kg_ha,Ridge,31,51.10534797140973
MOP_kg_ha,Ridge,68.3,68.74802990738061
MOP_kg_ha,Ridge,105.5,81.51906555571753
MOP_kg_ha,Ridge,31.1,18.000702797327495
MOP_kg_ha,Ridge,69.2,55.72111419180646
MOP_kg_ha,Ridge,65,78.54686078449315
MOP_kg_ha,Ridge,68.5,79.02840882184991
MOP_kg_ha,Ridge,67.7,71.84719313687258
MOP_kg_ha,Ridge,34.2,40.440093081612495
MOP_kg_ha,Ridge,105.4,94.82639430855501
MOP_kg_ha,Ridge,32.4,18.6467358908744
MOP_kg_ha,Ridge,32,45.294357066293095
MOP_kg_ha,Ridge,63.5,65.12147149737591
MOP_kg_ha,Ridge,101,92.80509290218599
MOP_kg_ha,Ridge,32.5,35.031764639321175
MOP_kg_ha,Ridge,33.3,48.21560395654943
MOP_kg_ha,Ridge,65.6,72.7633080099052
MOP_kg_ha,Ridge,34.9,19.31993597198001
MOP_kg_ha,Ridge,64,78.21206261998233
MOP_kg_ha,Ridge,31.7,29.982412959338788
MOP_kg_ha,Ridge,62.4,53.789384956223444
MOP_kg_ha,Ridge,63.8,78.82774406562794
MOP_kg_ha,Ridge,32.2,41.7713692064375
MOP_kg_ha,Ridge,65.9,55.46268321788575
MOP_kg_ha,Ridge,66.4,59.32736040880736
MOP_kg_ha,Ridge,70.6,72.77752115148338
MOP_kg_ha,Ridge,69.9,68.20072415798664
MOP_kg_ha,Ridge,34.3,50.605125045779154
MOP_kg_ha,Ridge,68,64.08116699551813
MOP_kg_ha,Ridge,63.2,66.45952955928747
MOP_kg_ha,Ridge,32.1,51.32229404948241
MOP_kg_ha,Ridge,34,20.489202941619794
MOP_kg_ha,Ridge,98,92.55790848019961
MOP_kg_ha,Ridge,69.2,64.35088379478505
MOP_kg_ha,Ridge,71.3,75.79879736932824
MOP_kg_ha,Ridge,32.5,31.082936660516907
MOP_kg_ha,Ridge,31.5,47.05615845576814
MOP_kg_ha,Ridge,30.9,19.21308036989384
MOP_kg_ha,Ridge,65.5,78.0651062781554
MOP_kg_ha,Ridge,35.5,46.36466858453517
MOP_kg_ha,Ridge,65.6,67.62806989441071
MOP_kg_ha,Ridge,63,59.929797704947624
MOP_kg_ha,Ridge,104.4,80.81865713970653
MOP_kg_ha,Ridge,34.5,43.606376108588975
MOP_kg_ha,Ridge,31.6,41.37805247733971
MOP_kg_ha,Ridge,64.4,52.617506842123326
MOP_kg_ha,Ridge,70.4,56.54251915012607
MOP_kg_ha,Ridge,34.4,36.994658689681366
MOP_kg_ha,Ridge,63.9,79.39537579892762
MOP_kg_ha,Ridge,71.1,55.46071857251025
MOP_kg_ha,Ridge,71.3,65.74705570299479
MOP_kg_ha,Ridge,67.9,63.3377990678513
MOP_kg_ha,Ridge,34.3,28.6586260315603
MOP_kg_ha,Ridge,71.2,68.74570134702459
MOP_kg_ha,Ridge,31.8,37.51163939861809
MOP_kg_ha,Ridge,70.6,77.88222106773699
MOP_kg_ha,Ridge,68.3,80.09650723676206
MOP_kg_ha,Ridge,65.9,67.51790202819406
MOP_kg_ha,Ridge,69.3,72.30932127565619
MOP_kg_ha,Ridge,93.2,82.60648415702956
MOP_kg_ha,Ridge,34.3,44.42575296550957
MOP_kg_ha,Ridge,62.7,53.25019323114489
MOP_kg_ha,Ridge,32.4,33.49560920672374
MOP_kg_ha,Ridge,68.4,76.95744812439435
MOP_kg_ha,Ridge,63.1,59.11413516305842
MOP_kg_ha,Ridge,65.9,63.738976616553494
MOP_kg_ha,Ridge,32.1,40.46691593034547
MOP_kg_ha,Ridge,34.9,35.42583427601342
MOP_kg_ha,Ridge,67.1,75.15547165358964
MOP_kg_ha,Ridge,33.9,44.64794782639564
MOP_kg_ha,Ridge,34.5,36.59575022816376
MOP_kg_ha,Ridge,69.5,75.6087035490725
MOP_kg_ha,Ridge,66.2,66.74264959237294
MOP_kg_ha,Ridge,67.1,54.53147021667689
MOP_kg_ha,Ridge,32.7,30.399069728948415
MOP_kg_ha,Ridge,33.6,39.28110129768785
MOP_kg_ha,Ridge,106.6,91.76462521401895
MOP_kg_ha,Ridge,34.3,37.98718310924179
MOP_kg_ha,Ridge,102.3,92.75507025462667
MOP_kg_ha,Ridge,31.3,47.5836816212371
MOP_kg_ha,Ridge,64.2,66.88417738190952
MOP_kg_ha,Ridge,66.8,59.08303947126176
MOP_kg_ha,Ridge,63.5,51.71148716225237
MOP_kg_ha,Ridge,34.7,44.947847306717755
MOP_kg_ha,Ridge,35,37.959817491840305
MOP_kg_ha,Ridge,32.9,43.462769841920895
MOP_kg_ha,Ridge,31.9,44.75007444887432
MOP_kg_ha,Ridge,34.6,45.324281425202024
MOP_kg_ha,Ridge,69.9,68.47820952309044
MOP_kg_ha,Ridge,103,80.46876977301224
MOP_kg_ha,Ridge,69.9,64.78606651489609
MOP_kg_ha,Ridge,67.7,56.241817136844546
MOP_kg_ha,Ridge,64.1,67.27871277210244
MOP_kg_ha,Ridge,66,74.47206164248155
MOP_kg_ha,Ridge,68,69.7031640484008
MOP_kg_ha,Ridge,31,40.731655662885395
MOP_kg_ha,Ridge,31.9,49.73935559657923
MOP_kg_ha,Ridge,97.6,91.85857035644946
MOP_kg_ha,Ridge,33.6,32.930348090827245
MOP_kg_ha,Ridge,64.4,66.09792278491767
MOP_kg_ha,Ridge,61.9,76.09799503243885
MOP_kg_ha,Ridge,34.3,50.89576829752111
MOP_kg_ha,Ridge,99.6,82.44012814497665
MOP_kg_ha,Ridge,35.1,40.54654322087549
MOP_kg_ha,Ridge,95,88.92234523808253
MOP_kg_ha,Ridge,64.2,54.92978204007544
MOP_kg_ha,Ridge,31.5,42.41347823025582
MOP_kg_ha,Ridge,94.1,87.25874726167407
MOP_kg_ha,Ridge,61.7,78.39137486788665
MOP_kg_ha,Ridge,68.7,72.57915769788274
MOP_kg_ha,Ridge,68.8,61.151582131503645
MOP_kg_ha,Ridge,68.2,76.50728440352118
MOP_kg_ha,Ridge,31,42.02175238232938
MOP_kg_ha,Ridge,65,68.75353367227758
MOP_kg_ha,Ridge,70.4,54.797108794094584
MOP_kg_ha,Ridge,31.7,40.04567015244487
MOP_kg_ha,Ridge,71.3,67.49705191539105
MOP_kg_ha,Ridge,63.2,79.95406105206747
MOP_kg_ha,Ridge,65,79.8654900708489
MOP_kg_ha,Ridge,70.2,78.36913469998525
MOP_kg_ha,Ridge,35.3,39.00860169214442
MOP_kg_ha,Ridge,95.3,94.4668326857404
MOP_kg_ha,Ridge,67.2,68.98573268510985
MOP_kg_ha,Ridge,62,55.97879257855098
MOP_kg_ha,Ridge,105.7,79.7661546592849
MOP_kg_ha,Ridge,33.3,31.749673490363087
MOP_kg_ha,Ridge,31.4,25.792374862258388
MOP_kg_ha,Ridge,68.2,63.98471309149549
MOP_kg_ha,Ridge,35.7,45.552313467580966
MOP_kg_ha,Ridge,35,32.39741775482373
MOP_kg_ha,Ridge,99.3,87.79208817931624
MOP_kg_ha,Ridge,35.6,50.216762372668164
MOP_kg_ha,Ridge,67.3,61.95825475709793
MOP_kg_ha,Ridge,31.2,39.38348642278893
MOP_kg_ha,Ridge,32.3,37.813712431876205
MOP_kg_ha,Ridge,104.1,86.55168739201108
MOP_kg_ha,Ridge,33.4,45.11334867316737
MOP_kg_ha,Ridge,30.9,47.490339961756845
MOP_kg_ha,Ridge,71.4,68.73084260491989
MOP_kg_ha,Ridge,71.7,78.5167236535034
MOP_kg_ha,Ridge,65.7,61.9482325223885
MOP_kg_ha,Ridge,62.5,66.3534187508312
MOP_kg_ha,Ridge,101.3,81.7055870405078
MOP_kg_ha,Ridge,65.2,52.87339493766687
MOP_kg_ha,Ridge,70.9,63.65474881201096
MOP_kg_ha,Ridge,68.9,70.5293308536361
MOP_kg_ha,Ridge,62.6,69.36257846476292
MOP_kg_ha,Ridge,63.1,77.7206506622139
MOP_kg_ha,Ridge,70.5,73.86037919129271
MOP_kg_ha,Ridge,34.9,34.201130700388674
MOP_kg_ha,Ridge,33.5,46.81580907306056
MOP_kg_ha,Ridge,96,83.91636181799933
MOP_kg_ha,Ridge,68.9,65.84779132317034
MOP_kg_ha,Ridge,68.9,56.702969528996256
MOP_kg_ha,Ridge,63.2,68.26516955383748
MOP_kg_ha,Ridge,65.7,61.1963819920504
MOP_kg_ha,Ridge,31.9,42.365537907751836
MOP_kg_ha,Ridge,31.2,40.64945514048441
MOP_kg_ha,Ridge,31.1,26.542923210990626
MOP_kg_ha,Ridge,65.6,74.53026963250217
MOP_kg_ha,Ridge,32.8,44.33104945152075
MOP_kg_ha,Ridge,62,74.1006887947682
MOP_kg_ha,Ridge,33.4,43.6571907543082
MOP_kg_ha,Ridge,34.7,23.136311308704542
MOP_kg_ha,Ridge,34,37.46240763234474
MOP_kg_ha,Ridge,35.2,30.128242274885615
MOP_kg_ha,Ridge,102.9,93.3962131023836
MOP_kg_ha,Ridge,106,86.44710445046462
MOP_kg_ha,Ridge,34.9,40.58963235713291
MOP_kg_ha,Ridge,34.7,34.63992720995108
MOP_kg_ha,Ridge,65.3,69.92753369509549
MOP_kg_ha,Ridge,35,47.97842929423509
MOP_kg_ha,Ridge,33.7,40.70123030977577
MOP_kg_ha,Ridge,35.2,48.06996475081764
MOP_kg_ha,Ridge,71.5,59.21183890503536
MOP_kg_ha,Ridge,31.3,41.42939524145702
MOP_kg_ha,Ridge,33.5,39.205748607983864
MOP_kg_ha,Ridge,93.2,82.01263709059361
MOP_kg_ha,Ridge,65.8,73.79314732325228
MOP_kg_ha,Ridge,66.5,77.59325943461678
MOP_kg_ha,Ridge,32.3,41.32056052588922
MOP_kg_ha,Ridge,62.1,71.51550687108312
MOP_kg_ha,Ridge,68.7,57.47684663301816
MOP_kg_ha,Ridge,97.3,84.07628244169231
MOP_kg_ha,Ridge,33.5,42.67412781444474
MOP_kg_ha,Ridge,68.6,59.22862549854002
MOP_kg_ha,Ridge,67.2,79.68540820198534
MOP_kg_ha,Ridge,32.6,33.60974888839012
MOP_kg_ha,Ridge,64.5,71.37041968807132
MOP_kg_ha,Ridge,33.6,40.416484607033645
MOP_kg_ha,Ridge,68.8,61.653264101719685
MOP_kg_ha,Ridge,68.8,80.6285242468033
MOP_kg_ha,Ridge,31.1,25.04906240825247
MOP_kg_ha,Ridge,32.7,41.60945240039525
MOP_kg_ha,Ridge,31.8,45.37192117159533
MOP_kg_ha,Ridge,34.2,44.1126366490628
MOP_kg_ha,Ridge,68.2,71.56321673564054
MOP_kg_ha,Ridge,98.7,86.85357535258093
MOP_kg_ha,Ridge,94.7,93.37196208295349
MOP_kg_ha,Ridge,32.3,30.73521220536101
MOP_kg_ha,Ridge,64.9,59.705417332916525
MOP_kg_ha,Ridge,97.3,83.8006657795746
MOP_kg_ha,Ridge,32.4,19.074839032042885
MOP_kg_ha,Ridge,31.5,37.12524687518935
MOP_kg_ha,Ridge,62.4,79.76543576664999
MOP_kg_ha,Ridge,64.5,69.1116907863089
MOP_kg_ha,Ridge,31,27.184620268649034
MOP_kg_ha,Ridge,34.9,52.19320721612454
MOP_kg_ha,Ridge,69.8,53.739863283750196
MOP_kg_ha,Ridge,33.3,34.49177521416386
MOP_kg_ha,Ridge,32.9,24.51154107649444
MOP_kg_ha,Ridge,31.9,46.1202843859873
MOP_kg_ha,Ridge,97.9,89.35879828255925
MOP_kg_ha,Ridge,104.9,91.46602815684791
MOP_kg_ha,Ridge,66.7,51.876392279251256
MOP_kg_ha,Ridge,62.6,76.81570332514575
MOP_kg_ha,Ridge,62.7,55.283921716982654
MOP_kg_ha,Ridge,35.1,30.888420553302247
MOP_kg_ha,Ridge,34,25.031980445189042
MOP_kg_ha,Ridge,31.2,35.066930157170326
MOP_kg_ha,Ridge,33.9,17.7552807616253
MOP_kg_ha,Ridge,68.9,64.6864236721101
MOP_kg_ha,Ridge,31.5,22.48339124827366
MOP_kg_ha,Ridge,31.6,21.58482649201609
MOP_kg_ha,Ridge,34.4,44.57540453531422
MOP_kg_ha,Ridge,104.1,94.03887044286903
MOP_kg_ha,Ridge,104.5,82.19405205050727
MOP_kg_ha,Ridge,70.3,72.18906958375145
MOP_kg_ha,Ridge,31.3,35.58230265951303
MOP_kg_ha,Ridge,104.8,83.09900276945375
MOP_kg_ha,Ridge,69.1,54.503601329025805
MOP_kg_ha,Ridge,71.5,58.49106833417905
MOP_kg_ha,Ridge,31.9,41.426854657376786
MOP_kg_ha,Ridge,63.6,80.87801364400369
MOP_kg_ha,Ridge,35.4,17.527483705590715
MOP_kg_ha,Ridge,32.1,41.859480055958514
MOP_kg_ha,Ridge,64.4,64.19497334599214
MOP_kg_ha,Ridge,33.7,43.09112508422219
MOP_kg_ha,Ridge,71.2,80.98306174331367
MOP_kg_ha,Ridge,67,71.05505951233758
MOP_kg_ha,Ridge,64.8,71.66562598301412
MOP_kg_ha,Ridge,32.3,19.339496649498393
MOP_kg_ha,Ridge,66.3,79.75898165411566
MOP_kg_ha,Ridge,64.8,54.500136381268106
MOP_kg_ha,Ridge,63.9,56.704640571680336
MOP_kg_ha,Ridge,31.4,22.6067500119783
MOP_kg_ha,Ridge,35.2,50.748538876591546
MOP_kg_ha,Ridge,97.9,92.44556001957284
MOP_kg_ha,Ridge,33.8,36.755472241608125
MOP_kg_ha,Ridge,102.6,86.90006143812309
MOP_kg_ha,Ridge,103.4,86.57259245311467
MOP_kg_ha,Ridge,69.9,60.39506035183662
MOP_kg_ha,Ridge,31.3,51.52995499790607
MOP_kg_ha,Ridge,103.4,83.72379622422069
MOP_kg_ha,Ridge,64.3,62.922575913260374
MOP_kg_ha,Ridge,93.5,91.46023394333757
MOP_kg_ha,Ridge,71.6,71.92097316433376
MOP_kg_ha,Ridge,34.1,38.86969882354628
MOP_kg_ha,Ridge,34.7,45.21128131593431
MOP_kg_ha,Ridge,35.3,49.66440625928981
MOP_kg_ha,Ridge,62.9,60.788804959319236
MOP_kg_ha,Ridge,33.5,51.90718695481204
MOP_kg_ha,Ridge,31.9,49.638066326891384
MOP_kg_ha,Ridge,68.5,77.11596413460438
MOP_kg_ha,Ridge,71.3,54.6683178939353
MOP_kg_ha,Ridge,66.7,71.8271238839811
MOP_kg_ha,Ridge,32.2,25.174733290812075
MOP_kg_ha,Ridge,106.8,80.85503450361169
MOP_kg_ha,Ridge,94.6,94.75344516379275
MOP_kg_ha,Ridge,63.6,56.08134268092598
MOP_kg_ha,Ridge,65.8,78.78588996050773
MOP_kg_ha,Ridge,69.5,70.0210133501933
MOP_kg_ha,Ridge,33.2,38.97162651589262
MOP_kg_ha,Ridge,33.7,43.57249082309143
MOP_kg_ha,Ridge,61.8,61.01770475406965
MOP_kg_ha,Ridge,97.2,93.73245655902888
MOP_kg_ha,Ridge,62.1,77.75976620623284
MOP_kg_ha,Ridge,32.9,40.35309722885547
MOP_kg_ha,Ridge,62.3,66.49100462813097
MOP_kg_ha,Ridge,98.5,90.40479456579915
MOP_kg_ha,Ridge,97,81.73648760379605
MOP_kg_ha,Ridge,67.1,55.65374050467332
MOP_kg_ha,Ridge,70.6,73.18741199899154
MOP_kg_ha,Ridge,32.3,48.005194313928875
MOP_kg_ha,Ridge,33.9,44.573459998580596
MOP_kg_ha,Ridge,71.3,54.864923081750675
MOP_kg_ha,Ridge,64.5,56.845685264429726
MOP_kg_ha,Ridge,33.6,40.62033360880685
MOP_kg_ha,Ridge,65.5,74.0566343858847
MOP_kg_ha,Ridge,64,71.84189486073618
MOP_kg_ha,Ridge,70,60.523224543980135
MOP_kg_ha,Ridge,70.6,61.19546051434321
MOP_kg_ha,Ridge,65.8,54.46605910220736
MOP_kg_ha,Ridge,33.8,51.133974453194696
MOP_kg_ha,Ridge,67.6,54.078012396982665
MOP_kg_ha,Ridge,106.1,95.5948026299249
MOP_kg_ha,Ridge,33.2,40.499385788954726
MOP_kg_ha,Ridge,64.6,60.10122150596421
MOP_kg_ha,Ridge,98.9,81.44939172840843
MOP_kg_ha,Ridge,64.8,53.91616903010987
MOP_kg_ha,Ridge,66.3,60.0782491535004
MOP_kg_ha,Ridge,65.2,61.646379718926646
MOP_kg_ha,Ridge,104.7,80.5336245498159
MOP_kg_ha,Ridge,34,44.343195276995864
MOP_kg_ha,Ridge,70.9,80.70329120321983
MOP_kg_ha,Ridge,33.1,51.98031896160494
MOP_kg_ha,Ridge,33.8,52.0320326584207
MOP_kg_ha,Ridge,32.5,34.2989553270029
MOP_kg_ha,Ridge,69.3,68.02258859552907
MOP_kg_ha,Ridge,31.4,29.6557750323906
MOP_kg_ha,Ridge,31.3,48.22273628239002
MOP_kg_ha,Ridge,33.4,46.90531739279979
MOP_kg_ha,Ridge,31.9,51.16709688563294
MOP_kg_ha,Ridge,95,88.48750646676976
MOP_kg_ha,Ridge,102.5,80.18524800042101
MOP_kg_ha,Ridge,103.2,82.85927743181301
MOP_kg_ha,Ridge,32.4,38.72308169507843
MOP_kg_ha,Ridge,71.5,55.315635848906595
MOP_kg_ha,Ridge,64.9,60.47993717697297
MOP_kg_ha,Ridge,34.4,42.95266207900464
MOP_kg_ha,Ridge,67.2,73.27483775170776
MOP_kg_ha,Ridge,34.5,25.109967164951396
MOP_kg_ha,Ridge,101.8,81.92300021539567
MOP_kg_ha,Ridge,104.8,92.35604742682666
MOP_kg_ha,Ridge,33.1,47.134807962419956
MOP_kg_ha,Ridge,34,46.761388870141225
MOP_kg_ha,Ridge,105.3,82.70820893597931
MOP_kg_ha,Ridge,71.3,64.79066115500538
MOP_kg_ha,Ridge,67.4,73.13150138853419
MOP_kg_ha,Ridge,31.6,26.308960703848857
MOP_kg_ha,Ridge,65.9,64.53814449543277
MOP_kg_ha,Ridge,35.3,16.102487566859775
MOP_kg_ha,Ridge,31.9,16.488020893385375
MOP_kg_ha,Ridge,98.1,81.49634855401847
MOP_kg_ha,Ridge,32.3,46.07956457952172
MOP_kg_ha,Ridge,67.5,59.42307300967781
MOP_kg_ha,Ridge,66.9,63.293106395957224
MOP_kg_ha,Ridge,66.7,73.4213066409775
MOP_kg_ha,Ridge,66.1,75.481151161489
MOP_kg_ha,Ridge,64.8,75.51509012721104
MOP_kg_ha,Ridge,62.4,56.415821616916375
MOP_kg_ha,Ridge,70,72.93715106627194
MOP_kg_ha,Ridge,100.7,87.60166440616196
MOP_kg_ha,Ridge,95.2,84.89644419387558
MOP_kg_ha,Ridge,62.9,67.71245524856133
MOP_kg_ha,Ridge,32.3,44.40997216665009
MOP_kg_ha,Ridge,67.3,73.94138097562805
MOP_kg_ha,Ridge,33.3,50.705648898064155
MOP_kg_ha,Ridge,33.9,17.39555480832572
MOP_kg_ha,Ridge,32.8,39.704014175058774
MOP_kg_ha,Ridge,68,70.08140881072208
MOP_kg_ha,Ridge,34.8,39.31013782468454
MOP_kg_ha,Ridge,33.6,26.59761060530983
MOP_kg_ha,Ridge,70.8,58.56362387632304
MOP_kg_ha,Ridge,62.7,70.99978063027135
MOP_kg_ha,Ridge,70.9,63.958571686418765
MOP_kg_ha,Ridge,34.3,27.149705227185375
MOP_kg_ha,Ridge,66,69.44694314651699
MOP_kg_ha,Ridge,32.8,45.03318252098473
MOP_kg_ha,Ridge,71.4,78.60466077023072
MOP_kg_ha,Ridge,33.6,50.71286911101073
MOP_kg_ha,Ridge,63.9,79.77172746980143
MOP_kg_ha,Ridge,70,80.56835419468388
MOP_kg_ha,Ridge,34.4,45.856011587555315
MOP_kg_ha,Ridge,70,62.42639282920272
MOP_kg_ha,Ridge,71.6,74.12543276246228
MOP_kg_ha,Ridge,66.1,55.65865759692534
MOP_kg_ha,Ridge,70.5,74.70653408938163
MOP_kg_ha,Ridge,30.9,29.69482032525815
MOP_kg_ha,Ridge,96.6,82.51681640995261
MOP_kg_ha,Ridge,65.9,70.523977594617
MOP_kg_ha,Ridge,30.8,41.34463275619478
MOP_kg_ha,Ridge,33.2,42.67717697397047
MOP_kg_ha,Ridge,70.2,74.79551666860509
MOP_kg_ha,Ridge,34.8,44.562824546576614
MOP_kg_ha,Ridge,69.4,60.37401912082855
MOP_kg_ha,Ridge,96.8,85.74192943992306
MOP_kg_ha,Ridge,34.6,38.69540238819347
MOP_kg_ha,Ridge,101.3,89.50927024990405
MOP_kg_ha,Ridge,62.6,65.56421232740918
MOP_kg_ha,Ridge,67.9,75.00984195861955
MOP_kg_ha,Ridge,104,91.8281663749494
MOP_kg_ha,Ridge,68,54.26717135693783
MOP_kg_ha,Ridge,31.2,49.857865375838436
MOP_kg_ha,Ridge,104.7,81.21556311524019
MOP_kg_ha,Ridge,98.7,94.29707813390044
MOP_kg_ha,Ridge,94.1,80.64944628928558
MOP_kg_ha,Ridge,68.7,62.096052300098755
MOP_kg_ha,Ridge,62,60.1089095498741
MOP_kg_ha,Ridge,65.2,73.80373770957392
MOP_kg_ha,Ridge,67.1,52.41355231019716
MOP_kg_ha,Ridge,94.1,89.30148921745925
MOP_kg_ha,Ridge,97.6,80.2481462432785
MOP_kg_ha,Ridge,35.2,46.7649299200602
MOP_kg_ha,Ridge,34.8,44.7309098917873
MOP_kg_ha,Ridge,33.6,29.684183818427385
MOP_kg_ha,Ridge,66.7,60.314365446859114
MOP_kg_ha,Ridge,65.4,67.00729292729156
MOP_kg_ha,Ridge,31.5,35.65434956527444
MOP_kg_ha,Ridge,35.3,17.06722074180731
MOP_kg_ha,Ridge,65,66.07877704817206
MOP_kg_ha,Ridge,33.1,40.10881457591426
MOP_kg_ha,Ridge,100.2,92.77498731578007
MOP_kg_ha,Ridge,62.4,66.69910018464374
MOP_kg_ha,Ridge,62.9,58.96428135580006
MOP_kg_ha,Ridge,70.1,77.3395027213367
MOP_kg_ha,Ridge,31.2,32.19864439301249
MOP_kg_ha,Ridge,34.4,45.24480432509421
MOP_kg_ha,Ridge,71.5,61.43943989667993
MOP_kg_ha,Ridge,93.8,88.03220812618129
MOP_kg_ha,Ridge,31.3,51.43562738462072
MOP_kg_ha,Ridge,64.9,68.7774083900636
MOP_kg_ha,Ridge,94.5,84.69805351350898
MOP_kg_ha,Ridge,67.7,63.88069493765362
MOP_kg_ha,Ridge,93.3,93.14037949754284
MOP_kg_ha,Ridge,33.1,48.610204016200214
MOP_kg_ha,Ridge,63.8,61.23067025653252
MOP_kg_ha,Ridge,32.3,45.93624960760611
MOP_kg_ha,Ridge,69.7,78.78425211140961
MOP_kg_ha,Ridge,65.2,53.4912683706167
MOP_kg_ha,Ridge,61.7,54.78475649675435
MOP_kg_ha,Ridge,31.1,31.853256535568025
MOP_kg_ha,Ridge,106.9,94.44514967035182
MOP_kg_ha,Ridge,32.6,36.99406871525717
MOP_kg_ha,Ridge,103.7,84.4511111167304
MOP_kg_ha,Ridge,32.8,47.8920619235777
MOP_kg_ha,Ridge,63.2,62.39439111531096
MOP_kg_ha,Ridge,67.9,63.60318766275295
MOP_kg_ha,Ridge,93.2,81.23124858625503
MOP_kg_ha,Ridge,35.5,40.84983380746194
MOP_kg_ha,Ridge,31.3,47.74447093718334
MOP_kg_ha,Ridge,34.8,51.78025913589169
MOP_kg_ha,Ridge,66,73.1005476564486
MOP_kg_ha,Ridge,101,83.0438211609523
MOP_kg_ha,Ridge,104.8,83.7077383582061
MOP_kg_ha,Ridge,32.7,39.935987580382964
MOP_kg_ha,Ridge,63.9,66.4183133841481
MOP_kg_ha,Ridge,65.4,53.59560685314777
MOP_kg_ha,Ridge,68.3,67.12446609395735
MOP_kg_ha,Ridge,65.3,59.869209651154904
MOP_kg_ha,Ridge,31.8,42.14247378885725
MOP_kg_ha,Ridge,66,52.27227780068938
MOP_kg_ha,Ridge,31.5,47.513540658851134
MOP_kg_ha,Ridge,33.4,42.822354456338886
MOP_kg_ha,Ridge,93.1,81.2216858754124
MOP_kg_ha,Ridge,30.9,24.596906422208487
MOP_kg_ha,Ridge,33.8,45.87975074225168
MOP_kg_ha,Ridge,32.5,39.577692404795876
MOP_kg_ha,Ridge,69.2,53.86304199886101
MOP_kg_ha,Ridge,105.7,92.37944788660224
MOP_kg_ha,Ridge,105.3,89.0653076039337
MOP_kg_ha,Ridge,35.7,39.87914673597574
MOP_kg_ha,Ridge,65.2,71.25124622086656
MOP_kg_ha,Ridge,102.2,83.2339495075658
MOP_kg_ha,Ridge,64.8,67.15842308435101
MOP_kg_ha,Ridge,34.3,40.14293862105052
MOP_kg_ha,Ridge,32.4,19.68038202520621
MOP_kg_ha,Ridge,104.8,81.87783463621984
MOP_kg_ha,Ridge,69.4,53.43978706820598
MOP_kg_ha,Ridge,33.2,34.417613282334955
MOP_kg_ha,Ridge,102.4,86.50547567665713
MOP_kg_ha,Ridge,99.9,85.47049967379662
MOP_kg_ha,Ridge,65.6,54.67769735948987
MOP_kg_ha,Ridge,32.5,28.975003123316014
MOP_kg_ha,Ridge,68,59.67113237337247
MOP_kg_ha,Ridge,69.7,55.72205561516591
MOP_kg_ha,Ridge,67.8,77.93020324065813
MOP_kg_ha,Ridge,31.6,21.499454432982734
MOP_kg_ha,Ridge,64.6,74.70982052149289
MOP_kg_ha,Ridge,33.9,38.20620795930932
MOP_kg_ha,Ridge,35,36.339575823245795
MOP_kg_ha,Ridge,31.1,46.97364741769684
MOP_kg_ha,Ridge,103.8,83.28040826896815
MOP_kg_ha,Ridge,68.7,53.23749025868984
MOP_kg_ha,Ridge,34.9,43.4733572068439
MOP_kg_ha,Ridge,70.9,75.43742337411167
MOP_kg_ha,Ridge,34.9,43.94922604564495
MOP_kg_ha,Ridge,96.5,80.64882932036629
MOP_kg_ha,Ridge,65.1,60.615031160650105
MOP_kg_ha,Ridge,31.8,35.72255829162282
MOP_kg_ha,Ridge,64.2,70.14301273431474
MOP_kg_ha,Ridge,103.3,89.85220532857001
MOP_kg_ha,Ridge,70.1,70.80541861982135
MOP_kg_ha,Ridge,70.1,54.74626191335535
MOP_kg_ha,Ridge,63.1,64.64141843630321
MOP_kg_ha,Ridge,94.6,87.73584368755891
MOP_kg_ha,Ridge,63,81.27908075930517
MOP_kg_ha,Ridge,34.8,34.37252497405264
MOP_kg_ha,Ridge,71.6,72.75573020521746
MOP_kg_ha,Ridge,65.1,55.96776298114713
MOP_kg_ha,Ridge,66.4,67.6003285898729
MOP_kg_ha,Ridge,66.6,55.8982783777332
MOP_kg_ha,Ridge,33.9,23.4200399549187
MOP_kg_ha,Ridge,65.7,53.91463522091129
MOP_kg_ha,Ridge,35.8,31.53869980266142
MOP_kg_ha,Ridge,32.1,49.734906703578126
MOP_kg_ha,Ridge,63.6,66.26306034417955
MOP_kg_ha,Ridge,33.9,28.406299925547266
MOP_kg_ha,Ridge,62.9,79.07364111123594
MOP_kg_ha,Ridge,33.3,31.061150394159704
MOP_kg_ha,Ridge,34.5,34.88920896562647
MOP_kg_ha,Ridge,66.7,65.52678500863169
MOP_kg_ha,Ridge,31.9,43.57778683922473
MOP_kg_ha,Ridge,65.7,61.72686676931903
MOP_kg_ha,Ridge,98,89.01814036741642
MOP_kg_ha,Ridge,32.1,38.97545663709779
MOP_kg_ha,Ridge,97.4,84.62482869313115
MOP_kg_ha,Ridge,103.1,92.17356029773568
MOP_kg_ha,Ridge,35.7,38.033743712093106
MOP_kg_ha,Ridge,35,51.032002883645255
MOP_kg_ha,Ridge,30.9,44.044014109466765
MOP_kg_ha,Ridge,63,56.10221639119028
MOP_kg_ha,Ridge,65.3,54.11173083612658
MOP_kg_ha,Ridge,69,57.68076613297666
MOP_kg_ha,Ridge,97.6,92.40490903551166
MOP_kg_ha,Ridge,31.3,36.02622966014111
MOP_kg_ha,Ridge,64.5,78.13990182102395
MOP_kg_ha,Ridge,34.1,34.92106385588341
MOP_kg_ha,Ridge,100.4,82.34879978551452
MOP_kg_ha,Ridge,69.1,53.813984843967056
MOP_kg_ha,Ridge,99.1,94.98764351099148
MOP_kg_ha,Ridge,92.6,91.3167988410402
MOP_kg_ha,Ridge,102.8,85.21560340792215
MOP_kg_ha,Ridge,63.9,61.043604047115416
MOP_kg_ha,Ridge,61.8,65.0582620927778
MOP_kg_ha,Ridge,62.7,68.88235967323227
MOP_kg_ha,Ridge,32.6,39.247443477123525
MOP_kg_ha,Ridge,65.6,58.87808295656206
MOP_kg_ha,Ridge,62.6,69.28951238327298
MOP_kg_ha,Ridge,62.9,56.77721534944496
MOP_kg_ha,Ridge,71.2,66.70497507205678
MOP_kg_ha,Ridge,64.3,60.45449520657734
MOP_kg_ha,LASSO,34.5,38.84879756858703
MOP_kg_ha,LASSO,97.3,87.65502287016325
MOP_kg_ha,LASSO,32.4,42.38504055112663
MOP_kg_ha,LASSO,65.6,55.40413123214896
MOP_kg_ha,LASSO,95.8,90.42156047030265
MOP_kg_ha,LASSO,62.8,53.64691603502737
MOP_kg_ha,LASSO,31.8,49.30471414958391
MOP_kg_ha,LASSO,34.6,43.968671058175566
MOP_kg_ha,LASSO,104.1,88.80492988955928
MOP_kg_ha,LASSO,65.9,67.491268527373
MOP_kg_ha,LASSO,69.7,72.55077927506403
MOP_kg_ha,LASSO,69.7,53.01705087636598
MOP_kg_ha,LASSO,32.8,39.49880086832363
MOP_kg_ha,LASSO,70.8,82.10217548384232
MOP_kg_ha,LASSO,64.8,54.912510849988735
MOP_kg_ha,LASSO,68.7,77.73612488759949
MOP_kg_ha,LASSO,67.6,55.46423890934496
MOP_kg_ha,LASSO,63.6,61.49743837003958
MOP_kg_ha,LASSO,96.8,94.49382407975965
MOP_kg_ha,LASSO,64.8,81.13095562178985
MOP_kg_ha,LASSO,101.5,96.82920729529224
MOP_kg_ha,LASSO,32,43.02710795882061
MOP_kg_ha,LASSO,67.8,62.398214789629506
MOP_kg_ha,LASSO,32,42.93300534721903
MOP_kg_ha,LASSO,99.3,86.88602631305021
MOP_kg_ha,LASSO,71,60.42303568930775
MOP_kg_ha,LASSO,62.8,61.46474319595125
MOP_kg_ha,LASSO,63.6,53.931414528608514
MOP_kg_ha,LASSO,62.2,55.51240332799486
MOP_kg_ha,LASSO,69.2,65.3895417229596
MOP_kg_ha,LASSO,35.7,42.93094439600018
MOP_kg_ha,LASSO,105.4,89.74279669616443
MOP_kg_ha,LASSO,64,51.96796862482334
MOP_kg_ha,LASSO,35.2,34.8754155731315
MOP_kg_ha,LASSO,64.6,81.8622916465647
MOP_kg_ha,LASSO,35.5,46.67200576419941
MOP_kg_ha,LASSO,66.8,81.27839157115207
MOP_kg_ha,LASSO,62.3,52.511059704226064
MOP_kg_ha,LASSO,94.2,87.72125266682775
MOP_kg_ha,LASSO,32.8,41.45991859258278
MOP_kg_ha,LASSO,69.6,52.5898982639712
MOP_kg_ha,LASSO,31.9,48.26424391121128
MOP_kg_ha,LASSO,70,81.003228855418
MOP_kg_ha,LASSO,66.9,56.51402604866691
MOP_kg_ha,LASSO,94.9,84.28849038446937
MOP_kg_ha,LASSO,33.8,43.17602452993035
MOP_kg_ha,LASSO,63.9,59.47462936196447
MOP_kg_ha,LASSO,64.9,62.05531066970882
MOP_kg_ha,LASSO,61.7,75.8393532466716
MOP_kg_ha,LASSO,68.7,63.365884483905994
MOP_kg_ha,LASSO,31.4,46.24363114964358
MOP_kg_ha,LASSO,104,88.86654681728264
MOP_kg_ha,LASSO,66.1,76.5061646352874
MOP_kg_ha,LASSO,64.5,82.15445995507247
MOP_kg_ha,LASSO,32.6,36.86462266652019
MOP_kg_ha,LASSO,96.3,96.0236679814689
MOP_kg_ha,LASSO,71.6,76.30134616565616
MOP_kg_ha,LASSO,33,48.64457304286241
MOP_kg_ha,LASSO,64.8,78.41161093618254
MOP_kg_ha,LASSO,34.9,32.71896645121129
MOP_kg_ha,LASSO,32.3,44.35078401896218
MOP_kg_ha,LASSO,70.3,54.49395566525263
MOP_kg_ha,LASSO,66.1,66.5587397773179
MOP_kg_ha,LASSO,65.9,58.92187759660934
MOP_kg_ha,LASSO,33.9,47.28703214002686
MOP_kg_ha,LASSO,65.9,80.89866850111818
MOP_kg_ha,LASSO,68.8,75.82540495489945
MOP_kg_ha,LASSO,95.9,92.65928152240626
MOP_kg_ha,LASSO,93.9,96.57584111074996
MOP_kg_ha,LASSO,101.8,94.68913814827653
MOP_kg_ha,LASSO,66.5,55.30301882930235
MOP_kg_ha,LASSO,62.9,68.85371835189578
MOP_kg_ha,LASSO,33.8,19.956085911816935
MOP_kg_ha,LASSO,65.1,53.31237471439753
MOP_kg_ha,LASSO,65.1,54.32010847733832
MOP_kg_ha,LASSO,33.7,50.20795291922281
MOP_kg_ha,LASSO,33.2,28.05418331406758
MOP_kg_ha,LASSO,67.3,52.907108357050596
MOP_kg_ha,LASSO,104.1,95.44341821151387
MOP_kg_ha,LASSO,62.2,67.28438761248324
MOP_kg_ha,LASSO,68.5,80.19059259562259
MOP_kg_ha,LASSO,32.4,48.10169459437607
MOP_kg_ha,LASSO,69.5,76.30686906177687
MOP_kg_ha,LASSO,34.9,42.89274580530817
MOP_kg_ha,LASSO,65.2,79.62395833429322
MOP_kg_ha,LASSO,102.7,96.82090287680208
MOP_kg_ha,LASSO,33.3,12.122602319752957
MOP_kg_ha,LASSO,63.2,67.058666295589
MOP_kg_ha,LASSO,65.7,61.27513201125088
MOP_kg_ha,LASSO,31.4,40.16799906679395
MOP_kg_ha,LASSO,32.3,35.77264346687716
MOP_kg_ha,LASSO,62,57.716584548265345
MOP_kg_ha,LASSO,71,65.84611698758593
MOP_kg_ha,LASSO,102.8,85.26550727050437
MOP_kg_ha,LASSO,65.6,53.28047744223761
MOP_kg_ha,LASSO,94.3,91.52273547068958
MOP_kg_ha,LASSO,70.1,53.93313118162694
MOP_kg_ha,LASSO,33.9,37.05402786030368
MOP_kg_ha,LASSO,102.2,94.17311187128067
MOP_kg_ha,LASSO,95.6,85.94877316210561
MOP_kg_ha,LASSO,63.1,74.4358899110792
MOP_kg_ha,LASSO,67.1,71.5829979539524
MOP_kg_ha,LASSO,32.8,39.24172776687837
MOP_kg_ha,LASSO,65.4,76.80298913376164
MOP_kg_ha,LASSO,98.5,94.26071042697595
MOP_kg_ha,LASSO,32.4,46.765414595551796
MOP_kg_ha,LASSO,107.2,97.57742421343026
MOP_kg_ha,LASSO,34.3,25.823459176372893
MOP_kg_ha,LASSO,32.7,48.889230599332294
MOP_kg_ha,LASSO,64.5,68.27627295128352
MOP_kg_ha,LASSO,32.4,44.32703462277793
MOP_kg_ha,LASSO,35.3,42.73057448468898
MOP_kg_ha,LASSO,33.4,44.86292204313406
MOP_kg_ha,LASSO,69.7,63.18309680249983
MOP_kg_ha,LASSO,66.4,77.53199945893465
MOP_kg_ha,LASSO,35,42.22240149912216
MOP_kg_ha,LASSO,32.5,45.43272493044891
MOP_kg_ha,LASSO,66.2,51.95122336583135
MOP_kg_ha,LASSO,31.9,25.85042630932497
MOP_kg_ha,LASSO,35.7,37.556017008580675
MOP_kg_ha,LASSO,32.8,37.458309140703825
MOP_kg_ha,LASSO,100.9,85.01961275608639
MOP_kg_ha,LASSO,102.1,95.06298163815791
MOP_kg_ha,LASSO,70.1,55.631746986294026
MOP_kg_ha,LASSO,66.2,60.654699733495256
MOP_kg_ha,LASSO,70.6,82.04730681090314
MOP_kg_ha,LASSO,93.4,93.87676612424113
MOP_kg_ha,LASSO,105.6,84.10212967332448
MOP_kg_ha,LASSO,104.2,82.66196576423151
MOP_kg_ha,LASSO,71,55.81665684483784
MOP_kg_ha,LASSO,67.1,70.05931120949629
MOP_kg_ha,LASSO,33.4,23.266080977860046
MOP_kg_ha,LASSO,32.3,33.31389773765597
MOP_kg_ha,LASSO,67,80.50491321219116
MOP_kg_ha,LASSO,65.5,72.49855463627046
MOP_kg_ha,LASSO,66.4,68.13709927203135
MOP_kg_ha,LASSO,66,57.244657195850515
MOP_kg_ha,LASSO,70.5,71.22523254030146
MOP_kg_ha,LASSO,64.1,55.42615197155385
MOP_kg_ha,LASSO,104.7,86.70489462190352
MOP_kg_ha,LASSO,70,70.04258015521154
MOP_kg_ha,LASSO,71.1,72.83906312035411
MOP_kg_ha,LASSO,107.4,90.81680176488571
MOP_kg_ha,LASSO,34.2,35.43462192527298
MOP_kg_ha,LASSO,93.6,83.9436804666432
MOP_kg_ha,LASSO,69.7,68.96963022476382
MOP_kg_ha,LASSO,31.3,43.875188666540616
MOP_kg_ha,LASSO,32.9,39.82484759481586
MOP_kg_ha,LASSO,104.3,89.20683656241769
MOP_kg_ha,LASSO,33.9,24.8886160162814
MOP_kg_ha,LASSO,102.8,85.85229381428468
MOP_kg_ha,LASSO,35,45.76749009322465
MOP_kg_ha,LASSO,33.7,37.626408955994954
MOP_kg_ha,LASSO,35.6,49.4130418492353
MOP_kg_ha,LASSO,30.9,27.895883621392404
MOP_kg_ha,LASSO,31.9,27.881234417354268
MOP_kg_ha,LASSO,66.4,69.63239701048828
MOP_kg_ha,LASSO,97.8,86.28868141721532
MOP_kg_ha,LASSO,31.5,39.87767693433882
MOP_kg_ha,LASSO,66.1,75.26606363927934
MOP_kg_ha,LASSO,31.8,36.81995183959077
MOP_kg_ha,LASSO,99.5,87.11508728451562
MOP_kg_ha,LASSO,66.9,64.70029580303864
MOP_kg_ha,LASSO,69.5,60.67893815884275
MOP_kg_ha,LASSO,96.6,85.27149890963722
MOP_kg_ha,LASSO,34.2,25.422273242688643
MOP_kg_ha,LASSO,93.5,83.07675225952956
MOP_kg_ha,LASSO,63.1,75.15295571055023
MOP_kg_ha,LASSO,70.4,53.134440734595074
MOP_kg_ha,LASSO,64.7,73.10622496692132
MOP_kg_ha,LASSO,106.5,93.87568515859621
MOP_kg_ha,LASSO,61.9,56.399825448974504
MOP_kg_ha,LASSO,62.6,82.27163735816485
MOP_kg_ha,LASSO,101.7,89.68373930701912
MOP_kg_ha,LASSO,71.5,72.30380101491059
MOP_kg_ha,LASSO,64.7,61.087395692160534
MOP_kg_ha,LASSO,63,69.14763222390886
MOP_kg_ha,LASSO,31.4,21.62404055053502
MOP_kg_ha,LASSO,34,25.312594451550506
MOP_kg_ha,LASSO,31.3,39.66533794379753
MOP_kg_ha,LASSO,34.8,44.312739016726525
MOP_kg_ha,LASSO,65.6,72.14116000672846
MOP_kg_ha,LASSO,95,88.52096702442263
MOP_kg_ha,LASSO,64.2,53.2038235630558
MOP_kg_ha,LASSO,64.4,78.58577552249125
MOP_kg_ha,LASSO,31.4,25.41024845242409
MOP_kg_ha,LASSO,65.4,61.65425703159368
MOP_kg_ha,LASSO,71,52.4194614593629
MOP_kg_ha,LASSO,62.6,70.01881494393918
MOP_kg_ha,LASSO,35.7,44.33827331033575
MOP_kg_ha,LASSO,64.5,82.62135512881619
MOP_kg_ha,LASSO,31.4,43.48427837170674
MOP_kg_ha,LASSO,34.6,41.92208620083679
MOP_kg_ha,LASSO,35.6,47.8744948842601
MOP_kg_ha,LASSO,98.6,85.13534884020231
MOP_kg_ha,LASSO,61.9,56.1746846480035
MOP_kg_ha,LASSO,63.6,54.58677614456051
MOP_kg_ha,LASSO,71.7,76.99328458324709
MOP_kg_ha,LASSO,67.3,68.64141512449508
MOP_kg_ha,LASSO,32.3,48.74512568225799
MOP_kg_ha,LASSO,31.9,32.06912944160079
MOP_kg_ha,LASSO,33.4,45.880217606975656
MOP_kg_ha,LASSO,70.2,61.071351830992796
MOP_kg_ha,LASSO,69,56.57390441832574
MOP_kg_ha,LASSO,70.7,58.50543417491565
MOP_kg_ha,LASSO,100.6,85.3377232722079
MOP_kg_ha,LASSO,65.8,55.797081051848785
MOP_kg_ha,LASSO,33.3,42.47803917549649
MOP_kg_ha,LASSO,105.5,86.27446161809884
MOP_kg_ha,LASSO,31,43.830031042472214
MOP_kg_ha,LASSO,69.4,51.71767782273606
MOP_kg_ha,LASSO,32.1,41.50002821587388
MOP_kg_ha,LASSO,68.9,53.0399861426767
MOP_kg_ha,LASSO,62.8,73.3319532333925
MOP_kg_ha,LASSO,69,81.17329189972445
MOP_kg_ha,LASSO,34.3,41.262475892475294
MOP_kg_ha,LASSO,70.5,80.25050105553453
MOP_kg_ha,LASSO,68.6,51.217323545402685
MOP_kg_ha,LASSO,63.1,72.11571862545047
MOP_kg_ha,LASSO,62.5,67.75133096417652
MOP_kg_ha,LASSO,32.8,37.474884062283714
MOP_kg_ha,LASSO,62.9,61.33756608675034
MOP_kg_ha,LASSO,97.8,97.77333182732626
MOP_kg_ha,LASSO,35.1,44.850714285483
MOP_kg_ha,LASSO,34.5,46.72122983120972
MOP_kg_ha,LASSO,33.8,36.663609346519245
MOP_kg_ha,LASSO,30.9,28.330144252480327
MOP_kg_ha,LASSO,66,80.26141260220645
MOP_kg_ha,LASSO,34,38.54310812797792
MOP_kg_ha,LASSO,67.8,75.3330149374624
MOP_kg_ha,LASSO,70.1,53.690174613183224
MOP_kg_ha,LASSO,66.6,80.7962967340682
MOP_kg_ha,LASSO,101.1,94.06415718471672
MOP_kg_ha,LASSO,63.3,59.124166985697705
MOP_kg_ha,LASSO,32,36.97805770146911
MOP_kg_ha,LASSO,34,43.5339884432338
MOP_kg_ha,LASSO,30.9,12.565704594863371
MOP_kg_ha,LASSO,35.6,50.43127664132749
MOP_kg_ha,LASSO,31.6,35.67764639381642
MOP_kg_ha,LASSO,71.1,79.9437122239535
MOP_kg_ha,LASSO,63.8,69.13310838730155
MOP_kg_ha,LASSO,33.2,46.83626775089803
MOP_kg_ha,LASSO,62.5,68.31281498893631
MOP_kg_ha,LASSO,62.3,56.66418723996962
MOP_kg_ha,LASSO,35.6,35.33307993738018
MOP_kg_ha,LASSO,35.4,36.41334046221502
MOP_kg_ha,LASSO,34.7,15.558819165537008
MOP_kg_ha,LASSO,65.7,59.272554213404476
MOP_kg_ha,LASSO,34,41.62446969597989
MOP_kg_ha,LASSO,106.1,88.82878106473065
MOP_kg_ha,LASSO,33.2,31.293853214142707
MOP_kg_ha,LASSO,68.3,76.01800341998991
MOP_kg_ha,LASSO,62,55.60121949388097
MOP_kg_ha,LASSO,67.2,52.91472130076502
MOP_kg_ha,LASSO,100.9,86.54835109074125
MOP_kg_ha,LASSO,71.3,65.80096533529543
MOP_kg_ha,LASSO,33.8,47.42136229174356
MOP_kg_ha,LASSO,65.7,75.55033983109796
MOP_kg_ha,LASSO,66.2,59.85595934396793
MOP_kg_ha,LASSO,107.3,87.33968056664847
MOP_kg_ha,LASSO,71.7,77.20113132916669
MOP_kg_ha,LASSO,35.5,48.69600753742731
MOP_kg_ha,LASSO,33.8,39.7907753711397
MOP_kg_ha,LASSO,66.4,60.39513804320834
MOP_kg_ha,LASSO,31.9,40.36666571338912
MOP_kg_ha,LASSO,62,61.573572086278006
MOP_kg_ha,LASSO,35.8,46.30984870730729
MOP_kg_ha,LASSO,32.3,47.9891939963074
MOP_kg_ha,LASSO,32,44.80233016456015
MOP_kg_ha,LASSO,97.3,88.9223013995564
MOP_kg_ha,LASSO,35.8,40.894380334550156
MOP_kg_ha,LASSO,105.3,92.98797118535094
MOP_kg_ha,LASSO,67.8,51.75688314344783
MOP_kg_ha,LASSO,34.5,26.760156270603332
MOP_kg_ha,LASSO,66.8,63.10538357057148
MOP_kg_ha,LASSO,33.8,37.11178172936641
MOP_kg_ha,LASSO,62.7,64.36966265665649
MOP_kg_ha,LASSO,34.8,24.956755593573913
MOP_kg_ha,LASSO,67.4,55.14145749996948
MOP_kg_ha,LASSO,68.7,55.79228840114898
MOP_kg_ha,LASSO,71.2,65.04787511728631
MOP_kg_ha,LASSO,62.6,66.48124577901456
MOP_kg_ha,LASSO,97.3,94.1642011827411
MOP_kg_ha,LASSO,34.3,29.041738028579616
MOP_kg_ha,LASSO,35.4,46.05915081552503
MOP_kg_ha,LASSO,69.8,62.1979702412455
MOP_kg_ha,LASSO,70.7,76.0838659329871
MOP_kg_ha,LASSO,34.2,37.99543357046097
MOP_kg_ha,LASSO,69.4,75.40159975361159
MOP_kg_ha,LASSO,68.6,73.79175870279349
MOP_kg_ha,LASSO,33.9,49.729444778510825
MOP_kg_ha,LASSO,35.1,43.80870456866334
MOP_kg_ha,LASSO,35.3,32.85843213435898
MOP_kg_ha,LASSO,62.4,73.23496769077263
MOP_kg_ha,LASSO,33.1,38.83744975812889
MOP_kg_ha,LASSO,33.8,46.493611367977486
MOP_kg_ha,LASSO,107.3,85.57253476801415
MOP_kg_ha,LASSO,68.1,73.11377550668684
MOP_kg_ha,LASSO,63.7,70.62188685125669
MOP_kg_ha,LASSO,68.7,78.28396648866854
MOP_kg_ha,LASSO,32.9,39.69018732736113
MOP_kg_ha,LASSO,34.2,34.732116730903705
MOP_kg_ha,LASSO,103.6,86.52934586098179
MOP_kg_ha,LASSO,33.4,40.55855841811811
MOP_kg_ha,LASSO,65.5,81.91902201948078
MOP_kg_ha,LASSO,35.3,21.59953623812307
MOP_kg_ha,LASSO,62.5,80.95749968512246
MOP_kg_ha,LASSO,70.9,71.19202525454087
MOP_kg_ha,LASSO,33.1,27.723080071066207
MOP_kg_ha,LASSO,105.4,89.61637511341769
MOP_kg_ha,LASSO,67.9,54.21525516628958
MOP_kg_ha,LASSO,99.2,97.19018396554193
MOP_kg_ha,LASSO,33.4,44.31067892657103
MOP_kg_ha,LASSO,32.9,18.474382539364633
MOP_kg_ha,LASSO,32.9,16.07289443593368
MOP_kg_ha,LASSO,33.8,14.862919866185079
MOP_kg_ha,LASSO,34.9,45.71178377147454
MOP_kg_ha,LASSO,65.4,51.862627530706945
MOP_kg_ha,LASSO,64.9,61.55428589005756
MOP_kg_ha,LASSO,35.6,40.00610264096253
MOP_kg_ha,LASSO,35,25.513225508211427
MOP_kg_ha,LASSO,62.6,71.19315339916244
MOP_kg_ha,LASSO,68.9,78.2962448284824
MOP_kg_ha,LASSO,63.3,63.80994033930226
MOP_kg_ha,LASSO,63,76.67363379942233
MOP_kg_ha,LASSO,34.7,36.79313014604119
MOP_kg_ha,LASSO,62.2,78.87999738946874
MOP_kg_ha,LASSO,65.4,72.0521041096989
MOP_kg_ha,LASSO,63.5,55.946991513464695
MOP_kg_ha,LASSO,33.9,23.37127264272172
MOP_kg_ha,LASSO,33.7,48.65529770926529
MOP_kg_ha,LASSO,34.5,20.873117168623438
MOP_kg_ha,LASSO,32.6,45.67315323063833
MOP_kg_ha,LASSO,63.5,64.909173898575375
MOP_kg_ha,LASSO,70.8,52.7443751981396
MOP_kg_ha,LASSO,69.9,71.56230317512706
MOP_kg_ha,LASSO,35.1,41.120922119505906
MOP_kg_ha,LASSO,32.7,45.02398603955393
MOP_kg_ha,LASSO,66,58.72011625216057
MOP_kg_ha,LASSO,71,57.96769627551507
MOP_kg_ha,LASSO,31.6,25.609792403980837
MOP_kg_ha,LASSO,68,66.0781381857868
MOP_kg_ha,LASSO,68.9,68.66452747406976
MOP_kg_ha,LASSO,68.1,59.43575463013505
MOP_kg_ha,LASSO,101.7,85.08300780613202
MOP_kg_ha,LASSO,34.9,46.26712898209557
MOP_kg_ha,LASSO,70.5,58.47111657775053
MOP_kg_ha,LASSO,30.9,45.398710155947256
MOP_kg_ha,LASSO,66.1,63.53529635530034
MOP_kg_ha,LASSO,64.5,52.75612811577092
MOP_kg_ha,LASSO,99.1,96.30656101016666
MOP_kg_ha,LASSO,33.7,47.59825533656449
MOP_kg_ha,LASSO,33.8,51.58616432698837
MOP_kg_ha,LASSO,62.6,66.57160594622401
MOP_kg_ha,LASSO,31.1,17.776734559389304
MOP_kg_ha,LASSO,33.1,49.78891339778041
MOP_kg_ha,LASSO,61.8,69.01013821059361
MOP_kg_ha,LASSO,61.8,73.20611609359025
MOP_kg_ha,LASSO,33.3,14.607768170691536
MOP_kg_ha,LASSO,70.6,55.8439435961054
MOP_kg_ha,LASSO,62.2,63.747747223417285
MOP_kg_ha,LASSO,62.5,61.46946083330259
MOP_kg_ha,LASSO,35.8,40.66615831800026
MOP_kg_ha,LASSO,66.9,77.63943821838572
MOP_kg_ha,LASSO,67.8,57.201899031042004
MOP_kg_ha,LASSO,32.2,48.510249674609184
MOP_kg_ha,LASSO,62.2,69.39628301446788
MOP_kg_ha,LASSO,103.4,94.45140178648857
MOP_kg_ha,LASSO,70.5,61.26050463254757
MOP_kg_ha,LASSO,35.3,32.739058113714485
MOP_kg_ha,LASSO,69.2,61.189806293302055
MOP_kg_ha,LASSO,32.2,50.635983175722
MOP_kg_ha,LASSO,35.1,43.24525470329299
MOP_kg_ha,LASSO,70.4,70.11244708819814
MOP_kg_ha,LASSO,101.5,90.5938370819393
MOP_kg_ha,LASSO,66.2,66.75306497417536
MOP_kg_ha,LASSO,31.7,41.60981664107943
MOP_kg_ha,LASSO,65,54.402442096835294
MOP_kg_ha,LASSO,33,49.63575684557683
MOP_kg_ha,LASSO,33.6,30.272580849030533
MOP_kg_ha,LASSO,62.1,65.22014930914013
MOP_kg_ha,LASSO,93.8,91.73449651455587
MOP_kg_ha,LASSO,33,36.557469157142734
MOP_kg_ha,LASSO,100.6,84.89164341628342
MOP_kg_ha,LASSO,68.7,64.79410330627871
MOP_kg_ha,LASSO,66.9,58.949751282681156
MOP_kg_ha,LASSO,32,33.63395593327332
MOP_kg_ha,LASSO,66.7,80.56657316297843
MOP_kg_ha,LASSO,34.9,37.5473491292859
MOP_kg_ha,LASSO,103.2,83.61735920698835
MOP_kg_ha,LASSO,62.4,59.043664150128876
MOP_kg_ha,LASSO,63,74.20022581547654
MOP_kg_ha,LASSO,71.5,69.77482942360962
MOP_kg_ha,LASSO,96.7,85.88094261986842
MOP_kg_ha,LASSO,104.3,86.84469596080416
MOP_kg_ha,LASSO,71,73.22247578904651
MOP_kg_ha,LASSO,67.3,62.504314066545625
MOP_kg_ha,LASSO,64.2,59.52448008295224
MOP_kg_ha,LASSO,64.1,80.61811545116876
MOP_kg_ha,LASSO,65.6,77.10913613465186
MOP_kg_ha,LASSO,69.1,58.99767270275919
MOP_kg_ha,LASSO,70.4,70.69499998997078
MOP_kg_ha,LASSO,68.4,72.38532160517177
MOP_kg_ha,LASSO,65.9,59.86071916417127
MOP_kg_ha,LASSO,107.3,85.93978922099889
MOP_kg_ha,LASSO,34.3,25.980008778540878
MOP_kg_ha,LASSO,61.8,63.8310337716818
MOP_kg_ha,LASSO,35.1,46.360012298905936
MOP_kg_ha,LASSO,33,20.840717552079422
MOP_kg_ha,LASSO,34.2,50.88105176190633
MOP_kg_ha,LASSO,71,62.147422325486374
MOP_kg_ha,LASSO,69,65.13097104656082
MOP_kg_ha,LASSO,30.8,38.70235402594961
MOP_kg_ha,LASSO,69.6,74.63062191225515
MOP_kg_ha,LASSO,33.5,38.73166263444974
MOP_kg_ha,LASSO,66.2,70.65750080113243
MOP_kg_ha,LASSO,66.3,71.15732428549643
MOP_kg_ha,LASSO,34.1,49.44296154662286
MOP_kg_ha,LASSO,33.3,32.90933516396391
MOP_kg_ha,LASSO,69.5,65.01771839978676
MOP_kg_ha,LASSO,70.4,74.01315868622692
MOP_kg_ha,LASSO,63.6,67.08004226463905
MOP_kg_ha,LASSO,31,31.760545798353427
MOP_kg_ha,LASSO,66.2,63.08730068946019
MOP_kg_ha,LASSO,64.7,70.29544935703164
MOP_kg_ha,LASSO,67.5,66.0893801059578
MOP_kg_ha,LASSO,34.2,41.30953296150203
MOP_kg_ha,LASSO,34.3,15.734081624216607
MOP_kg_ha,LASSO,69,61.95007176557441
MOP_kg_ha,LASSO,31.4,42.503289922477755
MOP_kg_ha,LASSO,71.1,76.50633216777598
MOP_kg_ha,LASSO,66,67.18946148225398
MOP_kg_ha,LASSO,34.1,18.6612030017744
MOP_kg_ha,LASSO,66.7,77.51904987881129
MOP_kg_ha,LASSO,70.5,68.65029115451388
MOP_kg_ha,LASSO,34,47.11583350960661
MOP_kg_ha,LASSO,32.7,50.23468885268781
MOP_kg_ha,LASSO,68.8,82.58737501370575
MOP_kg_ha,LASSO,32.8,29.32738528174366
MOP_kg_ha,LASSO,103.5,84.465602408541
MOP_kg_ha,LASSO,31.5,50.04196263665858
MOP_kg_ha,LASSO,64.4,66.95102878044918
MOP_kg_ha,LASSO,32.9,47.53581183808371
MOP_kg_ha,LASSO,31.3,50.44048879179731
MOP_kg_ha,LASSO,31.8,43.84293125503944
MOP_kg_ha,LASSO,33.5,36.16471748928485
MOP_kg_ha,LASSO,32,43.87875968063931
MOP_kg_ha,LASSO,63.1,67.08174778034162
MOP_kg_ha,LASSO,66.9,76.25597508198989
MOP_kg_ha,LASSO,31.1,41.08930780885994
MOP_kg_ha,LASSO,67.6,66.05997082738291
MOP_kg_ha,LASSO,34.7,41.00808928168596
MOP_kg_ha,LASSO,93.8,91.70802206013857
MOP_kg_ha,LASSO,32.8,42.19702750851231
MOP_kg_ha,LASSO,102.2,84.63524588570064
MOP_kg_ha,LASSO,34.7,45.526170208794724
MOP_kg_ha,LASSO,63.5,60.21249596124508
MOP_kg_ha,LASSO,67.7,73.18344629069486
MOP_kg_ha,LASSO,65.9,73.03153981468594
MOP_kg_ha,LASSO,70.2,69.75864311557415
MOP_kg_ha,LASSO,32,38.926296733924005
MOP_kg_ha,LASSO,31.2,48.32218333278789
MOP_kg_ha,LASSO,64.3,76.69562004164534
MOP_kg_ha,LASSO,33.7,37.647480422196196
MOP_kg_ha,LASSO,65.4,69.73014227367433
MOP_kg_ha,LASSO,65.1,75.52533306817243
MOP_kg_ha,LASSO,66,52.6306539203288
MOP_kg_ha,LASSO,31,21.676042196528748
MOP_kg_ha,LASSO,63.1,81.39048598760793
MOP_kg_ha,LASSO,66.7,69.64823160871784
MOP_kg_ha,LASSO,31.7,49.35247538860713
MOP_kg_ha,LASSO,70.8,72.93452240325118
MOP_kg_ha,LASSO,31.4,40.905898998284144
MOP_kg_ha,LASSO,33.6,29.71914527981781
MOP_kg_ha,LASSO,62.4,59.09182029578639
MOP_kg_ha,LASSO,33.1,50.58666141602501
MOP_kg_ha,LASSO,32.1,34.776214871357446
MOP_kg_ha,LASSO,33.2,36.167650319740595
MOP_kg_ha,LASSO,31.3,48.097466323884156
MOP_kg_ha,LASSO,32.9,32.16058125339274
MOP_kg_ha,LASSO,35.4,40.86088711052921
MOP_kg_ha,LASSO,63,80.25715123461053
MOP_kg_ha,LASSO,65.7,75.81494897997541
MOP_kg_ha,LASSO,34.9,33.518967174063505
MOP_kg_ha,LASSO,35.3,15.233403891382245
MOP_kg_ha,LASSO,32,40.063684519743134
MOP_kg_ha,LASSO,31.3,21.116984986784843
MOP_kg_ha,LASSO,35.4,47.848147405807794
MOP_kg_ha,LASSO,35.4,41.54184533880991
MOP_kg_ha,LASSO,62.9,73.39679425237755
MOP_kg_ha,LASSO,33.2,23.78896887743146
MOP_kg_ha,LASSO,64.4,54.447942351898185
MOP_kg_ha,LASSO,66.2,52.24176789622268
MOP_kg_ha,LASSO,104.8,93.81609137687722
MOP_kg_ha,LASSO,66.9,65.54448240329913
MOP_kg_ha,LASSO,65.9,72.3449767108425
MOP_kg_ha,LASSO,62.4,56.79688730345841
MOP_kg_ha,LASSO,34.8,20.02934164076951
MOP_kg_ha,LASSO,31.3,19.0068361090901
MOP_kg_ha,LASSO,103.9,88.08762953222502
MOP_kg_ha,LASSO,98.8,83.82518916092016
MOP_kg_ha,LASSO,35,14.81098200102739
MOP_kg_ha,LASSO,71.5,54.65852137141814
MOP_kg_ha,LASSO,103.4,85.33661467324097
MOP_kg_ha,LASSO,70.5,71.52451162332244
MOP_kg_ha,LASSO,32.1,21.08676573483677
MOP_kg_ha,LASSO,31,26.578088693138604
MOP_kg_ha,LASSO,100.5,88.49326910494284
MOP_kg_ha,LASSO,69.9,53.46457333870921
MOP_kg_ha,LASSO,34.7,30.674377502485786
MOP_kg_ha,LASSO,63.7,73.58173071049934
MOP_kg_ha,LASSO,32.6,35.221378770845284
MOP_kg_ha,LASSO,100,85.08974037300887
MOP_kg_ha,LASSO,70.3,67.23466794384704
MOP_kg_ha,LASSO,30.8,30.708399185987663
MOP_kg_ha,LASSO,68.1,63.9065191077448
MOP_kg_ha,LASSO,70.6,77.60672838435806
MOP_kg_ha,LASSO,31.8,44.94429583237096
MOP_kg_ha,LASSO,68.5,61.21317224543275
MOP_kg_ha,LASSO,66.2,75.30721831720538
MOP_kg_ha,LASSO,70.8,79.4602942390722
MOP_kg_ha,LASSO,62.3,69.52855792536502
MOP_kg_ha,LASSO,66.7,58.02829271640285
MOP_kg_ha,LASSO,69.9,76.24991636810465
MOP_kg_ha,LASSO,62.4,58.61718328364609
MOP_kg_ha,LASSO,67.1,78.14897579682584
MOP_kg_ha,LASSO,68.4,80.68970864639724
MOP_kg_ha,LASSO,62.9,60.74556389322509
MOP_kg_ha,LASSO,34.9,37.27460194950134
MOP_kg_ha,LASSO,62.1,56.98729707080101
MOP_kg_ha,LASSO,71.5,74.67536782647446
MOP_kg_ha,LASSO,32.5,22.419927421451963
MOP_kg_ha,LASSO,33.2,50.82564972590727
MOP_kg_ha,LASSO,64.5,74.15201006283098
MOP_kg_ha,LASSO,71.4,64.10443370102826
MOP_kg_ha,LASSO,66.1,77.73655999064077
MOP_kg_ha,LASSO,67.2,78.4170941356055
MOP_kg_ha,LASSO,35.6,28.590003713041483
MOP_kg_ha,LASSO,69.5,73.36786204999986
MOP_kg_ha,LASSO,64.7,68.35296357220804
MOP_kg_ha,LASSO,31.3,14.384652738863176
MOP_kg_ha,LASSO,35.3,46.54300036925137
MOP_kg_ha,LASSO,97.4,86.91345355465923
MOP_kg_ha,LASSO,64.7,62.29938721622078
MOP_kg_ha,LASSO,67.6,72.14779952681162
MOP_kg_ha,LASSO,64.4,51.15463395004117
MOP_kg_ha,LASSO,35.1,47.70290802546557
MOP_kg_ha,LASSO,65,70.51957899327634
MOP_kg_ha,LASSO,97.7,88.98453637246455
MOP_kg_ha,LASSO,66.3,77.25229895437987
MOP_kg_ha,LASSO,102.8,85.10721683085866
MOP_kg_ha,LASSO,63.3,62.59129563944532
MOP_kg_ha,LASSO,68.9,58.24654688165275
MOP_kg_ha,LASSO,104.1,94.5703765240433
MOP_kg_ha,LASSO,67.5,70.21717296715111
MOP_kg_ha,LASSO,97.6,95.16358455482323
MOP_kg_ha,LASSO,65.5,59.744793827657944
MOP_kg_ha,LASSO,35.2,44.348851391245915
MOP_kg_ha,LASSO,62,64.5618771705206
MOP_kg_ha,LASSO,68.4,57.50924887632543
MOP_kg_ha,LASSO,34.6,52.13059252226598
MOP_kg_ha,LASSO,104.9,96.02541531744444
MOP_kg_ha,LASSO,34.9,41.07824929695299
MOP_kg_ha,LASSO,107.1,85.13978866928878
MOP_kg_ha,LASSO,62.6,79.934042131316275
MOP_kg_ha,LASSO,35.1,34.76475668026089
MOP_kg_ha,LASSO,33.6,49.29210980570006
MOP_kg_ha,LASSO,34.2,46.81176936294489
MOP_kg_ha,LASSO,67.9,78.44643050124206
MOP_kg_ha,LASSO,98.3,93.45304212914873
MOP_kg_ha,LASSO,101.5,84.85252190274117
MOP_kg_ha,LASSO,67.5,79.29996612932806
MOP_kg_ha,LASSO,94.3,82.88399700760436
MOP_kg_ha,LASSO,64.8,59.39853423297681
MOP_kg_ha,LASSO,34.5,12.958887602581969
MOP_kg_ha,LASSO,30.9,36.48823766995371
MOP_kg_ha,LASSO,62.7,55.44619539436625
MOP_kg_ha,LASSO,64.8,74.73300537336686
MOP_kg_ha,LASSO,64.5,51.49574303217625
MOP_kg_ha,LASSO,34.7,42.312728799131676
MOP_kg_ha,LASSO,68.5,58.19637059370052
MOP_kg_ha,LASSO,34.5,32.542608031773106
MOP_kg_ha,LASSO,98.9,86.31261403282257
MOP_kg_ha,LASSO,70.9,59.81059051685768
MOP_kg_ha,LASSO,66.2,73.32813440925234
MOP_kg_ha,LASSO,64.2,79.24769958365894
MOP_kg_ha,LASSO,65.5,55.690003522500454
MOP_kg_ha,LASSO,66.6,62.73486903262367
MOP_kg_ha,LASSO,66,76.7774601344034
MOP_kg_ha,LASSO,67,58.203931912642126
MOP_kg_ha,LASSO,63.3,72.35906339489057
MOP_kg_ha,LASSO,71.4,78.49739370807833
MOP_kg_ha,LASSO,62.6,74.90302780459375
MOP_kg_ha,LASSO,32.1,38.51138275101936
MOP_kg_ha,LASSO,33.1,42.935146235971956
MOP_kg_ha,LASSO,66.2,61.55438470774037
MOP_kg_ha,LASSO,35.4,44.56142909984867
MOP_kg_ha,LASSO,67.8,78.05954097190096
MOP_kg_ha,LASSO,102.1,88.15876477437087
MOP_kg_ha,LASSO,64,75.37807912622358
MOP_kg_ha,LASSO,63.3,65.69304430802735
MOP_kg_ha,LASSO,33.7,49.41373471395195
MOP_kg_ha,LASSO,104.2,87.58673036149371
MOP_kg_ha,LASSO,31.2,43.230027254861
MOP_kg_ha,LASSO,34.8,37.65689847720773
MOP_kg_ha,LASSO,97.3,88.090565423525
MOP_kg_ha,LASSO,99.5,85.87834612854674
MOP_kg_ha,LASSO,67,70.6029144013136
MOP_kg_ha,LASSO,69.3,78.54511450092483
MOP_kg_ha,LASSO,34.9,36.85360758369157
MOP_kg_ha,LASSO,33.9,25.27576919429114
MOP_kg_ha,LASSO,31.1,32.59837774278848
MOP_kg_ha,LASSO,63.2,78.4602662742031
MOP_kg_ha,LASSO,63.3,72.29030156664744
MOP_kg_ha,LASSO,32.5,49.739004847752476
MOP_kg_ha,LASSO,33.3,47.67607917684389
MOP_kg_ha,LASSO,102.5,82.10764783119723
MOP_kg_ha,LASSO,32.3,42.14666762053188
MOP_kg_ha,LASSO,34,39.89874722412498
MOP_kg_ha,LASSO,102.4,91.46684499591282
MOP_kg_ha,LASSO,69.6,68.56119210142867
MOP_kg_ha,LASSO,34.2,18.727820518562112
MOP_kg_ha,LASSO,96.1,90.22237728599738
MOP_kg_ha,LASSO,34,35.47289090653503
MOP_kg_ha,LASSO,33.9,37.71185555920683
MOP_kg_ha,LASSO,68.4,67.07778083080782
MOP_kg_ha,LASSO,33.1,48.472223811782136
MOP_kg_ha,LASSO,35.5,47.0866137180219
MOP_kg_ha,LASSO,93.5,90.42264831262813
MOP_kg_ha,LASSO,35,19.489362998559418
MOP_kg_ha,LASSO,35,39.638991338355346
MOP_kg_ha,LASSO,62.4,73.61646855806431
MOP_kg_ha,LASSO,32.7,39.157869166992754
MOP_kg_ha,LASSO,92.7,94.94311513892082
MOP_kg_ha,LASSO,33.5,49.964168852370676
MOP_kg_ha,LASSO,35.3,19.951099845267024
MOP_kg_ha,LASSO,69.9,77.4892356378991
MOP_kg_ha,LASSO,62.2,71.74504925249379
MOP_kg_ha,LASSO,65.7,81.97158846493224
MOP_kg_ha,LASSO,32.3,35.61255102273451
MOP_kg_ha,LASSO,63.3,78.67577185681986
MOP_kg_ha,LASSO,30.9,44.78872582778481
MOP_kg_ha,LASSO,93.7,90.25231962672517
MOP_kg_ha,LASSO,105.1,86.57118744372613
MOP_kg_ha,LASSO,32.6,27.689028913334305
MOP_kg_ha,LASSO,34,48.54561759398953
MOP_kg_ha,LASSO,35.3,34.35947751081274
MOP_kg_ha,LASSO,63,74.42115158554891
MOP_kg_ha,LASSO,64.8,76.84646367668674
MOP_kg_ha,LASSO,66.5,51.57949072021412
MOP_kg_ha,LASSO,71.3,75.87872823819961
MOP_kg_ha,LASSO,65.2,53.48155339204002
MOP_kg_ha,LASSO,34.1,41.55521344836255
MOP_kg_ha,LASSO,66.6,57.88924688273991
MOP_kg_ha,LASSO,65.9,71.62237300604437
MOP_kg_ha,LASSO,71.5,53.54448644296867
MOP_kg_ha,LASSO,71.5,72.38026966823996
MOP_kg_ha,LASSO,62.4,74.27543252926635
MOP_kg_ha,LASSO,32.8,20.403513712519345
MOP_kg_ha,LASSO,33.9,47.53198845434144
MOP_kg_ha,LASSO,64.1,53.28196090223729
MOP_kg_ha,LASSO,67.3,70.32953031444409
MOP_kg_ha,LASSO,33.4,45.296379245328026
MOP_kg_ha,LASSO,101.9,92.94866429960189
MOP_kg_ha,LASSO,32.5,15.374651671054067
MOP_kg_ha,LASSO,62.3,59.03912434940107
MOP_kg_ha,LASSO,33.1,38.25215930385138
MOP_kg_ha,LASSO,70.4,62.2414147454253
MOP_kg_ha,LASSO,31,43.571298178042866
MOP_kg_ha,LASSO,64.5,67.77559971857083
MOP_kg_ha,LASSO,32.1,50.74057984548764
MOP_kg_ha,LASSO,67.9,64.95745068203348
MOP_kg_ha,LASSO,34.8,50.752022951877144
MOP_kg_ha,LASSO,31.5,47.134599488481875
MOP_kg_ha,LASSO,70.2,76.54451517195109
MOP_kg_ha,LASSO,33.1,40.534042224987104
MOP_kg_ha,LASSO,62.1,57.70146169239769
MOP_kg_ha,LASSO,68.5,63.05544377726083
MOP_kg_ha,LASSO,67.8,78.47286624230055
MOP_kg_ha,LASSO,62.1,73.1093495176207
MOP_kg_ha,LASSO,71.3,74.99408640362714
MOP_kg_ha,LASSO,65.5,57.861087013312414
MOP_kg_ha,LASSO,34.4,36.23162299324692
MOP_kg_ha,LASSO,31.8,40.87342373689044
MOP_kg_ha,LASSO,68.8,63.62327472331165
MOP_kg_ha,LASSO,70.4,73.93957443560686
MOP_kg_ha,LASSO,97.8,86.50867832839724
MOP_kg_ha,LASSO,100.2,93.51491577070549
MOP_kg_ha,LASSO,70,55.602295231137205
MOP_kg_ha,LASSO,35.8,47.71066429212219
MOP_kg_ha,LASSO,31.1,48.41363000227548
MOP_kg_ha,LASSO,65.4,57.08922266130881
MOP_kg_ha,LASSO,105.8,83.04289824974964
MOP_kg_ha,LASSO,32.8,44.95901482846913
MOP_kg_ha,LASSO,65.2,74.67019695082013
MOP_kg_ha,LASSO,102.4,96.49515837438969
MOP_kg_ha,LASSO,71.6,65.90002953612189
MOP_kg_ha,LASSO,94.6,84.99834840762489
MOP_kg_ha,LASSO,61.7,54.473577463914836
MOP_kg_ha,LASSO,67.5,51.484382635786666
MOP_kg_ha,LASSO,35.7,51.77182218882945
MOP_kg_ha,LASSO,93.8,97.00210373375124
MOP_kg_ha,LASSO,67.3,78.91216013708114
MOP_kg_ha,LASSO,32.5,38.37882152337409
MOP_kg_ha,LASSO,33.6,46.76336091346261
MOP_kg_ha,LASSO,69.4,79.18930913060032
MOP_kg_ha,LASSO,64.1,61.487279895225704
MOP_kg_ha,LASSO,62.4,52.25796785144426
MOP_kg_ha,LASSO,69.1,72.96600922766845
MOP_kg_ha,LASSO,67.3,76.25334629302834
MOP_kg_ha,LASSO,63.3,78.02443307635664
MOP_kg_ha,LASSO,35.7,16.212938637938194
MOP_kg_ha,LASSO,105.8,96.06094832499271
MOP_kg_ha,LASSO,64,61.68487622408266
MOP_kg_ha,LASSO,32.1,38.09672067177248
MOP_kg_ha,LASSO,32.3,41.26892767042002
MOP_kg_ha,LASSO,34.1,43.536882304726504
MOP_kg_ha,LASSO,34.9,40.56785440045022
MOP_kg_ha,LASSO,31.9,37.8648935619195
MOP_kg_ha,LASSO,69,67.93470744397888
MOP_kg_ha,LASSO,71.2,60.97683904302111
MOP_kg_ha,LASSO,34.2,39.96063168625381
MOP_kg_ha,LASSO,62.4,70.31852805673968
MOP_kg_ha,LASSO,67,71.8167195672766
MOP_kg_ha,LASSO,35.2,25.270712900529723
MOP_kg_ha,LASSO,68.3,77.92644561532568
MOP_kg_ha,LASSO,32.9,20.297305901509425
MOP_kg_ha,LASSO,35.4,48.39284982272612
MOP_kg_ha,LASSO,34,27.59526789939354
MOP_kg_ha,LASSO,33.6,48.53377530706063
MOP_kg_ha,LASSO,31.9,45.16768972220253
MOP_kg_ha,LASSO,68.6,53.51844937973482
MOP_kg_ha,LASSO,66.9,65.37297589137995
MOP_kg_ha,LASSO,63.6,80.3542395116332
MOP_kg_ha,LASSO,71.2,62.084956977003614
MOP_kg_ha,LASSO,34,35.27839807025173
MOP_kg_ha,LASSO,33.2,17.965523307829578
MOP_kg_ha,LASSO,100.6,89.59404442385649
MOP_kg_ha,LASSO,33.6,43.56052654504447
MOP_kg_ha,LASSO,65.3,65.69942936217943
MOP_kg_ha,LASSO,34.6,34.568235329196355
MOP_kg_ha,LASSO,64.8,64.21692920657574
MOP_kg_ha,LASSO,33.3,16.003386485148365
MOP_kg_ha,LASSO,105,90.83006746918913
MOP_kg_ha,LASSO,35.2,35.056071230356004
MOP_kg_ha,LASSO,62.1,81.55130428725028
MOP_kg_ha,LASSO,32.8,39.14692726810572
MOP_kg_ha,LASSO,31.4,17.564950943912258
MOP_kg_ha,LASSO,71.6,73.27358909991517
MOP_kg_ha,LASSO,34.7,16.41733524540315
MOP_kg_ha,LASSO,35.3,44.44118330744634
MOP_kg_ha,LASSO,34.8,46.26701125348575
MOP_kg_ha,LASSO,32.5,39.55394786106702
MOP_kg_ha,LASSO,33.8,46.344988461520245
MOP_kg_ha,LASSO,32.9,39.138024652191675
MOP_kg_ha,LASSO,67.9,68.706970247878985
MOP_kg_ha,LASSO,63,68.97679150961291
MOP_kg_ha,LASSO,33.5,50.86393272706695
MOP_kg_ha,LASSO,33.4,38.30187906643445
MOP_kg_ha,LASSO,31,23.313521568074915
MOP_kg_ha,LASSO,67.4,70.63135083795008
MOP_kg_ha,LASSO,64.3,54.67222242137949
MOP_kg_ha,LASSO,92.6,83.14213638359124
MOP_kg_ha,LASSO,35.3,50.54654041533103
MOP_kg_ha,LASSO,67.9,79.75740801941545
MOP_kg_ha,LASSO,66.1,61.093034462721974
MOP_kg_ha,LASSO,62.1,69.63753092531924
MOP_kg_ha,LASSO,34.4,36.18498822322511
MOP_kg_ha,LASSO,98.3,86.37621500377173
MOP_kg_ha,LASSO,71.6,80.2039122329208
MOP_kg_ha,LASSO,68.6,53.93449891716253
MOP_kg_ha,LASSO,68.7,72.05311203607313
MOP_kg_ha,LASSO,32.9,17.73821543164675
MOP_kg_ha,LASSO,106.5,85.11757756479017
MOP_kg_ha,LASSO,66.5,64.38075027893765
MOP_kg_ha,LASSO,69.9,74.9990130990702
MOP_kg_ha,LASSO,68.5,78.76919559443378
MOP_kg_ha,LASSO,70.1,65.12335150248374
MOP_kg_ha,LASSO,65.9,67.43549962464922
MOP_kg_ha,LASSO,64.9,57.731135878557225
MOP_kg_ha,LASSO,34.8,22.519152241336336
MOP_kg_ha,LASSO,62.6,75.34069434515972
MOP_kg_ha,LASSO,31.9,18.26236798669173
MOP_kg_ha,LASSO,31.1,48.75815760040999
MOP_kg_ha,LASSO,70.6,79.328332620979
MOP_kg_ha,LASSO,33.8,48.350091157620895
MOP_kg_ha,LASSO,63.3,63.87534256488905
MOP_kg_ha,LASSO,32.1,39.37069651121609
MOP_kg_ha,LASSO,66.2,72.63748687105348
MOP_kg_ha,LASSO,65,81.55787325843018
MOP_kg_ha,LASSO,64.3,74.38349797287862
MOP_kg_ha,LASSO,31.4,28.410919566290197
MOP_kg_ha,LASSO,32.1,44.97312669603608
MOP_kg_ha,LASSO,99.7,82.38650495522977
MOP_kg_ha,LASSO,34.8,38.35390636452866
MOP_kg_ha,LASSO,99.2,97.26348220574606
MOP_kg_ha,LASSO,68.1,65.81917381999133
MOP_kg_ha,LASSO,63.4,62.37920147700913
MOP_kg_ha,LASSO,33.2,25.494531706538375
MOP_kg_ha,LASSO,69.6,78.68009373635925
MOP_kg_ha,LASSO,32,40.316162425341886
MOP_kg_ha,LASSO,93.2,93.20617337475261
MOP_kg_ha,LASSO,67.8,72.23121353066588
MOP_kg_ha,LASSO,63.2,81.35201424922458
MOP_kg_ha,LASSO,65.4,57.20806129336154
MOP_kg_ha,LASSO,69.6,70.10012852684714
MOP_kg_ha,LASSO,62.2,81.00484335565656
MOP_kg_ha,LASSO,31.8,40.5290860867062
MOP_kg_ha,LASSO,31.2,37.05898571426708
MOP_kg_ha,LASSO,65.1,61.36657686271565
MOP_kg_ha,LASSO,65.2,52.761568980019305
MOP_kg_ha,LASSO,102.9,86.27833444791405
MOP_kg_ha,LASSO,34.1,40.70058477653308
MOP_kg_ha,LASSO,97.6,82.45598820553502
MOP_kg_ha,LASSO,33.8,37.51977556285812
MOP_kg_ha,LASSO,68.6,53.78830452710607
MOP_kg_ha,LASSO,35.1,45.051362434406215
MOP_kg_ha,LASSO,103,85.79858576976183
MOP_kg_ha,LASSO,70.1,72.35014103407323
MOP_kg_ha,LASSO,33.4,35.027194539742474
MOP_kg_ha,LASSO,32,50.37504576986421
MOP_kg_ha,LASSO,31.6,45.090459760189795
MOP_kg_ha,LASSO,67.5,67.19721553632083
MOP_kg_ha,LASSO,69.4,79.05904113326275
MOP_kg_ha,LASSO,67,79.34443038559176
MOP_kg_ha,LASSO,70.4,77.20196739190348
MOP_kg_ha,LASSO,64.9,79.64187113855198
MOP_kg_ha,LASSO,34.7,41.58982564514006
MOP_kg_ha,LASSO,31.8,44.192881698939914
MOP_kg_ha,LASSO,105.9,93.69612128968426
MOP_kg_ha,LASSO,71.7,68.2234097609365
MOP_kg_ha,LASSO,31.5,45.69135981518991
MOP_kg_ha,LASSO,96.2,89.18266081656304
MOP_kg_ha,LASSO,32.8,28.24986355501898
MOP_kg_ha,LASSO,33.7,42.80661330401929
MOP_kg_ha,LASSO,97.6,91.6350731485316
MOP_kg_ha,LASSO,97.7,88.05281677708155
MOP_kg_ha,LASSO,34.9,50.72221850668165
MOP_kg_ha,LASSO,99,94.56977782241843
MOP_kg_ha,LASSO,34.6,46.336036563907214
MOP_kg_ha,LASSO,63.1,51.95114723897731
MOP_kg_ha,LASSO,33.9,26.679693768744585
MOP_kg_ha,LASSO,32.7,39.471353636041165
MOP_kg_ha,LASSO,33.4,45.01548978868438
MOP_kg_ha,LASSO,63.9,73.02655718032989
MOP_kg_ha,LASSO,71.5,67.278405474933
MOP_kg_ha,LASSO,65.2,70.0453039367478
MOP_kg_ha,LASSO,34,30.32510599617022
MOP_kg_ha,LASSO,71.2,60.666629536805445
MOP_kg_ha,LASSO,35.6,14.402085349305395
MOP_kg_ha,LASSO,62,72.51005239639068
MOP_kg_ha,LASSO,63,70.44227731846908
MOP_kg_ha,LASSO,33.8,32.39941321434916
MOP_kg_ha,LASSO,63.8,78.52312548815905
MOP_kg_ha,LASSO,63.4,62.418730753173264
MOP_kg_ha,LASSO,66.9,60.65241525259713
MOP_kg_ha,LASSO,102.9,89.06962301423509
MOP_kg_ha,LASSO,68.8,61.58518409560357
MOP_kg_ha,LASSO,63.6,59.77050202603393
MOP_kg_ha,LASSO,67.3,79.77000819361105
MOP_kg_ha,LASSO,34,40.807235002151785
MOP_kg_ha,LASSO,67.4,82.9022148424084
MOP_kg_ha,LASSO,64.1,66.8260270405583
MOP_kg_ha,LASSO,64.2,66.62486423964485
MOP_kg_ha,LASSO,64.1,81.81725943335262
MOP_kg_ha,LASSO,99.2,87.55742063901495
MOP_kg_ha,LASSO,100,85.30824387207949
MOP_kg_ha,LASSO,34.7,30.044744964649897
MOP_kg_ha,LASSO,31,50.043027573475584
MOP_kg_ha,LASSO,68.3,69.02864524795626
MOP_kg_ha,LASSO,105.5,84.18820632210512
MOP_kg_ha,LASSO,31.1,14.602989713632603
MOP_kg_ha,LASSO,69.2,54.905206806102385
MOP_kg_ha,LASSO,65,81.45694668360234
MOP_kg_ha,LASSO,68.5,81.87994974265796
MOP_kg_ha,LASSO,67.7,74.1975922602108
MOP_kg_ha,LASSO,34.2,38.19752368473333
MOP_kg_ha,LASSO,105.4,97.0827027004113
MOP_kg_ha,LASSO,32.4,15.714654585485142
MOP_kg_ha,LASSO,32,42.44960886990536
MOP_kg_ha,LASSO,63.5,65.22418067310697
MOP_kg_ha,LASSO,101,96.01077279681161
MOP_kg_ha,LASSO,32.5,33.70318122957424
MOP_kg_ha,LASSO,33.3,48.919201285702194
MOP_kg_ha,LASSO,65.6,74.56880195105367
MOP_kg_ha,LASSO,34.9,16.65195456752497
MOP_kg_ha,LASSO,64,80.19271980969975
MOP_kg_ha,LASSO,31.7,27.194083262285336
MOP_kg_ha,LASSO,62.4,52.68727677668262
MOP_kg_ha,LASSO,63.8,80.86358205436781
MOP_kg_ha,LASSO,32.2,40.30902474444078
MOP_kg_ha,LASSO,65.9,55.94607696242388
MOP_kg_ha,LASSO,66.4,59.10917375970556
MOP_kg_ha,LASSO,70.6,74.89524577198304
MOP_kg_ha,LASSO,69.9,67.44327288681694
MOP_kg_ha,LASSO,34.3,48.44311957186548
MOP_kg_ha,LASSO,68,64.69884113635747
MOP_kg_ha,LASSO,63.2,69.01449861848253
MOP_kg_ha,LASSO,32.1,50.78615026650288
MOP_kg_ha,LASSO,34,16.991982561728594
MOP_kg_ha,LASSO,98,94.13577004878222
MOP_kg_ha,LASSO,69.2,66.21968115905375
MOP_kg_ha,LASSO,71.3,77.28653772344175
MOP_kg_ha,LASSO,32.5,29.722004933808677
MOP_kg_ha,LASSO,31.5,45.24378806198395
MOP_kg_ha,LASSO,30.9,16.317965269144324
MOP_kg_ha,LASSO,65.5,80.00829296534158
MOP_kg_ha,LASSO,35.5,45.80188276406562
MOP_kg_ha,LASSO,65.6,68.1749466863899
MOP_kg_ha,LASSO,63,59.8183622717824
MOP_kg_ha,LASSO,104.4,82.78433266722398
MOP_kg_ha,LASSO,34.5,42.88216866123141
MOP_kg_ha,LASSO,31.6,39.59309928801544
MOP_kg_ha,LASSO,64.4,52.32769733921905
MOP_kg_ha,LASSO,70.4,56.02109084944873
MOP_kg_ha,LASSO,34.4,36.35743689825026
MOP_kg_ha,LASSO,63.9,80.7174271472693
MOP_kg_ha,LASSO,71.1,55.50449000363586
MOP_kg_ha,LASSO,71.3,66.2783288133204
MOP_kg_ha,LASSO,67.9,64.12982918440822
MOP_kg_ha,LASSO,34.3,26.51112437390973
MOP_kg_ha,LASSO,71.2,69.72122803260245
MOP_kg_ha,LASSO,31.8,36.56676796933717
MOP_kg_ha,LASSO,70.6,79.81351326707474
MOP_kg_ha,LASSO,68.3,82.82922710842077
MOP_kg_ha,LASSO,65.9,67.56650204561421
MOP_kg_ha,LASSO,69.3,73.5369163878046
MOP_kg_ha,LASSO,93.2,84.43621166069205
MOP_kg_ha,LASSO,34.3,43.69418609068
MOP_kg_ha,LASSO,62.7,52.09926590912596
MOP_kg_ha,LASSO,32.4,31.72875115822029
MOP_kg_ha,LASSO,68.4,78.78510923569979
MOP_kg_ha,LASSO,63.1,58.42469372632409
MOP_kg_ha,LASSO,65.9,64.28127511939111
MOP_kg_ha,LASSO,32.1,39.049954907851905
MOP_kg_ha,LASSO,34.9,34.82950078490147
MOP_kg_ha,LASSO,67.1,78.22373075031669
MOP_kg_ha,LASSO,33.9,43.61759908075543
MOP_kg_ha,LASSO,34.5,35.06728440947772
MOP_kg_ha,LASSO,69.5,77.66093295178321
MOP_kg_ha,LASSO,66.2,67.03395250508633
MOP_kg_ha,LASSO,67.1,53.08223927488953
MOP_kg_ha,LASSO,32.7,29.46732478131115
MOP_kg_ha,LASSO,33.6,36.649016067403124
MOP_kg_ha,LASSO,106.6,93.61745194230798
MOP_kg_ha,LASSO,34.3,36.66073925308993
MOP_kg_ha,LASSO,102.3,95.20380812282997
MOP_kg_ha,LASSO,31.3,44.83313670921972
MOP_kg_ha,LASSO,64.2,67.28268360306834
MOP_kg_ha,LASSO,66.8,59.419781587213365
MOP_kg_ha,LASSO,63.5,51.64693340668772
MOP_kg_ha,LASSO,34.7,42.38638214849652
MOP_kg_ha,LASSO,35,35.73662963403635
MOP_kg_ha,LASSO,32.9,43.38041108265067
MOP_kg_ha,LASSO,31.9,43.65652631228894
MOP_kg_ha,LASSO,34.6,44.33738544582815
MOP_kg_ha,LASSO,69.9,69.89130007712056
MOP_kg_ha,LASSO,103,83.37472221635947
MOP_kg_ha,LASSO,69.9,64.6759314769795
MOP_kg_ha,LASSO,67.7,54.460527721899396
MOP_kg_ha,LASSO,64.1,69.88499870015522
MOP_kg_ha,LASSO,66,75.81122240359677
MOP_kg_ha,LASSO,68,71.75101294178586
MOP_kg_ha,LASSO,31,38.229536358492894
MOP_kg_ha,LASSO,31.9,48.70398957659208
MOP_kg_ha,LASSO,97.6,94.31339745579422
MOP_kg_ha,LASSO,33.6,32.24860812822461
MOP_kg_ha,LASSO,64.4,67.63634273728184
MOP_kg_ha,LASSO,61.9,76.93997885756306
MOP_kg_ha,LASSO,34.3,50.074140904523354
MOP_kg_ha,LASSO,99.6,85.41495413180243
MOP_kg_ha,LASSO,35.1,37.495231893997975
MOP_kg_ha,LASSO,95,90.64130801422392
MOP_kg_ha,LASSO,64.2,55.769828682614616
MOP_kg_ha,LASSO,31.5,39.474381994335694
MOP_kg_ha,LASSO,94.1,89.12436494612686
MOP_kg_ha,LASSO,61.7,81.65068435752386
MOP_kg_ha,LASSO,68.7,72.9497381025696
MOP_kg_ha,LASSO,68.8,61.30739343341897
MOP_kg_ha,LASSO,68.2,78.35587823238673
MOP_kg_ha,LASSO,31,40.522193004050784
MOP_kg_ha,LASSO,65,70.41765732964967
MOP_kg_ha,LASSO,70.4,54.65014583778579
MOP_kg_ha,LASSO,31.7,38.81136549463979
MOP_kg_ha,LASSO,71.3,69.16427287425732
MOP_kg_ha,LASSO,63.2,81.83694378160037
MOP_kg_ha,LASSO,65,81.87383256487797
MOP_kg_ha,LASSO,70.2,80.5486855831522
MOP_kg_ha,LASSO,35.3,36.14974370653487
MOP_kg_ha,LASSO,95.3,96.56850345716826
MOP_kg_ha,LASSO,67.2,70.43383200941993
MOP_kg_ha,LASSO,62,57.23122003314303
MOP_kg_ha,LASSO,105.7,82.47445785212273
MOP_kg_ha,LASSO,33.3,29.18478270186883
MOP_kg_ha,LASSO,31.4,22.920462303010897
MOP_kg_ha,LASSO,68.2,63.940555292006536
MOP_kg_ha,LASSO,35.7,43.24431168946751
MOP_kg_ha,LASSO,35,30.58471396215032
MOP_kg_ha,LASSO,99.3,89.27186024263297
MOP_kg_ha,LASSO,35.6,49.509105797893454
MOP_kg_ha,LASSO,67.3,64.10813741955286
MOP_kg_ha,LASSO,31.2,39.08619930865965
MOP_kg_ha,LASSO,32.3,36.376619195181874
MOP_kg_ha,LASSO,104.1,88.7775958566674
MOP_kg_ha,LASSO,33.4,43.570293373482784
MOP_kg_ha,LASSO,30.9,46.218654524408436
MOP_kg_ha,LASSO,71.4,71.39151589848892
MOP_kg_ha,LASSO,71.7,80.77281052465624
MOP_kg_ha,LASSO,65.7,63.64500295442229
MOP_kg_ha,LASSO,62.5,65.59420671158968
MOP_kg_ha,LASSO,101.3,83.10732421473607
MOP_kg_ha,LASSO,65.2,52.26247021049167
MOP_kg_ha,LASSO,70.9,62.850221618360564
MOP_kg_ha,LASSO,68.9,70.80440384405375
MOP_kg_ha,LASSO,62.6,72.36001343455257
MOP_kg_ha,LASSO,63.1,79.53371880782869
MOP_kg_ha,LASSO,70.5,73.50073554585828
MOP_kg_ha,LASSO,34.9,33.18177654084156
MOP_kg_ha,LASSO,33.5,45.99200809811362
MOP_kg_ha,LASSO,96,86.41893221716005
MOP_kg_ha,LASSO,68.9,66.53313343629378
MOP_kg_ha,LASSO,68.9,55.003436920210355
MOP_kg_ha,LASSO,63.2,69.71494975906438
MOP_kg_ha,LASSO,65.7,59.77775012146787
MOP_kg_ha,LASSO,31.9,40.40357140586709
MOP_kg_ha,LASSO,31.2,38.270079694875236
MOP_kg_ha,LASSO,31.1,24.239591184131033
MOP_kg_ha,LASSO,65.6,75.83465794230324
MOP_kg_ha,LASSO,32.8,43.336968400716884
MOP_kg_ha,LASSO,62,75.35136496243963
MOP_kg_ha,LASSO,33.4,41.02983098463739
MOP_kg_ha,LASSO,34.7,20.710858330746994
MOP_kg_ha,LASSO,34,35.548149239910124
MOP_kg_ha,LASSO,35.2,28.36393282298934
MOP_kg_ha,LASSO,102.9,96.81376809824218
MOP_kg_ha,LASSO,106,88.20804301436718
MOP_kg_ha,LASSO,34.9,38.15776392984127
MOP_kg_ha,LASSO,34.7,33.06452563905974
MOP_kg_ha,LASSO,65.3,69.94466906482283
MOP_kg_ha,LASSO,35,47.257653409546776
MOP_kg_ha,LASSO,33.7,39.727887656663725
MOP_kg_ha,LASSO,35.2,47.16215835726256
MOP_kg_ha,LASSO,71.5,58.07928591287006
MOP_kg_ha,LASSO,31.3,41.067175794228476
MOP_kg_ha,LASSO,33.5,36.235181037817256
MOP_kg_ha,LASSO,93.2,83.11519519378878
MOP_kg_ha,LASSO,65.8,75.66437715621474
MOP_kg_ha,LASSO,66.5,77.86924810369462
MOP_kg_ha,LASSO,32.3,39.216243763777165
MOP_kg_ha,LASSO,62.1,72.48616936794913
MOP_kg_ha,LASSO,68.7,57.95905570670837
MOP_kg_ha,LASSO,97.3,86.5798609266753
MOP_kg_ha,LASSO,33.5,40.5605078436316
MOP_kg_ha,LASSO,68.6,58.100386828861396
MOP_kg_ha,LASSO,67.2,81.13868052383893
MOP_kg_ha,LASSO,32.6,31.769970903658105
MOP_kg_ha,LASSO,64.5,72.0173356451242
MOP_kg_ha,LASSO,33.6,37.50375517081657
MOP_kg_ha,LASSO,68.8,61.85294776082745
MOP_kg_ha,LASSO,68.8,81.33730614465905
MOP_kg_ha,LASSO,31.1,22.967075903130613
MOP_kg_ha,LASSO,32.7,40.37076102529355
MOP_kg_ha,LASSO,31.8,43.66637649347615
MOP_kg_ha,LASSO,34.2,43.15580309927187
MOP_kg_ha,LASSO,68.2,74.29351741141902
MOP_kg_ha,LASSO,98.7,90.00439669771946
MOP_kg_ha,LASSO,94.7,95.981321954774
MOP_kg_ha,LASSO,32.3,28.479435668036484
MOP_kg_ha,LASSO,64.9,60.39454179281588
MOP_kg_ha,LASSO,97.3,85.59564214675122
MOP_kg_ha,LASSO,32.4,16.760311184025113
MOP_kg_ha,LASSO,31.5,35.57578742244409
MOP_kg_ha,LASSO,62.4,80.80133545879555
MOP_kg_ha,LASSO,64.5,71.66109025552034
MOP_kg_ha,LASSO,31,24.239205255746594
MOP_kg_ha,LASSO,34.9,52.00626152705491
MOP_kg_ha,LASSO,69.8,53.31604511118973
MOP_kg_ha,LASSO,33.3,32.73385185649859
MOP_kg_ha,LASSO,32.9,21.885481413883877
MOP_kg_ha,LASSO,31.9,45.778956683398164
MOP_kg_ha,LASSO,97.9,92.37645588286188
MOP_kg_ha,LASSO,104.9,94.25655116596694
MOP_kg_ha,LASSO,66.7,52.04546576148286
MOP_kg_ha,LASSO,62.6,78.29617302932778
MOP_kg_ha,LASSO,62.7,55.312521707999146
MOP_kg_ha,LASSO,35.1,28.093790180357967
MOP_kg_ha,LASSO,34,22.328413723732584
MOP_kg_ha,LASSO,31.2,34.240534954754196
MOP_kg_ha,LASSO,33.9,15.227822242998458
MOP_kg_ha,LASSO,68.9,65.20893175254683
MOP_kg_ha,LASSO,31.5,19.812277497675257
MOP_kg_ha,LASSO,31.6,19.322213990649654
MOP_kg_ha,LASSO,34.4,42.69507518202308
MOP_kg_ha,LASSO,104.1,96.80805583758375
MOP_kg_ha,LASSO,104.5,84.127270736929
MOP_kg_ha,LASSO,70.3,74.1727010447292
MOP_kg_ha,LASSO,31.3,33.49396930272988
MOP_kg_ha,LASSO,104.8,83.68854748048891
MOP_kg_ha,LASSO,69.1,53.74007961809976
MOP_kg_ha,LASSO,71.5,57.107038298853304
MOP_kg_ha,LASSO,31.9,40.13662202984669
MOP_kg_ha,LASSO,63.6,81.57859999163752
MOP_kg_ha,LASSO,35.4,14.921980411242778
MOP_kg_ha,LASSO,32.1,40.818214627392145
MOP_kg_ha,LASSO,64.4,64.03947351947815
MOP_kg_ha,LASSO,33.7,40.37422948869328
MOP_kg_ha,LASSO,71.2,82.43598432480962
MOP_kg_ha,LASSO,67,70.7512438863322
MOP_kg_ha,LASSO,64.8,74.02468738561099
MOP_kg_ha,LASSO,32.3,17.25226574087621
MOP_kg_ha,LASSO,66.3,81.17680521643092
MOP_kg_ha,LASSO,64.8,53.932313656131
MOP_kg_ha,LASSO,63.9,55.46645585561507
MOP_kg_ha,LASSO,31.4,20.660394034649162
MOP_kg_ha,LASSO,35.2,50.21600220935713
MOP_kg_ha,LASSO,97.9,95.35435066788303
MOP_kg_ha,LASSO,33.8,35.20676670918749
MOP_kg_ha,LASSO,102.6,89.86765153318835
MOP_kg_ha,LASSO,103.4,88.48745339254839
MOP_kg_ha,LASSO,69.9,59.315981629247496
MOP_kg_ha,LASSO,31.3,50.90550450599416
MOP_kg_ha,LASSO,103.4,86.35187634916956
MOP_kg_ha,LASSO,64.3,64.29646598303253
MOP_kg_ha,LASSO,93.5,94.45801669631913
MOP_kg_ha,LASSO,71.6,74.09348286368817
MOP_kg_ha,LASSO,34.1,35.923610315135214
MOP_kg_ha,LASSO,34.7,44.55296369540663
MOP_kg_ha,LASSO,35.3,49.331885066102764
MOP_kg_ha,LASSO,62.9,61.4330747950447
MOP_kg_ha,LASSO,33.5,51.3206738943227
MOP_kg_ha,LASSO,31.9,48.93949843879139
MOP_kg_ha,LASSO,68.5,78.25214011006031
MOP_kg_ha,LASSO,71.3,54.12831829420816
MOP_kg_ha,LASSO,66.7,73.85743588870577
MOP_kg_ha,LASSO,32.2,23.554684114721745
MOP_kg_ha,LASSO,106.8,82.57025737862581
MOP_kg_ha,LASSO,94.6,97.57303150493676
MOP_kg_ha,LASSO,63.6,56.77691187022641
MOP_kg_ha,LASSO,65.8,79.93858655985076
MOP_kg_ha,LASSO,69.5,71.83422971785352
MOP_kg_ha,LASSO,33.2,37.358836582332145
MOP_kg_ha,LASSO,33.7,42.55708091560577
MOP_kg_ha,LASSO,61.8,61.19878505695479
MOP_kg_ha,LASSO,97.2,96.51784667891341
MOP_kg_ha,LASSO,62.1,81.0014128516218
MOP_kg_ha,LASSO,32.9,37.75282400765893
MOP_kg_ha,LASSO,62.3,65.97892263292188
MOP_kg_ha,LASSO,98.5,93.24767409985029
MOP_kg_ha,LASSO,97,83.82176471027255
MOP_kg_ha,LASSO,67.1,55.84248076288575
MOP_kg_ha,LASSO,70.6,74.93618315525875
MOP_kg_ha,LASSO,32.3,47.628567666896004
MOP_kg_ha,LASSO,33.9,42.269114865399004
MOP_kg_ha,LASSO,71.3,55.454293133254886
MOP_kg_ha,LASSO,64.5,57.07258974940151
MOP_kg_ha,LASSO,33.6,39.0253761504977
MOP_kg_ha,LASSO,65.5,75.42013516630112
MOP_kg_ha,LASSO,64,72.13895150171253
MOP_kg_ha,LASSO,70,59.7421663793077
MOP_kg_ha,LASSO,70.6,60.25415940107423
MOP_kg_ha,LASSO,65.8,53.79409787492779
MOP_kg_ha,LASSO,33.8,49.16896186916469
MOP_kg_ha,LASSO,67.6,54.327288568392476
MOP_kg_ha,LASSO,106.1,98.00307976199375
MOP_kg_ha,LASSO,33.2,37.94485395234818
MOP_kg_ha,LASSO,64.6,59.70945597332441
MOP_kg_ha,LASSO,98.9,83.25560145902104
MOP_kg_ha,LASSO,64.8,53.82182794624219
MOP_kg_ha,LASSO,66.3,60.67245295045123
MOP_kg_ha,LASSO,65.2,60.64877887902087
MOP_kg_ha,LASSO,104.7,82.30954596465186
MOP_kg_ha,LASSO,34,42.48388683631652
MOP_kg_ha,LASSO,70.9,82.78209996510644
MOP_kg_ha,LASSO,33.1,50.668122294618755
MOP_kg_ha,LASSO,33.8,51.772702059422635
MOP_kg_ha,LASSO,32.5,31.992389500151933
MOP_kg_ha,LASSO,69.3,70.13318577061574
MOP_kg_ha,LASSO,31.4,27.482714036956956
MOP_kg_ha,LASSO,31.3,47.754277923436476
MOP_kg_ha,LASSO,33.4,46.05122684187144
MOP_kg_ha,LASSO,31.9,50.62737160730434
MOP_kg_ha,LASSO,95,90.2049753630117
MOP_kg_ha,LASSO,102.5,82.4686431037364
MOP_kg_ha,LASSO,103.2,84.92151826661818
MOP_kg_ha,LASSO,32.4,35.740724008200196
MOP_kg_ha,LASSO,71.5,54.6256664488314
MOP_kg_ha,LASSO,64.9,60.02551382208792
MOP_kg_ha,LASSO,34.4,41.88031018026323
MOP_kg_ha,LASSO,67.2,74.21104551737682
MOP_kg_ha,LASSO,34.5,22.76775712405561
MOP_kg_ha,LASSO,101.8,83.00865501849873
MOP_kg_ha,LASSO,104.8,95.05460662272102
MOP_kg_ha,LASSO,33.1,44.65628871288852
MOP_kg_ha,LASSO,34,45.35532810971277
MOP_kg_ha,LASSO,105.3,84.0052631725369
MOP_kg_ha,LASSO,71.3,64.5226664182087
MOP_kg_ha,LASSO,67.4,75.11690021989438
MOP_kg_ha,LASSO,31.6,24.337357569678172
MOP_kg_ha,LASSO,65.9,64.81257465300419
MOP_kg_ha,LASSO,35.3,12.686616324801642
MOP_kg_ha,LASSO,31.9,13.478666776187124
MOP_kg_ha,LASSO,98.1,83.20005827902682
MOP_kg_ha,LASSO,32.3,45.392250530408965
MOP_kg_ha,LASSO,67.5,58.675649791396744
MOP_kg_ha,LASSO,66.9,64.4296965474731
MOP_kg_ha,LASSO,66.7,75.23852831548348
MOP_kg_ha,LASSO,66.1,76.04521631571335
MOP_kg_ha,LASSO,64.8,75.73873490028787
MOP_kg_ha,LASSO,62.4,56.93593343716637
MOP_kg_ha,LASSO,70,74.70942116701302
MOP_kg_ha,LASSO,100.7,90.14891682111947
MOP_kg_ha,LASSO,95.2,86.0341324870902
MOP_kg_ha,LASSO,62.9,67.45834715714513
MOP_kg_ha,LASSO,32.3,42.00619062039043
MOP_kg_ha,LASSO,67.3,75.88180444762372
MOP_kg_ha,LASSO,33.3,49.33317633798902
MOP_kg_ha,LASSO,33.9,15.212995755484737
MOP_kg_ha,LASSO,32.8,38.564735269733596
MOP_kg_ha,LASSO,68,70.41057533120141
MOP_kg_ha,LASSO,34.8,36.23831611013353
MOP_kg_ha,LASSO,33.6,24.36700812742022
MOP_kg_ha,LASSO,70.8,57.93413927981722
MOP_kg_ha,LASSO,62.7,72.38166926016052
MOP_kg_ha,LASSO,70.9,63.52460416296293
MOP_kg_ha,LASSO,34.3,25.747283445920303
MOP_kg_ha,LASSO,66,70.29648500728536
MOP_kg_ha,LASSO,32.8,44.27231047457824
MOP_kg_ha,LASSO,71.4,80.86188830076672
MOP_kg_ha,LASSO,33.6,48.531320816866184
MOP_kg_ha,LASSO,63.9,81.48773446217072
MOP_kg_ha,LASSO,70,82.40291002362241
MOP_kg_ha,LASSO,34.4,43.79432968450317
MOP_kg_ha,LASSO,70,63.13423278125871
MOP_kg_ha,LASSO,71.6,75.27247064465537
MOP_kg_ha,LASSO,66.1,56.20658078789347
MOP_kg_ha,LASSO,70.5,74.98411285236648
MOP_kg_ha,LASSO,30.9,28.879201977814144
MOP_kg_ha,LASSO,96.6,85.04310433739
MOP_kg_ha,LASSO,65.9,72.66231174750688
MOP_kg_ha,LASSO,30.8,40.03667042878802
MOP_kg_ha,LASSO,33.2,40.75754502538516
MOP_kg_ha,LASSO,70.2,75.09042224945512
MOP_kg_ha,LASSO,34.8,41.8962833126091
MOP_kg_ha,LASSO,69.4,59.77776196148672
MOP_kg_ha,LASSO,96.8,88.94414387110761
MOP_kg_ha,LASSO,34.6,37.073232977327066
MOP_kg_ha,LASSO,101.3,91.89459170914967
MOP_kg_ha,LASSO,62.6,66.38433705940457
MOP_kg_ha,LASSO,67.9,76.69676755812146
MOP_kg_ha,LASSO,104,94.80318418162379
MOP_kg_ha,LASSO,68,53.64515458581027
MOP_kg_ha,LASSO,31.2,49.860274425019334
MOP_kg_ha,LASSO,104.7,83.13724715219544
MOP_kg_ha,LASSO,98.7,96.53069173115226
MOP_kg_ha,LASSO,94.1,82.9794269761858
MOP_kg_ha,LASSO,68.7,62.444391837407075
MOP_kg_ha,LASSO,62,60.759020348560966
MOP_kg_ha,LASSO,65.2,75.97927451696253
MOP_kg_ha,LASSO,67.1,53.40941024570577
MOP_kg_ha,LASSO,94.1,90.78697816654359
MOP_kg_ha,LASSO,97.6,83.29309094306531
MOP_kg_ha,LASSO,35.2,43.919432700723085
MOP_kg_ha,LASSO,34.8,44.320091052005104
MOP_kg_ha,LASSO,33.6,27.621181061355475
MOP_kg_ha,LASSO,66.7,60.310239528351616
MOP_kg_ha,LASSO,65.4,66.46024473353476
MOP_kg_ha,LASSO,31.5,34.28402021565077
MOP_kg_ha,LASSO,35.3,13.548079938379745
MOP_kg_ha,LASSO,65,66.99590516952814
MOP_kg_ha,LASSO,33.1,39.1292843886996
MOP_kg_ha,LASSO,100.2,95.75656027510043
MOP_kg_ha,LASSO,62.4,66.67703612184783
MOP_kg_ha,LASSO,62.9,58.4118583702759
MOP_kg_ha,LASSO,70.1,78.78941331541031
MOP_kg_ha,LASSO,31.2,29.916062603302386
MOP_kg_ha,LASSO,34.4,42.88536019733169
MOP_kg_ha,LASSO,71.5,60.48906554892874
MOP_kg_ha,LASSO,93.8,89.03626143463198
MOP_kg_ha,LASSO,31.3,51.27806156277338
MOP_kg_ha,LASSO,64.9,70.52635146234613
MOP_kg_ha,LASSO,94.5,86.77184278829819
MOP_kg_ha,LASSO,67.7,63.00322335063689
MOP_kg_ha,LASSO,93.3,95.25546293496866
MOP_kg_ha,LASSO,33.1,47.998189682952344
MOP_kg_ha,LASSO,63.8,61.77531284611454
MOP_kg_ha,LASSO,32.3,44.42637098917644
MOP_kg_ha,LASSO,69.7,80.18387107585988
MOP_kg_ha,LASSO,65.2,52.45712240386422
MOP_kg_ha,LASSO,61.7,54.704382748634195
MOP_kg_ha,LASSO,31.1,30.04135493903248
MOP_kg_ha,LASSO,106.9,96.81116120029287
MOP_kg_ha,LASSO,32.6,35.138305299863326
MOP_kg_ha,LASSO,103.7,86.59709648327532
MOP_kg_ha,LASSO,32.8,47.62968458334827
MOP_kg_ha,LASSO,63.2,62.25686665657144
MOP_kg_ha,LASSO,67.9,63.352114632612846
MOP_kg_ha,LASSO,93.2,82.75001353339509
MOP_kg_ha,LASSO,35.5,38.75438142719714
MOP_kg_ha,LASSO,31.3,48.16499452885794
MOP_kg_ha,LASSO,34.8,51.08660904005305
MOP_kg_ha,LASSO,66,74.19857897912821
MOP_kg_ha,LASSO,101,84.3103399402745
MOP_kg_ha,LASSO,104.8,85.90761776204904
MOP_kg_ha,LASSO,32.7,38.25565965847516
MOP_kg_ha,LASSO,63.9,66.97342625679985
MOP_kg_ha,LASSO,65.4,51.989398250926186
MOP_kg_ha,LASSO,68.3,68.78233071804797
MOP_kg_ha,LASSO,65.3,59.25202831953405
MOP_kg_ha,LASSO,31.8,40.506782537174814
MOP_kg_ha,LASSO,66,53.40712315816134
MOP_kg_ha,LASSO,31.5,46.959114760109095
MOP_kg_ha,LASSO,33.4,40.82784781073058
MOP_kg_ha,LASSO,93.1,84.081666114289
MOP_kg_ha,LASSO,30.9,22.624789148437145
MOP_kg_ha,LASSO,33.8,45.74518420335526
MOP_kg_ha,LASSO,32.5,37.54205926500906
MOP_kg_ha,LASSO,69.2,52.6810066588091
MOP_kg_ha,LASSO,105.7,94.87496572759865
MOP_kg_ha,LASSO,105.3,92.29318696616446
MOP_kg_ha,LASSO,35.7,38.321004635745396
MOP_kg_ha,LASSO,65.2,72.45544597454668
MOP_kg_ha,LASSO,102.2,84.16591613173179
MOP_kg_ha,LASSO,64.8,69.25035298587912
MOP_kg_ha,LASSO,34.3,38.42064576311725
MOP_kg_ha,LASSO,32.4,16.01528326898849
MOP_kg_ha,LASSO,104.8,83.34886243497748
MOP_kg_ha,LASSO,69.4,54.16945509941937
MOP_kg_ha,LASSO,33.2,32.54607533826538
MOP_kg_ha,LASSO,102.4,87.70341621906523
MOP_kg_ha,LASSO,99.9,88.08290830498457
MOP_kg_ha,LASSO,65.6,54.12022176156211
MOP_kg_ha,LASSO,32.5,27.84119020303539
MOP_kg_ha,LASSO,68,61.15450271893476
MOP_kg_ha,LASSO,69.7,54.52657522722263
MOP_kg_ha,LASSO,67.8,79.35371886206885
MOP_kg_ha,LASSO,31.6,18.15836125925492
MOP_kg_ha,LASSO,64.6,77.24543027345983
MOP_kg_ha,LASSO,33.9,35.686648214302835
MOP_kg_ha,LASSO,35,34.74944857403232
MOP_kg_ha,LASSO,31.1,45.490140270016234
MOP_kg_ha,LASSO,103.8,85.00255817877216
MOP_kg_ha,LASSO,68.7,52.43564499185341
MOP_kg_ha,LASSO,34.9,41.39388167817852
MOP_kg_ha,LASSO,70.9,78.05682276600858
MOP_kg_ha,LASSO,34.9,42.314400752885625
MOP_kg_ha,LASSO,96.5,83.41898825781524
MOP_kg_ha,LASSO,65.1,61.33824193012633
MOP_kg_ha,LASSO,31.8,34.18267405508513
MOP_kg_ha,LASSO,64.2,69.95833299312875
MOP_kg_ha,LASSO,103.3,93.24564288527868
MOP_kg_ha,LASSO,70.1,71.48545471962788
MOP_kg_ha,LASSO,70.1,55.60995295715879
MOP_kg_ha,LASSO,63.1,63.636497399379834
MOP_kg_ha,LASSO,94.6,89.11124039967078
MOP_kg_ha,LASSO,63,82.30500670308878
MOP_kg_ha,LASSO,34.8,32.48322617942715
MOP_kg_ha,LASSO,71.6,75.62657599427905
MOP_kg_ha,LASSO,65.1,54.392592674161065
MOP_kg_ha,LASSO,66.4,68.9994871500259
MOP_kg_ha,LASSO,66.6,56.54613626974979
MOP_kg_ha,LASSO,33.9,21.61509890855077
MOP_kg_ha,LASSO,65.7,53.035149727945004
MOP_kg_ha,LASSO,35.8,30.000845566696988
MOP_kg_ha,LASSO,32.1,48.189256378751466
MOP_kg_ha,LASSO,63.6,67.1922602121446
MOP_kg_ha,LASSO,33.9,25.914444002053934
MOP_kg_ha,LASSO,62.9,80.06158079897008
MOP_kg_ha,LASSO,33.3,29.132387236750212
MOP_kg_ha,LASSO,34.5,33.4450371341797
MOP_kg_ha,LASSO,66.7,67.02346275435349
MOP_kg_ha,LASSO,31.9,42.12956024109223
MOP_kg_ha,LASSO,65.7,61.09762613165045
MOP_kg_ha,LASSO,98,91.78506224425304
MOP_kg_ha,LASSO,32.1,38.19701243184074
MOP_kg_ha,LASSO,97.4,86.47353322238779
MOP_kg_ha,LASSO,103.1,94.97502761534881
MOP_kg_ha,LASSO,35.7,35.70327298564134
MOP_kg_ha,LASSO,35,50.80518560810765
MOP_kg_ha,LASSO,30.9,40.63343414516879
MOP_kg_ha,LASSO,63,55.735843407686204
MOP_kg_ha,LASSO,65.3,54.94204551717188
MOP_kg_ha,LASSO,69,58.16696199628455
MOP_kg_ha,LASSO,97.6,95.42475396185354
MOP_kg_ha,LASSO,31.3,35.251149399772174
MOP_kg_ha,LASSO,64.5,78.25838364608867
MOP_kg_ha,LASSO,34.1,33.2780713853711
MOP_kg_ha,LASSO,100.4,82.95453468170223
MOP_kg_ha,LASSO,69.1,53.077769731550156
MOP_kg_ha,LASSO,99.1,97.70180760389067
MOP_kg_ha,LASSO,92.6,93.18353651586979
MOP_kg_ha,LASSO,102.8,86.65388074170215
MOP_kg_ha,LASSO,63.9,60.03571274292804
MOP_kg_ha,LASSO,61.8,66.44071105862709
MOP_kg_ha,LASSO,62.7,70.27065386800028
MOP_kg_ha,LASSO,32.6,36.9035238142666
MOP_kg_ha,LASSO,65.6,58.308515885028655
MOP_kg_ha,LASSO,62.6,70.28168632310354
MOP_kg_ha,LASSO,62.9,56.25220361671214
MOP_kg_ha,LASSO,71.2,67.33488339624407
MOP_kg_ha,LASSO,64.3,60.515896010587255
MOP_kg_ha,GLM_Gaussian,34.5,38.103350720486105
MOP_kg_ha,GLM_Gaussian,97.3,88.5349263151426
MOP_kg_ha,GLM_Gaussian,32.4,41.84401508004099
MOP_kg_ha,GLM_Gaussian,65.6,56.046176361133895
MOP_kg_ha,GLM_Gaussian,95.8,91.08392695876306
MOP_kg_ha,GLM_Gaussian,62.8,53.936089312618876
MOP_kg_ha,GLM_Gaussian,31.8,49.468416232819706
MOP_kg_ha,GLM_Gaussian,34.6,44.62287293625929
MOP_kg_ha,GLM_Gaussian,104.1,88.15808614449423
MOP_kg_ha,GLM_Gaussian,65.9,67.38428299843217
MOP_kg_ha,GLM_Gaussian,69.7,72.27399628982414
MOP_kg_ha,GLM_Gaussian,69.7,53.35786428061607
MOP_kg_ha,GLM_Gaussian,32.8,39.28902596315562
MOP_kg_ha,GLM_Gaussian,70.8,83.3009749078324
MOP_kg_ha,GLM_Gaussian,64.8,54.41489166690707
MOP_kg_ha,GLM_Gaussian,68.7,77.89877971573642
MOP_kg_ha,GLM_Gaussian,67.6,55.02710887457693
MOP_kg_ha,GLM_Gaussian,63.6,61.065383549391214
MOP_kg_ha,GLM_Gaussian,96.8,95.60340138194795
MOP_kg_ha,GLM_Gaussian,64.8,81.4003156516681
MOP_kg_ha,GLM_Gaussian,101.5,97.11043247134542
MOP_kg_ha,GLM_Gaussian,32,42.508499124649816
MOP_kg_ha,GLM_Gaussian,67.8,63.12464664574898
MOP_kg_ha,GLM_Gaussian,32,42.46977433798283
MOP_kg_ha,GLM_Gaussian,99.3,86.61530791356026
MOP_kg_ha,GLM_Gaussian,71,60.103773963022384
MOP_kg_ha,GLM_Gaussian,62.8,60.835128207111175
MOP_kg_ha,GLM_Gaussian,63.6,53.50968093212495
MOP_kg_ha,GLM_Gaussian,62.2,55.51650992655025
MOP_kg_ha,GLM_Gaussian,69.2,66.04802961614236
MOP_kg_ha,GLM_Gaussian,35.7,42.68466768552933
MOP_kg_ha,GLM_Gaussian,105.4,89.3018119424494
MOP_kg_ha,GLM_Gaussian,64,52.194315248434656
MOP_kg_ha,GLM_Gaussian,35.2,33.526338936974824
MOP_kg_ha,GLM_Gaussian,64.6,82.13519422277585
MOP_kg_ha,GLM_Gaussian,35.5,45.54109909205838
MOP_kg_ha,GLM_Gaussian,66.8,81.4954145485957
MOP_kg_ha,GLM_Gaussian,62.3,51.57323467120657
MOP_kg_ha,GLM_Gaussian,94.2,88.0649546543456
MOP_kg_ha,GLM_Gaussian,32.8,41.242569814968995
MOP_kg_ha,GLM_Gaussian,69.6,53.28401327554121
MOP_kg_ha,GLM_Gaussian,31.9,48.145377855304226
MOP_kg_ha,GLM_Gaussian,70,80.47892709406233
MOP_kg_ha,GLM_Gaussian,66.9,55.865208595326
MOP_kg_ha,GLM_Gaussian,94.9,84.87286522876056
MOP_kg_ha,GLM_Gaussian,33.8,42.54293289520699
MOP_kg_ha,GLM_Gaussian,63.9,59.19647936424279
MOP_kg_ha,GLM_Gaussian,64.9,63.01560299430413
MOP_kg_ha,GLM_Gaussian,61.7,76.13809288611517
MOP_kg_ha,GLM_Gaussian,68.7,63.36943917035552
MOP_kg_ha,GLM_Gaussian,31.4,46.002104167307046
MOP_kg_ha,GLM_Gaussian,104,88.55481821192028
MOP_kg_ha,GLM_Gaussian,66.1,76.61386340895571
MOP_kg_ha,GLM_Gaussian,64.5,82.08380682485436
MOP_kg_ha,GLM_Gaussian,32.6,36.5542916634603
MOP_kg_ha,GLM_Gaussian,96.3,96.07721734562152
MOP_kg_ha,GLM_Gaussian,71.6,76.44074700055167
MOP_kg_ha,GLM_Gaussian,33,48.47504589128434
MOP_kg_ha,GLM_Gaussian,64.8,78.15580826632994
MOP_kg_ha,GLM_Gaussian,34.9,31.90715846780308
MOP_kg_ha,GLM_Gaussian,32.3,44.46889594560022
MOP_kg_ha,GLM_Gaussian,70.3,53.81944788738464
MOP_kg_ha,GLM_Gaussian,66.1,67.51941288860665
MOP_kg_ha,GLM_Gaussian,65.9,59.24467841109594
MOP_kg_ha,GLM_Gaussian,33.9,46.65244484827704
MOP_kg_ha,GLM_Gaussian,65.9,80.75379271802845
MOP_kg_ha,GLM_Gaussian,68.8,76.56246004312234
MOP_kg_ha,GLM_Gaussian,95.9,93.5868974579672
MOP_kg_ha,GLM_Gaussian,93.9,96.48144168978024
MOP_kg_ha,GLM_Gaussian,101.8,95.28723525984742
MOP_kg_ha,GLM_Gaussian,66.5,56.23610512454682
MOP_kg_ha,GLM_Gaussian,62.9,68.1943140786483
MOP_kg_ha,GLM_Gaussian,33.8,20.109578567829907
MOP_kg_ha,GLM_Gaussian,65.1,53.015046403511604
MOP_kg_ha,GLM_Gaussian,65.1,55.06808223214612
MOP_kg_ha,GLM_Gaussian,33.7,50.39642286812035
MOP_kg_ha,GLM_Gaussian,33.2,27.17901955906718
MOP_kg_ha,GLM_Gaussian,67.3,52.25767596645645
MOP_kg_ha,GLM_Gaussian,104.1,96.18809588013947
MOP_kg_ha,GLM_Gaussian,62.2,66.9695598870767
MOP_kg_ha,GLM_Gaussian,68.5,79.9770202125359
MOP_kg_ha,GLM_Gaussian,32.4,47.632841302177376
MOP_kg_ha,GLM_Gaussian,69.5,75.9458341951461
MOP_kg_ha,GLM_Gaussian,34.9,42.290028988423934
MOP_kg_ha,GLM_Gaussian,65.2,79.35525830978877
MOP_kg_ha,GLM_Gaussian,102.7,97.78458120588475
MOP_kg_ha,GLM_Gaussian,33.3,11.109962188945685
MOP_kg_ha,GLM_Gaussian,63.2,66.79883651921278
MOP_kg_ha,GLM_Gaussian,65.7,61.421145740281844
MOP_kg_ha,GLM_Gaussian,31.4,40.04492496974505
MOP_kg_ha,GLM_Gaussian,32.3,35.974837288275936
MOP_kg_ha,GLM_Gaussian,62,57.986112930249355
MOP_kg_ha,GLM_Gaussian,71,65.44422744737818
MOP_kg_ha,GLM_Gaussian,102.8,84.7542453404713
MOP_kg_ha,GLM_Gaussian,65.6,53.97668644030705
MOP_kg_ha,GLM_Gaussian,94.3,92.30173017324039
MOP_kg_ha,GLM_Gaussian,70.1,53.15971118910494
MOP_kg_ha,GLM_Gaussian,33.9,36.93271030322688
MOP_kg_ha,GLM_Gaussian,102.2,95.00282599532792
MOP_kg_ha,GLM_Gaussian,95.6,86.0065304089863
MOP_kg_ha,GLM_Gaussian,63.1,75.06732648385612
MOP_kg_ha,GLM_Gaussian,67.1,71.17908168972342
MOP_kg_ha,GLM_Gaussian,32.8,39.45442343135962
MOP_kg_ha,GLM_Gaussian,65.4,76.89855545686427
MOP_kg_ha,GLM_Gaussian,98.5,95.0769093637545
MOP_kg_ha,GLM_Gaussian,32.4,46.579991029876076
MOP_kg_ha,GLM_Gaussian,107.2,98.6728447856088
MOP_kg_ha,GLM_Gaussian,34.3,26.254507818926676
MOP_kg_ha,GLM_Gaussian,32.7,48.8060512894927
MOP_kg_ha,GLM_Gaussian,64.5,67.98029693922098
MOP_kg_ha,GLM_Gaussian,32.4,43.81975346307446
MOP_kg_ha,GLM_Gaussian,35.3,42.98071997578757
MOP_kg_ha,GLM_Gaussian,33.4,44.07767629355558
MOP_kg_ha,GLM_Gaussian,69.7,62.54199769899571
MOP_kg_ha,GLM_Gaussian,66.4,76.91318524819621
MOP_kg_ha,GLM_Gaussian,35,41.83734852049245
MOP_kg_ha,GLM_Gaussian,32.5,45.20318799679707
MOP_kg_ha,GLM_Gaussian,66.2,51.561446440068664
MOP_kg_ha,GLM_Gaussian,31.9,25.286188289903706
MOP_kg_ha,GLM_Gaussian,35.7,37.20100165117675
MOP_kg_ha,GLM_Gaussian,32.8,37.0903781141058
MOP_kg_ha,GLM_Gaussian,100.9,85.11323595607004
MOP_kg_ha,GLM_Gaussian,102.1,95.93892985498786
MOP_kg_ha,GLM_Gaussian,70.1,55.44035805413927
MOP_kg_ha,GLM_Gaussian,66.2,61.07371349438309
MOP_kg_ha,GLM_Gaussian,70.6,82.79108660859087
MOP_kg_ha,GLM_Gaussian,93.4,93.88596666939591
MOP_kg_ha,GLM_Gaussian,105.6,84.90857267837605
MOP_kg_ha,GLM_Gaussian,104.2,82.55987561660012
MOP_kg_ha,GLM_Gaussian,71,56.080073551916904
MOP_kg_ha,GLM_Gaussian,67.1,70.41966568665788
MOP_kg_ha,GLM_Gaussian,33.4,23.288248751681273
MOP_kg_ha,GLM_Gaussian,32.3,33.30294918310592
MOP_kg_ha,GLM_Gaussian,67,80.44728618969324
MOP_kg_ha,GLM_Gaussian,65.5,73.0577012562129
MOP_kg_ha,GLM_Gaussian,66.4,68.09916731420276
MOP_kg_ha,GLM_Gaussian,66,57.29642036441361
MOP_kg_ha,GLM_Gaussian,70.5,71.23889458152092
MOP_kg_ha,GLM_Gaussian,64.1,55.29181601513256
MOP_kg_ha,GLM_Gaussian,104.7,86.85238492362397
MOP_kg_ha,GLM_Gaussian,70,70.24341293183925
MOP_kg_ha,GLM_Gaussian,71.1,72.36106399753122
MOP_kg_ha,GLM_Gaussian,107.4,90.33920108830391
MOP_kg_ha,GLM_Gaussian,34.2,35.976067311064774
MOP_kg_ha,GLM_Gaussian,93.6,83.77097232274667
MOP_kg_ha,GLM_Gaussian,69.7,68.96171223200973
MOP_kg_ha,GLM_Gaussian,31.3,44.0431379356767
MOP_kg_ha,GLM_Gaussian,32.9,39.202083290835205
MOP_kg_ha,GLM_Gaussian,104.3,88.90540667494425
MOP_kg_ha,GLM_Gaussian,33.9,24.813940102669783
MOP_kg_ha,GLM_Gaussian,102.8,85.84029123495431
MOP_kg_ha,GLM_Gaussian,35,46.286937898760286
MOP_kg_ha,GLM_Gaussian,33.7,36.440948728129
MOP_kg_ha,GLM_Gaussian,35.6,49.17373836844783
MOP_kg_ha,GLM_Gaussian,30.9,27.063547822929923
MOP_kg_ha,GLM_Gaussian,31.9,27.935969624283754
MOP_kg_ha,GLM_Gaussian,66.4,70.14507091100586
MOP_kg_ha,GLM_Gaussian,97.8,86.73259741610362
MOP_kg_ha,GLM_Gaussian,31.5,39.69276195922426
MOP_kg_ha,GLM_Gaussian,66.1,75.96940580364344
MOP_kg_ha,GLM_Gaussian,31.8,35.81467506277069
MOP_kg_ha,GLM_Gaussian,99.5,87.39237368156597
MOP_kg_ha,GLM_Gaussian,66.9,65.81725088949668
MOP_kg_ha,GLM_Gaussian,69.5,60.632569386921105
MOP_kg_ha,GLM_Gaussian,96.6,85.21320141410594
MOP_kg_ha,GLM_Gaussian,34.2,24.681449075804807
MOP_kg_ha,GLM_Gaussian,93.5,83.55961594015777
MOP_kg_ha,GLM_Gaussian,63.1,75.14258566933819
MOP_kg_ha,GLM_Gaussian,70.4,52.50865701002874
MOP_kg_ha,GLM_Gaussian,64.7,72.48208857506182
MOP_kg_ha,GLM_Gaussian,106.5,93.54585721898361
MOP_kg_ha,GLM_Gaussian,61.9,55.566827793828985
MOP_kg_ha,GLM_Gaussian,62.6,82.25527008939235
MOP_kg_ha,GLM_Gaussian,101.7,89.24384153293043
MOP_kg_ha,GLM_Gaussian,71.5,73.41484694044601
MOP_kg_ha,GLM_Gaussian,64.7,61.64243355057703
MOP_kg_ha,GLM_Gaussian,63,69.0670498918228
MOP_kg_ha,GLM_Gaussian,31.4,22.1925302362773
MOP_kg_ha,GLM_Gaussian,34,25.717478074115498
MOP_kg_ha,GLM_Gaussian,31.3,39.18704034789058
MOP_kg_ha,GLM_Gaussian,34.8,44.29334737658647
MOP_kg_ha,GLM_Gaussian,65.6,72.90112895199728
MOP_kg_ha,GLM_Gaussian,95,89.18090167590418
MOP_kg_ha,GLM_Gaussian,64.2,53.003290993455714
MOP_kg_ha,GLM_Gaussian,64.4,78.20638785177448
MOP_kg_ha,GLM_Gaussian,31.4,24.669651198425253
MOP_kg_ha,GLM_Gaussian,65.4,62.31592684835693
MOP_kg_ha,GLM_Gaussian,71,53.22160726793228
MOP_kg_ha,GLM_Gaussian,62.6,70.12730623746995
MOP_kg_ha,GLM_Gaussian,35.7,44.878598719385025
MOP_kg_ha,GLM_Gaussian,64.5,83.84667700139826
MOP_kg_ha,GLM_Gaussian,31.4,44.07221750497203
MOP_kg_ha,GLM_Gaussian,34.6,41.973114112565746
MOP_kg_ha,GLM_Gaussian,35.6,47.00501680039591
MOP_kg_ha,GLM_Gaussian,98.6,84.78169702521306
MOP_kg_ha,GLM_Gaussian,61.9,56.37696938379191
MOP_kg_ha,GLM_Gaussian,63.6,55.18278869734709
MOP_kg_ha,GLM_Gaussian,71.7,78.06049206025442
MOP_kg_ha,GLM_Gaussian,67.3,68.93042642650519
MOP_kg_ha,GLM_Gaussian,32.3,48.226461291977145
MOP_kg_ha,GLM_Gaussian,31.9,31.126735768149757
MOP_kg_ha,GLM_Gaussian,33.4,45.17617325074053
MOP_kg_ha,GLM_Gaussian,70.2,60.49382678888852
MOP_kg_ha,GLM_Gaussian,69,55.77054873322152
MOP_kg_ha,GLM_Gaussian,70.7,59.36322188865973
MOP_kg_ha,GLM_Gaussian,100.6,84.72556601860046
MOP_kg_ha,GLM_Gaussian,65.8,56.15509358707518
MOP_kg_ha,GLM_Gaussian,33.3,42.15947755997679
MOP_kg_ha,GLM_Gaussian,105.5,85.7743943116867
MOP_kg_ha,GLM_Gaussian,31,44.958600991008225
MOP_kg_ha,GLM_Gaussian,69.4,51.002024219053354
MOP_kg_ha,GLM_Gaussian,32.1,41.088775196867154
MOP_kg_ha,GLM_Gaussian,68.9,52.7759863541235
MOP_kg_ha,GLM_Gaussian,62.8,73.96210078673309
MOP_kg_ha,GLM_Gaussian,69,81.8351147117658
MOP_kg_ha,GLM_Gaussian,34.3,41.74807207152754
MOP_kg_ha,GLM_Gaussian,70.5,79.87612399095407
MOP_kg_ha,GLM_Gaussian,68.6,51.131663524690815
MOP_kg_ha,GLM_Gaussian,63.1,72.20124223144254
MOP_kg_ha,GLM_Gaussian,62.5,67.30805531520613
MOP_kg_ha,GLM_Gaussian,32.8,37.81284681020481
MOP_kg_ha,GLM_Gaussian,62.9,61.44299864405255
MOP_kg_ha,GLM_Gaussian,97.8,98.88711058282178
MOP_kg_ha,GLM_Gaussian,35.1,44.758821547644004
MOP_kg_ha,GLM_Gaussian,34.5,47.15881285083021
MOP_kg_ha,GLM_Gaussian,33.8,35.45909312151516
MOP_kg_ha,GLM_Gaussian,30.9,28.51749197178517
MOP_kg_ha,GLM_Gaussian,66,79.39404613206885
MOP_kg_ha,GLM_Gaussian,34,38.854295729119464
MOP_kg_ha,GLM_Gaussian,67.8,76.52260756680874
MOP_kg_ha,GLM_Gaussian,70.1,52.56497259189299
MOP_kg_ha,GLM_Gaussian,66.6,81.40278716829188
MOP_kg_ha,GLM_Gaussian,101.1,95.09601820995924
MOP_kg_ha,GLM_Gaussian,63.3,59.67062540538105
MOP_kg_ha,GLM_Gaussian,32,36.00089479804423
MOP_kg_ha,GLM_Gaussian,34,43.64855055684712
MOP_kg_ha,GLM_Gaussian,30.9,11.617943933611558
MOP_kg_ha,GLM_Gaussian,35.6,50.029586948992204
MOP_kg_ha,GLM_Gaussian,31.6,36.283475203502285
MOP_kg_ha,GLM_Gaussian,71.1,79.5072338697599
MOP_kg_ha,GLM_Gaussian,63.8,70.11725859192829
MOP_kg_ha,GLM_Gaussian,33.2,46.928116967570446
MOP_kg_ha,GLM_Gaussian,62.5,69.03593697688417
MOP_kg_ha,GLM_Gaussian,62.3,55.816958190133455
MOP_kg_ha,GLM_Gaussian,35.6,34.75071087834674
MOP_kg_ha,GLM_Gaussian,35.4,35.362298359312284
MOP_kg_ha,GLM_Gaussian,34.7,15.963795789497569
MOP_kg_ha,GLM_Gaussian,65.7,59.15134400797112
MOP_kg_ha,GLM_Gaussian,34,41.33617844757855
MOP_kg_ha,GLM_Gaussian,106.1,88.61808769777305
MOP_kg_ha,GLM_Gaussian,33.2,31.370182643950965
MOP_kg_ha,GLM_Gaussian,68.3,75.60459483524421
MOP_kg_ha,GLM_Gaussian,62,55.49032331425813
MOP_kg_ha,GLM_Gaussian,67.2,52.180443617369086
MOP_kg_ha,GLM_Gaussian,100.9,86.35901790030992
MOP_kg_ha,GLM_Gaussian,71.3,66.78046798373862
MOP_kg_ha,GLM_Gaussian,33.8,47.20638001053034
MOP_kg_ha,GLM_Gaussian,65.7,75.96719837294368
MOP_kg_ha,GLM_Gaussian,66.2,59.639924214503544
MOP_kg_ha,GLM_Gaussian,107.3,88.11080561131217
MOP_kg_ha,GLM_Gaussian,71.7,77.78201575665766
MOP_kg_ha,GLM_Gaussian,35.5,47.67306036855421
MOP_kg_ha,GLM_Gaussian,33.8,39.279788216348805
MOP_kg_ha,GLM_Gaussian,66.4,60.29862530674018
MOP_kg_ha,GLM_Gaussian,31.9,39.97862148472223
MOP_kg_ha,GLM_Gaussian,62,62.277149255086016
MOP_kg_ha,GLM_Gaussian,35.8,46.483330958136214
MOP_kg_ha,GLM_Gaussian,32.3,47.763367206670964
MOP_kg_ha,GLM_Gaussian,32,44.620395688456874
MOP_kg_ha,GLM_Gaussian,97.3,88.69498177015704
MOP_kg_ha,GLM_Gaussian,35.8,39.99256614141881
MOP_kg_ha,GLM_Gaussian,105.3,92.53703239046379
MOP_kg_ha,GLM_Gaussian,67.8,51.019753957191526
MOP_kg_ha,GLM_Gaussian,34.5,27.091503812782037
MOP_kg_ha,GLM_Gaussian,66.8,63.22703702824261
MOP_kg_ha,GLM_Gaussian,33.8,35.93025475341013
MOP_kg_ha,GLM_Gaussian,62.7,64.84546277631792
MOP_kg_ha,GLM_Gaussian,34.8,24.10020197163148
MOP_kg_ha,GLM_Gaussian,67.4,55.40205198113195
MOP_kg_ha,GLM_Gaussian,68.7,54.853362882241306
MOP_kg_ha,GLM_Gaussian,71.2,64.91678082983329
MOP_kg_ha,GLM_Gaussian,62.6,66.80254550214235
MOP_kg_ha,GLM_Gaussian,97.3,94.49621562253496
MOP_kg_ha,GLM_Gaussian,34.3,28.33173902037892
MOP_kg_ha,GLM_Gaussian,35.4,46.52119063434879
MOP_kg_ha,GLM_Gaussian,69.8,61.80763844285417
MOP_kg_ha,GLM_Gaussian,70.7,76.0690417737881
MOP_kg_ha,GLM_Gaussian,34.2,38.079661023085606
MOP_kg_ha,GLM_Gaussian,69.4,76.21616976936002
MOP_kg_ha,GLM_Gaussian,68.6,73.04304804063507
MOP_kg_ha,GLM_Gaussian,33.9,49.4849520871376
MOP_kg_ha,GLM_Gaussian,35.1,44.33906473034534
MOP_kg_ha,GLM_Gaussian,35.3,32.09584649410791
MOP_kg_ha,GLM_Gaussian,62.4,74.005521325599
MOP_kg_ha,GLM_Gaussian,33.1,38.23366874379958
MOP_kg_ha,GLM_Gaussian,33.8,47.23844862734333
MOP_kg_ha,GLM_Gaussian,107.3,85.24624733654267
MOP_kg_ha,GLM_Gaussian,68.1,72.1205878077508
MOP_kg_ha,GLM_Gaussian,63.7,70.91756857241013
MOP_kg_ha,GLM_Gaussian,68.7,78.62156905078143
MOP_kg_ha,GLM_Gaussian,32.9,39.68567236522441
MOP_kg_ha,GLM_Gaussian,34.2,34.774001552368766
MOP_kg_ha,GLM_Gaussian,103.6,86.63338023950027
MOP_kg_ha,GLM_Gaussian,33.4,41.064581005436224
MOP_kg_ha,GLM_Gaussian,65.5,82.29795077072905
MOP_kg_ha,GLM_Gaussian,35.3,21.041531487233705
MOP_kg_ha,GLM_Gaussian,62.5,80.25951310831715
MOP_kg_ha,GLM_Gaussian,70.9,71.17054465995578
MOP_kg_ha,GLM_Gaussian,33.1,27.683857983207833
MOP_kg_ha,GLM_Gaussian,105.4,90.23276006179849
MOP_kg_ha,GLM_Gaussian,67.9,53.69867951552444
MOP_kg_ha,GLM_Gaussian,99.2,97.24397269173014
MOP_kg_ha,GLM_Gaussian,33.4,44.351327565339325
MOP_kg_ha,GLM_Gaussian,32.9,18.02061390144077
MOP_kg_ha,GLM_Gaussian,32.9,16.5950626973404
MOP_kg_ha,GLM_Gaussian,33.8,14.913098461788076
MOP_kg_ha,GLM_Gaussian,34.9,45.98721553642172
MOP_kg_ha,GLM_Gaussian,65.4,51.727304578072875
MOP_kg_ha,GLM_Gaussian,64.9,61.37492557960436
MOP_kg_ha,GLM_Gaussian,35.6,39.84398756132283
MOP_kg_ha,GLM_Gaussian,35,26.098429927785045
MOP_kg_ha,GLM_Gaussian,62.6,71.61159392262316
MOP_kg_ha,GLM_Gaussian,68.9,78.44497158408122
MOP_kg_ha,GLM_Gaussian,63.3,63.119657294087695
MOP_kg_ha,GLM_Gaussian,63,76.73118327938634
MOP_kg_ha,GLM_Gaussian,34.7,35.90936086454552
MOP_kg_ha,GLM_Gaussian,62.2,78.99489849222428
MOP_kg_ha,GLM_Gaussian,65.4,72.12448861611722
MOP_kg_ha,GLM_Gaussian,63.5,55.380840050606274
MOP_kg_ha,GLM_Gaussian,33.9,23.018333454411298
MOP_kg_ha,GLM_Gaussian,33.7,47.34736030603985
MOP_kg_ha,GLM_Gaussian,34.5,20.752514787195285
MOP_kg_ha,GLM_Gaussian,32.6,45.86369593124056
MOP_kg_ha,GLM_Gaussian,63.5,65.7330752584918
MOP_kg_ha,GLM_Gaussian,70.8,53.575279823421084
MOP_kg_ha,GLM_Gaussian,69.9,70.74900898880429
MOP_kg_ha,GLM_Gaussian,35.1,41.33554532981299
MOP_kg_ha,GLM_Gaussian,32.7,45.05083599738174
MOP_kg_ha,GLM_Gaussian,66,59.24400163741596
MOP_kg_ha,GLM_Gaussian,71,58.59740793563897
MOP_kg_ha,GLM_Gaussian,31.6,25.93545441506542
MOP_kg_ha,GLM_Gaussian,68,66.09333523243303
MOP_kg_ha,GLM_Gaussian,68.9,68.47911992381216
MOP_kg_ha,GLM_Gaussian,68.1,59.07774682741323
MOP_kg_ha,GLM_Gaussian,101.7,84.62361353857838
MOP_kg_ha,GLM_Gaussian,34.9,45.043132598419035
MOP_kg_ha,GLM_Gaussian,70.5,57.668768295193104
MOP_kg_ha,GLM_Gaussian,30.9,45.20534271576927
MOP_kg_ha,GLM_Gaussian,66.1,64.04142722233335
MOP_kg_ha,GLM_Gaussian,64.5,52.1625670001331
MOP_kg_ha,GLM_Gaussian,99.1,96.33282699418665
MOP_kg_ha,GLM_Gaussian,33.7,47.59143364636224
MOP_kg_ha,GLM_Gaussian,33.8,52.2078923449272
MOP_kg_ha,GLM_Gaussian,62.6,66.60911131637565
MOP_kg_ha,GLM_Gaussian,31.1,17.21992798948562
MOP_kg_ha,GLM_Gaussian,33.1,49.711413834582544
MOP_kg_ha,GLM_Gaussian,61.8,69.79936001770677
MOP_kg_ha,GLM_Gaussian,61.8,73.65363157275445
MOP_kg_ha,GLM_Gaussian,33.3,13.672227116323153
MOP_kg_ha,GLM_Gaussian,70.6,56.533683270964815
MOP_kg_ha,GLM_Gaussian,62.2,64.2015119017123
MOP_kg_ha,GLM_Gaussian,62.5,61.412615655365535
MOP_kg_ha,GLM_Gaussian,35.8,41.350075014304856
MOP_kg_ha,GLM_Gaussian,66.9,78.2539970376863
MOP_kg_ha,GLM_Gaussian,67.8,57.769701910014085
MOP_kg_ha,GLM_Gaussian,32.2,48.40921564157866
MOP_kg_ha,GLM_Gaussian,62.2,69.66017644640668
MOP_kg_ha,GLM_Gaussian,103.4,94.32197109894467
MOP_kg_ha,GLM_Gaussian,70.5,61.01782701597587
MOP_kg_ha,GLM_Gaussian,35.3,32.75207706127605
MOP_kg_ha,GLM_Gaussian,69.2,60.24481795007665
MOP_kg_ha,GLM_Gaussian,32.2,50.31323443484477
MOP_kg_ha,GLM_Gaussian,35.1,43.20975904846363
MOP_kg_ha,GLM_Gaussian,70.4,70.13013005882947
MOP_kg_ha,GLM_Gaussian,101.5,90.7129114336454
MOP_kg_ha,GLM_Gaussian,66.2,65.93227647479819
MOP_kg_ha,GLM_Gaussian,31.7,41.72605601375772
MOP_kg_ha,GLM_Gaussian,65,53.977897651085684
MOP_kg_ha,GLM_Gaussian,33,49.118081041942006
MOP_kg_ha,GLM_Gaussian,33.6,29.074907202095282
MOP_kg_ha,GLM_Gaussian,62.1,65.0991964096152
MOP_kg_ha,GLM_Gaussian,93.8,91.32583127670898
MOP_kg_ha,GLM_Gaussian,33,35.587439630756506
MOP_kg_ha,GLM_Gaussian,100.6,86.07905863544774
MOP_kg_ha,GLM_Gaussian,68.7,65.19552553173153
MOP_kg_ha,GLM_Gaussian,66.9,59.67878243062031
MOP_kg_ha,GLM_Gaussian,32,34.22804972802012
MOP_kg_ha,GLM_Gaussian,66.7,80.92177394976333
MOP_kg_ha,GLM_Gaussian,34.9,37.900254594604846
MOP_kg_ha,GLM_Gaussian,103.2,83.68244026738773
MOP_kg_ha,GLM_Gaussian,62.4,59.698047893311696
MOP_kg_ha,GLM_Gaussian,63,74.44429432301436
MOP_kg_ha,GLM_Gaussian,71.5,70.23872431280826
MOP_kg_ha,GLM_Gaussian,96.7,85.38936315806515
MOP_kg_ha,GLM_Gaussian,104.3,86.3989290658778
MOP_kg_ha,GLM_Gaussian,71,73.27098335958833
MOP_kg_ha,GLM_Gaussian,67.3,62.171552057476795
MOP_kg_ha,GLM_Gaussian,64.2,60.06759347325255
MOP_kg_ha,GLM_Gaussian,64.1,81.29264802386398
MOP_kg_ha,GLM_Gaussian,65.6,77.06413212467733
MOP_kg_ha,GLM_Gaussian,69.1,58.616098643865286
MOP_kg_ha,GLM_Gaussian,70.4,70.53930648650993
MOP_kg_ha,GLM_Gaussian,68.4,72.26596791348051
MOP_kg_ha,GLM_Gaussian,65.9,59.788812085905334
MOP_kg_ha,GLM_Gaussian,107.3,86.83180125115118
MOP_kg_ha,GLM_Gaussian,34.3,26.794895372117164
MOP_kg_ha,GLM_Gaussian,61.8,64.48733260856986
MOP_kg_ha,GLM_Gaussian,35.1,45.990412697129855
MOP_kg_ha,GLM_Gaussian,33,21.020001515915055
MOP_kg_ha,GLM_Gaussian,34.2,51.30809521545245
MOP_kg_ha,GLM_Gaussian,71,62.15952891991091
MOP_kg_ha,GLM_Gaussian,69,64.98966515372578
MOP_kg_ha,GLM_Gaussian,30.8,39.1623495773438
MOP_kg_ha,GLM_Gaussian,69.6,74.13485282175044
MOP_kg_ha,GLM_Gaussian,33.5,39.45021570199965
MOP_kg_ha,GLM_Gaussian,66.2,70.0080417516709
MOP_kg_ha,GLM_Gaussian,66.3,71.52065204702386
MOP_kg_ha,GLM_Gaussian,34.1,49.06586439077933
MOP_kg_ha,GLM_Gaussian,33.3,31.627791581487543
MOP_kg_ha,GLM_Gaussian,69.5,65.19511978453028
MOP_kg_ha,GLM_Gaussian,70.4,73.75307776301236
MOP_kg_ha,GLM_Gaussian,63.6,67.5504755258728
MOP_kg_ha,GLM_Gaussian,31,32.41850570773886
MOP_kg_ha,GLM_Gaussian,66.2,62.49006249801108
MOP_kg_ha,GLM_Gaussian,64.7,71.25793599920627
MOP_kg_ha,GLM_Gaussian,67.5,65.97455004403086
MOP_kg_ha,GLM_Gaussian,34.2,40.577352890606626
MOP_kg_ha,GLM_Gaussian,34.3,15.69198274783946
MOP_kg_ha,GLM_Gaussian,69,62.09498548520196
MOP_kg_ha,GLM_Gaussian,31.4,41.63575734413358
MOP_kg_ha,GLM_Gaussian,71.1,76.44354258012781
MOP_kg_ha,GLM_Gaussian,66,66.78584484449546
MOP_kg_ha,GLM_Gaussian,34.1,17.533659738702593
MOP_kg_ha,GLM_Gaussian,66.7,78.1398500627769
MOP_kg_ha,GLM_Gaussian,70.5,68.9764357611941
MOP_kg_ha,GLM_Gaussian,34,46.947396600589784
MOP_kg_ha,GLM_Gaussian,32.7,50.33958353378605
MOP_kg_ha,GLM_Gaussian,68.8,83.10935698440163
MOP_kg_ha,GLM_Gaussian,32.8,29.124655103421098
MOP_kg_ha,GLM_Gaussian,103.5,83.80857489056967
MOP_kg_ha,GLM_Gaussian,31.5,50.11479229718358
MOP_kg_ha,GLM_Gaussian,64.4,66.89548487390331
MOP_kg_ha,GLM_Gaussian,32.9,48.23854314756593
MOP_kg_ha,GLM_Gaussian,31.3,50.22532162004937
MOP_kg_ha,GLM_Gaussian,31.8,43.7196784346148
MOP_kg_ha,GLM_Gaussian,33.5,35.389622269546436
MOP_kg_ha,GLM_Gaussian,32,43.45943856573331
MOP_kg_ha,GLM_Gaussian,63.1,66.27295024002532
MOP_kg_ha,GLM_Gaussian,66.9,76.15169729982505
MOP_kg_ha,GLM_Gaussian,31.1,41.440975620287766
MOP_kg_ha,GLM_Gaussian,67.6,66.04743794593783
MOP_kg_ha,GLM_Gaussian,34.7,41.7296524322953
MOP_kg_ha,GLM_Gaussian,93.8,92.43912547451451
MOP_kg_ha,GLM_Gaussian,32.8,42.07353047381297
MOP_kg_ha,GLM_Gaussian,102.2,85.19030404528083
MOP_kg_ha,GLM_Gaussian,34.7,46.15755251964613
MOP_kg_ha,GLM_Gaussian,63.5,59.38818112370682
MOP_kg_ha,GLM_Gaussian,67.7,73.1368496097446
MOP_kg_ha,GLM_Gaussian,65.9,72.9947387660372
MOP_kg_ha,GLM_Gaussian,70.2,70.88113328470408
MOP_kg_ha,GLM_Gaussian,32,37.82953812056324
MOP_kg_ha,GLM_Gaussian,31.2,47.62369343106659
MOP_kg_ha,GLM_Gaussian,64.3,77.12861699911163
MOP_kg_ha,GLM_Gaussian,33.7,37.33850707653668
MOP_kg_ha,GLM_Gaussian,65.4,70.29424857976124
MOP_kg_ha,GLM_Gaussian,65.1,74.91527420123481
MOP_kg_ha,GLM_Gaussian,66,53.140632922171804
MOP_kg_ha,GLM_Gaussian,31,21.69383366649186
MOP_kg_ha,GLM_Gaussian,63.1,82.27566463625264
MOP_kg_ha,GLM_Gaussian,66.7,69.52503478110685
MOP_kg_ha,GLM_Gaussian,31.7,48.877057660242755
MOP_kg_ha,GLM_Gaussian,70.8,72.538713802128
MOP_kg_ha,GLM_Gaussian,31.4,41.17364845770351
MOP_kg_ha,GLM_Gaussian,33.6,28.90852496586712
MOP_kg_ha,GLM_Gaussian,62.4,59.157172844477515
MOP_kg_ha,GLM_Gaussian,33.1,51.48954623785664
MOP_kg_ha,GLM_Gaussian,32.1,34.473069690575194
MOP_kg_ha,GLM_Gaussian,33.2,35.963687871008354
MOP_kg_ha,GLM_Gaussian,31.3,48.099322720938474
MOP_kg_ha,GLM_Gaussian,32.9,32.15153190176598
MOP_kg_ha,GLM_Gaussian,35.4,40.29309665683808
MOP_kg_ha,GLM_Gaussian,63,80.53015509320457
MOP_kg_ha,GLM_Gaussian,65.7,76.12303917573189
MOP_kg_ha,GLM_Gaussian,34.9,32.70918345127829
MOP_kg_ha,GLM_Gaussian,35.3,14.579006566699473
MOP_kg_ha,GLM_Gaussian,32,39.90992214345678
MOP_kg_ha,GLM_Gaussian,31.3,20.977183658416788
MOP_kg_ha,GLM_Gaussian,35.4,48.319851168843805
MOP_kg_ha,GLM_Gaussian,35.4,41.0005783961983
MOP_kg_ha,GLM_Gaussian,62.9,73.69850576807954
MOP_kg_ha,GLM_Gaussian,33.2,24.344950867590935
MOP_kg_ha,GLM_Gaussian,64.4,53.77786778509108
MOP_kg_ha,GLM_Gaussian,66.2,52.76729244403715
MOP_kg_ha,GLM_Gaussian,104.8,93.45427664984486
MOP_kg_ha,GLM_Gaussian,66.9,65.03907611166969
MOP_kg_ha,GLM_Gaussian,65.9,72.04570753059575
MOP_kg_ha,GLM_Gaussian,62.4,56.37677198500598
MOP_kg_ha,GLM_Gaussian,34.8,19.843153060042955
MOP_kg_ha,GLM_Gaussian,31.3,18.77098266230252
MOP_kg_ha,GLM_Gaussian,103.9,88.53905127918856
MOP_kg_ha,GLM_Gaussian,98.8,83.80791226531201
MOP_kg_ha,GLM_Gaussian,35,13.567999966050241
MOP_kg_ha,GLM_Gaussian,71.5,55.43012728192682
MOP_kg_ha,GLM_Gaussian,103.4,85.38759279370096
MOP_kg_ha,GLM_Gaussian,70.5,71.10961219230221
MOP_kg_ha,GLM_Gaussian,32.1,21.257069179642453
MOP_kg_ha,GLM_Gaussian,31,26.960998504712826
MOP_kg_ha,GLM_Gaussian,100.5,88.0933810772423
MOP_kg_ha,GLM_Gaussian,69.9,54.1084554272074
MOP_kg_ha,GLM_Gaussian,34.7,29.52220911971093
MOP_kg_ha,GLM_Gaussian,63.7,74.46704075153039
MOP_kg_ha,GLM_Gaussian,32.6,34.38128619208355
MOP_kg_ha,GLM_Gaussian,100,84.827291741431
MOP_kg_ha,GLM_Gaussian,70.3,67.24606585055409
MOP_kg_ha,GLM_Gaussian,30.8,29.961767822272545
MOP_kg_ha,GLM_Gaussian,68.1,64.292522401882
MOP_kg_ha,GLM_Gaussian,70.6,78.47261121533744
MOP_kg_ha,GLM_Gaussian,31.8,44.762804339666715
MOP_kg_ha,GLM_Gaussian,68.5,60.90600464656514
MOP_kg_ha,GLM_Gaussian,66.2,76.17084742021606
MOP_kg_ha,GLM_Gaussian,70.8,79.51315029516462
MOP_kg_ha,GLM_Gaussian,62.3,70.3094015313558
MOP_kg_ha,GLM_Gaussian,66.7,58.12513085598675
MOP_kg_ha,GLM_Gaussian,69.9,76.83619816068259
MOP_kg_ha,GLM_Gaussian,62.4,58.534429644649485
MOP_kg_ha,GLM_Gaussian,67.1,77.82611933754096
MOP_kg_ha,GLM_Gaussian,68.4,80.84051851214686
MOP_kg_ha,GLM_Gaussian,62.9,61.685218878752224
MOP_kg_ha,GLM_Gaussian,34.9,37.22681789929335
MOP_kg_ha,GLM_Gaussian,62.1,57.19665504751529
MOP_kg_ha,GLM_Gaussian,71.5,75.53825503981264
MOP_kg_ha,GLM_Gaussian,32.5,22.978905693827155
MOP_kg_ha,GLM_Gaussian,33.2,50.959761909498795
MOP_kg_ha,GLM_Gaussian,64.5,73.400744308494
MOP_kg_ha,GLM_Gaussian,71.4,65.074303580647907
MOP_kg_ha,GLM_Gaussian,66.1,78.24677016352973
MOP_kg_ha,GLM_Gaussian,67.2,77.69449630502854
MOP_kg_ha,GLM_Gaussian,35.6,28.10591377191421
MOP_kg_ha,GLM_Gaussian,69.5,73.70543355412823
MOP_kg_ha,GLM_Gaussian,64.7,67.9770078921803
MOP_kg_ha,GLM_Gaussian,31.3,13.917694247333214
MOP_kg_ha,GLM_Gaussian,35.3,46.00996163981523
MOP_kg_ha,GLM_Gaussian,97.4,87.39157662081092
MOP_kg_ha,GLM_Gaussian,64.7,61.84515753468296
MOP_kg_ha,GLM_Gaussian,67.6,72.28516187602703
MOP_kg_ha,GLM_Gaussian,64.4,50.62718310137072
MOP_kg_ha,GLM_Gaussian,35.1,47.57668897774886
MOP_kg_ha,GLM_Gaussian,65,69.99380854711532
MOP_kg_ha,GLM_Gaussian,97.7,88.31303139522882
MOP_kg_ha,GLM_Gaussian,66.3,78.1268098561452
MOP_kg_ha,GLM_Gaussian,102.8,84.66080819078151
MOP_kg_ha,GLM_Gaussian,63.3,61.89513447056836
MOP_kg_ha,GLM_Gaussian,68.9,59.22102865866424
MOP_kg_ha,GLM_Gaussian,104.1,94.67763131397582
MOP_kg_ha,GLM_Gaussian,67.5,69.63731817754581
MOP_kg_ha,GLM_Gaussian,97.6,95.31732036320676
MOP_kg_ha,GLM_Gaussian,65.5,59.893604925322244
MOP_kg_ha,GLM_Gaussian,35.2,44.57022209911814
MOP_kg_ha,GLM_Gaussian,62,64.0468333202372
MOP_kg_ha,GLM_Gaussian,68.4,58.262553377550326
MOP_kg_ha,GLM_Gaussian,34.6,52.98696507807164
MOP_kg_ha,GLM_Gaussian,104.9,95.49386157544193
MOP_kg_ha,GLM_Gaussian,34.9,40.58531377308516
MOP_kg_ha,GLM_Gaussian,107.1,85.55409146540282
MOP_kg_ha,GLM_Gaussian,62.6,79.63003655651988
MOP_kg_ha,GLM_Gaussian,35.1,35.23365072300643
MOP_kg_ha,GLM_Gaussian,33.6,48.86760268893318
MOP_kg_ha,GLM_Gaussian,34.2,47.321261077915054
MOP_kg_ha,GLM_Gaussian,67.9,79.55689275310415
MOP_kg_ha,GLM_Gaussian,98.3,94.28648871291732
MOP_kg_ha,GLM_Gaussian,101.5,84.40912393547491
MOP_kg_ha,GLM_Gaussian,67.5,79.23955442237097
MOP_kg_ha,GLM_Gaussian,94.3,83.45555136450628
MOP_kg_ha,GLM_Gaussian,64.8,59.08854060328003
MOP_kg_ha,GLM_Gaussian,34.5,12.414353538328326
MOP_kg_ha,GLM_Gaussian,30.9,36.915647845352055
MOP_kg_ha,GLM_Gaussian,62.7,55.91367760516496
MOP_kg_ha,GLM_Gaussian,64.8,74.97212713034696
MOP_kg_ha,GLM_Gaussian,64.5,50.666025283205094
MOP_kg_ha,GLM_Gaussian,34.7,41.61007479513042
MOP_kg_ha,GLM_Gaussian,68.5,58.94437578013218
MOP_kg_ha,GLM_Gaussian,34.5,31.84536388934349
MOP_kg_ha,GLM_Gaussian,98.9,86.93966165430794
MOP_kg_ha,GLM_Gaussian,70.9,59.55094738183266
MOP_kg_ha,GLM_Gaussian,66.2,73.51359149155284
MOP_kg_ha,GLM_Gaussian,64.2,80.17882667245426
MOP_kg_ha,GLM_Gaussian,65.5,56.20836310769439
MOP_kg_ha,GLM_Gaussian,66.6,62.92918308683239
MOP_kg_ha,GLM_Gaussian,66,76.22550408295574
MOP_kg_ha,GLM_Gaussian,67,58.85268749001559
MOP_kg_ha,GLM_Gaussian,63.3,72.86526234803834
MOP_kg_ha,GLM_Gaussian,71.4,79.5584874448691
MOP_kg_ha,GLM_Gaussian,62.6,75.41195509016019
MOP_kg_ha,GLM_Gaussian,32.1,38.884316574692086
MOP_kg_ha,GLM_Gaussian,33.1,42.654382460178624
MOP_kg_ha,GLM_Gaussian,66.2,61.72373417271963
MOP_kg_ha,GLM_Gaussian,35.4,44.82337390721805
MOP_kg_ha,GLM_Gaussian,67.8,78.75033517648342
MOP_kg_ha,GLM_Gaussian,102.1,88.10188374308856
MOP_kg_ha,GLM_Gaussian,64,75.02067833977578
MOP_kg_ha,GLM_Gaussian,63.3,65.95414674520558
MOP_kg_ha,GLM_Gaussian,33.7,49.94421327330082
MOP_kg_ha,GLM_Gaussian,104.2,87.69112225966082
MOP_kg_ha,GLM_Gaussian,31.2,43.95627792476476
MOP_kg_ha,GLM_Gaussian,34.8,36.83873161196884
MOP_kg_ha,GLM_Gaussian,97.3,89.1012916268535
MOP_kg_ha,GLM_Gaussian,99.5,85.8005122988802
MOP_kg_ha,GLM_Gaussian,67,70.14094417457153
MOP_kg_ha,GLM_Gaussian,69.3,79.11787913907843
MOP_kg_ha,GLM_Gaussian,34.9,37.122225516541725
MOP_kg_ha,GLM_Gaussian,33.9,24.9763416100025
MOP_kg_ha,GLM_Gaussian,31.1,31.841107080421512
MOP_kg_ha,GLM_Gaussian,63.2,79.31859275831627
MOP_kg_ha,GLM_Gaussian,63.3,72.95420204096915
MOP_kg_ha,GLM_Gaussian,32.5,49.50159696368136
MOP_kg_ha,GLM_Gaussian,33.3,47.75220264381875
MOP_kg_ha,GLM_Gaussian,102.5,81.58353253329604
MOP_kg_ha,GLM_Gaussian,32.3,42.659385477490034
MOP_kg_ha,GLM_Gaussian,34,40.32453473801805
MOP_kg_ha,GLM_Gaussian,102.4,92.00974679998623
MOP_kg_ha,GLM_Gaussian,69.6,67.58624265455435
MOP_kg_ha,GLM_Gaussian,34.2,17.278968226531262
MOP_kg_ha,GLM_Gaussian,96.1,89.88983726641045
MOP_kg_ha,GLM_Gaussian,34,34.71159961579449
MOP_kg_ha,GLM_Gaussian,33.9,37.13760474097577
MOP_kg_ha,GLM_Gaussian,68.4,67.09114500758984
MOP_kg_ha,GLM_Gaussian,33.1,47.76309378339243
MOP_kg_ha,GLM_Gaussian,35.5,47.21836193411998
MOP_kg_ha,GLM_Gaussian,93.5,90.62660511144905
MOP_kg_ha,GLM_Gaussian,35,18.543233175694283
MOP_kg_ha,GLM_Gaussian,35,39.444143152818484
MOP_kg_ha,GLM_Gaussian,62.4,74.8175879745438
MOP_kg_ha,GLM_Gaussian,32.7,38.70843184332247
MOP_kg_ha,GLM_Gaussian,92.7,95.71856110706227
MOP_kg_ha,GLM_Gaussian,33.5,48.98701235519504
MOP_kg_ha,GLM_Gaussian,35.3,20.44495684471217
MOP_kg_ha,GLM_Gaussian,69.9,78.39455368731643
MOP_kg_ha,GLM_Gaussian,62.2,72.30197045201129
MOP_kg_ha,GLM_Gaussian,65.7,81.54138701112184
MOP_kg_ha,GLM_Gaussian,32.3,35.136765675267036
MOP_kg_ha,GLM_Gaussian,63.3,79.83101774954473
MOP_kg_ha,GLM_Gaussian,30.9,44.575336282851524
MOP_kg_ha,GLM_Gaussian,93.7,90.65806896031408
MOP_kg_ha,GLM_Gaussian,105.1,87.02930265055976
MOP_kg_ha,GLM_Gaussian,32.6,27.11776819843851
MOP_kg_ha,GLM_Gaussian,34,49.229902539902106
MOP_kg_ha,GLM_Gaussian,35.3,33.504939325105035
MOP_kg_ha,GLM_Gaussian,63,74.27202686205949
MOP_kg_ha,GLM_Gaussian,64.8,76.67439613155258
MOP_kg_ha,GLM_Gaussian,66.5,51.44018525543302
MOP_kg_ha,GLM_Gaussian,71.3,76.83324341072219
MOP_kg_ha,GLM_Gaussian,65.2,53.19215332074974
MOP_kg_ha,GLM_Gaussian,34.1,41.692541397536424
MOP_kg_ha,GLM_Gaussian,66.6,58.25627227620089
MOP_kg_ha,GLM_Gaussian,65.9,72.40402093783283
MOP_kg_ha,GLM_Gaussian,71.5,52.84037037624776
MOP_kg_ha,GLM_Gaussian,71.5,73.21441790308343
MOP_kg_ha,GLM_Gaussian,62.4,74.64012887940895
MOP_kg_ha,GLM_Gaussian,32.8,19.353136895140754
MOP_kg_ha,GLM_Gaussian,33.9,46.9189605546223
MOP_kg_ha,GLM_Gaussian,64.1,53.13081555094677
MOP_kg_ha,GLM_Gaussian,67.3,70.02840940119833
MOP_kg_ha,GLM_Gaussian,33.4,44.951421961810404
MOP_kg_ha,GLM_Gaussian,101.9,92.73692724816598
MOP_kg_ha,GLM_Gaussian,32.5,15.506884209453771
MOP_kg_ha,GLM_Gaussian,62.3,58.89041303160087
MOP_kg_ha,GLM_Gaussian,33.1,37.21856250639094
MOP_kg_ha,GLM_Gaussian,70.4,62.660682121337686
MOP_kg_ha,GLM_Gaussian,31,44.128371046576596
MOP_kg_ha,GLM_Gaussian,64.5,67.76276288763437
MOP_kg_ha,GLM_Gaussian,32.1,50.91554445181667
MOP_kg_ha,GLM_Gaussian,67.9,64.66076954284357
MOP_kg_ha,GLM_Gaussian,34.8,51.56021235652367
MOP_kg_ha,GLM_Gaussian,31.5,47.05303810051202
MOP_kg_ha,GLM_Gaussian,70.2,77.45923017152917
MOP_kg_ha,GLM_Gaussian,33.1,40.70760457304365
MOP_kg_ha,GLM_Gaussian,62.1,57.34970419189864
MOP_kg_ha,GLM_Gaussian,68.5,62.486932996507264
MOP_kg_ha,GLM_Gaussian,67.8,78.9100748461831
MOP_kg_ha,GLM_Gaussian,62.1,73.17724048463364
MOP_kg_ha,GLM_Gaussian,71.3,75.63926795038668
MOP_kg_ha,GLM_Gaussian,65.5,57.18919642094772
MOP_kg_ha,GLM_Gaussian,34.4,36.56424565791206
MOP_kg_ha,GLM_Gaussian,31.8,40.14579083341095
MOP_kg_ha,GLM_Gaussian,68.8,63.56610892259136
MOP_kg_ha,GLM_Gaussian,70.4,73.83802752259251
MOP_kg_ha,GLM_Gaussian,97.8,86.00567478432001
MOP_kg_ha,GLM_Gaussian,100.2,94.06180153078832
MOP_kg_ha,GLM_Gaussian,70,55.0132289991957
MOP_kg_ha,GLM_Gaussian,35.8,47.05045973700651
MOP_kg_ha,GLM_Gaussian,31.1,47.74929421715524
MOP_kg_ha,GLM_Gaussian,65.4,57.00117508915552
MOP_kg_ha,GLM_Gaussian,105.8,83.87692910819366
MOP_kg_ha,GLM_Gaussian,32.8,44.62048888291497
MOP_kg_ha,GLM_Gaussian,65.2,75.3266085241881
MOP_kg_ha,GLM_Gaussian,102.4,95.91620981497235
MOP_kg_ha,GLM_Gaussian,71.6,66.33996641421686
MOP_kg_ha,GLM_Gaussian,94.6,84.77800118465156
MOP_kg_ha,GLM_Gaussian,61.7,53.96335720072691
MOP_kg_ha,GLM_Gaussian,67.5,51.1229400799209
MOP_kg_ha,GLM_Gaussian,35.7,52.34638423568444
MOP_kg_ha,GLM_Gaussian,93.8,97.34308878711514
MOP_kg_ha,GLM_Gaussian,67.3,79.34327297221145
MOP_kg_ha,GLM_Gaussian,32.5,38.69665652520333
MOP_kg_ha,GLM_Gaussian,33.6,46.436774636153984
MOP_kg_ha,GLM_Gaussian,69.4,79.3220163132535
MOP_kg_ha,GLM_Gaussian,64.1,60.85473948876198
MOP_kg_ha,GLM_Gaussian,62.4,51.84860791831338
MOP_kg_ha,GLM_Gaussian,69.1,72.68458873853467
MOP_kg_ha,GLM_Gaussian,67.3,76.61238596299799
MOP_kg_ha,GLM_Gaussian,63.3,78.82214745869312
MOP_kg_ha,GLM_Gaussian,35.7,15.919938928079034
MOP_kg_ha,GLM_Gaussian,105.8,96.19599880626554
MOP_kg_ha,GLM_Gaussian,64,60.84996337979127
MOP_kg_ha,GLM_Gaussian,32.1,37.483339900376194
MOP_kg_ha,GLM_Gaussian,32.3,40.86306593127279
MOP_kg_ha,GLM_Gaussian,34.1,42.73161911978276
MOP_kg_ha,GLM_Gaussian,34.9,41.27745396969775
MOP_kg_ha,GLM_Gaussian,31.9,37.01585860296638
MOP_kg_ha,GLM_Gaussian,69,68.15905503837794
MOP_kg_ha,GLM_Gaussian,71.2,61.291985360658394
MOP_kg_ha,GLM_Gaussian,34.2,40.08217981343576
MOP_kg_ha,GLM_Gaussian,62.4,70.12483255902886
MOP_kg_ha,GLM_Gaussian,67,72.04202092920328
MOP_kg_ha,GLM_Gaussian,35.2,26.108192764731285
MOP_kg_ha,GLM_Gaussian,68.3,77.82028465327657
MOP_kg_ha,GLM_Gaussian,32.9,20.65405271167996
MOP_kg_ha,GLM_Gaussian,35.4,47.920967755169194
MOP_kg_ha,GLM_Gaussian,34,27.322553901633608
MOP_kg_ha,GLM_Gaussian,33.6,49.49238419494538
MOP_kg_ha,GLM_Gaussian,31.9,45.54297158448912
MOP_kg_ha,GLM_Gaussian,68.6,52.555244955933716
MOP_kg_ha,GLM_Gaussian,66.9,65.45600135828549
MOP_kg_ha,GLM_Gaussian,63.6,80.91288183831868
MOP_kg_ha,GLM_Gaussian,71.2,61.402819332163205
MOP_kg_ha,GLM_Gaussian,34,35.87339956255712
MOP_kg_ha,GLM_Gaussian,33.2,16.92309880154463
MOP_kg_ha,GLM_Gaussian,100.6,89.71570570953291
MOP_kg_ha,GLM_Gaussian,33.6,43.0405061797379
MOP_kg_ha,GLM_Gaussian,65.3,64.64861108268884
MOP_kg_ha,GLM_Gaussian,34.6,34.711077868326484
MOP_kg_ha,GLM_Gaussian,64.8,63.85856788482186
MOP_kg_ha,GLM_Gaussian,33.3,15.044800031812422
MOP_kg_ha,GLM_Gaussian,105,90.83759158524786
MOP_kg_ha,GLM_Gaussian,35.2,34.79754038999636
MOP_kg_ha,GLM_Gaussian,62.1,81.41347117013278
MOP_kg_ha,GLM_Gaussian,32.8,38.28738496279127
MOP_kg_ha,GLM_Gaussian,31.4,17.007916911978445
MOP_kg_ha,GLM_Gaussian,71.6,73.80566068513959
MOP_kg_ha,GLM_Gaussian,34.7,16.502345210531207
MOP_kg_ha,GLM_Gaussian,35.3,44.701300142063914
MOP_kg_ha,GLM_Gaussian,34.8,45.93390451468447
MOP_kg_ha,GLM_Gaussian,32.5,39.678201885566075
MOP_kg_ha,GLM_Gaussian,33.8,46.02392033303652
MOP_kg_ha,GLM_Gaussian,32.9,39.082294943589005
MOP_kg_ha,GLM_Gaussian,67.9,68.60698480767562
MOP_kg_ha,GLM_Gaussian,63,68.78255904839598
MOP_kg_ha,GLM_Gaussian,33.5,50.55116818777217
MOP_kg_ha,GLM_Gaussian,33.4,37.33601419564649
MOP_kg_ha,GLM_Gaussian,31,23.974041474748145
MOP_kg_ha,GLM_Gaussian,67.4,70.92525267272534
MOP_kg_ha,GLM_Gaussian,64.3,54.97221665448731
MOP_kg_ha,GLM_Gaussian,92.6,83.07732507035962
MOP_kg_ha,GLM_Gaussian,35.3,51.05643229224884
MOP_kg_ha,GLM_Gaussian,67.9,80.23137692933165
MOP_kg_ha,GLM_Gaussian,66.1,60.61083759824334
MOP_kg_ha,GLM_Gaussian,62.1,70.66390189710211
MOP_kg_ha,GLM_Gaussian,34.4,36.07224311764755
MOP_kg_ha,GLM_Gaussian,98.3,87.0142048183367
MOP_kg_ha,GLM_Gaussian,71.6,79.71395910119594
MOP_kg_ha,GLM_Gaussian,68.6,53.267592616769896
MOP_kg_ha,GLM_Gaussian,68.7,72.17683518632809
MOP_kg_ha,GLM_Gaussian,32.9,18.265184879970278
MOP_kg_ha,GLM_Gaussian,106.5,85.34836768525412
MOP_kg_ha,GLM_Gaussian,66.5,64.37567214653514
MOP_kg_ha,GLM_Gaussian,69.9,75.02533219110731
MOP_kg_ha,GLM_Gaussian,68.5,78.51633866992773
MOP_kg_ha,GLM_Gaussian,70.1,65.20042999501078
MOP_kg_ha,GLM_Gaussian,65.9,68.28522886155162
MOP_kg_ha,GLM_Gaussian,64.9,57.98986907625471
MOP_kg_ha,GLM_Gaussian,34.8,23.206339566208953
MOP_kg_ha,GLM_Gaussian,62.6,76.26941545188573
MOP_kg_ha,GLM_Gaussian,31.9,17.370834439284774
MOP_kg_ha,GLM_Gaussian,31.1,48.728848140041535
MOP_kg_ha,GLM_Gaussian,70.6,79.20295545635031
MOP_kg_ha,GLM_Gaussian,33.8,47.376153305916105
MOP_kg_ha,GLM_Gaussian,63.3,64.12032758535113
MOP_kg_ha,GLM_Gaussian,32.1,39.85083456297318
MOP_kg_ha,GLM_Gaussian,66.2,72.73394682154883
MOP_kg_ha,GLM_Gaussian,65,80.95826134610748
MOP_kg_ha,GLM_Gaussian,64.3,74.88177386876505
MOP_kg_ha,GLM_Gaussian,31.4,27.793456065368513
MOP_kg_ha,GLM_Gaussian,32.1,44.63244206943515
MOP_kg_ha,GLM_Gaussian,99.7,81.90075608442883
MOP_kg_ha,GLM_Gaussian,34.8,37.94008491685314
MOP_kg_ha,GLM_Gaussian,99.2,96.99998691324758
MOP_kg_ha,GLM_Gaussian,68.1,65.35092817711416
MOP_kg_ha,GLM_Gaussian,63.4,61.937188550136064
MOP_kg_ha,GLM_Gaussian,33.2,24.699540991102374
MOP_kg_ha,GLM_Gaussian,69.6,78.41870742824817
MOP_kg_ha,GLM_Gaussian,32,39.803919978312216
MOP_kg_ha,GLM_Gaussian,93.2,93.436361901157
MOP_kg_ha,GLM_Gaussian,67.8,72.61360277794601
MOP_kg_ha,GLM_Gaussian,63.2,81.5278801110936
MOP_kg_ha,GLM_Gaussian,65.4,56.4765119588551
MOP_kg_ha,GLM_Gaussian,69.6,70.2072370119454
MOP_kg_ha,GLM_Gaussian,62.2,81.71252334601247
MOP_kg_ha,GLM_Gaussian,31.8,39.78697500169068
MOP_kg_ha,GLM_Gaussian,31.2,35.82209337682765
MOP_kg_ha,GLM_Gaussian,65.1,62.335097348824014
MOP_kg_ha,GLM_Gaussian,65.2,52.953833455729395
MOP_kg_ha,GLM_Gaussian,102.9,86.67224262641066
MOP_kg_ha,GLM_Gaussian,34.1,41.100360344850735
MOP_kg_ha,GLM_Gaussian,97.6,82.78719661698943
MOP_kg_ha,GLM_Gaussian,33.8,36.632003161382926
MOP_kg_ha,GLM_Gaussian,68.6,53.30044225754653
MOP_kg_ha,GLM_Gaussian,35.1,44.22583893834759
MOP_kg_ha,GLM_Gaussian,103,86.727197917961007
MOP_kg_ha,GLM_Gaussian,70.1,73.46905654988137
MOP_kg_ha,GLM_Gaussian,33.4,35.51031512724864
MOP_kg_ha,GLM_Gaussian,32,50.230497333831565
MOP_kg_ha,GLM_Gaussian,31.6,44.7299405963221
MOP_kg_ha,GLM_Gaussian,67.5,66.64224912397906
MOP_kg_ha,GLM_Gaussian,69.4,78.92367612366135
MOP_kg_ha,GLM_Gaussian,67,80.53465816012039
MOP_kg_ha,GLM_Gaussian,70.4,78.13574419384591
MOP_kg_ha,GLM_Gaussian,64.9,79.85493670040832
MOP_kg_ha,GLM_Gaussian,34.7,41.2682838623463
MOP_kg_ha,GLM_Gaussian,31.8,44.49452539913928
MOP_kg_ha,GLM_Gaussian,105.9,94.13532373451109
MOP_kg_ha,GLM_Gaussian,71.7,67.83000660785468
MOP_kg_ha,GLM_Gaussian,31.5,44.70956524767786
MOP_kg_ha,GLM_Gaussian,96.2,89.25755315998863
MOP_kg_ha,GLM_Gaussian,32.8,27.44600376404136
MOP_kg_ha,GLM_Gaussian,33.7,42.46991358997708
MOP_kg_ha,GLM_Gaussian,97.6,91.84353514413353
MOP_kg_ha,GLM_Gaussian,97.7,87.46449778053017
MOP_kg_ha,GLM_Gaussian,34.9,50.93248136972175
MOP_kg_ha,GLM_Gaussian,99,94.54933729527085
MOP_kg_ha,GLM_Gaussian,34.6,45.52434191908759
MOP_kg_ha,GLM_Gaussian,63.1,51.90678075395069
MOP_kg_ha,GLM_Gaussian,33.9,27.459331692304552
MOP_kg_ha,GLM_Gaussian,32.7,39.06570777723719
MOP_kg_ha,GLM_Gaussian,33.4,44.88713713834493
MOP_kg_ha,GLM_Gaussian,63.9,73.8498797980126
MOP_kg_ha,GLM_Gaussian,71.5,67.20562313771117
MOP_kg_ha,GLM_Gaussian,65.2,70.55274024852586
MOP_kg_ha,GLM_Gaussian,34,29.951251603599957
MOP_kg_ha,GLM_Gaussian,71.2,61.23139288199572
MOP_kg_ha,GLM_Gaussian,35.6,14.195262581189214
MOP_kg_ha,GLM_Gaussian,62,73.33667064396298
MOP_kg_ha,GLM_Gaussian,63,70.62622373137202
MOP_kg_ha,GLM_Gaussian,33.8,32.909313369255976
MOP_kg_ha,GLM_Gaussian,63.8,79.18696658949773
MOP_kg_ha,GLM_Gaussian,63.4,62.72285079468285
MOP_kg_ha,GLM_Gaussian,66.9,61.282742917203606
MOP_kg_ha,GLM_Gaussian,102.9,89.37507333757559
MOP_kg_ha,GLM_Gaussian,68.8,62.614108669450715
MOP_kg_ha,GLM_Gaussian,63.6,60.467260345832315
MOP_kg_ha,GLM_Gaussian,67.3,78.94077960830894
MOP_kg_ha,GLM_Gaussian,34,40.003844844433495
MOP_kg_ha,GLM_Gaussian,67.4,83.80557471495405
MOP_kg_ha,GLM_Gaussian,64.1,66.41854736142616
MOP_kg_ha,GLM_Gaussian,64.2,66.55258970780903
MOP_kg_ha,GLM_Gaussian,64.1,81.54351409082989
MOP_kg_ha,GLM_Gaussian,99.2,87.94561094366357
MOP_kg_ha,GLM_Gaussian,100,85.63382766179959
MOP_kg_ha,GLM_Gaussian,34.7,29.268359816441933
MOP_kg_ha,GLM_Gaussian,31,49.72160432825618
MOP_kg_ha,GLM_Gaussian,68.3,68.86529312564677
MOP_kg_ha,GLM_Gaussian,105.5,83.38672966659513
MOP_kg_ha,GLM_Gaussian,31.1,14.812046444907796
MOP_kg_ha,GLM_Gaussian,69.2,54.85514716117243
MOP_kg_ha,GLM_Gaussian,65,82.02257863928364
MOP_kg_ha,GLM_Gaussian,68.5,82.62327001269271
MOP_kg_ha,GLM_Gaussian,67.7,74.56527408408652
MOP_kg_ha,GLM_Gaussian,34.2,38.28803683357571
MOP_kg_ha,GLM_Gaussian,105.4,97.85541321463774
MOP_kg_ha,GLM_Gaussian,32.4,15.541124474168265
MOP_kg_ha,GLM_Gaussian,32,42.987989579266674
MOP_kg_ha,GLM_Gaussian,63.5,65.72912566700857
MOP_kg_ha,GLM_Gaussian,101,95.92773437575592
MOP_kg_ha,GLM_Gaussian,32.5,32.583343819350056
MOP_kg_ha,GLM_Gaussian,33.3,48.390526397587344
MOP_kg_ha,GLM_Gaussian,65.6,75.23156126916106
MOP_kg_ha,GLM_Gaussian,34.9,16.408012389459223
MOP_kg_ha,GLM_Gaussian,64,80.13185437302943
MOP_kg_ha,GLM_Gaussian,31.7,27.920654321648573
MOP_kg_ha,GLM_Gaussian,62.4,52.8884137725262
MOP_kg_ha,GLM_Gaussian,63.8,80.43298365676657
MOP_kg_ha,GLM_Gaussian,32.2,39.28050340639379
MOP_kg_ha,GLM_Gaussian,65.9,56.36957613499396
MOP_kg_ha,GLM_Gaussian,66.4,59.50444132036603
MOP_kg_ha,GLM_Gaussian,70.6,74.39279388229501
MOP_kg_ha,GLM_Gaussian,69.9,68.14523661181508
MOP_kg_ha,GLM_Gaussian,34.3,48.746246620429794
MOP_kg_ha,GLM_Gaussian,68,64.52929031128069
MOP_kg_ha,GLM_Gaussian,63.2,68.52342345022848
MOP_kg_ha,GLM_Gaussian,32.1,51.59844533838776
MOP_kg_ha,GLM_Gaussian,34,17.134377502724043
MOP_kg_ha,GLM_Gaussian,98,95.29051914160988
MOP_kg_ha,GLM_Gaussian,69.2,66.24579616525824
MOP_kg_ha,GLM_Gaussian,71.3,77.02151214745763
MOP_kg_ha,GLM_Gaussian,32.5,29.336276704939923
MOP_kg_ha,GLM_Gaussian,31.5,44.94902914488659
MOP_kg_ha,GLM_Gaussian,30.9,16.128811501936138
MOP_kg_ha,GLM_Gaussian,65.5,81.42906890043149
MOP_kg_ha,GLM_Gaussian,35.5,45.93530393819706
MOP_kg_ha,GLM_Gaussian,65.6,67.67287931589475
MOP_kg_ha,GLM_Gaussian,63,60.020621796565344
MOP_kg_ha,GLM_Gaussian,104.4,83.03858982675908
MOP_kg_ha,GLM_Gaussian,34.5,43.1601796182618
MOP_kg_ha,GLM_Gaussian,31.6,39.30782998645313
MOP_kg_ha,GLM_Gaussian,64.4,51.5549353499677
MOP_kg_ha,GLM_Gaussian,70.4,56.30821772458334
MOP_kg_ha,GLM_Gaussian,34.4,35.60401481572051
MOP_kg_ha,GLM_Gaussian,63.9,81.03184593127732
MOP_kg_ha,GLM_Gaussian,71.1,55.36421143925713
MOP_kg_ha,GLM_Gaussian,71.3,65.62764568541708
MOP_kg_ha,GLM_Gaussian,67.9,65.05182218140482
MOP_kg_ha,GLM_Gaussian,34.3,26.30133327091483
MOP_kg_ha,GLM_Gaussian,71.2,69.21071626855512
MOP_kg_ha,GLM_Gaussian,31.8,36.33922439658751
MOP_kg_ha,GLM_Gaussian,70.6,80.01672690675306
MOP_kg_ha,GLM_Gaussian,68.3,83.68057154743987
MOP_kg_ha,GLM_Gaussian,65.9,67.8454201106911
MOP_kg_ha,GLM_Gaussian,69.3,73.17091680645237
MOP_kg_ha,GLM_Gaussian,93.2,84.40679989698903
MOP_kg_ha,GLM_Gaussian,34.3,44.34382379228091
MOP_kg_ha,GLM_Gaussian,62.7,51.91676694139707
MOP_kg_ha,GLM_Gaussian,32.4,31.75568694345933
MOP_kg_ha,GLM_Gaussian,68.4,78.20720185656823
MOP_kg_ha,GLM_Gaussian,63.1,58.543630207955815
MOP_kg_ha,GLM_Gaussian,65.9,64.11870380155787
MOP_kg_ha,GLM_Gaussian,32.1,38.36546505683356
MOP_kg_ha,GLM_Gaussian,34.9,33.9496977476659
MOP_kg_ha,GLM_Gaussian,67.1,77.9185054450428
MOP_kg_ha,GLM_Gaussian,33.9,43.00231388357989
MOP_kg_ha,GLM_Gaussian,34.5,34.179136991578574
MOP_kg_ha,GLM_Gaussian,69.5,76.88803177637962
MOP_kg_ha,GLM_Gaussian,66.2,67.3136972245747
MOP_kg_ha,GLM_Gaussian,67.1,53.115851626958616
MOP_kg_ha,GLM_Gaussian,32.7,28.534486465337583
MOP_kg_ha,GLM_Gaussian,33.6,36.09260141968595
MOP_kg_ha,GLM_Gaussian,106.6,94.83905927050628
MOP_kg_ha,GLM_Gaussian,34.3,37.10929725400127
MOP_kg_ha,GLM_Gaussian,102.3,95.59021187068198
MOP_kg_ha,GLM_Gaussian,31.3,45.29009453141139
MOP_kg_ha,GLM_Gaussian,64.2,67.17226559838309
MOP_kg_ha,GLM_Gaussian,66.8,60.08107668627801
MOP_kg_ha,GLM_Gaussian,63.5,50.83180649775552
MOP_kg_ha,GLM_Gaussian,34.7,42.46239420540185
MOP_kg_ha,GLM_Gaussian,35,35.770106007696576
MOP_kg_ha,GLM_Gaussian,32.9,42.93853170483303
MOP_kg_ha,GLM_Gaussian,31.9,43.429286634778514
MOP_kg_ha,GLM_Gaussian,34.6,44.02234331647979
MOP_kg_ha,GLM_Gaussian,69.9,69.46739404306152
MOP_kg_ha,GLM_Gaussian,103,82.8101528237962
MOP_kg_ha,GLM_Gaussian,69.9,65.01786077776141
MOP_kg_ha,GLM_Gaussian,67.7,54.88621422976168
MOP_kg_ha,GLM_Gaussian,64.1,69.56502094556843
MOP_kg_ha,GLM_Gaussian,66,75.41022859194443
MOP_kg_ha,GLM_Gaussian,68,70.86911469678789
MOP_kg_ha,GLM_Gaussian,31,37.98046945503725
MOP_kg_ha,GLM_Gaussian,31.9,48.614410834476665
MOP_kg_ha,GLM_Gaussian,97.6,94.65322706840612
MOP_kg_ha,GLM_Gaussian,33.6,31.467117210197458
MOP_kg_ha,GLM_Gaussian,64.4,68.13565611735525
MOP_kg_ha,GLM_Gaussian,61.9,77.12871283028664
MOP_kg_ha,GLM_Gaussian,34.3,49.32273070586138
MOP_kg_ha,GLM_Gaussian,99.6,85.00919801556111
MOP_kg_ha,GLM_Gaussian,35.1,37.677822847131
MOP_kg_ha,GLM_Gaussian,95,91.37666022721977
MOP_kg_ha,GLM_Gaussian,64.2,55.781937664033975
MOP_kg_ha,GLM_Gaussian,31.5,39.736718424690345
MOP_kg_ha,GLM_Gaussian,94.1,89.6467005671561
MOP_kg_ha,GLM_Gaussian,61.7,81.85945594235336
MOP_kg_ha,GLM_Gaussian,68.7,73.40519970044996
MOP_kg_ha,GLM_Gaussian,68.8,60.726404078093
MOP_kg_ha,GLM_Gaussian,68.2,79.5980965984227
MOP_kg_ha,GLM_Gaussian,31,41.23007518548638
MOP_kg_ha,GLM_Gaussian,65,71.15054001144537
MOP_kg_ha,GLM_Gaussian,70.4,54.39852478091442
MOP_kg_ha,GLM_Gaussian,31.7,39.047530648034446
MOP_kg_ha,GLM_Gaussian,71.3,69.46880300800838
MOP_kg_ha,GLM_Gaussian,63.2,83.23454024959685
MOP_kg_ha,GLM_Gaussian,65,81.25714924011064
MOP_kg_ha,GLM_Gaussian,70.2,80.29707194380006
MOP_kg_ha,GLM_Gaussian,35.3,36.04931129526868
MOP_kg_ha,GLM_Gaussian,95.3,97.41256942486027
MOP_kg_ha,GLM_Gaussian,67.2,70.02390049648234
MOP_kg_ha,GLM_Gaussian,62,56.90377889723582
MOP_kg_ha,GLM_Gaussian,105.7,82.03791756669777
MOP_kg_ha,GLM_Gaussian,33.3,28.696236177736026
MOP_kg_ha,GLM_Gaussian,31.4,23.38203400122147
MOP_kg_ha,GLM_Gaussian,68.2,63.74078244142804
MOP_kg_ha,GLM_Gaussian,35.7,43.12790079651724
MOP_kg_ha,GLM_Gaussian,35,29.526664486288418
MOP_kg_ha,GLM_Gaussian,99.3,90.03600508595332
MOP_kg_ha,GLM_Gaussian,35.6,48.41902716662087
MOP_kg_ha,GLM_Gaussian,67.3,63.36264417943199
MOP_kg_ha,GLM_Gaussian,31.2,38.54472872804108
MOP_kg_ha,GLM_Gaussian,32.3,35.59505393964401
MOP_kg_ha,GLM_Gaussian,104.1,88.94993840481396
MOP_kg_ha,GLM_Gaussian,33.4,43.08847667236425
MOP_kg_ha,GLM_Gaussian,30.9,45.98059894817544
MOP_kg_ha,GLM_Gaussian,71.4,71.0626034660524
MOP_kg_ha,GLM_Gaussian,71.7,80.79226225231488
MOP_kg_ha,GLM_Gaussian,65.7,63.53053900838041
MOP_kg_ha,GLM_Gaussian,62.5,66.30054740192548
MOP_kg_ha,GLM_Gaussian,101.3,83.3766223395952
MOP_kg_ha,GLM_Gaussian,65.2,52.080215567790994
MOP_kg_ha,GLM_Gaussian,70.9,63.68281322658281
MOP_kg_ha,GLM_Gaussian,68.9,71.18403652768716
MOP_kg_ha,GLM_Gaussian,62.6,71.8257947249846
MOP_kg_ha,GLM_Gaussian,63.1,79.82521622120385
MOP_kg_ha,GLM_Gaussian,70.5,74.5008856507978
MOP_kg_ha,GLM_Gaussian,34.9,32.918364515292275
MOP_kg_ha,GLM_Gaussian,33.5,44.78945934851437
MOP_kg_ha,GLM_Gaussian,96,86.51938653514027
MOP_kg_ha,GLM_Gaussian,68.9,65.8136682874409
MOP_kg_ha,GLM_Gaussian,68.9,55.425856175686285
MOP_kg_ha,GLM_Gaussian,63.2,69.55150919562384
MOP_kg_ha,GLM_Gaussian,65.7,60.87145678285238
MOP_kg_ha,GLM_Gaussian,31.9,39.64174183233451
MOP_kg_ha,GLM_Gaussian,31.2,38.25138304548836
MOP_kg_ha,GLM_Gaussian,31.1,23.941620256907193
MOP_kg_ha,GLM_Gaussian,65.6,75.77754501774591
MOP_kg_ha,GLM_Gaussian,32.8,43.00348135655733
MOP_kg_ha,GLM_Gaussian,62,74.99914927379308
MOP_kg_ha,GLM_Gaussian,33.4,41.43048771689145
MOP_kg_ha,GLM_Gaussian,34.7,20.55787049386734
MOP_kg_ha,GLM_Gaussian,34,35.047235573925384
MOP_kg_ha,GLM_Gaussian,35.2,28.034928023208167
MOP_kg_ha,GLM_Gaussian,102.9,96.53244270049606
MOP_kg_ha,GLM_Gaussian,106,88.51808449976288
MOP_kg_ha,GLM_Gaussian,34.9,37.73306482222485
MOP_kg_ha,GLM_Gaussian,34.7,31.991992170379042
MOP_kg_ha,GLM_Gaussian,65.3,70.20775590875185
MOP_kg_ha,GLM_Gaussian,35,47.926354614624216
MOP_kg_ha,GLM_Gaussian,33.7,39.7026955546246
MOP_kg_ha,GLM_Gaussian,35.2,46.35307645360461
MOP_kg_ha,GLM_Gaussian,71.5,58.113890707339955
MOP_kg_ha,GLM_Gaussian,31.3,39.789422388341976
MOP_kg_ha,GLM_Gaussian,33.5,36.12294067675923
MOP_kg_ha,GLM_Gaussian,93.2,83.71759514409011
MOP_kg_ha,GLM_Gaussian,65.8,76.5949402239711
MOP_kg_ha,GLM_Gaussian,66.5,78.47954421553119
MOP_kg_ha,GLM_Gaussian,32.3,38.64828918686586
MOP_kg_ha,GLM_Gaussian,62.1,72.2378370290371
MOP_kg_ha,GLM_Gaussian,68.7,58.41582253732869
MOP_kg_ha,GLM_Gaussian,97.3,86.69396201336491
MOP_kg_ha,GLM_Gaussian,33.5,40.016536706380485
MOP_kg_ha,GLM_Gaussian,68.6,58.350613006618026
MOP_kg_ha,GLM_Gaussian,67.2,81.15016644288089
MOP_kg_ha,GLM_Gaussian,32.6,32.10125596028111
MOP_kg_ha,GLM_Gaussian,64.5,71.98262455583847
MOP_kg_ha,GLM_Gaussian,33.6,37.571121545589435
MOP_kg_ha,GLM_Gaussian,68.8,61.90919687878969
MOP_kg_ha,GLM_Gaussian,68.8,81.99090628884562
MOP_kg_ha,GLM_Gaussian,31.1,22.66106796570885
MOP_kg_ha,GLM_Gaussian,32.7,39.56632182355187
MOP_kg_ha,GLM_Gaussian,31.8,43.62595834653453
MOP_kg_ha,GLM_Gaussian,34.2,43.391147979720394
MOP_kg_ha,GLM_Gaussian,68.2,74.09440676818332
MOP_kg_ha,GLM_Gaussian,98.7,90.13554616352941
MOP_kg_ha,GLM_Gaussian,94.7,96.35135032001918
MOP_kg_ha,GLM_Gaussian,32.3,29.165500032714306
MOP_kg_ha,GLM_Gaussian,64.9,60.97724492554219
MOP_kg_ha,GLM_Gaussian,97.3,85.7031242495981
MOP_kg_ha,GLM_Gaussian,32.4,16.033666601484473
MOP_kg_ha,GLM_Gaussian,31.5,34.70183297257128
MOP_kg_ha,GLM_Gaussian,62.4,81.08849656899979
MOP_kg_ha,GLM_Gaussian,64.5,71.61596629439931
MOP_kg_ha,GLM_Gaussian,31,25.029921782887847
MOP_kg_ha,GLM_Gaussian,34.9,52.42287284114988
MOP_kg_ha,GLM_Gaussian,69.8,52.96401218042367
MOP_kg_ha,GLM_Gaussian,33.3,33.156280907252814
MOP_kg_ha,GLM_Gaussian,32.9,21.67746882098854
MOP_kg_ha,GLM_Gaussian,31.9,46.1080865508756
MOP_kg_ha,GLM_Gaussian,97.9,91.94599665004152
MOP_kg_ha,GLM_Gaussian,104.9,94.33339523324689
MOP_kg_ha,GLM_Gaussian,66.7,51.2196642999605
MOP_kg_ha,GLM_Gaussian,62.6,78.22297977530486
MOP_kg_ha,GLM_Gaussian,62.7,56.13398550407719
MOP_kg_ha,GLM_Gaussian,35.1,27.670729880830425
MOP_kg_ha,GLM_Gaussian,34,22.534826711767376
MOP_kg_ha,GLM_Gaussian,31.2,33.57287898781389
MOP_kg_ha,GLM_Gaussian,33.9,14.413582312415807
MOP_kg_ha,GLM_Gaussian,68.9,65.129800035191
MOP_kg_ha,GLM_Gaussian,31.5,19.77379358032223
MOP_kg_ha,GLM_Gaussian,31.6,18.621532067633
MOP_kg_ha,GLM_Gaussian,34.4,42.193009100635464
MOP_kg_ha,GLM_Gaussian,104.1,97.02305647400476
MOP_kg_ha,GLM_Gaussian,104.5,83.88467717181913
MOP_kg_ha,GLM_Gaussian,70.3,74.52194802219678
MOP_kg_ha,GLM_Gaussian,31.3,34.37134520241949
MOP_kg_ha,GLM_Gaussian,104.8,84.6152761280195
MOP_kg_ha,GLM_Gaussian,69.1,53.19589386463728
MOP_kg_ha,GLM_Gaussian,71.5,57.5870857932099
MOP_kg_ha,GLM_Gaussian,31.9,39.686261127001764
MOP_kg_ha,GLM_Gaussian,63.6,82.53410228686963
MOP_kg_ha,GLM_Gaussian,35.4,14.006825869676291
MOP_kg_ha,GLM_Gaussian,32.1,40.939177310296905
MOP_kg_ha,GLM_Gaussian,64.4,64.48512783671607
MOP_kg_ha,GLM_Gaussian,33.7,40.49514905921307
MOP_kg_ha,GLM_Gaussian,71.2,82.86101861136736
MOP_kg_ha,GLM_Gaussian,67,71.82363766467702
MOP_kg_ha,GLM_Gaussian,64.8,74.17450267866049
MOP_kg_ha,GLM_Gaussian,32.3,16.257314507988205
MOP_kg_ha,GLM_Gaussian,66.3,81.1892146808706
MOP_kg_ha,GLM_Gaussian,64.8,53.27682296736252
MOP_kg_ha,GLM_Gaussian,63.9,55.41210864374769
MOP_kg_ha,GLM_Gaussian,31.4,19.747510217559025
MOP_kg_ha,GLM_Gaussian,35.2,49.984588028468075
MOP_kg_ha,GLM_Gaussian,97.9,95.32539284756623
MOP_kg_ha,GLM_Gaussian,33.8,35.198005827291865
MOP_kg_ha,GLM_Gaussian,102.6,89.44811967253992
MOP_kg_ha,GLM_Gaussian,103.4,88.57968167172349
MOP_kg_ha,GLM_Gaussian,69.9,59.66706048717913
MOP_kg_ha,GLM_Gaussian,31.3,50.81072568575526
MOP_kg_ha,GLM_Gaussian,103.4,86.31817241393843
MOP_kg_ha,GLM_Gaussian,64.3,64.33872487922318
MOP_kg_ha,GLM_Gaussian,93.5,94.40245246730233
MOP_kg_ha,GLM_Gaussian,71.6,74.82168848069928
MOP_kg_ha,GLM_Gaussian,34.1,36.089974660505206
MOP_kg_ha,GLM_Gaussian,34.7,43.756283331887474
MOP_kg_ha,GLM_Gaussian,35.3,48.254833549750096
MOP_kg_ha,GLM_Gaussian,62.9,60.470993794331015
MOP_kg_ha,GLM_Gaussian,33.5,52.467529566875896
MOP_kg_ha,GLM_Gaussian,31.9,48.5149827408801
MOP_kg_ha,GLM_Gaussian,68.5,78.37851330011507
MOP_kg_ha,GLM_Gaussian,71.3,53.659494838574105
MOP_kg_ha,GLM_Gaussian,66.7,73.17751361974095
MOP_kg_ha,GLM_Gaussian,32.2,22.83025511576437
MOP_kg_ha,GLM_Gaussian,106.8,82.50225352452122
MOP_kg_ha,GLM_Gaussian,94.6,98.09700598901577
MOP_kg_ha,GLM_Gaussian,63.6,55.91447988945808
MOP_kg_ha,GLM_Gaussian,65.8,80.04311835172834
MOP_kg_ha,GLM_Gaussian,69.5,72.64622570742466
MOP_kg_ha,GLM_Gaussian,33.2,37.74940109770526
MOP_kg_ha,GLM_Gaussian,33.7,43.007835166563254
MOP_kg_ha,GLM_Gaussian,61.8,60.57115822008439
MOP_kg_ha,GLM_Gaussian,97.2,96.72881290157346
MOP_kg_ha,GLM_Gaussian,62.1,81.10939131491324
MOP_kg_ha,GLM_Gaussian,32.9,37.3172714852961
MOP_kg_ha,GLM_Gaussian,62.3,66.36491021101504
MOP_kg_ha,GLM_Gaussian,98.5,93.10280757194315
MOP_kg_ha,GLM_Gaussian,97,83.64319819291728
MOP_kg_ha,GLM_Gaussian,67.1,54.766595270091095
MOP_kg_ha,GLM_Gaussian,70.6,74.547192677627
MOP_kg_ha,GLM_Gaussian,32.3,46.88999651503211
MOP_kg_ha,GLM_Gaussian,33.9,42.040128451861
MOP_kg_ha,GLM_Gaussian,71.3,55.63438000184811
MOP_kg_ha,GLM_Gaussian,64.5,57.71625539390045
MOP_kg_ha,GLM_Gaussian,33.6,38.48786811462925
MOP_kg_ha,GLM_Gaussian,65.5,75.5875333735589
MOP_kg_ha,GLM_Gaussian,64,72.39672292913598
MOP_kg_ha,GLM_Gaussian,70,60.006254080814124
MOP_kg_ha,GLM_Gaussian,70.6,60.43263697038383
MOP_kg_ha,GLM_Gaussian,65.8,53.75196689556768
MOP_kg_ha,GLM_Gaussian,33.8,49.47247373016746
MOP_kg_ha,GLM_Gaussian,67.6,54.8023172869019
MOP_kg_ha,GLM_Gaussian,106.1,98.8335603229445
MOP_kg_ha,GLM_Gaussian,33.2,37.50229112748834
MOP_kg_ha,GLM_Gaussian,64.6,59.561262550859944
MOP_kg_ha,GLM_Gaussian,98.9,83.08987938862226
MOP_kg_ha,GLM_Gaussian,64.8,53.220330215792345
MOP_kg_ha,GLM_Gaussian,66.3,60.17622363892563
MOP_kg_ha,GLM_Gaussian,65.2,61.29433308806615
MOP_kg_ha,GLM_Gaussian,104.7,82.18113200512258
MOP_kg_ha,GLM_Gaussian,34,42.887114664674776
MOP_kg_ha,GLM_Gaussian,70.9,84.30904276608368
MOP_kg_ha,GLM_Gaussian,33.1,50.51974067004429
MOP_kg_ha,GLM_Gaussian,33.8,52.603018316307306
MOP_kg_ha,GLM_Gaussian,32.5,31.52777613592224
MOP_kg_ha,GLM_Gaussian,69.3,70.47321723654153
MOP_kg_ha,GLM_Gaussian,31.4,27.857592258151875
MOP_kg_ha,GLM_Gaussian,31.3,46.97017510015433
MOP_kg_ha,GLM_Gaussian,33.4,45.603615217100575
MOP_kg_ha,GLM_Gaussian,31.9,51.360751081800345
MOP_kg_ha,GLM_Gaussian,95,90.88065487475114
MOP_kg_ha,GLM_Gaussian,102.5,81.76366097206422
MOP_kg_ha,GLM_Gaussian,103.2,84.64393033182951
MOP_kg_ha,GLM_Gaussian,32.4,35.83578264220505
MOP_kg_ha,GLM_Gaussian,71.5,54.132993406777196
MOP_kg_ha,GLM_Gaussian,64.9,59.868025652579725
MOP_kg_ha,GLM_Gaussian,34.4,42.49970005594123
MOP_kg_ha,GLM_Gaussian,67.2,74.41538491310253
MOP_kg_ha,GLM_Gaussian,34.5,22.56179292110802
MOP_kg_ha,GLM_Gaussian,101.8,83.57271124043142
MOP_kg_ha,GLM_Gaussian,104.8,95.3928070572437
MOP_kg_ha,GLM_Gaussian,33.1,44.98317239690977
MOP_kg_ha,GLM_Gaussian,34,45.3858458506692
MOP_kg_ha,GLM_Gaussian,105.3,84.2815804591156
MOP_kg_ha,GLM_Gaussian,71.3,64.63251051776987
MOP_kg_ha,GLM_Gaussian,67.4,74.69295542525987
MOP_kg_ha,GLM_Gaussian,31.6,24.155034706943496
MOP_kg_ha,GLM_Gaussian,65.9,64.29800362167711
MOP_kg_ha,GLM_Gaussian,35.3,12.453009309916796
MOP_kg_ha,GLM_Gaussian,31.9,13.271715919970612
MOP_kg_ha,GLM_Gaussian,98.1,83.31180268924417
MOP_kg_ha,GLM_Gaussian,32.3,44.751027264885984
MOP_kg_ha,GLM_Gaussian,67.5,58.949471331754566
MOP_kg_ha,GLM_Gaussian,66.9,65.15927480362015
MOP_kg_ha,GLM_Gaussian,66.7,74.90327481579016
MOP_kg_ha,GLM_Gaussian,66.1,76.39044732249782
MOP_kg_ha,GLM_Gaussian,64.8,76.34940112843667
MOP_kg_ha,GLM_Gaussian,62.4,56.30352654036155
MOP_kg_ha,GLM_Gaussian,70,75.86659615173909
MOP_kg_ha,GLM_Gaussian,100.7,90.08759030784923
MOP_kg_ha,GLM_Gaussian,95.2,86.88699961990957
MOP_kg_ha,GLM_Gaussian,62.9,67.91137826301633
MOP_kg_ha,GLM_Gaussian,32.3,41.81854512964242
MOP_kg_ha,GLM_Gaussian,67.3,75.521874869572
MOP_kg_ha,GLM_Gaussian,33.3,48.99700794321849
MOP_kg_ha,GLM_Gaussian,33.9,14.172552360739745
MOP_kg_ha,GLM_Gaussian,32.8,39.15434133301408
MOP_kg_ha,GLM_Gaussian,68,70.51053972107373
MOP_kg_ha,GLM_Gaussian,34.8,36.062122905519324
MOP_kg_ha,GLM_Gaussian,33.6,24.35140474378707
MOP_kg_ha,GLM_Gaussian,70.8,57.75203595779651
MOP_kg_ha,GLM_Gaussian,62.7,72.42149159743504
MOP_kg_ha,GLM_Gaussian,70.9,63.6437417048836
MOP_kg_ha,GLM_Gaussian,34.3,24.89562126763195
MOP_kg_ha,GLM_Gaussian,66,69.77458121451377
MOP_kg_ha,GLM_Gaussian,32.8,43.57994812454286
MOP_kg_ha,GLM_Gaussian,71.4,81.88073595624446
MOP_kg_ha,GLM_Gaussian,33.6,49.00547363404734
MOP_kg_ha,GLM_Gaussian,63.9,81.69734692409968
MOP_kg_ha,GLM_Gaussian,70,82.48163006442653
MOP_kg_ha,GLM_Gaussian,34.4,43.525467961910365
MOP_kg_ha,GLM_Gaussian,70,62.80863843981399
MOP_kg_ha,GLM_Gaussian,71.6,75.82562941014773
MOP_kg_ha,GLM_Gaussian,66.1,55.405416314913424
MOP_kg_ha,GLM_Gaussian,70.5,75.41460235761832
MOP_kg_ha,GLM_Gaussian,30.9,27.908822241629014
MOP_kg_ha,GLM_Gaussian,96.6,84.2252809096272
MOP_kg_ha,GLM_Gaussian,65.9,72.76683340347734
MOP_kg_ha,GLM_Gaussian,30.8,39.27054311891255
MOP_kg_ha,GLM_Gaussian,33.2,40.20124664083101
MOP_kg_ha,GLM_Gaussian,70.2,75.7428550075776
MOP_kg_ha,GLM_Gaussian,34.8,42.194114928663645
MOP_kg_ha,GLM_Gaussian,69.4,59.740645230497194
MOP_kg_ha,GLM_Gaussian,96.8,88.82199294189518
MOP_kg_ha,GLM_Gaussian,34.6,37.87571233861232
MOP_kg_ha,GLM_Gaussian,101.3,91.95976826554283
MOP_kg_ha,GLM_Gaussian,62.6,65.88152878530278
MOP_kg_ha,GLM_Gaussian,67.9,77.79412977555288
MOP_kg_ha,GLM_Gaussian,104,94.89402597715225
MOP_kg_ha,GLM_Gaussian,68,52.94178341385161
MOP_kg_ha,GLM_Gaussian,31.2,49.88294416854655
MOP_kg_ha,GLM_Gaussian,104.7,82.88887725207564
MOP_kg_ha,GLM_Gaussian,98.7,97.0193005361505
MOP_kg_ha,GLM_Gaussian,94.1,82.42082264712626
MOP_kg_ha,GLM_Gaussian,68.7,63.481664666370705
MOP_kg_ha,GLM_Gaussian,62,61.3780792246101
MOP_kg_ha,GLM_Gaussian,65.2,76.80950881953535
MOP_kg_ha,GLM_Gaussian,67.1,52.88748410631234
MOP_kg_ha,GLM_Gaussian,94.1,91.87710638146251
MOP_kg_ha,GLM_Gaussian,97.6,82.66679982421817
MOP_kg_ha,GLM_Gaussian,35.2,44.80370132945488
MOP_kg_ha,GLM_Gaussian,34.8,44.45985204385916
MOP_kg_ha,GLM_Gaussian,33.6,26.685507681008954
MOP_kg_ha,GLM_Gaussian,66.7,59.66628722419255
MOP_kg_ha,GLM_Gaussian,65.4,67.06342763329738
MOP_kg_ha,GLM_Gaussian,31.5,34.27432991685002
MOP_kg_ha,GLM_Gaussian,35.3,13.72015966115949
MOP_kg_ha,GLM_Gaussian,65,66.75882199733488
MOP_kg_ha,GLM_Gaussian,33.1,39.40112448062467
MOP_kg_ha,GLM_Gaussian,100.2,95.7588212039321
MOP_kg_ha,GLM_Gaussian,62.4,66.78910213146118
MOP_kg_ha,GLM_Gaussian,62.9,58.05544902060643
MOP_kg_ha,GLM_Gaussian,70.1,78.5822431736479
MOP_kg_ha,GLM_Gaussian,31.2,30.615889648437484
MOP_kg_ha,GLM_Gaussian,34.4,43.01398140571382
MOP_kg_ha,GLM_Gaussian,71.5,60.807834158444656
MOP_kg_ha,GLM_Gaussian,93.8,90.12981862710362
MOP_kg_ha,GLM_Gaussian,31.3,52.00333883956958
MOP_kg_ha,GLM_Gaussian,64.9,69.88669824348418
MOP_kg_ha,GLM_Gaussian,94.5,86.61353869760788
MOP_kg_ha,GLM_Gaussian,67.7,63.59226738424321
MOP_kg_ha,GLM_Gaussian,93.3,95.88617673855548
MOP_kg_ha,GLM_Gaussian,33.1,47.671895414441906
MOP_kg_ha,GLM_Gaussian,63.8,61.841447248496756
MOP_kg_ha,GLM_Gaussian,32.3,43.98770971055151
MOP_kg_ha,GLM_Gaussian,69.7,80.21317311200394
MOP_kg_ha,GLM_Gaussian,65.2,52.1549772731716
MOP_kg_ha,GLM_Gaussian,61.7,53.71420969724731
MOP_kg_ha,GLM_Gaussian,31.1,30.275611889995538
MOP_kg_ha,GLM_Gaussian,106.9,97.57903281127535
MOP_kg_ha,GLM_Gaussian,32.6,35.84694162587042
MOP_kg_ha,GLM_Gaussian,103.7,86.34026837857544
MOP_kg_ha,GLM_Gaussian,32.8,48.02975655636782
MOP_kg_ha,GLM_Gaussian,63.2,61.99473632068414
MOP_kg_ha,GLM_Gaussian,67.9,63.47056193178224
MOP_kg_ha,GLM_Gaussian,93.2,82.89014757044635
MOP_kg_ha,GLM_Gaussian,35.5,38.11866296919759
MOP_kg_ha,GLM_Gaussian,31.3,47.771139612996684
MOP_kg_ha,GLM_Gaussian,34.8,52.03209069550134
MOP_kg_ha,GLM_Gaussian,66,74.33095008987812
MOP_kg_ha,GLM_Gaussian,101,84.85049917439906
MOP_kg_ha,GLM_Gaussian,104.8,85.86395749335459
MOP_kg_ha,GLM_Gaussian,32.7,39.20530219411259
MOP_kg_ha,GLM_Gaussian,63.9,66.60073695808317
MOP_kg_ha,GLM_Gaussian,65.4,52.03573464708615
MOP_kg_ha,GLM_Gaussian,68.3,68.88530033995075
MOP_kg_ha,GLM_Gaussian,65.3,58.98372303574751
MOP_kg_ha,GLM_Gaussian,31.8,39.59822737059137
MOP_kg_ha,GLM_Gaussian,66,52.81438794217538
MOP_kg_ha,GLM_Gaussian,31.5,47.604613606197766
MOP_kg_ha,GLM_Gaussian,33.4,40.766754886302216
MOP_kg_ha,GLM_Gaussian,93.1,83.78408647959108
MOP_kg_ha,GLM_Gaussian,30.9,22.309168000164064
MOP_kg_ha,GLM_Gaussian,33.8,45.70564359905268
MOP_kg_ha,GLM_Gaussian,32.5,36.77960180724015
MOP_kg_ha,GLM_Gaussian,69.2,52.687160799341925
MOP_kg_ha,GLM_Gaussian,105.7,95.5132290517076
MOP_kg_ha,GLM_Gaussian,105.3,91.71192131889408
MOP_kg_ha,GLM_Gaussian,35.7,37.260451225557645
MOP_kg_ha,GLM_Gaussian,65.2,72.4105870970904
MOP_kg_ha,GLM_Gaussian,102.2,84.864099119988
MOP_kg_ha,GLM_Gaussian,64.8,69.16002554203726
MOP_kg_ha,GLM_Gaussian,34.3,37.81990453921978
MOP_kg_ha,GLM_Gaussian,32.4,16.552083335908524
MOP_kg_ha,GLM_Gaussian,104.8,83.49276264387306
MOP_kg_ha,GLM_Gaussian,69.4,54.17824964875428
MOP_kg_ha,GLM_Gaussian,33.2,31.702993466618484
MOP_kg_ha,GLM_Gaussian,102.4,88.63591932879903
MOP_kg_ha,GLM_Gaussian,99.9,88.30543448242528
MOP_kg_ha,GLM_Gaussian,65.6,53.50759121959559
MOP_kg_ha,GLM_Gaussian,32.5,26.98383449369148
MOP_kg_ha,GLM_Gaussian,68,60.915979288316095
MOP_kg_ha,GLM_Gaussian,69.7,54.60689760812173
MOP_kg_ha,GLM_Gaussian,67.8,79.84789197604434
MOP_kg_ha,GLM_Gaussian,31.6,18.70814443015746
MOP_kg_ha,GLM_Gaussian,64.6,77.31967853388407
MOP_kg_ha,GLM_Gaussian,33.9,35.28998752557935
MOP_kg_ha,GLM_Gaussian,35,33.3231787102793
MOP_kg_ha,GLM_Gaussian,31.1,45.18475201997838
MOP_kg_ha,GLM_Gaussian,103.8,85.11671730265057
MOP_kg_ha,GLM_Gaussian,68.7,51.90615572611143
MOP_kg_ha,GLM_Gaussian,34.9,40.97240014176359
MOP_kg_ha,GLM_Gaussian,70.9,77.3670205024691
MOP_kg_ha,GLM_Gaussian,34.9,41.533694405001526
MOP_kg_ha,GLM_Gaussian,96.5,83.20672831251876
MOP_kg_ha,GLM_Gaussian,65.1,61.81019442072629
MOP_kg_ha,GLM_Gaussian,31.8,34.65835347729424
MOP_kg_ha,GLM_Gaussian,64.2,70.65443891448511
MOP_kg_ha,GLM_Gaussian,103.3,92.52466634603142
MOP_kg_ha,GLM_Gaussian,70.1,71.5246201347043
MOP_kg_ha,GLM_Gaussian,70.1,55.397083687408255
MOP_kg_ha,GLM_Gaussian,63.1,64.46544041997495
MOP_kg_ha,GLM_Gaussian,94.6,90.22032983525325
MOP_kg_ha,GLM_Gaussian,63,82.97845615185571
MOP_kg_ha,GLM_Gaussian,34.8,33.093747713253954
MOP_kg_ha,GLM_Gaussian,71.6,75.68458030385636
MOP_kg_ha,GLM_Gaussian,65.1,54.510577650465606
MOP_kg_ha,GLM_Gaussian,66.4,69.73150638313093
MOP_kg_ha,GLM_Gaussian,66.6,56.920003983364715
MOP_kg_ha,GLM_Gaussian,33.9,20.880694221372664
MOP_kg_ha,GLM_Gaussian,65.7,52.47821537868709
MOP_kg_ha,GLM_Gaussian,35.8,29.783188529101025
MOP_kg_ha,GLM_Gaussian,32.1,47.741116910086305
MOP_kg_ha,GLM_Gaussian,63.6,68.24085486360872
MOP_kg_ha,GLM_Gaussian,33.9,26.254572560590045
MOP_kg_ha,GLM_Gaussian,62.9,80.71839344952757
MOP_kg_ha,GLM_Gaussian,33.3,29.037218062896237
MOP_kg_ha,GLM_Gaussian,34.5,33.290046247430695
MOP_kg_ha,GLM_Gaussian,66.7,67.36417333398398
MOP_kg_ha,GLM_Gaussian,31.9,41.779097679199694
MOP_kg_ha,GLM_Gaussian,65.7,61.66997596021376
MOP_kg_ha,GLM_Gaussian,98,91.71558486711443
MOP_kg_ha,GLM_Gaussian,32.1,37.814461486232126
MOP_kg_ha,GLM_Gaussian,97.4,86.96982699815186
MOP_kg_ha,GLM_Gaussian,103.1,94.7889587013349
MOP_kg_ha,GLM_Gaussian,35.7,35.10558101886559
MOP_kg_ha,GLM_Gaussian,35,51.52133886318554
MOP_kg_ha,GLM_Gaussian,30.9,41.47560887374604
MOP_kg_ha,GLM_Gaussian,63,55.971764188858394
MOP_kg_ha,GLM_Gaussian,65.3,55.01709655633717
MOP_kg_ha,GLM_Gaussian,69,57.58424671642277
MOP_kg_ha,GLM_Gaussian,97.6,95.25920537846157
MOP_kg_ha,GLM_Gaussian,31.3,34.76014363424422
MOP_kg_ha,GLM_Gaussian,64.5,79.46373591727186
MOP_kg_ha,GLM_Gaussian,34.1,33.74852142449195
MOP_kg_ha,GLM_Gaussian,100.4,84.04191030530492
MOP_kg_ha,GLM_Gaussian,69.1,52.46629206436833
MOP_kg_ha,GLM_Gaussian,99.1,98.41885538048821
MOP_kg_ha,GLM_Gaussian,92.6,93.87364314971786
MOP_kg_ha,GLM_Gaussian,102.8,87.16218283901135
MOP_kg_ha,GLM_Gaussian,63.9,60.30495256163843
MOP_kg_ha,GLM_Gaussian,61.8,65.74517087756328
MOP_kg_ha,GLM_Gaussian,62.7,69.9108673757494
MOP_kg_ha,GLM_Gaussian,32.6,36.56942759195233
MOP_kg_ha,GLM_Gaussian,65.6,58.08964407167551
MOP_kg_ha,GLM_Gaussian,62.6,70.09110011843998
MOP_kg_ha,GLM_Gaussian,62.9,55.67377451691042
MOP_kg_ha,GLM_Gaussian,71.2,66.80089160739593
MOP_kg_ha,GLM_Gaussian,64.3,59.86642538450809
