Observation,PC1,PC2,PC3,PC4,PC5,PC6,PC7
1,-1.7369558419704827,1.4582498850939352,0.8326712475000847,-0.2645466512220402,-0.8851719301723965,-0.10909011437457264,0.11006561377512182
2,2.377289025506417,-0.42168782436046237,0.7555541113754445,-1.278380802140752,0.1347920221226665,-0.059266489650233276,0.5512795720950698
3,2.3975934379729735,0.9335807077867702,-0.13283660490273358,0.6913894872703943,-0.06151372734792159,0.8390871829504769,0.5411693330487837
4,-1.1874790934119437,0.11783046175005488,1.407569859459293,-0.028111121291737304,0.9903334153826836,-0.17819730459849176,0.15267785358263447
5,-1.3183192218266813,1.307373520470318,-0.9615974996692666,1.44130523955197,0.5621136747028057,-0.34327272153624794,-0.14164157837789149
6,-0.9289802660019543,0.05709811468893656,-0.828125938048748,-1.1222258261918963,-1.1281978415134541,-0.5469859790953887,-0.6788395015606153
7,-0.9118809001836273,0.7814025767416417,-2.0661612664693783,0.4498694891446171,0.04223296315339865,0.09984633470827543,-0.33126351876165927
8,2.312410214500545,-0.34280716155012636,-0.7147250850213609,-0.21720526491539613,-0.25220578599882,-0.3055211664466843,0.48194065224248794
9,-1.0391003190171957,-0.4608580816391584,1.336958511679046,0.9895785975871467,0.8068701879796963,0.9069880599337711,0.43915111033551335
10,-0.6062129261316723,0.5343347158972401,-1.49478840457047,-0.5406941305576445,0.24522705523055835,-0.7954221094877024,-0.4035487606708162
11,-2.8553322453348775,0.2616988503230263,-0.31766077757788086,0.8466840865890021,-0.05592958298055148,0.6438005422175499,0.4847318084067644
12,-1.0741345567521339,0.5478580631105625,0.0759469292414182,0.5886025100960343,1.4194628649408738,0.2557825307151884,-0.5730359729675373
13,-0.707238128396223,0.43044936251627036,0.010570302961842115,0.9694271443001571,-0.5434865208886637,0.46477447902778324,0.2114683654917422
14,-1.9285129149990887,-1.8091743215204155,1.1141000480518508,-0.36949234790926316,-0.20869125631058616,0.9811345716593629,0.9054060803622492
15,-0.6971015997817744,-0.28848192838590264,1.454523911397204,-0.2868239082219643,-0.6600497239864266,1.1827021963345972,0.30406286262214965
16,2.5755419429138975,-0.7133116698420957,-0.9175338602419942,-0.18219841874435372,-0.11421452412380328,-0.6281587618292803,-0.6831486665482099
17,-1.3557020966886328,0.7822941626907534,-0.6954715973180003,-1.1060401066308014,0.014143487612351563,-1.3131501458161166,0.2234896342809294
18,-1.5779903138748137,0.13104825135056855,-0.17293219208544258,1.2369453919504834,-1.0390068726657555,-0.26091793704731825,-0.4898426754576828
19,-1.5396458217328473,-1.6427428535535908,1.4881479717413397,0.36941475772551907,-0.9202069191847528,-0.15318192300018862,0.3849051914537585
20,2.206095776284752,1.302972571194864,0.963077504659245,-0.3858611046651699,0.3484564799686822,-0.5141962439125598,-0.9894324915280541
21,1.1653779275430554,-1.462802972606434,-0.9781863283157001,0.4848551435006405,0.6314586816483241,0.2911603269311895,-0.16684310656807785
22,-2.6338654977665144,-0.494845390743446,-0.3049550978515591,0.05243231868114773,0.6142013829687449,-0.0727779926856065,0.07671385424828404
23,-1.045881878085742,-0.4933115550421538,0.24967224041164626,-1.2703594659708186,0.6324182441427589,-0.8968013983430377,0.11073595076870058
24,-2.0055583520728697,1.5707589787196325,0.4114239807450918,-0.9951876348574967,-1.5608171190066145,0.534104205274057,0.5650265490367384
25,2.14073679817157,-1.4633344661914371,0.6627817003549912,-0.354044256382226,0.3226855251188126,-0.7508549729146247,1.2375216588113236
26,1.140283938969106,0.8482550884484712,0.39178434221972774,0.33726037737898124,0.4258973078099375,0.8459069714777729,-0.48304385471942113
27,-0.7457308962032543,-1.6741252205893977,-1.0846897349607627,0.9810265023432228,1.4033722561747908,-0.007622888036481453,-0.9199359832342081
28,0.11576802701023729,0.12782274267935587,-0.09517814743949637,0.9714062211198894,0.33461445426573805,-0.2844181786186361,0.9491337829984627
29,3.2426802989026084,0.8829835271528276,0.8155199257999223,1.4644733305719764,0.5368499288886197,0.06655079918833297,-0.2665755384866561
30,-1.510323250883346,-1.8517092937780866,1.1937676889546027,1.0305667126786442,0.3179127132922575,1.4039535605159525,-0.8454425528773207
31,-2.7959528731091834,-1.4673528183768487,-1.0367608950971343,0.15257336717464262,-0.19238906366102726,0.14229652954739525,1.0396581962649953
32,-1.1796012218296412,-0.2408516184844988,1.3451423246654644,-0.40534510760299736,0.01623526173246743,-0.1806223165664128,-0.10714797637467639
33,2.1083610934573516,0.1562904264645077,-0.0514086939653152,0.47782012505140853,0.118901209518802,0.30652880066021937,-0.6001790393769879
34,-1.1622501999492927,0.2085102363305625,-2.629845785217004,0.3734786765730001,0.14466665159302766,0.7985707289567767,0.515708019735725
35,1.5972519580574938,0.5645810225383793,-0.6037994320591084,0.4520329259875182,-0.41438977050324927,0.29035463303457065,0.9025478347948751
36,-1.1210486753380662,0.5286163751924748,0.7810820659038054,-0.8947569842508589,-1.3506550104404618,-1.0891678782351637,0.33123484118706387
37,-1.7334419227965052,-1.223000591901985,1.084272074003403,-0.2995020924664631,0.3847093871951474,0.5338624481642715,-0.3353582099028363
38,-0.032955992282226204,1.263512935708066,-0.2970813060438151,-0.6982981399917678,0.49973363059767645,1.055854435901912,0.5349680632391651
39,3.255606917922072,1.024211484270941,0.2961870702579325,-0.16259834901829567,0.28549766336615107,-0.14400263996792015,-0.2508130678807167
40,-1.4519650544027274,0.06457682827735804,-0.5717580927197067,0.9248434672580209,0.3888144096092915,0.6077702183741419,-0.5921999163175992
41,-0.9700266801486804,0.5307149916985178,-0.8676004667741872,0.5058087638837786,1.5060090962661055,0.3877993367551038,-0.5202352028656719
42,-0.4991423870226928,1.4228196098708472,0.9489099483558893,1.1852143001458517,-1.5445206754761218,0.7080652718488599,-0.544652282322839
43,-1.915912014683849,-1.573584357682804,0.3794899225614793,-1.2225270213011352,0.8890194838132606,1.259081201208952,-0.16248684944580527
44,-1.4349439262927515,-1.6794877326965325,-1.3076613330220692,0.8772736680514813,0.2168823446641158,0.24004720756559275,-0.45569928668681925
45,-0.7397597059948327,0.7737058625674165,0.4905029649102955,-0.8562914426686723,0.23549911176119304,0.5420031919849383,-0.3761481238407828
46,-0.2431489746282774,0.8132803722107799,0.4388579861634186,-1.4052038885884306,-0.2711034950596917,-0.6471665892504341,0.7534535815433632
47,0.31687091257929645,-1.6597936931901864,0.8982126993017557,0.9534211294250667,0.016114894033007882,0.06576643205205412,-0.6569004599637697
48,1.6773152947825392,1.2211838944377407,-0.05662402527673879,-0.7862462143781928,0.4168183103508048,-0.05142049253453031,1.24880487110589
49,-0.21289750963248705,1.2370261108165814,0.34601359264090276,-0.04509274338718381,-0.19951509783272087,0.49417267558231637,-0.7760541465012233
50,3.1675494171649077,-1.1323248872894136,-0.9044128994124905,-1.5827617495242665,-0.5698268641658377,0.8974685163630958,0.4415507669227411
51,-0.8159118319449671,1.4383872255637695,-1.5627643113623093,-0.7784803922285327,-0.6627296398747323,0.7734069020658337,-0.07028234034079014
52,-2.1634628796480095,-1.1191472153717328,0.6300110086599204,-0.40815191260889033,-1.443559799295368,-0.10774711008104043,0.4184793268095027
53,-2.03537219255082,0.9495900189678969,0.08831464357301642,-0.03939587893156989,-0.3293093655781301,-1.056416115751411,0.39421486039935244
54,1.9408095899057356,-1.7363703892841367,0.3741560297589455,0.9492936573321354,0.824504840451063,-0.3113831837403095,-0.4928076779873364
55,-1.2702827611367622,-0.7663589950843481,-0.25354513871995954,-0.528277871220318,-0.6130831071801742,0.5930843082798951,-1.15554533163362
56,-1.804490687820741,-1.0970039212482474,0.22795200390498524,0.1923868767370727,-0.8480817422915587,-0.22418026293151674,-0.19870419878062862
57,-0.6565472121319177,-0.07100322552986867,-0.9346851186059036,1.283599358718306,0.24701564597557796,0.0679419342769478,-0.3794611928473679
58,-1.4140917378302207,1.0358094374502365,-1.8762935746897365,-0.7527912727872085,-0.044848807004812224,0.38087230342803935,-0.2602239640512155
59,2.8307149793613107,-1.5547001262897886,-0.13085238865844329,-0.5542411993007154,0.7837056204693749,-0.10846002351767552,0.46933811065722547
60,-1.3538385347268884,-0.7584623424753645,-0.32341234249046025,1.1375282573205143,-0.029856787325634404,-0.6843265727631023,0.8328591490298903
61,-2.2039816532978516,-0.1571585928018245,-0.03199283535446361,1.071325042652604,0.2503987457099482,0.3273773717530834,0.8969445847005625
62,-2.3655158495350546,-0.19936367190349435,0.4358939493983528,0.24422789745573698,0.5422523305478603,0.7702094820562692,-0.06299089496472222
63,-1.404675929531334,-0.6858081240233989,0.027484062908614458,-1.4194454567879422,0.9640897500338461,0.7872096653634509,-0.13822930216078924
64,-0.5588260146918576,0.11257296109038777,-2.453533548948972,-1.15141073801856,-0.3326337662349252,-0.8248273141102558,0.8680627857590186
65,-2.010464161893833,0.9520766062545916,0.7154170747826208,0.936349198501266,0.04857079244635053,0.7236774599783699,1.0324902539276193
66,1.6267751186292252,-0.3868319525968537,0.9682099515513137,-1.3829985051623448,-1.3447331509077984,0.07122167811533944,0.7853557896285743
67,-1.1712369239051794,0.7587361893906797,-0.7828637736563758,1.1700407665852601,1.1524988518574442,-0.8419977990624399,-0.5421810533632063
68,-0.05625410504299351,-0.3629830443191975,-2.9510154066486587,0.7238739082598251,0.844074512509001,-0.13822081184834287,-0.8360272599145883
69,-2.1831609063918322,1.6486259461720743,0.3043811540508058,0.45172614413745976,-0.8549183405311517,0.44279528739847185,0.6666381904557755
70,0.26730474634980605,-0.7414305152582803,-0.07729033622577752,-1.2596725215610876,0.08672232157740244,0.21457783260847912,0.44108836146026903
71,-1.0961236854215124,-0.388012734414803,1.5586918717169582,0.696885414120467,-0.14248463749906864,1.2454600572605095,0.010204590023965295
72,-0.024554971062902692,-0.20459087694246897,-0.9261086096580948,0.5322055638380805,0.6434626546495948,-0.013240741795978653,-0.7975232799129718
73,3.4071249657103664,-0.15366837241564413,-0.3327482826867814,0.6618970967498373,0.10651569419618892,-0.402301940966173,0.26720775201158453
74,1.1075762106001852,-0.49500645158908324,0.20034478608919815,-0.8961343398542889,-0.1700419043817533,0.31431440895125845,1.2850963538537614
75,-0.13082869423634427,0.9306822956646869,-1.2874551750322056,0.6367691250148989,-0.1870911001493747,0.21933609211698887,-0.1509450708421178
76,-0.24602543416050004,0.5615851440830174,0.16337167998028163,-0.8808791477317712,0.03303718460828941,0.05581744983727778,-0.579545779595581
77,1.5972066910400384,0.34172735326172965,-0.7508743996144361,-0.47254944734972565,-0.5604539739413953,-0.2855653671163138,-0.29257410086784025
78,-1.4849152395817944,-0.7662829362730855,1.120138020773589,1.2105284577247903,-0.5386684666490764,-1.270506461433193,-0.31198785759560604
79,-0.1930030339895709,0.02016299682833692,0.9230456857945626,-1.2164240902192613,-0.7623912000475251,0.058771834450110645,-0.6151204243394318
80,2.204586287600708,1.4859978875818256,0.34690642774626274,-0.49467271174854616,-0.18678675109464565,-1.1955167187560964,-0.5618891786910946
81,-2.920533793437883,1.4043464102127383,-0.3231035064292901,-0.8407607696996551,-0.21715477246126938,0.7164251480357949,0.8716353287276567
82,-1.331623548567903,1.4835333014868366,1.5981029825195678,0.5358214990898067,-0.5713615677933449,0.6433545184069193,0.17757765639521422
83,2.3547146001327564,-0.7115574248380895,0.45652366616080464,-0.8955573212910934,-0.4031690069671619,-0.5254639706213606,0.35006572582513323
84,2.356580378575264,0.25811073571666543,-0.07316969106894161,0.7094011743141586,0.24614989473249138,-1.0690161274771062,0.2913758964448185
85,-1.3458768863337878,0.8242995979864283,0.7184920512738654,-1.2914957824867417,0.10070727582856227,-1.4031504628544715,0.5972772615747681
86,3.191449981093528,-1.2742269704485412,0.6688356901633412,0.36116901687178915,-0.2592928685144226,-0.9242318958301342,1.0934746923064482
87,2.3971068549270087,-1.2685576757247319,-0.4123011505029255,-0.4722741829900485,-0.35624224472566346,-0.8666048729817839,0.5143873244305929
88,1.0770504921205495,0.48509985601877664,0.49046454487811836,-1.3903009676317932,0.29259223726313127,-1.1368962516109276,-0.293268101686838
89,2.646359111572563,0.1995094332970007,1.154226937530362,-1.8888293340470101,0.15663738649168057,-0.450661040093575,-0.47540366982212134
90,-1.672894423037401,0.477376249374323,-0.5091104205725232,0.8893743983060393,0.9583464156024135,-1.3575007898564222,-0.30041572017179324
91,1.5702095812527985,1.3363431515953017,-0.2320840507197365,0.46729233604275233,0.40951104407760924,0.6943929865844397,0.08618530349709973
92,-1.787378884759959,0.6170831391226735,-1.0712492360055128,-0.37497107660817325,-0.7743860324768346,1.0834047366801358,-0.29025509873058025
93,1.4100762342048272,0.23316844695935252,-0.2791965631299316,-0.2320206774298947,-0.11138733619552418,0.1809955230123409,-0.8833207931633056
94,-0.1493095620053952,0.9172127130826023,1.4878642223440988,-0.3545639434843933,0.6354959497912557,-0.34423055592093277,0.16617524376819384
95,0.22005775656417126,1.1425623366250033,1.3362983444244805,-0.4226741901873393,0.0409489290249235,0.34064512451987217,-0.2309836878471704
96,-1.2687748950912896,1.4667268380885499,-0.21609328157256896,-0.461940710662481,-0.1124317167758691,1.0072409747255424,-0.8935109100455917
97,2.218265798157277,0.08342139207387834,-0.23746506617333188,-0.12544613473196156,0.5522098625924233,0.6369226539687566,-0.6649032664638369
98,-2.3664409918981426,-1.2772686206220318,0.40848530306871295,-1.163799078271847,0.12332628834126108,1.088008540725553,0.5748106817692406
99,-0.7898100324822038,-0.29185275516121795,0.7918574096589966,-1.1025400970563353,0.24214268140048353,1.290444633902486,-0.04531484723496259
100,1.4722944878572048,-0.5067910247186858,-0.7217315920369641,-0.9746995513449248,-0.03342572665284227,0.5942734140274168,-1.0502479365070307
101,1.5453216441136328,1.5006950897755458,-0.7904013189341513,0.32762306647614237,0.8479450807959271,-0.912668636008818,-0.04601362214391664
102,1.3481518662152454,0.9865606770280669,-0.5300262209941831,-0.8548753233719296,-0.3791450372567453,-1.3868687951436947,-0.7244157629484766
103,-1.269746279887165,0.2944618846638829,-1.1261475715120635,-0.1555943695666766,0.07111702034307488,-1.0803630414246403,-0.6614363313350294
104,1.6992464102267162,-0.055308907168858154,1.1099396976868803,-1.4242546764102328,1.1003734331589967,-0.567873928508332,0.38855585045692764
105,1.546766426013007,1.3339695440445387,0.12253980732978963,-0.5481423203585581,0.8452565176093184,-0.20542956522797268,-0.4718240650135049
106,0.06031850390986835,1.203871742223185,-0.9185125471100334,0.6755521130846917,-0.29589161534959185,-1.1255289817962593,-0.6582452204703642
107,-0.5235030670499407,-1.155527505833748,0.4861386108651655,0.8501318834384902,0.10195788486564086,0.2325810915955738,1.366812437996332
108,3.3800841334445066,1.401596143764531,-0.18367039944343067,-1.6641056158267669,0.21180391463326004,0.1544620834097101,0.2232755225491355
109,1.063580623046544,-1.1641858175415702,-0.43447342847287773,-0.23273789532566247,-1.1661928044951442,-0.08225013491353865,-0.38297901005127977
110,-0.3817685685018361,0.5147796108689574,0.1418230569834639,-1.196309016986264,1.1022379873188304,0.5686124052728433,0.3272956916378798
111,2.4607029504284075,0.7502780623136086,0.9209347690245432,-1.8852498340209014,0.1714741569387514,-0.5523090563717733,-0.7707706296926147
112,0.09747666968944922,0.2262058921074445,1.4768721698713243,1.1355063164743384,-0.9060166767800902,0.844445731251801,-0.3646067958936731
113,3.33048037999469,-0.6003426577058253,0.5623658830990053,0.6662063419994166,-1.1251515171329094,0.5300063268421787,0.8952786330530389
114,-0.8954672398124184,1.8454164750651865,-1.3931185824290004,-0.5210244133901757,-0.7878438440860295,-0.38809248787228806,-0.14190155291853326
115,-1.8863592503890243,1.2299216717724102,0.47386768272373103,1.6079146202855037,-1.1315218961176137,0.25545554504136664,0.16842606727652562
116,-0.7518656443657766,0.8058368936045851,-2.1968768702117822,-0.2819061103705424,-0.25394345472939794,0.6397829810760961,0.5371642747727609
117,-0.6900341634720303,0.5775605439175131,-0.5374845861928904,0.8492368262213976,-1.1902143464822486,-1.0516229034206854,0.14061318206992882
118,-2.46708049356577,1.0910875643178666,0.4276740401813652,-0.8674515216210776,0.3159203250066231,1.056109473405645,0.6340336900993128
119,-1.5338478512883968,1.0017685002082313,0.014317379783196216,-1.0480747158049417,0.9765764514375407,-0.20439678429407554,-0.789688256219094
120,-1.4175149635418005,-1.746771357899795,0.33475960477495575,0.3843007430938823,0.5315971819120221,1.1582927411171924,0.02409259789335909
121,-0.746930181353763,1.8457258417794398,-2.45583486689136,0.4129675856986065,-0.1490991942410042,-0.41779938561474833,-0.18515871278048507
122,-0.31268568739274705,0.45045737904799193,1.249193064907247,-0.31672649074486814,-0.8001138282009173,0.09939423198287105,-0.5981831598048905
123,-1.8311850093085162,-0.5588136118211964,0.9672594590367614,-0.29730059433878564,0.7743350828494249,-0.35845441606698,0.9190051768135367
124,-0.2752745611983657,0.5759307332412904,0.6563803911481513,0.7392400539065908,-0.8044645061462942,-0.14942492600211518,-0.2275799800465536
125,-1.6988800091201757,1.4517955343192652,0.9981090489463444,1.7308935907330878,0.23368087701051524,0.4070538612740933,-0.37199050385024657
126,2.673206018799796,0.9167639508490538,1.1446053080384446,-1.5500637939728794,-0.5042230585614206,0.21981882541782827,0.1707443841655616
127,-1.6493343885308402,0.8134226742481507,-0.8050864045425561,0.2674095645284575,0.9884098164565699,-1.4126734518601434,0.766225249863001
128,3.321172569176581,-0.47600929512521717,-0.9646266986811349,-0.2252592155831197,0.30334418422870096,-0.11536809349637796,-0.433099739574466
129,2.929918649643384,-1.4850107553088445,-1.0099606356482165,-0.8896874995110138,0.2597454192002821,-0.1062571551359942,0.37804404365749883
130,-1.40156638303186,0.8596918881564866,-0.5026087837667418,1.4685143751452514,-0.9741236109575555,-0.16993926284427285,0.6328150853448932
131,-0.2606730845324414,1.3611727107098266,0.6354381594256513,1.6143730255570987,0.605879104971112,-0.9397497869563607,0.025735034386583963
132,-0.10836373122958014,-0.710421377583746,0.7915117699270177,0.010492330202388758,0.5305520635833031,0.40923042414718863,0.8917343366751321
133,2.913811448918926,-1.4619069050947002,0.09316482253157168,0.5694279246503461,-0.8215874758903896,0.09960039634880215,-0.6301947903314038
134,-1.8631549663727727,-1.0847814863134977,-0.2677827086759579,-1.2789015985494048,0.5667429312706527,-1.4442929182056186,0.8416239250431327
135,0.08391123682126574,-1.0156006015970753,-1.997217506138635,0.6649902030607658,-0.5909900810521732,0.952762154626327,-0.687701990562623
136,2.7474430466534807,-0.953192852317072,0.27617554818909434,-0.38833625656842075,0.1480347263108766,0.6810098903199218,0.21905419208960367
137,2.616929683083358,-1.2141780918468448,-0.7521219225469392,0.39974405787101736,-0.3949481644883482,0.5153426498320979,-1.2320156837139444
138,2.885915871344311,0.5021912300717187,0.83585105797043735,0.9710660787741974,0.5282292528078203,0.6994567360174583,-0.5516390966785696
139,-0.28471264448787736,-1.4969554923919992,0.5547849396084892,0.7551414723534348,-0.34940577878893064,0.6167097930543703,-0.5590893058663569
140,-1.7116465641606173,1.3754154504936686,1.3888818908590956,1.2655280486105729,0.4877225436313534,0.3004140376967901,1.1121331719991305
141,2.690652812639065,-1.4377402004900366,-0.7379355689174291,-0.6915239616668643,1.2281148832950144,0.12367858357035479,-0.31317218618943377
142,-0.3051248926396786,-0.7805616828451303,-0.5972568992706091,0.1714624503696285,-0.3083475756463489,1.088953584691982,0.10699147486782416
143,0.02308130961526359,-0.5412516821297942,0.49317967105158333,0.7793576080148606,0.3790065294369183,-1.1712466023283385,-0.06971396601549393
144,-1.344697998378157,0.02542435046853434,-0.25519794824932207,-0.9258267123346525,-0.6729130938908302,0.13621849412484283,0.3630619279523531
145,-1.7342399263295851,-1.2472618063164258,0.0620240999207053,0.20428429870888232,0.21816807095772123,-0.8638485504335837,0.5099714049110657
146,3.025066701528722,-1.2757911361314538,0.3205343678497645,1.2088389605441372,-0.19375922873059465,0.7864352126829859,-0.5756003279219525
147,-0.3506671268850135,1.5120285634807686,-0.8969831782575991,-1.3494092468306282,-0.7508234024946379,-0.125924696201215,-0.10989303498720686
148,2.8430698568793913,0.833231890140114,0.8155068564494447,0.037211192145346156,0.11862970590152486,-0.5040433356047396,0.15355499291459695
149,-1.1233032408040557,-1.170662579693398,0.7005745692058815,1.2404545742738018,0.4109567657376997,1.0647088045482542,0.7007043962188065
150,-1.4280702947033175,1.0631261366886264,0.6113623306052327,-0.9808814073225999,1.4034115932003604,0.04677146141287627,-1.0366657169520763
151,-1.732413666093427,0.9972286927095263,1.2264526989836957,-0.05501523265603473,0.6661051096729427,-0.8666012578377126,0.014546447913048101
152,-1.3774202338714987,0.5306561688189542,-0.8112121528453264,0.42918970121295086,-0.32675611424151435,-0.6421803244659724,0.07965309203312367
153,-0.6093928644962063,0.2793426556542186,-1.3445289690162165,0.4967346819232988,1.0678368660451882,0.03711786788908844,-0.21232622530922413
154,-2.0266354760280643,1.3747016698793428,0.24294993015962693,0.8077624633969941,0.8342137141988011,0.007801487244682189,-0.3359086422134463
155,-0.7878872382085894,-1.3911857348462837,-0.7366187658953531,-0.3481243643903562,1.11603794548814,0.06318518300774381,-0.23720265916047323
156,1.6317148667344776,0.34723102879474205,0.11664316347717334,-0.7598348691073419,-0.5966957440157306,0.8363460379401755,-0.7977640202088354
157,1.1544569452432558,-0.0850087600040126,-0.5071812567919666,-1.463278785359969,0.06859891566743297,0.4227013656908015,1.1126884459492308
158,1.7893487665665029,0.6212195054753894,-0.20469271081367316,1.2023127597595604,-0.743403342185183,-0.2736073597418785,0.3137657645944748
159,1.462071942171591,1.2595174994961569,0.2584563068448033,0.8368811014022317,-0.01148349074764721,0.4740061025107341,-0.1278134590941863
160,-1.989108073535875,1.1089120912299062,0.5091831489549237,-0.46847091819601333,-0.3593782304874132,0.3566138868818916,0.0640989034442084
161,-2.0281142915139663,0.7869731852333479,-2.2509738619190887,-0.042207999840767896,-0.04364107795871997,-0.047237044467763036,0.09323146283797892
162,-1.0892480682401235,-1.9026496004622415,1.2413241072508638,1.0307031579718422,0.2942069045660863,0.06054824163885839,0.8221259130414265
163,-1.3631909072134643,0.6927965828711025,-0.5120233837881328,1.378219670053362,-0.14350655910639643,-1.197821730540635,-0.6942288423906298
164,1.915091578245566,0.9419860709191379,0.529262281239267,-0.8952928714546018,-0.7230350179526582,0.11441211579682432,-0.37813554699601293
165,0.16893156430197034,0.8636391117454286,1.590261582978801,-0.6714393367456121,-0.11614870713481779,0.01343820764681809,0.2532467438272578
166,-2.1245141935937424,1.1558066512734837,0.7383170244035843,1.4761132675292326,-0.07619952289683055,0.308347407586191,1.1343364016374808
167,0.9439067185411778,-1.0582900088462348,-0.9852397411771754,0.09932067531495807,0.22244045107061688,-0.41392407849135804,0.14691841422398602
168,-1.681631030044005,0.4703662072029281,1.0144736666894303,-0.6512293421785601,1.1119151582675142,0.5297205747995007,-0.9695827296107273
169,2.7750614949676926,0.07962211774312772,0.4430976598565975,1.313592518904887,0.9212634598951978,-0.1869170185841925,-0.5556594301533625
170,1.0173864531241512,0.7929015504655186,1.3821435879429844,-1.0205190940367301,0.4795437463657501,0.008931159099123316,-0.19761262438609065
171,2.7000839856766508,-0.5992029131955471,-0.9492204071892107,-0.8164401230358848,-0.4262660642735881,0.6918123477267251,0.5297295085801088
172,-0.37121928305603946,0.5624212411331894,0.759166548400761,1.1779027164370004,-0.21413265813837806,1.1613729335554548,-0.1496690239851621
173,-1.4208830480553167,-0.24604295183405103,-0.6484449952054916,-0.7993854236010232,0.3774662684467419,-0.8467245344886051,-0.5981121644142482
174,-1.839206113786793,-1.5722525354654062,1.4564837294678077,0.925397680848856,0.3707567626553472,-0.06411645505689564,-0.04827368919473661
175,-2.1369348642002084,0.5023045765279412,-0.9636743917183573,-0.8612847747512422,-0.08784960916037064,1.558749579985892,0.2836662761964125
176,-1.2850505595527593,0.003104128680566113,-0.13185668429948125,1.2253064038904047,0.0236700974396796,-0.1451322118961583,0.8334856205687128
177,1.1393971395004012,-0.6059129632702767,-0.33138590993158235,-0.8829862993553845,-0.9720576297149832,0.30349988381491966,-0.4964670850098701
178,0.11691325971007895,0.9535276291733492,1.139009191612266,0.368839135765495,-0.5917006561970906,0.21553043952417783,-0.07379572681975728
179,-1.861165507845259,-0.17548243980751493,-0.7072622662290503,-0.9015592436965907,1.0089356216193759,-1.1888545543279938,0.6569261810178552
180,-0.23055284071849858,-1.4285741832699863,-0.5486908484859109,0.5132903180746446,0.46787205852049274,0.4481430578002024,0.8981929809042251
181,-1.3358901631876137,0.5480655976630395,1.2065272859311489,0.9082551959399949,0.6942635448026276,-0.4784514944900595,-0.3902814559503745
182,-1.1024178642107731,-0.11601839773379856,0.6739134229099446,1.3002318018601677,-0.21591246282423382,-0.94043223930689,0.8742190465694804
183,-2.8010428418128868,0.7566981120784413,1.0045111304925245,-0.8664212468534866,0.47433649343212386,0.038970964292304934,-0.2411020060513289
184,-0.5327014568732055,-1.7666936655151968,-0.08844809203027784,1.4951952697275768,-0.11012213016808309,-0.1793238816496321,0.6625105132850722
185,0.1065531757002321,1.74285662097272,0.31707060930025494,-1.3115231124754014,0.6162131988577884,0.9916070481053855,0.27337083871165657
186,-0.45808568906001657,0.9063717811617168,-0.27327339577634796,0.3837339903852324,-1.3778488316073065,-0.46128357090782995,-0.09712959036541771
187,-0.5596314807988647,-0.5730879311744792,-2.692971169487194,1.1842560695468434,-0.35370332808607263,-0.15759432515250082,0.5062839965116523
188,-0.509309368546196,0.7814995899026761,-0.5275249240975842,0.9237403842480767,-0.7807643875662225,0.47813565251671125,-0.1705698403122999
189,-0.2618457807232258,0.11307020720056477,-1.5442144972585135,0.29406991705774016,0.850484022261902,-0.573736111031463,0.06277858104899506
190,-1.9008979701224717,-0.7277845391399276,-0.4495220408511738,1.0654065858783481,0.12348347257106318,-0.7400428102507938,0.06669316451340956
191,0.19117260998695787,0.2945017717142775,0.6839409509709685,0.3044284396780904,0.19050826645804836,0.03830606044317221,-0.5151360263694299
192,2.540031685799434,-0.1166616323369769,0.4144324287428579,0.23262715298747608,-0.20110936400018167,-0.8287883505693413,-0.8379641735860401
193,-1.941966396206627,-0.2158523566259515,-0.44869997422549596,-0.5155622741989894,0.7140816192150106,0.28364096858465293,0.6712657807667095
194,1.9543027781914313,0.9862468628156122,0.029731791322411112,-1.5254640927211098,-0.2882229455320117,0.5944472928483042,-1.2546625253781785
195,2.0110160235331906,0.1037716459644031,-0.1400496877161396,-0.4623991131577508,0.2750828113108246,-0.2819908572255201,1.3746702728978335
196,2.263406649164608,-1.1424923758220478,1.0621993442358924,-0.5256263321382456,0.06720390112964665,0.11517668557381734,0.3220343929956633
197,2.668066890456724,0.8992852836805143,0.7372784825925575,-1.3644799696848626,-0.1406971708178671,0.8814826813827283,0.732396471132298
198,-1.2718451273953064,0.6174923259392926,1.4628125034150796,1.0346749072575763,0.746861012947542,0.7345175240021424,0.3069519009448533
199,-2.2134948876115583,0.5315862232050811,-0.017834449026692085,-0.5256495683912118,0.025389502273137927,1.0606428259416714,0.3238332195890484
200,0.985170693579752,-1.497156461197565,-0.18882409478929468,-1.2743607740791734,-0.7714582936053219,-0.10743437484105932,-0.16847730130711233
201,-0.3623496514628645,-0.541155888863257,1.4700048844251088,-1.360576644737209,0.45598916784715965,-1.1831629662936578,-0.3389412891287903
202,-0.8518555892354756,0.7579919393080229,-0.176916366964782,-0.8898665810251095,-0.38980300957397246,-0.8353538041139906,-0.352217589385215
203,-0.23991530644127054,-1.2660505831674373,-0.13379175206153202,0.5230921811797606,-0.22831063273252653,-0.9419350497058058,-1.424758386556859
204,-2.372207321296143,0.1956090607393959,0.3724277047666605,-0.7367954343366915,-0.8732313309479005,-0.4358502467583625,-0.42150865480400623
205,2.414951217513373,0.35020570481633656,0.8880835768293975,-0.5156221937860743,-0.4525094475470902,-0.4877189744408013,-0.7016674257716371
206,-0.16826598762511405,0.19406730951817625,-1.5213541690872345,-1.3519656057807092,-0.3397733983032013,-0.47589077816225794,0.4216858426669233
207,-0.2824798688251758,1.1286647730080683,1.1785286487416444,-0.6773566633917223,-1.0910289345347155,0.12688345903033868,-0.3552567974068571
208,-0.01653490007631666,-1.196459785472362,0.6410853359519282,0.7035497331203538,-0.48712399712621923,-0.7292052990934416,-0.6724981823668232
209,-1.2135296040204613,0.02099940455800217,0.612625299018382,-0.817563693063155,-0.6854976880532917,-1.1805218235343753,0.354273621066391
210,3.505780416614951,-1.3076404197917808,-0.6517003510200965,1.0556385870565497,1.0656665994275847,0.34012908663787933,0.47215169951984703
211,0.22319328775764602,-0.49814277661358375,0.4605631034316269,-0.10516787962015686,0.03560055643520634,-0.004285851091023945,-0.14759770964315458
212,-0.7772605472583033,0.3128706242314983,0.5586778429542942,-0.8237949816189043,-1.5086032659088011,0.7101608489541889,-0.10293069656394402
213,-1.6436594889617744,-0.44963841408745714,-0.7284859847275589,0.1191881983826272,-2.0758009585483004,-0.25945060374939766,-0.28606504148153744
214,-1.8289393877688072,0.053903656650341504,-1.2099329606347269,0.808194825009991,0.8046320623666763,-0.27031088193915753,-0.1719654810774502
215,-2.2713465369428616,1.2486321772874136,-0.18059133346470546,-0.06128928983673273,0.8206730475788437,-0.2126593156108909,-0.009579812385758871
216,-1.722195852369439,-1.3077738560493526,-1.0672066411601224,0.07239650501593922,0.439444829137336,1.6032213631367878,0.42419563610034816
217,-1.6384004521239135,0.15155183947338663,0.8371888609504488,0.420222414661556,0.8108873739293991,-0.03214201121462228,-0.14524470761825997
218,-0.05883275671613896,-0.09382317470062575,-0.8368889081161448,0.554547959551017,0.46432014858876386,-0.10257332037197549,-1.0264987378161798
219,3.4322735929858053,1.3293580481612306,0.45726712553991283,-0.21580075168900967,0.8979121214341759,0.25591986541508616,0.58591789359469
220,-0.1384378737921754,1.7764081576343416,-0.7716462838331192,-0.7910449063607939,0.7167567855565404,0.41167370214738613,0.27405917954390346
221,-2.32401828256159,1.1320997352659976,1.0221287751797792,0.43052301481987876,0.4318501457436929,1.197206954133427,-0.03903519180795558
222,-2.627073744894482,1.5542252128684806,-0.032499483571237345,-0.05465248668446856,-0.42730072062223157,-0.9143284946723195,-0.06055965056218053
223,-0.7178017905649644,-0.7558009444847443,-0.8136315645442584,0.6321161476255581,-1.1197713140996053,-1.116444809490332,-0.5492705925274596
224,1.8174629716714483,-1.296764696975555,0.5034067025701652,0.5216336061134771,0.40261769265652003,0.7798302775819842,0.2427040764914764
225,3.1182251110199743,1.8166390420144711,0.007385382944069807,-0.5643974431786926,0.1464051586434719,-0.5677829281256056,0.313663379794689
226,0.10774251412102137,-0.2796589830802614,-3.0697001567159083,-1.1697126835488716,0.27759480636888934,-0.4218199777279651,0.16117895181034295
227,-1.5582247423231876,0.6116963248675521,-0.6132788764836039,-1.0529859396976875,0.7765068874629173,-0.4697644393692895,0.26805201102778203
228,2.419318246702779,1.3455635066272833,-0.3740205131122915,-1.672230878231719,0.005970041151410242,-0.41129201104124846,-0.7051097096909075
229,-1.4814508552097678,-1.4059730664028836,1.0734005944664153,0.7846919291389265,0.4200093925816649,-0.6586144478727716,0.3820144992374603
230,0.8108282013849232,-1.521976608441146,0.01087797400760153,0.7133566842015794,0.4005358113131992,-0.19020187831464824,-1.24134732836608
231,0.17137300879673445,-0.41854922448418114,0.32363768739780296,0.6893086010351371,-0.046838198029536725,-0.17029385652769974,0.7686541422851775
232,-2.080536974593109,-0.12642273527589917,1.5711514805694748,-0.37638790901409896,1.2062949309450404,-1.3563515470302023,0.18269714249445332
233,2.1888460309588997,1.6817368673127808,-0.39991144859431954,0.23550144316978808,0.13943627608773784,0.4113812897842338,-0.597533306044216
234,1.1768072395123461,0.12899411521121057,0.5702939231078845,-1.3489043964579923,0.56773344358366,0.12219470425400976,0.866298349549033
235,1.9784367261670324,-0.5255736290297195,1.1806340030335623,-1.4628542271037372,-0.11474755872622144,0.7288566430751297,-0.6085556406057119
236,2.080914710687726,1.4753041981724766,1.1201957447152469,-1.1333135056277048,-0.5495210250150021,1.2608541491820262,-0.5927737184294329
237,-0.48901819061267743,1.1864362656274976,0.9299539453244683,0.5152528019150026,-0.34020440803851987,0.03311876013202157,-0.7304598744622127
238,-3.0238403690804647,1.7191733805495062,-0.6680120122492409,-0.06718760260764856,-0.37875722588748123,0.07041307471430334,0.9454941642162903
239,2.670808036652493,-0.5529407129048328,0.7548528002681726,0.7099682726781555,0.7500660450089408,-0.7009447633149505,0.35577153555533936
240,-2.1893695274465497,0.04761122002366307,-0.16862768307353618,-0.5974436378882887,-0.8565627445192789,-0.6260222167628768,-0.08566922082812387
241,2.236326816560178,-0.48792536101044703,0.09213203992590475,0.5026086420675432,0.43931553628781267,0.31044790942225386,1.155051939938902
242,2.954253339338455,-0.3383873976409567,0.8223106383017607,0.0330124559073421,-0.1675888486422731,-1.0040313179425933,-0.08068226360539874
243,-0.028410550911110482,-1.3930266959683553,1.3590221843300403,1.091935090568282,-0.2926615262109476,0.7691747198726246,-0.037844129513701
244,0.8641205067616753,-0.4762734264130051,0.8781783085911145,0.3311809665227668,0.20312064672182484,-0.04640331868368101,-0.6750960215525542
245,-2.188453484423068,0.10275892780472956,-0.9927157856353672,-0.23754427506982617,-1.4866521598275309,0.45178958922128126,-0.6217934635755414
246,2.5029311314334155,1.437941414035412,0.8068503516038347,1.5725488732573545,-0.44530466672285124,-0.42430272661691903,0.04853725734308389
247,-1.5373420764033308,0.3523380341693752,-1.6474652234983505,-1.134686426315782,-0.8515479013475696,0.18680532391960397,-0.21637403399188845
248,-1.9401305921022185,-0.7486073357056515,1.4758182652574952,-1.1573753899763293,0.6991571773998462,-0.7734141828918047,0.2206362710612642
249,-1.937697200864063,0.274046997025185,0.7313625023934276,-0.5994098417667312,-1.3452763820472677,0.34008602998402393,-0.21960947581029608
250,-2.7058653303291216,0.8934413949500357,-0.7562079426524038,1.1785445310830227,-0.6190982880683578,0.08467390132888296,0.7304073344518475
251,-2.7302632915906146,0.9113421748747514,0.13690877132644,0.06967567917162723,0.45821122019679666,-0.300690182015979,0.467031617132237
252,-0.03256034339990373,-1.4975780275555535,0.45124437388578875,1.265750989079232,1.4120417861137622,-0.08387113144236809,0.022036332676612237
253,2.9181355942820373,-0.3405579210191698,0.6963625925249594,0.7099649772106292,-0.4573487923654733,0.3471734027633761,-0.21642326675540968
254,2.0092286769367274,-0.41876356328011743,1.0391141065784628,0.32096613672196467,-0.3805530487523843,-0.23874875841721763,-0.07508463973751911
255,-1.609937973897259,-1.2016440805893729,-0.8174117523343505,0.2229755358579623,0.2925960633185139,-0.7452055447006687,-0.7917148927819468
256,0.4603482382744423,0.8089039471571158,1.237253705534103,-0.2851960591592546,0.35945006169170385,0.8467236319230615,0.37006551705639523
257,-1.0319461047087308,-1.0361101133756931,-0.4836047768739801,0.5716290602839651,-0.19173458087105458,-0.1663092948992332,-0.46835308323380564
258,-1.4471637962680708,0.6234701205065746,1.0242289726807206,1.1339128370329241,-0.016002211055492026,0.9066130640925898,0.1122819632133645
259,1.2984338749108777,0.3548817618094674,-0.1895635583493489,-0.9109538958044693,-0.6171267152648592,0.4539379020901441,0.19988599971591836
260,-1.4817059431727322,-0.9956394278303821,-0.5077581518561752,0.9661329815720443,-0.7258242877678519,0.0035104493202188893,0.664793626023275
261,3.447791319884761,0.8297313715361139,0.7512706240176927,1.231620602064652,-0.22909279827737983,-0.8497060420935385,0.5639631970567771
262,-2.1541320304607807,0.02375637409502599,0.3640084485008653,-0.4296886251483045,-1.5962121770271194,-0.362440393577211,-0.4802301096219413
263,2.7472432125452673,-1.6947203566599465,0.4687141610339132,0.3423702207546104,-0.22370355114791454,0.3121223496534265,-1.326810846857948
264,0.6588391677409706,-1.0927233320930638,-1.4056409716570142,0.6306083149969065,0.8399234562613025,-0.12360918709656712,-0.4809503230007779
265,-1.8933352662709295,-1.5219462809258433,-0.9667577119088204,1.4169308091077633,-0.1413711578736882,-0.4931869245408618,-0.21246422832380724
266,0.30175403836949316,1.384126133654675,-1.1988183533134424,0.5731802738229924,0.24093146453427008,-0.5994349482897106,-0.312753691028039
267,1.4332623816461445,-0.4880333224935855,-0.10485796108361434,-1.1659172507672788,0.161426264135565,-0.10267766681800533,-0.982264713798953
268,-0.4120484563133622,1.5745706800878152,-0.819918027607619,0.18066707175116198,-0.8085911789469574,-0.036760588344102146,0.586613189255302
269,-0.8494784010232211,-0.6733075567960678,1.229923402299171,0.2238205705650846,0.0631294167297961,-0.7022025289285706,-0.6281562043938097
270,-1.4272728263365897,-1.695611089008581,0.17134684387843496,-0.21154724286097842,0.22276830050481886,0.978459697123122,0.6612222175291446
271,-1.6774003030275588,-0.4355487565517645,-0.3809758446703659,-0.07704227297412747,0.8040138804981003,0.7773431452819982,0.14239590317028863
272,-0.15749758251479168,-0.9701503547863632,0.622764759600494,1.0131134701076068,-0.6766135297741798,0.17257407759487176,-1.481942825125751
273,-1.0677605611653904,-1.705568406162455,1.313045933838082,0.5456522326034309,-0.5980475432949026,0.004122716035935002,-0.3747432775321194
274,-1.5317188649009998,1.4606564208208164,-0.9032994088153831,-0.2210538025727032,-1.159409653098451,1.120228942693369,-0.5450406026198055
275,2.7367390254008632,-1.4188117519596475,-0.6693158529371425,-1.4167022870342867,-0.609209164827521,-0.8256427687804915,0.5404815417073547
276,-1.5390228534479047,-0.5484078944223236,-0.7160075970769362,0.42172063344095434,0.06713399446880193,0.845858989728578,0.10842945733751162
277,0.9691385553645488,1.0323332192662462,0.17810565733544131,0.36235621949697233,0.5771951774165829,0.11438727779713054,-0.2908291387940615
278,-0.7401836126251669,1.1043769314213627,0.19196454436288113,0.8601181239598079,0.7218780204726488,0.7381174642845627,0.1868182702193368
279,-1.2558874705788772,-0.13845672426437344,1.1677750232169655,0.3146804102906371,0.5934518621257725,-0.17592241958612165,0.6569721230026399
280,-0.9536849665032384,-0.9239503725653033,1.3360390022891768,-0.737601475456494,0.317741495424681,0.35467605712842154,-0.07170546072605005
281,0.026593631793603103,1.3571504881371865,-2.7934268594932252,0.7238247511093072,0.2847663170292053,-1.016622856427369,0.7041693331196539
282,-0.8329880892676568,-0.9926852964269497,-0.4948329562305437,0.044656187502169806,1.0627530807705468,0.13815170907431992,-0.49862827541585303
283,1.1472025413729448,0.8368379937479387,-0.41707119479899046,-1.1905613343881523,0.5718561590148054,-0.8578506319992764,0.49089363225821137
284,0.26211122731455283,-0.4295172703400939,0.45140731218936186,1.0807639007168741,0.3437485044417948,0.08041406670973937,-0.9406637064408854
285,-1.1624166963017877,-0.056971015580015674,0.5505491664948142,-1.4240819570108254,-0.9353509826537638,-0.7104293651807497,-0.3361999988454419
286,0.586701383527711,-0.43705098995169517,1.4007871166656862,0.7183132783206115,-0.5541795591872857,-0.46916711866228766,-0.9686956671938783
287,-0.6994101019004227,-0.9599874963842496,1.59460461151025,-1.1955072728370673,-0.26669432934350457,0.5356567731226383,0.9752176223544563
288,0.33103428111389366,-1.5377985583579872,-0.928495954139838,-0.4290765600875898,1.0823831889209878,-0.028737511749286387,-0.8699861532257077
289,2.885783408653436,-0.6526575739482673,-0.4731713653618897,0.02910101728364559,0.11555226056493638,0.021413554395377298,0.02242294017111984
290,2.6927928639754812,-0.29458274461156586,0.47803689234732255,1.182403791311122,-0.48301809275691165,-0.5291400345774878,-0.48821596665343536
291,-1.0767077062813,1.4889854252052181,-2.2513768044824993,0.17363417953996313,-0.3401473486078672,-0.1941504638369318,0.04266260011399653
292,-0.3704074558922094,-1.5454412574325154,0.04545658412070055,1.0236973018452178,1.1449010564764606,-0.13851578850255794,-0.5954425275538089
293,-1.2146298909999558,-0.58305757160651706,1.2417841588542813,-1.093234805345237,1.046174793245727,0.4441655193552042,0.37178585728086366
294,-0.7118145461426172,-1.7916197383644703,1.1214014949736084,1.1111719602279189,0.2887239204011403,1.1730862027274198,0.10946425165385641
295,-1.5880891085491742,-0.09399969460973703,0.6960752533284872,0.3104322565311084,-0.49644339415988264,-0.4349920414343153,0.5547698071233029
296,-0.4852741017899777,0.23156950041365407,1.1352519232077949,1.2063829828276924,0.823955356687947,0.3418241600761414,0.25670609608376116
297,0.7394479401262374,-1.5567937538419294,0.27176114336408097,-0.6899270807648227,-0.2100916631851495,0.18524741862068866,0.04959293060432753
298,-1.5992884658866726,-1.4862966909595359,-0.9923104476043864,1.0932954908373418,0.4985394586946673,1.5555011864334958,-0.18207969955807415
299,-0.37826735599494593,-1.783330600984163,0.4403131732500242,0.48747176675063236,0.41167504820261963,0.7080965774463973,-0.4130269639919682
300,-1.0239745523476105,-1.4287445758519053,-0.237497486264999,-1.6351676445761578,-1.0533237949730114,-0.10381937109926587,-0.4806196067066862
301,0.5108459633732664,1.0773205616934327,-0.7754166033646324,1.3418012562218558,-0.5185812081108321,-0.340513686350779,0.5843092799001932
302,-2.82158725127486,1.2305298580201762,0.3734053243304793,0.4011010380673469,0.5603758773880012,-0.9714168338068113,0.13635614754709519
303,2.0173437752377836,0.3969703306759519,1.1438994803246534,1.4138204451171412,0.019420699688238025,0.5158565140679254,0.7588702868203329
304,0.3095260279705416,-1.5626734472065602,-0.1226837748848411,0.7814549335188636,-0.14949293594820157,0.9437999208372849,0.22982292465666712
305,2.3708209753278835,-0.38714850761665587,-0.4401709800447123,-1.36800656283613,-0.5792012203107814,-0.0728590473914485,-0.07409927556177773
306,-0.36025738349542974,-0.7849749071560449,-1.0992266424883328,0.4715524846434227,-0.9129076844587943,-1.496948755705231,-0.4959635740453058
307,-2.6887777086005955,0.09665466050525114,0.9733454855739692,-0.9201008014674789,0.7698159972439592,1.027698987696451,-0.15359789631556822
308,2.8723679565747555,1.5654574400595063,-0.1703904210619735,1.1706486178219724,0.26395290175225783,-0.7680642376308271,-0.3772011070725982
309,-0.6558326828136379,-1.1141310232360084,0.5525244017674181,1.0238377173044124,-0.03201251989482956,-0.1960878429447892,-0.48279070415434827
310,3.0530691043228844,-0.05691580132464442,0.08105906712495553,-0.1410407137711669,-0.012812928043196956,0.05714824735823282,0.5837934605458437
311,3.6899948772868867,-1.368847955598519,-0.8710728684205131,0.9373387013491651,0.30223243863814986,0.41660710556238284,0.4224560778810138
312,-2.6487301707848956,1.195245943901152,-0.28401264345378596,-0.1525528791729111,0.5420532725149632,0.8913284957601494,0.15041923335926746
313,-0.8910804916568551,0.0813980318130692,-0.12123565133638346,-1.6482426226782136,-0.5019175983684276,-0.9574568641771541,-0.34488675823000603
314,-0.02004564049060483,-0.8277721400496764,-0.23349048137335762,0.24307475557368688,-0.5188635769598066,-0.6431409343159752,0.3929318077292111
315,1.2900889743010462,1.6254182155708823,-0.12431225740097389,-0.5405772038352257,-0.3528896999548971,0.49208946676532567,-0.12130345520155225
316,-0.12734766439484352,0.7743582611487547,-0.2593904554615026,0.7162211698083449,-0.19653204120273923,0.45793431933747863,-0.14993151718325243
317,-0.83389727205806,-1.0810668421516358,0.31840933623360196,0.2725732724593368,-0.5735198107855465,-1.392235860436382,0.5550677282396994
318,2.366917835133357,-0.0033648701241890604,-0.9003593100987592,-0.5824768406194405,0.1733080659830857,-0.7475710894740722,1.2626690861077365
319,-2.167150210713654,-0.016402685155349716,-0.8346887788368195,0.1434700956889544,0.0653713594393252,0.40402399830002783,0.7057759771171839
320,-1.148389278657758,-0.5386801749786003,1.540982715276178,0.07146482215901319,-0.7732050596221031,0.31265736776657627,-0.5533819780889345
321,1.9124345690623725,-1.3045462739578586,-0.2518759210291479,-0.5548514868654973,-0.5496576690335608,-0.746878003970875,-0.22609184087573386
322,-1.1971334388356363,-1.294548380325569,-0.359358871993255,0.6221852891494234,1.5226386660086797,-0.27820244893725365,-0.7518931105933071
323,-1.1654038620774012,0.22856362715395281,1.091773495321936,-0.06832353750468853,-0.46500198425814676,-0.45595901563995334,0.8204796254900496
324,-1.1161999218905514,-1.2515917756368484,1.2257319799388482,1.3165721741372634,-0.1710668877414984,0.7117545174013683,0.7171877564653186
325,2.6408825538371814,-1.6315536060394533,-0.8977543142190082,0.6223370171729706,-0.6959980193431006,-1.228667060041891,0.15019016643965719
326,1.8157181282253234,-1.681810155102384,-0.1590962883603213,0.04597070076277598,0.12420872747779849,1.041301775104258,-0.5452850003254172
327,2.7417002918563234,1.462552078315143,-0.4174825197507411,1.246839556628082,0.338539388150265,0.5065306230746179,0.7034680315942589
328,-1.3413301679133822,-1.391806655778163,0.5720338343085564,0.7247307943348644,0.2745386476921589,-0.1255020451237403,0.25318251777086315
329,2.213538578266851,-0.4938031040289943,-0.6291146823295541,0.9560938744681673,0.44338207071892305,1.1441274521382048,0.3880511535981385
330,2.4992188040772865,0.9989399035523414,-0.49992128219447485,0.970589199032358,0.022711006856707086,0.3626543287829389,0.7619074183955441
331,1.1917817203463672,-1.2449245994174947,1.1300337338385813,-0.020343765601084203,0.35961069392638184,0.2822182249311233,0.5038310853671429
332,-1.8824825318212284,0.5379186435245036,-0.9714507116341158,-0.22849726603244183,0.8579113855071165,-0.35795106073490923,-0.15553931577195065
333,-0.42101332765799365,-0.11146784376677019,0.2481280642726124,0.12652889289808103,-1.0979055909971587,-0.7993841044665269,-0.5735544799448163
334,2.0664156868065464,-0.17003347800567611,0.44076128122904396,-1.1963969721132894,0.7340614921010158,0.9287797735972059,-0.02952045993554238
335,-2.1442621234786152,-0.20527236085186518,-0.8869223127272463,-0.15438653715492584,0.2629559193373027,0.40102318612659277,0.8649941995540962
336,-1.3379625985334411,1.6794991757929276,-0.24727053654176256,-0.8422226997261077,-0.014441615679578279,0.3389788769959816,1.45619727689253
337,-1.4167286439224036,-1.1830685469259654,-0.25139526710752125,0.34646232667467874,0.34140098110320494,0.7742285690088933,0.4759162961755908
338,-1.135903756712796,-0.1343184456917056,-0.25745425470221217,0.7992779668799354,-0.1230429958110323,-0.6506039401907637,-0.1286233165421024
339,-1.2664203347822864,1.4567191121215994,-0.1031696277337888,-1.2046729239863636,0.3956364829425866,0.5460132478244111,-0.21110865565236125
340,1.3927620628169275,-1.3701005035027902,-0.4679461135170312,0.21251754703805673,-0.24955620233533124,-0.42995941108149555,-0.7325411606753365
341,-1.9602811579984505,0.7386403022283148,1.3421066071704364,-0.9092385943509499,-1.4291018249515939,-0.09193313736469905,0.2555072918878097
342,2.207940626342921,-1.2538026779747935,0.5717872094165497,0.6473039960157172,-0.9495556212656788,-0.18649434463826206,-0.22471961631866044
343,0.47678215436924026,-1.2439317668292798,0.9405106280043352,0.8847575192780728,-0.39982093636602967,-0.878926619845658,-0.9023978501040468
344,2.1748113552949846,0.7066413461562394,0.4770303167332073,-0.7235669294510986,0.6785317600861739,-0.7443301092735213,0.5965481624297333
345,2.5965111195180848,0.5860476697267931,0.32851814098392196,0.6430976698862783,-0.3894610046773578,0.749530284011608,-0.5616891802570673
346,1.3278960088934575,1.6167608262023176,1.4414389839280952,-0.906396852927853,0.12543473761912632,0.33663412904620404,0.8546156123155926
347,-1.6488145612951413,1.2179315530785135,1.2155306385315008,0.7348645524527013,-0.05366613838031486,0.3067182803533973,0.5143174864645489
348,-1.0182648088528494,-0.4895786400269502,-0.01224127647311996,0.34050949316965207,1.5678097345636828,-0.30544234126172304,-0.766357880286324
349,2.544399330009948,-0.3908291856818994,0.22567097524500254,-0.6622705958601316,-0.8289004130254568,0.5431751885950354,-0.39512642385415464
350,-1.8318570304888018,-0.6503604503441086,0.9979703754996212,-0.3055829321724643,0.7350032302988204,-0.3591103103195085,-0.18277413278059507
351,-0.5869483876051876,-1.611198948258653,-0.4179770397974014,1.1022484838100306,1.553598306625353,-0.38096429992396463,-0.2491826760622784
352,-1.9510259595954562,-1.6276072723632942,0.789687489823501,-0.19669279193913125,-0.5469066764774538,-0.4904913931343174,-0.3457806546771723
353,1.7434380642099963,-1.509523036393544,0.11201453865292745,0.13574559852560705,-1.0915131167313896,-0.7522184415115236,-0.5644488182462984
354,-1.8520015734739912,-0.9839941965906163,0.4510818756926531,-0.4865451043769001,0.85503118905017506,-1.1585422269103636,0.7650289637758985
355,-1.0953470840751078,1.6926227918643508,0.3669071280323027,-1.0819281035153405,0.45035021102702305,0.5769656421670745,0.16552275079072207
356,-0.5298872007752531,0.6021862109487708,0.26141713053379473,-1.3114087459653991,-0.04368655565614032,1.1900358208483264,0.664906542898956
357,2.636424289908748,-0.13847575690694278,0.3585857706747603,1.1621092611363795,-0.261993710717342,0.4005627316307737,-0.47639987647978294
358,-1.5418415519150952,-0.17576157400707093,0.6762098469065305,-0.4152957586149669,0.8423652338312747,-0.2358266698762037,-0.6342179069741968
359,3.3993128479817902,1.2529321151045711,0.37120752919570904,0.15171357453280393,0.6599594760238034,-0.05960607866393654,-0.25204621511078606
360,-1.0907272255677032,-1.0775889476725642,-0.6997351609831631,0.6458315116074459,-1.78684222349597,-0.562322178684408,0.33478673328488356
361,-0.92120636054323,0.2617859578963361,0.3443122247212208,-1.328927622627649,-0.9267670407978248,-1.0587032881373446,0.33928080829553997
362,2.1977929141397916,-1.28631892264169,0.8695356721568478,-0.5516951394930221,-0.5775797015171151,0.4723734019664859,-1.0301052739598793
363,-0.6886257967925752,-0.32549986803340797,0.3018870939314188,-1.4260968015385096,0.23306811337189282,-0.15519103585492272,-1.0220408862178805
364,-0.8758120069457257,-0.5485990611745606,-1.8713982119891337,0.15818520183443827,-0.19720274807183102,0.8600655177315634,-0.04117226622855781
365,2.9049270580254514,-0.5981496685854218,0.29824474409851187,1.249345056431081,-0.5655316535698945,0.5785097644519094,-0.9719898897350692
366,-1.7181890838011,-0.1617949677677544,0.07777019845318456,-1.3077208011241783,0.2888861982301637,-0.7928453457206882,0.15419919896798484
367,-1.1590690442588514,0.4826183682060163,-1.0693431819072707,-1.6049042424872952,-0.7906449880176099,-1.585935889405144,0.21166605062382007
368,3.0198385384828033,1.743595715334727,-0.4379217122998841,0.27408604692730243,0.4367102866434392,-0.07078513552843756,0.23922114298406832
369,2.182970473883256,0.5072531950402863,-0.45261321907015395,1.2062781743303892,-0.07590953579396004,1.0392362133736814,-0.7866771029427625
370,-0.6148225993869518,0.9278959257336333,-0.9885432414786917,0.5495900386223873,-0.13251049533879766,-1.3120749905430422,0.11341730676402807
371,-2.3092439402928138,-1.674317288887708,-0.17178941939679915,0.5704384775636331,-0.07991551228271775,-0.7886614680126943,-0.07764978711251105
372,0.24119413766535952,0.05339646281513811,0.6187385269664973,0.19890148489349416,-0.8471797282658251,-1.1120063294262572,-0.37712282463216873
373,-2.2403782791494766,1.6279039931907866,-0.8908255336748433,-0.5498250334876589,0.18589193666374448,0.4289616915414994,0.5662235879201665
374,1.4415879532968823,0.15940524109399978,-0.029170807979130933,-0.3025038507558776,-1.130279108097415,-0.11943988197825967,0.0856870361346662
375,2.5739993991051637,1.2958371887044862,0.2822104842323399,1.2492494330252717,-0.6047610921204181,0.6597811216923625,0.7026660532535813
376,-0.7400235173485061,-1.022770904992105,-0.680662648568942,1.710612718779077,-0.10863714788341283,0.18798562601335028,0.4093521131290492
377,-1.443977587104559,1.433759672432846,-0.6336426027961434,0.15131816257486,0.2023432027986843,-0.551672433044533,-0.6669759750458548
378,-0.2507007233373103,-1.6632427367069689,0.8176427805545636,0.3405704815639606,-0.6036250170644327,-0.3433910115880341,0.26487994405723
379,-1.1548080271661878,0.9769423131896611,-0.7944757153048723,-1.607008256385624,0.16741595230250614,-0.631278066721122,-1.1987804463672578
380,-1.7796658585964507,0.9424488302064727,-0.3366022631549895,1.125203724354351,0.3747559917647217,1.6189102854957416,-0.35793952733907697
381,-0.991245030159064,0.013098496047292817,1.4026361201179,0.49826958079829303,1.4593668405842597,0.134310318313098,-0.34857768127888145
382,-0.9892139770708784,1.1734674127599294,-0.5735201806925386,-0.8680100328563786,-0.5646631840389829,-0.47074296364021756,0.405873253662227
383,-1.402893499681178,1.3516903246277343,1.4687670007965763,0.9843996562632055,-0.29748779931562475,0.32032590436079234,0.4865945339306315
384,-2.71990674371037,-0.8532583615215972,0.05696616687681273,-0.5904899740015961,0.4818927331052957,-0.21714698946325853,-0.1208047012803881
385,-1.319775933238972,1.146786226456833,-1.2066573690411062,9.088766977117659e-4,1.166050375060439,-0.07854769077412589,-0.02112978355884016
386,-0.7366368013343899,0.921278309086481,-0.9339308705745195,0.258083618527853,0.8170750716249253,-0.4331613768026624,-1.0803988381041163
387,-1.862436671423974,1.08439792053679,0.2122834886852175,0.45989490426826746,0.7193075444560764,0.9418736647315541,-0.017035979434697014
388,-1.2476468599786945,-1.5248566612572065,-0.6429880928910362,0.36695440033285004,-0.5206241825135272,1.356978488717023,0.4402024190584218
389,-0.9211573306225369,1.906893329965328,-2.4383379424214158,-0.9238668054087048,0.7997065563194753,0.04675995530655072,-0.4635090000385543
390,-1.9622949401681102,-1.2593741867713308,-0.7002957115874354,-0.3599210221121757,0.5711381864705732,-0.4031696378442785,-0.36704206763297637
391,-0.7085407863311121,-0.4768376033117803,-0.1233057533570483,0.8571585996663077,1.1773135389940421,0.7890206341391315,0.33515885094693976
392,-1.0168883630625807,0.15755969630660754,0.8076408513311736,1.4609822101991794,1.3252176892817629,-0.9533905550039601,-0.18903780461448957
393,1.5670839209183776,1.5423656354000879,-0.05479481253313715,-1.1022173615886377,-0.7984402628273929,-0.8016786372294427,-0.5689214459301509
394,-0.9958414979285859,1.2863806073531956,0.8373437667962356,-0.42422231386476983,0.5832212448790864,-0.50373714371985,0.1665961908586256
395,-1.5879156564989727,-0.024241042039184035,0.27510565601343495,0.4708221941621514,-1.8445719031492411,0.41817519362495476,-0.4560245170306886
396,2.8215902331799003,-0.1775827522851461,-0.9050004508767377,-0.20766553984973943,-0.7879085929998344,1.2524092606007255,0.27827160893833314
397,1.0835952182432143,1.3183992954246198,-0.37343887879156157,-0.7745199879936514,0.36858246725918886,0.9091497689046549,-0.17004040874441645
398,1.4919293645065783,1.4425380529550766,-0.05932156711230136,-0.8313770351977099,0.7733392609894683,-0.9493401531698366,0.5770524041660294
399,-0.5734873681438898,0.5576276276536547,1.0849622901554161,1.4915592839800047,-0.19650997965266137,1.4719881287683934,-0.1501208905414411
400,-2.1499905371591934,0.36055625793343865,-0.5577221424230582,0.4611794730025352,0.23395024796730668,0.3875329138646227,0.6686583476258481
401,-1.2492823634956112,0.1804603271699174,-0.28157896829503715,-1.652912692099694,-0.29207494050865057,-0.8864297946743711,-1.0165861270886396
402,-0.7620001484723057,-1.4667852632079204,0.023491656660614754,-0.8120499280194617,1.3329221189315765,-0.15387804812534442,-0.06803581776294915
403,-1.4978048999409097,-1.1098797792558202,-0.21596633693989,-1.5802909407483992,-0.4013392365789194,-1.019273036688266,0.5781343357948323
404,2.6782612463701825,0.6623782967137615,-0.9280738938477856,0.5367210275535395,-0.45114149361546535,-0.6192672103017772,0.169594005965148
405,2.2794919430436167,-0.26026151271210884,-0.640696016535318,0.70760685769461,-0.34026761699430036,-0.489717550588226,0.23070897195528614
406,-1.4818526200866327,1.2397157811221782,1.4304089899588943,-1.2918699203946962,0.3648285829320818,-0.30239793804192533,-0.6584957520640148
407,2.041401014188952,-1.6536187425529518,-0.48160622776013373,0.48689103084257085,0.38727281916274753,0.4506985762955494,0.8814100963989486
408,-0.6594666145512037,-1.0481804507771524,-1.9567589183574008,0.8932902377288672,-0.09035029288128783,0.7511884178816711,0.933561231578768
409,-1.2747251912415996,-0.39698327362477503,-1.0505372070882708,-0.7067576474180538,0.2401920261084864,0.225295625003605,-0.26403324342799517
410,1.7845715904196073,0.7285755190197044,1.0828562978913046,1.9144311873218802,-0.13907839255366586,0.03506623085508723,-0.5504090765032948
411,0.438347641836253,1.0644694289107632,-1.6741434899302334,1.3643387734409984,0.13026444915575616,-0.06065407212706539,0.5965124962882282
412,-1.554105149576396,0.9843460580175285,0.2739642796008933,-0.9420971941568854,0.6914737292444046,0.7631212808185467,-0.016653176123066077
413,-2.0229115266225564,-0.4240064368377088,-0.9924268588307361,0.5509646944520297,0.8897957133466539,-1.216450801151554,-0.19448555377348256
414,0.5174782571217373,-0.06793555457358749,1.0348213682404692,0.03924111127258857,1.0868904174906946,0.030786816852764094,-0.1870937196739159
415,-0.7783347402499681,0.4821358092260931,0.8259668502351148,-0.7288803774014193,-0.03209875750340031,0.8397971076138471,-0.26429366137065985
416,-0.2792834909470164,1.7195564782469948,-0.6131277914373876,-0.24425215496742042,0.5815821196534942,1.164882808508027,0.31896916455522917
417,-1.800500071586083,-0.37072709932336206,0.8295037741480653,0.3909534760667719,0.28730430280981767,0.9237710373382705,0.47911726453921355
418,0.3677458894615921,-0.7390054847988959,1.067000537098689,0.8926112355210402,0.2526054069438557,-0.23685992250869156,-0.08272095687546632
419,-1.5771345819316318,0.2876141123626012,0.26910103986031886,0.49102083504970556,0.9481507256326458,1.275759737663705,-0.43772393939912224
420,2.8389035941294685,-1.009815066486867,-0.09524929850688502,-0.07768414870625161,-0.13051662937119216,-0.539184550055356,-1.4332124432109359
421,1.8861009291736053,-1.5117748625282375,-0.7053681047737264,0.5295328221250297,0.5825759972111192,1.1360475311598914,0.012301312514960262
422,-0.46753939030706654,0.5529411541078744,1.262814404404423,0.41767890288791015,-1.3509602323535936,-0.3731946160737061,0.03619343187470665
423,1.1718578278745082,1.4398010637126142,-0.1891084708612294,-0.810001096605878,-0.8924743740950188,0.5677174330403851,-0.4452443763379672
424,2.1734585778293383,-0.41014478108311203,1.0176530871171001,1.060694320161007,0.784950627428816,-1.082296229418434,0.4494886117018237
425,-0.5442504112068743,1.2337307257640753,0.09560178491081778,-0.6699816106044575,-0.23678254923482267,-0.4437391396758887,-1.028050116439013
426,1.544693455781285,0.7262492570142921,0.7435076206121449,-0.35155541240047467,0.03188507598168675,-0.30512659931331465,-0.5401076475883224
427,-0.8528440244600398,0.9933222108304113,-1.5463883505594074,-0.21333489987431178,-0.3236306211311449,0.0179912703929699,0.24899333402487034
428,2.5147465147303376,0.02753131920999419,1.0744149217403303,0.5296594534311241,0.012848794357427624,0.37556500965150075,-0.9866506448911487
429,-1.063422796667851,-1.384371009671979,0.029933449451624905,1.305339061274072,-0.7549661788898342,-0.773518131372596,-0.28892768855058854
430,-1.424285549458592,0.9653006617517244,-0.1230947500851636,-0.5841922682815658,-0.5996842044709777,-1.1781533865033698,0.07001300190258644
431,-0.895775365539893,-1.6840654777869848,0.8573548554346506,-1.0228039402735276,0.6065484893796096,0.271192887868337,0.3814589926520033
432,0.6025871010286507,0.7869055007077571,-0.08284999138841027,1.2805745487747104,0.8239435834800317,-0.4022493361832598,0.760648573967073
433,-1.5384493183373595,-0.7351673595200738,-0.06734517296569918,0.4321678115643607,1.0793007733052902,0.16822670380247576,-0.14365255208724506
434,1.3697482293256489,1.5398362461550295,0.4862788510883373,-0.0031171751533525015,0.3840267492357925,0.77272259561598,-0.8625937404034676
435,-2.027560666482226,0.643716577644201,-0.9009167409708482,-0.7096003005152196,0.13520150760300162,0.3899032894829458,0.8490048403801101
436,-1.5230182219115096,-1.08171853550825,-0.587408345390512,-0.7449489535050304,0.9484258379227473,-0.1371597845172275,-1.055847047665981
437,-0.7758691672717798,-0.27347062056506133,-0.4732167775829411,0.42049122334399525,-0.41623159372988866,-0.5075917835525763,-0.9652377925205017
438,-2.3981120510740173,-0.8850946088925671,-0.9242655256970392,-0.6755258460568697,0.9543342049987215,1.1719826272925584,-0.5349906473889552
439,-1.723434268268814,0.2767555754938975,-1.1029124038699523,-1.2396940983100797,0.5312975193195966,-1.1032014787776647,-0.5019155369049921
440,-2.686677766950387,0.6995608949187537,-0.02707675934348445,-0.5552060762782517,0.6065411542684116,0.03858067928838584,0.5949824722824006
441,1.363369819892547,1.0124459057654218,1.054219609710387,-0.020109157162899315,0.049329283306392996,0.7028012269910886,-0.3169813183329878
442,-0.04536499979591581,-1.2292073283849436,1.227083656500571,-1.6405810338386717,-0.46264759640868214,-0.07620765342997461,-0.6397609428467745
443,-0.6405333055338261,1.4441411217571634,-0.8058980397287034,0.28835514237831655,-0.2785164018671109,-0.1484114842342832,0.9869721840935036
444,-0.6212305302198978,-0.6288118982309081,0.30608054830067527,0.6613647950100766,0.18187209630300336,-0.6388675858394097,0.010682883519597708
445,-1.1114555194712639,1.6197566930305745,-0.8092721567946258,1.4004125753773424,-1.2244711440344003,1.0622222952714757,-0.29781338423730425
446,-2.6471948202799975,-0.5326469247547897,0.7035089348469366,-0.8886456125444304,0.3738174080610679,-0.4131177090739741,0.1035881924063631
447,-0.9635977619398933,0.4660010919346878,0.6747915120719872,0.20269651018499907,-0.9145404597755675,-0.5750509774755095,-0.8983360849468324
448,-0.8001473911243903,0.6524109454385963,-0.6587495811016411,-1.1969336513973905,-0.659074194106681,0.637388342067098,0.46292705461759354
449,-1.558219498749789,0.31809956556086294,-0.5298389842244715,-0.1741161818644131,0.44955836429158114,1.4461055453607954,0.35501951384552555
450,-0.8261834942959696,0.43537228624272917,-0.23507807252802942,-0.4688893969626364,-1.0366034518953962,-0.2953939652483199,-1.1329189321678341
451,-2.1164477924371,0.08291097214544482,-1.1134932930281503,-0.2813373177928768,0.018517999295052302,-1.2998353500360742,-0.43654156873903954
452,1.5504366753023189,0.3477639660846266,0.20117612508062416,1.7227722779880428,-0.8509359355531267,-0.21073353806593748,0.032527037691361595
453,-1.198268988769854,-1.552020835103674,1.326387876275884,-0.18162921172283222,0.4414564958710891,1.146425730029028,-0.331501295974052
454,-2.4641508225588895,-0.011616754647311073,1.8951523375922357,-0.5366570897038574,0.29398461075415683,0.744345787463233,1.1708181112650469
455,-1.534465725698408,-0.5899048172417007,1.3232162867929664,1.2866411738863461,0.6799021098493853,-1.1733719844147672,-0.16687667396517378
456,-0.8554318594811048,-0.5415248916087579,-0.17508161459421287,0.3412759231203579,0.8089567815263694,-0.2909551701320014,0.4278097332864621
457,2.1968806378670593,0.0397836480315379,0.7665286609672913,0.7926567364226975,0.11516164184550202,1.0359693987329612,0.3933528429409933
458,-1.8146073302527994,1.3238814456984886,0.20408393950297446,0.6886743645938365,-1.125446460389294,-0.8346052657028982,-0.45486579214372863
459,2.021517302039793,-1.1016087322997177,-0.38929024660581196,0.16279952381848672,-0.4167179527866236,0.6649071469233307,-0.3723428903002048
460,2.2948036727685075,0.22746367732149783,-0.3679000169753944,0.4779634666251692,-0.46125037782796213,-0.7267562175004639,-0.917148514400692
461,-1.2335290962199714,-1.7019955825278867,1.00217087384954,1.4217456420507484,0.6113823164189388,-1.436863323835055,0.04177738312445819
462,2.5817220211284457,0.10942956650769262,-0.08360599650975979,0.7000472662789395,-1.1516665894704672,0.5970605470646638,0.4236302227618699
463,1.7200347117118426,1.4704137879916845,0.41213387844626176,-0.11816638501786772,0.2077654105241559,-1.1572197489302596,-0.28492962784419057
464,-0.4321966940774552,0.7156189016146701,0.8574269153947308,1.1182813730509062,0.8624450755750169,0.8800940492920094,-0.20458814045745166
465,1.6852621278816322,-1.11987705571977,-0.6667160961197882,-1.5680346086158083,-0.3783457000799786,0.3641425762969235,0.3661004973668119
466,-0.17836186102156787,-0.05432980176933674,-0.06128342110543209,1.0175014971114118,1.6037922166569265,-0.10971803832085573,-0.15400588777358468
467,-2.1028054864127133,-0.28424811316011844,-0.018543157502750516,0.07394025699497413,0.3089584484494878,0.5817287829821736,-0.4529744092251089
468,2.2295272024788853,-0.7475073023824176,1.0502938843264154,-0.5584116690172846,-0.03303844504709662,-1.1917385746947173,-0.01679083476976126
469,-1.9027792000760024,0.02783274321502901,-1.1610303779774203,0.9205321579112415,0.6234480486052321,-0.8863154767628589,0.6764932783209033
470,-1.4675239415110946,-0.4430116206646427,-0.037470385461994264,-1.4812971780829973,-0.9551254084288353,-1.5112715585531338,0.15175717236832126
471,2.1729694261837933,0.7222764469553885,1.0762258368528015,0.7778126544468725,0.11871010341319435,-1.0475875166229793,-0.1347623959158838
472,-1.0415553963896111,1.0392446648775089,-0.2398567291699311,1.4962572147445368,-0.16468966452313188,-1.2882103759918846,0.5886266079558696
473,-0.7664714055795309,0.7638622814672686,0.8839081217880645,-0.3395271620578652,0.9020718936721793,-0.2188988316344815,0.13658438486650476
474,-1.9786594041917358,0.8135963499053198,-0.7273520824887942,1.225304205442068,0.16755243349460197,-0.7509912834011286,0.28249836120730654
475,-1.3448316008246886,0.7399689207905565,-1.0251217096031464,-1.1379603675424688,-0.12481543191475926,-1.146683639977181,-0.3400624402787121
476,-0.8512282058856672,1.0911916204756982,1.692270359491909,-0.37456447032635737,0.13072557716259095,-0.8355203134686622,-0.42673850795328405
477,-1.0733332198065528,0.4760239873512043,0.17952338445456958,-0.9546564727078864,0.3922030417101863,0.3212522093702139,-0.5377750677947228
478,-0.9872064849780432,-0.8812554626072264,1.3950670670863636,-1.6105902128717502,0.19944046445325891,-0.7271991407129296,-0.8689063839212837
479,2.8371183942592637,-1.5929868341702134,-0.5384669914540787,0.7112343541356929,-0.2783659939764139,0.05785134472523111,0.79259300869147
480,2.4512284990940545,1.6368654973145578,-0.22178219854717107,-0.2212088019282047,-0.17556397692588635,-0.008903030575397982,-0.06372088547740087
481,-1.8135897205822795,-0.8391417898213801,-0.10162763798203787,0.11081628846465542,0.10533624400399551,0.8840332055286249,0.9095843295083438
482,-0.9881935170427133,-0.09225329932144699,1.192725953769636,0.7772680757198398,0.7301333886649218,-0.19526699650893764,-0.42665655607124525
483,-0.926663582084039,-0.9126254456804626,-0.9760003885620774,-0.847002030908283,1.6722954480574548,0.21325078719635734,0.2752050503942276
484,0.7268082601888264,-0.90084851671816,0.7710579202739468,1.3017069754172295,0.9793536412465188,-0.34520237764728245,-0.5521562474330047
485,2.3749681075445466,-0.8330776774647233,-0.07176767043670111,0.16676870550160278,-0.6493699449971893,0.1753054692880931,-0.4349358887081333
486,-0.2079630466427011,0.5047421303492964,-1.0990694565457066,0.700779907479526,-0.1333804533598985,1.1113296522215217,-0.8201736849327337
487,0.6897621222377673,-0.7206275267475514,0.20045167111732665,0.7200307012632928,-0.32488017946436815,1.1140689868557416,0.1734978493978332
488,2.538964099462318,-0.18392605931122616,-0.5656566982122962,0.5504662971238228,-0.1576675581785018,1.0641309043101845,-0.18791583333331877
489,-2.569657239093401,0.5516214360771052,-0.732067818660443,-0.4037634654176589,0.0705906110038925,0.9548125609982419,0.3864571653326765
490,-2.144044565849421,-0.9630477436739865,-0.18360886083714756,1.7142858565990633,-0.26173104211156667,0.024073855382490343,0.9417601849015766
491,3.045322842403386,1.592781631988929,0.21950282374589766,-0.026889913744664064,-0.20053326249295608,0.48705897819434896,0.042765565610308816
492,2.0309308496429046,1.3845120999513783,-0.04928239428419374,-0.7813669395714816,0.17276440922247285,-1.0837811709256449,0.3588206630849591
493,-2.7641232042911406,-0.43850572176166613,-0.120299008495968,0.032798177127963526,-0.300364556376443,0.1919048925835083,0.8082435917446408
494,-2.0293266181126093,-0.03126485135697767,1.5694237027251736,1.5405806751816757,0.09162085791410383,0.8865813466462736,0.06401076282452968
495,-3.2842721891334024,-0.05935802316447187,0.46604772286540525,-0.18748216821789318,-0.2703381797694723,0.2329498269815447,0.1462365358416753
496,-2.444324248390974,1.0900831401374227,-0.44309199619391826,0.6950964224578825,0.03120783872340064,-0.36037847281959495,0.29403395392006654
497,-1.382938303691232,-0.17166505833899356,-0.8488288379894501,0.18272323959293668,0.7813885067153135,0.25971223079390277,0.4634026718349756
498,-0.7193982807907119,0.7774553981597988,1.5022193317711459,-0.6433486291439666,-1.1408265888076248,1.3201172061358872,-0.7959563732074891
499,-0.16285965003839772,0.33635701498475656,-0.8926461209310809,0.84390799710086,0.006635015733736257,1.3191513603275662,-0.3031967045685043
500,-0.5689231661130134,1.1036179719391577,-0.633349527670581,0.06443492082118714,0.3797311874889401,-0.7325867130963862,-0.18485279561250179
501,1.949025593619058,-0.6269067998998424,-0.3264794486121321,1.4546692126166794,0.3136765413212146,0.14450897895770337,0.366214944304342
502,1.689291654941804,-0.1942732439038572,0.02015130062447629,-1.1624355646429114,-0.6396703018440275,0.1602560149341608,0.7490057629074617
503,-1.0995410481121237,1.1526569648709557,-0.36719411907776206,-0.07183492116171122,0.6444345882472224,-0.6832106111683426,-1.0988834200626045
504,-1.184106778317097,-1.1301590360228033,1.6788003924212267,-0.9820825351543203,-1.2742890205155153,-1.4215083196330345,-0.5625050401162544
505,-1.2758089641979993,-0.9107871343199336,0.57922697916207,1.1613346199681953,0.254744388005536,0.05739148625441274,0.8317911645548778
506,-0.3359881657056373,-0.16600888974446307,0.9939512496057145,-1.4254511581255664,-0.6206601014887411,-1.286825219741158,-0.10213232986458302
507,-1.4058837253109047,-0.07409137220719993,-1.0314714157561566,0.7154082068757366,0.25209206852567434,-0.9635217898038436,0.49957515432335664
508,-0.9250881247319078,-1.3825734898556763,0.6294403293697045,-0.711793636973138,-1.0760756012713466,1.1607745120206374,-0.0028253485033326374
509,3.059906796924981,-0.04704793419993233,-0.49989792150522044,0.6597660204270409,-0.025221849774719977,-0.6760971744898028,-0.03637120710303171
510,2.3768029070159336,0.8886941740196659,0.5353156306715917,1.0754324870326324,1.1528491791471778,0.05841574077533622,-1.0525537083719467
511,2.4526730916186077,-0.8358001599267603,-0.6580400459813167,0.053256703020156664,-0.7017489567592605,-0.7764460938944684,-0.23672033663024572
512,-0.7668222061701258,1.4898148424278177,0.2958965038545089,1.032255347982005,0.969366809549367,0.051055091160565835,-0.2566646835140723
513,0.585859782058577,-0.3961861916219165,-0.8193490804819908,-0.48217062031757246,0.23221451996341125,-0.06561967826225971,-0.3333943190991092
514,0.28530614822956807,-0.47615655390532813,-0.6518380710693344,0.8838621348631753,-0.11558402066859906,0.513778328432387,-0.5946870274847506
515,-1.3977253173917543,-1.5464668889746218,0.18083829288368009,-0.9378994116791417,1.4733429825898794,-0.5181017089278073,0.15542204528801343
516,-0.6405201622220912,0.4315431312250289,-2.855958859883075,0.9921319587900989,-0.9501871340597362,-0.3295560766667488,0.5112088849678424
517,0.845509765874587,0.3105636378586152,1.2396567675931935,-0.5386577120350493,-0.07809608906167226,0.04472226260657591,0.639504656495416
518,-1.5857128816655326,-1.1914594362114237,0.6630182803759244,-0.7809390449875476,0.6229123365230443,0.913004256760503,-0.17469901445330932
519,-1.9076097589433845,-0.282926302022468,-0.04283518826948732,-0.10821153625619513,-0.5551615594923636,0.291108017520266,0.4629411047216646
520,-1.5604267918160377,0.654162766512333,-0.5771333980704159,-0.345499860331059,-0.05485540671450927,0.4366805675791464,-0.19271454115981615
521,2.9262224628376354,-0.05195512835650211,-1.1801442251619925,0.8146004202089338,1.0361171278290982,0.24479935649091003,-0.002142864992178547
522,1.5107307458208006,-0.2990702250582327,0.2959067165266435,-1.6356680154971965,-0.8943254143620037,-0.19231150609192413,0.9294585829247655
523,-2.2321109496135256,0.06217727615082368,-0.17098918766051072,-0.26010219099382825,-0.5334335996629039,-0.14735989811014216,0.5517484921869491
524,-1.8507286663783586,1.5487463380917683,1.245408982460661,0.60672878181142,0.3859511312628926,1.4171617315203255,0.241839434200827
525,-2.029097596905091,0.4726886776853627,-0.5959276614491847,1.0886734871697035,0.6684629297545734,1.5515759181412048,-0.5785928248149629
526,2.5665477986147396,-1.1265204747667896,0.8200162887900823,-0.13508234377481218,-0.4128145915612087,-0.6645252080698019,0.12597081803515595
527,0.7468598328275461,0.9690600384077674,-0.4184471125909991,-0.5950679045311126,0.8842724389928448,-0.13152395401505207,0.09943382047779085
528,-2.0611584386933832,-0.6514110665120783,-1.035526589990895,-0.3409957107197608,-0.30266783879997927,1.3746315056224259,-0.8712085184559302
529,-0.9276322080917425,0.1325594469311096,0.6185168401734856,1.3461785870375185,-0.8778714909387123,0.2511564991562415,0.15107226821111128
530,3.086801298716395,1.1071761265373057,-0.38980726785127623,-1.0655626382367545,0.15037996353879363,-0.3032275246601469,0.007741201240014652
531,-1.0613741361007718,0.21122396061336177,0.7894337070184589,-1.4739447692720151,-0.8295700244230979,0.46345052710808526,0.09161590925217276
532,1.7008023571384578,0.026734104103471032,-0.775932614822055,0.5132385847915,-0.9598184814352867,0.12751561740835163,0.45727941819326173
533,3.084541802266852,0.09200671881265814,-0.21877094241541717,1.1512132701942732,0.07354648746305197,0.47435980522265986,0.5446249675403417
534,-2.1596950406123816,1.603158806431672,0.0149245440705582,1.6298331681006037,0.22183745841596947,-0.3285076575847919,1.119292734944761
535,-0.4709366764754303,-1.4026279004235223,-0.9688328757293138,0.4874076762543222,-0.19081781313379045,-0.08074873323226536,-1.343152639791997
536,-0.6004072518363335,-0.012311535086986116,1.0402945461231836,0.46324873395983673,0.49956914844117156,0.09593052733862642,-0.4998026317141276
537,1.7226979681779329,0.795305323703018,-0.41560655932287116,0.7722110699625578,-0.6288915383840753,0.15095136402114373,-0.319780578268183
538,-0.31675061794622944,-0.9297794231415879,0.8292894640803036,0.39182326159621467,0.13184567323351296,-0.40685364791094847,-0.05761788038060188
539,1.2923965787484433,-0.5618435413701329,-0.2786287129279185,-0.5407030527922322,-0.141586669960452,-0.06502232919262094,0.41286086346150763
540,-0.322605279188942,1.5916648487727647,-2.7527220951785623,0.5166521224022063,0.10237341961743031,-0.6081081285076769,-0.5103855656056039
541,2.8150138739641513,-1.2109162088891774,1.0107125026476311,-1.983904676138178,0.22209357230591237,0.26161456719642673,0.602583269618034
542,-0.635379707384228,0.6235033504036493,-0.1148654412263998,-1.7050479907550071,-0.5608346114722091,-0.9998959024884223,-0.6161488640911126
543,2.1181223418821715,-0.9174612482319178,0.7700892204396649,-0.12121148878953944,0.6154514545008595,0.029102674588927475,0.3809318037682522
544,1.5593723878483412,-1.2791527744167295,-0.854528427953987,-1.3758292546379307,0.1501124511055335,0.13010475096631158,-0.7196821168906166
545,-0.050673850752761714,1.5119636853616798,1.1906358475525909,0.1784012273751834,-0.5774004093815054,-1.0592231442014706,-0.3801265037620717
546,-0.8539439998212436,0.7823891281150942,1.22239782829579,-1.7050763235124673,-0.9663830876092505,-1.4952489593482567,0.07562257966347016
547,1.7229823773678623,-0.5429070558943629,1.118120339339837,-1.084239357983693,-0.5916655409979079,0.6197132840293759,-0.012730129471713187
548,-1.9289666472328815,0.30029950106962977,-0.6307267995643948,-0.7354892764904716,-0.3209684328233343,0.8406177871839492,-0.01616717090731281
549,-1.6441629668157893,-0.8873568619345283,0.8767699449220762,-0.9878648998447283,-0.8160746206725529,-0.37321635127452363,0.002924388781295758
550,2.1663180397223067,1.114038850690399,-0.8991736603182355,1.0890136994856063,0.03075111920759471,0.1800432591331341,0.39079275905886496
551,1.7884414742225183,0.4366385576340756,-0.6127332579391936,-1.2856994799420374,-0.7546534871225483,0.5369067799961245,1.3535378826161775
552,-2.0051811834767808,-0.9833055723157734,-0.9343010742910911,-0.5742575878658781,-1.5577979348929833,-0.2201066581996779,-0.20182541843023521
553,-0.9212540644415838,-0.29805263835026724,1.179586366143098,-0.9014305222997876,-1.0452200017864264,1.1034558334149072,-0.3428266694189039
554,2.6114763050894974,0.40337294193238904,0.9116696738944947,-0.4195989353652825,1.1420549108632778,0.7249925424913507,0.7999042989418811
555,-1.3922883122412963,0.24490637370398324,0.622109874333327,-0.9041178334374733,-0.9287406398764086,-0.17048331063063313,-0.9469563479476893
556,-1.0745642484067666,-0.2774455589439716,1.168575431778422,1.2356137027677865,1.2079931023135941,-0.8114599741218371,0.222595729971523
557,-0.17842835680916053,-0.18344247796073812,-2.3339449293306376,0.5588214754580497,-0.34231617761575467,-0.4077293951105137,0.662780322712619
558,-1.920909680315576,-0.7159035563815378,0.04306038632795218,0.08722123491321233,0.6845820406718776,-0.5316540902244479,0.19619857604955898
559,-1.857316832805966,1.0840481520603145,-0.6928258115356696,-1.1481821062643183,-0.15291497367409274,-1.4047858448729296,-0.7115114660206721
560,0.5746833669660065,-1.6020899227928802,-0.5065949393113692,-0.8931453241160374,0.40100209450154956,-0.18165394465877174,-0.3737642754441905
561,3.582031010440736,1.2276401084012902,0.7080229319833662,0.2895709974337831,-0.26496330894524733,-0.00354970131135066,0.036207832763913705
562,0.16480015194129688,0.44873168924421497,0.8750231218008122,0.739784565064092,-0.3596107217489614,-0.45855985765108753,0.5178846449511592
563,-1.2513348158023103,-1.0336566450806417,-0.22982484595470967,-1.5580650142927872,-0.6844245380312345,0.7710999667258595,-1.2814832026188678
564,-0.1290658818516092,-1.199673265227213,-0.5183086459211882,0.1074105492640949,-0.02479068398023493,-0.3721846855350223,-0.5768435496108658
565,-0.33927262853513596,0.23143132977279274,0.27271177051944767,-0.4389413677864364,-0.21864551937847257,1.159557287777084,-0.0769797123642585
566,-1.2255368560782418,0.012916578375623157,-0.07403869520977577,1.0444681899419967,-1.929045914109323,-0.5922847909203174,-0.458122977950189
567,2.095988137760219,-0.5180579660956806,-0.5599961569534079,-0.4685177752391417,-0.17103941944999027,-0.8834008241202888,-0.48184956868023127
568,-0.1591058893764093,-0.060975423853542106,-0.3245738267497716,-1.100927541530183,0.5131924761538866,-0.10645270509833889,-0.6822904598282978
569,2.1807374458494815,0.8001883517580273,-0.7148611801986642,-1.0946578765273414,0.010992281953786768,0.8963372663145334,0.6927203897862015
570,-0.739890259040941,-1.3326202224500079,-0.5746012825336331,0.45372401735590795,0.11258193106793535,-1.1865068517159347,0.6010918366540062
571,1.1933450556893666,-1.4108182394648565,0.30864614724020484,-0.5522054094658698,-0.39415954823111005,-0.4340276240768379,-0.05771689419510933
572,-0.08001822456583134,-1.4087923868087242,-0.8468644334349718,0.8283423536836932,-0.08234294004928394,0.02005951048669995,-0.09035980165794265
573,2.4842340127910543,-1.5225131777013046,0.9122382766055701,0.766047680968244,-0.24607192463725122,-1.5284219523163995,-0.6321657289202812
574,-2.26116165262396,-1.5981176325631454,-0.06803160781933366,-0.13500946472895792,0.03098024552135246,0.8819470102557864,0.6399570433776707
575,-0.7067589653969527,-1.2487355861295242,1.4015890269867948,-0.4324748295762331,1.2896834341618233,0.18896586239103055,-0.7434381081309045
576,-1.6426590824834635,-0.4529533173848234,-1.3831227268099244,-0.8294532563215246,0.19417525645947972,-0.45839452293544625,0.17779862281768746
577,2.4833873143886764,1.0423741749834556,1.0954618535523655,1.1594775995694893,-0.7720019811783704,-0.09270881052567356,0.37686520700969517
578,2.259483633127448,-0.18213782082138558,-0.2338997669647069,0.531869531537209,-0.19196763080049578,-0.9338333755087762,-0.08419775875947205
579,-0.24443142752829666,1.9313180264729892,-2.546613971362983,-0.7989748862406387,-0.10751601328730184,-0.28706488536574803,-0.9667106510728504
580,-0.3414548253735657,0.8979881946805701,-0.7266195984731387,0.17510672936148589,-0.3878622819316287,-0.20041312050138751,-0.6151399231801263
581,1.0400137913773577,-0.17794085735878573,-0.09816471747258089,0.45342530536428366,-0.06539527133080507,0.2632579600294274,-0.22177012163389365
582,1.0725380483431928,-1.042281823404179,-0.6867000532289038,0.3365913048098579,0.3601929717133662,-0.7698355448604471,0.022077654662532996
583,-0.47455555961122353,-0.5192029860559341,0.6313797049286137,1.0693021537950924,1.1392310405577908,-0.7606999196330225,0.03161994515805455
584,-0.6033312843114605,1.167558068632035,-1.9050816365534409,1.0842675596652744,0.04983876421385935,0.5239001782313314,0.8310555909309612
585,1.681302470971019,-1.2087213590697032,-0.4986847316767365,-0.24439400795210248,0.2880162584956693,-0.10381355216839405,0.1057817986329379
586,3.544057413049366,1.1055693884026547,0.4725087669070045,1.3208355385798756,-0.21947136340400233,0.4962710315101612,0.44154223613920685
587,2.4968110436483415,-0.5616657718211432,-0.6982113612024259,-1.8811646116934735,-0.17098900143177514,-0.690729405688661,0.06542351205583247
588,-0.13878747454195617,-1.2938011395709315,0.5354032867950004,-1.0915570513898378,1.1878596222623636,-0.24274036270827623,0.5840735347254246
589,1.9660981640507755,-0.5566337959403097,-8.663744928136361e-4,-0.017666579359396722,0.9746324959113305,-0.5575315700781969,-0.6731324554825242
590,-0.17885677162096128,1.5421282326610193,0.7411668534994049,1.4856446135402208,0.4814339028519073,-0.5146789871857875,0.030109102347983363
591,2.00916655892732,-0.7423703810375001,-0.48702730357722485,-0.5043447996726469,0.48251465503457697,-0.4489057230288054,-0.912471303496501
592,-1.2649305831797966,-1.4910349893533377,-0.11248709306372544,-0.7138728358215459,-0.33707239099906117,0.6131932703311844,0.05033990422695925
593,0.7944291929464788,-0.6693248213515169,-2.473115176662473,0.9710432901095231,-0.10422296083082007,-0.3356573057679945,-0.9013680468181374
594,-1.61747116720656,0.047008425279929614,-0.8406520943234852,-0.6775105362862238,0.3050623694308191,0.04700214310877829,-0.46261832963672767
595,-0.09738479755879866,-0.5953347156336584,0.9178273439201021,1.016391239104883,1.2922947472866366,0.21665926680434824,0.22748688620690252
596,-2.0649789560510285,-0.18155907152239462,1.3428587352266492,-0.7536396293354053,1.097303393636685,-1.0804238497888434,-0.20231082088956825
597,2.3290886490906644,-0.5914745356123275,-0.3040273432312943,0.3732780631232802,0.6237828524597482,0.7292954547482549,-0.5001681171423648
598,1.527272217376693,-0.8033429775239112,0.1557919957800327,-1.2981430834532972,-0.4773916086085622,-1.1461651678087468,-0.7369798645413915
599,2.462128000594301,-0.617442049667123,-0.6227547124782026,1.5062220098644636,-0.6193764198250273,0.1809061397946573,0.9238818162626203
600,-1.0778437191638985,-1.4648865606409238,0.6806107728990904,-0.11655755020706421,1.1362580746823139,-0.21413277893215346,-1.0497219630821248
601,-1.840892167158283,-0.05492818269268311,1.7165576591717264,-1.3150165574186052,-0.6888946405740498,-0.22237054956618763,-0.6470529781905914
602,-0.6585717172105474,-0.8246575496611903,0.07405448836397217,0.24260811091387938,0.11368124159331376,-0.1514941929703129,-0.3995991270656024
603,-2.584551921423897,-1.6136936448229,-0.3664584670876474,0.814421769197167,-0.23438177327785445,-0.38045748191847467,0.13082260488892336
604,0.44022952164263507,1.7670633387075614,0.025338095711712912,-0.6573201900821328,1.017273193117926,0.006230698548519738,-0.09554562339514978
605,-0.9028880849853143,-0.9216121204706287,-1.7171288433143232,-0.5892586114313881,-0.5187539993738159,0.14433076278795962,0.24666973965626995
606,-0.2477376917449941,-0.31335864021984616,0.046250697910026915,-1.0075267820968858,-0.8786182753135029,-0.462225430458237,0.04407333644420658
607,2.4524418219061563,-1.675985447647026,0.8356430541713731,-0.8657551292420645,-0.5866818689672941,-0.0660675844517503,0.9478856329374339
608,-0.4800111443677369,0.8243413618820092,-1.398338398775945,0.6727328833161754,-0.06272878800725444,-0.3433099534822349,-0.5269939850818562
609,-0.11381764720484958,0.31019093944986137,0.8603908935707747,0.5895311706355499,-0.8623422958643281,0.09710532018096459,0.8970591942328444
610,-2.4087368121018766,0.5164966352043515,0.59179623927805,-0.4835527905031597,0.5261512382643715,-0.11079449262369748,0.30964502262993887
611,-2.1850582149339677,-1.3213468570293647,1.2971689080781699,-1.1704308397198522,-1.0916629479870412,0.39357587977621805,0.393781651797409
612,1.4098038412667684,0.10954188574681575,0.7899821698791956,-1.3602397473497723,-0.7983632632325558,-0.04682866073604051,-0.24699856737269116
613,0.7452241723029477,-0.8094855640233964,0.08911451598060882,-1.2752908744404965,0.05832917150202727,-0.027606688632555804,-0.5418992346144945
614,-2.4142453618069353,1.5089527850875317,-0.4785913537287001,0.3541994805193956,-0.18931095371628645,-0.3703649879750079,0.6266375410938072
615,-0.851346745729531,-1.4651224990856444,-2.84935760838038,0.6598167923017548,-0.7126782782367724,0.19794570559534208,0.5543194411883476
616,-1.0559980653857304,-0.3952444749946749,1.5256871886367818,1.4838806133613496,-1.4002952182098272,-0.48245564820808506,0.028735550271829245
617,-1.016052938121568,1.5230126326487838,0.3489529581685749,-0.6659405364330973,-0.6859615166240524,0.24797473455011323,-0.11197069661460468
618,-1.6632066068710776,0.363429876498491,-0.5907412977228433,-0.39971265067349687,-1.5955092568863047,0.5658585988624577,0.7423733548023824
619,1.9778129113466216,-0.41655507027300914,1.1928387409002799,-0.7440618526775755,-0.9907861622525993,0.1554986160858169,0.3794946266275187
620,2.2473806567462793,-0.6423262919142866,0.24659037244111853,-1.4077048872301636,0.0727607370298438,0.6343461216843022,0.5845873902126252
621,2.3683732974525102,1.2538530954806197,0.4512289501436279,0.9863817713909327,0.6012548243318309,-0.3222077793172005,0.784567377416174
622,-1.5242997240425633,-0.3077175825725786,0.6466198971693546,0.7463734947777114,1.2625391394047425,-0.7166252286123637,-0.6285653978558682
623,-2.4845513149851,-0.2057643524365801,0.6207721238316996,-0.5272539251946965,0.8023349271499954,1.578723754522553,-0.5900099248120437
624,-0.31058180800907803,-0.07675154975259174,-0.18059216336738265,0.3535089585211649,0.548421700389488,0.45397163262254236,-0.4179861722672579
625,2.5373671502904402,-1.4082417336661333,-0.589360350426798,-1.4657563626466414,-0.00629405948119627,0.8723038444731418,0.24848202127018845
626,1.6981829042695675,-0.5397202259616674,0.7526244603889584,-0.8281690689074369,0.06078760419621675,0.7149021658977286,0.9714153200071912
627,-1.726372114174607,0.339398422046218,-0.6588311987363593,1.4689011624979718,-1.1313098792739453,-0.4603235318595579,0.40666664926891716
628,-1.678446382106492,-0.6022896667748782,0.7603498214033619,-0.08803156464715042,1.0267697086119116,-0.11798103159024827,-0.23522981526357478
629,-0.6670001361950976,0.640415266935181,-1.2330080910473025,-0.8396225942233334,-0.8507942077901846,0.13223416853961303,0.24406959211880208
630,2.7991304274773303,0.34797877564461716,-0.3022921964740676,0.9822751840933629,0.5107988005001625,0.920922250188658,1.0191343002992006
631,-0.4208014376150218,0.4298820443714973,1.227984662986439,-1.381378583602593,-0.16458576000948577,0.5862061923095975,-0.026215939660668465
632,-1.6378541790509038,-0.4272133243442209,-0.9276790419074041,-0.6702072935876873,-1.0007125816720936,-1.3460387220000112,0.01934769188983367
633,-1.4354975409233908,-0.8103265813367936,0.9016210229635336,0.07655715776570979,0.7765705525093343,-1.2016110305002765,-0.01236157975635349
634,-1.0305531950597329,-1.5222791213296454,0.13181293108242711,-0.17691480484486957,0.09544657695394615,-0.6865714929379528,0.1749483300298901
635,1.7918678006573794,-0.6549507184031249,-0.02189678582193838,0.5741814864959724,-0.4559904179964015,-0.3984027126453361,0.11055306958326942
636,-0.07631758305665588,0.21184788318804823,1.1166311367286799,0.6742505000889418,0.8647720315399249,-0.3851936219992976,0.08775962069161633
637,1.014091206523523,-0.70465563130644715,-0.31810140707593326,0.43173870489280863,-0.025571605198124823,-0.5652633658294888,-0.34905047573480213
638,-0.28702350382748854,0.5888936579432005,-1.968877198883732,-0.2825730896500319,0.8123513405985138,0.01532983685756231,-0.14959517241887677
639,2.780480118291256,0.22350172527002365,0.8978598704041404,0.08825664965303393,-1.1331533048217928,-0.23354929812252495,1.0492949280686146
640,-0.9364458073354731,0.07978679675002588,-2.0689498983509043,-1.2841065411058552,-0.06686462667859068,-0.5407134145396153,0.5968964307575402
641,-0.6633413214261374,0.9508474108445729,-2.7157438065523363,-0.06495873442796272,-0.05281541809268316,0.452813452547798,0.6552364394660303
642,2.325096652803575,1.1947069278750624,0.42097946047063733,-1.5517383450513997,-0.4065635408442615,0.5985380272307663,-0.6476160513702417
643,0.08698868725659363,-0.5287182324845265,-0.4739164996493372,-1.025165956119691,-0.28127868399681877,1.1515901128914747,-0.025617829716196194
644,1.977730525950574,0.06731813446962404,-0.7170208106425772,-0.9667468511681672,0.2039788389091747,-0.22371119013179833,-1.158812787485583
645,-1.5160576526411889,-1.1691799513864136,-1.0991870876088425,-0.690664483139461,1.0631742413801002,0.25343249009019897,-0.8133955814472722
646,3.073778927111957,0.9087300359152828,0.6349092215398535,0.3106857048831694,-0.05137828033946969,-0.5095963674774958,-1.1921821234027818
647,1.9970919994948786,0.7355704456001625,-0.44080262701901834,1.6232042819020085,-0.5810706052773785,-0.3180856789855258,-0.7823881980198332
648,-2.8927740678778684,-1.4088327286467033,-0.9444805726239289,-0.29185301141728376,-0.07014738717209636,0.5602212773779337,0.417357457621976
649,-2.63161760894268,0.09179450188051633,-0.48058590374711313,0.8870646636983772,-0.9759115528742522,-0.461128369632424,-0.10542719278224617
650,-0.9319359955991056,0.454176916410927,0.522515466269432,-0.9667186854488258,0.006948175235832275,0.5237708476946271,-1.1293833209146233
651,-2.8091557111542382,0.1951775205963978,-0.8099154507017684,-0.2959290792206442,0.44688658144570165,-0.5224527130350368,0.5648092159496699
652,2.581539316117066,0.3016875103379628,-0.7814685971698122,0.10449680480231165,0.1339803800546192,-0.8016146163281971,0.3116110610960508
653,2.0569163785651665,-1.0909775749209762,-0.32034597159694356,1.0666410847571401,-0.3373057964783194,0.34077752612691703,1.6029156877139354
654,-1.00566435379392,0.2680232424043863,-1.2139099979157049,0.163545468672614,0.8074340757707729,-0.36347927874319863,-0.1314040231596788
655,-1.4713095039106485,-1.6002271235274939,1.386033706377041,-0.8676823179323532,-1.8486336564090324,-0.06615952356032055,0.0842554006160264
656,0.5370467965091154,-0.5595082975612259,1.0829974658233126,-0.3072898019681089,0.09787190176913323,0.5640730257845032,-0.9075125578344946
657,0.2514513498261896,0.7870590911787653,-1.7277215119840255,-0.43696792765986964,-0.017866738962169074,-0.38765657782332397,-0.6096659745105341
658,-2.034318050815261,0.614288220247256,0.28923989031511443,1.8216257569591292,0.08944885501001242,0.3580987847774561,0.23942303039350218
659,2.2261957779257284,-0.843011301125148,0.7687275836281531,-1.4356791291768118,0.7817027014271142,0.32899456093560525,0.01697707173036351
660,1.8309473422391855,0.043785697940927466,0.13744108411709238,-0.5293629978312725,-0.492610953527116,0.1386256387314504,-1.133992696939444
661,0.22961488917418027,0.6072693182110215,0.12874403788034655,-0.6011384836818565,0.15809582556005636,-0.40902681618886516,-0.6776257387788813
662,-1.2304930111864478,0.5484268389999581,1.2404258596425164,0.9243889608885909,-0.4098284845190244,0.041161902710071925,-0.8746126826968055
663,-0.9010722502876624,1.5657757441825007,0.7842690026840959,1.4672753176386666,0.35662122084436637,0.41423597978492405,-1.127243753136526
664,-1.2715484684566185,1.1792007492993746,-1.1047149959171219,-0.6325394349250489,-0.7590817760562003,0.885557201989074,-0.3930403750809018
665,-2.314560456909437,0.36982115061999415,0.87176641562734,0.5605524619081498,-0.03432189256318031,-0.06709932355533725,-5.211734411349462e-4
666,2.9717827139384982,0.18263305647295355,0.2880907689389917,0.4953679027638435,0.18933088830595823,0.5733359214851674,-0.17533499370676864
667,-0.721719276526367,0.11002095829318936,0.42112438864768703,1.0602245435163848,1.0639843354892713,0.10755793375758348,-0.8225989852259231
668,-1.6768186415196698,1.227260604033755,-1.8946993759118826,-0.8365029432190744,0.2077825766335804,-0.06076076109821842,0.25431482914959413
669,-0.9701348899682096,-1.4035827213099383,-0.5106740719255234,-1.7450338511109416,-1.1131383419823695,-1.5362499390046238,0.24369209392826932
670,-0.9522233158399355,-0.8719593320981802,1.2917046532863647,-0.5538264754641347,-0.7277565620483556,-1.5396302627639193,0.23266401024951772
671,-2.035802019291928,1.6731877276177787,0.4112484441397847,-1.153228624741018,-1.6647074434301692,0.7374501108811753,-0.5789834388238944
672,2.363173219441605,-1.6721560706147922,-0.9590101505165118,1.2649248583162889,-0.8533526274494486,-0.7849862312672269,-0.6971807811476247
673,-2.4188331711793682,0.8274831479444158,0.7959693473265771,-1.049378834627086,-1.104855851947832,-0.09239892141099763,-0.4238090869951188
674,2.3924301914849995,-0.7608643385751794,0.795104709774059,0.33542427733646335,0.012824570006988976,-0.9337970449303906,0.5058404905166138
675,0.3106335856116591,-1.4688142155143658,-1.045624692696878,-0.6232323698374994,0.3814838626447801,0.09242342522645236,-0.31360811740555494
676,-1.7113685555962246,1.4067727367158251,0.5862370724684656,0.7997939466125139,-1.941240375104849,-0.48073507176292096,-0.3921380973168163
677,-1.8187601901959638,-0.8707808538808465,0.08231003573217849,-0.06356600285572778,-0.9140031671916643,-1.100746037154442,-0.5124947774596734
678,-2.7615733849305344,-0.6183516112353744,0.31748023107067547,1.7550606319816149,-0.2829165989985731,0.16242738260359046,0.2242586191515266
679,2.2802795291616937,-0.21031842142975826,-0.43324910670962935,0.5809869454376705,-0.17026945262563906,0.057317089753246564,0.8971734561214605
680,1.9920014921536686,-0.0803934581669373,0.46580739095912704,0.17476045388971612,-0.06089693105104491,0.6893261725893987,-0.50446571058067
681,-0.7719333950377659,-0.9128739685782837,0.978711503603492,0.7020752289114026,1.4836426223167738,0.06921915794884557,-0.7742585267634127
682,2.4484984174015865,-1.0093699831265492,0.18602259326437803,0.35066016703399594,0.3354363480689735,-0.05083411169770157,0.7361257401577851
683,2.565955385151145,0.41342543060932824,-0.1792748607665268,1.081724013969661,0.30148471853541625,0.27140824268287733,-0.16894326371554985
684,-0.6274956331275073,-1.3563011616731337,0.7756326584935261,0.23239235596790037,0.7669368930619669,0.4774398203390266,-0.3061813659179064
685,1.81614430271616,0.9930847591042065,-0.6354432743199601,-1.0385888585882572,0.03269108426866625,-0.38659391808091137,-0.4098432907237468
686,-0.6611209598672039,-0.33207877827380533,-2.367924938756087,0.2551859833382513,-0.42558071547706555,-0.36808949907272837,0.583317523538963
687,2.65568232229162,-0.5203111098867945,-0.9510341086980311,-0.1944788274644248,-0.9780669080149776,0.990753460612036,0.4619996737982274
688,-1.825226272129059,0.8373007721912471,-0.308657800528135,-0.07462837960467818,-0.5633878104643132,1.314265095706778,-0.41651882753998326
689,-2.5748688289122543,0.4183600968134757,-0.8711295862203878,-0.8476796320963987,0.4267698174228881,-0.3617421603070162,0.9196755568041631
690,0.10431565181272029,-1.1402500797262027,0.6229255508303412,-0.5733666393648489,0.16160796163017466,0.2423918734365417,0.31985255518035044
691,0.20637933317336135,0.8723636263259931,-1.8891683107127928,0.7834710399204518,0.40082785221800893,0.5012371767041219,-0.6625978497663599
692,-1.932522727964195,-1.847815587500155,1.472284269898296,0.7045391647961623,0.23569720084718127,-1.0496055900293764,0.08400762216543224
693,1.7681365379478544,-1.522548943029509,-0.487558865639125,1.037682888388255,-0.2803832323590484,0.6495076891020527,-0.0230800612406951
694,-0.8048440615999535,1.6138557966410596,-1.1782517661862641,-1.3875256076898812,0.5010101924327598,-0.11540879645921273,-0.9751863198885599
695,-0.8453467754818715,-1.1801866454644723,-1.0215767185729412,1.37202939176888,0.6052813341818687,0.9974263915818167,-0.24882841575327458
696,1.3233136075069942,-0.4472275843314476,0.10657084092351968,-1.1082625682983671,-1.1848553245982028,-0.5102632628695857,-0.39166269564803935
697,-1.785788197538209,-1.63625205494929,-0.3472596248217357,0.6988855283953634,-1.828083560706568,0.13249923586756654,-0.5117171982969191
698,-1.053554309125969,-0.7508095767882838,-0.32553139313629853,1.181710918972351,-0.6824089328111168,-0.6671991274413331,0.5627023117009458
699,-0.5693505713175819,1.5867554995472761,1.065372308931457,-1.2589562000469496,-0.6110415879634099,-0.31901911723285825,0.13735877507581215
700,-1.320772440366757,1.6124816544199492,-0.19400931517738468,0.651209649133865,-0.3601032542712517,0.6739320026889039,-0.16315508205249976
701,0.29358792717799237,-0.01975906895866852,-0.7945222592394945,-0.7665993029769326,-0.12633942515705307,-1.1906943428405419,0.5114137274830377
702,1.4476582613290954,-1.0084879082826124,-0.30259704640777024,-0.4815554761319378,0.548791717290995,-0.08427973938090187,0.8235066746287527
703,-0.7204593214564795,-0.9826508484953786,-0.2718952844517367,0.05954524384326748,-0.5700228227541563,0.7133559583697001,0.08424323447730789
704,-1.5297746395093814,0.6060346762356833,-1.212421539642024,-0.06196185433199134,0.7512632918271831,0.6550792884730875,0.16182513725389666
705,1.7626389448762538,-0.4319755838394413,0.18047814488467223,0.29478888823189686,0.5723684302391516,-0.2786275519576405,-0.06725577708061697
706,3.6193708165642238,-0.11300613495457786,0.08261739613883183,0.5577888850652379,-0.09684699059138685,0.1423112824368508,0.23252097734092292
707,-1.5952912463784925,-0.9457680344454549,-0.4992072829296945,-0.3723149894345116,1.0883070353564726,-0.5272969384955449,-0.5068594179432278
708,1.9375041532609383,0.2602344280505039,-0.3378121473165758,-1.353654621818076,0.9056589158675092,-0.23599520667562596,0.30399166894605645
709,2.5112678945025695,0.7448395500488455,-0.6739802727010489,0.9979422593819127,0.856958980563876,-0.9170307112624653,0.7656290659031452
710,-1.7410637475178303,1.4691539310336474,-0.8038992916541622,-0.9210062061395947,-0.3441118820934531,-1.0141748986501495,-0.010908747849355383
711,-0.07154501595320062,1.5640037893406804,1.0762488066651947,1.2409126605615581,-0.757786000337263,-0.20071284311471135,-1.1120479362113287
712,-0.24121465143198775,-0.2970754162167843,1.1750527860699458,1.3252805073460043,0.42769620230141675,-0.017437676686991897,-0.8968066097533673
713,-1.5512339873480137,0.7736912571061897,1.022075930437343,1.5583707547882593,-0.6046919967538971,0.3826842472724354,-0.5026278836499417
714,-1.4521347041948753,1.4978207837298847,0.07067511018137057,0.8641637699167541,0.2556473132475663,1.034862480013489,-0.20720445558507464
715,3.5964963155325966,-1.348055375708016,0.6190367447821836,-0.46022549795474876,0.2763251610936694,-0.027447494163670184,0.3946885049029769
716,1.9163804580665185,0.12485620637499298,-0.5142608399884283,0.8961265961295545,0.7416469154826459,-0.5776599029292301,-0.15918247865051416
717,2.3198206793266,-0.7643262541804902,-0.7323331018267295,0.47340526568675767,-0.06071671670627332,0.25208232660499524,0.8439185725270625
718,-1.5923131410374987,0.8372194920811599,-0.15989742719704006,0.02237078111595402,1.0113176419361045,-0.5265572500503023,0.10210149377675443
719,2.8587789832600023,-0.5650281391768519,0.6010416857768802,-0.07037366713266012,1.09723145709641,0.8412684249569985,0.45594462868772345
720,-1.5846959528603954,-1.3672761089302592,0.9938281202600379,-1.2525882685159784,-0.8248482235047215,1.3656861475267588,-1.0620589410244423
721,0.35121059941944904,0.5347931200393984,0.6541453720065091,-0.2605506490526595,1.1779036719128009,-0.1409081819896664,-0.02772813123180682
722,-2.048610997979709,-0.5177797724474721,0.20907734551056553,0.2858729783073291,0.9427391077572178,-1.695292427133269,0.14038869712878738
723,2.035593106996299,0.9678547287369677,0.041100353829284196,-1.6618304140158848,0.6441595834485816,0.21130394064322505,-0.5604440211324385
724,0.47027452279444354,0.5173994796887987,-0.03375442538793822,0.941768043778395,-0.017523035473477565,0.608636734139679,-0.4131704920289022
725,-1.7437621016900915,1.6919581757467834,-0.8127369795055885,-1.3316692345964294,1.0165712215585474,0.5941104446186268,-0.4488396136410237
726,-0.9344766222369998,1.8554768087343994,-1.5588212151897805,-1.3101024238732626,0.25895054414722246,0.6678119116665325,0.2801262776369803
727,1.611951241263622,1.3067897644051913,0.6506656773678737,-0.7863944717073231,0.7075144394593602,-0.024304927862652478,-0.37155764794812635
728,-0.17184757082825464,-1.085994159398138,-0.8108643926123887,0.27907461671722805,-0.07908063397742988,-0.9628987545937671,-0.5549884114914027
729,0.024459981792934394,-1.7904101837080129,0.49221946283827595,0.49827826773119344,0.844904835470615,-0.7090878652181497,0.7522217893914734
730,1.7882792550141768,0.2394404219089037,0.5567391283395626,1.0574842619403166,0.2925916243156631,-0.19952706491552452,-0.562476109822484
731,-1.9477697033033319,0.9268695888498302,0.24282140999187862,-1.3196476908043646,-0.2364400882316876,-1.3316400570529912,-0.2123239285640555
732,-0.40440026000114915,-1.6109325877638498,-2.718545672790515,1.3986246831026707,0.5370055481466026,0.08332644685991261,-0.45893026486541677
733,1.6965993149868657,-1.1160604149162963,-0.6732924622505235,0.6554566946902483,0.09550913798340112,0.35724408142002095,0.713054951014585
734,-1.4206951390803013,-1.390762270027681,1.7373495792556233,-0.10059875037315592,-1.9508850491266638,-0.24579102049060172,0.5040852194041702
735,1.4220068478566652,1.463180883885245,0.01468673278826735,0.40035487881294285,0.5192904882619829,0.4202828497530792,-0.4750419228147377
736,-0.3207004355133794,0.4817921068233238,0.6204925190336328,0.8648801266677971,-0.3975860296816116,-0.7484056849079136,0.4368742914243509
737,2.286517558410601,-0.4243806906764821,0.13616947508843655,-0.989981323960946,1.0803511063825944,0.047662325789670244,0.21857243580864172
738,-2.68642822636045,0.8079939776169894,0.8172798018063704,-0.3883443433893375,0.40428049914378367,0.3088135384848831,0.752734968377975
739,1.4366704653771936,0.7597485189447267,-0.668794754796961,-0.07595506985019125,0.1962932480940618,-1.2433579878011172,-0.6503672354929735
740,-0.408944609162999,-0.2117039846732003,-1.8951283315892404,0.3032857622648044,0.5983020977623696,-0.40158653934382427,0.1747184387137819
741,0.234211651084259,0.9079501511199761,1.0714738683722256,-1.0516589474020286,-0.4243946406870098,0.026519027322840134,-0.5885532485581808
742,-1.4568178148806243,-1.6026078630684586,0.4520152704526952,-0.9656402551838664,0.849114708986298,-0.7528140219296118,-0.4744074270697072
743,0.005396363529237021,-0.4230394343137699,-0.9851956552877454,0.8829406893876222,0.04819355715369891,1.3034749871290348,-0.001495808367283181
744,2.5792226536936065,-0.8236241267562187,-0.12853877157470975,0.5719078487908061,-0.18052879322912685,-0.4539242817189692,0.6581688076642291
745,-1.2015548078871308,-1.123976065699857,-0.6446096736496534,-1.7156133258713715,0.23651997992021606,-0.29900549635947327,-0.7059930671628126
746,2.107627800179222,1.4580349607341552,0.2875324594385371,-0.27824454177989677,0.6516875405440592,-0.4267692719110223,-0.5985563712790811
747,-1.587215886318507,1.4542605028067657,-0.37464463473158127,1.686850738831897,0.3124761887278889,-0.30751582422333945,-0.07861550216579118
748,-0.7546099606869943,-1.1323434293376762,1.3562916979085646,-0.18185884420813653,-0.526061005628604,0.1346067079199897,0.48592533475398536
749,0.2743034629733875,-0.25232317132274956,1.0103377201988215,0.8272704193549708,0.9431321245854054,-0.06329142180021674,-0.389162040876557
750,0.12168531390211675,-0.31713651502263596,0.3403299173865252,-0.23607137082966662,0.0020422468488695473,1.218733902344218,0.6075735500241601
751,-2.139273554678185,1.0655113371529163,-0.048861271831557467,-0.08727979125064769,0.22518036713199843,-0.5629832116304027,0.38025755528052607
752,2.406538875472606,0.08064207205741485,0.9459229302291823,-1.745754653279577,-0.07938706964676286,-0.12519852323035932,1.0238691633917425
753,2.9085355271234112,1.4198739018218989,-0.18526359482876464,0.9090297419309376,-0.5218316782176325,1.1770254968437317,-0.15431711037658408
754,1.6788380254451043,1.2759780002065642,-0.027614187766069984,-1.4905156165282019,-0.2921975794663812,-0.5241289670904846,0.2764879848753414
755,-2.0155431383216,1.6039039187582924,0.5280522085769631,0.20229305267062622,-0.012432569526678433,-0.12529055723260946,0.7185809638307127
756,-0.9309373750272231,0.8145725891744139,-1.1309067326916251,-0.36968768697596716,0.38693577108555083,-0.8419503795525394,0.1969026582969808
757,-0.18268139971844213,1.2689400173729737,0.5313423958610483,-0.04378695154688276,0.5497553209777436,-0.0017207292280021734,0.04268513463536707
758,2.3439873351940967,-1.3727034736289263,0.6156294541306614,-0.3116397743156033,0.6218389554615279,-0.2058433843013373,-0.4865641827934239
759,-0.42970757378503144,-0.17976561101730945,1.193154385740984,0.9615427591223865,-0.8083082263717098,1.5413759409600947,0.13846442219671895
760,-2.4214209388187533,0.8725127466343154,-0.49966764973827,1.9276235625785858,-0.20991036173603683,0.35776140640309007,0.7944632489136165
761,-1.70503587783242,-1.5116681393625717,-0.6806568057062652,-1.1403557172972862,-0.05477642016707581,-1.6535820930904936,-0.4709195515568559
762,2.331268672310103,-0.43284695715039423,-0.5650343593161062,-1.211361354499352,-0.1217429226257408,-0.15243112110353657,-1.4561687739241613
763,-1.0256254500820272,0.2472505608276749,-0.6269470698631406,1.107253736696333,0.7221805408000588,-0.9145460760672517,-0.7390480644511171
764,-2.34077869642218,0.6412308407649793,0.5528956759898148,-1.1620893568029933,-1.475152078702305,0.2908244027186572,-0.024037968095893973
765,-0.058089911436780446,1.0525906287116307,0.24604681735149544,-0.08786819207564653,0.21558165902842183,-0.6552535874445625,-0.005691681425629032
766,-1.9507543883187264,1.0852648504430744,-1.121989265509214,1.0525128532471668,-0.028740927815498824,-0.7070611876812553,1.0981070437192924
767,2.4734881087607756,-0.8052589491333949,0.12025637959636531,0.10041153259845116,-0.5711834732063086,0.5268964323933736,0.8786120612714569
768,-0.2490258671320979,-1.2715230627422183,1.0351134128382309,-0.17770352877720244,-0.7982775046989297,0.9593353213186623,-0.22156191383345233
769,-1.1262105911793177,-1.7765911482213597,0.6220040319629583,1.2208279231146613,0.08068612734172649,0.4426850830470197,0.14474175619255522
770,3.3203162538886417,-1.2360710658806182,0.5252017443558872,1.0567932931788786,1.0227819297167684,0.2839441558391989,0.22406755418387825
771,2.4701359890881887,-0.8399451784136296,0.6052588424039291,0.28960928590302476,0.27798488007687305,-0.6955242630457085,0.061570062867671686
772,2.2068334029638734,-0.6158896223181727,0.40711741496981874,-0.4017192040457058,-0.05716173574277076,0.19717996843261631,1.2484180096829811
773,1.431710862319584,0.05614028833486456,0.5104179164722586,-0.7391290576873676,-0.3535256122162168,-0.8239179527395101,-0.22893013505706075
774,-1.8960304671864112,-0.9570139992314717,-0.9134871184048091,-1.2496697464654012,-0.44640778385046737,0.1750743315358946,-0.7254700546436488
775,-0.45388066889492307,1.5402848613022957,-0.7675074607341076,1.1153901995937292,-0.2638539853441783,-0.3036583454418071,-0.5061822476122918
776,2.144766738160394,0.8950433639390539,0.4152974865240377,-1.4936605997162207,1.3433292763269942,0.5692489240138835,0.06771500915500321
777,-1.1559946644640282,1.525414113277605,0.4098902369209838,0.9095021788198202,0.41150813520165735,0.6061779725468128,-0.31466588097253595
778,-1.096282823537409,-0.12452638125320915,1.3000513501682032,-1.0734970541378464,-0.3649244688341566,1.4099020615873934,-0.19026393699210442
779,-1.8223380626926393,0.15089881004633818,1.5410568606452089,-0.1040639251447973,0.29806547874110156,0.10081553163860534,0.07281176726386694
780,-3.112688752605171,0.06719762708963291,-0.7862869902599045,-0.6848110213299551,0.032834158947432336,-0.036551122915870725,1.1760650567753006
781,2.661344167036406,0.28444982517577333,0.5106711293356443,0.06576880435159986,-0.9108955731183097,0.9165555760107467,-0.7133905959310749
782,3.6531509692822253,0.690876393048026,0.7754989928585462,0.9308852171898802,0.6228441747709923,-0.060499368399699584,0.46505057090054147
783,-0.5412805380194116,0.5473892820097194,1.5052680406027574,-1.6809497077970983,-0.3905454739196798,-1.3393351305832264,0.33365066233315677
784,2.4137813817267886,-1.6249185191040805,0.5742532221539622,0.15150560843999888,0.9545573467455557,-0.46574304353647317,-1.1992208687865733
785,-2.389159960106527,1.3272936833797713,0.13716803500691707,-0.29851822786904353,0.7030573965296422,1.6242085619182864,-0.528420830526564
786,-1.1309962778006233,-0.9716338714070589,1.4267279061723739,0.8079384052744621,0.25990681345810335,-0.09106842385514512,0.08216878093100202
787,2.4467941486433826,0.5504722991210472,0.29234154040052035,0.35617006426304504,0.9580373239367083,0.41699829763677304,-0.25422727095309744
788,3.618581537290288,-1.5439732991895139,-1.3122888871802858,0.8746841009779148,-0.3145540978400702,-0.6155394181696218,0.4254936317314958
789,-2.9105902065085716,-1.597797248240136,0.6359370844668459,0.9683417868034829,-0.2721517719316125,0.26009783187886604,0.26763864734110127
790,-0.2579453815247816,0.2560455801657425,-0.24116424757028534,0.06844648506414384,-0.24902056448478976,-1.2275673050951703,-0.5348572322909848
791,3.597954762076307,0.7233515029533414,0.2663697365890201,0.07444679754786665,-0.1064543227714987,-0.4337483712424032,-0.24968141708410752
792,-1.8717823938060927,1.5489335903915376,-0.8867826393785585,-0.3904557530283182,-1.631188751884856,0.40257346501002034,-0.6346036989474683
793,3.271448397608828,-0.8066395429704002,0.09148258817077563,0.5657531293878116,-0.08815933997681075,-0.2610388286087699,-0.8304725386836118
794,-1.3808654161217728,1.0072011403851806,-0.2689715171608848,-1.038675977926877,-1.3948028968372317,0.5424768211470731,0.26115927429101243
795,-0.8353049476294657,0.0012595099032248168,-1.849652210711692,-1.1880554618547767,-0.5127231920783583,0.47287278480723477,0.40519037705321514
796,2.9996564741073053,0.027490743631614033,-0.36119731465366134,-0.3018272393814711,0.8557345302218339,-0.1445139717122158,0.7823085937196615
797,-1.6205669917854333,-0.7925352336448425,1.7009617787985503,-1.3927174853354507,-0.944514041350186,-0.0675515524093777,0.8473941471932851
798,2.441505109838442,0.8155790758632514,1.0765034510296358,1.2912448307266495,-0.6603998123850301,-0.7891545450955825,-0.6494453935870382
799,-1.537565631076196,-1.7807058166438618,0.12842569351934188,1.5094741104255673,-0.7974243932253728,0.4952732973983331,0.8888149278526322
800,-1.2058092025330485,-0.5389692918832032,-0.016723980728787752,0.08532275565340432,0.4680493731320056,-0.33885722297659915,-0.019566995805755567
801,-1.0959102890179708,0.1427339203037338,-0.0546891297903891,0.28978275892407324,0.026185415282813117,0.19057868736302194,0.94265496786403
802,0.6039654429607495,0.07933995307176694,0.20790027344400752,-1.0776179744930654,0.002864170578337534,-0.5191609285592409,-0.08042744550670704
803,-2.227388533245774,0.5717802729123566,0.5713602360355131,0.8653368580349953,-1.5173009496768608,0.033008073881209625,0.15920508746704118
804,-0.4800254884265958,0.8796382398101706,-0.932960059540639,-0.906721574636843,1.1558049327021844,0.6617678561028838,-0.25286444322650165
805,0.3784008896087514,1.4839905782113587,0.5862891599190083,0.14255121983668154,-0.10926076216115604,-0.6541573708876175,0.7987385954152824
806,-0.6549627222426341,-0.5126947878839477,-1.512471227324636,1.0990145270500302,1.0255533119859268,0.2225226380785315,-0.052611322444318896
807,0.26287310449519985,-0.8662353354405417,-1.345718254422486,0.3864762445793796,-0.3005057575080418,-0.27651654104958545,-1.2679677902157982
808,-1.6598316356948983,-0.07059250481439594,-0.5258419795322112,-0.8539948775485122,0.6877661469481846,-1.1317023838488103,0.31900165218159077
809,0.5486642717231169,1.2212915718047024,-0.56814073196771,0.6454980528412162,0.040288635708565806,-0.7865158566030404,0.6282732135428413
810,3.1163525546892226,0.8825688689802693,0.11064081317018556,0.7622626866435895,-0.4761391569763148,0.6691808733769287,-0.16113386960382844
811,-0.9007770894763786,-0.04649805993698843,-0.17705184904577637,0.21984519255366963,-0.09653616327352989,-1.4547780573136764,0.6659850291891936
812,2.138618354293228,1.1699018047122718,-0.48073513224968994,-0.16853708218607963,0.25134108429801516,-0.6644281140352167,-0.7712390930285639
813,-2.055343362164218,1.587983494939137,-0.7323582800162833,-0.9998050628314952,0.782862909759458,-0.6539881815727303,0.16042728736913967
814,1.7459775552132275,0.2945367953048163,0.6747577214770697,1.5801299231207284,-0.1925557955821439,-0.13742285773082022,-0.4872802096997368
815,-1.2544026218345738,-0.010050795293644757,-2.3124036732609476,-1.0594811504420538,0.8734404083212925,-1.0403202430471552,-0.34465755166656775
816,-1.2616984121528159,-0.7373237215012604,-1.227097088753069,-0.6302109293047115,-0.2769471997402576,-1.092949633858616,0.6301874081120331
817,-0.12315286090034928,-1.3177058709538996,-2.9176959190344225,-1.2906591526343454,0.6329673628029154,0.04985451424930323,-0.13656132492788128
818,-1.580410994821328,0.045653645294509174,1.761805308058177,-0.22429245672246886,-0.32563108047002615,-0.6316744117776302,-0.28548244549800433
819,2.5060403688363735,-0.056425331935618606,0.8323062367425799,0.13259183184353276,-0.3272960897367494,-0.5900872508182868,0.5364258322044492
820,1.8271181664265788,-0.5788084709651455,0.8566046362048888,-0.2812805940280854,0.20097190439903032,-0.6151576009564143,-0.44782741806909565
821,-2.3892030235592583,-1.7824753066785042,0.12839775718027782,0.9346182346709262,-0.15202657805617487,0.34371361372489584,-0.21546877022159347
822,-1.0340522840159827,1.2000332165960466,-0.8527578825540739,0.9180533294317738,0.6937700882612371,-0.8180250112773579,0.23432656531146162
823,-1.484997178732305,0.399989956673363,-0.4093187404586213,1.0990071359128664,-0.23049877120011225,0.16576812179284095,-0.1419951901627564
824,-2.524401970883938,-0.953343623419666,1.6182433225337012,-0.35930119532674,0.29075877123635147,-0.5828050957331823,-0.023807748080868246
825,-0.2166762186350073,-1.1837419028408205,1.3594445117399725,1.3554634194050381,-0.5907760160085084,-0.3425052741993598,0.10446701236145396
826,-0.7564854373162608,-0.14037749755132448,-1.0310563957889225,-0.5350922906150531,0.6819620932921784,-0.20205494383329878,-1.281192465309079
827,-0.6485799358281535,-0.7794323555625701,-2.883308665728735,0.6532227032242217,-0.36526402174791955,-0.31002199892338383,-0.2287868039812777
828,0.7305510037415561,-0.8769288725178795,-2.488338336973367,0.9996946759650334,1.176994362334352,0.14881281933476148,0.20201226705995134
829,-0.372833478945036,1.89573839249387,-2.476682856534889,-0.2513824883015799,-0.778491309071212,1.1546872978040779,0.18174151703316924
830,2.42827353646743,1.4187960266112525,-0.35455448514373006,-0.17849258617234598,-0.6456460721313625,-0.21818640324050453,0.045489716053694056
831,-0.2866336733997879,0.43190145829462,1.1982624796652799,1.213205045121432,-0.6365302253772321,0.10009661154717432,-0.3418084002229294
832,0.9927906449665563,1.51252848952038,-0.41853893699942657,0.5952036867529464,0.23859778705269355,-0.26552946042137765,0.22718012669466706
833,1.021995290592379,-1.3139714177899162,0.45349755199712194,-0.7444272816853009,0.2977787428768054,0.37342796748821544,-0.373023287393348
834,1.8687218450331295,0.3903464170527071,0.8216133957482183,0.8266949574926404,-0.34642918427838537,0.34442173300239354,0.6529092900356435
835,-0.6562470158463113,0.2046744316645161,-0.20911018964422765,-0.512583938091421,0.8461597782522047,0.2556384075968017,-0.6017486460476925
836,-2.119148837177714,-0.13775511387497877,0.9934226529833557,-0.980805159726246,1.0992558759361617,0.19331768042482628,-0.3841884638458475
837,-1.5471942012482518,1.666735792203023,-0.6939799546379698,0.7528913258332384,1.1138198440594316,-0.2821863376000427,-0.05497104418271659
838,-0.6180413052749751,0.6452772004198642,1.487694864936461,-0.5766586839275247,0.6733702924199804,1.2055989338450812,-0.08928830182250597
839,2.471478973022384,1.760536367457959,-0.5064423227270698,-0.3567890763372076,-0.721773365167658,0.29614054387760735,-0.43899964517671286
840,2.250077108675029,0.46207852788510406,0.05447104381535513,1.4148837166478465,0.23654899494148351,0.5405334463429154,-0.7654896349965472
841,-1.5978536411477409,0.6598638818603929,0.9830611181572795,1.090981737820309,0.49623348110901266,1.5003243583982453,0.2699913505435463
842,1.957997640558232,0.4884839838893691,-0.14390534439969224,-0.030983432496035992,-0.5757772753703495,0.9902841754520605,-0.6954675808296903
843,-2.032942955228774,-0.8013588748009706,0.8310739657316134,-0.20042864792709744,-1.3096385614582668,0.28763660799541546,-0.5649162084345986
844,0.007334116079494069,1.7089774015616355,0.46989604483668285,-0.4411801126095316,-0.4937393316075951,1.0528684518547093,0.5064782258417816
845,-0.034332831069370906,-1.1439849165754514,0.9810313669380157,-0.2956790030353091,-0.25808477939479635,-0.47484842772039393,-1.5039948570423853
846,-0.2962386551709492,0.5652622881238856,0.8766408335272433,0.3683726630820624,1.0003128902657392,-0.09362673054834397,-0.2388637198670239
847,0.2691208759907274,1.4542611465966087,1.2351978505934391,-0.1693764269305453,0.20981099739682907,0.6433184927669015,0.0422149984084291
848,-1.5741158395964312,1.444833334407108,-0.24687556223002616,-0.721791577212852,-0.062331295045472974,-1.3882518002231838,-0.41478292244844384
849,-0.877007273819669,0.1447131029960521,-0.9419350209782421,1.1533045688379608,0.7176987143140816,-0.3888679488096085,0.10191445630369472
850,-1.1659941382511148,-0.368868191894664,-0.023184027471898773,-1.4150072026285085,-0.20101377643358082,0.9335935316049224,-0.5092475797852264
851,1.6959732449302178,0.050204915852963494,-0.0643737237577861,-1.3426480533997767,0.7884056177629921,1.2618556268751584,0.6683798791542488
852,2.127002195554695,0.3072334621276704,0.1149007541377252,-1.1542492020206532,-0.3447933177214294,0.49670281153149304,0.8206151115268605
853,-1.7058541040189021,-0.7078277832681683,-0.45587405769655137,1.1153072208959773,0.1053102445510906,1.0290760929315732,0.19611376636710345
854,-0.4706663152794234,-0.19167447689747813,-2.4527873276487706,0.35291705769536513,-0.07064887830828277,1.2306799595983897,0.012348933141882063
855,-1.0330932292596198,1.1510595933283456,-1.04975683903784,-0.19754831639997317,-1.4429611800010658,-0.18639507704156408,-0.31707191120494455
856,-0.3744286179716465,1.507270161528976,1.1475136778503332,-1.3577304016975882,-0.9633919240290392,0.7554197758202973,-0.273474596722367
857,-0.6252480223313482,1.0291720631534718,0.20752962861547197,0.7850862084497469,1.1205369077171203,-0.11888259892922913,-0.9974890509222758
858,-1.6137767853673517,-1.0485580692029273,0.4281140463353335,-0.2203640834054799,0.07472160084017182,-1.5517129801736733,-0.5313151989227727
859,1.5740906234656284,0.8017616439843456,-0.6391724086962285,-0.8032903772790652,-0.08935051335150987,-1.1071183333750267,-0.2611150680053128
860,-2.321801156095921,-1.3658465179511474,-0.7535809872160589,0.4987025536258853,0.25878162657381504,0.3039378131229866,-0.35944444600905334
861,1.6727534442217287,-0.4297168091687222,1.0607724591632492,-0.9448155046840768,-0.05525312334251598,0.2740881261537807,-0.369741824852823
862,3.0544869591442176,0.3365686610368542,-0.7002865973495853,0.488638130315475,0.21796366409820805,-0.11020233130918744,0.9455816484524968
863,2.2708622731896737,-0.42330415334775434,-0.20704655726034193,-1.31073396598196,-0.26162131565534247,0.7378968774900161,-0.5792716246505873
864,2.188616630209055,-1.3753031774032614,-0.7330460838642257,1.0831974487705933,0.19695337214209035,-0.028843774365165598,-1.0781963487826862
865,2.73336035354179,-0.38398232080314043,0.26541128835038025,0.9403559563830114,0.16312919675511944,0.7863626860448564,0.5591123816113976
866,2.7129934917443013,1.412503670048035,0.36350496702522683,-0.16060552666724293,-0.17151581194867613,-0.17124957475826622,-1.376182834727565
867,-0.16748943536338137,-1.1481094454018494,-1.0031802189772612,0.9070239790191104,-0.06885682981253344,-0.10264959275432356,0.8198341939064268
868,-0.14977604838649236,0.6224845423375577,0.446644519629608,0.871664281799687,0.46571929638904236,-0.14828452614797075,-0.40328793366113
869,-1.6920823854784253,-0.1572608180726699,1.5155696327306556,-0.677496807586211,0.7190668700431956,1.3064590504721603,-0.13562597556328762
870,-0.2027516978617434,-1.4180451277652186,0.26562356587241115,1.668402859805905,-0.01035654170942743,0.6811086184604934,0.4944261508137214
871,-1.4322804364055868,-0.24910224852221535,1.1017879367611263,1.1877536707696703,0.8960717402831576,0.9040633982549117,-0.7677460025096267
872,-0.9636835372418501,-0.0924573457435828,0.25711344616044274,1.2825332147075403,0.1561026149731382,-0.2817569892846428,0.2503666281136421
873,2.0259715096084134,-0.3545107886286327,0.346588523094196,-1.2687291913429204,0.3052950495630401,0.21818079465132684,0.24663405208945266
874,-1.8183248947561934,1.3158900931176767,-0.5996908353189506,-0.5982367072775215,-0.3660555884402493,-0.9116124873007295,0.015087958867026385
875,-0.6177907999845539,1.080948048134081,0.9923396846260222,-0.02727166575027405,-0.32883867591415344,0.9717782337287725,-0.46885540593346653
876,-0.3665505938202245,0.4437544627488434,-1.0831935864121613,0.7445875148270245,-0.8568156123470535,-1.176855769332857,0.11920263111579271
877,1.4983512424307555,-1.1371040333696858,0.9497732597667572,0.455078108541964,0.2986402011567933,0.2439399056788111,0.2705480944611368
878,-1.1026629135145065,1.1990191231067509,-0.7788338376097361,-1.246561315639934,-0.1682331831456948,0.2716478782305823,-0.9829047987222674
879,2.6932477967970394,-0.04047070403412954,-0.39785989417942813,0.5942417659641896,-0.5554390574736814,0.054590850199779176,0.22237036599003604
880,2.299140182713983,1.6539843138087933,-0.6430994642077354,0.49330868516862847,-0.370408706983248,1.1910151170224603,0.14375460967823142
881,-2.347622968294079,-1.4415827980840925,-0.8901228469460555,-0.9908807858674725,-0.052343895177484806,1.1057840536137995,0.3751528892707844
882,-1.1161700403907386,-1.4304549835410136,0.8656344454864797,0.6874360135027997,1.2223819634908466,-0.5380332739528003,-0.9164828567677046
883,-1.1588676094215442,0.6705892580463709,-0.006542010688420038,-0.7140843729601152,-1.391817022654116,0.5551153195968718,-0.23435177816439678
884,2.3189042558198274,-1.7672343174956948,0.02085096848806446,1.4784630845974984,0.6630467509839862,0.3947571952882563,-0.668323145906098
885,3.075627249130255,-0.46344405191352045,-0.5331469932031003,0.7827041474246169,1.0623972400532176,-0.25809268368662375,0.866459920095408
886,1.2676105790642553,1.3500976519878616,0.8468101259324577,-0.4435696467046263,-0.4428608283066669,-0.3110943995932195,-0.49294217490935105
887,-0.1519089472375818,-1.0925767866671976,-0.03864179338436716,0.3378119912510667,0.589459635799016,-0.3262036620311979,-0.9478587422878036
888,1.0551044791415507,0.09135004188849787,-0.1422829478927141,-1.472957388305141,0.6453133411216385,-0.8987884364807415,-0.5569416705287747
889,-2.965844807637567,1.1025829896422061,0.11894221207534142,0.2320618177525044,-0.3185667229010477,0.5652386962115177,0.15273996740513712
890,-0.873185662376895,0.16840406668926897,-0.478010538919746,-1.4839762840560977,-0.33937409677542785,0.5232496724421793,-0.34632469647497494
891,-2.506661884290134,-1.656215863144138,0.010417014901293644,0.17123566038430832,-0.2646565435256984,-0.08670235835389652,1.0336458664821246
892,-0.8813319320617182,-1.302215849468685,-0.048121222177236696,1.0050287936903162,0.959697755539179,-0.7134816577279233,-0.6784280228619305
893,-2.0394942704784813,-1.542411350276635,0.8802840699823555,0.906752598753012,0.30777017660864253,0.7011591694331849,0.4810162840285247
894,2.2735382298950135,-0.01370492853504668,-0.12067464780412154,1.1101405311135917,-0.25855253718066956,0.6248611159558682,-0.8531621757992462
895,-2.238761651681526,1.1144980139887533,0.22366136974978731,-0.607802390198692,0.36947897512019146,1.3303897643831204,0.15985276917801197
896,2.5874973480507157,0.039139312898150674,0.3549422245991351,0.7524616055829795,-0.9620280948861875,-0.4418158472536591,1.0006507673641067
897,1.1831157873143512,1.0364143248365296,0.10337479284883293,-1.3160615554979538,0.33776923401723064,0.947914558989893,-0.07727943234433088
898,2.2184281030921427,0.8938132841056289,-0.16945338684559424,1.626069527151581,-0.5402271344613575,-0.03119159949973198,1.2045973172397462
899,-1.1253607092043063,0.20085984834154585,0.8798853856305349,-1.2719914052732708,1.2736175767506732,0.2561668554397328,0.027951160825908226
900,-1.5544171642929778,1.1096181677109007,1.079156305831864,-0.8535577354604368,1.0831119652026042,0.0031629389797903375,0.7187503182273491
901,-0.08518404886521054,1.1713045857705204,1.5685580279552818,-1.0807931631686294,1.2875506631396672,0.3862799196843945,-0.08544361987320302
902,2.162386834294808,-1.4354052051042485,-0.31496576097045115,-1.326788738747882,-0.47198739508896687,0.5780599637266335,0.5353985544623703
903,3.10762045619087,1.7591806288940646,0.28351823177544977,-0.3005631695807106,-0.4299864516302895,-0.3634433025128379,-0.0765325910430397
904,0.5633526204642622,-0.18941783116998753,1.4591174099106163,0.07615909339008746,-0.31989929404328915,0.48649412608432174,-0.466219649597316
905,-0.8810454211171975,1.4681034153085681,1.267589884097323,0.9083711775774899,1.4304916470793867,-0.20431550301866575,-0.39597671135233714
906,1.8937284383389483,-1.1115238426586747,0.5026282609970142,0.03392414267403092,0.692806331650447,1.1253068757593503,0.0990602190759451
907,-0.7629203421078994,1.0937050053425759,0.6930623490416766,0.5997870172691249,0.02020936752463247,0.5073002608106855,-1.140099951959525
908,-1.1741097462856016,-1.0126593255506424,0.3394780276902837,-0.5969427022781063,-1.6173776215630458,0.8873900013120735,-0.6322345175631549
909,2.62744771904617,-1.0945392022419367,0.15570782548641215,-1.2845720873868518,-0.447240651526665,-1.0432823432178282,0.4335262754097242
910,-1.2700513464545584,0.037599642456338574,-0.7762031604484618,-0.7461975475850731,0.2442353477478316,0.749864517975308,0.9168577205523388
911,-1.604365967933024,0.03173056480841746,-1.1649335614071348,-0.8243629326642677,0.17908965114750922,0.39788463448220335,-1.1474903170359931
912,1.4017658673561506,-0.4060943327795575,-0.38996593825103987,0.27770380230690433,0.4196147189899843,0.8020703001651313,-0.6895424877114938
913,-1.205469470186944,0.9927577381795689,0.8939990094798788,0.09947158595750555,0.8944934149138889,0.8797362124635142,0.11617679388027943
914,1.4033985327226743,-0.1961367888508132,0.4024006865487507,-0.0025613588962657137,-0.7697435091785817,-0.10742073355943671,-0.10358231294430191
915,0.29521761942972247,-1.200133903288176,0.7054823435423422,0.28873278666480695,-0.1549108297750481,-0.44351593482204543,-1.6076376741110923
916,-1.4624821114892521,0.593493019289558,-0.11749945861494578,1.7293526728126032,0.559604810582698,-0.28865644714869665,1.0130761725617379
917,-0.7817269733424913,0.9935237707081412,0.8390316194078333,1.3043801046925612,0.010930623089973227,0.24194093322886584,0.7292957438043839
918,-1.149858343028776,-0.9251769546748896,0.8292849214574024,0.6311701571213477,0.19138470719310757,0.5179791732920879,0.3749661313744067
919,2.3045715301089746,-0.013102198915276145,0.2838197553347019,0.9579632328751725,-0.3009891096579329,-0.9683508070067174,0.04324295116603954
920,2.5761572990869177,-1.506116148904544,0.8455396357380912,-0.00796026443167701,-0.4638028914980596,0.8518031805026864,0.039779063020426886
921,-1.114114266157332,1.099294878400288,0.08922453208649299,0.5199441226827343,0.7242281621484136,-0.40769847149072597,-0.4316262577475947
922,3.11260230881151,-0.15405399517552157,-0.601923071337903,0.21323431127095188,-0.719676808986934,-0.1370812294944908,0.06534378586350967
923,1.810738969698138,-1.2024213904098457,-0.938995940259619,0.8946054009772133,0.7745207212262523,0.34014264023286994,-0.8113615978514456
924,-1.7614720942565139,-0.23932931353480733,0.16321638081471324,-0.2554879553844391,-1.0581246538374707,0.40819294135484185,0.5509542083186587
925,-1.2478662615500211,-1.0542219776613302,1.3617799618996091,0.32661108932370747,-1.2970836652359625,0.7550577004698144,-0.634452971356644
926,-2.219223629074498,0.47662153487759035,0.7190087122999391,1.2535215238196533,-0.5695990349109997,0.42791005971532864,0.5513961264814612
927,2.298728229397343,1.0636992390780093,-0.8310249036276636,0.6833202580902259,-0.9796316024796685,-0.7394687235485041,0.5008112851817503
928,1.7637275720664414,0.28773932027065696,0.5544372104440606,-0.9529828008088018,0.6272208598657086,1.069377160372958,0.2767405692724089
929,-1.690516061883955,0.6276500178672253,0.32176231606560873,0.18232004062540566,0.16941169663506822,1.427040122386351,0.12758843617983892
930,-0.0021363537944055146,1.4079462448604751,-1.8752030282230452,0.7014342442406404,-0.3604311913200086,0.8823280355754073,-0.9376549483664275
931,-0.7684047354693715,-0.6035655416286783,-0.8204932176119821,-0.346895143005605,0.12254861017869062,-0.5309542931231117,0.4509298739525853
932,-1.4921603587134913,0.5765814610986231,1.4069903947554083,1.1717232875729873,-0.1293840419309384,0.531116547578855,-0.6230307303423768
933,0.27085496331889297,-0.217926485533338,-0.055726401857989244,-0.4877514648367806,0.3049795049018496,0.7447802020989692,0.2899284979968464
934,-1.1286944953058884,-1.2309915334182193,-0.33339687577425087,0.5997185409570783,-0.18231397608310457,-0.7391229359001453,0.8077766085147104
935,0.03601065598305595,0.7710411800843238,1.4079169318383296,1.0485452499265868,1.2002353227602893,-0.4514976364573251,-0.05005483884565925
936,-1.9472746862598127,-1.4514246163649795,-0.2098583381393953,0.8552272425722374,0.44705559698958575,0.43784717979275,0.29525646963584085
937,-1.2303458302916919,0.26489622580299477,0.957584318812531,-0.7427473914646182,1.0167512959262344,1.1976817531273398,0.47293387316907726
938,2.867085353543654,-0.4696773457082053,-1.0865492016137281,0.4409685172297758,0.8999854298379472,-0.47253056156736006,1.1069841680294406
939,-0.9934462251067917,0.5122641335325818,-0.954377328270285,-0.27702735220487434,-0.9430026464169471,0.36319339451586347,-1.1282078152257127
940,-0.8264546191470762,-0.8755037009238472,-2.725862167251929,-1.5454879566141981,-0.14208271090235705,-0.24636581428953597,-0.29677383221065246
941,-1.0152665884336156,-0.8625994902911208,-0.7552600411576161,0.35341776648903106,-0.02478598519302843,-0.4355945938206731,0.43982221351740336
942,2.997141782296318,1.4368815653972646,-0.4394686974994133,-0.519288077048739,0.6194085149836579,0.19067331065358822,0.2076655534525339
943,2.7365080276408453,-1.0017772847919009,0.39190637677299395,-0.5238204074202838,1.551411816389927,0.038178664103267076,0.01354698007763745
944,2.109910446617201,0.7884144164118797,0.16441358776678971,1.3576777794437305,0.70033455584142,-0.31363714922732966,-0.5436362345524305
945,1.5925723888675152,1.6920803616103508,-0.31894143900786404,0.2122929098850922,-0.3521872587325737,-0.9199000728055364,-0.5208224082468359
946,0.6840939510766784,-1.0182402681018858,0.06034502972724854,-0.17571993415968098,0.14537428912695777,0.23963802254814692,-0.11071927847487409
947,0.4429074696245733,-1.2132260345243313,0.8476531563994723,1.0994971377625637,-0.08806090366272988,1.0041952879364766,-0.14973032614900827
948,1.5427294826538374,1.5594055250195271,-0.21360569578247623,-1.2496048018710095,0.988681416032429,-0.20287586699563942,0.6599647917543573
949,0.07927275645536422,1.4483457217439686,1.2294191116554325,0.4052592042487869,-1.238756960730776,1.0191631753305759,-0.38201477605397066
950,-1.351635475034371,-0.7633063769408082,0.46926381282387486,0.001719116114533694,1.5285600077791885,-0.5386208451735168,-0.49374729893350605
951,0.07557388371181703,-0.254391442830529,0.7867228571095384,-1.1985637135660527,0.15042421945058626,0.1668619277597355,-0.482021023336128
952,-1.6234087526725396,-1.3756084937260487,-0.3216998294228245,0.17119953890113523,-0.3415159414662139,-0.5680599715874232,0.07514120008733399
953,2.11343232738854,0.4108460776625547,-0.6371725752798135,0.8174548989271605,-0.16279300622660614,-0.9855134550532185,-0.294714521647464
954,-1.1660128537625998,1.1656455968165131,0.5697847507380813,0.3635047131120418,-1.7419478913621045,-0.8367107409964443,0.16399389990946248
955,-0.8777943240106114,1.5627105023564762,1.1845588641398808,0.869488695552992,-0.25083631683488206,-0.5521239259390816,0.6167605808379643
956,-0.28061161671777085,-0.8773432711667253,-0.573553070517548,1.1615739927074467,0.3670037635962698,0.15035820817602671,-0.2693911367493201
957,-0.6751921164222733,1.2723727995559302,1.2471543073215452,1.1879548340494837,0.8399116408272058,-0.1826957221988249,0.6229343778855232
958,-2.4591537900941773,0.7886726148666382,1.6765753005048871,0.10013039574349217,0.4647873455668457,0.25069904282682653,0.007757790641173805
959,2.405715888191089,-1.2066766729943161,0.7476174075983655,-0.21600917748077458,-0.41149296482457054,0.48810266560830506,0.5745630994461635
960,1.4480765241124283,-1.608442874106398,-0.43383638895079707,-1.2534883317811354,-0.26904771842344677,-0.5285439750578463,-0.7348178311725959
961,-1.8727531974580678,0.8314363279209919,1.069217626186046,0.6370361111578449,0.5036263457509698,-1.0096381631739288,-0.3408931337864364
962,-0.14361803513844854,1.4424946070090596,-0.7523643733405879,-0.19841343380612286,-0.6370043237732379,0.7831674947415337,0.6921988732565292
963,-3.084213553917625,0.20350046918064146,-0.8072267080047145,-0.8974681484228059,-0.30453983916474586,-0.21744252218144758,1.0851868416522052
964,0.02280510168389211,1.370318333362195,0.1738393237610223,-0.5987133550981205,-0.4336495738029867,-0.3824041046395971,-0.48453177960282157
965,1.5807289674917817,0.14529335373588426,-0.1519101379138053,-1.5709160364166652,-1.223607917468899,0.31243928269653826,0.8467182551951365
966,-1.2498162127717813,-0.4170232180183203,0.20256848939616615,0.35085443496421775,-0.7226522962854576,-0.7322464447987257,-0.10746925916461197
967,1.9413573702325868,0.9146431016957166,0.9567612397649268,-1.0744086010989609,0.5553397914458709,-0.21277422802810636,-0.29734144684056374
968,3.6379055975260473,0.5266553636963951,0.5804346380369283,0.2802857215654081,-0.6493874545161736,-0.3922681884083892,0.7181720084107864
969,-1.2412232393993676,0.06763795298491261,-2.6988535535761646,-0.8042696222353981,-0.6562485722347718,0.2240628245217543,-0.3742638149323252
970,-0.002636870831900624,0.17170054522901437,0.9290389943146292,-0.38495182803356126,-0.34902639070948976,0.5660975057487811,-0.8250567937125237
971,-1.108854977446851,-1.149710530539458,-1.2356288694595634,-1.5058851335901446,-0.38846052076903637,-0.518054607471844,-1.2553899987237085
972,0.6098123130045227,1.0564900719589283,1.039258002701039,0.7771441181473797,0.3285162139947384,-0.08440271452451484,0.2296315226211925
973,-0.47074344557885434,-1.3360413242475133,0.21854625450816176,0.1072301633085739,0.5713628480499754,-0.4663221137014789,0.23528941474330736
974,-1.1331756626050509,1.1526309154975176,-0.8974870536607985,1.03915462332667,0.549555979387565,0.5935738069892535,-0.18949005972056582
975,-0.40073689870724066,-0.5544850735708483,0.5812173069010396,0.5062923832324492,-1.4172338641685798,0.8834354348102157,-0.028445834537966362
976,2.4339851975700943,-0.5071218344242591,-0.7757335225234622,-0.324056703447778,0.557481928998958,0.179592644339779,0.7784358191401088
977,1.2923482331152238,-0.1467651135538948,0.7704123830491445,-1.4050686457831694,-0.9149193347910972,0.3211330971821327,-0.6797701482577396
978,2.555724681930046,-0.8876393861567599,1.001559102331097,0.8020718850284827,-0.6202603822184986,0.7274117192272136,-0.9470471825460978
979,2.2746573257997653,0.6360585162561198,0.9639764522055484,-0.5678606337728783,0.4102193274564958,-0.14177402342611864,-1.158651215330015
980,1.6835142380146202,1.3996723399549904,0.2026680361892197,-0.5110343933493947,0.6711268620824298,1.1697795692559974,0.11325323112312381
981,-1.9248088442283462,-0.835312801627253,0.40572105928725,-0.805967997761873,1.142860786624377,-0.38591390953038346,-0.07507198250762477
982,2.663044340264027,0.8884821512277454,-0.6142183553988595,0.5211598768935515,-0.22490296162370532,-0.12505147595050078,-1.1714946736719718
983,-1.9771441208147265,1.1855970704447347,0.3500177028355566,-0.5276897354864059,-0.21170896536161288,0.8820427076539348,-0.07292437674599929
984,-1.9450765372736414,0.028629140456177295,-0.07300228808062935,-0.6036295632438851,-0.2504671393687281,0.14749388558293214,-0.4656701495385256
985,-0.2365971768598582,-1.2905509138268338,-0.5331719507892598,0.13603544939259754,0.6497677546016992,0.38072532164089357,0.33566451765778205
986,1.8141848071576212,1.784568780114997,0.16202640030057094,-0.998917741076771,-0.8340511499456403,0.28752217522607676,-0.15289834498071767
987,1.7533753140955886,1.1729664615159698,0.37880253482558923,-0.36961975136813663,0.7656627053580237,-0.6908571373757935,0.5536140295434011
988,3.4232402145522802,0.04002956070201104,-0.8130345205232602,0.1738466327990654,-0.8897411312927755,0.8566325810145484,0.43733684302259024
989,-1.2913197030396713,1.0512483136066215,1.2805863943676359,1.197235203310264,-0.8992075247217907,0.9574135813250084,-0.49659889919446043
990,3.436638077763824,1.5674332192730984,-0.6297233065288378,0.8593159955723653,-0.10608005445911249,0.1492443794020068,0.6133463357782483
991,-0.8734527261889666,0.2827348507842055,0.8489393078165088,-0.0740724900569276,0.5523070802346182,0.1514596903658701,0.027170356559237357
992,2.8378981467546067,1.7084410240722696,-0.612645445082175,-0.7569479007407481,-0.3810866344891466,-0.22299680854575143,0.12731535480680203
993,-0.7926344353599751,-0.6325900974364168,0.7402130334875182,-0.9916948446207856,1.3741744915876892,-0.05134734250691956,0.3654687054591582
994,-0.15400011250661894,0.6786064481815814,0.7815061685239264,0.6849793184645208,0.2731515913581068,-0.07162814139544274,-0.6816289594023176
995,-0.5512368270780007,1.1966127758282141,0.3649951778686364,1.3050385951383872,-1.3474554091269249,1.0024682053469807,0.12018245448877143
996,2.2658580300235323,1.3852265213702075,-0.7042797127915686,-0.13942499042561152,0.6746515343733963,-0.196973335043273,-0.6734078281756191
997,-1.3930473115035524,0.5505252752625863,-0.3109005166191095,0.9956802239818833,-0.28759345223834265,-0.5682126277035713,-0.08758782720386825
998,-0.2738144540709032,-0.905358815180719,1.005290263201394,-1.4606523317061022,-0.5140688941638419,-0.05849981349826719,0.985245536592103
999,-1.6371581701689586,0.3507835301542857,1.3041144738174895,0.1495208596399988,0.6390676189425001,0.9630435058626685,-0.3162611559032156
1000,3.089199371793132,-1.1357692699803745,0.5308713157386437,-0.017328969182468353,-0.7327852626239727,-0.058135943651209415,1.0104129415123122
1001,-1.848555331000602,0.3225697408276995,1.5041482203786711,0.8955145145219625,0.11329003901279022,-1.0833165233581592,0.012776411275315164
1002,-1.0215789725818796,1.2836169658997723,-0.5060057308459848,-0.6246857881444683,0.6297221018821315,-0.5455456722864029,0.5996503307359287
1003,-0.23864068469214877,-0.060199022460918926,-0.6241034284586137,-1.2168065045634,1.0700289620440209,-0.08338520162037658,-0.7889529898442283
1004,1.799137612919487,-0.8225194014551165,0.3291804165644328,-1.467321559210536,0.6304944347695205,0.8637998323725096,0.7660611966493325
1005,-2.154652331583007,-1.7428725527785522,0.9222556433880631,-0.39638155139716175,0.12368121580725824,0.4565266215599119,0.22346418565611162
1006,0.0718545457630839,1.1922864250594742,-0.5707763634880331,1.1418841151099737,-0.013200475460158146,0.29687048885070183,0.7194307750542467
1007,-0.360606211173252,-0.1171631930373853,1.2302393463210164,1.4547459258200663,0.8598834758509324,-1.0366466287795486,0.6555509691085831
1008,-0.6094502024382793,-0.3642157583402767,-0.2731904901368626,-0.006019384116818396,-0.9498542410678793,0.2231878483383069,0.4512694272492123
1009,-1.4504387091260265,-0.9255424300164647,-1.1414148991702253,-0.03749774392289691,-0.6096921987765654,-1.9358978737074228,-0.6063403343982241
1010,0.19451236714315345,0.7412472593937228,-0.9107971070891792,0.6971643337348273,-0.4549472724025942,0.2637832833019188,0.20349197188168078
1011,2.201348667284012,0.1968544429075709,0.32150246186213133,1.259250649908795,0.3306030764231355,-1.229106268286652,-0.4698235424288711
1012,-1.0540817918371201,-1.2589789875139568,0.2747646637234877,0.5486046484161223,-0.26912998129584614,0.0061733962382589085,0.14678530211662483
1013,-1.7470365407343718,0.4512802931163055,1.1316056155848895,0.174296310590472,0.4605376954739399,-0.29358253221038516,-0.4705679525862439
1014,-2.025594932693798,0.5477866605589631,1.4306648922060126,-0.6972365479305135,-1.1246107142894475,0.3992457339876985,-0.41049186793718306
1015,-0.6223805781499054,0.5195879614719993,-1.367824358996731,-0.6632914066593262,-0.6090837252688069,0.35846755151058457,0.22922744093715458
1016,1.1523572825700577,0.32464919752783217,-0.6643636728351707,0.6897250407334469,-0.5724854383330307,-0.0157997600943449,0.06872839812486765
1017,2.436117862631349,0.20595253444227832,-0.2918899614678667,-0.3489794820761534,0.211206103884133,0.12273592624587183,-0.1365060542779405
1018,2.4158301083516167,1.6646791698588497,-0.5293230854565442,1.39961808945257,-1.3955646375789534,-0.024335529078694258,0.8376484023553306
1019,2.5545322710670795,-1.0210960666168896,-1.0257421539800426,-0.24731782158587567,-0.5407555729722806,-0.7587872357859975,-0.6185187325906907
1020,-0.40199291410827415,0.7762399357477143,-2.685250561085574,0.4794930632824174,0.15666118099961954,0.8700341586725647,-0.6441851942265839
1021,2.637983301645204,-0.855806885212519,-0.1829699279843536,1.365265618330391,-0.08164783363321258,0.39267235830531533,0.6366475983951674
1022,-0.979406075622175,1.4393685241014211,0.2734487733043505,0.5910400973351339,1.1284724019837686,0.42379379846818827,-0.7946644189373638
1023,-2.4797308677399457,-1.1407663658169631,-0.8852006242038385,-0.3195752736276264,0.14293411257573677,1.4813768493977881,-0.40278395099432307
1024,-0.8799319217172343,0.8306970128019375,-1.146325431610922,0.6418829479526286,1.136543715199443,-0.017058497116175606,0.3154284598096627
1025,2.7778171899737862,1.5169227746714546,0.7911217663228258,1.242761633112251,0.5266830858858879,1.4376330849107946,1.071073728272975
1026,-1.1226237645994404,0.7947332124604305,-0.8402728938931414,0.5525652154597244,-0.32827093330678486,0.26741013018345655,-0.1849353672188243
1027,2.8236806668534298,0.22105875378532813,0.797985254611506,-0.8770899587810178,-0.17305536336264796,0.8866695407745667,-0.24607372171842154
1028,-1.5866304322056763,1.285854008280472,1.6270137650065206,0.15556399146922145,0.9199757531680246,-1.3386455812198745,0.15441094342912057
1029,-0.7859105275063042,-0.35187879994522653,-0.4625398612575215,0.2624331021364826,1.0765665104658648,-0.26024252697044364,-0.44116027905069316
1030,2.3637458719845337,0.6215219700382194,-1.0154457149124505,0.2212095457394434,0.721125445488722,-0.2408982592453046,0.16116445365015045
1031,-1.9245812899204198,-0.611254886077549,-0.4783608248603474,0.9661452306783254,-0.5050638911885749,0.1503444683229816,-0.3616307225653592
1032,-0.19717845888526095,-1.054564806490312,-1.6014226948481916,0.9441628096960845,0.25954544282804687,1.0996472606359509,0.18070394215270094
1033,-1.028486122543033,0.7853172922951943,1.1840704096128871,-0.7428761509544316,0.5855468382393254,-0.16113385611800454,0.34963131575436746
1034,0.18833968590099723,-0.12738288676132603,-1.42631390370941,0.6202742576699473,-0.07026479995044364,-0.8321329908373033,-0.7050152427531431
1035,-2.612533508450031,1.3837796040465293,-0.25278164735501535,-0.5323160315855144,0.4839780725206891,0.6762703438833434,-0.5560570463133591
1036,-2.142224895373621,-1.6574645074085539,1.3845976973160923,0.368816477616614,0.12252551829404806,0.07734470169164132,1.1506791284768905
1037,-1.1949577464333316,-0.1872917094109991,0.9025011139484612,0.792738045664352,1.3044410687438586,-0.6314697634772476,-0.7517644341363604
1038,1.394017926363595,-1.3738208707529875,-0.7794245005896252,0.8860460248927986,0.17899146791237827,-0.19218728539006777,0.7830122136129812
1039,1.7328593417966747,-1.124593913498501,-0.8271836076474032,-1.7972515799392785,-0.25762611590758716,-0.8081672984190127,0.9510843064922684
1040,2.003451623214807,1.3317310049339335,0.9395998630796948,0.841651385967509,0.3776526778637062,0.06893579533102691,0.7819460110527024
1041,-0.2987435226834852,0.8221765018582871,-2.3025752790616862,0.4532635664175603,0.6201425470375949,0.4138796437105173,-0.40723232284679856
1042,-0.9610575641974134,-0.7111166899237178,-0.257555060678913,-0.6038929328530006,-0.7166410092338621,-0.9452992968056922,-0.6622322638590452
1043,2.720031600079149,-0.33309071531968637,-0.9144654187785576,0.3260517390493421,0.7530754851493136,0.8411341104789336,0.6173970555092738
1044,0.31615522878849395,-0.9374396718872,0.7411770915820051,-0.4925953487547327,-0.060376236831390415,0.15232787105139406,-0.2828847303288049
1045,-1.0744663710960571,-0.9743659480926561,0.6950859642554267,-0.878166806510923,-1.0574337536654148,0.5114993982679283,-0.5768013744840593
1046,0.45496577131538846,1.3169390281748095,1.2291246886527483,0.9549192718286081,-0.020178241949058998,-0.4578000567795093,-0.09034836536600306
1047,2.729160979022458,0.17165208204167653,-0.07451131500308845,0.03549946555205681,-0.3219954722640586,0.37363743792659515,-0.22221310652511955
1048,0.4413543247294278,0.08095252821316604,-0.07933887702566207,-0.5984798556731988,0.6469222714375208,-0.01186949845796185,-0.09115298043931028
1049,-0.6828192924324857,1.6118240455915784,1.2741206051067937,-0.08688616332991957,-0.4562742308147089,-0.0054447035259251216,-0.6161004137612207
1050,-1.4100447775140952,0.30527594565731053,0.24457108323141233,-0.4978115907898371,1.0941649682076156,-0.48796399835433735,-0.09482729779909704
1051,-0.8111986165076646,-0.6466939726200749,-1.9368010310245236,-0.9901925186005757,-0.12570169677982987,-0.029715594163340856,-0.3897347065240347
1052,-1.9678532459406337,-1.2162949573764115,0.32522654742211726,-0.49127621687049533,0.9569283459737463,-0.4135395241778444,-0.6413217804821966
1053,-2.200397839959747,-0.37206231272313917,0.40189472631932643,0.5534312107515426,-1.3628057925081625,-0.060279249077016886,0.6275881106227659
1054,-2.171534124422944,-0.8289749875202953,-1.1315646002504254,-0.19485774994290225,0.16090282958739,0.3149497149959417,-0.39337686520363463
1055,-0.8320885776573879,-1.6966457111207827,1.5365444964652364,-0.786973675327343,0.3278909107602099,0.24079353360906,-0.8727450257506865
1056,-0.3841817962111114,-1.2514993300282609,0.5233169296021295,0.47087752202431715,0.3414154957381418,-1.0382953227743925,-0.3771176892569748
1057,-1.169132072945296,-1.506661371228182,-0.06338613110480297,0.08135744101691936,-0.7856994145447065,0.32214961892407384,-0.9356840977726254
1058,-0.22868295084268916,0.050742100696422224,-3.0335693807745736,-0.8954315879490301,1.1184883731041784,0.20803415544408468,0.426885259882629
1059,-0.530690902599998,1.144996188341147,0.017161071002807775,-0.09354927275278489,0.30213565969742273,0.014391183127373378,0.2134482454080619
1060,-0.878677256265058,-1.5892845176465749,-1.2686693985383701,1.0620513942815217,0.06898288879099805,0.0630767165256871,-0.18749254312565178
1061,2.6291598326014323,-0.2383376327892881,0.8907903719719116,-0.6964187607265304,0.9266009232310726,0.10193909554276838,0.06909239754602858
1062,-0.7112080427963567,-0.1144516236737118,0.23420513353678232,-0.4998844659998912,-0.7902061732015531,-0.1730064887152465,0.0994287805767493
1063,1.8464829839383308,-0.5508989890132582,0.6173974997451025,0.4492101098892985,0.08943782839753212,0.6657294956578443,-0.962886492782288
1064,-0.6330047617396414,0.47006247047288874,0.07882314379882163,0.6025898968124634,-1.3300811148599267,-0.5143646652910597,-0.15203212042104036
1065,2.304379030367763,0.4969316431017117,1.0372845971322489,-0.12795204583950415,-0.6143900895640092,-0.14810763518547448,-1.0242759043065806
1066,-1.400064219502177,-1.5528758321436102,-0.28431988863372315,0.4298703328912712,-0.05174928859784165,0.9177993185872994,-0.5465534987058615
1067,1.9010316531065143,-0.5295924016526843,-0.3152110737840211,-1.0830684532064634,-0.3246980278845034,0.7478113757465729,0.6955682230564464
1068,-0.45933954114976566,-1.0442520359633762,-2.3444688174994344,0.650630521949707,-0.8862505951390443,-0.44234001663829037,0.06221857933373975
1069,-1.3462043260585872,1.2886688856917616,1.6087113281772332,-0.2731970758437337,1.2582854323381725,0.49786992393597845,-1.0122679331054265
1070,0.19987093343080167,-1.3824490600793509,0.26524564775528353,-0.43212442392373596,-0.09521685317827173,-0.7332810563003253,0.6719856122898938
1071,-1.105225800200466,-0.10640314499590665,0.10891960175315281,1.4378920185435005,-0.5168834508629713,1.198738538938789,-0.8550040445542946
1072,3.0915809052609724,-0.3367416166569509,0.5253854243309368,-0.843407128808708,-0.11327226336557229,-0.5613052616283664,-0.8138789313805505
1073,2.3173594199183385,0.466724399605857,-0.501706290138894,1.4989692942007544,-0.3195448987697624,-0.07907273294752871,-0.2578527221555088
1074,2.833931888233837,-0.9895122247106427,-0.655080923384709,1.038058497928518,0.5107819078148966,0.5896377408377816,0.07357571182440716
1075,-0.9900868527687643,1.0684094271980848,0.959016900121223,0.12432134066811162,0.058086118585508266,-0.9042248242467706,0.5550791687335793
1076,-1.896603099818674,-0.26810683164010524,-0.21032893081386472,-0.42551891306806033,-1.3967507384295055,0.492936664867323,-0.524797453621669
1077,2.408742689168868,-0.33437322810557063,-0.6144637392804405,0.7033357562869871,0.9625218147192299,0.6953485665912712,-4.026474463789866e-4
1078,1.649578493565413,0.5606561141411975,-0.7749785987090784,-1.5316804197037766,0.3484212441741998,1.156361023673351,0.8177192708580742
1079,2.2900515601351263,-0.0057810907983965616,0.4034822950965812,-0.7232707608702897,0.6136356519262529,0.8587084214998416,0.579213851464168
1080,-1.6553771287828603,0.8203590033236313,-0.26259133346261126,0.5937359562904652,0.9358758857871597,0.4033045268220993,0.03129390423053568
1081,-0.9422640575735044,0.9172888314559193,-0.5886140083882374,-1.387563746206128,0.0063455577453853385,0.1582303245789025,-1.0964772835795482
1082,-1.9455690632019338,0.7957473327146589,-1.1654963332791517,1.73572627902656,-0.1630961409695341,0.8013966119988774,0.6479418529798624
1083,-1.944196473618177,0.5356162468093432,0.2590120349043912,1.2043626563479257,0.5752967916689898,0.3944295031829872,-0.4376419600172042
1084,-0.5315395401396589,-1.3811437789642547,-0.3924110531663596,0.6253336718914959,1.141465703318027,0.17196300942823486,0.08400059649344786
1085,2.421214228515508,0.12757648751171888,0.8427563011090013,0.3365737624414551,0.22919599650543127,-0.03573119216347309,-0.2969015505847888
1086,-0.7708097170908041,-0.9324897308673611,-0.047819540004157335,-1.843362435758699,-0.6950315974029926,0.7354610048304595,-0.40369107561205536
1087,-0.6113306430758149,-0.04779680266929737,-0.036176361845200344,0.1664649558591862,1.0858798962657654,-0.578706110397562,0.007164504206576268
1088,3.4442941436363093,1.0993698666510465,0.7067864296892243,1.338148333351036,-0.24257279744884466,-0.4566080314083226,0.5840976246983378
1089,3.162255560356109,0.02175824559027876,0.874962766662667,0.7057807081025979,-0.1504153340194254,0.07692483155209573,0.05496176335250224
1090,-0.753101912484815,1.3323417745360944,-0.8702254348073438,0.4121626827093119,-0.1445572206458351,1.016874718363645,-0.4658219591945925
1091,-1.3912546756698707,-0.5003514529350825,-1.132477128914919,-1.0785207997201005,-0.7011986960786792,-1.39647602767938,-0.4418062618145977
1092,-0.3553399976175236,1.3858521159982642,-2.1939955644153564,0.7008816493502259,0.13367161553720192,0.07345174609080461,0.2789138838056146
1093,1.7440102931011627,-0.6555546719752698,0.21961247333135864,-0.03267332927732775,0.027523344879088203,0.5820863114882107,-0.4236183575538608
1094,2.464031199259456,1.6522427262680301,-0.8006299977755187,-0.0337462345579229,0.8223962947159477,0.49984682625019133,0.7949841160034691
1095,-1.570879650043769,-0.4865169421241328,-0.7888935815520665,-0.2735742282449173,0.3263882319450032,1.2611610286197708,-0.21998512258698788
1096,0.2245911515020022,1.332892799453414,1.6053477897965212,0.8265281132300655,-0.37735712489217693,0.047066506271861944,0.3957616074256987
1097,-1.5888946932012846,0.5504065185113733,-0.2917224408779301,-1.2281627451138706,-0.5593751396799905,0.3112513172179041,-0.005805922699664415
1098,-1.068859084855173,0.3315444627201889,0.8412911727351858,1.6034321918218095,1.062754331735512,0.8381798141926939,-0.8761042387016631
1099,2.323725364511177,0.4055816778908338,-0.8697889810092321,0.8981568932829178,0.35432123239664604,0.25640625664368305,-0.912121523598902
1100,-1.7676580371097614,1.5219427232273814,0.5837223753964405,-0.40487317264271677,-1.0846233067408255,0.5470081054570458,0.6283010643208669
1101,3.681313487219285,1.2181558742286223,-1.0467531303794693,0.36087180857889667,-0.06514639215801865,-0.014350824459079061,0.07435970081507229
1102,2.770500725903737,0.34904235180061066,0.7307578352007242,1.4993184659463719,0.9391497876448596,-0.33018665865769675,-0.0751378810387118
1103,-1.1106866800964765,1.3965048730905536,1.3925044691536723,-0.5870803734899938,-0.6963390240525101,1.355916100506451,0.2530196682430246
1104,-0.9707601177064619,-0.6230994927058374,-2.3229275341987456,-0.48062157351880574,-0.5987839582441916,0.031242942259358916,-0.5540750163064018
1105,-1.4035710780035517,1.470837451939888,0.11887901295014816,1.3055908385307398,-1.1189870349896802,0.2027923663053921,-0.8360966005070621
1106,-1.243571373233183,-0.3920443973598481,0.6924495745528694,-1.2116712079087582,1.7859164767190936,-0.05178776105520656,-0.3234224877924723
1107,1.8465860298170984,0.16746156743466303,0.13707269015422338,-1.3564205910101557,-0.4184723963729761,-0.5699808881997055,0.8906104553335499
1108,2.689970768544589,-0.6075531525173578,0.8031269701594947,1.0211393030599525,0.612911315114857,-0.0704108862648879,0.8341229348304721
1109,1.9775984615848605,0.5755934882163278,-0.3498546283071326,0.8871379668530496,-0.754995044517422,0.3311144991314122,0.10394644563757377
1110,2.318590348631351,1.6034960590575427,-0.7705591779655533,0.5711004050612725,-0.03226837545726655,-0.046267414589610756,1.0030399443716091
1111,-1.6623721552323918,-0.4628016950379027,1.5102402696355326,1.6106326832604356,-1.1971622077252742,-0.15073502738175087,-0.22494955441231
1112,-0.04395729268456466,1.127808027819987,-0.022349120643058464,-0.4226457833536621,0.30525099695575364,0.0373436181760217,0.20407549101358444
1113,-0.9806429303085182,1.3832063720879921,1.7830723975711622,0.6140036109436077,-1.531847153858255,0.707023302833454,0.45519392764233807
1114,1.2971467767788278,-0.3220415589243864,-0.07121027792413356,-1.3511205316230754,-0.5090200622326839,-1.1582830669476898,-0.6015086662573151
1115,-1.6376196939219347,-0.6080024586657746,0.33006176619778943,1.2483056064966576,0.6501780107851711,-0.9964163355518008,-0.3641601994215314
1116,-1.7386842190013174,-0.8518355617424435,1.1437225927940222,1.683416988959658,-0.285938848143296,0.487299279027271,-0.16927936187133497
1117,1.5512262985348255,-1.7738374849375358,0.8246331628316065,0.13429405508124198,-0.6478580526615119,0.43598511609975893,-0.5557555970794802
1118,3.012360893687672,1.55132665702645,-1.0591334960081369,1.3089239194179643,0.5570799623838946,0.8673721880684997,0.5942492160092026
1119,-0.503922499850592,-1.1417669402140633,0.5549509202328187,-1.3754090948773507,0.015216939849952827,0.2811530813937138,0.10719995407869727
1120,-1.1123489353063132,0.9395883571812317,-0.09800921028437548,-0.6379020287888559,-0.08437608301905904,0.518942307352816,0.7653941333023495
1121,2.650956184698274,0.402494131683708,-0.1817619199490721,0.3785506874360703,0.8874675803281963,0.31247685432816574,0.6737963000767669
1122,-2.337462359628958,0.5774065925824019,-0.06071584403924363,-0.15321344952263097,-0.07183683488863124,-0.28470004738662114,0.7527260529293717
1123,-0.6048550099991665,1.159308501350824,-0.41362198357588437,-0.18170935051919068,-0.6131472295884535,-0.9157278274453087,-0.6651303602421914
1124,0.07021272492908916,-1.2661938886741373,1.2399393821888247,0.34191990561539637,-0.37612719009857537,-0.8799828351589315,-0.05009556438153269
1125,-1.984413406535869,0.18856746319306175,-0.5595223144311944,-0.8319862146702901,-1.1837087247135205,-0.6597690037071651,0.5978653529529266
1126,-1.2653485696418232,-0.5079565605463643,1.2901755414018081,0.8310345576554421,0.34309600304814925,0.22448475145899566,0.9022209343731648
1127,-0.6295624818509543,0.7306760796300661,1.584972039846189,-0.7916963740687586,0.10574288544874055,-0.6393670795863561,-0.6703579922810513
1128,0.40971509343921886,-1.3690831947207012,0.508257304046216,-1.2435428699940516,0.3380207690581559,0.47485877736234106,-0.35523645058029957
1129,-0.37686986634393194,-0.6104441546479326,1.360277047349168,-0.43887454947312277,-0.3841090727421349,0.553064625840544,1.088211490026734
1130,-2.6531106250103353,-1.6967732600815044,1.3681559786144668,0.47305304096786316,0.17460133790877244,0.37186165028290497,0.7168331864766794
1131,-1.1971826340969633,1.4401195200863122,-0.9677901103107086,-0.7405873555204595,0.4964822204548253,-0.31319683194630205,-0.7054123218281281
1132,0.5137252184688295,-0.5985416494417464,-0.021547356778612903,-0.4361252419466425,0.20561951781260326,-0.003000714828086409,-1.245232868701661
1133,-0.2069935689376709,1.3424343496524298,0.4227494286486104,0.3853149717976108,-0.9074153334897328,-0.4373198268062912,-1.1027496085422184
1134,1.6011537944470398,0.7265495597217057,-0.08779390522045398,0.06961124447216989,0.11911951826029385,-0.9010988845023549,-0.1493571986210981
1135,-1.7446207876626116,0.7799609752966643,0.029461063724302253,-0.8007385171785322,0.8762581544246545,-0.6337706849485742,-0.24043201586737223
1136,3.947189175094189,-0.9478301892031131,-1.2993621412217886,0.6042030934433287,-0.46530834395181336,-0.23095768605986391,0.10638461031012836
1137,-2.270072454715924,1.5551958152119936,-0.28864919988506893,-1.1924300464447255,0.29480024842656427,0.026052530885468283,0.49981463622652916
1138,-1.4260895376268505,1.4427436549479458,-0.06956658041521654,-1.137723474936426,1.0675588846131008,0.48803420151589344,0.0019672398907397827
1139,-2.4978655657678983,-0.14873657005327312,-0.7901893644474774,-1.0222667807679466,0.3340119527222379,-0.8560512075052332,1.0952131941816874
1140,-1.214980085057066,-0.7142068129521522,0.9432233746412311,1.1883231900449454,-0.42533593099534345,-0.6327294442604907,0.6961475055363885
1141,-0.4349916159978102,0.6774266687668269,-2.3178638261175157,1.3085641507331554,-0.7006334568844668,-0.4376114558904721,-0.05721874657906824
1142,1.3469374265691685,-0.7229047333750337,-0.8089053142446352,1.0586692482221538,0.49422707167175733,-0.8730212682362175,-0.05620608556986085
1143,2.018521480110918,-0.08352902231463115,0.7583026337573678,1.4182899788208363,0.18275839167600247,0.45767056295936315,0.27558243359003637
1144,1.1010982899014934,-0.39354335425906384,-1.297860775080021,-0.1613670699357863,0.3762882477110871,-0.17849168690773087,-0.41768310622618887
1145,-0.2577212668057407,-1.0767706794486134,-0.5269378437232151,1.1406535382071492,0.3679885470730004,-0.5079193674472658,-0.8560799565888424
1146,4.2736985094402275e-4,0.5239441871992992,0.27015177305336197,-1.0039814395509874,1.3373068036451174,0.4607207236708961,-0.3979036278830652
1147,-2.175359701235818,1.5307948807712515,1.0080475443673385,1.3139386486090543,-0.9848437353016065,-0.07579676917424705,0.22417111127833564
1148,-0.7242208858911804,-1.1528180623857145,-1.4656126135643024,0.9751398323686029,-0.4137372594791435,0.7219398948842317,-1.1134309067728447
1149,-1.4003813946624535,1.4442935724060433,0.5189318808134875,0.1095769941045511,0.6989145228799193,0.5490971055217552,-0.6974331621857278
1150,0.5402847857944246,0.57796102730392,1.442711234533868,-1.0805983240925374,0.5390761552869799,-0.2554507942859966,0.4194877210579447
1151,1.526175636749217,-0.8418377230842737,-0.10207697796412159,-0.592025555888632,-0.37211463192545463,-0.1514082188475167,-0.5025661251763648
1152,1.989231365386374,1.6218935358957518,1.2264546623509394,-1.3878837196445208,0.5882697021873993,0.46857511890657594,-0.22755048580694331
1153,-0.11920726689317718,-0.17434148811866965,-0.008342946203992268,1.1367011870557304,-0.27540714805890876,0.43912207921176344,0.13885118041177552
1154,-0.9282489003436589,0.16492586661239786,-0.6451436425203394,-0.27302894321521154,1.337749125770448,0.4632730267263086,-0.048545946260088825
1155,-2.18347636631472,0.7884809808213844,1.177641828525408,1.3014106345777223,0.5250236502100473,-0.17958913164720358,0.2063394589646017
1156,-0.9650747043469171,-1.7038472060902874,1.3842800331643346,-0.2527626542027573,-0.5327961738877802,-0.45642991207604583,0.22688229567033785
1157,0.3154137104637626,-1.6834440282965084,1.243827984591293,-0.2634188963565825,-0.2777099919731286,0.1542880486851869,-0.4211645585133338
1158,-1.7891788838368952,1.3482018639923916,0.7507754034451473,1.4273512259561105,0.0877241488515447,0.3926409600404598,0.13631743081831185
1159,-0.755510788038694,-0.904091092659544,1.2034794058305984,-1.114249192830721,-0.4942631641601677,-1.0845248088767685,-1.1378292121683975
1160,2.601590747373214,-0.01675142366634739,-0.9745844631520852,-0.12389054003274387,-0.44356332306463697,-0.6980474502254614,1.1163037970085163
1161,-0.22057542525231905,0.5733004644160191,1.4305048403942544,1.0602102496070365,1.2546326316566465,-0.08374869341730415,-0.06137856194464699
1162,2.3746955456216243,-1.5727471807620435,0.14747116475877936,-0.12536072734447948,-1.349127384649902,0.2439282156944685,0.46544185532897137
1163,-1.8860736772464708,1.5700878652796586,-0.10816680780965451,0.30567582607315064,0.39296840296147373,-1.131895977584884,-0.3594608842407838
1164,2.6554754486051393,1.6491837947667642,-0.0855238014175483,1.464735226189634,-0.8388409340454389,-1.3422314948105378,-0.5109206816359065
1165,-1.1162380239550607,0.9264819470767273,1.5460195653933348,0.9733722825869772,-0.3405111924567973,-0.8644507319269715,1.0550760804098307
1166,3.1796149475089552,1.0131388438967275,0.9978765194131269,1.057129968554417,-0.12853675949764803,0.2821422990799476,-1.3457388068243208
1167,3.0729731227465344,1.620404795662056,-0.06581439385511473,0.36922352059673863,0.4787371063100299,-0.40799586679993416,0.9582875456867294
1168,-1.2221403868619287,-1.710714152770593,-0.11282257729775763,0.0774476641445559,-1.087000773734596,0.1557468586703162,0.3991903440739194
1169,-2.9047826756261945,0.7229377937199306,0.3580824556695188,0.9469824051809687,0.08555182128385948,-0.025161843140047165,0.44778428430631745
1170,-2.3584584535347317,1.028917367895923,1.8090843116544428,-0.4780165428749921,0.6539544322213652,-0.39454409296105364,0.910487912751161
1171,0.10518603876582097,1.4850361683313198,0.37919749833365424,-1.0443434444202875,-0.15671455250986355,0.3347403233111332,-0.4412914261517298
1172,-0.37239429343976077,0.5898898907694945,1.343238463200365,-0.6825366372692565,0.8304398491524029,-0.11139934916957693,0.6987266738078115
1173,-1.141934438201294,-1.2523717680344544,-0.9306787001097937,-0.45212631390322255,-1.4065042766863407,-0.5191538482449031,-0.6044444336809314
1174,-0.18644247919049425,0.0030491168261679775,-0.8692507538651782,-0.2734295425429771,0.4830179191690403,-0.2872401339423936,-0.34838985063532074
1175,-1.9708305782951439,-1.7436392043928433,1.4234108010904971,1.3259212779430394,-0.14185794665061996,0.7918396719099017,0.09258132559483723
1176,-2.041732717339536,0.2276407937645246,1.2081914539987972,-0.7885395297805904,-0.01845118277896191,-0.643559854609622,-0.029794000203626568
1177,1.1095457726665634,-0.9369828426513489,0.24943647485339124,-1.5648047232850952,-0.832411232323958,0.3754698999562559,-0.6964475535898759
1178,-1.1024803652656,0.19356998583839521,0.8112330476222913,-1.103420316216793,1.6207303226041463,0.22713446551112712,0.23302517046014848
1179,-1.4717049098404094,1.4305196227924488,-0.8606314192470452,-0.35194614111283673,-0.14370011161885454,-0.16499008428369358,-0.46830019192564987
1180,-1.9512565070310188,0.7073855497577033,-0.5819592152647056,0.13102611317686957,-0.5948889101283714,1.0207937249349202,0.46690216254728667
1181,-2.7785167919647993,-1.31969693604086,-0.6199260989702668,-0.7789287369758187,0.25192161465138596,-0.49844464398326793,0.21065890268757953
1182,2.435802404343901,1.2016297160222922,0.9406302053551656,-0.4516958215288514,-0.055335231418222504,0.5535280543377987,0.8451596196211527
1183,0.15725861244011616,-0.9135475145591018,0.8824356383780468,0.10401733004160607,-0.2963788911808538,-0.10604110195754472,0.9527919731700832
1184,3.151298338907469,-1.6601741112460742,0.17287578376861099,1.0231425106676977,0.8092592689762305,-0.45064205536917523,-0.06665525337261437
1185,-0.7291323184785238,-0.9542489333491547,0.7198815035740035,1.275624361931147,1.1845838375626685,0.5103881560698992,-0.6000824947155342
1186,-1.4866143657572932,1.4154822603548771,1.3990873832857984,0.608520074103751,0.2911806863814072,0.7210986501015617,-0.24828359151999463
1187,-0.5145521277688013,-0.42992804664593026,0.857397541043106,-0.8776466072649851,-0.2622317780578347,0.5353552187052973,-0.035421483450906566
1188,-1.2330470543651555,-0.7090868338938665,-0.08510427968130256,-0.10748535729980661,0.9611357654833145,-0.5974683779167471,0.2168010659547101
1189,2.1361256962697417,1.620547602042935,-0.70216736314355,0.4646074772031265,-0.40088126256008483,0.7842430257479645,-0.9407025517047817
1190,0.4839436510713835,0.19602293452233685,0.3966474257584759,-0.5234517427672629,0.4042022481770267,0.6093462270770981,-0.17275650637258497
1191,-0.3572071771344798,-1.3139211382421043,1.1287356519541965,-1.6636412963353275,-0.5859720090010845,-0.3531679254549609,-0.08959537350484122
1192,-0.6372328049869236,1.0722057955510091,0.16029411158990306,-1.5066235762794025,-0.16592334597173394,-0.7010823446301749,-1.361132445194947
1193,-0.5894041262756036,1.812557117447381,-0.9468526156916134,-0.7082333782003332,0.8308111934492011,-0.2975884596119372,-0.2238809467368287
1194,-1.0534578657532128,-1.5335903395630939,1.4421504104293443,-0.4525910330723966,1.2361111638139077,0.13095202086649205,-0.44920104378283543
1195,3.3073397798354733,-1.2496244156489933,-0.30861385954067233,1.1196702500001705,-0.9769884412564208,0.04793906910087288,0.3496142075706512
1196,-1.6900614352026782,-0.6329225167635928,0.5161282569586982,-0.6838234422740271,-0.7544140822448552,0.1864444844363322,0.3138833919969497
1197,-0.4394431501248127,-0.3677081315840884,-0.8287125088665553,-0.8243805894902287,-0.39690201039294637,0.37564889461598777,-0.6509344817457889
1198,1.970481041449631,-0.1915244412185931,0.1650089216627578,1.6233384452962627,0.2443508472451476,0.7090541529847236,-0.9059380185831302
1199,-1.0442517897642571,0.07914226365844804,0.11189479171011174,1.4639081996472085,-1.3443258605689279,-0.15606417587760452,0.37336546985194374
1200,-0.9576588338219263,-1.516443664795116,0.6203971130387244,-0.6398277105069906,-0.9659894201672538,-0.9909515843070322,-0.42726695511289514
1201,0.14176233277075048,-1.4975649997504832,0.9042346664179969,1.1200669839198116,-0.053267271133721525,0.698730108737331,-0.040409380325156036
1202,-1.4023337858643607,1.6794389293305105,-0.3554949796250147,-0.8307618126732179,-0.85871318730094,1.5127168122272197,-0.15806206701203265
1203,2.728965941264193,0.3678364311425602,-0.3770711302301902,1.4210901872322919,1.1390691208487387,-0.3904945580263349,-0.25671667812078725
1204,-0.6404712298677391,0.22161080727110302,1.4184504542515577,1.3192463830986343,0.24710640860886515,-0.6261061638108162,-0.27329710897377835
1205,1.5851168108099774,-1.1976147538075306,-0.8822869369735592,-1.2607322103125602,-0.022156998677768974,0.3481154556784638,1.2757927573402887
1206,3.4294903829253514,-1.478756553133732,-0.29276180775190086,0.3482152430196121,0.757410207921765,0.4453669001017925,0.3488547191318864
1207,-1.0022051006768185,-0.22284791536833942,0.05153106197353691,-1.2460909105273779,-0.6261647179096949,-0.06064346082997163,-1.1668550251033902
1208,-1.7384630336251792,-1.1139173350488123,1.0112283649996547,-1.2096388641316553,0.754596878326415,0.061325570068579416,-0.03931468451650707
1209,-1.6107472317712197,-1.0859026144167805,-0.2814760717728296,1.1229559319703881,0.46472132224857726,0.4493588453960502,0.2865793025894125
1210,-2.5312531070606847,0.9557207502825594,1.455815129413165,0.0697702006747421,-0.34595688100573585,-0.0727617327666113,0.49455611826559787
1211,-0.8727051329312363,-1.4623154958007536,0.10814711758749278,-0.37956152555612693,0.686297124132191,-0.6469400741388185,-0.9469475999681506
1212,-0.2958709990624362,0.8560261092710262,-2.7670992236795007,-1.1548679579467418,1.167241773252926,0.356929706253899,-0.2685516749229902
1213,0.26717519026379,0.8109616467123056,-0.3950607448698933,0.9635447323054641,0.2251410442737883,-0.6843970739991726,0.5869120382457401
1214,0.8336417619326884,1.5680628384575752,-0.32077379555227026,-1.2301934421481904,-0.044938200768180996,-0.3057631103209807,-0.12937266591629068
1215,1.2715042709433524,0.49803471321222453,0.8698213249372327,-0.34537666202504863,0.35675818421928296,-0.11901193131527232,-0.5641007781350267
1216,0.5299979013269989,-0.23789662265597575,0.027911551046645552,-0.9685681053596961,0.4957201625060339,0.6183339599095431,0.18390063766720655
1217,1.647635246774803,-0.9494747239520435,0.1851692200607136,0.3318265554951343,0.23026515264132788,0.20652908113148088,-0.7540547860680097
1218,0.12194760965137062,0.6346081875881963,1.2512345494031578,-1.3621855954262732,0.9490805305271135,0.5381274736722943,0.28615570951877534
1219,2.8466954233546744,-0.2036962975470096,-0.6966641192616564,0.7522509118617402,-0.8329593855404475,-0.18775563758997252,-0.08459122620236437
1220,3.007759393645979,1.0632644899025587,0.5401544271053251,0.4860497592558144,-0.21800416633439756,-0.13219023383189474,-1.3988652911107742
1221,1.7972972342080957,-0.1783945549362785,-0.6936110902958935,-0.9529726960585924,0.7758433382491167,-0.290513905727032,0.7256174827612865
1222,2.2429927825591878,1.0062088513446803,0.12352621517668542,-1.4437010422801917,0.9647786156842323,0.8091861083026666,0.8052941803672721
1223,-0.931642196172748,-0.4436414220139124,0.6498655045985513,0.4572275191943666,-0.5558443271141676,0.11441863054366593,-0.1506258049439711
1224,-1.707637204802686,-1.398201374077777,1.4917076100164137,0.39292740666108356,0.8856180430242793,1.0391627826755254,-0.7203471225770691
1225,-0.5319482773159605,-1.3213708392796832,0.5759727452105157,0.4393939657268988,-0.5679284792308539,0.6596086209325782,-0.00270622755706018
1226,0.6969097073703785,-0.5128122399010775,0.35555452843762475,0.717593164036002,0.7369967679445893,-0.06765868294847092,-0.3748899140456698
1227,1.2985028618062149,1.4239817657184348,-0.2283364106514405,-0.7901520664321938,0.9901653328396608,-0.7403158670701883,-0.1682782852267666
1228,0.3900786740234333,-0.9937650380901992,1.2392565328549017,1.0992119469846429,0.41232482896763095,-0.44568064223733556,-0.27244064416299996
1229,-0.9526761044500384,0.10633797667675536,-0.7171096154371879,-1.1234915046470695,0.24703636970654508,0.7537588822941372,0.9185650416733955
1230,-2.437144906263636,-1.1797928462088485,-0.15818909415537905,0.5649965288117432,-0.314545435714982,0.235782513148271,-0.13156293338167152
1231,-0.3244618975781727,1.6663148637182377,0.9282093200512777,-1.1810247080164433,-0.16967677542594317,0.8902872778272024,0.49105186025358954
1232,-0.3894340097485311,-0.9121467258754022,-1.8009461897935752,-0.22256407965278543,0.14741876372435128,-1.258573340685504,-0.35519029910869293
1233,-2.943729872713688,1.6716618887612724,0.24591209752076393,-0.8818767615644536,0.3906224249144042,0.09708956391133214,-0.16612737329844193
1234,-1.4201158229431936,-0.7843030262987437,0.09415898846068356,0.050072412573800996,-1.5852179853125976,-0.5677121243528921,0.25052719695882403
1235,1.3775392068793797,1.5998872959320152,-0.41276716550050974,-0.6790159432338169,0.8990570675838178,0.564279552589504,-0.36832798146733636
1236,-2.847086843127963,0.49917514388690915,-0.0672463042015317,-0.06279342536628596,-1.0121909186356113,0.03454785051550422,0.426646236364603
1237,1.8156953964771985,-1.4483644799323783,0.5280827322962963,1.2886242080677681,-1.233007535520763,-0.5024162271947779,-0.6565075148990601
1238,-0.5854100300277558,-0.20604595239283863,-2.782098959345452,0.737103968517982,-0.14714850367647164,0.6718261940905573,0.397125453352864
1239,-0.7346181137058032,-0.29200449040319054,-0.9096122661382339,0.8099291311446192,1.332978139921456,0.3869560299369735,-0.2662070774014766
1240,0.4051996469079061,-0.19314232934892508,-1.0847559813116423,0.4698788593546913,-0.1845428251395128,-0.3520025798131722,-1.0963724427919008
1241,-1.316172656840662,0.6650629728379556,1.346851671665914,1.2756082484070213,0.34053035397872133,-0.9956896021483219,-0.10021055571088525
1242,-1.3858493699265915,0.2728329091352873,0.9044353868654598,-0.4462806829918082,-1.2540797707783369,-0.532610802554564,-0.4609387171431001
1243,-1.774604151971147,-1.482419043210509,0.6547857251077492,-1.2800340831391073,-0.0855384366378983,0.905158837037176,-0.42973781125404364
1244,0.35928685346949324,-0.4819118318335282,0.5540666437571007,-0.4799338933133593,0.7845390750884346,-0.26522302003089304,-0.6907237864061372
1245,-1.35162703885406,1.5168017380849033,1.6519304210363035,0.6046999931431616,-0.44301872037202406,0.8574627177644927,0.33355834292279435
1246,-1.0416251402490542,-1.4450910160316646,0.8144533442635762,-1.0202189776948871,1.3856890399078472,-0.47283972753744097,-0.030217482076868765
1247,-2.1626864583034253,-0.7584958781558987,0.9269877783983258,-0.5255765510119743,0.32334435023344316,0.0507294237369242,0.9512312829490572
1248,0.8652952550230668,-0.51698533789485,1.2753271316738048,-0.5007430210798535,0.21686166680626054,-0.8816580284370912,0.27670783665610627
1249,-1.044690095543979,-0.9643986911986537,1.0236932343208487,-0.5105747005655392,0.8636987527736104,0.3718602307106117,-0.6739357921592763
1250,-0.14120570862225282,-1.580631686976375,0.7553489199793652,0.5073195385793815,-0.4244517974797931,0.10368936766046104,-0.3179679313152876
1251,-1.839467780251791,-0.41949557083504163,-0.14749912902836107,0.8636828730295034,0.029952197383913522,-0.3721381665498861,0.669004668555024
1252,-1.0677620596351771,0.6036136018508584,-0.47367316742991655,1.0169224948134767,0.7328727218340698,1.048666169591858,-0.16276824422536423
1253,2.07189843941893,-0.2971722044149529,1.102923554880125,0.11167677040218014,0.5120833616471435,-0.5440976845539538,0.0016154432806563155
1254,1.2128111236459604,-0.5371461515018281,-0.004406948361504442,-0.5648799687005771,0.13001921423451313,-0.04078866817563989,-0.1912728828519159
1255,-0.6912727583029783,-0.36088285019621585,1.1456193305071454,1.3409716217636936,-0.6555720802041995,-1.7748671690963995,-0.4980778864497015
1256,3.0404265425240515,-0.8742620444899437,0.8301968324098906,-0.8937432861214604,-0.5758695593828359,-0.179939152730885,0.7474892106199161
1257,0.12889395547387258,-0.4846910501275327,0.7243394845882438,0.8841079536249721,-0.5043931792784733,0.3568731359340691,-0.8160682408125182
1258,-0.5118507576745075,1.3678415071772472,-0.43736795624470187,-0.8040082921256884,-0.8334457086328415,0.24816593911412482,-0.14807865335473916
1259,-1.423791907607794,1.4874559028927694,1.1319499872522982,1.319236223383632,-1.076671059672725,-0.06104499767768188,-0.31478427502518325
1260,-1.1082163679267938,1.4003412067269727,0.5830645074903255,0.027203775312832988,1.6550062017260294,0.14267968294903038,-0.6452495675053703
1261,-0.6234372684516678,0.5178320809949882,1.2696069415970004,-1.1085255643522445,1.3225222110544455,0.13632633876151393,0.17542042269307698
1262,0.3957860543218919,0.24470850111688056,1.2662186131220998,0.5875240697554075,0.31724027836058666,0.9115408307046338,-0.2895056987362833
1263,-1.1645488694641974,1.2348449542209459,1.8425952246541517,1.4119116841655086,-2.017981586082549,-0.35609135090360344,-0.3690482032428917
1264,0.9614628284634523,0.0922216292255481,-0.022492315612489853,-1.3354447425755855,-0.467874358161121,-0.1943813794366684,0.2716489014297579
1265,3.3645467297547293,0.25963121972150294,0.972988713028776,-1.0166933753956813,0.07755735880656227,-0.23123845622066225,0.6175554050613381
1266,2.84478904813149,0.6918561014521729,0.053552888837442955,-1.1867113945971064,0.9310548333154169,0.08293396610282634,0.659461595173167
1267,0.3955623784957037,1.5166144611067407,0.487213941728512,-0.05442387592710069,0.5182864816968209,-0.17736667876944856,-0.07641347533808365
1268,3.0932005452356788,1.2074153700134902,-0.7478429058374713,0.3174511579917343,0.11922220206570304,0.1235132593474987,0.6752776545155236
1269,-0.4046410356629419,0.01803654591318455,0.2035754739250362,0.7095579393079113,0.862456846529876,-0.3014949528619589,0.1695499158372809
1270,0.7211639185279508,0.10193179660726258,1.2966925041210722,0.7530330727585909,-0.5811595977687947,-0.2974680284937119,-0.8868521271490003
1271,-0.7621069631459874,-1.0678268495986551,-0.9872192374340597,-1.3282997241496375,0.32561831107468525,1.1435051954054432,-0.43328191910972597
1272,-1.2597026806257678,-0.6262673630393326,-0.09595530003266849,-0.11855115121547026,-1.6059936575367288,0.08902975728564076,-0.41733934698691266
1273,-2.0048885004236623,0.43278396864930657,1.035095525619703,0.26075850549523366,0.5507599164918081,0.6291526182120019,0.45934318889176134
1274,2.2578446658195075,-0.125563938963579,-0.5409251940940131,-0.9420320278002489,0.2890787105816969,-0.5516330381133253,-0.8984901775537253
1275,2.479858536059597,-1.3413148902507064,0.1997201455129939,-1.2597737730501464,-0.174450812810792,-0.726629544621605,0.7355664408817121
1276,-1.980389069964275,-1.6395811153152904,1.1744535134929266,0.6188660274556468,1.7238145370439918e-4,0.9004582355957111,0.1880415150944057
1277,-0.9966222185664878,-1.7581866181616246,1.562866818872124,-0.09100292824865353,-0.47750572654227014,-1.4585541496648644,-0.20106829786426642
1278,2.3694689610121995,0.9316928652812516,0.07366961350188492,1.3841498728030206,1.0412780154665444,-0.17369698071219453,-0.4562727244129242
1279,-1.139712179548116,0.04935947406233351,-0.02629382903495266,1.0335893920349806,0.5268418217932513,0.1344187094216197,-0.247385368643404
1280,-1.5011326394329418,0.682206855561046,-0.22721293467673714,0.7679391931665986,1.1471942010837892,-0.4613672526551811,-0.17223223551838715
1281,-0.44837934712216126,0.8318754267480374,-0.702485808906505,0.41966944286876523,-1.143850922497142,0.13104250632103476,0.5571250353087753
1282,1.7870114857863997,0.4341505503831988,1.1686353036300636,0.5859037234035778,-0.8850298632863707,0.04243360702232299,-0.10975180255166798
1283,-1.3919535200655728,-1.223926113233201,-1.3122128496705614,-0.11652089395122266,-0.04639289245218235,0.2559613483480208,-0.2458121835351245
1284,-1.9757339091801398,-1.359983990847748,0.17099136600385142,1.1249885484456141,-0.07464486970164835,-0.6447406789477654,0.1624582424414935
1285,1.7231735188077069,1.5834482103858183,-0.15000923837801122,0.4888995410207924,0.09424685893583483,-0.39247088779675643,-0.4833674223020977
1286,-1.2597885337239623,0.5449884063274855,1.4342953082582293,1.103369548292927,-0.6001613634042904,0.10779674807013227,-0.3393460970203628
1287,2.9461878287931675,-0.3113490180374445,0.4255996322659407,-0.13052033994124554,-0.18021106267067477,1.249151390016668,0.778508780821294
1288,-1.9136124586794871,-0.4441156796650421,-0.4969029696630136,-0.9549827643684937,0.9257916468471173,-1.2259592073991903,1.0266413317764385
1289,1.4938240515423227,-0.03204016659356692,0.10001476842989486,1.122691260346176,0.15412254582451046,-0.4910998507639207,0.25708225577013066
1290,-0.46121094768388893,1.6974265607636663,-1.28290216488203,0.43067332061599267,-0.6768022805667238,0.8733216445237287,-0.09471351097914822
1291,-0.465111150589026,-0.7647641009722829,1.1275835992322727,1.1849380027657404,0.2546593920686075,0.6441150593405919,0.5564950421825006
1292,-2.278106522120799,-0.7577037655282229,1.4087779199174413,-0.047345759467215046,0.12482098751752213,-1.0645699807207465,-0.12273409169516324
1293,-1.89811036866998,-0.4374473292210996,1.647383049531311,0.6999701201106808,-0.4119585707850754,0.13240218387998637,1.3180355152184828
1294,2.546655965618425,0.47580650091400695,-0.6342546165513083,0.9833942831718294,0.4026127488354486,0.3548140326682618,-0.5461121048801333
1295,-1.5459358195101403,0.6877419041630495,0.0265820082389125,1.2948735661488313,0.41014177934285384,0.8197870081909988,-0.3417310142445284
1296,2.3344392186616405,0.5781461213266262,0.6894606926806748,-1.1449366382910064,-0.8097895038403917,0.061725680912213615,0.6811667895257589
1297,-1.1524638361083501,-0.08841425987158942,0.9851185370213191,-0.38190918120176387,-0.027255340713742405,0.8012484194308843,-0.5512920922759276
1298,-2.321149122394978,1.327235035095113,-0.5786498352255448,1.8224896295737236,0.36741704266651726,0.18179942658205092,-0.05520077335125014
1299,1.695106924361686,-0.18360942033353989,1.0119820586042945,-1.2818123322023018,0.21363609881616089,-0.6878302594908828,-0.7567199129105673
1300,-1.8042107290130824,1.2209477143337943,1.7467907534164713,-0.9602144981051673,-0.10113106852720859,-0.7160628700429017,0.7182730259477748
1301,1.8824507374758805,-0.2707100461085377,-0.911914829864218,-0.691155559086117,0.009314173859326983,0.4547402739205424,-0.47684638909023835
1302,-2.6257043189249436,-0.87100884961959,1.803829782561321,-0.9342711107873959,0.4420956842451796,1.3172274204153236,-0.4273968963520896
1303,-0.1779450091776368,-1.1744620687216605,-0.5661127593934105,-1.4105612154203224,-0.1058808842397056,-0.6892416864929288,0.7144235664107194
1304,1.9317324794435682,0.7606278984841228,0.7762707301669864,-0.9019878453951266,-0.13579699106176008,-0.16731586918571997,-0.3106573006037466
1305,-1.7899970057069716,0.3174082573674638,1.5134311727668701,1.1370540741405,0.4750108347204139,1.2708398546772175,-0.364097082071607
1306,-1.0187820766671427,1.416881154825417,0.8640211893946176,-1.3403507566795057,-0.7252325532749995,-0.3901238837112349,0.09171481716621628
1307,2.523535295221232,1.5713491451654351,-0.8597279318016332,0.9463663172608033,0.4628568958377761,-0.5952494722388627,1.3196252533429615
1308,0.5891348536436343,-1.397223997390062,1.0673778412152153,1.478764360912819,0.7702588915747244,-0.6724348843131752,0.9401120681322864
1309,-2.1443545293965056,-0.323562469453495,-0.7719493971910453,0.412636671049503,0.8360773727570403,-0.8869524907483456,0.04640482570832011
1310,1.8912365732607865,-0.33876722978762525,-0.31657651234880385,0.489485160923631,-0.5403284812561875,0.46223693814211764,0.9591851140910207
1311,1.9557824257838794,-0.791182117255399,1.0041892791479716,-0.4571480609050659,-0.13352985681992147,-0.0691749522286968,-0.8313221438776313
1312,-1.5772653153669443,1.1548462867594214,-0.21291023363978365,-1.4098499908176263,-0.4919691392330589,-1.1513230555451812,0.7945573715950509
1313,3.126070697699342,-0.756004689983826,-0.16394250071703156,-1.65841745650587,-0.07053444837178255,-0.16467231819452466,0.6764578046937945
1314,0.15172247839098146,-0.7500757121391838,0.5547629737972862,-0.17252495448718913,-0.4068839436518919,-0.06090513514537796,-1.37445433594998
1315,-0.8292355643389574,-1.802511324698487,1.6014862533871088,0.38452700889511177,-1.3258165449844634,0.0030362213144151987,0.022973439735602022
1316,-0.7573560432035521,1.7837578979348392,0.27678966913162484,-1.6348441884766882,0.14007906917733093,-0.6656435785821895,-0.696812290985112
1317,-2.157614651461208,-0.39232081503900235,-0.9527750072719061,0.3291487276217337,0.40564357128010436,-0.9545206807229342,-0.3419961996690611
1318,-0.7240959952182865,0.8482048792670063,1.1486836933533064,1.5112082350236025,0.7956059184265117,1.0152020867933649,0.5097389738672266
1319,-0.9914488560518656,0.8803945251185867,1.21090341862546,1.5711133028087276,0.6602955477850694,-0.11210980577861315,-0.7061072441955022
1320,0.016578083337507932,-0.5532824958590711,1.4299874505052834,-0.09134159319214322,-0.21737469425958716,0.15010036639829133,-0.07746807806670689
1321,0.7290006792051684,-0.9343690682072977,0.28432686653553346,-0.5499376497366577,-0.17634360893752066,-0.13324953235810616,-0.2540062681509689
1322,-1.5226445062751668,-0.07589918722715516,0.2556425703782618,1.2212992069638826,0.6496788848386612,-0.48522183724910745,0.757168195589034
1323,1.4912222520712581,-1.165194393778102,-0.45149228115014156,-1.44247622136391,-0.0510120849581665,-0.14554509141928776,0.5385569183156356
1324,2.4296445928176706,-1.706170354921167,-0.15057395725792344,0.7777024145343129,-0.525563255148172,0.8186208221827574,-1.320497691819007
1325,3.0499611118113368,0.771585024035898,0.9439940862840929,0.8864345915812307,0.6878019557253124,-0.5035044333900341,0.1583949877758892
1326,-0.04035865231901717,-0.6207789075545825,-2.0858592585770874,-0.09854159151471537,-0.3051405981865811,-0.530373243165704,-0.6255576622367384
1327,0.14218297191713697,0.5421125757914222,-0.8889039215344172,-1.323130627871886,-0.1259735396801589,-0.5504083509467016,0.5451226315906808
1328,1.785451018687973,0.5866057742760447,0.1896520362241972,-0.6415333888116017,0.6693992849468691,0.24161793296696785,0.859320413285772
1329,3.1339883824715344,-0.31757389127013486,0.8848990392850236,-0.7822590719869358,-0.197111923407949,0.607282181259729,0.3868347801276925
1330,0.17469080221567232,-0.914346517412297,-0.3060516843636618,-0.6504053526297681,-0.06410887680030807,1.2170596785307304,0.4110239093343552
1331,0.034415182361876406,0.49942164584412785,-1.4170622426586863,-0.48908646788655713,-0.2848234302837924,0.30095559526430776,-0.46502396728454976
1332,-2.318518117759058,-0.42368113719437805,-0.5179112542994303,0.6234196738616349,-1.184962423230604,-0.08206062552529893,0.19471024766442843
1333,0.04561801077618333,-0.05466160872865036,-0.3503427347126454,-1.0607795150766688,-0.4637184711846063,0.10347593596241547,-0.27735183688349396
1334,-1.255395800221809,-1.3391520138937107,0.20259600178949397,-0.441572612565957,-0.04623153838865494,-0.0340262939278743,0.48499998557621277
1335,1.8294515983302955,1.1023519799191983,0.6984911290863673,0.10650780673945064,-0.7146194314809989,-0.028485195540677802,-0.23747771246396826
1336,2.162419307292751,1.0519817931136342,1.0338495179789795,-1.1772026381335834,0.8301243408407561,-0.13219639341475514,0.42943073732696463
1337,-0.09385303127161856,-0.9582171013386312,1.198135011723932,-0.5217667234803431,0.0747468491476069,0.38991494291404627,-0.22636689829993403
1338,2.774513115718074,-0.35658960008324797,-0.01811893014755348,-1.321287860254831,-0.578146646498544,0.6016513514683748,-0.16766185064056371
1339,2.2668961427050536,1.5793861540857148,0.7019816262852802,1.6099386199953432,0.3656162620255749,0.7891614356599791,-0.5448838066932858
1340,-1.965901535114001,0.36539436107054424,0.8775016396533587,-0.6889161201292225,-1.4678946602583947,-0.029442615904499807,0.4656864182638738
1341,-1.8283191599564936,0.746283711357473,1.780392521621834,0.8767179405869991,0.8645443590354678,1.5438005382746172,-0.6900649618304592
1342,-0.7635191497963831,-1.2682282687441027,0.08780792725538938,-0.5272210566328243,-0.6786398892904929,-1.4540683786510595,0.40810683419040683
1343,1.872198523699221,0.4476858679760253,-0.6191571018702631,-1.5056686697606168,0.603586898823716,0.4166253477724886,-0.822006008849423
1344,0.9507541950024756,-0.33754670678224946,0.21493037140541107,-0.5006646133143364,-0.044115192538820985,0.43944301436949035,0.691900982041328
1345,-1.0239973096531423,-0.44441221932735875,0.7211288634591422,-1.4710810175693378,-0.23743880100929682,-0.6636883030577693,0.27877183423385604
1346,3.2064185233536393,-1.5627426197432595,-0.09656026818763866,-0.5869740738493507,0.31925358442928875,-0.5699455982262761,0.6063835219763638
1347,-0.9421183549795388,-1.0474285068335514,1.491395086877433,-0.9272199994309621,-0.110915057183948,-0.37954971146760164,-0.7388023686851304
1348,-0.07512270366386915,1.6899065292144273,-2.2689394149861535,0.5979690705117013,-0.779821761039446,-0.15864909350573944,0.7501505121416095
1349,0.037748734986874144,0.10239020903687146,-1.882838278289554,-1.5692004242836866,-0.023366381793469736,-0.8578253149130006,0.06798291000273501
1350,1.501161563834156,1.3736345999490123,-2.125657745616318,0.9125116689297097,0.2636057586971654,-0.031184848065001363,-0.16969833114499147
1351,1.3172986695813467,0.06758062440719126,0.4203326985429156,-0.6777489735054308,0.6173947357413643,1.1173825065917922,-0.4511252141924857
1352,-1.920714169874481,-0.3470104010213879,-0.48272493097573616,-0.8370932170839852,0.7687734223155536,-0.39004095336983813,0.8082701447680756
1353,0.1267017196449771,-1.6565787927702458,-0.8378662880838771,0.43690810255860185,0.14134550195765652,-0.3826250931009803,-0.46279279399239975
1354,1.7057398835001234,-0.3371793034522037,0.688057231586834,-0.6774644108890727,-0.5583914549146438,-0.27300110954028795,0.6310946214943153
1355,-1.9197821720316834,-0.3435296758259627,0.1467139856767089,-0.6399617023863154,0.43088718132763104,0.1945370024139857,0.9413879624717153
1356,-1.6955936146818003,1.21711005784473,-1.0468020082475014,0.31909699934103875,0.6479803657147253,-0.6024218232693709,-0.7713149255593593
1357,3.4460048434834705,0.1397704067964136,0.23853358674601832,-0.9005919621563198,-0.3448289403038477,0.542205626828452,0.4784053230504407
1358,-2.1825363920827336,0.909095423586852,-0.8331745282439235,-1.1737024043086024,0.5506608390283317,-0.7362618635797634,0.9502275062417931
1359,-0.5273758837137366,1.8007457585613165,-2.0948521746784428,-0.8741280113464918,-0.7546567493037063,0.03944192787626564,0.5614841347069408
1360,-1.5055718866340344,1.5609660454126695,-0.14616023609845347,0.47315652024399174,-0.43527955389696216,-1.6655983575931235,-0.6634838238942358
1361,-0.4410391345361192,-0.029819879528709816,-0.7806286778450505,0.5962907205800441,0.5696679874865941,0.884171468175444,-0.7281963040576155
1362,-1.3180624908428236,1.3632433951986866,-2.388790898245445,-0.8423066409507209,0.38810565297814953,-0.21605453642108194,0.6585265123917745
1363,-0.8203047556677159,-0.5229186135538799,-1.1707933783068765,1.248164882358453,0.8563814788249992,0.08696264780895144,-0.2443127018068561
1364,-1.7990421013913005,0.8830330557205459,0.6981552979421615,-0.19703560798220401,-0.38384514673195086,-0.3206524002579175,-0.043652051256499395
1365,-0.9281127581347176,-0.5126254790512355,-0.8981384262003854,0.7614698277140709,-0.25505039946431085,0.2961518267232133,0.5199867851656718
1366,-0.948855376092583,1.503647739764839,-1.7327501542100123,-0.8428565207495018,-0.4827275486969829,0.21661509332422807,1.0791795729947453
1367,-1.329902899884827,-1.4605797169887778,-0.9328359023831088,-1.3777036506988014,-1.0600251026087437,-0.2904210994215386,-1.0564975035113051
1368,0.26717031854697,0.6078385273144166,-0.025956809554272226,1.0160695954346135,0.8407267991257424,-0.16004186159694328,-0.7890716483720973
1369,-2.2827802806262327,0.355236198473119,-0.48052826657294617,-0.7857650765792604,0.2051016032861945,0.6411511766822428,-0.11361434123457942
1370,-1.086513563554604,-1.69055768326945,-0.16340568686922588,-0.10787232135669848,-1.4097882781015438,0.12042762560094752,0.3177277572419585
1371,1.5283035869039265,-0.7680305898883449,0.9183975594835807,-1.144617806060034,0.208213984869507,0.568014228611062,1.3052101319772462
1372,3.0310399097413394,-0.8893395899762843,0.016932703898633168,0.8516149214563875,-0.04847466153567682,-0.5236498721910434,-0.040549740554627844
1373,2.258510589953436,1.6180566449194524,-0.854322883019584,-0.016791223777433827,-0.039608800890941556,0.33518713406668277,-0.24141174266021143
1374,-0.21943384734783752,1.1520353942529222,0.20160551917955424,0.4125940182055306,-0.6010828714271734,-0.8997314279386986,-0.6551846384516498
1375,-0.8604071420733156,-1.4870436324893324,0.2772170244823844,0.6309315185871235,-0.5854656510834035,-0.17528562180449486,-0.2101542079218483
1376,-2.2308250940179035,-1.0067959322254112,0.24924504844828527,-0.7353339829305638,0.8693490264705485,-0.9027155602238531,-0.39977604128261424
1377,1.077396837834,1.1941964622783308,0.23523218235768373,0.8179571681777796,-0.10029119938794762,0.08658787657746299,-0.3037361339372039
1378,3.3211878292894372,0.29386662909328376,0.7364897388403032,-0.16779275790221804,0.04118805036682831,0.02301174209984137,0.261944399156076
1379,2.4824704097570454,-0.11385463494109672,0.3131942148464851,0.03627673243658349,-0.32923629162997076,0.0984335258842607,0.24928494700049944
1380,-0.2947875614266036,0.2550585430325789,-0.9956782626354038,1.3654404095138375,0.5271599567524676,0.14897225112038323,-0.22348698296373468
1381,-1.6949484768146004,1.055569940346385,0.27150270315246006,0.11165188747883954,-1.517506039273147,0.6196030196085368,0.268830405908117
1382,-4.292857414086357e-4,0.5254059119881418,1.5920846886996183,1.1598774653888668,-1.0091575829316892,-1.1293085598061836,-1.0913010676171708
1383,-0.5925626982098785,1.6716786084311277,-0.49201875608378365,0.2260983157002737,-0.5309538628460081,-0.7551434406748546,-0.5465100431860639
1384,-1.775644500513288,-1.6607106082115108,-0.3568650830363868,-0.2722950852856041,0.8607796411001203,-0.4017148074412385,-0.7609280338921436
1385,-0.9484461406889153,-1.6832763153450412,0.1721586214796009,1.4255399998974314,0.3296262670527554,0.325195465463626,0.4994471211618026
1386,1.877054778482953,0.07001467552327922,-0.0800606015837427,-1.3721233735558662,0.7044914817510841,0.5685449006028224,-0.5504009429090363
1387,-1.6631117329587668,-1.8054017576271044,0.8681486091402062,0.11434442190719986,-2.215013100889538,0.04390057750280769,-0.0838661755375679
1388,-0.6176580901492472,-0.03926013040839057,0.44384897496229775,1.2576217976657371,-0.2025089894913922,0.4978227994739154,0.1846753881687752
1389,1.1392408285692344,1.0857825596933963,-0.311581058758338,0.6655062738628168,0.04115529389409749,-0.28146456131757,0.5087455593805853
1390,-1.7358112946348967,-1.4958192806556923,-1.1953595455305843,1.080597107694393,-0.13441916813725902,0.39593566770113153,-0.1854175119752033
1391,3.0739417922193475,-0.5031454769835101,0.24192044922251996,-1.439980513532511,0.11347104271000368,0.10693953684812327,0.0997401012117865
1392,-2.531429433754293,-0.48444044344458204,0.7587935005633158,0.8963010256556061,0.07523454107558766,0.1883208339855136,-0.08202203069040147
1393,2.4098650611069288,0.9983739488355192,0.7322204938105091,-0.007024342216953356,0.39170829674157714,-0.4965995232123426,-0.7785385622614321
1394,-3.4108462382010574,0.7311464052510855,-0.5884177258322819,-0.3496161626770368,0.24924219838293207,-0.5035349795626727,0.46135797542727447
1395,-1.1250772455782798,-0.08400267824651264,0.9216374450650389,-1.0900051088088918,-1.2651304224154936,-0.29967380776412067,-0.6626504991348877
1396,-2.0010258186640786,1.4150104663650551,0.5885853017760037,0.0750772063584784,0.6380024966968955,1.6300648922475665,-0.12431611002741394
1397,-1.0867199090275432,-0.7193718898499526,-0.3008412872288883,0.32799081691896564,0.7946494722134624,-0.29286543887509325,0.18473568896553294
1398,-0.9510802162883486,0.3080879056178607,-0.3893659433944329,-0.4035472247921628,-0.9553421560872024,-0.9845182858617392,0.39103527720850645
1399,2.2999517369729707,-1.3918985059622255,-1.0281588659106604,-0.6537209647760726,0.5888753340515741,1.2478219270795703,0.8906784491156304
1400,0.2430142016338256,0.6010799273038265,0.5291599377775625,1.074534637353538,0.7812371537838997,0.22424211265785182,-0.14471455302430944
1401,-0.22186645922313294,-0.7245058926421549,-2.3269407483003586,0.32163467037251725,-0.3529858904131722,-0.6218819620207943,0.7909859805566011
1402,2.626000722075554,1.6495558600148021,-0.13660542964242897,1.0546047113000063,0.0911648668296053,-0.015318853840995893,-0.5843979338658809
1403,-1.5936141606605507,-0.40562227578727755,1.4460843925345352,0.5749825435422491,0.9412857243347996,-0.7481864857816135,0.4001724755586771
1404,-0.03174656845781087,0.9058879423171956,0.4241419867102811,0.15640388025222926,-0.0010557897146472564,-0.09044099137365076,-1.4700475413497853
1405,2.659530292990179,-0.5069581057339729,-0.14784870984744128,0.54882508178917,-0.9946493555552683,0.9840237789552947,-0.45893498539024724
1406,-1.482592300856638,-1.5791239114269633,1.158286343721647,-0.18510431008442116,-0.3866396500762907,0.8727003982892786,-0.1573452580293989
1407,-2.253633982800211,1.3492005542461516,-0.4069223893540287,-0.24454411970211676,0.3165774176456015,-0.10016663160202761,-0.0780893392341943
1408,2.565372470873181,-1.3335415719178552,0.19628290915977342,1.3382180901125005,-0.815840172480751,-1.4729267205350838,-0.9057032556726888
1409,-1.9665784397371266,-0.6517279111750475,-0.9281867310675299,-0.020493416121608595,0.34154155354804855,-0.9406796533030531,0.7737253433270003
1410,-1.596333267765328,-1.0731306573414439,-0.9296445290816615,1.4095058487673071,0.3292716107608123,0.26676820239269133,0.5469341555925175
1411,-2.532816981395624,0.33075885694507645,0.5441068381058785,0.25622356232531807,-0.013368622181166289,0.3987023805388227,0.8265724245126601
1412,-0.46661724831487056,-1.5694584338429052,-0.21940702865665396,0.6238782090707162,-0.3173614235113978,0.17204317219414178,0.9999559481086796
1413,2.126288245325028,-1.0212727163423858,-0.9745616432467804,0.39210472805177066,-0.23297129115751136,0.5742682953426711,-0.9091047623456249
1414,-2.0386129122996,-0.2547387406112253,0.7884234882639564,-0.6701461623829205,0.025406912172617115,0.5498288028091891,0.7059530841140763
1415,2.610476097210737,0.1170904032326498,-1.0385725117395255,-0.486363534454827,0.34529426750227105,-0.40037571311621206,0.2296449962347127
1416,-1.548070340633805,-0.41294599982662666,-0.5589788541717016,0.9880720634060094,-0.4801745796982344,0.021204748860082053,-0.5898502142811405
1417,0.9281907914631609,0.990077646298561,0.788197731766797,1.1219968657050732,0.715373202032699,-0.04838824716749114,-1.123913391904792
1418,-1.7188027320481651,1.3857920312804566,0.10406267932766772,0.7543430542183461,0.418414624386837,-0.8640728085323136,-0.15231906591602734
1419,-1.6126922920408553,-1.6771316228133073,0.7921403461719907,-0.9044787197767638,0.18092720201163418,0.8952855889393371,-0.45659923523156554
1420,2.7517584620269537,-0.09822946157184723,-0.04742825097872641,0.04843342490901011,-0.2403449503851073,1.0701606329120001,0.16071155418658187
1421,-2.0029455004817804,0.6110565230507972,1.2222429832353432,-0.29944417616129987,-0.19407823437289384,-0.2852781728719927,0.3105636060320038
1422,-0.5439571751553425,1.1525342530715972,-0.4060611497949902,0.9650540065643667,0.02682021152830121,0.5848795409813466,1.0256962505011418
1423,-0.5438575905009471,0.7644939101071723,0.4024912190682152,0.6198378776452877,-1.4974842380546662,-0.11919811050042753,0.391931654724624
1424,-1.5919130571141198,0.07800713983585444,1.4270097400527042,1.6002164721091061,-1.3628787284831994,-0.15800294151260766,0.6956045619940934
1425,-1.5190539854082965,0.05332927303229884,0.021416850821786328,-0.47726296657523887,-0.9098697509913523,-0.3620589092920996,0.7332535875406624
1426,-2.3769277129281297,1.0561272864962512,-0.42060976513955184,1.6728305839614788,0.2592207345486835,-0.5181800905781259,-0.04021438378114259
1427,1.408781183975327,1.4408195214520036,0.8520816936440043,-0.04172749984094193,0.6464075470731087,0.8790275676654412,-0.6362394313876888
1428,2.122336183692124,1.2646413197919504,0.3547219088077184,0.16312312748193997,-0.6956542136368717,-1.2704957067038587,-0.44500120835669693
1429,-1.962100373821538,0.47290551793940344,-0.13697807966888004,0.47886935184731255,0.45847723582406363,0.022494983107934498,0.7077300203443755
1430,-0.6023106178760682,0.3850667430510521,0.08234560611782514,-0.9547325298770317,0.0829406130330062,1.2766595907778697,-0.32092531039415545
1431,-1.1611970387993091,0.039114471656662514,-0.5282111716413849,1.3393738798596821,0.9716248806468106,-1.2846700584192003,0.3637107344566829
1432,0.22258107532325097,-1.7212507225408855,0.6467290831067457,0.2929584872278364,-0.6197213938790409,-1.11636723834146,0.16052738245342568
1433,-2.270803188608564,0.259791692028875,-0.8261412312818514,-0.6802662096554556,-0.2714762998363515,0.9650769984410691,-0.602263771112978
1434,-1.7513219695696935,-0.09833153089459047,-0.8446835896063539,-0.8485883121758134,0.9717510123863768,0.5628693852287187,0.088410991700436245
1435,1.8098575861497672,0.9902682831964678,-0.46238632444269173,0.12336599847350668,-0.5320958732623479,0.6119865697022094,0.8340669552953155
1436,-2.070110731877957,0.4685807813541829,0.9558738039194161,0.38730319521255985,0.08113257388326743,-0.23516969969907675,1.1887889812633954
1437,-2.4790574083489187,-0.020370245482243834,-0.5532492593475731,1.4455848592417042,-0.004727884860551147,0.02391669665622321,0.7260885861919281
1438,-0.4393629098917984,0.07204239470444787,-2.0642908133386295,-1.1597172253083683,0.34613281798931866,-0.1020885748856774,-0.45485709997285556
1439,-1.759955899348245,1.0722642293984832,-0.9352700459527783,-0.38515423844879265,1.1372397004341777,0.02376514100605127,-0.3049790381821849
1440,-0.07150782444863465,0.3273337927261097,-0.4093328965176806,1.0939988789438018,-0.615940633008176,0.4631010661257067,-0.38347956467404415
1441,-2.45414020917019,-0.6552296464950256,1.4562591388544042,-0.2543064827942356,-0.4095368845730497,0.2991715345144132,1.2058528508008812
1442,1.03628445867641,-0.42080308921371223,0.5812756064221339,0.5052003909579388,0.8687345422561418,-0.024493318395760095,-0.6317521741636641
1443,-1.755503743606412,0.1815673846079151,1.9138426735283578,-0.05688086068007063,-1.5776891860878284,0.0012355116727261596,0.9235203445493627
1444,3.0552637192643526,0.8034343219638327,0.755271485230087,0.4973685217292673,-0.7139664382878854,0.5478981880080254,0.6247991622960829
1445,-1.6956595455502856,-0.5228137571847425,-0.5909883386494713,1.611529579342847,-0.19939542133244226,0.020436576867394838,-0.03101412768596031
1446,2.6346397466543996,0.12033596777690087,-0.9143177607202416,-1.2114681253429451,-0.16397255393150556,0.401375406462458,-0.03180298259649014
1447,2.0542751260527585,-0.2908696198891695,-0.08911119723303543,0.44082141245083245,0.6653081611270528,0.5603978486982452,0.302110256326052
1448,-0.6568759354053677,-1.1822532742645473,1.4089191307590134,1.5292800196200185,1.281808657675557,0.3507935867133077,-0.36340338675460326
1449,2.411797317690638,1.6605533035997382,-0.7197697904363708,0.4292837701049323,-0.6528807625370568,-1.226627274935143,-1.0276020585361418
1450,4.190101403812444,0.35430809596125157,0.6348655433060242,0.6947938188842104,0.2588938582154194,0.01823690345848077,0.3059382827805416
1451,-1.136648153687187,-0.20865215512322957,1.52886487619487,-0.6221535038216908,1.335883372506117,0.17027156085833134,-1.0411651384106788
1452,-0.2146873505796883,0.13995510890802312,-0.9430972399731886,0.04373028556594185,-0.9748046336676324,-0.3098994738449687,0.03367906241349042
1453,-1.4568668896536128,1.4556926953033211,0.7809427127078193,-0.9562202336562815,-0.8091998387701043,-1.3212797485658194,-0.08185324032740085
1454,0.30925609507129304,0.8160761897044073,-2.8797147153453957,-0.6741566725210051,0.21590638474419224,-0.24954357606855343,-0.5036301084151436
1455,-1.4548880343943054,1.5338695968349574,0.312082104900214,0.011909371135231928,1.2547983381392798,0.20379988103676439,-0.1052063433330706
1456,0.9751748412664298,-1.2022250373192063,0.5994069523074562,1.063247933776564,-0.35309151159161944,-0.8048713773931607,0.1862562357979635
1457,-1.784916606402995,-1.2455054405492834,-0.3495591650098308,0.22959014228536628,0.4409497276200806,0.8970480923087983,0.16578914349794294
1458,2.3076353140996835,1.5470384020752417,-0.8616164958095051,1.218147491519672,-0.7732672103897357,-0.9163498775607788,0.10572167226381679
1459,2.5429595287606643,0.594168303061214,0.9227384409986438,0.9709281944643471,-0.23634607455852247,0.0754744668596445,1.33839617454446
1460,-2.292587881473191,0.6479231356582359,1.4529323103231904,-0.11510902085049539,0.6070619618963798,-0.725313821896345,0.3609219846397029
1461,1.4462060980214162,0.8091856844110512,0.029769556861979,-0.13846164674720018,-0.5769764432207758,0.018404301514319137,1.0444033143167009
1462,-0.8595492138916423,-0.49388651061546024,-0.4286349522794487,0.9548787118329599,-0.5221365701970637,-0.5517523034420394,-0.9305844526548163
1463,3.197452984277393,1.0249557305201338,-0.1965898224883612,0.6893343364864705,-0.490112512229547,0.7866959923071286,0.20927991067215737
1464,-1.5756587893158638,1.0412585830739793,-0.38139915834229604,1.5045448199304503,0.8831491756287999,-0.08981258877546189,-0.5197423405539733
1465,-1.141299050165369,-0.5742786129579958,-1.706507055860327,-1.098473395484773,0.06693566954339367,-0.11711492581115966,1.239178478077595
1466,0.35777716577086,-0.9674677336517216,0.5210738529275545,0.39431632182716425,1.0014204565377283,0.7259239349767296,0.09536225038708163
1467,-1.3893175182227193,-0.8541427028255878,-2.194414848209574,-1.3650960645173553,0.4866777483331746,0.1704571432881024,-0.05959053008733114
1468,1.9960616301076695,-1.594580132559597,-1.103690756081667,1.370409449000557,-0.18830086745864572,-0.361285054432226,0.45224399470386156
1469,-1.8537745705752766,-1.7155257881246617,-0.7723219558917702,1.504804085429324,-0.2709281928265298,0.18642694913394092,0.7649992121448755
1470,-2.113007561223586,1.2685059033192776,0.08445328099682584,1.7185669225005864,0.05441094135362178,-0.10413722918859784,0.2931222893131846
1471,1.5261929076184466,-0.2949716870805653,-0.6453053605974124,-1.6523414426833936,-1.0605311388167804,-0.15219522524169785,0.9897846944252155
1472,2.5522262481477824,-1.2067031212193458,-0.9179495995832585,-1.2655058644733577,-0.8710026420834125,-0.49682127924093344,1.0389992949791038
1473,-1.988462141212614,-1.2827369838531704,-0.2935916061577023,-1.166101238871552,0.9377242463537955,-1.1886009651470237,0.4240419479870086
1474,-0.025938494549928675,0.587871786988145,-0.1522688429993994,0.06292141295684686,-0.38256514332461145,-0.13079234847861376,-1.430322189174577
1475,-2.2368660051698273,1.5941393518448048,-0.7435816453682504,-0.3041318084519666,0.5698479820644542,-0.6711429762807779,-0.1045484723471831
1476,0.3798911001022226,-0.09469120234775279,-0.7285872579044687,1.2035571402871306,0.93827076903884,0.07514952513969653,-0.8290169599282504
1477,-0.7218660433783674,-1.6297487614691786,-0.755367655579408,0.27480600317426607,-0.6375261412231955,0.6135937153389287,0.24714506245970852
1478,-2.145957665205803,-0.6602604186465857,0.7941247532183212,-1.2707726843941374,0.19751470273697536,-1.0554759977010681,-0.1859681347444868
1479,1.1230312930949697,-1.4713682943991921,-0.2062806345959687,-1.3090838233755744,-0.013062354833936772,-0.4905860038233068,0.784018264637923
1480,2.8373239107654378,1.1635479725512163,0.5467877873794018,0.0658782328751619,1.134247088666331,-0.2892818431410718,0.8668854512633518
1481,3.6981591778990555,-1.5159195583752618,-0.9832597458131781,0.705294930519864,-0.6754396109875671,-0.09772517689041581,0.2372011295358639
1482,2.4714521949041455,0.9197618936881056,-0.7308253680057171,1.3735345572283257,-0.3632809580487025,1.0476769731075293,-0.8882325882987293
1483,-2.3687128119376926,-0.21567619568935373,-0.7850728472301766,-0.23679120451338218,-1.3188215829959788,0.18141331754437887,-0.24738421043921854
1484,1.9810896394003632,-1.1065027984379086,1.0421967964019405,-0.11758474105238498,-1.2502981744156274,-0.24915110585678474,0.2793382532279508
1485,3.465089548358322,1.5965780263406333,-0.7273536619678123,1.1294996974409923,-0.1430216784342688,-0.5883744956295656,-0.41859017696269885
1486,-1.694415031479151,0.9728935084782048,-0.9770602650574143,-0.4806835173807049,1.5155925059262372,-0.6552830832987955,-0.1864960264306969
1487,-0.5776165670576271,-0.13278443023084194,0.26623666675687624,-0.5937024611467187,0.49822023553947475,0.5328625703154596,0.9977583309894276
1488,3.0550041717539314,-1.6315220206660674,0.5935989916361061,-1.4519065255281058,0.8322608185399578,0.3836170770959477,0.6231594187099352
1489,1.4205576861345293,0.4311738470516253,-0.027651105841871255,-0.8382713881930077,0.28248608895638894,0.10461045143763355,0.041986785159225604
1490,-1.586050048026248,1.302684283791562,1.3020966153671045,-0.7598502570314108,1.21616780072219,-0.5387694292108927,0.6487713773400334
1491,-2.218728802512677,1.6482374672911473,-1.0311917374150126,1.380771232832643,0.18974961361378784,0.008447056187378378,0.13275280121554534
1492,-1.428064187637722,1.1101907906185464,-0.7716050714047092,1.2917987254100167,0.5589358961667211,-0.24411965170718733,0.9588786017847473
1493,-0.7505644536357855,-1.119919058404828,0.8313669753867406,1.4533775891808831,0.29942897037089905,-0.16128803840525996,-0.12802626255820565
1494,2.2981491132866343,-1.4359288594253958,-0.5587931225794972,0.9545848005568744,-1.1769764702323675,-0.3509735518789321,0.060941059268528976
1495,-0.3551296977345577,1.330316802548627,-0.10713602399007037,1.0413126545697875,-0.872985419809066,-1.4910682915494091,0.48602626527742576
1496,0.5272189326929733,-0.22476910044670945,-1.5365873161672374,0.05981591519862441,0.35360560994347767,0.6772430166144685,-0.04310502096503724
1497,2.645558262929197,0.6059096799592613,-0.6013839458260428,0.18730781672329522,-0.47281906947653823,-0.051670530373756386,-1.043889332180946
1498,-0.897240186925104,-0.23635904353811527,1.417664874675365,-0.7319114480962398,-0.554693019359201,-0.44573337838652266,-0.5739037661059199
1499,-1.3514192905466245,0.4692003530829879,-1.2191698648070028,0.24243221691682476,0.5337517867844563,1.205489703396936,-0.07084696559573152
1500,1.7577021521954486,1.4031575838134358,-0.5329859677390519,-1.15208261684683,-0.3408851691544845,0.13891490207471296,-0.11501209076814144
1501,2.9929896900496837,0.8295596087384323,0.6759293943204577,0.8369526438762445,1.2089025183458608,0.04434719817079723,-0.41923742528486013
1502,-1.0840636564643447,0.3084504734839199,1.2333001725045638,0.3490125550709277,1.0910890255600254,-0.8994296235212019,-0.794507834054596
1503,1.2216977590151175,-1.1421254426107608,-0.5146449651167059,0.5061129122877954,0.3872861825231442,-0.14056104004199782,-0.15879380110705416
1504,2.3279828752849996,1.036937011663535,-0.8438624648273998,0.9532279496509004,0.6477412141479286,-0.5584605898207544,-0.9598573717704104
1505,-0.6611073154893222,0.7419190534253631,-2.3554803319236286,-0.02853393364473154,-0.5953880619371683,0.2945208477176747,0.8266434895844665
1506,-1.5069535816141242,0.24905072387804267,1.2419029920408737,-0.5919041729883516,-0.1293194655616896,-0.973164716386709,0.4613641770630773
1507,2.566231561791776,-0.9423121135690399,0.2570925694160678,1.0316928287380696,0.10438145510518267,-1.0508148536820647,0.234107708213131
1508,0.4065453096851137,0.7815559774408755,0.7912989323605325,0.7388350042162457,0.14065846367863896,-0.6398115458146109,0.7851606625853392
1509,-1.7081380537210715,1.449016134090577,1.7818057698151566,-0.09597578526108219,0.636860997700643,0.5410007769266337,-0.7355620809883088
1510,-1.527724738824725,-1.6892359889465067,0.6362381669831132,0.9292669361669593,0.21176049129895538,-0.2636748363595379,0.9811215197488833
1511,-2.281707808410851,0.1778085256637964,-0.8313709270569004,0.08604023210056369,0.5116685677076496,1.3657184229905688,-0.08220540605874747
1512,-0.753749958283434,-0.791494947644379,0.05325321720643712,0.5431236106119559,1.2634676536153953,0.4425304054843287,-0.16152671346248754
1513,1.948462213838958,-0.3188232382024498,-0.2065895685183976,1.5992858479681364,0.18623920302296418,0.17135488326615356,0.2441947045651719
1514,3.5686763292736323,-1.246314912497693,0.21270239370519092,1.111132635541135,0.5567318147169283,-0.07112254348020541,-0.8558058140231215
1515,2.5835112322077745,0.758346530435458,-0.921174995096545,1.1660114059695905,-0.20968757196987023,-0.645421008513358,1.1823542893081478
1516,-0.4047885181284309,-1.1103774531476824,0.5160425836500703,0.7910591664046358,1.6326359278134126,-0.08864395475697262,0.03686408616063985
1517,-1.417897545347681,1.6394659312766633,-0.5887667626061799,-0.24120039706684826,1.1360595742624422,0.3692280312341266,0.05496421049787133
1518,-0.9933341323157241,-0.0986692745281234,1.284334552869892,-1.0079381390831608,-1.1712519969403254,0.03796714604739165,-0.12070068384575705
1519,-0.4983171599819212,-1.3410196839308188,-3.079693771559037,0.4013395942463686,0.6535396378986092,0.07481988225040839,-0.4253633096149087
1520,-0.6824576035588801,0.41430274576281345,-1.9465038184218386,-0.009500293861233924,0.6266267792446563,0.8578002312978853,0.07301063084291413
1521,-2.6478659080661595,0.13297744711918988,-0.8595818384430599,-0.9817975393767938,-1.4176613629532364,0.012997526793696972,0.5412194210562172
1522,-1.929605598794326,-0.5693096553764091,0.8436429907579468,1.5271116349834977,-0.014239769522375052,0.3405583076114977,0.6591038713420873
1523,1.0019511649534953,0.627510922508771,-0.22722774298393106,-0.5755938793344273,0.2645714549662852,0.6083258579530824,-0.4767300053414979
1524,-1.2417240700726122,0.08495610462115791,-0.7428076818919469,1.33963590509473,-0.0970803447987289,0.30409660223302654,0.5665369426560293
1525,-1.3904625642509871,-0.19561036233782475,1.5474395388252866,-0.4968917657380961,-0.8974776218981175,1.1826701953256888,-0.838212264507362
1526,-0.2589935142001701,0.09374689197004994,1.5019178517243228,-0.015601627804554036,0.9343380172721026,-1.2158234899661056,-0.10575393752628492
1527,0.019009740546741042,-0.23267344943168491,-1.120009280025739,-0.45880575809365964,-0.04866197426957471,-0.679399527688779,-0.11110347240824625
1528,-0.272799654680939,-0.5541988993710951,-1.0238142518811042,-0.5896089349713252,-0.5547743650160105,0.7253676290937993,-0.5233436364175701
1529,-1.368607136823474,-1.6722532577454254,-0.9278998898919307,-0.26650478384994153,0.5563042101880159,-1.0147782473179476,0.35827357594452003
1530,0.28858206479469,-0.5795280983002344,-0.4144344605906234,0.6748825637111833,0.3771917147691692,0.4573321017665125,0.060462833787476175
1531,-0.4809028587681766,0.3494983045196998,0.9188900592054497,-0.6612130665040329,0.38233526837977466,-0.26599234945254924,-0.2884712516057505
1532,1.0596501033616774,-1.0888798402377562,0.7194599633962909,1.0966345542250617,0.40111085201616586,-0.09568353690789543,-0.1425208850455349
1533,1.9486272417020545,0.15754353591568404,1.0914196827496707,0.3885384350487974,0.3940912614041949,0.49770044620014114,0.21936122756123846
1534,1.9222277735527709,-1.380919024255121,-0.6105986312144914,0.9062858206863237,-0.7307182610218671,-0.9422143381844439,-0.7170942834371233
1535,-0.9199932759534268,1.5419702808996352,-2.5616811334935456,0.3158918262129023,-0.26428207924084884,0.5934733153419438,-0.5358910220562041
1536,0.017709386489631114,-0.21757501916162997,-0.10164706113849308,-1.5641111683329205,0.8796191715179181,0.03177727666683648,0.11871228219682121
1537,-2.0014076328652832,-1.562661374609535,1.3636495720961899,-0.5112878531767855,-0.17721057133706294,0.7255945544543884,1.1340020804927238
1538,-1.3050306029546264,-1.2596965492993097,-0.7406417970140375,1.4748500582682946,0.6250505212458337,0.9151547692244416,-0.27281863141890356
1539,-0.05356356559823277,-0.727106359576673,0.9545878158052111,-1.1978635122156356,-0.2627361560786802,-0.15954312029688733,0.36189394237854283
1540,-2.1792002186237607,-1.427042679852798,-0.05578182449233219,-0.3923582976909791,0.02734113767449016,1.5284975187808147,-0.49067074542862743
1541,-2.0421397108272843,0.6337636083666666,-2.451301059866576,-1.0687748632300107,0.20142021718986486,-0.4133050004344516,0.28228678353603104
1542,2.94066870766437,-0.4312087524807827,0.3205322814415048,1.1047076533904945,0.13413895657090447,0.3961360152129657,-1.0009781401983813
1543,1.2053523333992577,-1.6389081133213017,0.4956500709948967,0.5134542015851207,-0.0828302526043916,0.11192050579835054,0.33508685826575013
1544,2.3578918529419908,-1.3259683542382732,0.7442129399637086,-1.3387967512670669,0.2873394591317398,0.2632304787762366,-0.4796249247499546
1545,-0.9187182395374487,-0.10601821712437122,0.10814796556566773,-0.06552926636570987,0.32323085426201,-1.1377871171964877,0.5678821693288494
1546,-0.9231074626111252,-1.3964897979687014,0.5477020835482485,-1.024574668159907,-0.21308271694325304,0.16529842781129409,0.10017406597407955
1547,-1.2443393935321236,0.38347298745919634,-0.3327031389137416,-1.6015960119940937,-1.18370318505164,1.498673568527082,-0.5119172412339941
1548,-0.6183944864642057,1.9013277970938673,-2.1509227343741912,-0.6198739096686744,0.21306149831265822,-0.08219761339952245,-0.48102794539390703
1549,-0.15864195410500623,0.8920285648172323,0.8317655044171264,-0.4620147290694208,-0.032548843417802786,0.7428536821712527,0.5437698023541735
1550,-2.097047923371968,0.6014682380726595,1.2140051944915133,-0.6816729980325813,-0.02503951489234681,-1.2801968134604316,-0.21977548254883136
1551,-0.45762638833835234,1.6403029797071755,0.40984645531693714,0.36204766818267975,-0.2971989338539196,-0.7803662560533258,-0.03917194300515912
1552,-1.2268670033243145,0.3593982799299172,-1.1812638786735306,-0.6136402047877006,-1.0472540955590819,-1.2522929524996773,0.06445310349847869
1553,-0.6426212411403973,-1.0180060870612342,0.9815383097771039,-1.1962411240274125,0.36324177510616007,1.1787661343214197,0.2341515811024462
1554,-1.1261547602731983,-0.8596455005235523,1.6035658920082012,-0.812113929424921,0.8941880767338907,0.6011358053316127,0.5458618391476034
1555,2.807717061187007,-0.6165960920128085,0.6188624820363309,0.9321596247137377,-0.3828695668400996,-0.486498123988687,0.0642452189115144
1556,-1.2793434536649082,0.03723367293413898,-0.6612719934084672,0.6011105254119967,0.47476684508330563,1.057747625613625,0.1739818484489213
1557,-1.513451006548099,1.0724160920578494,0.4721695998591878,-0.15249571090636793,1.3434777356413645,-0.22483660197608313,-0.20748327828596758
1558,-2.4434132486718445,-0.31979739569041804,-0.40546478497504757,-0.10416175374688882,0.19304029619079013,-0.8694028843291991,-0.19511403337286823
1559,-0.7754886026021269,0.4637548074607074,1.570281446918329,-0.6059561060089125,0.2082467016765403,-0.9296146820035087,0.5967142880268165
1560,-1.755101771036763,-0.008064059383275233,1.677835139890202,1.6237763252413064,-0.3571414031220655,0.4529675389164709,0.44551353170458935
1561,1.8144385659964104,-0.26116984836696844,-0.42631631227273786,1.1274158239768535,-1.1409774638911239,0.020381018387405265,-0.4921160896993982
1562,0.9248636503708084,0.8507148959089147,1.3377712696117576,0.38586455880204434,0.15054199890195477,0.19234689666428192,-0.11210253540324522
1563,1.5326410662484082,-0.9368587674586004,0.06599703830074007,0.36110352952196656,0.4376517230856281,-0.4507658597170588,-0.2441409402440506
1564,-0.5421139789893021,-0.046140471304283524,1.2474624731913628,0.45645062157987654,-0.7361670576536387,-0.9844177117389715,-0.8347719385930121
1565,2.3583101335593093,-1.54696535959834,-0.47602453203301154,0.18723151162969753,0.6792247671617606,0.8296284641300493,0.8790427794712034
1566,3.3829822910295997,0.4306607282498232,0.7220455995616955,0.9649033344142992,-0.38368094664949814,-0.9448380520236282,1.0102924120784413
1567,-2.6617113042494633,-0.7639038021300514,-0.7369337817444754,-1.1062410941846703,-0.2129510862230916,0.15017769929108654,0.9566356617868703
1568,-2.417981736880183,0.43087571302064115,-0.9117773654557574,-0.008360492474899976,-1.0090309696060247,-0.041140326459316624,-0.45778596980248576
1569,-1.8858724647895337,-0.24918215061487414,1.557659940812314,-0.13706052327890686,0.6617011922575388,0.3556042712393102,-0.48631009121411767
1570,-1.2324718393709666,1.7295129458261278,-0.44094218871829544,-1.0653900494387327,0.5289439552970201,0.5243011126475028,-0.3033265399980271
1571,-1.8705015807109557,-0.2888949102034068,0.08625974584949486,1.5171859137783696,-1.1905483478014116,0.2544349980101902,0.10242887497100589
1572,-2.183631377858527,0.16869309974073615,-0.5091965678398651,0.8554059566280986,0.5632262360311007,-1.0705886686576465,-0.11024276499292093
1573,-2.664755650170152,-0.7110832704060422,-0.05746653640433292,-0.9209492917236177,0.08952544655887505,-0.07359535680475371,1.4298772132476618
1574,-1.157282603374662,-0.7195469978861051,1.3184819523405498,0.46025372070467313,-1.4544673119193403,-0.07224680880784687,-0.3790181453958528
1575,2.8197591644235334,0.2136407789736868,0.11826999737792228,1.08066982514888,0.058868289460246664,0.041736219583112244,0.06933132405382916
1576,-0.8575685885296486,1.6325115475937186,-0.4311184499902439,0.87067226297571,-1.590188182443774,-0.8474570414474674,0.4476784579875551
1577,-0.21540619412475237,0.47835563345078247,-0.7132938681749145,0.9320851657957681,-0.5179097776191466,-0.011054905949915,0.4185657873344114
1578,2.4558159398888475,-1.01213756075716,-0.4009346539264925,1.317764552775027,-0.13100531273239577,-0.3378959425210752,0.2078234224684633
1579,-0.6585081001914065,0.8112099218236073,-1.1667248582114054,-0.5692602827441781,-0.41962028339020413,-0.25719813513784845,-1.214934345551312
1580,-0.39082839995968716,-1.4383094729712442,0.4288948258663296,0.39265325834268755,0.5754651395340487,1.2606793960370488,-0.5364152576432432
1581,-1.0801960857946986,-0.33792419020537834,1.0263636898315347,1.4830787811348132,0.4478848556416712,0.3762246736979431,-0.36473935872532487
1582,-0.8501672973709167,0.22254052866416582,-1.763905044464686,0.2977936353885251,-0.9439848648616809,-0.19197678068802432,0.12255198334572784
1583,-1.761200689341644,-0.6906858232429064,0.641863855369579,-1.204488856507157,0.3547467371000029,1.6576965557667622,0.44334020195357904
1584,-1.718440497810636,0.39610132093309086,-0.9904854384163371,0.24059184631153796,1.1583486628650477,-0.40441729863776793,-0.08882206815318217
1585,1.6632279011023385,-0.4468791732021926,-0.2627680576771826,-0.3025273972647203,0.46872539977355454,0.7879284930064216,-0.9323467179265044
1586,-0.22898499858686047,0.02190242973843557,-1.039763107433058,0.6837814391816229,-0.15242695081710608,0.41460363722001886,0.10827240595927132
1587,2.225726713914477,0.18157783767165175,0.08877079379654938,-0.43162689855630343,-0.6565059140321207,0.5759284183269489,-1.1848047748763895
1588,-1.9829779547882145,-0.7153717729829154,1.4022568845935925,0.19999701606770368,0.6594422566430632,-0.17261971561280032,-0.2470523530757098
1589,-1.5369777602601986,-0.636511058351984,1.2704920917390155,-1.3980421825250584,-0.5249423727781505,1.1349901047531037,-0.6813771494621673
1590,-0.13763862697021287,-1.030887342588482,-1.3531545543261805,-0.03005662441150387,-0.9139742507879024,-0.17045681767949714,-0.5789320194943954
1591,2.748346429063863,-1.563603960178988,-0.7502703429890897,-0.9075733454517877,-0.3968692378854549,-0.594523041044207,0.4702581470956589
1592,-1.9156636421615594,0.3638802253911898,0.4573122689949414,0.010556848948452713,-0.055824736808656954,0.28691356114513294,0.4559157296346501
1593,-0.7565007039420593,0.18489348220314156,1.2594349629714774,1.1828321534211317,-1.023440407500483,-0.9519277475486335,0.05914124331173661
1594,-0.3198158503335488,-0.5566180865593316,-2.9664384131870425,-0.30990469452237285,0.3622105367569039,-0.11844473174124732,-0.6577212476155605
1595,-1.0874553212953209,-0.9128155981251573,-0.5964494665759855,0.6154672418261115,-0.9703726700368217,-0.07804127048164763,0.6845807813863742
1596,2.884437519793778,-1.0568007100645365,-0.7469586141495232,0.9047084407154249,-0.3816330009221957,-1.2118866836431048,0.5776497727450433
1597,-2.0652499018399424,0.3012150645701705,-0.8359314223617631,-1.0340853519618847,-0.7066112974103754,-1.510692391575878,-0.26639319766692776
1598,-1.2918863175421624,1.600038219995815,0.3487252837124739,1.1333653488536057,-0.9390187156974013,0.3916649267960297,-0.8485225190652329
1599,-0.2967979516651635,0.3548950916193762,0.6542016156415743,0.7826290747127148,-0.15294927505803793,0.19607198288356073,-0.6228666763997854
1600,-1.8805266204242266,-0.6732981050900759,0.47180590551438095,0.018687158872314497,1.0818404856817667,0.8359421156116512,-0.48196005020191557
1601,1.259137350522737,-1.486902373110791,-0.03604815426307686,-0.8901622874057201,0.4646802747097369,-0.4588893782446707,0.23256274529815213
1602,-1.42270117066455,1.1305062911699457,-0.9150732977184175,-0.39581949323609833,-1.1037128107385288,0.5996869038742685,0.3553310986124431
1603,-1.8818316564262536,-1.2870117702283983,-0.23940630299679824,0.9202505236331008,0.9153588229386471,-1.440230309437878,-0.22772231870372037
1604,-1.9831159538876464,-0.9851600317914009,1.4905878088004767,-1.0493647439307623,1.1005894741095554,0.40647780354836666,-0.3508802154922358
1605,-1.857285985626667,-0.5967952289505776,-0.378488524053958,0.6113663769155532,0.22633958579994323,-0.496967729127032,1.0818484471867147
1606,2.3290753193466966,-0.2520794252471167,-0.3689657876057274,-0.569016229004424,0.27931507311341264,0.8044526208080137,0.04483200934191635
1607,-1.7876848517472015,-1.1913159868023697,1.3063928508878953,0.31614563105435306,-1.138008929396197,0.1690363766365947,0.30247691847020675
1608,1.7538150880395165,0.11226709372654363,1.1828194566380799,-0.2793746966844007,0.8395156909710757,-0.7564302656398892,-0.8015034129087323
1609,-0.6429146624328761,0.7959504129546965,1.3217821569753274,0.15925435310906547,1.1176092768547212,-0.2895478502730527,-0.2938983048945165
1610,2.898211471786188,1.2830862951772326,0.47121406781401576,-0.6730121086771356,0.47155448423784657,0.09842993650698406,0.850038109768026
1611,1.986908278192051,-1.4742556843060564,-0.43260383429347604,0.4347347731714515,0.15335299771138153,-0.4388714440945815,-0.3311011262502133
1612,-0.9074809593782408,0.5554501682948478,-2.7872164968680586,0.15827574019824403,-0.26510341698906276,-0.024284698869744093,0.08187593399932787
1613,2.6266913441102897,0.8360913932429993,1.1119158695261462,0.8598104521068204,0.31504900743990827,-1.1485224687970006,0.32471445035529795
1614,0.26219564746573104,0.24078896314571857,-0.6997566196694766,1.3510338724645428,-0.12755093115943844,-0.9593226606027064,-0.4461201919782899
1615,0.9914601953867686,0.24725004021179478,0.6012524070831682,0.5678517840345317,0.9368139943632089,-0.183300447854907,-0.3070405575394657
1616,-1.5563450680302355,-1.5482354168642152,0.43291551390941096,1.017805785237663,-0.5961899217200275,0.8799822482962233,-0.02370920146506518
1617,-1.9359856562088227,0.20068733072790856,0.7410079668362991,0.4573443712555169,0.29453523025009526,1.7325630268809213,-0.5750277160583704
1618,1.154315199555675,1.136615062659319,0.693652244279274,-1.177311980129614,0.8132326390082987,-0.1781728673503618,-0.7022528990894917
1619,-1.7690289615925228,-0.08716422838955341,0.13467607084569483,-1.2313294245350752,-1.5234831221115663,-0.6697779141924812,-0.5388700416035084
1620,1.8604950919638832,0.5689642978199934,0.12128493614568249,-1.772406161088013,-0.8410408112763198,1.0856193074556235,-0.10442295279817042
1621,-1.0072262783254864,-1.123737955528498,-0.13268698742836543,-0.03545363936646583,-1.4218837125563082,-0.9021783424359785,0.36149346181221914
1622,0.541158060619391,-1.400178772913214,-0.7393982217362604,-1.2454414490801318,0.3044164420790628,-0.18840996829515175,-0.5582859669403987
1623,-2.7313134739383775,1.3160045729935985,1.347720572891097,0.9812202768279069,0.17724509723807083,0.2251164435675082,0.541343370928055
1624,2.9647937028443985,-1.255062127208791,-0.5352590752551684,0.6680278737192769,-1.0580410216615102,-0.14325591527266252,0.9741239832737728
1625,3.2612234689821444,-0.25886448515768357,0.5380156802624202,0.640044776324457,-0.6628832821275423,1.044014203885919,-0.08975078155988793
1626,1.828686550344895,1.0605547182810042,-0.5683611585178746,1.1537593266835728,-0.4509978671106033,0.128637443824185,0.7604309625717381
1627,-1.2225854536247232,1.05046574881985,1.7311609351627715,0.5381777029645797,1.0942212131863884,0.2795949411165878,-0.3582130906516152
1628,-1.7935060186412743,1.181825493687567,0.9887367902815581,0.08593315575898608,0.7435644057132959,1.326440283993218,-0.1740294223960931
1629,-2.081567318897624,-0.9103496716532581,0.3498039417844357,0.15676328672455725,-2.0432702320505354,-0.39666195998130915,-0.18400147075825696
1630,1.7969524185257635,1.5128451699099787,-0.09218659758468023,0.5392818866527295,0.28216634088522513,-0.9313751180601557,0.011465113298508611
1631,-0.3343220157584452,0.5679823693302501,1.1492126470827857,0.39176611697279135,-1.3159608422203382,-0.5347861477588356,-0.25371388201519857
1632,-1.8487452468950054,-1.4146853001785553,-0.3244082990773704,-0.201039763551996,-1.657736032123312,-0.527550271762053,-0.5266701452172015
1633,-3.118331251448884,1.3402404505282084,-0.5578257565397745,-0.09426791883720914,-0.3650682069693061,0.05309553566209311,0.7962263448931362
1634,2.3662724162509354,-0.7186073227086055,0.8762984697819689,1.0533166869599455,-1.3770995009406317,-0.02587408254674823,0.16856157493281146
1635,2.2660006174818297,0.8244876292169679,0.05742290153263339,1.6053573068494842,0.3650033357885464,-0.006489205885828144,1.119019923194957
1636,-1.105961053180198,-1.4291229562056604,-0.5853566210529081,-1.2074456755767387,-0.10068041595255421,-0.44861734428603545,-1.290878537648806
1637,-2.1119720686935235,1.507871947748426,-0.4621229052287689,0.360103639612232,1.009750463091573,-0.5746084395167056,-0.4631773376653283
1638,-1.4809434091325249,-1.7234609097310325,1.3157673914015466,-0.9024766371705537,-0.23855006216714167,1.5500361314614215,0.19793009836447642
1639,-1.5756385678314897,-1.6996419906205258,-0.008457614011581818,1.0747740470058125,-0.17723005284757595,0.29583083267176075,0.4639131590933871
1640,2.5498528239173464,0.050215297388827254,0.6457028692593773,-0.2819716294284592,-0.9136274429002794,-0.20558728300245824,1.0635949565574903
1641,-1.048412718950692,0.2185632155187135,-1.8792827568964263,-0.38450555898155947,-0.6497042596754162,-0.13508958297097334,0.35254869300968394
1642,-1.6189770781946131,-1.2905481970635646,1.4452931569985281,-1.1760917327122942,0.6056945255125249,0.3137257478679042,0.5128146111570918
1643,-0.08711280076076613,-0.3581893967525223,1.5154674559312045,-0.9834611896189616,0.00711292328053234,-0.6949269824989839,-0.18024937228617724
1644,2.5764607311229497,0.29911538396002524,1.010940392469886,-0.4114156627338082,1.0593811660053076,-0.5780389891683334,0.78240678636759875
1645,1.8725128418058232,1.1353607155604408,0.7339282248500578,-0.6689020434037009,0.3500684608519771,-0.09742196947800179,0.9984670735779404
1646,1.5459391749026015,-1.1427391380852663,0.9638147412681721,-0.4791905822133413,0.5403121328343218,-0.46690403907635253,0.12197298193497579
1647,-0.5012514340148317,1.5958339787553537,-0.3318955192031499,-1.17648962155478,0.2594916923654582,-0.6485226902921738,-0.30559932174581644
1648,-1.7337482805718467,-1.363631948531721,-1.3305038266333649,-0.46766901557748103,0.9871109295384629,0.8400718507877452,-0.06153394285568571
1649,-1.5175095599282666,1.2597040341288361,-2.5471601713649275,-0.4055087016495768,-0.645027021686753,0.09317590132150477,-0.1969909491248588
1650,-2.098904494856945,-0.9671085926507293,1.496227710335057,1.4455757299549699,-0.11042998984224052,0.5340427471885514,0.696813827462342
1651,2.1555039139155734,0.9823592568816766,0.15732525948992804,-0.2924789428359644,-1.1367084146622373,0.36812877672898525,0.34918150009930604
1652,-1.3714803320710756,1.2016735139943202,0.884929486787809,1.026992089062812,-1.7603638504020134,0.01656287711831638,0.5542405193407122
1653,1.8920345351174368,-0.9134527555264151,0.0693193265426028,-0.12302944415341485,0.6447427703002627,-0.009080101774846767,0.4878272136679349
1654,-1.1137889452869059,0.13472516690083883,1.294376307533263,0.7168120299440252,0.29688485628405176,-0.1563511557877627,0.34734189067082494
1655,-0.36613479560414014,0.1787392427448933,-0.7454962006310801,-0.6684472391153825,-0.7427047642506768,-1.3022246578775845,-0.32809409594645217
1656,-1.430840440398243,-0.30656028783761013,1.4405327558461707,0.22504580137615549,-0.7013404721480371,-0.20633442116821046,0.08852179746231988
1657,1.9879333473525675,0.00767612021013651,0.34467778825039425,-0.5049040400518608,0.74359817636846,0.5422594090172818,0.8299992651161208
1658,2.361590862066575,-0.7859631251549568,-0.3599270497767075,-1.5415194759253983,0.5158917029022788,-0.10594048879280202,-0.09595865976027695
1659,-1.7217456621209135,0.5351381817215741,-0.7740342004366685,-1.1176779648099784,1.1447250596437828,0.647991948460808,0.5992379235901639
1660,-2.7090311552377395,0.1770342577184498,-0.8532798823455445,-0.6942392852667018,0.6211325358921875,-0.4877295336430835,-0.1740026000635403
1661,-0.8398655704698337,0.1355774837940712,-1.6773910090689912,0.7720980798658543,0.012041027372605819,-0.21505321322690016,-0.41016064810260255
1662,1.800981337215023,0.4102126730158426,-0.5035129839850109,-0.8969980277513312,-0.3168647521216264,0.409530815083496,-1.1383755759447445
1663,0.12082873446138664,0.28665601039160554,-0.18092636779024826,0.22241251007133042,-0.37178771135015415,-0.7992374102270261,0.31205611538481953
1664,-2.2389644139190317,1.0647085978152413,0.09360200773203158,-0.286336046668426,0.7350497195169752,-0.7292043537126867,-0.16951937774042858
1665,1.7230875529514997,0.315192169674141,1.0408406042595082,-1.468898982955305,-0.43642940859762175,-0.4459206893050569,-0.9982875004151249
1666,-1.5187703424284849,0.7569074176421241,-0.8965474276903551,0.6091087496991759,0.8663485656748088,0.4143948214701751,-1.010929361340592
1667,-1.2388925306344931,1.0354523080974858,0.24646065366302633,-0.924483018761422,0.361479976506697,0.9075533570618578,0.5557795472964531
1668,-1.2393050122534264,-1.4298172918942322,-0.08227029930432235,-1.7183118735391834,-1.3920059965895715,1.0795436890903638,-0.8260873324356234
1669,2.773563280042661,-0.14902853568197363,-0.032515821595688256,0.5650586269425981,0.8580070857728802,0.2873161411753436,-0.1894814440656789
1670,-1.528618959144753,1.3164287512642174,-0.5730707380391253,0.39579879002164503,-1.1296551243371253,0.37417910117000963,-0.2491524714387286
1671,-1.5772049897474383,-0.4483549877881977,-1.0676114499974099,0.9985786566820862,1.0147827152808953,-0.5848943701488016,-0.35212878782376705
1672,0.10322256101989113,1.0060631086069887,-2.0084025613638063,1.165342021962458,0.5511752887137858,-0.15043100563335268,-0.995312497713987
1673,-1.4351874941347733,0.40506306796783736,1.5880512364744872,-0.619843020022361,-1.061416190268152,-0.008989403091037594,0.03605259820918601
1674,0.4364469783965747,-0.47051041250793185,-0.37830520457523437,0.5575597995227194,-0.1921367086057209,-1.4132030804683484,-0.04889636883745331
1675,2.550833050325102,-0.6635371900883288,0.7782534442600272,-0.3453866433231919,-0.09656035676003753,0.19026214673301367,0.5400732753581586
1676,-1.7939981001015834,-0.821783971169411,0.2214440040418949,0.18979218255339983,0.7173772163024057,0.8390835278634596,-0.7802242030564892
1677,1.304381768428594,0.6281741904735613,0.8780057959704263,-0.872149854433884,-0.6300418706931764,0.025378251164231154,-0.7570517769193639
1678,-1.5533449160162687,0.03698952697768051,-1.2425290578370838,-0.9122402551781201,0.671641978546785,0.28190813032462264,0.5623347891985847
1679,-1.1882177268074177,-0.6594637747954295,0.675301857651434,0.2746878123613327,0.44930556506860325,-1.0523805232699122,-0.8157516360155214
1680,0.5332413299463442,1.2110487574935442,0.5394233190051212,1.090951096812652,0.1997347841788795,0.26747999732945915,-0.18942113224093626
1681,1.8256896466400396,1.7369039900598122,-0.3475067799557985,-0.880661536759302,-0.38325239534868977,0.5049289571930995,1.112066196564151
1682,-1.177625507168469,-0.8463484238750012,1.1330581031650853,-0.5536889452248347,-0.9770164997575802,0.7390809116152686,-0.8166939645549685
1683,3.406334712021883,-0.7050771136943038,-1.2280257187968497,0.8812062793891762,0.30205650815487994,-0.2750387354191885,0.2735571445919956
1684,-2.1693408726650953,0.07053584543844496,1.6738166503206005,1.24214745817414,-1.0969330823987353,-0.11744132632132871,0.14601277759683753
1685,-2.233113637585113,0.9674379031785826,0.35170172158766194,-0.5713753159444693,0.09058750882650558,1.0847971717439882,0.9225327856812435
1686,2.3753051669894347,-0.7162965225159443,-0.56989112133195,-0.1552565091057449,-0.25389432013102164,-1.0491809769175366,0.334559718520509
1687,2.0708979244255628,0.3678594750951538,1.176763140693721,-1.132019660267573,0.48935809583023915,-0.03138330414025607,-0.5431460473855569
1688,2.052670444605488,-1.2436778857716122,0.027726796183250756,-0.8691212917195399,-0.7546338239991854,-0.35877234553808296,1.274283442092669
1689,0.5753113334673691,-1.4280057849364078,0.7823040221796163,-1.1518216823153928,-0.11402905784039633,-0.11389988089729451,0.07818948431583186
1690,1.4932834168377895,1.2537341563007782,-0.5062103800168352,-1.056367026380697,-1.1350253207975962,0.4974528368805679,-0.2385198425279266
1691,-0.4448072828000661,0.5412467005325429,1.0355697046693966,-0.5564406101241162,-0.7081754859500484,0.5943728426092899,-0.9164089982645167
1692,0.4201628709793394,-1.7582726461223634,0.28549332501509583,0.007532033900570292,0.607487298922746,-0.6998039363085744,-0.41783841052508114
1693,-1.283260019276612,-0.9703159884662659,1.1945047171901841,0.1921627847286677,1.1801797576643196,-0.3034568182400687,0.0548339208675474
1694,3.2138511062048587,-1.728784549203009,-0.002776846181746226,1.0627181465737519,-0.7502908423748089,-0.3441647609218415,-0.5220719247038346
1695,2.0922484688545326,-1.2098327583750852,0.1212200202487353,1.3534957481647167,-0.387659812980506,0.5430641469016019,0.19982129026535606
1696,-1.2275824013102823,-1.3993325934400018,0.17945219411506036,0.5224190133857427,0.4856532609976206,-1.484908895354941,0.365824926975658
1697,2.8473216230636624,1.0365888434910229,0.09743080106304078,-0.9087897925640275,-0.23360398124230014,-0.25820635362882,-0.0558497258822488
1698,-1.9468014939186746,0.10788266265675273,1.2098521511521352,-0.7187763141144538,0.31759457482589276,0.6095468722698223,0.939825114593829
1699,1.1382697528972394,-1.1117322609639342,0.6629172499268704,-1.344391391472289,0.6957623917184558,-1.0769409735751576,-0.38459661711961485
1700,-1.660751099348489,1.1940467846990803,-1.1870305363506832,0.30240542416589444,0.6977678304951795,-0.10500089564190825,0.8653052738256201
1701,-2.3372693152073083,-0.5023862638484644,1.9558025831171566,-0.6783921684732549,-0.34156064422830146,0.3523436383863818,-0.032924032648466925
1702,1.675533443153543,0.2548902048438838,0.17148185335843918,-1.0709916373138326,-0.9838910335842787,0.2172861465321385,0.6269403922050611
1703,-1.959073911322157,-1.6560917231137864,-1.0494740275789507,0.7858266662606622,0.010938101742679444,0.1710642731391889,1.0219852334985844
1704,1.454528476505497,-1.381421787323543,0.17782368192551073,-1.2966930480609702,-0.46408663474731915,-0.10739358557564772,0.28030566373356924
1705,3.0666876025373155,-0.9998501702491518,-0.1471143160084147,0.9239415075415418,-0.5532054188642659,0.02903191183119426,-0.418048222030481
1706,-2.5673638221086588,1.5417128725092655,-0.5761075099646692,0.7063771016038309,-1.1665541483725923,0.059183305355857134,0.43390208896943144
1707,-0.6531290411173053,0.037908106611496524,-1.6689882722712823,0.5898911963634184,-0.09839981444353316,-0.5094964546924271,-0.476675213787832
1708,-1.8188802398654393,1.3200213154636975,0.13439707105697948,0.706947774580606,0.186520354505015,-1.1356986152494115,0.3018207719274733
1709,1.871025551837853,-1.0427065207251094,-0.9652022877693831,-0.7807615655414737,0.7801251679578036,0.9786900160161885,0.03670989120954497
1710,-0.3770212783958313,0.5098359597897266,-0.6327123955383367,0.20011834167962514,0.4408956476326642,-0.3169306576745675,0.460232263435444
1711,1.5725518546325357,1.0680487415779594,-0.8117743033176633,0.5211800482885367,0.46545199116171815,-0.49648595108080595,0.892529936748247
1712,-1.9687945463319374,-0.6786825766082513,0.5803831831301688,-0.62045932297584,0.6272585181358261,-1.4524236867096654,0.3551921121430525
1713,-1.442638286340693,1.2988039470746005,-0.8595691112570075,1.3378708208202073,0.266011745894888,1.6439812896209158,0.15370984578329758
1714,1.4146421925669113,-0.4416199742861348,-0.7069602682224043,0.4194726028270546,0.012065346453862593,-0.2734240657573789,-0.12244845561366155
1715,-1.750356451175613,0.5733057164402592,-0.4117728744573531,0.38024180350139986,-1.0698528459114003,-0.6926118600214128,0.3527020885127405
1716,-2.1194572624808177,-1.5579456230760393,-0.4019380459362792,-0.45629550119423845,-0.8962049451491522,0.37015040998412113,0.02304409095555518
1717,2.2565842923207136,-0.056884781290727715,0.6998252409784823,0.22408490566076295,0.657559297851574,0.40521364881433625,1.22549798112337
1718,-1.1095224471571477,-0.036456053139813205,-1.1258910688875596,0.7659560768631002,0.8479056824566747,-0.04403958256123694,-0.03724154891536904
1719,-0.7187487522621157,1.2565752451605579,1.0074046320287382,0.6315006718814261,0.7702021392921621,-0.2455633807822362,-0.053304103299661
1720,2.3880750878624104,-1.6142309028124724,1.0137393630537122,-1.7314614988876051,-0.6310974869147378,-0.13392283075126726,0.7388315902563277
1721,1.7087699168469783,-1.296965241983814,-0.3043873281253318,0.2126936160703932,-0.676902972610939,0.44286427418314106,0.09246419189900396
1722,3.433164033400041,0.0973371004312437,0.7360113260487893,-0.882954610114244,-0.04646211447548332,0.5857980710093535,0.5245095355979217
1723,-0.3248156810081865,0.6382963593660761,1.257541567438139,1.0579347839628348,-1.036292864604682,0.8843228942476576,-1.1383500094923553
1724,1.2869230710491004,-0.9133478162116826,0.6310113756561979,0.18619967610665486,0.06367757069477598,0.24823732810011873,0.6193378393951966
1725,-1.6995983967625259,-1.2582162211784564,-0.29629401968257024,-0.05117828653886734,0.09733982343790315,-0.3735676740710078,0.9514507853637203
1726,-2.590924096368324,-0.7146884196305511,-1.0232480246501987,0.5081413168997583,-1.0459351674742454,0.33936129289043077,0.24363994979041728
1727,-2.7673103558956704,0.8919387141709204,-0.23579818944045197,-0.9345972719487423,-0.090309572856925,-0.625313746201164,0.4789793695011175
1728,-2.6596938902547826,-1.5746889777536224,-0.8170794089505568,0.980128402563449,-0.2875743190312442,0.06971267792516221,0.6751381300443631
1729,-0.2918708957700893,1.815169311596708,-2.3604611206503026,-0.1885928987084734,-0.11835811923131463,-0.8338779450900703,0.5485620330286364
1730,-1.1997621100440856,0.932419351004706,-0.3639700439527399,-0.2321950262552812,-0.5604689419970675,-0.3312737377788652,-0.9235661734464427
1731,2.327582365681513,-1.388749582922095,-1.1313124191891655,0.4880371081282334,0.5313228488549862,0.36531413539012075,0.028766904763310452
1732,-0.7450609493782666,-1.4289007458279648,1.3804566635445092,1.4609324594821087,0.4187439675848686,0.6220895868389589,-0.6580927359538333
1733,0.1224220862964329,-1.236651409369204,-0.6358848369325638,-1.6836080262206248,1.0596374151652646,0.022873399971492212,0.02397251747978888
1734,0.4579001385983857,0.8177613598746225,0.800879051574816,1.1827831996813096,-0.23905320934807994,-1.325042487641079,-0.24412709576794564
1735,0.04435813199372891,-0.04292571949694683,0.7469886637904803,-0.6375998474560487,0.622366420272029,0.711322150985392,-0.023934961692481823
1736,-2.395176927908807,-0.5606086499624742,0.9082744118257228,0.7097173673180831,0.23340737108023094,0.6155014376651811,0.08786525916311515
1737,0.9325208110354358,0.8731301936284209,-0.6049041227572672,0.1082608381569746,0.4277998992860739,0.3026569903260686,-0.3506069578141345
1738,2.0836916134544627,1.3200415013458064,-0.04235937132988206,0.16254032110160457,-0.2698206898644191,-0.38639590614173375,1.1419628308072116
1739,2.169539119911381,-1.7271970489453325,0.8642896804259272,0.04351211619441258,-0.8190466423835734,-0.3224571484103663,-0.2712744183945549
1740,0.15366892122945777,-0.6021738834487099,0.034535796780434204,0.5649613056108282,0.904797399988247,-0.27006591287038184,-0.11593268494891572
1741,-2.285461645934195,0.15660638606440674,0.9782529456400105,1.182724322274088,0.3794615439001104,0.16389119993470977,-0.21508190099535193
1742,-0.9645508860382666,1.0263841583671116,-0.423874428771174,0.9214506571681798,-0.4376817070433793,0.12578085024208993,-0.771923705624893
1743,1.5907063925987275,1.011475272648857,0.03594630396756984,-0.15048314437431426,0.15390415828566453,-1.0684038904626834,-0.4753978560297417
1744,-1.9672478482781295,-0.07224950050651897,-0.33474876066056164,-0.07289833316505027,0.8039683416533252,0.7876700743363242,0.06924447629570722
1745,-1.1754614279173492,-1.2496868793530178,-1.4496136167584506,-0.7185777978192991,-0.09573641906529164,0.437391802771381,0.9553704357343201
1746,1.7274956998166389,1.5980807896522538,-0.39142814304549867,-1.5227679373536211,-0.1283943239770775,0.07526893918816224,0.12213236595760953
1747,-0.8008865966054665,-1.0082612163734996,-0.8683603508874683,-0.8807674127101256,-0.8524006461114706,-1.4768396096535854,-0.5238458729642975
1748,1.389843134786229,-0.4775630384718696,0.4034878947939522,0.21011302258678793,0.4636008958784266,0.07686782177839671,0.10795962294696948
1749,-1.2540089807907846,0.3422638983110572,-1.624430522058621,-1.2114159639773303,-0.17703801693841953,0.8441459752772311,0.41291945068110275
1750,-0.8437162093647131,0.15432759659090997,1.4074121443540097,1.1142587502287464,-1.1981602943320644,0.66047487023545,-0.26465558872166783
1751,0.12354583925688363,1.0895731269300506,1.2778710180514803,-0.46112659217512564,0.641165026411781,-0.6909384332815828,-0.4768444481852399
1752,-2.166808250695488,1.0795766438253063,0.7825969594635377,-0.8965718533896772,-1.3600467729357046,-0.20876376169747282,0.6114951456377482
1753,-1.714706189266865,0.4604378580126198,0.87909898570247,1.2912254914531869,-1.386155146910512,0.006024270157181381,0.10159724511139193
1754,3.4303942229217372,1.3103891370354732,0.9704513318836988,0.5605457334123247,0.19987986704728075,-0.668966935770345,0.5239893666792086
1755,1.9562243507603834,1.2482343797094808,0.4694458787740415,0.5651319872823658,-0.8688926118674549,-0.8449173865351242,-0.5803667228178417
1756,2.1643823053671714,-0.3698192737310419,-0.6781510015607124,1.5066528570530235,-0.9173187565387363,-0.45422167979472255,-0.5387289096971299
1757,1.7230636961534527,-0.5807487161091048,0.04613659687006661,0.4450191544474103,0.08297718917671142,0.43095029703125726,1.3600345402389804
1758,-1.420058845773767,0.6796425884498828,-0.8794169551796341,0.36952303238297607,0.8385727925523525,0.16709893427904385,0.0453425805688062
1759,2.889308953418069,1.2804242553339282,0.5081888268823613,1.3078476241019747,-0.19732351319896707,-1.0540675352878845,0.14624114966382618
1760,-2.1509792538773795,0.5123874161431549,-1.1371649375381556,0.854558667892103,0.5482158624161051,0.8931732118546113,-0.02707157721849937
1761,0.13989386202696671,-0.27153713444588967,-1.8373289106869757,-0.0010151882073181492,-0.04253014426021289,-0.7360397101214925,-0.285538582408427
1762,1.7405781154440958,-0.8251193694088476,-0.8586819180065579,-1.0494032921481227,0.881704610250305,-0.9074042171735047,0.6152570075031938
1763,-1.2185662791467984,0.3609408361224593,-0.8703797656064146,-0.12769208808966512,0.6480809840557756,-1.1844292393031481,0.4287649696788714
1764,2.3501774829038435,0.54449311131825,0.8820423735118798,-0.8877690506790539,0.9540211808668212,-0.5629129850264694,0.3115384826701421
1765,-1.5339705934369074,0.978226251841847,-0.4845615382962634,0.6590281843565061,0.5314116720589649,-1.1545306445448535,-0.05910113276540779
1766,-1.0336856795874092,0.9352042912564441,-1.2924335663723487,-1.1010494059940363,-0.01427698953395532,-0.5101235894291457,0.7150085792758396
1767,-0.881642206354125,-1.8018016797276009,1.5380644491637665,0.36536681106793917,-1.5176008181057394,-1.0361291447343075,-0.5619381220397743
1768,-0.7685829750243215,-0.4783095151803829,0.948888495108021,-1.0700135795727692,-1.2846001808194933,1.2880270773562312,-0.18668885469624946
1769,-0.3419077485986227,-0.3577198293168948,-0.49880670674683686,0.6623140720085645,-0.8513447706319461,-1.311405392412757,-0.5517206689520587
1770,-1.2309128543004069,1.1001889782156486,-0.060738924821266305,-1.0564364945363498,0.5666972914707213,0.3655270095519951,-0.8750743371700496
1771,-2.2684058781042147,0.20341390791387529,-0.1570203431735994,0.7998520715503031,-0.25764327507734636,-0.082313317168562,0.6005108826040542
1772,-1.0361657516966643,0.922878205634986,0.7824349543237917,0.3656765628325562,1.0067040265558702,0.6495844596695389,-0.6389892068294992
1773,-2.7053035590781582,0.8033400333901446,0.7829113509494091,-0.5108155408788044,0.5595373170282472,1.3090588132277587,-0.06394069611858418
1774,2.2475602773622896,1.2865275350137928,0.08256916347581862,-1.5221725817328573,-0.5241338445407491,-0.9114598044925417,-0.15186135964554284
1775,-0.646844164306789,-0.08980540385963091,0.9882599683681342,-0.06724406224072041,0.6415988859676479,1.2757208126970672,-0.33717197062491544
1776,-0.8885368129503474,-0.591172547590744,-0.1687030742885311,-0.4269710480677479,-0.4072880328802835,-0.9316891646804336,-0.5151597734551511
1777,-1.6228812988448038,1.4038764187492971,-0.5705794757563706,0.47691192639526137,0.7266873489518914,-0.8829505971659285,0.8804144932605111
1778,0.674535098255278,-1.0917791696309453,0.33601357257674574,-1.1785874313863252,0.23976988065847224,-0.1500582931001761,0.1674632884300313
1779,-0.6032476053526231,0.8818360352597939,0.38229643679107284,1.1807332722065913,-0.04318741084627575,-0.021189266846999448,0.12735157190876176
1780,2.2133509466734838,0.5363895261018209,0.8925435960102521,-0.84863069693865,-0.5956311905161498,0.4111626399552096,0.6644678478232696
1781,1.5761894491265833,-1.3740548868306335,-0.7480039923602594,-1.4896234134241293,0.3131555382151003,0.18254716561953901,-1.1883763538419068
1782,1.7949355678531833,-0.0261783482764362,0.8708993239114485,-0.675154477685842,-1.2215238771148862,0.30847698040821875,-0.28046921453403384
1783,-1.7911688390385738,-1.148110703427012,1.5669416211936027,1.428593222738783,-1.44486502677833,-0.4569506173526454,-0.0852370471226525
1784,-1.687565525677717,-0.14833326427300103,0.2304644884813062,-0.018836626366241293,-0.5026735605706767,0.668837783053977,-0.022039166576361027
1785,-2.3743605038765114,-1.0712781057954464,1.776197932804677,-0.9280847434563803,-0.36727730735870334,-0.16781447132795768,0.5818790814893862
1786,-1.1108401925002374,0.13983244163448552,-0.4955656706743319,-1.1169040560254728,-1.0225932334173957,-0.43494148861639054,0.25103946250038917
1787,-0.6546901866424658,0.9010025604924381,-0.7634229987481579,0.9224817096029473,-1.19962834876993,-1.5060523896431592,-0.4159229006699802
1788,2.2482295265742485,1.7447007284334763,-0.11024160628905352,-0.8632223200965932,0.01957209232900186,0.5055045636117881,0.7701712979930881
1789,-1.504303768013954,0.8770555897629632,-0.19241436258504702,0.7909814573868655,0.48505277412087994,-0.9911178764330664,-0.1439451853407394
1790,-2.170700546797262,0.43292741906404597,1.1222349466276564,0.6241218500868094,-0.7737756720502958,-0.5748180910816902,-0.25240217725426123
1791,2.698628696627022,1.5113156566519923,-0.40836605483145133,-1.270668697145609,-0.2552352206466962,-0.21500462606132126,0.07977577088003794
1792,-0.944056513632368,0.16315857920694302,0.48176178555620475,0.8981085821576503,-1.148916361301876,-0.6742191987542002,-0.22834326349255668
1793,-1.2417631430433982,-0.2499702701615393,1.083452783269548,0.8071440561319961,0.8698419782499935,1.0357475936981375,0.24137793848731426
1794,1.0201016102248421,-1.0223068307130359,0.5459284415045477,0.5379772192829366,0.7535023133693692,0.005290942257920388,-0.943420205975627
1795,2.4081787012190707,-1.5272620538517936,0.09396036010394193,-0.6804051370861471,0.4283958809170368,0.16154954053675205,1.2198888609612466
1796,2.6767226948641563,-0.9225280307553275,-0.3888124402819661,-0.6743323168513851,-0.015576570620677573,0.15697284517327828,-0.2398442034772621
1797,-1.6713521402194242,1.0735278678484537,-0.3101808296101342,-0.33655908714155364,1.1648946169816603,-0.35718543306696626,0.21281129716834965
1798,-1.9368436221373577,1.035398182047467,-0.23923580415153112,-0.17010400909130788,0.666511141426895,-0.4538179085356732,0.7214402229138686
1799,-1.4969714783399888,-0.5963913203326464,1.4111044114017395,1.845130826897956,0.24456768878019516,-0.27358356451215315,1.2810850441802042
1800,-0.22721705889090377,0.98314659692099,1.5728808199115545,0.41764054502646536,-1.0643971516439041,0.56842877604323,-1.0678194842840134
1801,-2.034631536569421,-0.8777482867039565,-0.795809486144548,-0.20461042784048186,-1.8386863321456168,-0.17897018909312226,0.7656656043297784
1802,-2.140419242537387,0.5600422384958641,-1.05070292200204,0.4875154408879836,0.9013811578126091,0.1989177394075933,-0.6598504774139577
1803,-0.3113178911801851,-0.24999414925623592,0.021550960200074666,0.5755616813816424,0.8691165410844779,-0.9346275845514095,-0.2048842155874444
1804,-1.2525605924500136,0.4322172004332904,0.6668646784781026,-1.2050367417418868,-1.5436162317348698,1.0725076859194427,-0.555045232689737
1805,-2.109793531374195,1.084010215046629,-0.7063370806778415,-1.1721783573111189,-0.277740533387278,0.06037893227524435,-0.3355226794374476
1806,-0.7858625230252394,0.4205601011064886,0.5360068398725538,0.31489887063712463,0.3660464823584564,0.5548276570595188,-0.3551311985381857
1807,-2.2022708766854753,0.6381166749542634,1.1242722908736213,-0.7728549882449643,0.6068598549527049,1.357562030857888,-0.6837524250049993
1808,1.5946166813199423,1.0545529607617936,0.6932198073864845,1.2885811846084712,-0.39639460677692645,-0.3487837376858503,-0.1030883132599158
1809,-1.0887461885729328,-1.0163528674806914,0.31158735919257635,-0.8736602160470384,-0.47747026373084106,0.16681432117358194,0.08386881401406253
1810,-1.431411819174469,1.5441543129734503,1.1506162601194434,-0.602830936915924,0.17632177953384076,-0.3007657737836126,0.6377173796030255
1811,-2.3589287486539066,0.2291985940124462,-0.027203235963556203,-0.3585108894699914,-0.23790390499534653,-0.9343950646272725,-0.29231624206284973
1812,0.2519515280912034,0.5945645998868105,0.5770692341355897,1.5252310485619804,0.6640226295485279,0.15649310898648117,0.4504511991526276
1813,3.6520743971077265,0.38689649697054435,-0.4057688553485068,0.22632268964740218,-0.32248973135036907,0.20222901365550178,-0.04472580115212653
1814,-1.070000547782724,-1.353133801756146,-0.9013557569038768,-0.17884328799101507,-0.17801118050401402,-0.2860211783854131,-0.4795201060621496
1815,-0.8708699852538495,-1.7079554271148951,1.6468049902737842,-1.441058350671649,-0.7251637688156454,0.41310338894154547,-0.6637825547597068
1816,3.3885926342050667,1.5063046510900284,0.579112874402132,0.268155598165194,0.5167062393175488,-0.016870366258118427,0.7971511728264843
1817,0.251482969367156,0.7877884625038744,1.2674666523319278,-0.8349995334705929,0.7854593779668663,-0.6976198827601467,-0.23499307139428843
1818,2.3834234762319717,-0.7411102601191757,0.35045485562192613,0.11572745862582409,0.35132085435273347,0.8384295370419188,-0.42291873248229384
1819,-1.5401134135122048,0.5429855143249777,-0.6405937077830903,-0.9271358037466184,-0.2206926836444252,-0.10023590617089542,-1.091106407168301
1820,-0.8458037291600917,-1.3508476297736922,1.1134974315397361,0.44187059814422897,0.7561952546853868,-1.2417980065913847,0.6179796099552405
1821,1.7854336614351665,-0.9506881001056946,0.8173630856400961,1.3025386269292276,0.3359502995151669,1.0068171617736055,-0.5015967094253739
1822,-1.1755609796603388,1.4845734721334727,0.157491322520105,0.17830501921455302,0.9510549844759902,-0.5118361209405221,-0.5085874026696389
1823,1.7224227413808175,-0.6975666097242545,0.42155053038111723,-0.4526781082055808,-0.053613181123092525,0.6406557814575878,1.3293377481472417
1824,-1.1155572015196416,-1.5886711908847306,0.6090292146999552,-0.7097397340065591,-0.15379560099122233,0.38426451291975505,0.04888483774641396
1825,-2.3834933368460787,0.11846482805875715,-0.8401069192964042,-0.6715351496277204,0.8282222645516806,0.3177016584297835,0.11781605758101077
1826,2.510778679990777,0.6668417296547378,1.174825714462053,-0.957396946968376,-0.7245060480791651,0.41098873863179214,0.27995324065960225
1827,-1.5646573684432392,-0.6779719528769433,-0.25630956670381244,-1.6138265307767539,-1.3153206896500096,0.4733691069137519,-0.2066986025935088
1828,-1.0372819245457277,-0.03712696576604586,-0.8683239232188578,-1.278608237338533,0.7990515898358839,0.6500354045539252,-0.020452369824233502
1829,-0.22244142903399805,-1.3889789662860557,-3.046767633860731,0.4395367824860699,-0.47835098826909006,-0.9423867481422848,0.3992695742552345
1830,-2.7158712499212756,0.6230254921508199,1.0198839558375896,-0.94848619094368,0.3783744571373297,-0.021624136127576164,0.17357202893698132
1831,1.9208801199035725,0.3167217168496114,-0.7086987557428247,-0.48920024672796475,0.5463556230429969,0.9393424158563028,-0.2724837723998466
1832,3.453547466670927,-1.099393842225454,-0.5850737141525759,0.0647989814658406,-0.12212355302500982,0.0810230706650865,-0.6075663898022758
1833,1.5393892214858846,0.758326477752066,0.4631359110333791,-1.220852081041665,-0.2738766645399259,0.9518115942387471,-0.14652426807081065
1834,-0.7701335663595685,1.0609293765065673,-0.95163161764808335,-0.9758203737059967,-0.5702586035812905,0.45582051947359536,-0.43556309000326904
1835,2.089160304878339,1.617148753912801,0.3380507549364078,0.7163502208482425,0.35331569698628856,0.06175455590046422,1.3887729810416434
1836,1.268508794426552,1.654857975235044,0.17688695084584116,0.4137181202167857,0.5702164507198276,-1.0705347661718256,-0.2474467133334149
1837,1.8039613359474704,0.9817539292986867,-0.03795973504601283,-1.7494612245160945,0.6813210092659354,-0.11066943327206255,-1.151331827839845
1838,0.7740095814515958,-0.10274181483766395,-1.9676927555153145,-0.3578456879756606,0.2271478099555343,-0.08890363230710234,-0.7601910669151826
1839,-1.6299633744952646,1.3528035156748401,1.6070235438142246,-0.07743880625791248,0.6102816070595878,-0.04475268206530604,0.29512867838894
1840,2.3233909568968762,-1.3285238896816558,-0.5142647109460174,-1.9182864729819449,0.28270937060111345,-0.1760995010800601,-0.5230122654231908
1841,-1.4496007878092356,-0.6966579363979999,1.4269984674000886,-0.08000367748426167,-1.5283357560628124,-0.3491115521314545,0.11915930984014514
1842,-1.866436370741529,-1.3876460882389265,0.07530804498215456,-0.5672836069729914,-0.9987505402510484,-0.20129475669445016,-0.5415631107172627
1843,0.5752177505263152,-0.45939837989895643,-0.05200630690062976,0.5466203406637035,-0.43740576025817374,1.058437655061829,0.3444441902017565
1844,1.443905917550815,0.04349706477645619,-0.3861243397063523,-0.7433872783800106,0.05417763538392188,-0.3668933093676324,0.46302993775409246
1845,-0.6039172953934765,0.983730500164118,1.0712532355839701,1.3888454463744413,-0.18145687383362694,-0.05448160200903131,-0.9677395364554691
1846,-0.24845056717031563,-1.2028337858499374,-1.2948386395660738,-0.8108859090796376,-0.4382180659482682,1.266911243266591,-0.22887528642969923
1847,-1.2052425230418589,1.6705102421364588,-0.03179661974540711,-0.13207576694927017,0.21337314141734226,-1.1679851954658487,0.09499035529001887
1848,2.9324409246681413,1.4618203673180286,0.4449336762883672,-0.19378652414991213,-0.12832916606117534,-0.870139194804195,1.059391792627984
1849,-0.29568684235623754,0.4939224384053858,-0.5532580881510936,-1.1223224825197582,1.1092226483557814,0.6607588637584088,0.2428700264801441
1850,-0.43666110113862194,0.16616112792421106,-1.937740280232844,-1.6510770137572992,-0.1687598850615212,-0.19330090329101346,-0.2717446893209374
1851,-0.3813421394020227,-0.1997420150172561,-1.7380421518211926,-0.9517404897114418,0.7447857994843089,-0.3123674003130267,0.8391668469131718
1852,-0.9531652422010707,-1.0955444006658543,-1.360482558280122,0.7423534689420236,-0.3405191594781006,-0.16847393418089013,0.5920238082556045
1853,2.198500267101683,-0.059648685302846755,-0.30537977037009806,0.8182408625492965,-0.3485244445577499,-0.4487133804806921,-0.7345346802297583
1854,-0.8828963678508196,-0.7153541950865616,-0.32724774437319265,0.3105802554650875,0.29854327060170766,0.19581958013428694,-0.33903382157048384
1855,2.2045379210729648,0.8753535898298263,0.6473680001471368,-1.2136308815741077,0.372386863909216,0.0146483124672453,1.0525186751688995
1856,-1.882615901376386,-1.2553742377446115,1.1332532500824302,-0.08927307254652801,0.7548221221826613,-0.3235143368436345,-0.04699850686216986
1857,-1.2840340315950831,-1.0812999892883233,-2.8607850924795244,-0.18924082133928452,-0.712392354067262,-0.6090681608642142,-0.2486390880985112
1858,2.232363773724686,0.48082917899762173,0.8412027213883697,-0.5758325325049102,-0.1504823822925527,-0.037017867370813695,0.8062772193758186
1859,1.4963183207064539,0.8596591800528737,0.08956894511506404,1.4979643899243205,-0.19323726943932815,-0.7324786191877045,-0.38183118503198293
1860,-0.483908208090285,-1.4159877924787319,0.26281445547080484,-0.9732145301651924,-1.099816264651448,-1.0382344260853265,0.2335874459208538
1861,-1.5601617652723518,-1.2487527498058526,0.057045195962030414,0.9791005577887195,-1.3991303923093927,0.3143134501114088,0.6635247537531668
1862,-0.720572986691334,0.8838053346829764,-1.0771519980804398,1.6916963612632572,-0.2576829940336115,0.6743533776381954,-0.15993196315381417
1863,0.4210396780856992,0.760937309360962,0.0025681161089592904,-0.472223649271538,1.0732885187951995,-0.006343783044444734,-0.6474940730982469
1864,0.1488690428555075,-1.2083937392109314,-0.35393740860054773,-0.16602600783703347,-0.666735899247996,-0.5483448060661296,-0.16975311871872234
1865,-2.1570228586234776,0.2200890889708815,-0.44477559439463604,-0.07171961122197272,0.5407087169570758,0.3133876977643097,0.4476773205482734
1866,-0.05759776941517435,-1.0894739031975158,0.1824044585112375,0.6295999786549709,0.05563234665778318,0.4445238245338144,0.33360786454168995
1867,-0.996070850477467,0.924255021308982,0.9939203116132853,-0.20191560594522756,-0.3407542497046586,-0.6880813006399789,-0.1360208617706194
1868,0.4837293775825384,0.9035860313265869,1.1469449884240082,-0.06367966159589412,0.6947773051910435,0.16309725557277288,0.3131654299331206
1869,-2.175138666099239,-0.8196809410266643,1.0378579804756167,-0.8946940453626014,-1.7464078862971997,0.19560643317704465,-0.5577375105196531
1870,-1.0496579300917033,-0.6120276911986693,-0.40162017212278683,0.34156731617246133,-1.5236741059231174,0.6228304805053823,-0.6259290380063409
1871,1.8882727774994177,1.0662103422292994,0.36100741908592054,-1.3967294886635748,0.733068296352998,-0.06829876044842237,0.2634168379791578
1872,-1.9485820348176208,-0.49659536850414887,-1.1212295537131016,-0.8099368332632803,1.0257690990409674,-1.3441198134485113,0.7304871531543744
1873,-1.7362772094370946,0.4612536901989015,-0.12564759901355388,-0.6300357557030086,0.8559020808504979,-0.9993412175092286,0.3085513222769947
1874,-1.9183871258024139,1.1920726345251944,0.01450845676623738,-0.2710441154817579,0.3200536559751188,0.9569632288177357,-0.30966091673987856
1875,-1.4425273058116368,-0.12206893703312229,1.1290004824043345,0.8414946002504163,0.8722941040335214,-0.3186064521216652,0.26635034686262954
1876,-0.13575053868194117,0.21532563514389524,0.5198366808236697,1.1350177113690392,0.5561945109614017,-0.7380516413985604,-0.45111006984015106
1877,-2.7522021919068402,0.25028318156970353,-0.2085032535040151,-1.0682178894490646,0.1735808781422241,-0.8585586326752233,0.22037825121474605
1878,1.4335612515458058,0.6279985083973223,-0.28916582029340904,-1.2718837058095145,0.09393857115217856,-0.6428840296038407,0.4322828145425682
1879,-0.49231116757647536,0.6427034172748706,-0.8314633021094441,0.881162415988073,-1.4010478276688776,0.9904369031059845,-0.29999095740181764
1880,2.504233511795919,1.140677528688774,0.5141572230774303,0.5367739300442537,-0.32299397366139526,-1.2954257009758043,-0.5266509027
1881,-0.755135973080108,0.3225944451453402,1.5185009664523466,-0.23470675146895867,-1.1302409131402746,0.48370082296099626,-0.5728110359219404
1882,-0.5161706863741037,0.40098313640939537,-2.4041603734440073,-1.4429260299977542,1.0119957087457545,0.452727967521441,-0.24147872101569204
1883,-2.9173419743842075,0.15546808478987273,-0.027003027951803406,0.7983420484625552,-0.1871711321501063,0.21672148579073375,0.7434968155936172
1884,-1.12346634144744,-0.24337130013732708,0.32821101863272734,0.9369479439713604,-2.0171111348312207,-0.5291390183218782,-0.018484032603001833
1885,0.18452108533942307,-0.30142916106786793,0.13513456630799497,0.45072209758883097,-0.9897264408262353,0.7841959188668265,-0.14505104656827442
1886,-1.8632142995682515,1.330718574848522,1.3301999796314505,-0.3124392380822756,-1.200564795484883,-0.09415143650192169,0.12138163920952208
1887,-2.1383741328964865,1.3128397774601475,-0.298352254276694,1.1033601896182794,-0.5266154174203077,0.15583210277478013,-0.29183135659358034
1888,-1.411330792394127,0.6989663835932994,-2.051882807399512,0.1565125042009455,-0.1817092104077104,0.11184581370218608,-0.24117639214441533
1889,-1.343271151661242,0.9540518985797399,0.2820747833688836,-0.3784624734893198,-1.4069245215935553,0.47860255925972794,-0.9826439611739879
1890,1.2284351109131515,1.4754445695590248,0.11812469822220435,-0.6351925553338279,-0.6852279973918257,0.4563669094505482,-0.06005278512822405
1891,1.0693739964792845,1.0576128872228543,-0.5951506635495262,-0.3132907091655567,0.409584903317009,0.6283881955642789,-0.6018379067377799
1892,2.3578070642841245,0.33162098189910155,0.1478675207325783,1.1257608132633474,-0.4230183871466939,1.0982472279365987,-0.8786265014771644
1893,-1.5731143319207352,0.8172903790221768,-0.7496616030775481,-0.8220508569779108,1.0302467653109888,0.9294007589875815,0.21499892655605798
1894,-3.2837900561637174,-1.4890835900350157,-0.5706043525501704,-0.5573825196498361,-0.41854030022168426,0.21631343367133393,0.44912187503386114
1895,-0.30229094429172726,1.2769996608507093,0.8899753925109809,0.6676953339340312,0.11267664315289154,1.1011208342143626,0.2344575520902453
1896,2.7237376522144094,1.4471360857049953,0.22191100699410624,0.42221503532039056,0.9116973931075701,-0.3562365662434038,0.7795867287439876
1897,-1.0868754306876782,1.68749514915728,-1.0121391925465013,0.3093021691729877,-0.38318722791974436,1.4240366603127272,-0.16195859829844383
1898,-0.5718779533081089,-0.692225967133118,1.395441608406672,-1.598545257108333,-0.18691758804273845,-0.5335699285743888,-0.030701927710890753
1899,-0.5428510254186605,-0.20822380321303305,-0.8179879564714024,0.28880141433250983,-0.7293882193277714,-0.7547944845749472,-0.28065275606278706
1900,-2.323258076014549,-1.294039789711965,0.6285018663114809,-0.7758931917454215,0.2042377971801213,-0.3806849988439156,0.23094031460063624
1901,2.3678301164980717,-1.1677390342308338,-0.5481695000868341,-2.1166785331644213,-0.30012788141359553,-0.2303550774459817,-0.9329244756337528
1902,-0.9596266509608474,0.12843559816062908,1.3563330500241009,-1.020230114033212,-0.34029569500977014,-0.4768904619028225,0.5329557531364544
1903,1.4931315227762352,1.3846834174590408,0.0756394718392116,-0.31411362342153687,0.21898877453008478,0.485517289836667,0.525254971957571
1904,2.1190678543904675,-0.7130148055650284,-0.32899438608350645,-0.49106320188189145,0.4863497354605374,1.2340621666776268,0.5077712780840011
1905,1.9003844644215635,1.6307194387089972,-0.6655712581992956,1.733313771134216,0.1334841872335542,0.3242634182337308,0.6291656309369992
1906,-2.2853614315671686,-0.07280537205966138,-0.7976991412256155,-0.6761092985119024,0.26624744392842176,-0.7543569320920548,0.7460852773800069
1907,1.9708620886583197,-0.11094395898789321,-0.6299747210235249,-1.4170170649835334,1.1490679215591506,0.05666056436815636,-0.9222266566513716
1908,-0.23254028778382752,1.5366342769086778,1.1905987329259853,1.065043614987764,0.5210042517843265,0.6776586331179238,0.09441997879119181
1909,-2.002206714752498,0.7243947836932383,-1.0132879008156952,0.5124538699721433,-0.22207549821768355,0.31334988175630574,0.5776996665274814
1910,-2.6562421993049172,-1.6235370862544336,1.6218614139582934,-0.7114906525819629,0.3857042440469524,0.27868128304104134,0.8181836664782653
1911,0.7776407016226985,0.5057508115979832,-2.0713491667061557,-0.30557099140948385,0.14608752726721452,-0.08110346480144238,-0.6654789183689414
1912,-1.2766014767411902,-0.40915257534668986,1.3263560021340561,-0.023617782468972743,0.48351777008303,-0.10191846614999218,0.5016547600358927
1913,-0.6183630752345882,-1.2189950475814135,0.011620372130678295,-0.12947705585786215,-0.5734682834258943,-1.1878826791228405,0.38399972041389285
1914,0.22568321858729778,-0.0068066270593901855,-2.5957676987686003,-0.059254450917506,-0.5089205682110426,-0.13324682298086138,0.28450626978772803
1915,2.6673508062052034,-0.012896497295283006,-0.40840113634584213,-0.9309129778683527,-0.30340510012192756,-0.5614052289145096,0.47318279377892597
1916,-1.6808560508588561,1.1891648761941558,-0.5855685016686363,-1.5655454945492842,-1.7410735755685844,-0.3256108631019588,0.6175470454206436
1917,-0.3686113943718542,0.1117048767810366,-2.607489545254459,0.4296836619740641,-0.3107097229191099,-1.1307080962174603,-0.7125826125717177
1918,2.8612672440681592,0.360947060624186,0.5252599629303745,-0.23670841552286137,-0.9324551491920359,-2.3308200996510626e-4,0.6900026092325047
1919,-1.1248895825355403,1.3636613717086605,1.0370226214229317,1.2426655778066509,0.6732118033567442,-1.038079903417758,0.16296377820506835
1920,-1.4943157894591057,-0.18218672607035624,0.7779945157494152,0.2102615974697358,0.6889608026868848,-1.1490276919900675,-0.41314550583899223
1921,1.8666612993221194,-0.599792377694164,0.40179739049244706,-1.7685854530882015,-0.40141748771666375,0.14273264240440245,-1.0428727309767056
1922,-0.7947239249094555,-0.17255492569049785,-0.5211107229345335,0.4756876836263561,-0.08608933395379231,-1.3894038857090103,0.06494620128506842
1923,-0.5302454129780966,1.465755426763601,1.1169146530704974,0.9197278251772719,-1.0885429055675897,0.7886551092002538,-0.16625336520281547
1924,-1.954965013468924,1.2576032803540944,0.053964359965836275,-0.21641253357201568,0.33417793982368627,-0.9833096339954707,0.9504188011033625
1925,0.31307560844707144,1.4190230794020686,0.16697806543306512,0.4595637367451764,0.07340907134591848,-0.15096868966983976,0.26311443103888194
1926,1.1428065336590014,-1.020786679294845,0.1581157357474003,-1.1226538630738994,0.37865776598377215,0.992267662108121,-0.8544431276807508
1927,-0.552766528768731,0.9127836552225551,-0.014423726110400582,-0.07436542836107604,0.5345311102314753,0.0021063016436391646,-0.011924932916410046
1928,2.0737333235458273,0.45640518047147055,0.49751978430998883,-0.8766560331796484,-0.4014082313838399,-0.1794128398842198,1.089944976528418
1929,1.0237123641007018,-0.334760784933389,-0.7776351962718049,0.39853479265888747,-0.12090730784701949,0.4542172019377492,-0.0353167910487976
1930,-2.674479680835752,0.603547189931785,0.2562273036305251,0.19577682135351,-0.027819762523374886,0.9440537727784665,-0.011128643506438623
1931,0.48672808657762234,-0.37291190178560907,1.0734546418505815,1.0946199413164486,0.6213683574779114,-0.6803015794916214,-0.804920631598961
1932,-1.7519132957983794,1.4000867812974203,-0.75243395192322,-0.47475787068808184,1.1385235410353456,-0.748553558901809,-0.26349019269395063
1933,-0.5655743129241185,1.4323318962671725,-1.3545609432174608,0.30578581867329163,-0.06943543104657797,0.4744571864775937,-0.4641980223035304
1934,2.027173985461895,1.6218288453365348,0.4932503400598098,1.2556524321417644,-0.1845298171947991,0.3701115510170722,0.13527455855837622
1935,-0.5563590100217692,0.6119428645691736,-1.851652105790985,0.04139922761981319,0.08118661066284928,-0.3240700625069491,0.7812292378116948
1936,2.5922231662384845,-0.9851783706304961,-0.5359479425646788,-0.08121299059316381,0.8698744252725378,0.44414909997725804,0.8899167654577531
1937,-0.2863633474338229,-0.28658447965573164,1.2710967035980811,-0.5331346063527026,-0.9681570558595156,0.6775363612046741,-1.1223796396397092
1938,-0.20949755535075465,1.252301165563352,0.3109124617005678,-0.4225136580100846,-0.001836239204076955,0.7866895351306141,0.698838005196403
1939,2.5453715243320483,-0.5920723298080353,0.6026289875017193,-1.4101253641607925,0.8960989760685786,0.07332799752458027,-0.039116025145339454
1940,-0.36581375540774574,0.7248395141822098,1.59246745345145,-1.1262941175613972,-0.8643406713911482,0.20506197897896036,-0.3411861342623874
1941,0.03983814438589247,1.655259370652799,0.6643143823605578,0.48223392619607974,-0.7980238858367644,0.3196181319440741,-0.17595908726527468
1942,1.0062671757205286,0.7594222722340318,-0.5777911445220142,0.6308455753443819,-0.5197379229495375,-0.02613566729413433,0.2938915653169761
1943,3.0973394098436056,-1.0367210780525593,-1.0629232065523573,-0.8579316428776728,-0.6190250869149705,0.16639209458572307,0.4669242561215597
1944,-0.16275997842521994,0.002181259501045822,-0.1712572754527621,-0.006792132298593846,0.8091647357083204,-0.3227267157102294,-0.49647653242308054
1945,-1.4553809738702284,1.319563568976269,-1.158241595270495,0.6830762728437887,1.0130285359811346,0.91400161031138,-0.19642671858040378
1946,0.24023104149041324,0.2535216097986302,1.441173653525531,-0.11540498667108401,-0.4037950525443796,-0.6591899019310382,-0.20618257997666178
1947,-0.16369096537198685,-1.6435187376314193,1.281886824320993,0.5037778615540451,0.7106379347124934,-0.740712164562767,0.7973781649174115
1948,-1.2403091759150284,-0.8887450362173455,1.1835261881207122,1.6251301189396328,-0.7253329809505163,0.5786893746761874,-0.028697029705128226
1949,-0.525514902539873,1.1408008007063486,1.0637879457745159,-0.40807891258128626,0.48516716789841224,-0.6353326393997543,-0.7237324427571661
1950,1.301053608130744,0.8355588948813956,-0.737173853503578,1.9000435504681115,-0.08190974520919812,0.04901565871316909,0.2321784512463839
1951,2.421325061046787,1.4234752019018075,-0.6174443097355143,0.197777792522817,0.6250444111171413,0.22167906316986888,-0.2193192265497479
1952,0.022494349050727006,-0.7268221494809174,-0.34664592385748455,0.364441394745097,-0.25448834709788154,-1.0850392951524905,-0.20846490302791326
1953,-0.31175233565654453,1.7029029960860724,0.780600122209399,-1.2195549151317229,-0.5248256394771553,-0.18260498406527384,-1.001978251535061
1954,2.9509780015156353,-0.9687817773557229,-1.0547703379235855,0.5896426751437639,-0.6831687249629901,-0.9777161614244324,0.7436435988325236
1955,-1.6058250378563126,0.8786883955851332,1.2050067139321814,-0.5004517762109717,-0.46009957651559,0.4416608762258273,-0.5478388722621411
1956,1.4972899831527313,1.1108278063577854,0.6012526514889613,-0.6149533410555146,0.061434872090573266,0.3788261450240545,0.20459858354855015
1957,-0.4034455307376653,0.11777177853607627,-3.0005547430148662,-0.354241120018643,0.8702860169838184,-0.3860510445493682,0.30390413894222795
1958,-1.5254250205603213,-0.9367837781692745,1.5402007622120684,1.4238068765713388,-0.6598538679246001,-0.7162372705408611,0.40303170779064285
1959,-1.0748437183920132,0.47430463375004045,-0.5863273606525232,-0.4180703710029337,0.029841334274761513,0.7388654445081166,0.2207997998525131
1960,-0.41815493700189627,1.0171235311695868,1.519561793654469,0.9945646715230291,1.0099265696750603,-0.5704888487921717,0.1637468456845184
1961,3.3685643152750218,-0.8920162297918611,0.5139520104204974,0.821523513802056,1.1234610471891835,-0.12212348784384007,0.8424891303018335
1962,3.489460835632986,1.4844119283887638,0.6798064206453781,0.05239578928811894,-0.1520598124776089,0.7403687707836123,0.5001047669901788
1963,-1.5239796111909698,0.2419211782997651,-0.37686384162952974,-0.4229915319497459,0.9362550003614933,-1.2406216430139239,0.43345852078903896
1964,-2.825963929085465,-0.7084545312620276,0.5401978414258176,-1.0398444858255793,-0.04095441876893115,0.3963496585164052,0.16555390543377624
1965,-0.35823323175338717,-1.359668761802618,-2.7027614558441333,-0.4632324007064191,0.275708600829326,0.08043047366906277,-0.5906731976593859
1966,1.1568741828087628,-1.6038891788772953,-0.31934837712519815,0.08777713030827361,0.5516852461401542,0.26907858322116446,-0.5357114446675342
1967,-0.26710487689451085,-0.03596440961687597,1.0411122718664305,0.8136527365333446,-0.48848237837292635,-0.5224214855236947,0.23051661166641285
1968,2.0452723513625086,-1.5814967766206245,0.5405630043818733,-0.08994800919834298,-0.0833199902271079,-0.6467689639998673,-0.252968411866601
1969,0.5348112471209469,1.1481705364807406,-2.6431755435967363,1.124883754552927,0.7784241003116912,0.023953520128503145,0.345608570025996
1970,2.837190023979111,1.1905760211093739,0.27958096268446914,1.1479203031522958,0.07672220163875171,0.4564065032564722,-0.5536217935274502
1971,-0.3305357558712021,-0.12534401706135975,-0.7334551627448388,0.07125316898949839,-0.1040877179945044,0.2497794414937187,-0.5836806649543591
1972,-1.8424007489494905,-1.5365940041666595,-0.4422774766853431,0.545520816362402,0.11456203793238516,-0.6241745315641081,1.171785776213661
1973,-1.6861584288294298,1.699980939006375,-0.8206381590999046,0.18813764988440632,-0.2308272183450243,1.1326086249002676,-1.0760835868604255
1974,-0.9550254483368092,0.16022678129775192,-0.7392973280259586,-0.7862433610002352,-0.3047585211701363,-0.454659160769545,-0.2888073497587935
1975,-2.1516642341969696,1.1627171248188082,0.9235356721518383,0.5572293004099474,0.052707126216903606,0.8852215803052207,1.1056263337601466
1976,-0.6784376454737296,-1.038554749397843,0.6841638334456257,1.281403783092333,1.4739347793379645,-0.007565528811719193,-0.5735240339324228
1977,1.2859910187330534,-1.2157368918037932,0.7707623144553868,1.14641277522321,-0.13211810280845943,-0.9872481167760778,0.5733792332420735
1978,-0.35252168996212174,-1.1407207786223115,0.30900048227357857,0.46631096847494014,-0.923334245554641,1.1346143340711716,-0.42247827668938986
1979,-2.770595283286973,-0.5771398339103031,0.5196861946725003,0.7206772186709471,-0.3020520095842385,0.5181714959735916,-0.10666708980076843
1980,-2.392667444832202,1.3431427193879855,-0.5950372895374115,0.5213038308520308,0.17358357549690626,1.117003268914351,0.849365126770248
1981,-0.45692763542756537,0.8992386060697114,0.8001377477005582,-1.2090674859459907,1.1590321771838026,-0.46270886915881915,-0.5930423173527124
1982,-2.269473217768223,0.695915634526289,0.8390409813234246,1.3861084095804534,-0.26403202305787554,-0.13217203150744986,0.9295320873558273
1983,-1.7930346670628112,-1.2742883402389245,-1.2316571825837292,0.6161319627138072,0.5307411031873063,-0.6014225490820531,1.0409325760061363
1984,3.5673145383264853,-1.1976854371066659,0.361765860207147,0.4771532810692595,-0.6838459091814503,0.4798851447353906,0.09236921723251397
1985,2.6262449148640346,-0.8853646392469618,-0.9939379760735567,0.00531199102807265,-0.7527964120370091,0.002472042700975399,-0.3700120505984479
1986,-0.6496661187203422,1.059097880187709,-1.1915201185196393,-0.6562819429847387,-0.3319655132664833,0.2891304464204357,0.9773503284958983
1987,-2.4863336584167284,-0.7403449913579248,-0.4090599176958325,-0.8730361427352687,0.2365560329257185,0.6049452404112319,0.6720873130659678
1988,-1.0365104213053777,-0.48304090518884985,-2.807772145919752,0.9257912098545883,-0.7625654601722114,-0.02996464946852552,-0.25360200774336816
1989,-0.5291222749029472,0.7315883184343366,1.0999033766080342,0.9011678107196942,0.9016390183707809,-0.6723171691544809,-0.20730105317587377
1990,2.4068936979543647,0.04108869043714171,0.6158280332909712,0.47265252303781063,-0.6266747753523007,0.41634283353048945,0.8379423566976719
1991,2.1396058114254206,0.9608193085171158,0.21724864226569884,0.4139853896657617,-0.21878034509772978,-0.15735785910688538,-0.18699406815777161
1992,1.380882038080395,0.3507442895608034,0.6172399875417826,0.8411654169977817,-0.20413618955891377,0.5525099053275624,-0.6993751629770911
1993,-0.6127772505582068,1.2302017328741672,1.0145005815683292,0.13006352875232943,-0.1035304805871452,-0.5268037389409175,-0.5496944741194473
1994,1.0458382389499636,-0.27811467039365884,0.6285474779660133,0.5124331238249515,0.3531746149569845,-0.2939434925455342,-0.2862488438626961
1995,-0.9344983887392934,0.6685788539367483,1.347380863899015,-0.18283532865805133,-0.165817685099882,0.6030646563573462,-0.6325900872194176
1996,3.3515636333450516,-1.1102360662859567,0.2920379671751686,-0.22087858091291218,0.7988138751271576,-0.23498472426267092,0.5408645625496092
1997,-0.6133906087647891,-1.3246171590710119,0.7209257474863132,0.24599788860422908,-1.7944375021530694,-0.1150792529686466,0.32598065643100443
1998,-1.071251340484992,0.16443870927435725,-0.07316178086665989,-0.36176999170410973,1.0642542426489667,-0.5477415188745494,0.18768253943751897
1999,-0.9114713097880921,-1.1756255809835734,1.5326967447048876,-0.2893023622070484,0.4517817142603098,-1.0055692651079722,-0.8093521159520043
2000,-1.9786020535510827,-1.093700280786122,-0.5958004558969411,0.876419725694193,-1.7197481528364376,-0.20317263364821214,-0.11659290829140204
2001,-0.7608910644426032,0.909970268241585,0.7518444421417152,0.2795959462787693,-1.230707909443045,0.30029482389246825,-0.10606039151619628
2002,-1.3316468322744839,1.2506542077963934,1.226682554194685,1.290009115703914,-1.5994241016923263,0.07584289819351836,0.7733276750507092
2003,0.030558582277709447,0.7023175627110931,-0.11800864406356264,1.3132498180967747,-0.3902970686522593,0.9226178514436271,-0.3015516647462538
2004,1.8829851351707363,-0.02606594571625464,-0.6406431381974181,-1.4107063846310859,-0.15943508001680778,0.9987955935674508,0.46307629497141956
2005,2.6313673163810143,1.4338418253213456,-0.22684983993588734,-1.6226081122863567,-0.004960050474022291,0.46690786562141845,0.6748718772075394
2006,0.4312870337840465,-0.3466408337148613,-0.6378317386812111,1.258833164009558,0.0905216135238641,-0.5993208665050708,0.8542745486212912
2007,-1.1595036083801737,-0.5789585025451633,0.4503099951649023,1.6158407299573339,0.625392687586268,0.11154398588452565,-0.31167045596777626
2008,-2.9847918212907523,0.2822692417799235,-0.9587321884906771,-0.2550804545671063,-0.009147885803685021,0.5261628040442589,0.5756024647633271
2009,2.112201807448732,0.5465675602203905,0.16193282192197042,0.835112604657872,0.7747573252544833,-0.7385983841413507,-0.42252501495834593
2010,-1.9747305741953427,-0.5781942290598082,0.31641712218624435,-0.42494087943814735,0.4604604986300798,-1.3355158438911945,0.5292652633138315
2011,-2.1061773177703613,0.8883455630428484,-0.8522463245759647,-0.6163534197948268,-0.9117626478074644,-0.5211696590976412,0.557734363307624
2012,-2.130692273356683,-0.4271626622808122,0.12679744591020384,0.3779112392327562,0.5886585148032842,0.26026850225278453,-0.459302497010045
2013,-0.5836987851105909,-0.9885544243257086,0.6458918427610691,-1.5208817343291332,0.017524345794497912,0.9333731873464217,0.054029792356770565
2014,-1.0355662456633932,-0.4699275938422803,0.6294848682712139,-0.7486347953842781,-1.4668405633589248,-0.7316334541219469,0.5299290953123862
2015,-2.074054214567709,1.0058740088506197,1.601015445948986,-0.13986916323150897,0.5223146678807745,1.4052015656300982,-0.2456811318056055
2016,1.0780471329956278,0.9516406529910976,0.5892877276868307,-1.0647247541015148,0.47831036858400394,-0.04405720242289944,-0.6063437941912739
2017,2.939340670968071,0.8269618904759507,0.37565996802170376,1.309049086660766,-0.2677899320033482,0.6418760089472592,-0.48506673091834207
2018,-2.667040156951086,1.5342089191988943,0.5050284467895811,-0.8192632178283282,0.6250001308032574,0.031079108739881543,0.24875700217989483
2019,-1.1314243526316978,-0.7273502185808092,1.4595854365152787,-1.174848157186791,-0.47320656826813595,-0.638824408661382,0.3342192883395494
2020,-1.0977985493008082,0.46871386337411236,1.7366610135516904,-0.35772650380164406,-1.4227447267202127,0.772744192823516,-0.5952968454491289
2021,-1.4357888776971746,1.4673043343649521,0.4760822066083826,-0.8689563471937427,0.6698517298097526,-0.15170420073913976,0.07949937460108104
2022,-0.952329327517385,1.510772303968231,0.2520130531686743,0.018473824449142008,-1.088700028613432,-0.7456642458880943,-0.7599409986072763
2023,2.0330415447408106,0.5279470204839055,-0.28901601469381866,-1.3692022351066564,-0.47383751329307555,-0.343346485700162,-0.1152549640140259
2024,-2.6964050589285193,-0.24823856233536934,-0.4613292028752039,1.8709727647321224,0.03781951418831526,0.6022090830572905,-0.1216939087586137
2025,0.4524363191745311,-1.4688292520058137,0.49631533766389946,-0.703184966464636,0.024064987153319582,-1.034248901510549,0.3500733132343262
2026,-1.5211374997108171,0.05619215159304958,-1.157049328871231,-0.04122638776898794,0.7180003542458361,0.04693798947199155,-1.0000962840934229
2027,-2.172417214795924,0.8160931439089956,-0.789398118441313,0.7771889443896508,0.8835270339119954,-0.8840589036153809,-0.14880543774387872
2028,2.9688038281694205,-0.48907746687493553,0.3714029423044651,0.5086544725343385,0.4533923059352226,-0.15296597288670888,-0.022857096505093294
2029,1.259402258014391,-0.810594409019741,-0.2095397501663421,-0.47681426847357467,-0.3885212007421477,-0.8214221738579812,-0.6212499663118302
2030,-0.44029452918248446,0.6443501667058337,-2.2645618924368107,-0.9086489741074707,0.9749292500229196,-0.031076775691881508,0.3577247628329444
2031,-0.10731346518789334,0.9834933224873403,1.5201108207654814,1.1870627525945463,-0.6824181282174424,0.6345302189055496,-0.18196561886944104
2032,0.2523477932420061,0.8957261768535522,-2.4660911983685794,0.7114628944817001,0.24116294951694695,0.6369918348086021,2.635848754894521e-5
2033,3.0254400757342075,0.5790453676159993,-0.013808745247194864,-1.0645572961638563,0.8565020776743589,0.03919134846725013,0.11428258447612095
2034,-1.9222069920155689,1.5406705440887787,-0.28261559802318326,-0.5615426929010877,-0.9248069226387652,1.1850406524445127,-0.4881139357013579
2035,-1.0474269690008173,-0.3588758404740662,0.23112989595025712,0.011126726007533408,-1.3600187522905112,0.15676843412166602,0.24387832498269957
2036,-0.46894388512242247,-0.8221158404689572,0.6502255552444363,0.7975249776002633,-0.8566021451858252,-1.5441058092333182,-0.9271692255724775
2037,-1.255032581836676,0.7879193181529957,-1.1041224772124507,-1.2997607057979061,-0.7999810844826936,-1.4425253494410704,0.4839098884355314
2038,1.6960543845781884,-1.5478182509124685,-0.9102401928070927,-1.240480467615809,0.6348891860775533,-1.0990889878668277,0.4734126535946463
2039,-1.8585497979536214,1.4169693601560769,-0.6674878300149973,0.38200437961911626,0.1749142258973542,-0.7332163795276382,0.3744068413984133
2040,2.8615446594746916,-1.3966967592669928,-0.5501044678840553,-0.6071692650412037,-0.42088723822120827,0.34314619613535213,-0.8639093653366928
2041,-2.1545127913604674,-0.4644352866503291,0.9745576227328276,0.381691109318887,-0.07873969535389681,0.21459271916260994,0.02795424131120329
2042,-2.577113436290669,1.0249691521741708,-0.6433763225351069,1.8700940592485737,-0.19451001365045995,0.338414232735243,0.4206626356859399
2043,1.9646647096409726,1.3072158796684772,-0.20854622707207573,0.27981355038476713,0.06451570470556309,0.5830349263775519,0.9611578286195722
2044,-0.6304666524894348,0.8477087620412993,-1.5561277797031474,-1.1516653803516046,0.9034939842481705,0.7664364584251082,-0.45589860019678646
2045,1.8220115413519873,-1.526577032505214,0.010836038918752887,0.33314003921494995,0.2532576623105465,0.782845371729327,0.7804252381945708
2046,2.945257090564785,-1.1517550162877355,-0.5699092992879391,1.1682313182875605,-0.27851202950547993,0.17497045270482725,0.028199742114130222
2047,-0.6643541621233386,0.720626415837495,1.1341814773803318,0.26984528999124896,-0.6339808299776927,1.5044271621470702,-0.14133491697600348
2048,1.0311025263781493,1.345147257069809,0.05291160739947358,1.070673255702143,-0.018779838614996255,0.7214468761364137,-0.47259682451918805
2049,3.3351818666164066,-1.2902683407175906,-0.47680612476437484,-0.17156445539940787,-0.5590225938121014,-0.7663182150284761,0.30354003621894665
2050,0.2627918775311856,-1.419383398635951,-0.5905578561075912,0.1170285239154068,0.5934500519396193,0.6621528217290474,-0.2096386435997145
2051,-2.136612039147144,1.188013742639791,-0.9359625615165398,0.14147987087114103,0.5230557839114579,0.8554901209633033,0.7026272794719104
2052,2.461833988040586,0.5139387284623925,0.1553934692028723,-0.6973144439657275,0.3916978899828782,0.13447954387033978,0.6589987460366034
2053,2.7131667893621696,0.8893265046440821,-0.7806243793511326,-1.6931719980452868,0.17628820311186905,-0.2681321605804855,0.0770518486545258
2054,-0.5135019763504067,0.261731595505135,-0.1046051651000018,0.9210925630951605,0.8674533822345606,-0.3877874508590895,-0.19923078525775115
2055,-2.7810377026271977,-1.2230779280502542,-0.20440083567693684,0.671370364643449,0.13641944213914478,0.8191540351395962,-0.18493327205688415
2056,-0.9403338076615566,-0.9942726197001912,0.7123242452247732,0.5486049522132062,0.8751076640457891,-0.29698434904440524,0.3258176762960102
2057,-3.3023473257085625,-0.4726355635673479,-0.9024394921324792,-0.8966061261319592,-0.47585774116891444,0.40645785257234796,0.7905472192415871
2058,0.6903178196164781,-1.3577775593207961,0.6769955925841769,0.5572741354898181,-0.2096414769600739,0.1454669494506253,-0.8036208505136667
2059,-0.24490959334660495,-0.4214923545028036,0.7240832939766062,-0.7116042603725085,-0.01804884850094804,-0.047949828192150205,1.0110906918923857
2060,1.784094090984721,1.042956375621768,1.0019324340493776,-0.6472689206519985,1.0233170294789518,-0.268481926349663,-0.23353724359678288
2061,-1.257093303884727,0.9545729934738258,-0.5972391670634606,-0.3799682763067251,-0.11187972353507994,-0.46410245062997885,-0.16669434582748704
2062,-0.8648008174510486,1.103996289282935,0.8186421260239868,-0.510766699874491,0.39492590721068754,-9.988238019722614e-4,-0.16274948661489247
2063,2.0995967399004467,0.49069234096776626,-0.4823912664136342,0.13266892067139727,-0.16942316611646668,0.11458963512484081,0.37516587918657973
2064,-1.0062999328923383,0.8635428321208957,1.6819648170219288,0.05369310060775184,0.08005662038191397,0.05595873275399427,0.4394326678287088
2065,-0.8247313695837657,1.2950512449037508,0.9075669759138918,-1.1685935501381297,-0.3361539624626948,0.7169887225077303,-0.48674348460870687
2066,-0.5547660628317204,0.26185673924017366,1.2727840848841296,-0.45241995165872845,-0.2594648932427769,-1.4876654584344031,0.1750912941069413
2067,-1.5250810286706369,1.321424005437701,-0.753633120630478,0.6737718922713197,-0.5028067607070568,-0.5459738864204264,0.21773679583233835
2068,-1.719472189893911,-0.47440696209932015,-1.0861941838350317,-0.81547597873157,-1.1487187893598105,0.2105412007858832,-0.7458595571411695
2069,-2.4006155632738997,-1.600369083334358,0.9019195197689458,-1.1809568104781845,-0.9233079523559354,0.7444669624496147,-0.23679361128810078
2070,-0.577874952262236,0.8023789346677056,0.20542649671581903,-0.3417366142042878,-0.5849456135759028,-1.2319740926044591,-0.9939703717139149
2071,2.1475225805604277,1.6622458126456106,-0.1291260493257811,-0.5426247600686637,0.27735194669722973,0.04856701821826665,0.24203483730254374
2072,-1.7827114990359167,0.6859028703419477,-0.6018595576583642,-0.3548209126510543,-0.8260217484097946,0.19896474263767205,0.005353430212463193
2073,-2.025340660704817,0.8937354973462912,-0.7195980345583269,-0.5732197405028485,-1.2623226921076132,0.09404373940925383,0.5132673777676422
2074,2.6340540752027923,0.07568348066070495,-0.5851496532449796,-1.7797090943688587,-0.21718288849797113,0.8405607926118764,0.16330100453217639
2075,-1.8569842101409169,-0.43000522718561723,1.2150204486857767,0.2885881516776496,0.21090759767329348,0.2326546344970985,0.3512981117351097
2076,-1.4200489199933481,0.24788042978028815,-0.8599184342066981,-1.1040476530065497,-1.0587070415656898,0.313467657686184,-1.1772517665985607
2077,2.3148651997884984,1.024303896720265,-0.13752109630359244,-0.18174997362789763,0.37380053690318227,-0.5990596063686309,1.0831545687793172
2078,-0.867705502260943,0.15153901786769877,0.29936291020699707,0.25885791271842656,-0.28409153836151657,1.5213683738653623,0.22885930354252995
2079,-1.5422775525340746,1.1847261912112743,-0.5755201552171257,-0.9552520362549194,0.7837540555808479,-0.5271117438778813,0.05305105378541809
2080,-1.5404512744525496,-0.1395613081022622,-0.3766769790891971,0.5792503078864237,0.7981620803158042,0.1704765825503382,0.5069319580511573
2081,2.4984392121072574,0.8766989729099313,0.1863208487092888,1.3234906143329297,0.4342250863976993,0.5345852150158035,-0.5728265457669074
2082,-2.163010344033309,1.0134377341758287,0.9020400992652141,-0.2552451618731507,-1.2872487632025402,-0.36373404952102983,-0.2937215498892039
2083,3.562418088751427,0.26357493215788863,-0.1575133766012636,0.8303866088436767,0.20220590983970804,-0.315695300584864,0.4520943071584801
2084,-0.18538027810417762,-0.9916915598309046,-2.493108650429102,-0.6920864678101238,0.416480819336967,0.055262641466914814,0.4134847019475216
2085,-1.5967867344246574,-0.36625834233723553,-1.319077009505473,0.8443903807932595,0.4450769936517048,0.7769475340818089,-0.48164177938826663
2086,1.4005081451332861,-1.2065078834771312,0.8096928507727169,-0.028776562143192453,0.14109209789098187,-0.2480197978336705,0.2519387847498772
2087,-1.1800624911032664,-0.6830252424070558,-0.4963737089315666,0.5763010306456287,-0.5741215003660735,-0.5015588565272981,0.1884257707152464
2088,-1.6259462207033963,0.3978952580074754,0.24984156902199092,-1.242402684700721,1.5908717295610144,0.4881518386958345,-0.5932188913218832
2089,-0.11162637793330339,0.712578322193962,1.1682084650127966,0.08661559357673018,0.26166787913567835,-0.5455585456973864,0.4610443032606827
2090,-1.4217134529829825,-1.4596462388140943,1.2867512551608347,0.9498727470409088,-1.8615238758781905,-0.5003610451599312,-0.32274526879989135
2091,1.7880727332775272,1.475789651622026,0.6842357161226977,-0.5946006736403873,1.1478847956563314,0.05022249898743471,-0.13579521383722817
2092,2.080545487483938,1.1282083355133081,-0.7485756665834412,1.1492508399567354,-0.13466006315072435,-0.13908988180414533,-0.053672670862323975
2093,-0.0175447262013043,0.47661613795639374,1.3958404590392617,0.15941369580631629,0.7810150225809951,1.224912696842024,0.11616116554095875
2094,-1.2317795267395613,1.6713425025422566,-0.7396076086948813,0.7139369577149216,-1.843852772083765,0.15476863748391825,-0.05545237382619382
2095,-1.5606033787213043,-0.12208713791997917,0.5312275393053154,0.17183079628846093,0.8241815168811906,0.5426851905648687,0.8008911502037205
2096,-0.34629036562364507,-1.0580858826064514,0.0707651914983972,-0.33581890921493335,-0.052644949309106515,-0.4795904954203927,-0.2948899584210838
2097,1.4258128201461109,0.5654014045819804,-0.38900889431930374,0.862654455441605,0.2763717910791523,-1.2129776073813077,-0.5740867539635982
2098,-1.099140132757921,-1.24226812556088,0.19457037620394657,1.1241556333666496,1.0690316006431513,-0.49672271314686395,-0.6946842486140226
2099,-0.22485599356322064,0.9038174493081955,1.6676316082333218,-0.9092229782550769,-0.09130120230963122,0.6562648730159538,-0.23574746580431472
2100,-0.10585265913595997,-1.485929848717191,0.8130924486387753,-1.3803377878076648,1.042147907441469,0.003856566906813947,0.7015614335402792
2101,-1.8530765161651648,-0.8484739256046696,1.5142059244024118,0.0013914591295021452,0.8652786818845163,1.2707142449763094,-0.7370184250166307
2102,3.583058106150726,0.37199127609597665,0.378266003744667,0.4319217409908565,-0.48967654344672196,-0.48137775365216334,-0.08158917734908008
2103,-0.9994940113232543,-0.8576332130834813,0.05226982358839749,-1.4771582421597154,0.059830988684044836,-0.589389170884036,-0.7332841438110314
2104,-1.1466649203215111,1.4279098114075353,1.4543430531059893,0.6990427293162875,0.872747673188003,-0.6242575131529597,-0.8379837551930787
2105,-1.8338036089177303,1.3205149609518414,1.7305539477679424,-0.6066245615314999,1.3506580887187918,0.0136270894746979,-0.5415229000309397
2106,0.5148878734301012,-0.9704583324449539,0.28225868868582954,1.1647237001208326,0.5223803700630019,1.0257367466778862,0.31380547219943544
2107,-1.4873370600968134,0.6702981140426686,0.1366946175773807,0.4016177412105988,0.8667080110404005,1.5556262714884648,0.24517186730411442
2108,1.4510534685629068,0.002741432835128425,0.12160737767704453,-1.4574949587097348,0.5660315059163139,0.8831837214951215,-0.2832856986858098
2109,1.8916456639362087,1.1788921878800178,1.1005888909064796,-0.3135567259760277,0.5646961685656587,1.4714289662849527,0.3609511883143608
2110,-1.4292036456233022,0.46879679816934966,1.0997904839166013,1.2392251483750494,-1.2303957693456986,0.3929144210291396,-0.6332177352494537
2111,-1.0150415561032793,0.6467282426854779,0.15125028460572773,-1.274286588513982,1.3630761137317666,0.6071757997722976,0.029179514344762878
2112,3.5336612993922087,-1.3567189315680341,-0.34272462175695684,0.898911219311421,0.644817909904112,-0.0734282230887849,-0.16325823023785513
2113,-0.4818322462411911,0.7302806649762578,-0.5768956926362658,0.4725664911532766,-0.42020813850375194,1.1152500652740072,-0.19864120195544627
2114,1.6997905343261832,-1.3505692339081483,1.2117098221058122,-1.5956458086347551,-0.6036550907678748,-1.1016212232223332,-0.8471868652134278
2115,1.5839005974696583,-1.463755530928616,0.7093530792835185,-1.8241579823854175,-0.5987690805481869,-1.0465651189947291,-0.8125298060678717
2116,2.4742642143074822,1.442774816995609,0.24820290309539197,-1.166869046022333,-0.9091979183652457,0.6365202441554041,0.6504270798180454
2117,2.108354169441104,-1.1307571294674024,-0.30756702051519147,0.7078514533789867,0.4697276301626646,-0.3143560144473317,-0.5676008076931627
2118,-1.1937111294433829,-0.5247596268063344,-1.1827971796159888,1.0140135502404644,1.1432076605471642,0.6712491777256006,-0.23232468793993838
2119,3.653710121301336,-0.200272475335402,-0.45674946152012075,1.025363420874137,-0.6885138358463151,-0.5787287840744112,0.6145933761127221
2120,3.3711490125230412,1.3829034342896054,-0.9410893113829878,0.42944082309765363,-0.2549747054566061,0.341455640629053,0.2398549592372719
2121,-1.3697635485234436,0.4412552937491717,-0.3674586314268483,-0.5327806202409491,-1.7634787854453922,-0.14968626051886125,0.3549617544021299
2122,-0.8029612597187077,-0.6587077195560136,-0.8120113609639066,-1.050981167197944,-1.2241588885622925,0.5141516944832951,-0.33899126580963
2123,-1.350629172982019,-0.7070704174433601,-0.4680989091242809,1.2234949658740373,0.6762076322281468,-1.0173580995523048,0.9587485121899371
2124,-0.028818151528610714,-0.4444852202031986,0.07349045838509946,0.8521220435470832,-1.2949427524971027,1.2936599112965184,-0.2594374274815115
2125,-1.318401779722956,-0.40463448725986967,0.9979398410555839,0.3190766135241819,0.2255653618234751,1.6111655634123843,0.18739712891979574
2126,0.03500760474208024,0.5344373026474768,-0.9430792047891967,-0.10771571316360341,1.030895005216047,-0.4536978452416067,-0.5674163198261875
2127,-0.3347100310785705,1.436322615866653,-1.3649057997628122,0.37941676602859803,-0.009303645963684128,-1.357181727881495,-0.5790016850028493
2128,-2.461210212345115,-0.2467680831759215,1.3547873752434045,-1.046512999310237,0.2598859075522768,-0.19333941984007438,-0.3356372093649745
2129,-1.021565048079448,-0.896721505196896,-1.5356467718909015,0.20116231133759244,0.16958219959330847,0.022881400725886066,0.9707891819131246
2130,-1.457361604250999,0.4144951003448734,0.1676105973209096,0.5590361163304866,-1.5089775640780059,-0.9311924754104208,0.10986506506899436
2131,1.6514997769163524,-0.2222983369241234,0.9262721098473827,-0.44939583970844643,0.07227124839823637,0.5185001708617172,-0.13998325737941167
2132,-1.9582863449853645,-1.646576892421584,-0.8205306404159284,-0.29218063566320657,0.008974653180487461,1.1958409917795119,0.28109108483894163
2133,-1.5150627261170542,-1.3083142387773523,0.7684150186341245,0.4880688394541778,-0.5488509086226044,0.6588803197708293,0.5078189834464912
2134,2.0753335472854357,-0.2577209001321291,0.8878578954918082,-1.5373305108516537,-0.5825839423209146,-1.1889592507766085,0.11869130423637628
2135,2.4288355347005472,-1.11066433731023,0.06426207904208102,-0.5663566868100542,-0.909495338033178,0.7324868202400687,0.8927990640685941
2136,2.379319178198963,0.5525194399992845,-0.48824619382101675,1.01132796738518,-0.6881571415202655,-0.6439086949207594,0.06257493056042282
2137,-0.8118914104519861,1.6554388631269428,-0.6780879644453487,-1.324116897715073,-0.05209465901724893,0.7171351882220088,-0.5360606692164549
2138,2.668547733258301,-1.5265548454681397,0.03407506763138264,-1.2739744203534062,0.19737580785128245,0.24554744754874316,0.02494125606513182
2139,-1.5666426294659663,0.8448157602254097,-1.3719389608812973,-0.5979064228844856,-0.211043615534798,0.39062200413011505,0.9394445286533486
2140,-0.8793160626133463,0.8018529127859773,-0.6182344631527608,-0.5858604059556708,-0.3062935505868997,-1.3396014198864072,0.27761128883823816
2141,-2.5017754355558086,0.6677931668317302,1.2964561628561069,-0.3651109741629647,0.0331002215808242,-0.13272312781138756,0.18394876861286472
2142,-1.2236709026893084,1.0583236816387942,0.2749183708289682,0.6567402058648066,-1.179101907854494,-1.31375991115753,-0.5150357037286684
2143,-1.3951888557791403,0.7937361944876039,-1.2767899544289167,-0.35074833755877993,0.8545538689411845,0.5599325966521048,-0.12261047315807584
2144,-2.450910781133732,1.4715659400244059,-0.14515110327272948,0.31158261355606803,-1.688539062739792,-0.08639360743651982,0.07090140557318104
2145,-0.711206186820419,0.1821368967888104,1.4785349147192792,0.8488091026907038,-1.3978711021003931,-0.1700739973944496,-0.8485690791778462
2146,0.5498665869374265,-0.506618482755998,-2.212825000986255,0.38625599601226246,0.6879698770229914,-0.21543396517975452,0.12075187609760289
2147,2.19457721703189,1.797890315307537,-0.2536277129149278,-0.3283867638118304,0.23362199019956995,0.23703492215833358,-0.29571177680498417
2148,-1.831147520071867,0.3780661040249781,0.7286634300255438,0.35642012281219343,-0.7189296850895809,0.30601780156289465,-0.5760655444665101
2149,1.8048172729886829,0.6949302315526643,0.3652686157227278,-0.013768849171189639,0.11100818700308689,0.9363544711887273,0.045299163716854274
2150,-0.9984349287884124,1.0396543355780477,-1.5043738777121707,1.1433242109137927,-0.03054851114897386,0.35995611769877334,0.18156051506147286
2151,-2.0650155833356436,0.5283723126632881,0.09091327618082554,0.2797494322518586,0.3278474849801358,-0.8945386173818586,0.18803766153686527
2152,2.217275618323787,0.8276049684221015,1.1750922115762967,-0.7136619472790153,0.40172036314912374,0.30457970963134273,-0.2592307610977911
2153,1.6002246902808919,0.448012341933965,-0.13300250413364834,0.05605203369968315,-1.2618669174430834,-0.016142307412134762,0.7166869583348672
2154,-1.44891807204835,-0.7963480704775234,-0.5346749593333793,0.14390623324264337,-0.15015306071857637,-0.8353721756761644,0.28846349561028845
2155,1.4293274738555408,-1.350877273754411,-0.4702923315528323,0.16999564469550157,0.4780993600690345,1.0759931907089162,-0.017518669425434008
2156,-1.4462533148427423,-1.7730428368596267,1.258411397849207,0.10008309395951212,1.195830573978022,-0.9652464113661956,-0.493162484289828
2157,-0.3247211063895264,-0.6075386379001032,-1.833759735815314,0.8836695286882617,0.11489657575159898,-1.0226894875816588,0.20292278692237964
2158,-0.866180497122218,-0.9854335022658463,1.412325850390175,0.7472050607374418,-0.9726529083908617,0.4836422679432935,0.2755665058212034
2159,-1.5717387786844612,1.0587860232286117,-2.0477485569687706,-0.08182330934125355,0.21366544570068952,-0.1621553943779109,-0.005920305157613633
2160,0.8607056921778269,0.15646960032304147,-1.3123287687581167,0.3525534672158709,0.1673635763944312,-0.24705366081246757,-0.40099133726577835
2161,-1.6175205704092654,-1.614379948528527,-0.8908979491020446,-0.7499572817396212,-0.6847596130747061,-1.1723148802676389,0.3205217019332493
2162,-1.258677595246572,-1.0448145600884058,1.310801353959097,0.5754087878520538,-1.9277777736225366,-0.32351175609285937,-0.24753601060655614
2163,-0.9058720887632186,-0.06755427739913374,-0.8955681390093894,1.3542285864938806,-0.624131324778404,1.0468823426812355,0.12415690753071694
2164,0.008495396051332421,-1.2245381830817923,1.1560268078477003,-1.2991141477691521,0.5097949975119846,1.0820917722531385,0.31240215321020626
2165,2.5922512474912587,1.7248969995547119,0.19153731176177421,-0.4239543225291377,-0.1289214476040345,0.508636801139544,0.8307018123247154
2166,2.3772372341460484,-1.2156001131668115,0.6216152879906521,-1.6340631845288196,0.8663770679608296,0.3742747074814019,0.768602992919964
2167,-0.8923570720839583,0.34910241769970485,-0.30060861690137614,-1.4292310254571106,-1.245552660913963,-1.4714248926627727,0.4627034511505433
2168,-0.6264400884436471,1.1766941891260525,0.7963594209785743,1.0084178268392185,-1.4377294175361688,-0.3285095374765807,0.5039919307733186
2169,-1.5226290656277695,-1.41458915329702,0.790389874307781,0.11773750421893137,0.9620643128304788,-1.0180878982160995,0.566427180107393
2170,-1.1811135017475178,-0.9213360992563179,1.2461452644954896,0.0198364453569415,0.8384648894384712,0.40446025590058693,-1.0163477236755796
2171,-2.7952992693238987,1.2012261087281053,0.25060790907119096,-0.48465419672518734,0.5424576750242414,-1.0799987077394493,0.29227816214757624
2172,-0.10704476632788665,0.4262225847422174,-1.7878562550280885,1.3173115749491469,0.6329423662551812,-0.8638714674432172,0.6220268296262313
2173,-0.6579083335647692,-0.3230349195141356,0.18332921326007826,-1.4348252708107574,-0.3000411488611117,-1.0425661549446985,-0.2194521156426681
2174,0.028495200570582073,-0.25897263705409024,-1.888809621565527,1.231662522636651,-0.6548435921147038,0.07862377587977072,0.6511170638597844
2175,-1.8321300394751479,-0.2331349958957973,-0.4464370710334031,-0.39914354578202216,0.015906411092687048,0.1562987979097592,-0.8166290283728602
2176,2.5979334688056643,1.1311947695106195,0.6219924956785151,0.06681839258066948,1.049508972470033,-0.2300407980729423,0.7313056781582055
2177,-2.68613980579919,0.37450221267092726,-0.5498961178945343,1.1619396487096871,0.16783045620370207,0.9603122447334203,-0.21943493770362693
2178,2.3686967412168123,-0.2977956025850918,-0.06776787509897737,0.19616101202939856,0.6090233744153208,0.6395557172587978,0.4597259931330461
2179,-1.068524859345731,0.36797193628895297,-0.8836890816623899,1.2425236735308378,0.970893997202098,-0.7918927609244961,0.21336477248627014
2180,1.5835579224773229,-0.2544959852905184,-0.2767211261398694,-0.35448989191049873,0.6718946863931338,-1.3076905436002362,0.2212577860063351
2181,0.028723657068311047,-0.762903756373892,-1.5925269842074956,-0.9325039908062198,-0.20125115090057555,-1.2814513349166878,0.46665154148670546
2182,2.0520956336734755,-1.166904292263403,-1.022921120563775,0.22543506504838018,0.09316588763068152,-0.03825085955953756,-0.02725419640487679
2183,-1.4994309867169837,1.1585057411463096,-1.049265024310313,1.4832967372012973,0.7582210523898824,-1.2777141326206034,0.05337576898117522
2184,-0.5881670394753937,0.5182106163324948,0.37017820104466526,0.5787290330283862,-1.592390116107312,-0.35681435052278837,0.25017937852101857
2185,-0.04600721745715792,1.2099126446056074,-1.6479644697577753,-0.07221381637000532,0.1740335984640902,-0.05639867863353841,0.4471132907621634
2186,-0.8953707926809071,-0.6486703772002615,-0.4019137874080105,1.047473863503003,-1.4258890839053318,-1.2276395043084576,-0.21172506307505848
2187,2.537750765468171,1.2981870813455638,-0.714540408383013,-0.7669937877535968,-0.44190749066715435,1.1460317257287265,-0.006665145573525353
2188,-0.9489519236321712,1.0117728351635187,-0.32623745020205375,-0.5405461125069544,-0.5868103638122258,0.27108354897946074,-0.7658599101124012
2189,-0.8405109045369309,0.3873263085669698,-1.9101718193191166,-0.23703884469945544,0.6271423609003186,0.15621945947554455,-0.1216706628694432
2190,-0.6041160860014805,-0.18084332748673856,1.312732069641234,0.8981627380896248,0.9404490062922396,0.15474151204108413,0.0754520793271574
2191,-0.9792470622414244,-0.24467938291456082,-1.9431211957952572,0.2997745116502693,-0.3883091327858002,0.5693506691603607,-0.3284824272334764
2192,1.7263862539884864,0.4638311406476372,0.18391798924870378,0.3211203194326925,-1.3388726510345859,-0.2827003818596369,-0.38803513982653
2193,-1.8807717843808058,-1.3847700244390708,0.9776756249920158,1.6137436782788277,0.5446943474187507,-0.585556761936087,-0.09713656581970878
2194,2.7224559637785988,-0.1995969872105138,0.8870138482131859,1.220761202839602,-0.6504062942092828,0.22657994035960924,-0.043161408575883714
2195,-1.9640122814807246,0.38633930917509374,-1.140384915381865,0.34965632728058554,0.38328551880700557,-0.7589892989946033,-0.23982917433244588
2196,-1.5930475408063605,-1.4416871271791176,-0.07603490920097422,-1.1642723021283385,0.6058787774677893,1.1909525419300087,-0.04170949430480143
2197,2.5769537309056405,0.28597634261927024,-0.6289571405260634,1.4020628320957522,-0.19573692325997,0.7754557301981074,-0.07274602735573077
2198,-1.6105599250600842,0.02509793184535343,0.49102579233006605,0.12865336379407427,0.8360891411842448,0.3339799993086725,0.7944848701756702
2199,-3.2070228340549645,-0.9974323182207675,0.8343858565769304,-0.43070503465574306,-0.46341578092611946,0.10607063825970729,0.4382991319885732
2200,2.373849859274407,1.2455864853370608,-0.1382478100468645,0.33618484040061153,1.036537776493432,-0.5864618407490257,0.5695315106365846
2201,2.3164810510631133,-0.39526385120546276,0.4808856991120363,0.31914636224795473,0.6976573380823986,-0.7291040656043772,-0.40281696895582747
2202,-1.897830346917192,-0.7525805592381962,-1.2152999061496,-0.611640471000821,0.18699511645581246,-0.9238210059323717,-0.28242793425742907
2203,2.3337845879453254,-1.2434697865976048,-0.6962548789638608,0.14579058627216757,-0.4698420927446314,1.2010057794659739,-0.06006586946713498
2204,-1.826395987984497,0.05186842052397958,-0.7836999692964984,-1.213717182548835,-1.3307849316798988,0.7490362045399191,-0.877425806995361
2205,-1.7351799941627712,0.002116728318235702,0.5581262493907573,-0.5941524898537821,0.16488428774320452,1.614992116931169,0.21148509898694734
2206,-1.6899307203417253,0.08823495821127189,1.0753555360658371,0.40667943285365404,-1.0489051881503502,-0.6118223967594759,-0.38699888410481603
2207,2.7046612388155093,-1.2043091470908627,0.5066844942592632,-0.5979119558764078,-0.5103028745845216,0.3557150464179695,0.32404235893176636
2208,-0.2001533668500486,0.003484624833612489,0.38185179525239954,0.8649654709970762,-0.8082254469859054,-1.26968370081093,0.0372656517976909
2209,0.9914244967583854,1.2477556601795305,0.8897477157549049,-1.2342155287082728,-0.4863531878416072,-0.1317512272910003,-0.4125825108594438
2210,2.27275892684034,-1.1135398138211845,-0.3325130123752097,-0.02871356000863429,-0.7847142091784964,-0.7383695680496086,-0.2579477129996493
2211,-0.6972185236948892,-0.704750191904103,-1.7962762524181808,-0.6887223429174018,0.7674334915461783,-0.0988604944800935,0.2956112086589669
2212,1.8887140430901381,1.1084887436053552,0.41469718383533427,-1.1287739606635925,0.7219913835151304,0.46050473235871275,0.07607832411262172
2213,0.3333649585104742,1.257070714748254,-1.2805525112717564,0.6703579671847755,0.2143841991806136,0.14523002961263945,0.07698507715430492
2214,2.6364832106036515,1.1303388920813824,0.21037032468469982,0.0546267113596691,-0.07264295011981876,-0.4217276500667593,0.40689084797054925
2215,-1.820735283946501,-0.09964961111726475,-0.7751119523582539,-0.7724615806990591,1.4563445074069707,-0.1541379271192688,-0.9486219595521517
2216,2.1314017705255104,-0.2630785468682996,0.986905297016522,-0.8331841307445683,-0.06163453595263055,0.08720600450085798,1.3514812430780248
2217,3.0524876751154615,0.3747000744775514,-0.3976204401713026,-2.115916933587845,0.12295455957926471,0.017340215128329763,0.44602917004680115
2218,2.7350938815607644,-1.0971130797673734,-0.8459935208735724,0.8047398131718245,-0.40491756386543665,0.7307163755797167,0.3174467118543377
2219,2.684214915071562,-1.3218611647239586,-0.734659823860168,0.17062654835366994,-0.3270755930932265,-0.8065776695770616,-0.8359676700828359
2220,-0.5907668880367717,-0.9249801163783136,1.0133947156407026,0.7621748371771269,-1.4571975039169007,-0.8989121702602466,-0.544121823134351
2221,-2.3379686932272605,1.127376901719306,-0.6281558063422449,-0.9938290965445187,0.4016077859329287,-1.5011011898738602,0.13750972427614752
2222,1.4164476065074576,-1.651835083916247,1.0435350130699783,-1.2184547227566318,0.8822027419494559,0.18973445734527794,-0.48293209425191874
2223,1.9601836610539525,-1.2986588542836714,0.7151641767771973,1.0607206177492805,-0.0945723789094941,-0.16143724204356882,-0.8000370393545009
2224,-1.1508102383064522,0.47138535363988665,-0.7914077621871632,-1.0682233915331665,-0.6976024942398941,-1.150960772035798,-0.7722960963145791
2225,2.8186150280743836,1.5181528812469067,0.8707678935183143,0.8986497316742227,0.46146560015837806,-0.6743046376644584,0.8962335432909182
2226,2.3432573984243144,-0.7235897910645699,-0.5010925112389666,0.3442027868865039,0.27338697320220484,0.10094739685850332,-0.9024294777098949
2227,-0.4702201884943755,1.600729970080464,1.6016254123911589,-0.34438987692826606,0.14579895379127517,-0.06226324155790505,-0.473626200258883
2228,2.7617643650155896,0.9992798253924865,-0.39296599542101746,0.7998911420970723,-1.0596414998606976,-0.22667771887707075,0.7083342220616735
2229,-0.11751308251973279,0.46565014055169796,-1.2544065638078048,0.07835583282779271,-0.46141804709234957,0.8557047957951879,0.26708171808155967
2230,-2.388943727813856,-1.4236193035040152,0.7079921530724476,-0.7519139946062171,0.807300092708395,-0.2607179849852408,-0.39364761856965846
2231,2.5936950595649115,1.0245874530888155,0.4117656248029237,1.0608837529944177,-0.8801159208293258,0.5495508477205524,0.0035234673773304687
2232,-0.6978640424245872,-0.5369941805109204,1.4486017922683532,1.0226629165442145,0.9850258529776619,-0.573632503702546,-0.08597705494976272
2233,2.740013426106756,1.1767921639535641,0.965502706059705,1.5483201278119207,-0.07582561984797183,-0.7644373168549172,0.35954504691987166
2234,2.1921135696038334,-0.9081330386076089,-0.6795070860933978,-1.5713958721233774,-0.3436085705067022,0.6265755410421936,0.9241282401884778
2235,0.6499252785208083,-0.11521083883560178,0.9491803475713437,1.1573682734079331,0.4666006888947731,-0.31272578844762,-0.24413847727222884
2236,2.7709564299788076,-0.4809570852152689,-0.6658322822990309,0.3993803110712727,0.8682533302395907,-0.06599600258063196,0.13886108572311728
2237,1.6585762179738945,0.3731289349669147,-0.417839856345663,-1.2953081679206997,0.2192626359543727,0.28562122123333405,0.08476825957745181
2238,2.411143441647745,-0.8602711158062437,-0.6620777781658611,0.5694195415069667,-0.9546254973223927,0.261477464539493,1.0513423472966617
2239,0.5394807268667021,0.9689483319150877,0.07201692409088516,0.15771829980344412,1.3539099650287816,0.16022058059175953,-0.008544653778448935
2240,1.9013619436445228,1.391157865222835,0.8377141480937697,0.6961353951456344,-0.354320686081489,0.6495609024819525,0.4195010764183654
2241,1.5132968605950574,0.583432061527022,0.9452409778164865,-1.55361188042876,-0.0643982495187657,0.551530632233565,-0.4399422653660815
2242,3.3954114469638403,-0.3577000916628122,-0.42218094163477016,-0.4726625115727535,-0.3066104499762571,-0.1771312713003471,-0.016216089505894815
2243,2.065182393085732,-0.004381431652446039,-0.8806953644209083,0.6604597759607893,0.3542273899886574,0.39976037268477854,-0.42345185214902525
2244,2.4571488043514904,1.6412477011643487,0.3803223024371741,0.40108417366712196,0.8791835682853673,-0.15622441285178773,-0.3035508855307199
2245,-2.719441435601888,0.25797401611305104,1.3485066437145543,1.3823148936908594,-0.3245742013468875,-0.11003246693321302,0.28986918299604186
2246,2.1842509836886372,0.689903449891798,0.971341453495384,-0.32560667831376017,0.32959530907823836,1.1711109213003679,0.2734642715280221
2247,-0.5223535747015082,1.3347552685966306,1.6148759017971317,0.2076085017497274,-0.8933725329055797,0.5686952387961881,-1.079185926948121
2248,-2.1621504266820697,1.362868310481659,-0.28847559534101697,-0.7719026750905031,0.8038017429010333,1.781632708361794,0.19592859571856405
2249,-0.21749376228908823,1.2813900276380137,0.22987138885899075,0.043612730613215425,-1.1148899684665117,-0.34757035072041353,0.20923161863312031
2250,-2.2363477440034734,1.566126459943846,0.7771975404636015,-0.2262447357876733,-0.9986108819711118,0.09323468092330844,0.390419337920085
2251,-2.523506817027511,-0.25891241579529145,1.1309310607365985,0.27293842256951467,0.18972880527711392,-0.4227873532188599,-0.033972252191844715
2252,-1.8682182420268074,1.1621348682990822,1.1653412298726993,-0.7395616060987867,1.0532681077739856,0.015302167594228918,0.4278390034420037
2253,2.7634349743139133,-0.6006555253429037,0.8758793422648916,-0.6012696185071981,1.1837502143970862,0.687178811305538,0.3917029891780885
2254,1.4439378679674808,1.019435269493189,0.10772685274297508,-0.9728781630700556,0.25973573590259413,0.8014112541916268,1.099515732263314
2255,-0.6047591692669927,-0.9103724617394953,-0.720260274226579,0.4998773645850795,0.47718413653415914,0.607789174094023,0.2154946561701859
2256,3.3332959322434124,-1.641364350013923,0.5722839526226952,-0.1482888544204857,-0.19254809251662697,0.03877091530627332,-0.013161894203002065
2257,-1.182977812145098,1.4933048437740923,0.11581846386442934,-0.2447988063707049,0.9367453429558258,-0.832521016907542,-0.076949407454873
2258,-0.5780331427409662,1.2370575486722453,-1.6543015898726388,-0.7048869574636739,-0.15488347926149143,-1.1192554911096928,-0.15579412502349416
2259,-2.3708850796578833,1.5003546997384272,-0.22178439844441605,-0.436117012416287,-0.054900731054044555,0.3656160939331212,1.0000413671900144
2260,0.919379124659724,-0.021605438880741627,-0.4308742855239787,-0.8592667821708222,0.6462890827806906,-0.6724331372567274,-0.35645916425312396
2261,-1.6326867031826213,0.07808773685462446,-0.6773725346933113,0.9406516839007025,-1.4681887401577858,-0.6653620610195861,0.20610567786900094
2262,-0.5565599748744299,0.4689195326012457,0.360141413130086,1.4350223387493413,1.2374184870999065,-0.30819803202513996,0.014432297487965803
2263,2.289951284728903,-0.6567812372491849,-1.0889670114028767,0.6205433974033232,0.739968237034018,0.1960438901544546,-0.04660251134629745
2264,-1.8604945782636773,1.474713851543283,1.8293580186824392,-0.0901429934105784,0.3265925464632628,-0.11563013442674268,0.7230936732878261
2265,2.143180844323474,1.44309090404645,1.3252550835722396,-0.7617786812107534,-0.7375070861479534,-0.49122795336400465,-0.5138132201759643
2266,-1.9107023835395158,-1.9418366027704463,1.1120323167490087,1.6349927274137537,-0.15617061089087003,0.5897630296567427,-0.334168926964257
2267,1.6835702594457107,-1.7484167350530797,0.6975611491595332,-0.40950838280998947,-0.17906347284398524,-0.3275313343141469,0.5651338361350488
2268,-2.547913346711204,-1.2702967707337822,0.44977893608145125,-0.8377159639627162,-0.9303150661892433,-0.36011162844674915,-0.08640670124820851
2269,-1.8602336192021924,0.33340589415755345,0.8943048284139143,1.7476610560634462,0.4161194540713693,-0.7688267570096735,0.49057266696125346
2270,1.7314209521334045,-1.3433216010486255,-0.3091130559384185,0.5625525638408079,0.37614503538861827,0.2552383557106497,-0.9125274335429758
2271,-2.3702583181444292,0.6289046944262751,-0.5430532055821776,1.2449893250009907,-0.38999381824954726,-0.34142833000049866,0.15178076168367624
2272,-1.379981784448836,1.3836689410756753,-0.353049212891838,1.159390732382631,-1.8782929164680442,0.008278739628846855,-0.020611031370678264
2273,-1.7357250888164053,0.6997471855310645,-0.7160260760911829,-0.30375219270332077,0.6280178652232392,-1.0526718880818193,-0.15373647768573495
2274,-2.63494473321328,0.2424070485374584,0.001473009041776774,-0.09453547407202058,0.21248116198146053,1.1352192295261005,-0.3878928291050793
2275,-0.09107387628977563,0.12552918683824393,0.5494184415784648,-0.45770057803863384,0.053177366729531286,-0.5322104563882866,-1.3555335544949563
2276,-2.217947892898895,0.14819049119831448,-0.06073292230800209,0.4581679339745178,0.5764146954755112,-0.424018649684266,-0.35435077577694746
2277,-1.159835243239608,-1.8525044911380701,1.339380754354667,0.720682730850898,-1.395409798205676,0.05450931521393674,-0.48392895287067833
2278,2.028349683456431,0.12167075950360759,0.21292929375271494,-0.9501583579211169,-0.04735736560746502,0.6827242632510909,-0.3865050951392176
2279,3.7095389281344713,1.577805552680958,0.9802742014762966,1.1324016634064331,0.244433233082269,-0.31084875049365424,-0.263343335910149
2280,2.4505782382758934,1.4883099541852465,-0.45170882911917154,-1.6205958136936192,0.1852142765990244,0.8589611345956863,0.2500822676839431
2281,-1.8840512401298692,-1.0767581768383194,-0.06397658683232753,1.6434826907495417,0.41094581596070745,-0.3743634299989746,-0.2098745692408318
2282,-1.3229875449124173,-0.29993579902563955,-0.3328982586079619,-0.8150222002488474,-0.020446609056323443,0.008724599010326291,-0.8821561895444829
2283,2.355818243200911,-0.9978634769017449,-0.47324152203389613,1.0999726469548776,0.3956555355427368,-0.36238460917061055,-0.2776633650880162
2284,-1.2016948399384813,0.8051336997815485,-0.3836502014737629,-0.1528150629493062,0.7387004827638673,-0.6211515609984029,-0.19042935179762494
2285,-1.6821119004204093,-0.9057923278165806,0.2599416214936008,1.2230118820154108,-1.1040690592206417,0.09541673699005823,-0.3127510280614967
2286,1.952449996033521,0.17213139199637717,-0.5948364693953224,-1.6579120376899799,-0.19934027415971572,0.8985160550703117,1.0118731002773826
2287,2.747495559595517,0.6951956923461423,0.3699193902070812,1.2306408033424536,0.12727653711594714,-0.09106604727709844,0.5556066173077999
2288,2.056190566694693,0.06596655357650054,0.5491585282916799,1.4931398296982676,-0.6257456868246624,-0.41156396342867485,-0.39799286042957005
2289,-2.396419042818707,1.3140929174341365,0.8079989147315082,0.005336937507375288,-0.6297591763475322,-0.07449239730429204,0.8402737271976771
2290,-1.6046745029898986,-1.8691492270335974,0.9547777868095179,1.5046493602824538,-0.2933077168655551,0.27735604871259245,1.1254869686955338
2291,-1.0017782438122893,0.16092994242873496,0.007379108841264725,-1.0810992339218808,-1.0266100826069484,0.23740472508753638,0.042310086818267215
2292,2.5840931586621974,-1.0773330916826063,-0.43648922103992804,-0.6141756110686823,-0.1682230264400879,-0.36647462988057905,-0.147792527217512
2293,3.3508719668062867,-0.005992010535107593,0.0915067033339688,0.8516980029293482,-0.04322898396348981,-0.7578211896616772,0.296376020089815
2294,0.35245042065952625,0.6780714893616447,-0.2508571376861219,-1.1877429998032565,0.3557408591693982,0.5335842720791438,0.13519156548388095
2295,3.0666816770153806,-1.2323391489081534,0.25173873617296244,0.8736989446526995,-0.006421810756830791,0.8849928633377723,0.37517188333692036
2296,1.1403971350242472,-1.0783381579766151,-0.7566424451416823,0.25950107521563653,-0.07430776571782818,-0.4200847594215307,-0.4502506408843369
2297,-1.8387716677691854,-0.6736042059192464,-0.20852901901190973,0.03001390994503466,0.1953719614393093,-0.08446019993468915,0.9576634989444174
2298,0.6342873744719753,0.21824361318029772,1.4486944812082339,-0.9266906527009423,0.22943382362864853,0.3160049174384641,-0.6115153213897995
2299,-1.047815443099479,-0.5879558879146448,0.9925544734433704,0.6447408709410218,1.032575566553321,0.11144906834722716,-0.2725299052348836
2300,-0.5266176010087685,-0.26881264255115317,1.1227247046827133,-1.30991862803787,1.5661054200754114,-0.0038786491699471137,-0.15097402431031243
2301,-1.538071304261288,-0.5900566814266929,0.4976787919798096,-1.1491991474807888,0.7040146551464892,-1.4969673267419157,1.0162981689579056
2302,-1.2610346733911904,0.8631233721190013,-0.019296394070762172,-0.11282237848365817,0.10068322748310568,-0.1324487547510739,0.4291723014388315
2303,-2.2758132579273402,-1.2532540918727721,-0.21900520014909927,0.13624249353275608,0.22951917852548814,0.6134536826016911,1.0003543646902324
2304,2.0986404023583733,1.3147785457889978,0.5582302866178183,-0.3471486818415378,-0.19227180596246862,-0.920171493068153,0.018898975294960166
2305,1.6011496085156174,0.7404795673406371,-0.48942534608096744,-0.7860572323330189,0.12243364415979019,0.24576282673727123,1.2755685510183907
2306,-0.5524229175725488,-1.1819492343221194,-1.5309155876025577,-0.11306502697982149,1.0074966813372366,0.2948781901149892,0.07849715431697885
2307,-1.4019862022814755,0.6073835979692874,-0.8291921476805773,0.8178505208408595,-0.5761818219364514,0.8321519484219139,-1.038701819268296
2308,-2.7128335686900438,0.30331765337961963,-0.7608006328769329,-1.1169121335321943,0.9687887329046464,-0.1958229801448476,-0.022295878342323563
2309,-0.6933446628165387,-0.5381011861084192,-0.21043717511997773,-0.6352349073999116,-1.0100603063968554,0.03051297082585655,0.30182630820108236
2310,-0.716847648099838,0.4779343333958806,1.3432535917551816,-1.436119221099516,-0.8832323965754008,-1.299657468092309,-0.22015468722061132
2311,1.9663413249059787,-0.34197291134105884,0.04418163348610533,-0.031108246890050095,0.20367476781650082,-0.6721181389303184,-0.86240494892718
2312,-2.4117597045712573,0.6790943731639556,-0.36976741877257224,-1.147339692525079,0.3776429699515227,-0.2747774968585179,0.36801348413843166
2313,3.2686418996167363,0.846426317466161,-0.5166813467242677,0.2668279794886215,-0.3957371259040088,-1.1353322784633122,0.9694864153394985
2314,2.2244393846933144,1.2230564492017293,1.2086733958475557,-0.9301277833664869,0.48166866554915716,-0.7185560889652244,0.09988490943937532
2315,-1.966716913781114,1.5402580667323702,1.369538788345826,-0.04459086222668116,0.21086881448263228,0.9509227831664182,-0.5999484763301901
2316,-1.3815764964848871,-0.8353339969547079,-1.0485381127534257,-1.424837498200332,-0.7615892103658938,-1.2411179952781342,-0.7282051469296603
2317,-1.801587146646134,-0.5378813982981878,-1.0981462022041797,0.06495907789944977,0.18350931832483247,1.552369369003609,0.5572293852436763
2318,2.4688620526890905,-1.1267578855555236,0.6617509784569772,0.25765334896825326,0.8351170641473145,0.9510491143520393,-0.01815143999784126
2319,-0.578185547356672,1.3347686506017655,-1.0768002809972046,-0.6213178022379173,0.2856438159663758,1.1300450894662768,0.3950152822442555
2320,-1.1328209976090013,1.1817452979420262,0.19608719140920475,0.12384910987541681,-0.7534086168235419,-1.0377594809585584,-0.26629517788976864
2321,-1.0756371948791639,0.7416471611471643,-0.016943598418253058,0.37236413272029617,0.07969431964102137,0.06516901441702773,0.3079553214870051
2322,-0.8839662971314037,1.3238565931828004,-1.9402589146003972,-0.39469298632576866,0.09959430455807022,0.5647511735781932,0.17483517356914915
2323,1.9978639128484952,-0.9587745670842307,-0.44604191700710116,-1.1111415387190167,0.41947192336444744,-1.1557586370349235,1.0074758760596498
2324,1.0411448503688447,-1.3929962707004653,0.5868813455296681,1.1674068593525209,0.6347784592191922,0.3955936388162859,-0.597830577873963
2325,-0.9502510463598988,-0.3346676991728061,-0.3271139612847486,0.7893538960325298,0.5835717938352878,0.6326572448853695,-0.8094654880664408
2326,2.095871864360631,-1.2508615299915657,-0.6241912858777731,0.9624641576084862,-0.12391827828917748,0.7095836995389464,0.3876556805776331
2327,1.7904618420058052,-0.42372560299104967,-0.21377404686915535,-0.6853802230018041,-0.18917796179952884,-0.5464346591165521,-1.00082528408885
2328,-1.6403091359910515,-0.6301920900371168,-1.2597621501191225,0.3277328821431256,0.10154607262341271,1.5083664622073345,0.5511516132384389
2329,-0.8335693480447124,-0.6804742108654295,1.1814399174404153,-0.2736504740619827,0.9087925226511102,-0.03575061555644232,-0.46876110555177325
2330,0.12151627977926803,-0.46817247850581417,1.0468141659887995,-0.04580707991657029,-0.17577365696907069,-0.6044546351783814,0.09453623905089678
2331,-1.186750951854751,1.1587270799830447,1.3706455780478544,-0.8970618613715241,0.6069182429725284,-0.6966394373621687,-0.3151705265136317
2332,-0.9132695027141261,-0.5926305251813424,-0.9780850375153165,1.084391713082066,-0.26326329142682114,0.28054615795386795,-0.2933383431693963
2333,-0.737988671493981,-0.872920654283082,-2.1929854921980523,0.4984986057145549,-0.01323744322938399,1.1980802065305696,-0.30170962804352874
2334,2.3969993779908623,-1.6788480948037943,0.8172156006558653,-0.2842962661616832,0.3206826953030317,-1.050233291261031,0.8501168085075225
2335,-0.2010658356981197,-0.116865207803191,-1.2520114736683974,1.2009846496530596,0.5687310960465332,0.7098323426175968,-0.48334925218601826
2336,-1.0172422447154252,-0.42374538204633355,0.901669475447928,0.8148069574104687,-0.5825913219658039,-0.856427258842221,-0.2574866898844342
2337,0.020115371196793096,-0.4048883980465129,-0.5067396351881008,-0.2501462556916449,-0.3257650426251278,-0.7079233430205956,-0.22948685419460196
2338,-1.8187541983887503,0.13052830994929218,-0.8707472595499762,1.6911557366757708,0.355402055353749,-1.1783048757050119,0.5965551929440813
2339,1.8818264716700703,1.30001465797827,1.1080599623570653,0.6371953259949181,0.1324926769086685,0.7249644572339136,0.02257968513586094
2340,-2.1034533306638283,-1.358549958631119,0.4861259126122342,-0.2780161739278233,0.8338406386034578,1.0936776498988363,-0.3046313526960102
2341,1.1786731090453362,-0.05665485755745783,-0.7771993098695866,0.09356296733686552,-0.021859479790684293,0.198546959088263,0.13848532821273998
2342,1.3738666331601432,1.6643436185517062,-0.3317547980755268,0.9532362225134317,-0.1414183143468896,-0.7567485798228742,-0.22224473331124134
2343,-0.9988845131396789,1.375294875797541,0.1482961847641558,-0.43476051699286006,-0.01023677232658632,0.4212889329707211,0.7946468318256547
2344,-0.35130777267149743,-1.240980501558509,0.9630186362821744,1.362706618146755,1.2944799967159566,-0.13894949806807952,-1.0119085041933586
2345,2.380598545209795,-0.09041826361657858,0.2192103360876299,0.7803399570238456,-0.047045400936319585,0.530238565174479,-0.10790985542327935
2346,-0.6436304476716378,0.5583183424226673,1.042124497549345,0.83950518485648,0.9459585739931071,0.5266299988537244,-0.6733659624277076
2347,0.6403700611957507,0.9320536317531897,-0.0400378218120315,-0.6679506904706991,-0.2221033148706534,-0.3265051441800732,-0.07126265608954126
2348,2.8210237180235262,0.3962292699674577,0.7010837428518399,1.0704010717233805,0.6809060599869118,0.14647460759697054,-0.35206180191163133
2349,-1.6511816982921481,-0.07669106166839793,-0.4544454646985729,-0.5102530967816958,0.7638243079979801,-0.8405240276079411,-0.21101333542534792
2350,0.21251700239246252,0.4161586260165391,-0.0741516628402084,1.117857943475612,0.5032203032072453,0.13297187566709442,-0.3026777294761643
2351,-1.605504524687387,-0.7894588181561483,-0.5772506975516968,-1.1689181685308563,-1.4015366276736818,-0.028517521478078768,0.32193667495801803
2352,-1.537287075387319,-1.5264034957655426,-0.30878514540405594,1.2141229300121623,-1.4484509321264136,-0.21034493813091043,0.14814237304929126
2353,1.1614481651307886,-0.24897272372349238,1.0171353472898663,-0.19523983638728137,0.19223571495807434,0.19625226394552578,0.42728911636249445
2354,3.3100858347092292,0.15121825275016976,0.5613099367623539,-0.12205526761909805,1.4003093431112539,0.19124751777428714,0.4092661248389614
2355,-2.4408014073716426,-0.38692861911474236,-0.2699588253161576,0.4013144289777053,0.43128298771670665,0.7766978898706997,-0.11449244213814115
2356,-1.9400988350060766,0.2725356771797918,-0.2633144727061031,0.20514498114005028,0.8444416625358053,-0.4849881506558265,0.3126665701873335
2357,1.8551574385691272,-0.8834722399208785,-0.1878690369865595,-1.6364000740864166,0.8931544103056782,0.40078381596507473,0.8008698054191149
2358,0.5924098778261933,1.2970080047545731,1.4877742397152747,1.0799010161507165,-0.15461245172465868,-0.6498530263758867,-0.573777261489475
2359,1.5730761931945134,-1.5482482642308528,-0.4294606892586795,-1.7217218132596261,0.5007268947970354,0.04841649229110746,-0.5603936203827938
2360,-1.8388398295617994,-1.1293649652346882,-1.3301994148675464,0.08202426571064049,0.3219591807863474,0.17171214498416115,0.8778939395040912
2361,2.0119544003857603,1.3564131453759227,0.8809669928507354,-1.622385079336081,0.5409542312476948,-0.7417893933842463,-0.2960644436739638
2362,1.5501186616756772,0.42956331561361694,1.300653992082815,-1.2650243669383687,-0.2645159749750645,0.3403257964655517,-0.8423428689044294
2363,-0.45248514510605653,0.9708802074523641,-0.8037093175897889,-0.07594962731054841,-0.9189948281720718,-0.3181618890592898,-1.1194061857791784
2364,2.3392979121517024,-1.694529802326966,0.7284991453066371,0.9008655125564795,0.5752981191062199,0.4753086068164112,-0.6719112570650323
2365,1.3416888856906268,-1.2606294955583512,0.8488863999734669,-1.2937788422507812,-0.42008156214674724,0.84656289009376,-0.8852931737698103
2366,-0.5716912078395261,1.7856469504291523,-0.7075232718727656,-1.4691336720919006,-0.752953129729121,-0.37760594106513523,-0.8855046060843714
2367,2.9397789602024984,-0.10799303006412216,-0.27048982061361637,-1.6475424162199177,0.38254209120625216,0.052051557507185396,0.49962394078272276
2368,0.28089306818700016,-1.0759919360146786,0.7809632135507332,1.1674912851107728,-0.7471518553941379,-0.17177390827275182,0.07164934837317198
2369,-1.0295814873876834,0.3580595244116101,-0.21496969856058254,-0.027565994498830678,-0.8230641623004914,1.0849527265873482,-0.7432352543452768
2370,2.637658121020892,1.1365891195198112,-0.5016377279582999,-1.3001409357245783,-0.08828941089779248,0.4393206808141835,0.16886604354449292
2371,-0.6905669507602471,0.367399260956768,-1.1827130965770802,1.2542575958812676,-0.036965905291668745,0.02696189071666722,0.5566022350604029
2372,2.697415694017089,-1.2371521723557364,-0.21733636615931282,1.3123588127164574,0.8024152631544034,-0.20061483240871889,-1.2262807046038064
2373,-1.7497375148221117,0.3716965389112936,-2.6365717553024743,-1.157456648783109,-0.3138145189776329,0.19865521133244868,1.160749181424081
2374,-0.5324463932580633,-0.7014839570140636,-2.111193809598816,0.1252304610940356,0.9212706636069231,-0.14237785733939634,-0.6124226232287716
2375,-0.23735433664430586,0.9740473015820785,1.3066475995218518,0.29370069476666505,-1.1205960263155335,-0.15801356524477844,-0.4365566813297076
2376,-2.089271003578062,-0.3449851102821632,-0.7579986408492166,1.5635796052755315,0.2434218786776453,1.0391852041380756,-0.5312392872082119
2377,-1.1246557042901322,-1.0011884072868948,1.3696363728878853,-0.5831816864015339,-1.5340691569234803,1.0637113676227463,-0.9396866767447122
2378,-1.6973333310485728,1.5820956697790045,0.8459263486797284,-0.40282771819296725,-1.7933834031563314,0.33476147982740273,0.3460895073308424
2379,-1.9542277544051139,-0.37261046438653994,0.11040468086233007,-0.7455149450518758,0.24627427806129465,-0.16768985324984104,0.21106412356961426
2380,-1.4190722070836206,0.13016388260296188,-0.6726101547430491,0.10829025368805523,-0.6639102521096059,-1.0823373400679792,0.06249162569926217
2381,2.8245390936468353,-0.84717998328692945,0.03617256435505525,0.9453925823984429,-0.2180538604579058,-0.684396012258918,-0.8162308033671105
2382,-1.1739269096375256,-0.34008133916600974,1.531556410115679,-0.09979014223515371,0.8708652382797906,0.5864970126921631,0.7194022510382603
2383,2.7827247236740065,0.1482836191560345,-0.5316984077000027,-0.4141204492954834,-0.21839016066857198,-0.031614020852124246,-0.9656350878669807
2384,-0.2522668921379447,-0.3876127329162166,-2.727639320867649,0.578408535882769,0.3951385758531756,-0.6699094087107385,-0.14740187197195628
2385,-0.6387559892390505,0.20651606248277493,-0.03312926766181463,-0.9486075408962535,0.31685993826438935,-0.45982594600712307,0.4239331122252709
2386,-0.8502669729072329,1.406441096939386,-0.9943257900901813,0.5265106577841306,0.10682004010580161,0.6254677563716602,-0.20132536619282837
2387,1.1113341368658545,-0.23095563681779413,-0.1979695345035311,0.4628033686138508,0.2786448787659876,-0.37138179128607335,-0.8972084229384563
2388,-1.7687004854842425,1.0653565715761073,0.010895860034303533,-1.3903950261035982,-0.3035611100308628,0.323850850103224,0.12488602805028073
2389,-0.553742607311184,-1.1829473071005865,-2.710905578575483,1.4661860403166025,0.3659622488800392,-1.0661980318785422,0.18486453741586029
2390,-2.50115596859145,-0.2219394325578477,0.41713546579476307,0.04412464545097349,0.37644050833314396,-0.034966307383845235,0.3008631361860191
2391,2.1061666224118705,-0.13098044170822212,-0.858306381167858,-0.12377816522553575,0.28916461154058665,-0.49421829308732146,-0.3417448047970685
2392,-1.886762573883137,0.4997854327618902,0.39117540335211226,-1.0086041566149648,-1.7750262406258006,-0.27181074459409427,-0.09393910905542935
2393,2.108590160877788,0.6923745504439135,1.1262606511118607,0.8991424630229152,-0.4813887505259428,-0.9891014102447239,-0.6238719692495072
2394,-0.3457103433718823,1.1330437193257497,-1.9666965243449932,-1.251346045442604,-0.04609649160294262,0.4921515807503171,-0.4726946469475367
2395,3.0598111201562608,0.9360989037815729,0.6570888474351447,0.6654071870630782,-0.07201600828588067,-0.7894228260810561,-0.9750937425536733
2396,2.9141444211963123,0.753232291749219,-0.7629941196526514,-0.3648225519383373,-0.18880764912626116,0.7553216291523439,0.18870026735218468
2397,1.7702981012708778,0.050577174852980834,-0.6660417944126755,0.2586249264207488,-0.37236398727689607,0.29257589592430466,0.36955757214979024
2398,-1.4385416585524984,-1.0452609260485968,0.9333654676987365,1.4411939088242405,0.543771009934329,-0.34923499885875914,0.620893552616028
2399,-1.5978444915360424,0.044267456509226796,-1.2512119018195205,-0.3517412000290524,0.6698739743020059,-0.6746294053896329,-0.5257493568371672
2400,3.3300350690169642,-0.4075922841709293,0.6891787529185988,0.791814593214565,0.27622519408477036,0.0014121258759747098,-0.8490127540891816
2401,2.194107450840752,-0.6978628655699136,0.49399675601168164,-0.2515394789813218,-0.45112490787817533,0.5542072976406744,-0.9182017355149654
2402,2.38126996572652,1.407121831380739,0.11571714063828309,0.13210125166298933,-0.8731528274044178,0.0661297666735399,0.30871460710319804
2403,2.218700140262809,-0.36871514487539653,0.7540490609245362,0.23323392183466662,0.994641128162362,-0.8847069336207861,0.6085755189723707
2404,2.2547236122228265,1.6517285650062492,-0.07536299172865585,1.6022097884072592,0.5798795822384293,-0.4116950732494842,0.8974367498190523
2405,-0.8580681126238795,-0.8849254964220747,0.4643613883143292,0.606620450313545,0.8096934476143502,-0.2081557317242374,0.08118894226907093
2406,0.7245203397127875,0.6681576379426888,-0.4230557787643755,-0.04640797977556799,-0.005542068419572845,-0.26486057216512576,-0.18633246472413606
2407,-2.3585448868119436,-0.25342485318819175,-0.4250303059546073,0.9035569520602207,0.14591164374208854,0.1904036214650758,-0.026819010621444723
2408,-1.8917068609392849,0.8028252839230233,1.9510785881707375,-0.5811221431515176,-0.4040851938168005,0.02931681093357488,0.24389576143887742
2409,-2.1546472657655813,-1.495590742387809,0.20145958094164854,-0.5920369744084382,0.6462390147441869,0.363854116192099,1.0645889441387033
2410,-1.8213358198625782,-0.8278051928134251,0.5982509923811118,0.968856251678531,0.6749485449997313,-0.7452437555534247,-0.23332461492801448
2411,-0.2333972897278043,-0.7549192590227463,0.31018599047871476,-0.47302667564964307,0.12142149956969182,0.23805496562755854,0.0724314412751505
2412,2.2546793235947105,-0.06625952248211311,0.19227075858892073,0.29324506466873324,-0.7221369375566885,-0.32390615912024084,-0.10731461453215405
2413,-0.5770349644368487,1.0011032635177464,0.5671144792228139,-1.567986171691737,-0.5272037360036294,0.7859367867795551,-0.632772011016022
2414,-0.632878602932289,-1.2236089331019686,1.0866569733096654,-0.19855982329684235,-0.9303127966620691,-1.303859784732207,0.6229416712555133
2415,1.7416857994144355,1.4622649009002686,1.0964702044711996,-0.7445671393384228,0.6787105653101838,1.1166670844051234,0.3228404037092764
2416,0.37997647968279236,-0.32614892084757907,-2.2004809042556555,0.6447188577507366,-0.2300581970923856,-0.4648282624109651,-0.7922023101230543
2417,-1.0673197724771832,0.691706483646547,-2.0973838817458175,0.9888081784788297,-0.02893907736723114,0.8458939303622258,0.016686292964645404
2418,-1.7288358567265254,-1.5638557052483866,-0.32399534985298406,0.7042177902595526,-0.5432068441794555,-0.9152391452603047,9.91292877058203e-4
2419,1.218258944461936,-0.48416121581097266,-0.5904295471496142,0.33877067975813935,0.0860371947243068,0.43719234458841605,0.28531220316654715
2420,-1.9968374397152222,-1.1544013372115614,-0.9080455038786244,0.048942843647461494,0.7816614190358792,1.123572499735214,-0.07464380647884938
2421,2.4926258927000777,0.5141780600376388,-0.05660253419272215,0.14467421122880475,-0.1366029192163482,-0.1389269048632602,-0.03205793292186647
2422,-0.5235158081475999,0.27668246678299835,-1.4234855965917679,-1.4031756737989793,0.0638661731321675,0.9935912802291593,-0.21811825141977836
2423,-2.8809095147206354,0.4716705349379005,0.3870231308894891,-0.908734660598657,0.3818175207412504,0.5465435287740948,0.4602850941954946
2424,-0.9651912800335023,1.3829751953350364,-0.6283956530865822,-0.49376179677062393,-0.6583687076266532,0.12797487101613733,-0.8910286328296266
2425,-1.9442042243165827,-0.6797377841524629,-0.15357248491704212,0.6793380338802233,0.21842334811098027,-0.9607647576871123,0.26209113994205097
2426,2.689587609056667,-1.5060868985983118,0.4132465833761922,1.1533800422068703,-0.10137562496507756,-0.2393674749843271,1.0962747019473404
2427,-0.9986404587869586,-1.0484223387420308,0.6013059875474902,0.643334010446258,1.6030022752058577,0.18380533801401353,-0.9992564345062882
2428,0.0036590475921283905,0.7741928705033602,1.3827380000648666,0.7199088773524768,-0.2675634533084882,-0.008886364561311118,-0.13972055072454906
2429,2.9822773687963577,1.3437361214660277,1.093158050187442,1.3315635368593381,-0.06845598041952179,0.8019911164667646,0.99855060981094
2430,-0.678210019406475,-1.4115329712794444,0.5538714223224915,0.6410602723677052,-1.75668514360149,0.3747185254409035,-0.4267406074846003
2431,0.06410860694414144,0.9493565364361892,-0.8066972693051551,-1.5599190201617479,0.32862252051648316,0.5056062070164736,-0.4681677207337675
2432,-0.9376587457554132,-1.2871886260288918,0.5240357229479332,-1.6052303199003144,0.5876298803618015,-0.5210294373456025,0.1293202355572498
2433,-0.6910841958080391,0.13532005329943117,-1.239957365214368,-1.317176714573082,-0.9013910994764378,0.414838960254776,-1.3401386834778861
2434,-1.1212301784617278,0.3337047809465071,-0.49317996510731643,0.7134421912688437,-1.0601622963711461,1.0985385631283382,0.11488657680331398
2435,-2.079291829789622,0.25477303471197793,0.28416922370273595,-0.9739881158647145,0.6088985203253406,1.155610537728207,-0.6246698370269964
2436,0.3942888740988081,-0.04174362175204539,-0.1560700396862454,0.3647572451454359,-0.5300979522114893,0.7512013558049538,-0.3368915547193067
2437,-0.28205372061548467,1.2940035823609284,1.5075588559825759,-0.5640480442549783,-0.47812328279026683,0.552256544914616,-0.24246873414174777
2438,-1.8675287915238998,-0.6105503211744912,1.569835401683833,0.6556706678761025,0.9028666546463393,-0.5453227488613612,-0.25384805336884714
2439,3.572931748578653,1.6173082658835507,0.10038037049766207,1.161582780635909,-0.40949671501949303,0.036455835972753994,0.08121686704724945
2440,-2.7700400287812554,-1.2028680736859232,0.9577423468899332,-0.5477053827938032,0.4421428686531426,-0.44102418787288,0.9673411465688948
2441,0.33496235442800765,0.5621997038648733,-0.6548312893805377,0.15833067437381196,-0.4180559297621789,0.7061544594455551,0.516118365630371
2442,-2.8168037805957633,0.6623534743613916,-0.32132588471141377,0.0384583448135563,-0.4473884794076262,0.6785922770187579,-0.030916822628726387
2443,0.7662339184081373,1.4576741945927798,0.7904689204150067,1.1762304715323826,-0.6196239749894054,-0.24357486459567468,0.6516968604947978
2444,2.8893440152759893,0.9882036733450363,-0.1099402417175204,-0.9627395213050962,-0.018545716894019453,-0.4209515607222715,-0.39989909144133895
2445,-0.4975629989700034,1.6154771717536576,1.4044535948164223,-0.3979780895580476,-1.2666168886854676,0.8181071873275964,0.032550240691108824
2446,-0.8587735422109452,0.12498005628664753,-0.12438218784536183,0.4948645478268747,0.3813677154655106,-0.3088428432375623,-0.6876854441786807
2447,-0.9343897948635443,0.6065389610949254,-2.131245790832608,1.25914875073468,-0.924657597517565,-0.031557214523609205,0.5577893261778681
2448,-0.7998180805381623,0.7848331157632854,-0.8032252636573829,-0.9085241668074882,-0.6796133246746464,-0.5251798919444961,-1.3934178430597555
2449,1.1753591980806175,0.26348784739352427,0.48158931661986676,-1.0790093100807614,0.5716552820043205,0.021796038670012136,-0.3060258314303008
2450,2.504597687588953,0.9248360907688138,-0.9081226351586582,0.7765925696448113,1.047418957237641,0.0816323021835094,-0.5203657459534535
2451,1.1942413656333632,-1.268155403940431,-0.2138841371184718,-0.44245824304056425,0.10702181706239076,-0.22930959294578848,-0.19352692862294757
2452,2.492793641657072,0.7864549428192884,1.0702692383306815,-0.8042303251398694,0.3901886542209667,-0.43877685833508157,-0.1786334907777102
2453,-0.8255154376405597,1.3877498920176325,-0.48718406584662644,1.0731487366044339,-0.8593120721623956,-0.8472957636279738,0.2767856358046625
2454,0.6753039486311531,1.4987210098450912,-1.8042520080663358,1.2285715324360007,0.24751472636267607,0.38097509217676795,-0.485760568543346
2455,-1.6978661460392557,0.4769735134673152,0.38749249495021204,-0.7778528989898534,-0.2891276130793342,1.3523586244207557,-0.5316852511850199
2456,-0.6700369043646802,-1.635052693361311,1.3376433725113195,-0.4845481952699574,-0.7534690518780354,-0.23533110747042224,-0.6990417114519805
2457,1.7557202882564882,0.23720479185716553,-0.15030246831353491,1.3745275532496393,0.20913347742026533,-0.8341006982116234,-0.22366972637381166
2458,-1.502437338755183,0.23049498384792994,-1.0076213757930301,-0.6136767867254009,1.6038204464286872,0.2005207642997538,-0.48096532141104525
2459,2.521273033114261,-0.07540663244068557,0.08065661919167333,-0.6282638597607164,-1.009522711194348,0.2031852516286435,0.21392957020473904
2460,2.300470995418981,1.3447236707731582,0.0591109253748813,0.8134211537104514,-0.6943939462052198,-1.2747852591896982,-0.6313553201833576
2461,-1.5300297724866847,1.3747559374128335,-0.7709862547199985,1.0649481121345323,0.7420732209068355,1.5050120030186083,0.14731661436605148
2462,2.9790407212583445,-0.7049903501988957,-0.10503339359692697,-1.2650416929409285,-0.26419393471089325,-0.8452359464655652,0.8812794766174015
2463,1.3714380680047737,0.15033512748906744,-0.38307627926916826,-0.06538766198499422,0.7961131664471378,-1.2454573284754549,-0.23253725370018455
2464,1.362426417386396,0.5723210777008577,-0.7199323623889172,0.009760238430745317,-0.12575374973400189,0.20067427846794583,0.7695230040094154
2465,2.5745184180179033,0.7765111186976001,-0.12794700624131952,1.1636992611568422,-0.8326096532931624,-0.565917729648597,-0.8938509196580585
2466,2.5692514059453315,-1.6959861916393306,-0.16821880222322538,0.6745466796806245,-0.5133158655626707,-0.910667583678384,-0.5198586920920162
2467,-1.9963142822075137,0.03526209243102116,-0.2654949410542783,-0.06886300090900457,-1.184615963870191,0.40188454035764604,0.5807767296971753
2468,1.0179927314326684,-1.4172063985830003,-1.2481662173435277,0.8778198996154922,-0.10305825701973698,0.4701251843589512,-0.43161524625781705
2469,2.426477464263358,-1.449199391291149,0.0535866669326766,1.4782223578402334,-0.9642456318815457,-0.12223393187075755,0.782325193283636
2470,-1.9040680556021878,1.6788625501213603,-0.35264435755865503,-0.52773398034347,0.5139380201975267,0.7006322885551444,-0.3828007166947018
2471,2.418807603703423,-0.10874721768259732,-0.8925555305930163,0.7222494681545236,0.36395078198756303,-0.44897519059941837,0.9326722240686696
2472,2.28134295198965,-1.504548700032326,0.32685540187641493,0.5252274813891686,1.147815759512948,0.2532703095917533,-0.6754822135050783
2473,-1.382539209587601,1.450713326146378,0.4302034374673607,-0.13952527534356535,0.7768802494557048,-0.010517474681137787,-0.7218184213433314
2474,-1.306598038829618,0.7018141571580901,-0.6498004879514955,1.4412232722832148,1.0858952530688017,-0.4982549862099343,-0.18509051541441537
2475,1.5862813938309792,-1.6230103904156608,-0.8934421536878305,0.008884710713762078,0.7257863843705554,-1.2344391589176966,0.37484344932066294
2476,-0.10596786702354181,-1.5296720124085352,0.9897661675370308,-1.4194775088799152,0.2711910673576926,1.070114721409387,0.5246569182403044
2477,-1.4952893550712218,-1.8143175265180556,0.9136755143101092,0.7269772692298765,-0.24901779979312416,0.28581720698360447,-0.6832062916623826
2478,0.372653740134907,0.8820876943301341,-0.2910452266781971,1.3907982695131287,0.9003470644518206,-0.07825468202144434,0.04407007473575058
2479,3.6355824896048086,0.06946745795003573,-0.400070141389346,0.17653872070632415,-0.22306405040487942,-0.13252742379575586,-0.4090335391757893
2480,2.143050076790865,1.41688324801895,-0.03094395193404943,-0.8622732897242874,-0.32910488747297145,0.3224977097424526,1.1220276400823046
2481,2.1854060681577603,-0.9127907176981476,-0.27380644268697,-1.622593234181115,-0.7573557465876413,-0.7071664695422653,0.93915296591656106
2482,-1.4222137234234418,-1.0088893664631542,0.30316616305032684,0.09337975569526118,0.6456252510469144,1.1349684195055827,0.18935636970327488
2483,-1.4919511262960883,-1.2725213254336036,-1.0716082438535304,-0.3853055329259804,0.3201426781562201,-0.20491135095006374,0.6191066326578067
2484,0.23178015295127916,0.5426036379274816,-1.4301225872726238,0.26638251771548177,-0.5467676221829688,0.9952346170804092,-0.26284337994785784
2485,2.7543310666796135,0.28084502764369934,-0.6516007978309356,-2.000773816871675,0.3237713070876366,0.5464127903928421,0.3247879401000943
2486,0.21312823402054806,-0.5908677236263504,-2.876766028865387,-0.867159923270295,0.2964622399382548,-0.13706708960973993,-0.928204753400929
2487,0.17365372808210958,0.4544825826500399,-1.7270523038126875,1.0006462372639613,0.22398833409412472,0.4482519967740463,-0.6863041487605566
2488,-0.6112663021917412,0.12721012793426073,1.3191551093878247,-1.051580898234444,-0.646388153004402,0.40477629225668965,0.611572040144722
2489,-0.5449977955683374,0.6271262693756346,-0.36378846484195515,-0.7524896045057813,0.3926442762963263,-1.1094046137261004,-0.3347885918776492
2490,3.046811937589003,-0.6851735553036629,0.6465983720040122,1.2392615793083397,-1.1355043446315531,0.32307636012756014,-0.21309809966984686
2491,-2.0453476176036727,-1.1470180718208176,1.2918526117517024,0.31389492687600823,0.09462264188917828,-0.6166328931846933,0.8632818304593483
2492,2.884612934379113,1.5447799346580235,1.0809005674081302,-0.3840962119836513,1.1241547504794522,-0.16881250085696345,0.07927635997908156
2493,2.108029800897724,0.2928230715471571,-0.4958283853313793,0.25656619560108745,0.5725109814720142,0.26456858767705627,-0.49645838589666896
2494,-0.5212445077134958,-0.22154658278719006,0.9052520887450773,-1.0012402283158153,-0.5360755983334948,-0.46380606180660566,-0.7895091077811297
2495,-1.754675113142557,-1.5648230730462702,0.5221286622193331,1.3402982680465965,-1.11391652158885,0.3132575145897529,0.19383749212149748
2496,2.425660015575173,-0.869278870399754,0.7632110310578841,-0.4108924382489413,-0.5846645165782374,0.6079521871298618,-0.3345755901260402
2497,-1.5897043524313386,-0.7487924103571841,0.0012739722754266315,-0.7613275153098661,-0.29826735692772205,-0.03791648587629079,-0.27604841360882526
2498,0.8635826501104683,-0.6612180762727619,1.1227700576132356,1.3294958283558471,1.060381072015898,0.2586282719482774,0.447541787584265
2499,-0.7497057896570366,1.0374821206577902,0.6977299639312452,-0.09022708118982753,0.6413707679945897,0.3601220191809666,-0.6653643396458757
2500,-0.37678131335781534,-0.43828720538834326,-2.5864717921299314,-0.9945964283012101,0.818817254591759,0.17395597301721133,-0.5797646147799765
2501,-0.8682689412003919,0.6782730033629257,-0.5003976472963436,-0.5929433978997746,0.34586082132658225,1.3623225535347894,0.10235545509961719
2502,2.4553046164124392,-0.1380696942596735,1.033227155685441,-1.7557011168112937,0.08191522219201061,0.192346327247235,0.3997421173054446
2503,-1.0007964424979572,-0.2348173789890652,0.7327734760188827,0.5254053709359822,0.34973902249980576,-1.139075139645025,-0.08297716923580499
2504,0.9009571896208303,-1.2625173687673252,1.0827315064816223,0.6199996524665958,-0.7015850798677675,-0.35087440201534553,-0.5709178345456383
2505,-0.31093077712878753,-0.5364583425601089,-2.1981712133982816,-0.423506033585868,0.430597670308001,-0.2773716580619472,-0.8770248634468082
2506,2.156275461971691,1.6897993546468704,-0.3737434365354716,-0.9243510835229576,-0.7377641014220803,0.004792110688284851,0.05543374892655217
2507,-2.106505291186896,0.8820380835669951,1.5411585212429046,-1.179892924919342,-1.7921871071534903,-0.15711816851285398,-0.3649066759029794
2508,0.12966429044052094,0.7566895727395816,-0.20688516238429602,-0.9845248984021627,-0.16799479785920207,0.5269596495328485,0.10756817611341445
2509,-0.6719563384689231,0.6636489386930036,-0.044081032279133174,-0.7689500573824103,-0.7096289062481419,0.010279139747742942,-0.38626995343701126
2510,-1.4823758817893415,0.10607510203201823,-0.259612707360952,-0.5330085770972436,-0.45983124668005354,0.7004342706021717,0.4614612495390687
2511,-1.001449982373283,0.6059148746224672,1.4529533902474927,1.5617928112089505,-1.186381367007241,-0.6581411060475467,-0.2533999784881598
2512,0.2337145779867865,0.012460229635080144,-1.3821551535560903,0.45419859037460886,0.20125604959206417,0.8697513091641489,0.022695585585252472
2513,-1.0465571758846735,-0.27856578134422144,1.11265400122167,-1.0746122608005233,-1.3612521282596355,-0.7866238310416889,0.39057569752056603
2514,-1.7158859840687397,1.4125832511490508,-0.06917691704129517,-0.2796228087843693,0.8641361871580553,-1.0230048609608444,-0.15957175312700372
2515,-1.6886281130545207,-1.0590001483684994,1.2103994480324487,-0.9074540685366028,0.7182458988380955,0.39603060480594754,0.2738864316268296
2516,-2.964206043061696,-1.1264260141083433,-1.0450195484313891,1.5050058727483384,-0.47969986563432765,0.035453233310587126,0.6144347079377804
2517,-0.8116485309216217,1.2229934442605472,-1.1929235417542634,1.2722102189086364,-0.7931439728082775,0.6272813516367494,-0.22264929386035712
2518,-1.1258483199735416,0.20139670085761732,0.9181123151973014,0.42005801816363647,0.3312101974844888,-1.3914073452132192,-0.5286672286441719
2519,2.122619444427713,1.8179973673449465,-0.3617032810648628,-0.6082398371160516,-0.8688829203919024,-0.6300250045105497,0.665754624316623
2520,1.280793164349931,-0.42898122070753086,-0.4283034416924476,-0.5952743317784147,-0.36387343542742506,0.09579891573370504,-0.7512864719020399
2521,-2.4699621692301905,0.8458235572277801,1.5907690096367122,-0.45032033508944436,0.32570237026377175,0.5894166999920618,0.40824603886096206
2522,-0.5976205965227354,0.34688602141019925,-2.167680188681814,-0.04728264973616495,0.08660547628954203,0.9208704998981224,-0.5545895162200989
2523,-1.4753691732769219,1.6098165378216363,0.785704755299117,0.22524001876298613,0.6933181959137773,-0.06984889202959767,-0.23938281597693795
2524,-0.588971006737672,-0.9521619560967831,1.3774836150496057,1.3070087668262829,1.5161601441234007,-0.07019364660979696,-0.4740719220365728
2525,-1.2302910378512075,-1.7626623698548003,1.1259965358088053,0.32586898693822436,0.6796691721644759,0.1292545229311901,-0.31930652446627106
2526,-1.3953940685672146,1.3320557712444956,1.4982883168095227,-0.09558452629206614,1.1428533061100086,0.5510214588970037,-0.8642028273656778
2527,-1.0164314540999502,-0.42488295057641196,-1.811025620512809,0.3304507960794216,0.15595095147774182,0.49440447485142663,0.4709634165194014
2528,-0.8854217621208731,0.30640160849962805,-0.03434370294693016,-0.5273077615219729,0.3713158151051633,0.4319099736299138,-0.7305678802294441
2529,-0.1888846412966306,0.943046409005094,-1.5327292903481065,-1.1098353909248453,0.0919080068966823,-0.48745844223111573,0.29893470177480524
2530,2.4335358109973777,1.02962682600078,-0.07519880179055366,-0.8516683757909632,0.885542486549096,-0.2586922663776499,0.5986297068171936
2531,2.915328117220668,-0.24692981014764948,-0.9166617738700975,1.3603749116909118,0.3090545145335591,-0.897416552249332,1.2126252218643816
2532,-0.03563830890821538,1.1575597837146925,-2.099285211002932,-1.4714438977368116,-0.09762111731801236,0.5918209271056784,0.33620339619360223
2533,2.0016430476353047,1.1486384790762907,0.544833197273981,-0.6823258921250728,-0.22200156408966296,0.7367027760377569,-0.601020412704627
2534,-0.7033524549387891,1.2882033060038005,1.2093668016764614,-1.5159271138101063,0.07325237735215526,-0.7554260135644987,0.1975545155593903
2535,-2.141562225397086,-1.5229256931142359,-0.9219603636784899,-0.08427623857253837,0.6382036567328868,0.01740811699317263,-0.5820290989529202
2536,1.6000247907493466,-0.8208768841886934,0.24179108724329956,-1.074584774654693,-0.38175386112976545,0.07525789460920929,0.37658072651952285
2537,0.008012933243909597,0.2601364358617411,0.8706821764036645,-1.1804580331588093,0.04808684795639092,0.7729562345525055,0.4608596351580737
2538,-0.6284687645741385,-1.6825140217014747,1.2557424775651882,-0.9153459747183235,0.012499954447549757,0.022115356551943903,-0.6656512057667446
2539,2.732312396075946,-1.6305907631135557,-0.7139661767725265,0.21059982036208758,-0.7407265310391002,1.0783737437903254,-0.05098758673238711
2540,-2.656237119179809,-0.0227565324999223,-0.909506297993999,-0.781554728526287,0.6807214524479916,-0.45462520278318563,-0.09671012348638712
2541,-1.3680022808943955,-0.3508661087112981,0.7708019719813552,0.3820329948006305,-0.6677017521226778,0.9917288244399426,-0.23442163750514355
2542,-0.7737406403307476,-1.587268164752156,-0.2654067367673141,0.36800721794493707,-0.08463168371465789,0.8522336671133003,-0.3198069099013124
2543,2.2874226095570758,-1.3722765585949395,-0.7151135355825665,-0.7384327537471224,0.21636930599270346,0.39370342449600787,1.0395603508787594
2544,-1.045367262717518,0.8767989216485179,1.2099357840709604,-0.2700253883478452,-1.4754211081739472,-0.870837079687713,-0.20893157578936947
2545,2.509648256195589,-1.3315358964193789,-0.27154827328418496,0.11963278286710909,-0.9024501757049616,0.5866787888377946,1.0697043052938118
2546,-2.2929150851799993,-0.4863307109173821,0.8991429630052195,1.6428719617610774,0.08746867304132912,-0.21181521600769362,1.0336361607787263
2547,3.2036350803025355,-0.17519040624904472,-0.07385477168219803,0.04321964955467289,-0.5323481558027516,-0.8818108936468382,0.797665067263051
2548,-0.17158818414417273,-1.3141060546520644,-3.0176165098121737,-0.13344714359268733,-0.5837543748101425,-0.5426941209166952,-0.08771900595528041
2549,-0.6806454014682162,-0.2398000688300955,1.37371924650538,-0.37033282111561405,0.48141723234441125,1.1889521229017195,0.19347847651442904
2550,3.403781862884498,-0.017216635924565928,0.7489786396624438,1.3358484351139146,0.21588436579516868,-0.6856076060571064,0.12524998127912346
2551,-0.7994441420521426,-0.5510661120008086,0.3054082747638967,0.11605330223965547,-0.6003782981150457,-1.7537055443659129,-0.6594593715421985
2552,-1.3676600333878404,-0.9325629489472419,0.45734152032251724,-0.5574162678336125,-1.4779825309308932,0.632203358736122,-0.1335152008560595
2553,0.006574700736250487,0.44067974804440097,-1.2342966370597512,-0.09797689488328332,0.7961512363747717,-0.324354154501821,-0.9785438308569772
2554,-2.536634018282182,0.9783741167902272,-0.956727758877199,-0.7520674083419645,0.8367346975067749,-0.48130387568903105,-0.33334176572303764
2555,1.8438896037522219,-0.5331849069196318,-0.5116394949114957,-1.026896128605733,-0.7929139147101164,-0.9928698469946032,-0.06702209731895346
2556,-1.9767801858429692,0.7986328063668506,1.4320602200014396,-0.74652394428413,0.7369015989519093,-1.6313397389774011,-0.3352198138310935
2557,-2.272788062837303,-0.924404111367294,0.6199135670659777,1.4957641596816165,-0.2891394611108051,0.3497163881697595,0.6058266263796215
2558,-1.449454061812072,-0.2910315102465816,-0.04465909046662725,1.110345548570068,0.714932431467124,-0.9460052364940748,-0.472931186416824
2559,-1.2306430478217645,-1.6166599015341327,-1.3273522148666943,0.9759262946533619,1.2747357124016965,0.06699558746128723,-0.6695807119173964
2560,2.717296456870707,1.652409099937049,-0.5016790335524547,-1.1163860068515707,0.5575206267527231,0.5991099464160182,0.3770662530114658
2561,-1.9471847789673555,-1.6191099629606591,-0.8414758467904271,0.7463284049940953,0.24663510319901163,-1.5655180428112982,-0.12242782226160916
2562,-0.826821516500918,-1.5998858113320538,1.503618195152724,-0.6737614382196081,-0.05345813170819831,-0.2566577887218639,0.1258036637436964
2563,2.959479939088619,1.7684655704509895,-0.25681230599230775,-0.7321918042051873,-0.4531837259382854,0.21009260839934787,0.1181964877212004
2564,-1.5462700942439198,0.5595120717752725,1.5798190000611232,0.22703056243507302,1.0865331361654311,-0.892759630965181,-0.27341995110392375
2565,-1.0940952608024939,0.4757289090634198,0.9813148672603365,0.6944256545988473,0.6917406164129063,0.29807416327812697,0.08654394112820743
2566,-0.9590808484537944,-0.8223620601666523,-1.1306875691842244,-0.9813079773957186,0.3521242822634368,-0.5667375598060681,-0.5509566850241573
2567,2.4678016547612214,1.5240622198532332,-0.9161711263879346,-0.7658113578716733,1.0037469243997197,0.06284933543519368,0.7234649105119163
2568,1.9220979904779503,0.7970516511619969,0.4830167204121346,-0.175289860355506,-0.6320389082047535,-0.5657765789700613,-0.5786186579826764
2569,0.7062038145567667,1.6827762601722813,-1.975847507361171,1.0173729976404549,0.28970697320002725,0.5848193228091632,-0.09015262070408081
2570,0.5509139754928355,-1.0886084357572403,1.063869697302732,-0.13986124792066787,0.5167470186389914,-0.6293956481035324,-0.2234192485982258
2571,2.217312000561506,-0.27000313662319164,-0.2996594824800219,-0.7691719956334812,0.06371720121312334,0.7202549114753601,1.0834562554265688
2572,-0.39720818202315467,0.4414919275552683,-0.13263946380836603,-0.5217700458266353,-0.15876288677084258,0.1356251721550963,0.8365014786125106
2573,-0.30976884030873175,1.7037491174954034,-0.5257934269070206,1.2210174250367896,0.4083202542520434,-0.6885827608220685,-0.5451620589697969
2574,2.1309218677383552,-0.799262975184249,-0.7580500187240087,-0.043519766081302744,-1.0589953886381087,0.6500308162834957,-0.25311376658681645
2575,-0.5133820642963088,-1.1151114788826493,0.4963066659931071,-1.0943542763982403,-0.14775457421899302,0.8611442848170779,0.1334117770136861
2576,1.9808208569885382,1.2678131672946253,-0.5261797689036724,-0.19663907816699286,-1.189738048829982,-0.21016735433653883,0.24663624331999082
2577,-0.06662149863793404,0.4738857564123358,0.8297893077134456,-0.4512738363665252,-0.1959504257519719,1.13586562810518,-0.7397787824119288
2578,-2.0429564699695386,1.0133895929231165,-0.6221162018079651,-0.35985869897985767,-1.6853781015059524,0.3539200172651558,0.03176115522793988
2579,-0.05664688728052111,0.6283378914206069,-2.0679570337150417,-0.5935996019977,0.22684406259804124,-0.22413466511144783,-0.8443560437687944
2580,-1.4843088639046367,0.7127964023981005,-0.2755729707243722,-0.8257451478111445,-1.0282071842854377,-1.0368277262047527,0.24944188846978851
2581,-0.42690513580537565,-0.36828616955490484,-2.2076197898186924,0.2547286275323564,-0.6379022736167418,0.2291369284110705,-0.623916837259007
2582,-2.1259225654870275,1.412459626238904,-0.9096486568718327,-0.1404235490266974,0.581530013388484,0.9731946144961479,-0.4916985471709274
2583,0.21895474189939848,0.912368599974849,0.23014557910070926,-0.9162416468355552,0.548840407816662,-0.07283333264363462,-1.051494935233553
2584,-1.6589246559825352,0.9026984050566074,1.0156105110793407,-0.3644136464510465,-0.3582607309124996,0.5856821894923998,0.17898125696766906
2585,-1.7468047449297668,-0.5952918557765996,-0.7101892807146012,0.5972999269339897,0.31895597337759485,1.4671338271617793,-0.509489263825551
2586,0.1500238155701302,-0.2971418528670196,1.19460219277018,0.6700658512850459,0.3646964039666021,1.1007009318888896,0.46688724702117373
2587,0.5580584673075701,0.2836536779466039,-0.6994854307953278,0.14782690268398577,0.21513188919929743,0.8807985288344372,0.3624570156878567
2588,-0.3379166687592932,0.6835571804522205,-0.3933117577897111,0.1314114429590703,-0.5468260443601449,0.29555371871859143,-0.6990115700692097
2589,0.9442776364979917,0.557572202928187,0.37333103951140023,-1.0916643266959476,-0.4271317550550948,-0.10125103246407759,-0.31432742847620393
2590,-0.3786109328890044,-0.6483448360091085,-1.6299669095007314,0.38370829629443265,-1.082169785552931,0.0391820699750851,0.7213907628898358
2591,3.0349638821024674,-0.7229441035438905,0.24171944158922065,0.8522074033704946,-0.41070017223933175,-0.06304608089847528,-0.7903101324261715
2592,-0.9652810418887314,0.7047461687344597,-0.556701054891517,-1.2233249526284773,0.5198790069241909,-0.9777426835253799,0.537189239091614
2593,-0.19329333662031503,0.19676625265634545,-2.752696384726566,0.07777404617161246,0.5627574842390047,0.9834061133522197,0.5729994056267507
2594,-1.3013409931888635,0.1484893702190303,1.1538146107341718,-0.10865691452631784,-1.4544774818324098,0.6361899860549093,-0.0798718682762214
2595,1.919260627672076,-0.40902508228882184,1.0845723312029407,-0.15236974990257507,-0.5275867583736951,0.8297648420713313,-0.6403250754794924
2596,2.8273622166098256,0.9321653300737378,0.24849937710688727,-0.2712822441562279,-0.5831530058539567,-1.0392748614915321,-0.0985944994841354
2597,-0.5234072811926391,-1.660034418746198,1.3919138268594762,-1.3357321594288447,1.4532917596697537,0.24724225557376717,-0.030017013314726455
2598,2.1218985710691696,1.0935520635820175,-0.5099748059129239,-0.5143980235495829,0.24679371138728687,0.982760205138562,0.9555535697451301
2599,-1.6372950313834533,-0.8941241821651863,0.9067825253668531,-0.1996616830518279,0.3035304805587673,0.7126459523967805,0.8452927447701926
2600,-0.6120947285982009,-0.7013766050352002,0.22725411335270296,-0.17085408365580718,1.1695505827485093,-0.4049879115120818,0.1517252477918135
2601,-0.9093960594755724,-0.8364864464843396,-0.386350497402707,-0.1372619993927307,0.8204730241744601,0.6656769465219059,0.1312261069568122
2602,-0.4754764644756811,0.6206582629870965,-0.875601484153431,-1.1077519334469093,0.2546222130287111,0.44548097372635415,-0.7749903453508491
2603,-1.3082433522409804,1.0497686355786828,1.2579634486969136,0.7435225892558788,0.9309883888609694,-1.3846212621905842,0.993657607627231
2604,1.8824670548651805,-0.07264573857175624,0.9717020085811698,0.5807285220243392,0.6131800664288004,0.16770840649091595,-0.5031209329490592
2605,2.9618199416480695,1.7621735412704256,0.04421699935744865,-0.7959193692204958,0.436357057368821,0.3014666113435364,0.7863944893516085
2606,1.4253020928654705,1.2767470954415856,-0.6158813629382776,-0.31664172886032466,0.934855026589841,0.06350166271503449,-0.24143190888898908
2607,-0.6501193160496395,-0.6913864301732368,1.3023209539592688,-0.4955972249373095,-0.23825126426901347,0.014853511365294888,0.6358500917556758
2608,-0.9194187835016346,1.1957524838043965,0.16382060002227264,0.05997448172427534,-0.3578051036124725,0.07554047903815737,-0.8280150105022774
2609,-1.2252256558524681,-1.4958917045583626,-0.4498977721546225,0.036538865113281034,0.008057539078352554,-0.45417140625922386,0.09978169247859821
2610,1.2927171632374885,-0.8875984849738277,-0.5543640395227903,-0.8316708058686013,-0.7012989768815124,-0.12146015431310146,-0.3123113817138885
2611,2.5424193061559723,-1.2808460018580505,0.43140806349829935,0.8434211057025887,0.8439743598910756,-0.7476010529639875,0.45752444396157427
2612,3.163070818143578,-1.213750817833893,-1.0238131957204466,-0.2289617371380779,0.29438039315716713,-0.24082118201825137,-0.5887693186779341
2613,2.29590913117063,-1.324648812259217,0.41386642627322395,-1.6796955618365945,0.05906021904048683,-0.051847242218136205,0.8387089322656748
2614,2.2180257214432184,-0.7248680234108367,0.2571254022447325,0.4844954074002624,0.18153543954613255,0.32913532674561374,-0.8427056691830398
2615,1.1276850530693157,0.9758083607877609,-0.5013666141628341,-0.2775050049369731,0.14241080547266768,1.0382550147168448,-0.6977540989066159
2616,-0.18640787110150486,-1.6598083467804927,1.0430055684872996,-0.8862576261983275,0.5945297281591709,-0.6469050829509383,0.7560537546904335
2617,-2.116737165805335,0.9158048576773284,1.9113832887506386,-1.1712962800010742,-1.7805783334719893,0.287174899039984,-0.31899920990298936
2618,-0.7896010405024744,-0.2720034160111917,-2.5819551835297854,1.4874577573554462,-0.742275866140055,-0.27818827201397395,0.10911560075617127
2619,1.4269843555898887,-1.2803996625612748,0.04805860845670911,-1.3296882101488434,-0.9904996886706975,0.5396330523478239,-0.5887587508088105
2620,1.6321938828367313,-0.04373454653235888,-0.9081788535449045,0.18524559445285804,0.6814260480164529,-0.31099918683803884,0.23356209064069816
2621,-0.25039367217371683,-1.6772161943311994,0.33386572192613034,-0.42854056711604666,0.5035078603052476,0.9383674733113638,-0.322676726661932
2622,2.6848584855215334,-0.4911039396227599,1.0132944513969806,1.433081490315765,-0.5686554125709822,-0.3476279063772313,-0.7130760963127778
2623,3.0963097127257084,-1.7119586591351539,-0.8284053877344488,1.1300259371470849,-0.18963618455974712,0.41617701893550263,0.008988605674753236
2624,-0.4657192912022615,0.2548236207078241,-0.8962915608604146,0.6570546315836651,0.0125337128719331,-0.4568506864624898,-0.6460133786663422
2625,-1.3437195786997311,0.8944474951979794,-0.8542420485431385,1.0558297166212192,-0.22226479036516758,0.8019721355911485,-0.6981697333209228
2626,-1.2526518579444545,1.203424159641756,0.5451818897813662,-0.12777890850323592,0.6866581474689607,0.4050949136701653,0.1149500982381441
2627,-1.4817080281472887,-1.7263360371631076,0.8043991267421653,1.0690671469008761,1.0681419037537505,0.6594193369680844,-0.6656824674297247
2628,-0.25144253013525547,-0.5754730844780533,0.10564984843226273,0.7150205730529764,0.3819542664502459,-0.07893502455336313,0.2232751921937842
2629,-1.844557362145855,1.163571189589183,0.9151386261398242,-0.763282823223089,-0.9885336276785404,0.9232100734543116,0.08223353774248157
2630,-1.8034310584931905,1.4950561040914023,-0.4018959199275122,0.015069701086953135,0.013572242219080214,0.434907460992531,0.6294224505419943
2631,2.12214278011685,0.5283596164571093,-0.19678945157862993,-0.21371898592863614,0.7094825546424627,0.1871664528553585,0.17933208234875184
2632,-2.1861898217679703,-1.6983363715212867,-1.026903526861129,1.028745488650165,0.07983015229592938,0.25538817556884025,0.16489398032567207
2633,2.2146150775417444,0.9069646307569691,-0.7035841630029641,-1.2021644382594507,-0.4352204687743598,0.658916601568841,0.3891843431761289
2634,-1.4939816963854788,0.023714510185389392,0.02487425214012322,0.4733315641213807,0.9414167127839249,-1.5584532711253345,0.6220786295295648
2635,-1.3983170955247008,-0.013834851240585234,0.17267157778649916,0.3546738381404136,0.33036624164528466,1.0819567338528533,0.5653167890960489
2636,1.9257779110119495,-1.3208015512460651,-0.5643520203735899,0.018480547583062827,-0.13116440516978478,0.7604488787887297,1.1599329364948534
2637,-1.4182604228991804,1.5183564489829489,0.3525935037628142,-0.2543245782084949,-0.4491304539816439,-0.012802668077166039,-0.3503973589081011
2638,0.316260606741509,-0.5132191540285612,-2.1710523954834606,0.8930726837342381,-0.4276877652505873,0.04435195420412052,-0.5114373152910421
2639,2.9755404999365456,0.225604486617904,-0.03617989430516028,-1.7061777061897867,-0.40779144555119307,0.555684978493345,0.2570567556315052
2640,1.9011417088284757,1.526695616643643,0.7340146015634889,0.1977974340437213,1.0985052424100998,-0.3674649769433561,-0.2918986950494093
2641,-1.7412616269646648,-0.6548136195359222,0.6315896757601679,-0.12088007810935629,-0.9004103895604306,0.32149670481814246,0.8625035136730211
2642,-0.7782846282143867,-1.5174742282583196,-0.6411306654201646,-0.8774564011489986,0.028726725729374153,0.034465167826587935,-1.3146443231617182
2643,0.13574724199831337,1.6944554666028553,-1.4044188086661133,0.1480704756514837,-0.18705594145268248,0.16725896904260862,-0.9136855947930859
2644,-1.7847310942435408,-1.434519094142501,-0.9646736139856833,-1.3325084497364172,-0.10008703097960082,-0.21198931161025455,0.7123641423247591
2645,-1.0323553741719516,-1.122569940291581,0.08264783331891663,-0.19595454704128276,-0.8254567258142543,-1.7157711302971177,-0.06372239496603967
2646,-0.804876475486159,-0.4829857379981411,0.6196670727329088,0.364157734943997,-0.3568565752771505,-1.2730968136853194,-0.6716272318778769
2647,-1.0414532883952234,-0.6190878778176034,0.9894833109087409,-0.8140163115369097,0.18374087815069617,-1.0189120006550942,0.6650395805391536
2648,2.847819896443802,0.7376706671768392,-0.18861832719884222,1.0613091088753963,-0.22800323422873525,-0.4659124325719484,-0.6232506656592349
2649,-0.24220979965099607,1.1738492877528595,-2.1544129217330994,0.2997327245745481,-0.6748670844499962,0.6313377922094429,0.45915103541399377
2650,1.5526199382415353,1.4278546403220242,-0.1575280857332027,-0.05098667775352251,0.19575742313359348,0.8395598304488426,1.0034162109490277
2651,2.2207874519452657,0.6794085476019958,0.4160402187146821,-0.47552447072775966,-0.4373128844970961,1.2114552664208056,-0.3858586361231322
2652,-0.377591485099227,1.5095535187870452,-1.302828294775495,0.6837108731305924,0.7337148166897671,-0.6520085756405991,0.5123237169435354
2653,-1.035778234553268,-0.004726769513074762,0.4191632851511769,1.3985159701080798,-0.5910532938825717,0.7809692343837591,-0.510961498237522
2654,2.0678044442634658,1.539907865564429,-0.0690333310555792,1.5291585492884843,-0.3424519990300859,0.12365995773662898,-0.541617675093143
2655,-0.462511353597941,0.9034103922267955,-0.3587010949224327,-0.4060160253768676,1.0093433134143837,0.5267648030230618,-0.6266594622492807
2656,2.464374388201055,0.7169957573572676,-0.5974596521950503,-1.5490089561243452,0.5060791482301622,0.11127642568016387,-0.4836490004105789
2657,1.4210232603791308,-0.07512094650096467,-0.2749119688544984,-1.0692063389246094,-0.025518575334230038,-0.7986659847656873,-0.7242051893768287
2658,-1.1217851946513646,-1.4336042798069584,1.1472345961897348,-0.4840141591337734,0.131197456359991,-1.4396614281260736,0.5088609451808791
2659,1.8611404183989835,0.4676468577270063,0.8426041306580514,-1.1790831737423033,0.25288307194845794,-0.12926026371380883,-1.1416940419778283
2660,2.006471623880155,0.09531506553154664,0.4740786006162156,0.3591217111950953,0.6814228488943824,0.061299795621142086,0.2960732191763634
2661,-2.7676411946340163,-0.26797981745631644,0.5211713615949957,-0.6024425280149096,-0.16548380133238003,0.2536854963277918,1.4273845298507841
2662,2.611664311247747,1.0001941358237572,0.4014962175180332,-1.5341914049633116,1.4012569678665658,0.26533252769278437,0.8637316029903768
2663,-0.3894093929343786,0.1861876346435624,1.1379479834380055,0.8068711630030009,-0.9146713291182279,1.3766417240242717,-0.09508769932585227
2664,-2.0579340569296174,0.6221262142401969,1.904774922615184,-0.41755479176389243,0.2662606226957629,0.15156070717669107,1.1983138948667391
2665,1.2033628952312851,-0.9895917444919772,-0.7788942045077701,1.3356556317409003,-0.08336538753852163,0.21789803512688852,0.7835497071890358
2666,-0.5609425749883502,-1.0817039197364178,0.8368499993454932,1.21942388407684,0.7258339219771082,1.1731536094563288,0.18913088677711798
2667,-0.2903326134644992,-1.2025684935304142,0.22390703310388077,-1.5236755069344807,-0.07083981652531612,-0.801234929532001,-0.30410387777265674
2668,2.1396471703841033,-0.7326330579783759,0.9082874081431211,-0.41807665748126266,-0.05686056879768311,-0.49426922507916526,-0.30677959752546197
2669,-1.2033344845512721,1.3080918439396987,-1.0832375656310238,0.16841913498377833,0.5398207924262242,0.7317576386068111,-0.18951688355049987
2670,2.1700940448685744,0.9798536185321151,-0.5036322749780122,0.645907397536961,0.20536986876792931,-0.48108364318927305,0.20700379872279573
2671,-1.6787827438519678,-0.8704141620292025,0.09991699743473799,-0.7382591202671648,0.8862931436763547,0.5615096708901869,-0.2905587977063848
2672,1.6595356798903416,-1.0181920032195768,0.13305361444897662,-0.5634430632152456,-0.7437291564655847,-0.2738835685616643,-0.08083815036242588
2673,-0.02492508731720639,-0.6483750576217677,-1.187195609267518,1.173377746381204,-0.3667414273570985,-0.5432920311572462,-0.35716963928707196
2674,-0.11922693056436795,1.5905096846500262,1.3058996739872886,-0.11009208040229593,0.7190487568716979,-0.2896181710690944,-0.6129629877441861
2675,-1.2217475661320913,-0.9802828402629309,1.2507326792608693,-1.4757323983902992,-1.713530004424703,0.4901657776207884,0.32289394298295454
2676,-1.3116709880833544,-1.2094275813746198,-0.666311811521678,-1.4285009993525093,0.09687210547961944,-0.39462301527719423,-0.12055872962551661
2677,-0.4461740420053548,1.2914374177309973,-0.285691279651537,0.19965584707707382,-0.3683876903917889,0.39373876756150633,0.0363876581254314
2678,-1.9195767563965427,-1.70584349382617,0.9191403504917361,0.4871505980408578,0.46015127098459524,-0.7980827774330413,0.29428188571258723
2679,-0.9625325897793732,0.08217001778308257,1.5663986474043894,0.4079537590225849,0.21362433916795176,-1.0592823227388823,-0.8694451618035017
2680,-0.4508060026171256,1.0459717557151174,-0.5139401332163577,-1.1467324253683273,-0.06814846528124623,-0.05771223663868287,-0.46109420342886726
2681,0.6697798402782523,0.8057536789491568,1.4082043996019191,-0.5943254362313143,0.26759046024817995,0.16447853267436266,0.06964325373024131
2682,2.1822089009051067,-1.3014683670295708,-0.658079075930853,-0.9448315458779375,0.3018797894336031,0.7952393802367589,0.4014611885199963
2683,-1.6409161066451095,-1.5191846489804126,-0.10832260528158673,0.3927518285548543,0.5814223130298585,1.8196616458053918,0.4095883720797884
2684,1.858252052717178,1.642320912109556,0.5755787809894479,0.3885335233993021,0.08795881093518844,-1.28595554377556,-0.5147576389556174
2685,-2.311337908638958,-1.1980578147636982,1.367300229365161,-1.115735354938443,-0.8071113723078084,0.7257427525522323,-0.3156767302889372
2686,-1.540862095467704,0.3740960756594396,-0.06729983726201776,1.5235265433928886,0.39433015774212826,-0.46520020890098474,0.4422499952824507
2687,-1.525226167835515,0.8980799851856144,-0.023358918228905217,0.24449898510428378,0.5714811785044005,0.2574763879875655,0.5460095742810069
2688,-0.5401807771537676,0.9785990454667265,-1.6173045598796878,-0.03668134306650829,-0.14489914882960367,-0.5660831892628428,-0.380197451056904
2689,-1.017656521907698,0.8405618084333912,1.2470847721639235,-1.08865360019604,-0.05429245927074887,0.6771021607136576,0.16009092506102057
2690,1.653336819422999,1.6268098345626416,1.3069408804036313,0.4803250199420669,0.48328204852101314,-0.25894580059442995,0.3315502007806207
2691,1.757197472600703,1.0597532005798476,0.7623432870342087,-0.5631288690627805,-0.6834331004720055,0.4095410439660778,-0.31910451356355785
2692,-2.121377586883949,0.1638883234944225,0.5733855195236244,0.3662583059108492,-1.1008737218737257,-0.3456388431059857,0.24903291802077512
2693,-0.19802468435738474,-0.8527106133207408,0.6991007052170286,0.9311243945902601,0.1506146155061226,-0.7877551421747706,0.3846612014719941
2694,2.910054484292062,0.22420220559095053,0.4429068228709204,-0.7234842820633802,0.6016284380035029,-0.1371233224968016,0.5745575950213481
2695,3.1702289371802745,-0.06947821449353803,-0.8944672902706384,-0.7234739089386519,-0.49400918455352333,0.815295408469293,0.46539002708306154
2696,1.9424524569673396,-0.7573862865915862,0.5232308506237572,-1.7824015993023565,-0.312236876275065,-0.9056024934748674,0.08495742905918521
2697,-1.5247013277069592,1.1708205431059744,-0.9881184388957541,0.9789874900031479,1.0946978477376357,-0.5875893701004165,-0.20812354844667263
2698,0.4119480507534438,-0.02389942175148833,-0.7421976490543651,1.2014161849900955,-0.5452797087783906,-0.8684128825321927,0.5459495441392938
2699,-0.07752524348058865,0.24328430511053045,-0.7296194779120174,0.015184753495248605,-0.28351465859003466,-0.558540237527055,-0.6714506910094156
2700,-1.7514051156337291,-1.172426772888235,0.8249883915466301,-1.2721711560354274,0.3275036582412313,0.6237088282704498,0.6000675372883197
2701,-1.4019581220551611,1.0940001127135581,-0.5609923066852293,-0.6104787422217265,0.01942753289693085,-1.5805238470942118,0.2616963304591267
2702,-0.12563821501768996,1.4999989868243229,-1.6904474859426666,-0.9244049601770896,-0.36901176621495263,-0.16773258462372614,0.6461065932442507
2703,-0.2793663765556351,1.3842379980867565,-2.0538635784491,0.7026920036973922,-0.23219065205735892,-0.1468881747501041,-0.42883904496067826
2704,-1.6555076945045106,1.3502212134292204,0.653010864456766,1.5355458474039971,-0.6080018154714482,0.885039176578625,-0.16516007827050994
2705,-0.8098477179841871,-0.6810029302423716,0.6092437793740666,1.2315845876593294,-1.3310698447335454,-0.20190805093227898,-0.6690626309909181
2706,1.0553595500169577,-1.037601102957671,0.8802945942484653,-1.2992397623068743,0.3953027016242175,0.32376660118470024,0.6928421316766625
2707,2.4613683595126314,-1.620656006930882,-0.5424485921949631,-0.2379954381496903,-0.1074994009305526,0.6855584660739206,0.07080269091702525
2708,-1.0163793018469678,-1.0348257297204106,-0.3052219809091264,0.06784295118152234,0.1184796173901607,-1.019570432444836,0.4056155599358002
2709,2.121069528992529,1.043831685615596,-0.8295725942120467,0.796580130146933,0.5358477243484109,0.8439869246117193,-0.47035289579253076
2710,3.501498326449942,0.9950152446251298,0.4062005206511994,0.5659866924924684,0.2788256741289152,0.13951852070112108,-0.13731729136323867
2711,0.4228429618580366,1.6127769402266883,-1.0154744061390277,1.1590472527167082,-0.10147281261257744,-0.14614224039181878,-0.7548754274756688
2712,-2.548568289401608,0.4364652115642615,0.013785031710589254,-0.5225352456389312,0.3421463124346052,-0.9373269482259312,-0.013689411587563571
2713,-0.42703932197439737,1.0876284995844023,1.0514109028263774,1.0657864764511729,1.561651510740442,-0.41020731635417707,0.33577924952789984
2714,-1.7372691645800553,0.537327590634527,1.0388832450149008,-0.8584504422805076,0.6348039677977334,-0.22975364636522386,0.7311803358564254
2715,-2.145391952317464,0.7134009066767523,-0.8962115205407675,-0.034760513638805036,-1.1513866579692082,-0.08832666236935527,0.3805639791340749
2716,-2.364670702921167,0.752004963319033,1.2375969837811696,0.5936785843225807,0.075519412535677,0.22489378430929766,-0.17103866376440918
2717,-0.6128619376654167,-0.712763048498814,0.2632723229696563,-0.6472236771118395,-0.698208421658626,0.022299998932927532,-0.20104547187840272
2718,1.358492229726223,-1.1111862313647372,0.47380369084205776,-0.8187752874475654,0.7440717239443014,-0.6371582884785222,0.48884137278279366
2719,2.670974975235347,-1.5857608292350887,-0.3489490222873407,-0.24391689439009342,0.5404818330013526,0.18680753425308427,1.0077079551607169
2720,-2.2170930793178103,0.886719189024954,0.8836727491621557,-0.24439495320663362,0.13088809228719947,1.1641767801428933,-0.5484648250803191
2721,2.7145949129466054,-0.6175425887487989,0.34731942434439245,-0.8270347671479442,0.22885917834966052,1.1681938263500273,0.7044504720952435
2722,2.8961543882079446,0.8243992781989794,0.7138590823408432,-0.8813212010995672,-0.2158202812882728,-0.20982337921004685,0.2888927001671267
2723,-0.10689828125930065,-0.15342732701113024,-2.569459538059651,0.932086009844783,-0.32197423651135315,-0.822298266162356,-0.8137465589887831
2724,-1.9094042637856548,-1.0548236330651801,0.2961061952561859,1.5748846620206138,-0.21241012523233915,-0.08058098785657257,0.2939131049991423
2725,1.9811076363742777,0.6415608723325996,-0.03585895353168883,1.1526695757825007,-0.8708612809934047,-0.2996604126930596,-0.8163227583988112
2726,-0.04119300160844503,1.148028827192187,-0.44065738522490094,-1.485623848019008,-0.08633476986350232,0.5999683595700712,0.0909384655081941
2727,-2.318331432980601,-0.3094887113015736,0.6005016910299442,1.283116602274463,0.02556902349936423,0.39788125607534147,0.02007617899187504
2728,2.1723896284632196,1.3972432048317187,-0.020316128021738163,-0.057753411978070934,-0.5096661574445113,0.3862295197124823,-0.681845000160516
2729,-1.9122743926372958,1.2508688228152858,-0.7906173287084688,-0.8138813604039428,1.176089552623961,-0.40554746321095064,0.49993692174979226
2730,-1.8345855011302152,0.2508229649979715,-0.8976689481706164,-0.48124147944828805,0.011124813795389621,-0.2131463336997432,-0.10268637480486362
2731,-1.8498259550088614,-0.5079218515576899,1.4657076563302822,-1.1826883231507654,-1.5662062346448167,0.24431075016203202,-0.5642475508073388
2732,-1.4956222312525074,1.621699780004112,-0.03815036400381207,0.6453296710169544,-0.751191471383075,-0.6326008569466426,-0.3486042271262629
2733,-2.0928627114301888,-0.6966931317886176,-0.8787687220958437,0.01373146160885908,-2.1459443294277882,-0.08810831910286959,0.093018902724855
2734,-0.055927028988868165,-1.122460073317143,1.292773875840734,1.191760165132549,-0.7461385662247039,-0.14638990967507717,0.3195186513531249
2735,-2.1089162400809336,-1.2186456803718255,1.41996563012705,-0.5410801081779513,1.0178604687394939,-1.3298205150168547,0.3476100323013778
2736,1.9115164974382424,0.07754305966739716,-0.31318242028583526,0.1042349698434204,0.04547690149414179,0.3415681569089525,0.18902936593807637
2737,-1.9981174561727282,1.572588384663655,1.9794468647632133,-0.8355302936156738,0.36405880066911595,0.009585704940346074,0.7789195600082534
2738,-1.0862177398651893,-1.2658268286340075,-0.4929694155848288,0.7788036558607856,0.9084386047736592,-0.31158648979435,0.24323662755962608
2739,-2.097052725695059,-0.28994786569846726,-0.2447199266103928,0.09024036348384279,0.40618572968927114,0.32543796299308364,0.31887341679699294
2740,3.293484735495875,-0.41977931718684736,-0.6346613668668547,0.5599089148653387,-0.2778306481464379,-0.5401850018240725,-0.8742062744972908
2741,-0.877845688269196,0.9902640205453911,1.3628987498122207,1.4604647254322192,-1.0499448150064117,-0.6579017588655581,-0.06485428757091127
2742,1.1546596253436132,-1.5672551441143174,0.6793210980025891,-0.3203454649407375,0.1565447250089285,0.6648002874535983,-0.05454779437776679
2743,0.5914805850740923,-1.609472869731773,0.7082434630923422,-1.2156366210974523,0.6821948710688782,-0.204895971966415,0.23805718611719687
2744,1.167679916698575,-0.025584130488345125,-0.3765368470625803,-0.9290797252451453,0.13960668168489868,-0.11385875222770274,0.9275239600599643
2745,-0.4690292181985827,-0.18359546006826322,-1.835373720494777,-1.2765772037019376,-0.01342713626574971,0.9042531337180529,-0.32054094268350314
2746,2.0442967215776453,1.0477875344092475,1.1457763176477176,-0.6159457109619648,-0.6377236357684907,-0.13723187018657262,-1.1658928681899583
2747,-1.678753425106805,-1.0932204939070447,-1.3727743675915303,0.7388993070909183,0.700870212457208,-1.4533570739844635,0.2570825608635663
2748,-2.497138141423213,-0.4999296401028791,-0.5089678689756874,1.6794923970973812,0.062428738105643054,-0.13087540762012356,0.6417178169354331
2749,1.5821016473264626,-0.8853694258377076,-0.8180137436652963,-0.3396238105525914,0.626489324823991,0.10789448062978853,0.4782131030246472
2750,2.5303331979838233,-0.3703163557475838,-0.9053704417113229,1.4099825448374468,0.10788500036922798,-0.6818178255978508,-0.22181635562000018
2751,-0.5352179417697893,0.03224108575197472,0.9173377099913013,0.10322278636064441,-1.4751973772274984,0.22564580570100765,-0.04849255594121939
2752,-0.7508624035445933,0.4475450058026666,-2.243326937516973,0.24617877358601314,-0.25637316815288524,1.2456942511339415,-0.7700926036241608
2753,-1.485272201030759,1.2592248163882225,1.1673353606921837,-0.6852169086746572,1.5119531554838188,-0.21428111797120386,-0.48340795593972025
2754,-2.473373786962115,-0.6354904803195254,0.17961736660147834,-0.7301309831214379,0.6407701363464146,-0.8005713785006111,0.28983334339043126
2755,0.003397950457114537,-0.4629100695112144,0.32742422415389316,-1.1881583511279357,0.03259716763484757,0.8037291546551596,0.013647165333986059
2756,2.2325496587464424,-0.6552949163259862,0.927351836866229,0.5078126292225364,-0.9827845089614696,0.46232740500994757,-0.24635422811900481
2757,1.502720903975537,0.6364838994587452,0.7571187969624409,-0.2663715188141377,-1.0008433134766055,-0.35390152693245125,-0.7844098575223148
2758,2.37550778228592,1.6833004612740898,0.8281773116371496,-1.0438111979487312,-0.4532593008559274,1.012629226692209,0.15588720391136407
2759,-0.25251100802689247,1.6090101342654923,-0.6475019128613732,-0.18066380366785842,0.05721800547837079,-0.561935542695705,0.6500143331154162
2760,3.0963780354181476,1.4995734875360536,0.048385130139730864,0.3981127941435426,1.1972276062693497,0.41542578417155923,0.8358870317015813
2761,-2.360407599060539,1.0539488943454716,0.9369368768027097,-0.5507150856897313,0.07252599480857236,-0.06934980538085082,0.6291531125049596
2762,-1.7347900848507292,1.45949353213008,1.1536229071759445,-0.7809381508891011,0.41324846831600387,1.123464691674118,-0.3231666686091375
2763,2.444779958729697,0.8198738403095159,0.2846796844006507,0.28803688083279744,-0.7251300567086992,0.48419780006264806,0.9539718989918722
2764,-0.6822511780457361,1.67563279714502,-0.4183311612310739,-0.0826553688073746,1.2667864781098712,0.2390984492775832,-0.15428456200814117
2765,-0.9164890339208981,-0.6030955583509228,-2.216091088204245,0.23468641185794126,-0.10244063804257714,-0.47126222963510206,0.8152575658907489
2766,-0.4057643914925453,1.6124972237341553,-0.7824970076659099,0.09876876196609156,0.8218862943678377,-0.1888656433580842,0.4350118112095137
2767,1.9992501692429208,1.6618884393885642,0.7880961051229962,0.8093714679403483,-1.2705571407635032,0.20428007282805927,-0.685836239557036
2768,2.178132550868161,0.23026683549289317,0.8059928614784913,0.15898187473678432,0.16762037268745558,-0.32669935103294706,1.5767426380070286
2769,1.5550221824219095,-0.5935211070822922,-0.6620409388505194,-0.6640477455091541,-0.07402442637141836,0.14475524608016269,-0.07028505786037456
2770,-0.3956653389975961,-0.505524301215285,0.4529340486386256,-0.7177524072601511,-0.17478134011016905,-0.6647619113170228,0.012710286070954575
2771,-2.281353529779481,0.804719402883042,0.8557373724590532,-0.5638038472390462,0.7275846629660558,1.45358997943211,-0.5244363007023797
2772,-1.8449068183098296,1.054447175263929,0.8056000030102742,-0.15611038592103296,-1.2074983289530723,0.1645596686618292,0.8590028059680017
2773,-0.3817937953951006,0.2473862442289624,1.613520439108882,0.5989371471586126,-0.9222747180129499,0.3431754116709831,-0.05108590167531284
2774,0.8535048608687563,-0.6762810285069362,-0.37574101116926023,-1.120648170642582,0.7772408130878504,-1.2783976650167188,-0.3188425175496079
2775,-1.2078164840561325,-1.1466338742587154,0.16498747018238558,0.5784746071935053,-2.067913262513957,-0.13199620368039222,0.7486922754045381
2776,2.9352079230211543,-0.1608488453834232,0.3783014652211049,1.399743136849347,-0.17874755455795194,0.9517347971024939,0.384803695083737
2777,2.214815655337042,-1.295269964344741,0.5736768816649085,-0.9381831310915387,1.088733593679579,0.12502197577990848,-1.0495508139009495
2778,-0.33836931412710497,1.1366168378745762,-1.2609870731584734,1.2012210909215666,1.482086407752571,0.07645365229800981,-0.3469506067508978
2779,2.403541206512786,0.7748735968924085,1.006757267257855,1.5131358796002385,0.5005227900199369,0.518031037531997,0.6262957702267832
2780,-1.5081669111126017,0.2665709024063811,0.7691055003586876,-0.11529298563863077,1.0353191707267215,-0.6029852779555301,-0.09459672117618204
2781,-1.0569676001987065,-0.10956294997050184,1.380749257262768,-0.8423545695968458,-0.7897774120648713,0.9723108337079804,-0.5736585516878026
2782,2.6224040658984182,1.3298441553425455,0.7727627812385048,0.47737058062235205,-0.5360767712520392,-0.7722933214387134,-0.9197815271505728
2783,1.7530787237614616,-1.2425712886579434,-0.8170442754452363,0.3507026352333146,-0.8508501609625881,-0.8841272781360593,-0.43350376555772424
2784,-3.118146030428791,0.9184424453441637,-0.6422243081272542,1.2154270184355653,-0.36675438160793605,0.3625613618432807,0.05418401354301281
2785,-0.5257225181918691,0.5397385740606346,0.41334765727128703,1.213155823947474,0.6398164297369864,0.642550069515942,-0.4467802923626394
2786,2.995063950651503,0.15757416610656336,-0.9272369312941156,-0.16430728938902064,0.28861273302958873,0.0574457124240987,0.5247735082679529
2787,0.8091885004181704,1.3125620474504391,-1.2700258925886185,1.0545804507338294,0.5361657314711067,-0.032756874234721636,-0.8625526109090839
2788,3.0588871939956905,1.1424053835079429,-0.8594283194291876,0.20589964110685147,0.08798053001027568,-0.6584359017888556,0.22179040306995126
2789,-0.99062299128158,-1.4590021494102694,-1.156327442248572,-0.3751938654770369,1.3706947543261947,0.28988812728716895,-0.14710524489935595
2790,-0.7742216166386445,1.0847777250551094,-0.30253588371417717,-0.8809875578959112,0.6279591491219477,-0.8131674253685677,-0.47647818267592895
2791,-1.4044114923413638,0.03523754190894023,0.15804040518210455,-0.8214077688356117,-1.1738045302203002,0.33522929520191114,-0.01042221637284841
2792,0.004558792899813417,0.7747272382066643,-0.4610612283127026,1.5026815648057887,-0.6705256878676172,0.3542663502396645,-0.511223087552808
2793,-1.436471273617997,1.4606170985370246,0.3660661717278827,-0.19288336145216703,-0.6364202805777666,-0.9858868002972391,-0.5950673695759797
2794,1.0643857668992687,-0.09230082958100379,-1.405572722227736,0.9871647764633367,0.3077869949321709,0.4347379449257202,0.02956705432687785
2795,-2.463307849070241,-0.04387979299356977,0.6005428932810671,-0.31987759170504304,0.7192214205417227,-0.6715756496719186,8.973186909216669e-4
2796,2.0493033433511347,-1.4793269743093063,-0.42795415272151666,-1.892931042460309,-0.015367744377231663,-0.04868101345676688,-0.5269262426522172
2797,-0.2566496482523603,0.3608221261935445,-1.257362909984374,1.4797784479848157,-0.546704799800729,0.7932601216676675,-0.2806774195329521
2798,-1.0596539402162728,-0.5811503982708354,-0.998769575872803,0.2567042438087887,-0.4636285983642991,1.2705195585886706,-0.13260228467541726
2799,-1.5845407485246503,-0.6696572407302791,0.5909306227310961,-0.8003279654404659,0.9023615815447716,0.3953101627144528,0.17560368899585088
2800,-1.0254832870807151,-0.617135165212534,-0.2950059914801298,-0.1432063534777963,-0.6681637466235358,-1.3632756827823875,0.3695339558144778
2801,-2.1151288726402626,0.654089114058814,-0.511382788560849,0.8463503084884242,-0.7263709690314569,-0.1263654540659353,-0.17318816674391418
2802,2.9038617024855875,-0.4487753693954301,-0.8935603900144237,0.22715798233037246,0.04407320115877184,0.2242792118513605,0.0025083748546643756
2803,0.19084851232273628,-0.5302861807518429,0.5408267779793263,0.6594072682561822,-1.0162269592327209,0.8654425683495255,-0.5477631813168284
2804,-2.0014713381524514,-0.554219378492363,-0.23907226471739526,-0.5395847053668067,-1.8800847004111811,-0.057469260165763175,1.0767769496614412
2805,1.8877754299086391,-0.9593891007023339,-0.9015719409032034,-1.4020840132650292,-0.40931394887296796,-0.02287068400299578,-1.2419941698461912
2806,-0.187291381617115,1.134039086371344,0.335879620255663,-0.01737541454702525,0.5937176412757683,-0.9559961853605881,-0.03870136578911132
2807,0.952031192520169,-0.6986491819007836,1.1601620266910257,1.1281153850796077,-0.4157265657346239,1.1446815659522007,0.44552477562137555
2808,-3.0790685236281576,-1.1572548355220953,1.1683750577207792,1.048271256809159,-0.030200004591549034,0.04051746940380756,0.3587212775785512
2809,-0.3977420665701138,-1.3030226955929025,-0.6209381982086815,-0.835908319238857,0.6443621823674771,0.6996121361302355,0.3030793533888439
2810,-0.233621061469253,-0.24374388407571457,-0.5531573010786786,0.7240741366369172,-0.7825466087989316,0.35577549071280656,0.09930290047087051
2811,-1.7728566392642724,1.3382503734888167,0.899178789532134,0.02311465954691049,0.4867936422192317,1.1690610972259987,-0.9147294281216289
2812,-0.03617213180356427,1.1617674984060429,-1.8879794130022798,0.34075066211174226,0.6500005352886109,-0.5460009900553866,0.17814112639466556
2813,-1.7813007405127692,-0.12776773050344692,0.7786246787309797,-0.3065026142726614,-0.40762759687725625,-0.950166953230636,-0.01654683379495884
2814,0.37659206248938626,1.7346557593619905,0.13796777208780805,-0.16541089726446112,0.5924688872900552,-0.16920387639123485,-0.14090080653013262
2815,-0.9773516158268903,0.7679253897430618,0.9981883398476286,0.31756404858786885,-1.7403193036959512,0.7496611608605134,-0.43128950616530265
2816,-1.2838294197654776,1.3033261731523658,1.8232725732074755,0.05096171244477053,-0.3128590323177952,1.056462743712618,-0.44634570478031094
2817,-1.8346797164719386,-1.3006224263738742,0.06017288075568909,1.165124888946334,-0.13391613586769902,0.6648583466521465,-0.16869561470036898
2818,-2.596075460527426,1.473286977856416,0.1898104360696868,-0.46771017870816467,-0.09309095680289661,0.1290212627629246,0.24711522794914237
2819,-2.376189138884743,1.6161708599038778,-0.04554915870728397,0.9322559881165595,-0.1060211931805288,0.5092073458562396,-0.24155680655024278
2820,-0.8305889192677647,-0.2548508036718441,-0.732773312124244,0.015484054627825232,-1.1176437275682878,-0.08209329981659567,-0.7939929846855713
2821,1.7469567192611928,1.2359037064674319,-0.17323588677061763,-0.42029813677835426,-0.40988012746189734,0.2471767377062871,0.8510710647770948
2822,-1.63233590687072,-1.1330734796048292,1.2915719873775566,-1.3439089783520146,-0.31685963127714223,1.2201142822965925,-0.6418494914473277
2823,-1.8086424400420078,-1.5246270094084269,-2.0903335257814084,-0.42300984221626314,0.046110768675891964,0.1559708025801951,0.4148092183388116
2824,-1.0349173907522666,-0.14113493978711217,0.8073275579796974,0.628581646441485,-0.9886538584157979,0.23684281914058444,-0.01053126745554086
2825,-0.9360411766863961,-0.5419214629956894,0.70225273560815,0.8342859184369997,0.48922744111075617,-0.38791610646393765,0.3961447839766304
2826,1.6557864073994555,-0.5117691159860165,-0.4606220278595161,-1.7691896556461795,-0.2284969561696893,-0.20224167103895105,-0.3263884967265031
2827,-2.300964213609952,0.18236166109064572,-0.10771631060051416,-0.5262203645228718,0.6906616318640937,-0.4433946262725707,0.6521450963687473
2828,-1.8909381842057191,-1.6036481468268433,-0.22510979532396372,-0.38587725321901434,0.5958808729115189,1.6011384794047863,0.30077139434834266
2829,-2.6893188561164085,-0.21068691475607754,-0.6799074041188921,-0.2584560483988175,0.07252866451419727,-0.12910176456651815,-0.17943612366751993
2830,-1.15005582268742,-0.010933280548472209,0.5746059583593033,0.58630421996777,-0.33270321886314497,0.17772399063741337,-0.015289636109818943
2831,-1.1110982582856566,-0.7733021724247843,1.5832562502255594,0.8860925979504981,-0.8886290102730433,0.1988377408322035,-0.2423397312597323
2832,-1.9312154014040939,0.2588695165735319,0.1761949643517873,-0.5632173445668711,0.19140905129297886,1.4824199386310182,0.8259679341615858
2833,2.548297864467017,-1.1535927241470705,0.8224605221299326,-0.08460944829237926,-0.025053665049911265,-0.7619032861688467,-0.3642148873980615
2834,-1.2356778346001285,-0.008434564173065472,-0.7410506101447493,0.7485307961995229,0.49858046847289195,0.8543031115687597,0.23161528269292894
2835,-0.5649461290652951,1.2724237650495416,-0.7139560996251756,1.2641192948591171,-1.1268033624618243,-0.09660235084012721,0.27731894368719767
2836,1.1391275909411687,0.10819224728150802,0.46243108942550515,0.20267150037138942,1.2493841515545168,0.30742138578556605,0.10358336662140606
2837,-1.6680458045949142,0.16692402461771239,-0.23926343486702853,-0.10157529687742022,-0.40078724128600207,-0.5639052104588386,-0.4951100737009931
2838,0.9790543231061941,-0.15610241553223403,0.40497030995552397,-1.2511104018389632,0.08143665145396146,-0.20154603971188437,-0.6124717254927274
2839,-1.7975741091508206,0.35587206700147833,-0.3442580667228896,1.443166384565956,-0.27034621775216655,1.053351342621775,0.32892391994039666
2840,-1.0292049345203658,0.8491313770534451,-0.064813779775538,-1.6424469362857137,-1.0260834448296487,0.2656167174166794,-0.19636913457833594
2841,-0.5125668801364672,0.8922316853839037,0.8831320731422841,-1.1129619006713236,0.5128110622648078,-0.5687385854107861,-0.1944645737636475
2842,-0.5645430930005568,-0.4006577507584315,-2.6330098986635235,-0.2993781395841679,0.2931605477372032,-0.1292829278299594,-0.36937201828598737
2843,-2.521381511424385,-0.4552298544908893,1.2817085165152027,-0.11114994777930297,-1.024972210083854,0.11840808219518517,0.12479477273363829
2844,1.0267662059776823,-0.2512099465872314,0.18343971595481404,0.6080357575458558,-0.2691931427825599,0.07061836860183512,0.0011076823590911499
2845,-0.4042564278465652,0.12033080398992893,-0.5087761001301807,0.9130019739737503,0.5765594939522508,-0.9445453235711193,-0.4100071143202447
2846,-1.1529692729375782,0.3974565434093589,-0.36159831270984083,0.3282794487341492,-0.7783211549273744,-1.013843073424593,0.6004413205162853
2847,1.7749852333006562,-0.6923762728056748,0.3255858323320401,-1.3450363285374098,-0.3838459749953812,0.05438019438326083,0.372187035996917
2848,-0.07733799572307913,-0.07300129544239264,-0.09420361825806925,0.4128035112299777,0.429061047874725,1.2753594685950491,0.10950841256161388
2849,-1.438685650679976,-1.5986509078620463,-0.12311150392449882,-0.9565198832708669,-0.13887258089381668,-0.7288378429588824,-0.09867201982180988
2850,0.20456562789798746,1.3261922073333239,-0.15779318596299183,0.04621497071577166,-0.11963420603202367,0.13003976947525528,-0.2833099494108198
2851,-1.2709665541767265,0.8326864184178683,0.9525886123965128,-0.16801412037682792,0.29547930706045145,0.32624235992161155,-0.6613915430807729
2852,1.4909378155766575,-0.20164919745436885,0.08280695098668783,1.3613121744662988,-0.7227715747000095,-0.3306618334124267,-0.1175465118399721
2853,2.350314419845787,1.5948009881854182,1.0334263905104994,-0.04081539647364524,-0.37311160819644335,-1.0334672259899391,-1.054704187636412
2854,-0.9198911758739426,0.21269019387838117,1.2566654935543444,0.12999445947508353,-0.5046461764997203,0.8399847065694519,0.48109052027267546
2855,-1.0838608186645926,0.3428995686264939,-1.1431162635729197,-0.6408718301170109,0.10213499604252584,0.8401549745353161,-0.07830316236077046
2856,-1.59441971029409,-1.409267792296807,1.7281967234430105,-1.1211854930851837,-0.5290785128695588,1.0357715785634352,0.40878797762258573
2857,0.9240457151001358,-0.6341722361516632,0.9393901312353862,1.361606997789431,0.9862684157810699,-0.49353350225190784,-0.3851054592563477
2858,2.580019119636111,-1.4663550029255286,-0.38778330853288195,0.15924151201042772,1.2545941740324544,-0.04651346126623347,-0.8188190433435991
2859,-1.7260544479714637,0.0692101254892618,-1.1833586031913708,1.3913314782060677,-0.10537639382482637,-0.09527183809788373,0.16012891130562923
2860,-1.2565167503439794,-1.3340516511599734,0.021892376491526973,0.14067658542673736,1.264577747076759,-0.9105511879773074,0.49868888570582887
2861,3.097753985397681,1.634910454756482,0.8276553560098846,-0.4352857833669419,-0.41163251552330915,0.945924901909856,0.3294297458313362
2862,2.1150963970217753,-1.3176650805314656,-0.40707370094382916,-1.1468794316536364,0.4499370761283477,1.204501981494415,0.6449064334282091
2863,-0.018496020175858177,1.0658515260556873,-1.5305328118921866,0.8554807418202229,-0.4883956108243841,1.1237967020576691,-0.08930235218557077
2864,-2.0701912968666583,-1.6775267662688629,-0.4026027620604749,0.5197055687107888,-0.017688738861035353,-0.7140927430420393,0.9011112366993561
2865,-0.15687697771,-0.8408795969946379,-0.5617080115744141,-0.9920714494367049,0.742400886078751,-0.13479719061594703,-0.1960807427250464
2866,1.1820139199652004,-0.05150721320118312,-0.36631634040893324,-1.1928033776802158,0.9822177477110717,-0.72747500287497,-0.27441425174173656
2867,-1.0696225237735582,0.5004749346556188,-0.22327692677729227,-1.5396003694482987,-0.8922771634178527,0.5627709821091733,-0.012841709902653117
2868,2.103176031252865,-1.1329872644595322,0.6680335514835081,0.21388688558438493,-0.04494922419289507,-0.03977556247416517,0.7159104476259128
2869,-1.7426005334623018,1.4361744694001344,-0.4850939626323747,-1.3526706090933487,-0.674805221261984,-1.613859300116689,-0.23545535814165128
2870,2.6169313336778197,-1.127679620233662,-0.5119963177761664,1.397522673998768,0.8899122967710251,-0.25849218203571483,-1.3005293620489635
2871,1.386564366920834,1.0901212334341726,-0.426388823706315,0.6598851949557035,-0.22394946365318505,0.4401376174974184,0.37216354761455483
2872,-0.4742094583381039,-1.1815295813128575,-1.4255569187314256,-0.4584138608671855,0.46616120869488,-0.002285286873345489,-0.410939150642499
2873,-0.7741361779322529,-1.6545636304852607,1.0078272650942992,1.1982718880361625,-1.1442868575358234,-0.7010613051902629,-0.5808437189073653
2874,-2.1717636567752097,0.16646738849588735,1.3626879180549496,1.0603132760774185,-0.4498856522834926,0.013492569802988399,0.5158335974814918
2875,-1.2164481476250517,0.8687992817071214,0.11347988618717383,-0.7233705297177935,0.5788815846922406,1.0048360462743817,0.39507938779337726
2876,-2.038977616334769,1.433032050417456,0.5153671836870934,0.24351391213593163,-0.8039800550540996,0.8901501842807957,-0.15956708400757558
2877,-0.5462216253993658,0.6706101419720689,-1.5005201662165792,0.5823419086163537,-0.787957962841898,0.017675072531099442,1.0175070636602117
2878,-0.2720945008158772,-1.3754605225921812,0.3844881466095903,0.7423752530930735,-0.046488843233872534,0.9690185723811627,-0.280205252176947
2879,1.8860134269039077,-1.59434605903199,-0.9605381990514822,0.513522469559986,-0.5009031110830234,-0.5478411986138884,-0.79479236465065906
2880,-0.06231716086298143,0.6982222237568156,0.3417122350626261,0.8522587470222164,0.15255899765826178,-1.2499205531926176,-0.3073158317242627
2881,-1.0509325275786443,0.44744136171532456,-2.1665484541126374,-1.0169024434634828,-0.7242342246510505,-0.5828262672265118,0.43026443480352505
2882,-2.033037620631338,-0.569564412042409,-0.8864077486150328,0.4058085809387724,-0.2352964325172067,-0.32844807176023877,0.7561628055047477
2883,1.1764465623194558,1.3399300323025098,1.2162543587294912,-0.10797202850059408,-0.07267767429428504,-0.15475933141580894,0.2221562114305292
2884,-1.1639315404303363,0.6518223013848043,0.5179481204868231,1.3278596123279767,-0.09612533484212098,1.2898019671801328,-0.7242490965521833
2885,-1.5381746296589756,1.25780824942939,0.28805039059142606,1.3743453837853077,0.7532413759314398,-0.3727236196680747,-0.08404876006655697
2886,-2.006947781943251,-0.3127856547292196,0.8742290988201368,-0.5420135326419411,-0.5151522144579244,0.6684834548857473,0.9293616590881202
2887,-0.9594132399993373,-0.9921921314752093,-0.7375698628043237,0.0807641308434985,-1.1634380648707552,0.8424181015496205,-1.1532705661835698
2888,2.999530043590671,1.037356057487754,0.30662150947845707,-1.811969364893909,0.3641370875167918,0.39116603521951315,0.34702545780331784
2889,-1.9051454200344033,-1.4334903624972017,0.12933398966028792,0.22589946749975828,-0.1445231831292346,0.25443713907566967,0.8973982042645794
2890,1.2982715525928443,-0.5079259314831943,-0.43972105003582385,-1.5568760314947871,0.17998231707284051,-0.4786307885317879,0.0072176556942687735
2891,-1.4460427347175429,-1.6481445954488558,-0.46842733478588544,0.6347672939594052,-0.15898695399133583,1.2724493052266272,-0.8358628260669775
2892,0.25513951159614456,-0.6132587717410878,-1.8985339178740885,-0.06440905311436945,-0.24868785976973765,-0.48432191606055863,0.358959200365061
2893,2.972055639221549,-0.5074973549800806,-0.6104138616203688,-1.3556445318929737,-0.2229157270928858,-0.22463299276762627,0.5360746508233307
2894,2.924608729383414,-1.2355791221219414,-0.4198870840922741,0.7707382851671842,-0.012473427419614694,0.40374049617955343,-1.0947007259181096
2895,3.1902673056112247,-0.4309514650136517,-0.69905537355694,1.23091736796578,-0.8719797077862929,-0.6597787661149792,0.9883691804788465
2896,-0.39620688155122263,1.287448291545853,-1.4889432212838254,-0.40266295284172715,-0.08006944199534687,-0.33107021128268505,0.6668301265428224
2897,2.1069687480750536,0.672506759510189,0.14265527111692256,-0.496489185072666,-0.23280273583239347,1.3284718766648589,-0.09444559822172151
2898,2.6997256845555153,0.9215630435591776,0.8089426421218808,-1.172057660237105,0.3827971773467689,1.1251808292436383,0.6623803575445762
2899,1.6930673462329235,0.8770743162583672,0.828053838350027,-1.1060619191340035,-0.5110542624225092,0.19730170004781653,0.37966267398897446
2900,-1.1618355741892994,0.9591230032863342,0.8202261000720031,-0.5628210103761359,-1.5491857846065964,-0.30043281748113754,0.37113584416039236
2901,-2.1567029930278125,-0.9453424313551037,0.0248332744995439,0.13822381456865396,0.3252970406110432,0.6585446482416596,0.4043111947003422
2902,-0.44468070085888617,-1.6149133548833765,0.5374555080744045,0.6114149589641834,-0.542792828005475,-1.75140940348414,-0.4583813791401757
2903,1.9918296729034255,-1.347505522909741,0.33957660343095747,-1.1211875879622788,-1.010686528475727,0.11182283931276314,-0.22075131888159616
2904,-1.3173502489644058,0.5774332974981269,-0.6035440402068168,-1.1975542172331897,-0.6502651788999136,0.4433501747503099,-0.9113935037669288
2905,-1.4937941167850366,-0.44895292227046807,-1.0313718595649723,1.4769371952073578,-0.39208949547115163,1.320809678689542,-0.39617979859430846
2906,-0.3015766497511132,1.0084373265104554,-0.7491459451941515,-1.0870409115341,0.9915355396412817,-0.2681051705715889,0.44523853239062944
2907,-0.9111976364028835,-0.6710020628393979,0.05591477519107551,-1.4853200179896755,-0.45008551358686255,-0.4513703879476527,0.2688628092202246
2908,2.31229263001814,1.6400288916064758,0.42394753503671767,-1.694936979917921,0.9389672116737521,0.044496860337119894,-0.24100495536001318
2909,1.7226477471625277,0.11074099665243278,-0.11208288495706308,0.6743296587515195,-1.2439711688821733,0.03988185585520059,0.03399685659465266
2910,0.9255831797144869,-0.41254748002570146,0.7423427417744093,0.8821778550869921,0.8087222220405591,0.11455848790380552,-0.49824678365882397
2911,-1.7305574307112823,-0.13539567141151596,1.148602999870716,0.8355903988934159,0.8983844105174893,-1.237507311683928,-0.3593615470706112
2912,-0.5673076536203887,1.0890105543602744,0.47709861850326146,1.0961441192155923,0.924179090093682,-0.600146208821307,0.4469952877184821
2913,2.6476659314508164,1.7696002840030003,0.5534868089413124,-1.2793096649209397,1.214100189426803,0.05848932680735623,0.08617826739860059
2914,0.13248402123813346,0.7379607543885208,-0.3642910062131568,0.617775070331815,0.23614913670878582,-0.9541591201790751,0.6989454679577787
2915,-2.497911852044806,0.6551968818679726,0.10353418234395752,-0.7814447826193873,-0.2935812361363715,0.736835145007502,0.9446143964820422
2916,0.8718933891676374,-1.6034353854337549,-1.3618823002139298,1.0071053494092082,0.24303388674094728,0.17812799660770712,-1.7916608860951453e-4
2917,-1.1845839102230988,1.182344278342783,0.7047438561270317,-0.3537789610434864,0.1737060266932446,-0.9214988892099129,0.49891130363755115
2918,-1.603593181056079,1.4386579835020135,0.09018797093277618,-0.8113861169280309,-0.38111372729288406,-0.6591144138000162,-0.37563524906365314
2919,1.8916767453285108,-0.5312478189434823,0.3987261374331238,-1.1953568186191639,0.47154619806805004,0.2562465361771519,1.0731063191787897
2920,-1.0696793545630061,-0.16937058088248633,0.026946056643653852,-0.4687869879636582,0.19801181563618464,0.3031782426923104,0.9193366609700109
2921,-0.30050403065731446,1.0883930521812057,-2.6293823462735224,-0.44956485721573414,0.4306491668435602,0.37680811284478155,-0.4734957685848583
2922,2.27557780562614,0.9680500224679414,0.9762768701233788,-1.35140898722211,0.9625482771979664,0.44240900965022545,-0.46079485135397164
2923,-0.45062366037786045,1.2378413169604383,1.5827298419549662,-0.619735097106898,-0.22476906596503676,-0.6353676483478194,-1.233722876971319
2924,2.4191474028882087,1.0862318252031784,0.34936024907275887,-0.5954816849062488,0.5052308321921292,-0.8703542615296992,0.8812549628710036
2925,2.611394189873376,0.9253974348992647,0.42605391275891596,-0.27229379223106837,-0.014317170173791869,-0.3724822444638634,-0.6248208045106174
2926,-1.7397312197451202,0.7433765556431003,-0.737348182975033,1.0129393906649453,0.16304317771097102,0.3467767150533133,0.639162946176331
2927,-0.06644553516815689,-0.8716316721829359,0.997964657672433,-0.6570550726903044,-0.03573340364633707,0.9060264997882573,-0.28876367352575516
2928,2.6319922175133503,-1.6316218101188598,0.897291746928838,0.5055292143245541,0.003801225500451475,-1.0328165591567702,0.2667930306571422
2929,2.2519659670864334,1.4998373393017488,0.29973464330103106,-0.575885676246617,-0.07529826087058993,-0.11811524776328941,-0.041005820505118126
2930,2.6706731274363094,0.29081513001580517,-0.5771811300560769,0.799472729513079,-0.3023698773111916,-0.32642980960834744,-0.36720072452454566
2931,-1.106572141628669,-0.5093105095824565,-0.38270311398485335,0.6635949936696162,1.1388864221261017,0.08786562748272143,0.018857566690153586
2932,1.9087935332480026,0.6941352292148236,-0.2382504219785172,0.23274129788368503,0.052653785620202204,0.1965719307492032,-0.3259024288234833
2933,-1.1219341959104008,0.1421566701563334,-0.042952423337106395,-1.2977661551331152,0.4280026187168197,0.15209024269490248,0.023136518223600785
2934,-0.8823913959078663,1.176505383806317,-1.2920958624835108,-1.2394948371249304,-0.07927991795265549,1.1972241894518088,0.3699954302350445
2935,-0.8980213610436188,0.29735222412939455,-0.44349560047643694,-0.16015391272363136,0.3035023451573345,0.02042271028292711,0.03998445969133318
2936,-1.0748464479386424,0.5707763962871264,0.4495270758440188,-0.919106308520343,-0.7098455755759467,0.7215902262917439,0.023986621682695206
2937,2.049787309261479,-0.21408654315510178,-0.5402858730228707,0.1540464274314787,1.2581810942560367,0.2963278308792814,-0.896622759198963
2938,2.7559599808187283,-0.9670166636334993,-0.1449177994895449,0.3745766408308034,-0.3411720210493855,-0.36967163988219465,-0.7191004988468367
2939,-1.8242752726258231,-1.6033604116824427,1.1194039751049485,-0.7162210205722634,-0.4349375041496199,-0.15743233872832438,-0.18784742908281588
2940,-1.1179658786862532,0.7259837899408236,-0.6850120461882416,-1.5164676506463641,1.0866248512376855,0.5827025557682534,0.054915699642526225
2941,2.624911392514828,1.207732639368439,-0.7207749980757133,0.8505609443569296,-0.6452700019413694,-0.4661916601756581,-0.2801855187900892
2942,-0.9572009298755008,-1.2733028368010746,0.6701925094666534,-0.6980047023325838,-1.392869772604253,-0.0173994337776349,-0.2119065376058706
2943,2.9051252893400195,-1.0398331968103647,-1.0055819884117307,0.34030325752950824,-0.006645372331376519,0.9999916833723604,0.6170328078243195
2944,-1.123290513081333,0.14489016927639095,-0.10600255548814555,-1.0013555377869798,-0.47829610260523797,-0.2598700434118832,-0.7219025621551503
2945,-3.308824341319815,-0.25533491765830857,0.44843975406574643,-0.5348646576100484,-0.008117864598077276,0.6599382688280712,0.1865969527012249
2946,-1.420634478989528,0.013860515167182912,0.052803959922444084,0.6238519127644944,0.24135284536557955,0.3345556571443559,0.72551887552312
2947,0.9061425277695632,1.4205662321822148,-1.726167317575846,0.3208860926231683,-0.08558371863179996,-0.20821281481840204,0.12908063548218848
2948,-2.2972030585289978,1.177916610471481,1.4167248030241153,-0.446741769037454,0.14781239708007252,-0.4023712869758489,1.015861342633574
2949,2.0185482215782353,0.656498213404348,0.8690871073824351,-0.006732817173266488,0.7073861856618432,-0.7429958584509623,0.0016517313476789332
2950,2.1861072317452295,-1.4723811713562172,0.1114411240218762,1.099009005524957,-0.09862382541876241,-0.9149024615858317,-0.7156984710630183
2951,-0.6259640807211402,-1.4210247119840431,-2.8466685490884114,0.07237138737196164,0.7777261936195182,0.6918525704292093,-0.4744181580123138
2952,3.1295972455925365,-0.6860566873144062,0.7512075614995913,1.4145825525778741,0.45165749549763556,-0.18034881703025418,0.4294403670344044
2953,0.19870285793338593,-1.3320011707614627,-0.1884392042113766,1.1092332222172898,0.6596456945749928,-0.5244515970979281,0.6024033219742395
2954,1.6810454684782368,-1.5448609435535332,1.130013538806709,-1.2643877833054182,-0.7259165239907014,0.13007380144357336,-0.5777460797975016
2955,2.485528546596569,1.6385540964943515,0.8922255856385021,0.3284015497755562,-0.5956827957233483,-1.4153666364628554,-0.6054442343991092
2956,1.8909738119030766,-1.7450077246137463,-0.54011915681122,1.2966572264734146,0.6279500568650097,0.552097408066962,-0.7253679358265298
2957,-2.406556271788058,-1.5672027432410505,-0.04570678687324086,0.3381238471415898,0.276738627730692,1.4052156440211803,-0.5270608871117566
2958,-2.2618979028501944,0.8943523512951833,0.19316796238880352,1.559985955611044,-0.5766170756322163,0.26064226803037727,0.8470725997455244
2959,2.312668015610255,-0.4296249972328373,0.9142592975598245,-0.9256155788615453,0.8274874017207864,-0.7091549741772439,1.0951769189121352
2960,3.143583676239744,0.3979525403142749,-0.9317384047919024,-1.3532547332845641,0.13248234961041397,-0.062254819133277975,-0.29164669072330407
2961,-1.2929019243694586,-0.6134573456038066,-0.24938114180758825,1.4797853880750582,0.0013509528178228315,0.3387787651408361,0.8186424110083398
2962,-0.903883654918885,0.8885338922864534,0.014819067172430849,-0.7361085008695477,-1.1566182790217134,0.14269639845208235,-0.7904401569771979
2963,-0.7305855414099774,0.8938236935718719,-0.09605910318533073,-0.10000264519893304,-0.009536824794952728,0.49841029247525603,-0.8527042305046317
2964,1.074338976400774,1.508541904712211,-0.4885957691535073,-0.3211335060110319,-0.11978838930372888,-0.2776649507169728,-0.4873955081791931
2965,1.8156755177012938,-0.8938476704619519,-0.06060466686981751,-1.7158817145438185,0.9492512885090597,0.7043363555451829,0.7021052318437115
2966,1.0893457042572923,0.9542600036887948,-0.24689813998098056,-1.230461830292391,-0.23392888647402313,0.26900464559817067,0.44583959262228495
2967,-2.1829633946796183,1.1270691684721812,-0.1770222035008983,-0.2869314344718181,0.528687554520968,1.2969849703856304,-0.1949237923775494
2968,-0.4397533786787375,-1.4632073142615427,0.7008532054702485,-1.0212943380432244,-0.46805512225771334,0.08010700861932599,-1.6239495537700583
2969,1.7094731803958179,-0.6229014224615189,-0.7130663447470976,-0.19153642045246377,-0.4658619366619951,0.850781174618268,-0.014937500539381948
2970,-0.2746607643361928,-0.5381302391002963,-0.43058819986451863,-0.5860214248755348,-0.23724554060617745,-0.5427187270603173,-0.012845396849485121
2971,1.4636511940411896,0.3999244563029744,-0.13093160655457184,-0.938294333182451,-0.06271253077746203,0.21819717081332032,0.18469991849196632
2972,2.6698506206948114,-0.6440575703370172,0.9200955502209235,0.0390505367050235,0.8057147272534833,0.9232563888041074,0.516286469821231
2973,-2.5355058107331088,1.139611917903571,2.059443052361012,0.0430326622841785,-0.4319411410002101,0.12743624168160797,0.9792939113567378
2974,-2.4188819489599873,-1.7660084667627791,0.24347895015042992,0.9548013506783734,-0.0039131517914992205,-0.15133470653704995,0.7945538885267867
2975,-0.7979670622159326,-1.6996885801580732,1.0685083789957421,1.0098898472669289,-1.447014250338479,-0.1979595395143382,-0.6792875860291612
2976,1.5092554505779316,0.4192020774855992,1.0890255170829446,-0.7487724873964215,0.6592272216730674,0.924892602277478,0.06642203296429594
2977,-1.0277143883914286,-0.09710556718910089,-0.3432323426009754,-1.1351010217655941,-0.6382071363471559,0.6284311157543762,0.09854230724901358
2978,2.0805983027683665,-0.6053447324717772,-0.7760158188875764,1.1855205414414376,-0.014893603718369104,0.672520575140805,1.1987135160233948
2979,-0.5863414150286712,0.5937923496356834,-2.5293596785316335,0.17822666881286808,-0.3227084451671225,1.0794956778035982,-0.3447970185858324
2980,-0.4564020471230921,1.039798130654932,-0.07005112444390306,-1.3018465475376952,0.23148797190022607,0.04546228929960673,-0.2385826525468038
2981,-2.078784060796157,0.4757177320631564,1.06217575255446,1.159181823851786,0.8245854619289352,-1.3775980524766516,-0.1593597587564338
2982,1.2171831730593092,-0.33774151915779127,0.2904795521345791,-1.5202496198061497,0.5792087294822043,-0.6359656966041092,0.7344098406717622
2983,-0.48422667850719353,1.294641700731278,1.366437907039873,-0.9597188535311506,1.256572623871716,0.03592860750654787,0.1822069261826811
2984,-0.7568317197973784,0.34292824685225226,-0.21878989528762027,0.047324405225151564,-1.4318531856481853,-0.8942420941578468,0.5573842710938737
2985,2.1368037622766143,0.08375050894996351,-0.17593028922017304,0.34580046856268226,-0.7519689376786011,0.6169097478108742,-0.6594370423636113
2986,-0.017250622970919498,-1.2386717042918656,-2.3058695144094825,1.2354089661117242,-0.4888988850317484,1.0194119966571178,-0.37988756997000356
2987,-0.9414868745191988,-1.379870948660926,-1.6391556552533826,-0.4900706071732855,0.02026472941960316,0.05730009895659161,1.0038693273650876
2988,-1.1651154584132823,-0.8724541432360114,1.6991924206518927,-0.5689219558963222,-0.8162890247199398,1.088054427664423,-0.5895399552700434
2989,-1.154831841782202,-0.42584018387727957,-1.1640615052508698,0.568310458401174,-0.43085473404506586,-0.16925378544085415,-0.856407178825095
2990,-2.663688747647293,0.7723143030271274,-0.6361954218997808,-0.17054803438873978,0.33740176962453317,-0.03504464698317222,1.0188650303743032
2991,2.6800729240806453,0.6614256407846342,0.37209934954174684,-0.6262235701512897,-0.8224253144166139,0.719988166136991,0.030930353874646044
2992,1.985692723208572,-1.2551790740789777,0.9556763646313915,0.5766462931888955,0.17701393715186936,0.4925761506791215,-0.21617265945602704
2993,-2.0565999762851646,0.0788897245171903,-0.5547224316263869,-1.0270526923499583,0.6053903142806958,-1.2260644047794589,-0.273976151365434
2994,-1.5222954939120072,0.9266056070407308,0.1654879823428847,0.5060690052725014,-1.5888773474636504,-0.7831630971559107,-0.22366967803208873
2995,-1.7868007155294634,-1.3508870335914747,0.5202224153363836,-0.3482558130245968,0.9964964356031678,-0.6538057735183318,-0.1885460752893273
2996,-1.6232054229692843,-1.5876852191160564,-0.4932655668584585,-1.0215693077564683,1.5773922065695976,-0.3725450200577838,-0.4226516939842084
2997,2.2967094499512752,-0.17816695943230493,-0.8670282487214253,-0.9959814891222771,0.7905553525407657,-0.1945613768417832,-0.030510862893882777
2998,1.4598939973088287,0.44640088069574624,-0.43856440308602135,1.2546597224155043,0.4981474739367795,-0.9078301749302801,-0.22292919866041216
2999,-0.8387856992425736,1.5877658966109534,-0.6748418400118101,-1.1843933292011302,-0.5748934744545448,0.2811255886231733,-0.5476501265878333
3000,-2.1146942927167447,-1.4834582485845866,0.34567796225042763,-1.0101461612209894,0.5282619914071073,0.6742848820151491,0.44899454850751
3001,-0.9755299157200077,-0.711060449491923,1.5965949166820237,-0.3027502629550715,0.18648138884202706,0.32950065381390264,-0.9079731408501552
3002,-0.5176360709207635,-1.3599901891202728,-0.4531203524546558,1.3572433275629383,-0.49489792779297265,0.23102326448392568,-0.22284209624427065
3003,-2.2403689469190464,0.20400768504102887,-0.0968789930906891,0.31315649371337617,-2.0336006773577986,-0.4663080217748369,-0.269580676382473
3004,-1.5368909651872704,-1.6623135418316715,-0.47346920425435784,-0.7150241282905361,-1.220952545150036,0.13383299676247826,0.25375020411547305
3005,-0.24489268366000153,0.5614757222977066,-2.4006644206039605,0.21217876446007736,0.06887125798368238,-0.4951176033819404,-0.5082693765940921
3006,-0.5578874468100533,-0.8055115083690703,-2.0508437797496604,-1.4590024497521445,-0.3266063877102685,-0.734918874646462,0.5330358623125312
3007,1.5174199032720288,0.3537365747450387,0.7810448496659647,-1.1138212413026767,-0.8141121099588199,-0.173228148158465,0.054108383857606523
3008,-1.2079985999470466,0.31418258748613576,-2.165203464710798,0.16949096831865892,0.47075136514053745,-0.20108072059695076,-0.012725506751639224
3009,-0.8198654066704418,-0.9878393536777341,1.0834175359661604,-0.04546540133226876,-0.35384636286855903,0.5172237160680577,0.24820116064695774
3010,0.5423111579065396,-0.05426876987197115,1.1193959255377708,0.5513003912880232,-0.7519540477583998,-0.7872599810648597,-0.025380381335791576
3011,0.18241411054297302,0.8499566744074339,0.5274076877693579,0.5115913851604902,0.26678130473351896,-0.0695267709543521,0.28446548748596484
3012,-1.5860453230362512,0.32747434368196504,-0.26430895511245234,1.6102115122899554,0.22115695429020787,-1.1461474798148936,-0.366292821363174
3013,-1.1951313341487173,0.5781320445552696,0.15842233341208498,1.3053076997758568,-1.4100693848283294,-0.6203695454994935,0.1576678449189249
3014,-2.302243682608457,0.5717738718813541,0.1420124128569478,-0.9705588661024769,0.035119626108447974,0.8207446555703465,0.06795129618845919
3015,1.746681436038647,-0.16231944923166453,0.3203974190924898,1.4296050697367195,0.461221810381134,-0.11343431336113387,-0.5340106528480207
3016,-0.8599491723500692,1.1033233233620194,-2.7535706313431234,0.6569140902415781,-0.15589937028473366,-0.17855372167182668,0.9901551781081038
3017,-0.35460140259801426,1.1984618614444316,-2.4802627868385967,0.823315228822358,-0.4221252604629433,-0.18003787676012065,0.8771646102447967
3018,-1.5152789508999311,0.7020330505549505,-1.0918310006707785,0.31930027855846604,-0.9771972286276714,0.9480236497666336,-0.5845786285302415
3019,-0.8876917364663048,-1.3611166756910391,0.8795551445511995,0.8939567521640676,1.2699764895561212,0.33545787834564195,-0.9194387014854002
3020,-1.827314419024741,0.3226409707842738,-0.26201655969688503,-0.6133919188596716,0.24306262463070277,-0.16851634757769496,0.29087186558281797
3021,-1.3526212595877918,-0.008186148974837127,1.6031116567648078,-1.0135440934537163,-0.42184805450174623,-0.7049190050553368,0.42325560298002496
3022,-1.3886275805645563,0.8563201385390367,0.37554551609779613,1.6296882253772385,0.34154483283998244,-1.0533500138808312,0.3113142002007935
3023,-0.9011251752227305,-1.0922848217178363,1.5544019108033733,1.0974265599792705,-0.645396669887635,0.6217827589466455,0.44542217269626966
3024,-3.1693318373722152,-1.595158373946914,0.052131697660414936,-0.7188632170603464,0.017892974016114928,0.003991818168058995,0.3528579063947332
3025,-0.5864787629115084,-0.31228174425382277,-0.3629655066591423,-1.5599761266991055,-0.07421884677500978,-0.021461195281015134,-0.6093262314693307
3026,2.5430288342403937,1.085737345684213,0.5096919866747992,0.2290352337821073,-0.7483238263376485,0.642631967797154,0.21570253458891997
3027,2.1475561090059476,-1.31842195930914,0.6647718561952696,-0.9660894188829209,0.7329133503326057,1.1842212538043921,0.4399969894290582
3028,-1.0352663720684534,0.8742672985118477,1.2147663627281318,1.4328659454554566,0.7807999508549444,-0.9210058987420244,-0.16924725706556182
3029,2.1066637944145907,1.0872748470634825,-0.3673908754684279,0.1384243025358745,-1.0813450690947017,0.6302807986913119,-0.6687219013526863
3030,0.3202291861620005,-0.6149272169293574,1.3168591842747195,0.03627214398722144,-0.7433582161049971,0.3341879746764748,-0.44949570688074414
3031,-0.6639440175030327,-0.7993294125302792,0.272599330556509,1.0930327379104456,-0.9117690647418804,-1.1289885721178285,0.3097576144906205
3032,-1.9045745637579934,1.3025993002169494,0.36475805289360846,0.9569054105314111,4.4786551893458783e-4,-0.5652774725720008,0.26998608509911837
3033,-1.884150324854591,0.008723050899601043,-0.4843187229775512,-1.216429860444207,-1.5898964227277237,0.46416552518688065,0.21377071342661721
3034,-1.2787528240202457,1.126754589341354,1.4498896514049848,1.1590801875686765,0.5649558401339524,0.4209950036721326,0.6848256998908123
3035,-1.7613816266065576,0.05856169946141114,1.1908939990556673,0.19942300162984283,0.039706305580495885,0.8501965587182653,0.08405907924186094
3036,2.248452668676067,1.3408521887144886,0.6624145224482139,0.2262293944700115,-0.25529148124237677,0.7611783091176102,0.9041276553394633
3037,-1.1679188561104898,-0.1745931492584892,0.5170982482441394,0.591960496799462,0.7121230482143134,-0.09078533619578076,0.21733203713017946
3038,3.641989108828446,0.35305808879847483,0.8338589979807369,0.980225956766795,-0.5412768581421136,0.9161351920354609,0.5270432671458442
3039,-1.747551230516093,-0.14762594894259837,0.49656410179011007,-0.9965359632626374,0.7693946948691724,-0.6795997607792598,-0.23151264408134198
3040,-2.0873102946028275,0.8177464217713286,1.616068219629145,-0.22470866656691002,-0.17947632660700544,0.6513478558474344,-0.24087782520033807
3041,0.20347762915979997,-0.32227692550568965,0.4115102014966597,1.1920961148440141,0.6032730075312029,0.05960562923171445,0.07960297650520702
3042,1.190235741859899,-1.5487608745902917,-1.6306956227956866,0.5007049986785875,0.5912305920100402,0.05071777548690333,-0.18343035854486422
3043,-1.6563435746395252,-0.9053886884967058,1.6255914499688577,-0.38292401536022197,-0.5305517783740981,0.5738279367256616,0.44058470208446276
3044,-1.985463398440119,-0.8087885598875777,1.166844004256129,-0.29886581442035237,-0.5693184770153771,0.5121210283590892,0.2600254880826367
3045,0.5238513702841342,-0.8905757179236241,-1.7152639514963834,0.963393553737079,0.37555718484761597,-0.985757216387044,0.40437333711596063
3046,-0.20991187713951548,0.878077164687662,-0.09951278664255232,0.43515323159218083,0.607334096895753,-0.4844315761389609,-0.1631115492340922
3047,-0.18149363528727666,0.320978643639651,1.0004122226865002,1.3539515475287272,-0.4906935122205502,0.17647413605573983,0.009227501727810509
3048,-0.37391050415451826,1.0487983733649984,-2.2930972655093904,-0.5518866211489587,-0.1298210295829409,-1.1198859081636896,-0.6438617871287593
3049,0.16254359921747516,-0.7674252702383969,1.123911195356387,0.4491528381987423,-1.0557098274685015,0.6642041804521439,-0.8925108274250588
3050,-1.3200246538290332,-0.3555083531934019,-0.44470723423390984,1.0385985907193398,0.7317094878107814,1.074519150367745,-0.08613366692612404
3051,2.503448386702689,1.263398324136398,-0.3665541390719067,-0.11177483314444266,-0.4467687912909639,0.7231382682087525,-0.5638479051141246
3052,-0.18049569305390953,-0.02033026227531289,0.7785642984026709,-1.1865325061927205,-1.0021196768711547,0.3322016494025837,-0.07926931345380868
3053,-1.1210972495490725,-0.02973520774003496,0.9464420575976462,0.9518455060099744,-1.4218926215484191,-1.2370461013093013,-0.26835170628512656
3054,-2.001699985640987,1.2788077244931255,-0.48478326234744656,-1.0248575143459029,-0.9421254622711054,1.2940908485523221,-0.33780519686548843
3055,2.540873035303922,-1.3604338035905454,-0.24394953227964888,0.10061266061233792,-0.4858995507344323,-0.8089382869466923,0.9129696621431888
3056,-1.8042473952027795,-1.4860652387979705,-1.0952939478785761,-1.491537749816028,0.10031479686846545,-0.17734329878086175,0.2734855956574547
3057,-1.2282359088112997,-1.7075522436485593,-0.5693503779074789,0.7396303879158461,0.6098784395866076,-1.2650573440295008,0.44186212110249506
3058,0.07989348250111279,1.7550957331939505,-2.19826978977308,0.7168974668767303,-0.4352689971949735,0.9441858648875059,-0.015443260886397933
3059,-1.2225442647128142,-0.7705176662980042,-1.7109812743141306,-0.031059932542350923,-0.016024026772181184,-0.3753235803475602,0.30890810507016614
3060,2.8893009874727427,-1.2691906228720853,0.26863104876903093,1.016623506896487,-1.1481123618319735,0.04949171941278982,0.36298620171607776
3061,-2.0646668009019677,-0.06794035356915629,0.624210380529139,0.9003352875023181,0.01350071056672591,-0.18570731677615254,0.292150121050811
3062,-0.8612626237611835,0.4467704812534658,1.175957183220991,1.4275558187364037,0.4196110854225614,0.27464202361513357,0.04915453243585289
3063,-1.2202117562612664,-0.011259698066076204,-1.0154891622034135,-0.009052350244090247,-1.0980479409100514,-1.3247897812929268,-0.33142197581964566
3064,1.7687463851971441,1.4248625253884324,-0.6743069521666746,0.466900209520256,0.2647611774143609,0.5710005417562216,-0.845691986877115
3065,-2.019351226537087,-0.27866664809317887,-1.0865916967127425,-0.2875153259620062,-0.5495796659926998,-0.07597058757612629,-0.6661799885958452
3066,-1.1552583412682689,-0.8455769781555474,-0.17847121072370273,1.4579113564226507,0.2347028810040149,-1.3964299619413159,0.4247342803900436
3067,-1.46677243963017,-0.25370674430844126,-0.9724900471301126,-0.359804007470247,-0.3760991606765,-0.010995465465429306,-0.8755408599508097
3068,-1.3626497756063323,1.2306763403903156,0.28138814114946514,1.5555520322663914,0.7424727652208926,-0.5942800560802555,-0.19928853512541547
3069,2.9691757406121813,-0.6691098599346317,0.2526538175368223,0.9330480767712745,0.8247978279600015,-0.15556245917597164,-0.5662784267141372
3070,-1.3660222491544145,-1.0194207924946939,0.3823279365230063,-1.5485834331342054,0.054126704203021056,-0.8148365620495063,-0.8634038643215359
3071,-0.6307019278170155,1.0274255411509345,-0.5961521258134301,0.6216173927476287,1.2500370897779947,-0.1493015744360102,-0.005752061675643783
3072,-1.230124276945985,0.5472928254512185,-0.3018720434179205,-1.504384674244003,-0.22652493282920405,-1.3315298310141381,0.4185396153417922
3073,3.051826560813734,-0.16692227012865732,0.8721934554025941,0.4177474496396459,-0.37245546192058493,1.3723165360632794,0.43452115623219345
3074,-1.1647197271848548,0.7685762509488792,-1.4160070848343196,-0.25593433493060275,0.07486460741654784,0.0933590813428491,0.07241021499489826
3075,-1.348120982874348,0.6624314725355174,-0.4151402513628968,1.3175337994419056,0.4391119205653141,1.6418434928033667,0.2765568181681227
3076,-0.3266914229543825,1.2331562265382432,0.6510518881161074,0.7550012594319205,1.2733767423456153,-0.3565991780596567,0.03956970909602405
3077,-1.4185124570739733,-0.7387909686623398,0.01095035461537478,0.8850515773866282,-0.9414386308203077,0.9041981842324449,0.3020189595204329
3078,-2.0202927544975573,1.308551864814044,1.5223332972631334,1.0747839894139863,-0.11166052944939013,0.3823422812035448,0.11717383650091558
3079,0.776691124079447,1.314034797101389,1.1577976928485747,1.1396288389861975,0.12439548410311818,-0.29269274277133955,-0.6938984945196499
3080,0.010008528896034348,0.604671810425126,-0.2534301733833928,0.011517410651326119,-0.0050839226063822155,0.47141709139686033,0.7520252436757385
3081,-1.9358040988646967,-1.0866417085163214,0.6565494785595926,-0.38187047104306526,0.988516483843747,-0.5634346746427579,0.7179770895347233
3082,-0.28545064985061225,0.9302697863903729,-1.0260806233281274,0.41768138764186113,-0.28043353698343254,-0.13973348206433228,-1.2072053734862018
3083,-1.3672576364213755,-0.6853921491560315,0.6783271686769387,1.1395471800865185,0.21618726765665963,0.0734187580902917,0.4800088574512134
3084,3.0724131090232607,-1.066929194211189,-1.0106439898969621,0.9610550418856119,1.0127086594716102,0.10006478619627816,0.029920169456355353
3085,2.586542468796747,0.39145101441213553,0.009603035571113076,0.8672980289016592,0.7452909246751522,0.00244246225668514,-1.0458032905536085
3086,1.4479294951342776,1.3956842782194399,0.5833142666573083,-1.2867104280210493,-0.5663605946503029,-0.1821819995025699,0.6350060592200533
3087,-2.301373279256057,1.0238821212146372,1.137884016781887,-0.7459269084504413,0.5650842195446798,1.4943702012144038,0.4581085565869265
3088,-1.1735862994936455,-0.7560015687693075,-0.9766603259265434,-1.1841131377448286,-0.6673679180029327,-0.06543290654324653,-0.13023797382883995
3089,0.3947745634854815,0.20905446835756739,-2.029240658246251,0.8234680725805464,0.2771327075533342,0.48890049112265055,0.3800225656482919
3090,-2.724088950570277,0.5056685984982989,1.6280619649282237,0.3764695112055482,0.4573469634791898,-0.6130494113281668,0.45184690539597605
3091,-0.2891200332748833,1.0636404984375782,0.18056365358872875,-1.1271743603609334,0.4891998985615649,1.109967108284183,4.033722983642362e-4
3092,-0.6915720547513573,-0.22724498562127818,0.9478355755199088,0.7085521716923432,-1.2701728149992946,-0.7232379676215601,-0.17545575765768157
3093,3.4207101291490836,-0.7165244663005814,-0.8096656968246687,0.4444604955782549,-0.5585738296433629,-1.0028274475288417,0.37439962461217763
3094,-1.3977218824271849,0.6704714649962372,-1.0070397920133882,0.6843118369618238,-0.12068199077449214,-0.8418197515006912,0.20831861057628692
3095,-0.3243297631120594,-0.8938904144265216,-0.314585052213756,-0.8252454040503666,-0.6518395620311283,-1.0029703274272526,-0.26982640078311454
3096,-1.6402171560283534,-1.6886719257362377,0.9060345902454537,-1.364035189982667,-1.0339327740993531,0.3794579394308999,-0.1318894666724592
3097,0.023809072055848778,-0.33694587228651973,0.5071951341548874,-0.42950204368039546,0.604287765158919,-1.1120934732228243,0.9532288269768764
3098,-0.6287881256839958,-1.6632794675872105,0.9049047053171546,1.1129758223892945,-0.45734764608323736,-1.0300659605006406,-0.6139222986402365
3099,2.1412786157861166,0.39987451262533996,0.3337307771667752,-0.6646330468614065,-0.4760090274425893,-0.5570058796611114,-1.196217410965672
3100,2.4447925660212397,0.21518721111444436,0.7449528262142804,-0.9147053614867705,0.5560201957419598,0.8237818536536771,0.4034742458954964
3101,-0.2418167700276182,0.23055746425284512,-0.5251933075943143,-1.2766776375114723,-0.353460242773592,-0.5959341696901005,0.35115854964108784
3102,-2.503691147927951,-0.4234511909753154,-0.981230410710404,-1.1803579951933272,-0.21544039181336214,0.8114902661346568,0.8843327790015415
3103,-0.021588418107600968,-1.4971875521192597,0.5392641446492558,0.6801373871625079,0.14125570387042144,-0.6520066650074571,0.072539725056816
3104,-0.6369057315166293,-1.4453715458381773,1.4731939419402333,-0.12823151169207941,-0.19372521163024436,-1.5497208328465413,0.6640870029206022
3105,-2.2529397541669782,1.5051195335177487,-0.1384442313095756,-0.309902816650037,0.21846254596187886,-0.7584535527242793,0.15142706573298315
3106,1.924743754154873,0.6695401547335679,0.5714740146888616,-0.48871765678654394,-0.18687509457670987,0.7305195437836308,-0.515258608610818
3107,1.9038948202642443,-0.2858887262527472,-0.8457071091036824,-0.47827197209286004,0.1633380286959581,0.14504451836185717,0.018385059227562305
3108,-0.4545278739046769,0.14868396142057777,-2.438920486316594,0.11225706331205738,0.6601796797597539,-0.8883089775324853,0.28149885871818436
3109,-2.455640731863149,0.6730777913771165,-0.6641509127305725,0.08719330293628,0.04406391016941847,0.06523892810888085,-0.07204946332642438
3110,0.042818061750956725,1.8364142061415665,-1.3373527933267808,-1.2486293940282165,0.42887940822115445,-0.005859545261688363,-0.38166166714071903
3111,-2.436721285379883,1.1533875653929928,0.04203338287260624,-0.894941471428341,0.1963942980874777,0.7702393521464463,-0.2641401566680276
3112,-1.74410463219442,1.0953331080955901,1.5771042255319945,0.2696967580475108,-1.6359532562791679,0.041105567858031655,0.005413437265919915
3113,2.908609212979452,0.47354159417855624,-0.304636135089218,1.1442250017014766,-0.8534606967007351,0.6146035336130189,0.3699755755855587
3114,-0.46718438498160697,0.934343961829466,1.5003276634833158,1.3594081780055245,-0.5069492263632115,-0.04121012333846419,-1.134332295700301
3115,1.7246207151398343,0.11138755043680527,0.6224469461773314,-0.5359912344648671,1.10633489535183,-0.1850801290968883,-0.30792686790991514
3116,0.5808162316172638,0.778130728165906,-2.2297718309666488,0.300709588433268,-0.2315964134083491,0.2895277294312724,-0.606053176731156
3117,-1.4862564034171428,-1.3005202565342275,0.15704081146248988,0.3742812872842214,0.7123996343080264,0.12438596015702255,-0.48596335549247194
3118,-0.884746282492385,0.8758303582071135,0.9764398571634145,-0.1168996467976377,-1.2791785196828354,-0.13406932199591068,-0.442162661474992
3119,-0.4526401135306236,-1.7500752964480102,1.1500315548536657,1.3959571973844846,0.49678720214191247,-1.2712119673852877,0.7143034848070938
3120,1.2524211837065333,-1.013433725109903,-0.6882247626819523,0.40113665622741523,-0.10168739448051396,0.4618568428094992,0.6810143654617515
3121,-1.5923962639751732,-0.659808392716789,0.7854426690959051,-0.4562854475803279,0.1625448528577271,0.8070230789177296,0.5869716055779116
3122,0.7630814935213689,-0.5678378945747248,-0.22511185038954365,-1.2518742045567668,0.30356071448078364,0.6319487892229847,-0.010811898889504885
3123,0.7070128798110973,-0.6447554809900163,-2.0665625513253074,0.2424895494646146,0.3594194713164203,-0.16015359587553918,0.2620544400822013
3124,2.718548515741109,-1.1771719210772893,0.7124534011949736,0.07829473838127683,-1.1695666008587196,-0.22419979081323949,0.7424650165159267
3125,2.408374478918354,-0.1897241000628761,0.5594084288028414,0.06179670760918194,0.5538019102156754,0.15318753349988196,0.2765647910511638
3126,1.423004848130083,1.5148813371055225,0.5299925635752468,-0.9997183654998386,0.21715610406296146,0.07109239199607542,-0.699859158640299
3127,-1.0509184107512064,0.5766823666897555,-1.0384815557774913,-1.1085245660385317,-0.04885576702496105,0.5837041800874365,0.03045087930329205
3128,-0.5806761923896546,-0.6301201669272889,-1.520365784675393,0.7298285055701724,0.2544277720200556,-0.8154872821622327,0.10460564899680527
3129,-1.7320022980108345,-1.6587556948667053,0.4431345484297965,-1.286049326510549,-0.78446592783825,0.2881400969366178,-0.5822418466790517
3130,1.650648266260921,0.9469993500214345,0.8362785763335125,-0.6346842716136759,0.1381529888423837,-0.5491432467887984,0.2824127719835911
3131,-0.48157493954244307,-1.5288044916948038,1.3808229160394219,0.4362899237482224,1.5054923291728888,0.08213755901199554,-0.1975531058122978
3132,-2.002611138476847,-1.3634600878489,-0.392292966410762,-1.0215381922787043,1.320359631400866,-0.6025861295145779,-0.3741023635334556
3133,2.764194348164718,1.4016759725108738,0.6589273267670694,-0.002823767576486804,0.4642237677724272,0.8761755310261473,0.6437088518085529
3134,-1.103705888570805,0.6270888278539254,1.3396094617688479,-1.051249251946718,-0.10950574545598575,0.2449169355317799,0.5752462473630927
3135,1.8650098090810237,-0.647330863686926,-0.7793358124576363,1.012504290000633,-0.5454342453136215,-0.03314270112054217,-0.9011705283177365
3136,-0.9359508559412932,0.36366645365048905,-1.4502001586535185,-1.2565734873055343,-0.28891997586141865,0.6560416073149519,0.23102119320739078
3137,-2.051904489931151,0.9806219304876775,1.7791289359716709,1.3680676763833908,0.17447272237932077,-0.4616061596911253,-0.17914260110539038
3138,2.5824348853157386,-0.6190843855151564,-1.0672333887697418,0.9590726678639857,-0.3400189909708523,0.2657418346992222,-0.4327429557076071
3139,2.9698398629199825,0.7212432206222572,0.39414903726098605,0.5857864331678369,-0.35219913219545274,1.0818449420818492,0.4337521667111261
3140,-2.7274519647573574,1.3066441699567672,-0.7278226922225969,-0.1211852650409806,-1.8158123751737911,-0.03824017254021623,-0.2203048769123759
3141,-0.2184612393908608,1.576035341212775,-2.2537097089286493,1.4852237486063362,-0.8563640002126526,0.7725242542761708,0.10353766066299798
3142,-1.5504725157420503,-0.9514490417323731,-0.0494718453059167,0.14500775250139053,-0.0016190565604685392,0.88030128311595,-1.0374262117460857
3143,1.4233324741511755,1.7077434601015744,0.4138354777260277,-1.1183670214863604,-0.44260474546354844,-0.693091160196936,0.21325718680929445
3144,1.6374185421574283,1.6896633808436425,-0.025785125485224193,-0.7082977470911691,0.6137860887100209,-0.7354952036231771,-0.020370403211509427
3145,-0.25819021505273215,0.19982778074392538,-1.2395397472605727,-0.43008599418453475,-0.3027625201788163,0.22839133224274458,-0.046736393381701165
3146,2.4506452263208853,-1.0073195044937895,0.6587791569147721,0.22398008991539387,-1.0156144454474014,0.10625391706326616,1.1893615416948287
3147,-2.0126274190040356,-1.4478459656337244,0.05745815792573608,1.635146898676523,-0.06234691334996112,-0.8856616701450515,0.0661091745522079
3148,0.04730414413933825,-0.6994369865303948,0.20721571989625034,-0.42572875784026193,-0.7847496678938867,0.6275840966026566,0.6906555539316027
3149,3.1437963197661727,-0.8843358172271026,-0.7601396687227099,0.8395001771458336,-0.16140148739518173,0.3440010015728864,-0.7611447846722882
3150,1.5235780375312076,1.7212866461682754,0.045091192182168935,-1.2831719235316148,-0.1855481612716316,0.9675600902321371,-0.28376881614596045
3151,1.1779612586848642,1.666863532405126,-0.2643864175575853,0.2330406968229864,0.1859540210785298,-0.37431156702950363,-0.05209949804202596
3152,-0.3737744301691139,0.27896471219538466,-2.830381822284944,1.4195060996882618,-0.6693335748782783,0.3949211654958271,0.5238832144829249
3153,0.6246573303200783,0.5073926417090969,-1.1445330702167846,0.9726338381549315,0.08103370279094424,0.6930505571675251,-0.25319762442666144
3154,-1.4310865573329223,1.09382944706827,0.6766616175807694,-0.8019518379993724,-1.1954433903651842,-0.2374145345877903,-0.14821277537159622
3155,2.181884764206948,1.4393580880736982,0.8364844698326203,0.6641247471368998,-0.8497919026941398,-0.258776534416465,-0.058591175732232915
3156,-1.1695761730752194,0.557626560511558,-0.8408731006344883,-0.48108730173772335,-0.26843265206768374,-1.7051661657519166,0.5773630341826076
3157,-1.1941801961842413,0.7343378596449741,1.5936123386458954,-0.32813585437696646,-1.0820700609190976,0.3909900388273274,-0.4448569544449893
3158,-2.4207119204200716,-0.15085008593795507,-0.294299648611299,-0.697085212499681,-1.2720154381306452,-0.2597441301201191,-0.24322244195353415
3159,2.258763804796178,1.4116276815730304,-0.1126834241117623,0.8212929126345303,0.03659570954981173,0.8184851831330697,-0.4341403521723068
3160,-0.8219175771438116,-1.266877090837461,-0.6836236019988231,1.3890013674625294,0.8744655269187842,0.17179847288184288,0.0834719889553438
3161,2.1658148259651924,1.6546274539540249,0.16812742434780154,1.0881685008770468,0.2299023002730408,0.19602828944481135,1.3993422977775263
3162,-0.46369263333508687,0.3590873185313874,0.7785312046991973,-1.3049260371325875,-0.3311243670737008,-0.5398612324415064,0.8684655765544488
3163,-0.2872098174769517,-1.1792070505538006,-0.6057432175309745,-0.9841290394436313,-0.8260105032047778,-0.04579162868632541,0.8429793444242446
3164,-0.34274985462952684,0.6065344633376121,-1.1559979041822308,0.38230076159472487,-0.016624634682170094,0.21780718315996425,-0.21399177635146158
3165,-1.121594681949148,-1.2086035013226104,-0.7365303160022173,-0.6988465166112142,-1.0442374594669135,1.0210218828217623,-0.7006779697674155
3166,-1.0199692017213886,-0.15936733962385966,-2.5451163072341494,-0.5951401436952257,0.5341786464372958,-0.7625446265259823,0.5990472551052018
3167,1.9523266641949708,0.03341717581942408,-0.13222865124047176,-0.41125207663566177,-0.9844481360237182,0.3984479485117506,-0.10119687934355884
3168,2.2521894769662687,1.4687089352018983,1.3706418211988178,-1.0764829543412062,-0.5858969492333264,0.4425578221989789,-0.899680720049439
3169,-0.08913911708692052,-1.015798530687818,-1.560275285660835,-0.6724766440528878,0.004434630485544736,0.25986517996828906,0.3162145628840874
3170,-0.5053941033378757,0.16024870650575126,-0.7658539360224154,0.10708035395503723,0.17256920393488404,-0.6523898335887104,0.20551910401468793
3171,2.5823785407810176,0.6922303926103447,0.9044824584516906,-0.08196440102594796,-0.19487522803153196,1.139795939158742,-0.15518774224489054
3172,-2.3804263794567375,-0.45018371878262403,-0.684141586201609,-0.417574368655055,0.05723837002555814,1.3773491905835589,-0.5251037235716285
3173,3.354816591750966,-0.7384109891967505,0.42754701393335853,0.3893023133749886,-0.5346041508491969,-1.117270996221156,0.6903915893675371
3174,-1.025434912250364,0.9463738490549828,1.4990773305791034,0.7780255477938472,0.6493657878567685,0.16957814735738752,-0.4511870497843631
3175,1.9298642680347777,-1.461125008467098,0.45479462857229536,1.2018587662695392,-0.16847828464372522,0.31901830246121665,0.9681048062476035
3176,1.6135125050930659,-0.5316414499719941,-0.18050843869764144,1.466579947136023,-0.7231116597191509,-0.39711485045629213,-0.6622167421310274
3177,-1.1897154187476926,1.3498285830400727,0.9463517573736685,-0.6267487203434157,0.9807365465684202,-0.16924615944063878,-0.33576568885535696
3178,1.4065657432569325,0.532263821118627,0.6503147335689016,-1.4267104740942769,-0.5216047011916378,0.43544760282723544,-0.24777792511424948
3179,3.06397288438751,1.0283766767256195,-0.9357508625020148,1.1599870290826217,0.8130015190479405,-0.030937094577067666,0.9220301371291724
3180,-1.5146871510579383,0.5138727190599628,0.780034733313193,-0.6807181634954316,-0.6588543641242491,1.4229775003284768,0.09117963394247379
3181,-2.5097180051296335,0.8367692314205846,0.05968408272315263,-0.44292438665595607,0.8245775484783997,-0.514283457766011,-0.23402728730594408
3182,0.3615182657386611,-0.5689407006915324,0.5597862877099583,1.274140073623539,-0.3541179205219737,-0.9029812301056267,0.005188884221349422
3183,2.479502709242932,-0.7876758415590323,0.07369692708968566,-0.5942405107216107,-0.2895592398627372,-0.7027263973076489,-0.31610676415584515
3184,-1.6267159859226854,-0.8744786816912138,1.4157981447749897,-0.551449463452307,1.1693635542971783,-0.5056178330334913,-0.35412216153533727
3185,0.5275481163327113,1.290171249972698,-0.3191138482523351,0.2831787356168801,-0.04242722166747642,-0.27305457136244277,-1.0367344574615922
3186,-0.8698556722935663,-0.6650324946546718,0.7930250160751807,-1.125126150018773,-0.7560891567745244,0.4092669691802955,0.01789084320598816
3187,1.7079810825646025,-1.0510298903182516,0.8970217218969239,0.9211710055573887,-0.02532586546414959,-0.5163065038645629,0.40939763714251204
3188,0.9938155300482813,0.842995005692565,0.5983128331333682,0.7054174364745971,0.24839855476383724,0.08665193915726128,0.1694400295706784
3189,-1.1565593988865794,0.656022745985755,-1.2215557811243336,1.530535374448801,0.435504633522946,0.9135327968904218,0.12161144307924579
3190,-1.4501838528367823,-1.0543771125493098,1.224853412312033,-0.1322666436278154,0.0637679702662613,-0.7280902259363987,-0.7591494461538575
3191,-2.7482743085337296,1.0499369859410694,0.42870902143939416,-0.9438850773269446,0.10034372388694203,0.7483038067616247,1.2108018626690529
3192,-0.10492439929422182,-1.2272258829009266,1.4334520906703425,0.12405944659154651,-0.3787720363323598,-0.7481822676181242,0.3500610130940034
3193,-1.1013931516717166,0.27998458829235684,1.1291757788189973,0.06841057598579761,1.346467009323768,-0.8723083368376962,0.7231694656106228
3194,1.873312537044904,1.1883009254687906,0.3641030909251517,-1.0372703716982372,1.0277752020910276,1.0142979309856184,0.23816752064021282
3195,0.28327385775613517,1.63741516511271,-2.7373257279943144,0.8077647886845223,0.02859878486461513,0.39527513544892245,-0.5924581736761901
3196,3.4884915453966205,-1.6744664028798208,-0.0870840489301615,0.6069718854699858,0.03294944530854892,-0.47575973814315536,0.22264254202075187
3197,2.782329174749219,-0.7199303249187425,0.5518843393241041,0.14543319841998106,0.4505338979960076,0.03171006850371,0.3767540109481745
3198,-2.44458118900028,0.12342667698419685,1.4089265946315819,0.38597949185220676,-0.16192185066262013,0.12913126952847107,1.1854050766348467
3199,-0.6104261596523053,1.9025707973511135,-1.6199194795927538,-1.3823033449010282,0.4714599153628758,-0.075563398948080715,-0.017639692896029797
3200,0.11408661432240168,0.2480731361165021,0.5763660414912491,0.22232183550268422,-0.22211769292322364,-0.43465966758885866,-0.8140323151540889
3201,2.0589848155598536,0.4236814623715186,0.5111382151511372,-1.2361510062842276,0.9074119521829825,-0.22095510199628204,-0.35593531145525237
3202,2.000691794499145,1.636493347606045,0.8809040787902064,-1.283656567166847,-0.1802808588075863,-0.3231468617538146,0.07247804135700309
3203,1.6516402847943041,1.5964462452524173,0.6066945412045202,1.5449494837661464,-0.6056814591012646,0.2793532145282624,-0.28651045447026385
3204,-1.0782234006359706,-0.9756269044041834,0.3143199579899316,0.8694593918026429,-0.1297161359997868,-1.7788460784224682,-0.43711812924629784
3205,-1.3843447999519922,-1.5114227955313506,-1.4805442237696171,0.8688013837255983,0.915275951966115,0.334376148281442,0.22020310222913608
3206,-0.18031588940309512,0.15593159267890602,1.4744264002033933,1.2628898646477882,0.8399735313195789,0.7191268372880384,-0.29011038910769993
3207,-1.4033271394191849,-1.363140547257884,0.4827448588789674,-1.3026582576281764,0.34523758318160996,-1.35295398690881,-0.13832221367827385
3208,2.093843694926639,0.15626299447690992,0.4719915414178852,-0.5689832605229088,0.7123202682353319,-0.1404340450425906,-0.43334765176674667
3209,-1.4912569715676125,-0.04503323304876872,0.45516154870029946,1.5260319592979927,0.21116489947803188,0.1152381775366981,0.937794256593114
3210,-2.507714332367403,1.1640485048525504,-0.9743735416343904,-0.25878210367183485,0.5245892259657876,-0.5843064211034175,-0.3897232248241828
3211,2.0210936232611667,1.1165672612799349,0.6727454075485951,-0.3384118385576416,1.074873037485529,0.06521247064420599,0.12038513612175326
3212,-1.6031191258240518,0.5284547783594005,0.6348549675600126,0.928025956047594,1.1003418767746287,0.13398609313789495,-0.6670688690198951
3213,-0.734184741740096,0.6124078062273404,1.338361215464119,0.13454623214014452,-1.1503345041800361,0.7442002946164192,-0.4472022984516765
3214,-1.2718861944775164,-0.14101950530246918,0.22792331050093645,-0.12342867400222472,1.175590259362829,0.27167579567530165,-1.0101456953245114
3215,-2.296801797730008,1.168121383851446,-0.4516413069613165,0.21484436859694114,0.08842334658512142,1.0479522255896603,0.7227316194415643
3216,-1.9945374093167734,-0.6736641479314399,0.4500644170769564,0.4404160748400676,0.5837175246891861,-0.7096446493775426,0.5997884338678084
3217,-0.8777746872553782,-1.6758434473731934,-0.7492432218214102,0.3071220576120242,0.836333607987216,-0.5014319378350718,0.19534784186720974
3218,-1.5084598523009862,0.5526117597777359,0.8894604957275525,0.6773409625195586,0.9016118131114383,-0.18557389329517407,0.20457957361094598
3219,-1.850547618215643,-0.4166111785712587,-0.4917593772271976,0.9626808441724224,-1.5802447827167927,0.03984903799724525,1.085983053234584
3220,2.250019284515968,0.41430372424016226,0.6416769925722912,-1.647160366031693,-0.7246485282472503,0.6687305194056086,0.8716825082860634
3221,-1.0066599397461022,0.9022492437776075,1.276923460007719,1.5648393838392796,0.599823871293658,-0.6052311234295328,1.0099973323674976
3222,2.6249508054477046,0.01792696941931398,0.9016513634566045,-1.894057194907768,-0.3015767976620391,-0.801060833262024,-0.06932726670972333
3223,-1.8058214398685408,-0.6454086689741441,-0.8980406484004948,0.8877049069570186,0.30843630859710414,-0.2175398779753275,0.3883426832478534
3224,-0.6260721502843214,-1.7277569027965016,1.3546342708174284,-0.9865628501087998,-0.8828497723640037,-1.4181510151892567,-0.1630945061750837
3225,-2.247396431688521,1.340942729242105,-0.21724037498416277,0.2665453678381145,-0.07765503183619417,0.8282947148103448,-0.3663753387239363
3226,2.344260132092317,1.5876069431085977,0.24515043384725924,-0.2894793347232261,-0.10806266687437624,0.849611372963949,0.9497473863387912
3227,0.44474153198082716,-1.3627746738586892,0.8108689958346516,-0.5570902154907886,-0.06330151776702893,0.6778789848614184,-0.23279383606834253
3228,-1.5756302393554107,1.1635503142611459,-1.032056534574377,-0.4793004437936852,-1.1498981265439718,0.8425782718365212,-0.2250767834311276
3229,3.2991906628763683,-1.2658889800257591,-0.030070363209890805,0.3086620583982404,-0.1370959939716924,-0.6828231454098322,0.5820224995851385
3230,-1.8562951950798245,0.32629634217019743,0.3736828479421867,0.9794878968310431,0.8422396984529469,-0.893698254013963,-0.30933894719864374
3231,-0.002779741030842345,0.6913114067194732,0.5398273367293939,0.7774408053086992,-0.21985541994265762,0.1498207870464537,0.5595420770607225
3232,-1.1896685003965766,-1.7892185427660054,0.9136736818173266,-0.9738028054821883,1.6868102652182664,8.020239975270884e-4,-1.1261425307757504
3233,-0.4793569681218097,-0.3350146166064022,0.9271262974136562,0.4975925061203396,-0.6282271330622157,-0.3560274079684051,-0.9001400634218183
3234,-1.098397904638064,1.4966654542318731,-0.12072627467832507,-0.7739360403662089,-1.1911567712623394,0.2819606998871204,0.43397235940939877
3235,2.9056273404067716,0.1670634892000507,0.8040652080615164,0.8353413385604094,-0.5975999747294796,-0.5725838366860727,0.5849361177120912
3236,-1.816837173553616,0.5845217026587607,0.07858316257164315,-1.1706034087476491,-0.47827897951852166,0.29427122416441076,0.025187560905542816
3237,-2.290399879418704,1.3136278799078362,1.049814242373567,-0.6947755939524208,-0.8431777847832036,0.19770255529897898,0.5864217333609539
3238,0.13169979951703953,0.16289817754135008,-0.07964400958759689,-0.9287528756821353,0.8032247483638184,0.14058982716032145,-0.4292681139686764
3239,0.644057450234733,-1.6603622545972716,-0.8386319063171679,0.7185707957676866,1.264982828663907,0.19453058207502164,-0.4154399486998482
3240,2.9318243827857433,-0.1194938534467816,0.2726800082213016,1.3356288296927057,0.1602150056081917,0.5796902304845309,-0.9836928727571972
3241,0.5424431419832101,-1.545844114741652,-0.9243752219771286,0.7284366186770482,-0.528476306726772,-0.01480376830845391,-0.22100337519022192
3242,-0.950580226525921,0.2129549645662205,0.4479563830947549,0.3493500506248601,0.018548133118016025,0.7530230803471204,-0.005226487005565567
3243,-1.3233921966279978,-0.7976801846053982,-1.0077935000755425,-1.4937446342130793,-1.4767674734515333,1.270392895209561,-0.044132665388438824
3244,-1.419371283683385,-1.3384439857486843,-0.18279437537734539,0.09349795944846424,0.24343976394061992,1.0947282039683688,-0.07804287879765469
3245,2.7829256358392804,0.3902614685533464,0.591029184357934,0.6592656551912316,0.46099889617679074,-0.10631259982982245,-1.407410304284924
3246,-0.7295836411172958,-0.5087129733004925,0.608631766563645,1.1188647216158418,-0.4667273960911229,0.7917140362487015,-0.9661237425099446
3247,-1.7177457889526417,1.0009476789037686,0.5926492175260922,0.19576567080716295,0.6794556848942714,1.0562179802438652,0.4153574773531636
3248,1.0257089131858992,0.8048608009532146,1.2138091731827,1.160992561769771,0.2424327211678119,0.7767313199779677,0.44579230349516635
3249,-0.6223785530877972,0.31802575183909776,0.8700949143741818,0.8733032875026717,0.03726303684702422,0.7205821833429059,-0.2989276292343456
3250,-1.5562096196989963,0.5578613136410444,-0.7280824171230471,-0.30304184868215217,-1.850984920452263,0.7744421729644976,-0.642112966701996
3251,1.9667447592360645,0.4630435008791551,-0.5652540469943086,0.19142200170774928,-0.5109843530742086,0.5296815674776922,1.11521412528732
3252,-0.2586532204091868,0.006363050558268796,-1.0711258685496128,-1.4216031635251167,-0.4830290595814245,-0.5171105857325592,-1.3599804664890143
3253,-0.7381793950031947,0.5879075800820877,0.3724329000100887,1.4545787453489554,1.1449530836272666,0.7615694706203593,0.0666409766262455
3254,-0.43670192348775455,-1.3614325358192128,-1.8321929294825523,-0.5124699284132394,-0.0814297311719075,-0.9807742849093505,0.3160159886007214
3255,-1.0198601207923381,1.5592462121803492,1.469158055558666,0.2747442185279096,-1.331159544740667,-0.4031071162074886,-0.11679324891070403
3256,2.2614754951049556,0.3787966130590861,-0.34796932985466705,0.08426210861627283,-0.3795187335135066,-0.508802000115889,1.1286362934275223
3257,2.443090642672685,-1.2396144076296938,0.43343884483077477,0.29295866874367393,0.5081164435669393,0.20010790566444495,0.9928024305531852
3258,-1.2830885119344673,-0.6104897211536257,-0.9063014824232101,-0.13413786834967073,0.22209042171212742,0.535333772182349,0.3477877925153844
3259,2.4893864381134616,0.26741586775235204,0.26047783017041853,-0.8754436798274922,-0.39216219649230105,0.25030470271302646,0.18693955710244592
3260,-1.108396688078316,1.2335585302507213,-1.1433098255241545,1.4589605231365235,0.7453600948752653,0.8834835593035291,-0.08853818648239525
3261,-1.0980361105622445,-0.2517905905170003,0.34372712575051995,-0.16160881855480344,0.3354560591492998,-0.09306314173634367,0.16926819990978645
3262,-1.1313958821344459,-1.111926123186709,0.5963187100847581,-0.5527647735114414,1.344530012497596,-0.08568051411331878,-1.1587629676255478
3263,0.3545998721277174,1.2837720926097949,1.0184459856820993,0.19604948295406957,0.570390136235331,-0.658730206478993,-0.8438230049969709
3264,-1.5934870386968558,-1.4422387177264258,-1.00357525908959,-1.5684613614203973,-1.1209477041223646,0.7375502025832897,0.008852540514406329
3265,0.10300153182001548,-0.8345390402702715,-0.013655855113977733,0.2616651770054693,-0.8734548734336901,0.6602344293460173,-0.7388280703701547
3266,-1.8121031307830637,-0.312150605025713,-0.12600125956453012,-1.3705927344126076,-0.5921770634213239,0.18140317644070578,-0.5054934456826022
3267,0.12154008893816909,1.4025153744226317,1.459238868213617,-0.5150666912225386,-0.2266559094417424,-0.20167097872119993,-0.12563200211127296
3268,-2.767806669084455,1.4066500191506113,0.5019505595980518,0.6819532348766746,-0.052777730326421114,-0.19629484092106203,0.28510559326698015
3269,-0.420714979950806,0.3400461119227721,-2.0357590867115527,0.941553095854374,0.2742232322940363,-0.052365483403387494,-0.3877640353909562
3270,2.454141185697774,1.3694154242745862,-0.14918447623284997,0.8518713514392471,-0.759617227230877,-0.3318319017395316,-0.349196802395892
3271,-1.4803529881071875,0.28507607250387434,-0.24706358597976077,1.3941861298399663,1.0177086827851063,0.6496002062208761,-0.886452478095468
3272,-0.7170836683220452,-0.24600168432722117,-0.562638877140784,-1.3784520705492564,-0.3656660158954258,-0.9015656433026394,-1.248603097945239
3273,2.5114126303490614,-1.065587721254768,0.3544128029623523,-0.6693517136121033,-0.6965998569049027,-0.12256968246714565,-0.045942805244976015
3274,-0.011659426364049614,-1.5020451059533169,-1.0044623940772162,-0.2756163702986831,-0.43324485963900505,-0.5752247007340265,-0.9793606325348958
3275,1.5879926741139123,1.5214839044161048,0.2772210557945413,1.0083009952944781,-1.1792612842348082,-0.016048049892294514,0.032160392858132006
3276,-0.9256745513951783,-0.034486382232080705,0.0016805521934154482,-0.6494095343231092,0.44872675928393935,-0.16853046203095007,1.2781844678147294
3277,-2.7665852940561573,0.3817432053465841,1.3573351641539217,1.2348110601405422,-0.12168898420374132,-0.236118885148532,0.23629155057296253
3278,2.7069782675562233,-0.4911797827261205,0.7336713331475054,0.9774199459287096,0.8463051583469965,0.4714475301467631,-0.05624140286430906
3279,-0.05108853172556218,-0.8392095533092558,0.08962320381939774,0.3824159952499732,-1.1600016120244168,-0.1426264186555918,-0.02681607699964267
3280,-1.1276526355048329,1.5525812986786283,1.8148754968892202,-0.2924475492357616,-0.9219836777421689,0.1447804641483988,0.13404486832130197
3281,-0.5810993764551167,1.0034466942894464,1.0565005189343566,0.8957819984815091,-0.620036667323957,0.8103385338921144,-0.4080236251675144
3282,-1.7974794095369568,0.665012244913276,0.705256598950411,0.2647128047054452,0.24566193104777626,-0.47034689352945813,0.62893098621471
3283,2.123984533970952,-0.2586403396274086,0.6056003834422473,-1.8093164491952485,-0.035837849941768654,-0.21349008872915118,-1.0829433458469933
3284,1.772186501704899,-1.0122077891283556,0.2703269872050548,-1.168718458686339,0.775267480424355,0.34126051019133374,-0.33259392645364294
3285,1.7469304151091238,-1.7124207957278874,1.1048858164082844,-1.6119903891984286,0.6373553408914009,1.1577958045801189,0.2128518395902067
3286,-0.4335413546965878,-0.3460263074368019,1.386190675184093,-1.065972076012144,0.8947004964097232,0.18179117896980662,-0.04760506433268325
3287,1.9069964537626902,0.23644774369403226,0.6989227723711399,0.972019913480556,-0.6133098695644401,0.21723291059021424,-0.5673017352169457
3288,-1.0337364081928915,1.1414580047991165,1.0502577630715013,-0.5686177072170944,0.24166064829100214,-0.37467100193455405,-0.5230499155478263
3289,-2.478670959951277,-1.49279467024846,0.27454494044048927,-0.22132394535048913,-0.16388221287672367,0.16185392395240408,0.20295710792159816
3290,-1.643179047500566,0.3267712016950253,-0.3070134415698601,-0.00785506087645416,-0.7418161435112561,1.2977850584024724,-0.2943593415754728
3291,-1.4320053443664396,-1.1592271689567837,-0.8008811979979632,0.08145479322558688,-1.0871798986345866,0.8921330845047306,-0.7034071614040504
3292,3.2239284414445013,-0.7295147383616236,0.11154456531611685,0.9639151942208356,0.7608330988567091,-0.13906878601292655,0.8979033861927491
3293,2.508384436574019,0.492108096015653,-0.5493511188860135,-0.3136196948598984,0.42837239386935383,0.5906238679577154,0.6949245718093678
3294,0.15215662469417696,0.5315575288252515,-0.2793208004189325,0.588455240222343,0.47919083563534226,0.04687503478348549,0.40328403090130416
3295,-0.624868114419693,-1.324102141832392,0.035170401517206885,0.17411431397687255,-0.39776024935591303,1.3663873879241957,-0.025281932812835906
3296,2.2900597591572933,-0.07844467624363806,-0.12884913439372137,-1.602683712192005,0.3777621004433762,-0.3786197570194222,0.6739483206551836
3297,3.2518925812810533,-1.0221284180357073,0.4898392628842851,0.545734162064786,-0.7015048076330113,-0.06477396179145496,0.08788421151778987
3298,2.0857316211017736,1.515563146845038,-0.09931201246868966,-0.5983461400305232,0.2675238381379141,0.4556313870870395,0.8389851415953508
3299,-1.444012194143023,0.6485139800427775,-1.119930748444815,-0.5552060911701596,-1.1892411396028881,0.3633509803762496,0.5575414888417323
3300,-0.781363735780733,0.9483074607533106,-0.3372732012844708,1.1398471800805088,-0.21278680318356658,0.8730122730586048,-0.09325814220222589
3301,0.07703236775669478,1.0186012709268997,-0.6906634928049963,-0.8965454828779493,0.5290537116720186,0.3883527734234321,-0.852198376509519
3302,2.94875583951314,-0.8042317688350231,-0.4523929873331856,1.1827217300219912,0.07480449318165665,0.7654352010305897,0.8914898356499869
3303,0.018956589914986593,1.1153108471710744,1.175055885877837,0.4736834441777754,0.05904359391712976,0.7669632214209741,-0.11943221968063751
3304,-2.8025051111775103,-0.3127084643696282,0.5580289860686246,-0.16834435715235443,0.4380253155783684,-0.37831999050612586,0.31215534360452024
3305,-2.4802597352368165,0.08929627409360706,-0.3916882927745954,1.2300672946673086,-0.2979277708542428,0.6796948575659439,0.4268371899825389
3306,1.5931881474138114,-1.5813275061028993,0.10307120846935061,-0.8795169988715759,0.208182337650353,-0.680151710631849,0.4807469859897031
3307,0.3358671433517556,0.35015567819162696,-1.274072189892008,-0.21916406779751363,-0.28088919652686156,-0.5486159792802886,-0.34111879931351924
3308,1.8293688184719241,-1.5495302976773488,0.27859300999922454,-0.9557970916087782,-0.05764080082830826,-1.2575971828183057,-0.7735036558048456
3309,3.860468206142349,0.2575458100555373,0.750123039927892,0.5905419948233592,-0.15924211279720107,0.056299156900144344,0.03886451775237149
3310,-1.748552317310045,0.5443990013299362,-0.9396438291767798,-1.151891451441427,-1.4797863750286924,0.8556494386883845,0.5967371984354942
3311,3.0022630258631566,-0.5976708382070021,0.5608950805627319,0.004976916441061504,-0.804338926021057,1.06081439738389,0.08898816583882642
3312,-1.1311632751430958,-0.6565976953056413,-0.22172876797129712,1.2990570817617566,0.6152856099806627,0.823059808255596,-0.9930664175716696
3313,-0.19437700639190025,1.2886313197697976,-1.0919542554154904,0.2395961282984757,0.37182540303882666,-0.3822124386002562,0.7349733096321649
3314,2.173962570151063,-1.2520878494962329,-0.2595215670885638,0.0028104619837819255,-1.330719168301107,0.44815998060453993,-0.17700440306827567
3315,3.5097075046920208,1.4056429800252344,0.9233289594639695,0.8175553039757099,0.6046410882988061,-0.14267370916443886,0.1775033255546128
3316,-0.25102040442572876,-0.6909333342686224,-0.9044316337261942,0.030426297391267523,-0.2610397905584898,0.23736354854356306,0.8203869924483577
3317,-1.3488712038881059,1.079983236279483,-0.5210708964941605,0.1046140028738608,-1.9332434083809245,0.5114689331261485,0.34489970400885595
3318,-0.3678653011568228,-0.7623205132712976,-0.08362143949203363,1.0796758655653778,-0.07963061783112226,-0.3287314556262527,0.1949741204535964
3319,2.1515507993095104,1.118752453421497,0.38975383232791283,1.3387126266190272,-0.0016538645204424844,0.29455243982204327,-1.0242919138963575
3320,2.6350644968200583,-1.2315213479097444,0.8668881884714232,0.6954881933029273,-0.590012684694706,-0.31000405370981593,1.3053901883083645
3321,-2.233906140597568,1.108049235649078,0.45372322295640694,-0.9603135635024006,-0.4688446015774009,0.8591486580763575,0.34847645622821904
3322,0.2733491318074437,1.8155680016138005,-2.192269614201626,0.8160492824231543,-0.49211490148564174,-0.18288539657007077,-0.06524704379698582
3323,-2.493434387637247,1.1751847956272519,0.8492514021467984,0.48028160514395707,-0.1812111178601018,0.4734693560528498,1.4496794795029897
3324,-1.7214426566592147,1.2626956214157428,0.5800584044041059,-0.4070771499831698,0.33573538255821855,-1.2707733818524247,-0.26206886216863545
3325,2.2288284170467896,-1.1857739263843028,-0.3195696537708722,1.3757151915162587,-0.11046243058686117,1.2291034041607365,-0.6982627616217463
3326,0.6450039401269694,0.5707003889898744,1.1860171591823723,0.6968192394462016,-0.9146022181518091,0.2080375722414595,-0.46356696403452685
3327,2.165023077469627,-1.5659032818645524,0.6652077161005471,1.5462780505541676,0.30123378537867046,0.2189741847132682,0.9089984410793429
3328,-1.0342341225951948,-0.4238439288323393,0.9834619276694231,0.07217223600008586,-1.2846305932361246,0.431302202406738,-0.020754206359870526
3329,-0.3985356918650148,1.7537785946020417,-2.7167358502091035,0.7488862871574772,0.17685985314995215,-0.488790855550704,0.8762009570640232
3330,-2.221477373146611,-1.6785240983928216,0.19017152706741253,0.5717171544890517,-0.24214166745955307,0.9581147796444823,-0.4030169941587131
3331,2.484206129451459,-0.6043483744816209,0.1013347372029411,-0.12546629119734332,-0.3356397275749748,-1.0359798579416004,0.13450673578752992
3332,0.04046393218400414,-0.9656201376396031,1.113087460926173,-1.3211297096705925,0.9807253504268614,-0.432745322528698,-0.7990640157084739
3333,-0.38790309642213866,-0.28339776004069517,-1.2318687744132117,-1.5639777235767736,-0.3344519710366178,-0.1635536353642076,-1.2077032417429747
3334,0.6694155154198321,0.8869264232157745,0.6754998499886024,-1.1957870425093295,-0.9874746831711932,0.07386040570129046,-0.4380247599922238
3335,-1.0852384838210125,-0.33902431609362593,0.24273578403060395,-0.4316973084438353,-0.749491022307938,0.1874561345187719,0.03687170158036859
3336,-1.5582679546638902,-0.17996244257584526,-0.4061728534339504,-0.6807700595358172,-0.5467400084730865,1.2114800454545083,-1.0232608169965238
3337,1.7060875171135876,0.6320831852270467,-0.45381247534442715,-1.3661146189707527,0.094189267788781,-1.0394355008787197,0.7475641390495703
3338,2.9917162546643734,-1.3625452139136156,-0.31555078450939433,1.2587864376249,0.8866339113413167,-0.4067363800572501,0.16599676799951715
3339,0.8964407958608225,0.46412166608154143,-1.4289280912365798,0.6425934536452994,0.1336844951911488,0.3763972273464763,-0.2546450222306965
3340,-1.9027840387018833,0.4226203525849214,1.5677715494107052,0.8451604581299993,0.2808062478796927,1.3606339927175557,-0.6427108407472718
3341,1.2606647311753654,0.1733687725314182,0.31086871966943047,0.2663528742400393,-0.2403016778486623,0.5589407477614351,-0.2415583175133489
3342,3.0084364088586066,1.463074216416406,0.9126364243075233,0.3957813202620419,0.11308935300474282,0.7126849399262453,-0.39929510046550243
3343,-0.8549416745601836,0.5181573415214826,0.944057550468477,1.1503759700683758,-1.5305458697857786,-1.049419959871347,-0.5076483795863762
3344,-0.42737886250224516,-0.43581511406687523,0.6514335779599274,0.883255185697811,0.5433721862125223,-0.6672113377026726,-0.04395731925280556
3345,-0.19749654276001344,1.7678086537810052,-1.6171826396551083,-0.09816614903313321,-0.12484750559489365,-0.16668482324758346,0.474172104261395
3346,-1.3766155560196351,0.7275503966230017,1.6223092986696475,1.0325821497260999,0.6122321095299853,0.2562397924811078,0.5703928985119637
3347,2.777417970108956,-0.8524799471124176,-0.5184091567349093,0.42213222480811086,0.2000598952552853,-0.2851159010664325,-1.248761291979695
3348,0.35392356641291134,0.3511617614169289,-0.061588929553478854,0.04947371368818976,-0.2829959807944883,-0.13405189221484723,-0.1311608341762054
3349,-1.7820140004591973,0.46205636683906837,0.6576566148895266,0.41113963577523455,0.15505791131643107,0.5762037936836059,-0.3525510957891576
3350,-1.1389710325226903,-1.787354230967298,1.3789868821930944,-0.3199714378883873,1.1309976192289861,-0.18930680279132595,-0.47552757634436216
3351,0.7516968279766494,-0.2787892966096632,-0.4305614036407072,0.849366894404673,0.6065337949343428,0.3106987744502732,-0.35946554058778374
3352,-0.9269334840470135,0.2960346655540828,1.398470225738545,-0.899381832594798,1.1845435983821482,-0.7725476354656287,0.621217133109769
3353,0.3930950673126576,0.742156350675531,1.4858737534728599,0.256114379267099,-0.6205128383483096,-0.5569212170720002,-0.6272421069376042
3354,-2.4795221919550268,0.3707650262840079,-0.5072938821113772,-0.9695271086580799,1.1634658265363322,-0.18862188712352237,-0.4147532039465831
3355,-1.1543008294181165,1.442440359217665,1.2186155291396306,-0.0659524525878158,1.1139950812467505,0.8277144621549168,-0.22536198013803574
3356,-1.0724339761786934,0.6990814532195371,0.9383792175424704,0.10957277158151937,1.8305360441751457,-0.0864049519505156,-1.0899816205961164
3357,-0.40655998779354907,1.4253118164719776,-0.7360355472526743,1.4511387584071909,-0.7039895685329115,-0.08034067459520396,-0.1920354452122761
3358,-1.793591152700131,0.4312921424056393,0.8295995560200025,1.4903551906351713,0.11531012644325739,0.5291537306961966,0.07781684166485534
3359,2.3250762384116803,0.7664087960695298,0.16820887964232603,-0.7372696485413763,-0.02296367839084263,0.49808860531582405,0.6809745079038998
3360,3.139446991030532,0.8107676409885056,0.2911281153423327,1.3425625643425672,0.7441234033449514,-0.13374922245720752,1.0267600320391088
3361,2.165697821100168,0.2814028074489106,-0.2847773586096943,-0.23891316057559897,0.7029703588199623,0.13181998104431508,0.7454286864460365
3362,-2.204050496872073,1.574858934577332,0.3143504079657104,0.7548819878389949,0.5374500758206391,-1.197741048234649,0.10744490524314411
3363,-1.1998312144659695,-0.12626900014092052,0.9958723490230592,-1.1262261304407548,-0.08962490268773905,-0.04296321356638444,-0.25660309506696777
3364,-1.454520451839883,0.19919114727456338,1.4443065084638913,0.12481686069965177,-0.9215462424852706,-0.9817130303791448,0.20509912374644207
3365,2.4652844520886052,1.581757859645559,0.5272860577336768,1.5680640071814758,-0.12336505928678693,-0.9460569073087107,-0.5297607744030206
3366,-1.7121589218059219,-0.8527611809063995,-0.06586917634171016,-0.6250307684471855,0.25293303587958177,-0.01646774210377814,0.3683993405387285
3367,-2.2287025028069696,-0.05266639133795659,-0.935358053695765,-1.134909208840882,-0.2232615553887011,-0.8780234591470824,1.1225006740915868
3368,-0.9896576208863378,1.0095223823274417,0.06819270553652125,1.0998344627878374,-1.3832770860533068,-0.18250105730667665,0.7500014729256274
3369,-0.8853724266808487,1.2863283495414486,-1.3534140577308638,-1.0195332732813813,0.4291756006196159,-0.615392504664588,-0.4905553152099644
3370,-2.602897590535263,0.43675970554813787,0.8986406262040112,1.158843002643127,-0.0714656167618833,0.22152897812751768,1.3382143840872434
3371,0.3442300040489788,-0.1896267462835727,0.7204313309302333,0.5145323215825758,0.3760986498568798,0.4228832926117034,-0.6072999631294086
3372,1.4499249738682598,0.42313971459328215,-0.08172371669545772,-1.4304971595534683,0.39425549079122457,-0.048636354140929906,1.0612986384292682
3373,-0.8867187581370923,1.2462003108232311,0.7331372276029476,0.4305223490939548,-0.7563435344346476,-1.1888645322340798,-0.9367575155700507
3374,1.3464874861647267,-1.287581371819764,-0.8890908843807146,1.3110747895332315,0.018043658560966326,-0.6979317951020292,0.021887711182736875
3375,-0.6227271850479208,-0.9638526379738713,-0.8761915925125899,-1.097352851020192,0.11334097103375351,0.4994687673556559,0.8876292883625067
3376,0.2945970179257187,-1.2615416568060533,0.7880847527370874,0.5841878717042525,0.5167476529210592,0.016945062822574228,-0.8112785436799068
3377,-0.11887604031578493,1.6558089620055012,-1.247252592975994,0.5398519924645498,0.03184661456498271,-0.2130221609971867,0.5452217601558548
3378,-1.541664563381739,0.9880267942673496,-0.673001346754391,0.56712976073204,-0.23222903486711205,1.507098390925373,-0.3615719790308625
3379,2.5518428734386296,0.9779949338501875,-0.8455290733568914,-0.4461393565228236,0.4454985027433556,-0.05495540322397348,-1.0020076237979576
3380,-1.5483968002262543,-1.4884219903513627,0.4369253161962299,-0.6876814680013961,1.1809108514357773,-0.49501661731232494,0.2513654878770846
3381,0.55753598393892,-0.25773206434175117,0.8724051377713469,-0.4149233997455535,1.177389083561341,-0.17163900209318964,-0.22230545522219758
3382,3.7201356729943575,1.0592627598916913,0.9189456416626579,-0.2905169774023843,0.43468531107873193,-0.24035813399917363,0.3592861379277429
3383,2.1665605966908634,-1.440830474639855,0.7389531164887748,-1.460956846585334,-0.12072166159570209,0.6287473172153704,0.10221537081669352
3384,-1.6882907758007581,-0.32004225401773384,1.5091566456974148,0.30781660057752075,0.9539995431395605,-1.2543000748008057,0.8510634681187005
3385,-1.7073674777611814,-0.061105429845756586,1.2204981396288057,0.3977289151555637,-1.9040966142021354,-0.3026372778116687,0.23488078731260603
3386,-1.8655597240286061,-1.4464783421286163,0.9291917839281607,-1.239679081577571,0.5200290606867605,1.0009713186568865,0.6053941827519602
3387,3.388891719484805,-0.476120788333558,0.4110055966603413,0.793599888907646,-0.30942980729272834,0.20382872108962477,-1.0763227046628685
3388,-0.08606688603671786,-1.2596338629324897,-2.9100677786144296,-0.6872273396305336,0.18847436009616444,0.2999111723050822,-0.580049775895472
3389,1.8348003311204788,1.001512888388423,-0.6173586360197166,-0.4507762882418376,-0.6379504639189024,-0.13654429685919423,1.0800307575664865
3390,2.4420821457114825,-0.4131998206947264,0.34594988888299455,-0.49500785377125356,-0.7419579771504171,0.3513703384765281,1.1686942554995876
3391,1.9922967806656098,1.6904963691380865,-0.11203925909314874,0.07529851324807459,-0.6482978861103866,-0.6981562941182365,-1.0058497002799474
3392,-0.9912154657173281,-1.3066391913748332,-0.8315615543133006,-1.2083363517572037,-0.7394651755860329,0.5615728516615619,0.29510651770343804
3393,-1.4191996520159877,1.5431666060836764,-1.1350274355727994,-0.21728589199140835,-0.23386466807141215,-0.5219330176625758,-0.4499900943761194
3394,-0.6479420905985915,-1.546105094450489,-0.5929021808427548,-1.1257841324624245,-1.2691298339083996,0.2128496588317499,-0.1511115046167671
3395,-0.9536021426462121,-0.1664306985272928,0.9850188269166391,-1.5685287732886681,0.5370462791222647,-0.2751574337934724,-0.4426915510139528
3396,-0.6017800582480517,1.0530958202599257,0.8755690009656719,0.09768392240534456,-0.11298650078384839,-0.35915422231749844,0.1221589430133627
3397,-0.4390656191174822,0.3252000793763435,-0.9230683843684598,0.06583358042541569,-0.1965260704169378,0.33545330743050655,0.6024698210179527
3398,-2.0341200193324056,1.396921572272068,1.895501370889393,-0.9571334747098694,0.5823610220498827,1.6686818726392443,0.6034765402538577
3399,-0.6728503026506492,0.0427682059507386,1.5190445584546348,0.18920907641011522,0.5646064627782179,1.032668246029713,0.1549145400939033
3400,-1.1702560137424642,1.5749139899637077,-0.7343844063872026,0.6048304749604227,0.38205302722927853,-0.35030382109176417,-0.016153071266622705
3401,-2.1112782955025815,0.4994667498672887,0.7716324642164045,0.9828765737507782,0.36515772802883445,-0.5555074562163971,-0.2596252820823232
3402,-1.1294186450847188,-1.2855098240685163,1.3803172743554377,-0.43050163686444,1.2236825348918472,0.7650333014524663,-0.43818794223182483
3403,2.2874764325072285,1.7026867251876288,-0.732707697190296,0.5920310070832012,-0.3098412445812034,-0.41730908047906307,-0.2191326475740947
3404,2.5655665947483786,-1.7160882162965407,0.2947797491794872,0.2786483589016845,0.004900021591165451,-0.8895757902407547,0.8756307639577966
3405,3.6427068248779952,-1.4179222810100693,-1.0234542103684081,1.005509920669549,-0.030521833102757082,-0.09603898247911992,-0.8306653315007195
3406,-1.9080513280007274,-1.504075925360154,-1.0694014968226357,0.49606968544095786,0.12858162208985463,-0.9001714952577926,0.4656610450537182
3407,-0.7734383521299062,1.1477892198463624,0.7723452719029513,-0.610071519181636,0.5104244416155655,-0.7652546209280522,0.12164576546182007
3408,1.774933820058043,-1.7506059908369305,0.06974468939764167,1.691694834029397,-0.07950647096654904,-0.43654727618182776,-0.3325970643436588
3409,-0.815259334879338,-1.782067440371274,0.6276061379550675,-0.48319487581895093,0.25462954137383337,-0.0020951831543775845,-0.017740436240352694
3410,0.6562734529110986,0.8799877163142877,0.21704541140938105,0.3156976612454433,1.4366016480987995,0.1596483787879227,-0.021367003201777094
3411,1.3558716473924246,-1.3243816135324278,-0.8129355185458073,0.9584526418497817,-0.871658809653014,0.24634921643470464,-0.5451871861461876
3412,0.4596494412031121,-1.3501484063750129,1.2333937481039983,0.554137218248337,0.6622956831130763,-0.9951115321548342,0.45086639823755
3413,2.0169190552545806,0.021843266491903483,0.15023215819721666,-0.15845719871938593,0.21636154615098224,1.1008392753957528,0.7121026995302651
3414,1.726523939856313,0.00961525800080873,0.517185506399019,-0.9648002483425688,-0.25787473813929523,0.23543578050977912,-0.030999772787255107
3415,-1.471169119492141,-0.6289099172455512,-0.7396384210312819,-0.20088587663217328,-0.6405562850764767,-1.5072371190867433,-0.3384570247280489
3416,-2.32494397445172,0.38790156286376304,0.11428907818531873,-1.2227846251782644,-0.39004571562579576,0.5587278432865198,-0.2735610615769224
3417,-1.3447401351128159,-0.7094828630474195,0.6738334097427753,-0.6577586573765527,0.7475979314494158,0.7751597487765757,0.5241554055915532
3418,2.463213370743565,-0.4813336280677469,-0.6347887387365633,-0.9467850663990087,0.6623840948375609,0.3679021506311859,-0.400109419966466
3419,1.650092833660618,-1.3391839094005358,0.8216472342445488,-0.5570938934000816,0.36688978328443655,-0.17543956466082258,0.7532305345284919
3420,-2.0707028558750604,-0.9034479066185804,0.0892903705381079,-0.4542095050865141,-0.2843504213629187,-1.2048966910310095,0.11782167307153384
3421,-0.6621193623299307,0.6371503778179481,0.6485030883038483,-0.4525408646287869,0.4641652856393224,-0.6687961292435488,0.4504031611393467
3422,-1.5173131031647489,1.176511691443016,0.41748561763842534,0.748056787381266,-1.2194150909579802,0.08362324362337205,0.6431197109894584
3423,-0.5730656282539774,0.012044854005737909,1.5286224231609133,1.299988127183875,-2.0456444381402816,0.12208883193403709,0.4214397849170983
3424,3.3216461558185855,-0.18300455652065514,-0.38304369727253845,-0.0558651606928996,0.12255802177171478,0.035654975054670565,-0.5071281114447554
3425,2.5275759893289855,-0.6544311667692952,0.5536852417232694,0.8688887493735888,1.1220824689083522,0.0926347668813153,-0.5909294530949886
3426,2.6425936053305636,1.3105011352610747,0.5183905685913777,0.7899098569927757,0.5074747449839427,-0.13556922646055497,0.07456754930595003
3427,-0.7660521794658759,-0.4684314761111398,-1.9588224669468393,-1.522532523667518,0.5163885315684169,-0.9349464615599123,0.8653585496633219
3428,2.087936494617662,-1.2003490496185225,-1.0490785217928262,0.043988369978014794,0.3998873873173742,-0.3232593173613149,0.7918105474052973
3429,-2.233254091103114,-1.4561198918725013,1.4983781775083662,1.0335102216289391,-0.0847297824884414,0.7043959191880593,-0.09544346690330681
3430,-0.8111516995701504,0.2226513677367188,-0.029574450099335816,0.5053686911813797,-0.8829331946413097,-0.38541267336826673,-0.9268690880830209
3431,0.5990698612863532,-0.3976649183746658,1.3501494540181158,-0.42649148061817166,-0.1124538449189834,-0.2785799642995196,0.08388941494944185
3432,-0.9600407451592681,-1.3606107145572028,-0.017364391225054225,0.8713955999558398,0.2641823545568286,0.682316795358668,-0.28177312751135514
3433,-0.2863263990914558,0.7514480565203345,0.6284945848618161,0.7799110851193447,-1.1146549928721665,0.5811339552241939,0.24165026916128923
3434,2.8079214997796784,-0.3350268750579463,0.4040944436757203,-0.5419643013973429,-0.19673366334224446,1.3702733027203042,0.5945505195136548
3435,-0.6125984343822464,1.4177512392859684,-2.593860422245475,-0.09220523467094872,-0.055934188433415105,-0.23279746434629572,0.8799053926767844
3436,-1.3120140621693444,-1.1840344930826983,1.6683925554822656,-1.300345949941344,-0.3152946416457321,-1.8457610851475887,-0.32087850734694134
3437,1.8184678630882896,-0.9212395565004597,-0.4095846547558893,0.8567280323128199,0.505421362270587,0.7056675862855418,0.07596656910538141
3438,1.3763501930497442,-0.4991324791251092,1.178743412559,-1.3549383831461252,0.3982276604696447,0.7175667394153028,-0.23011797760924946
3439,-1.0952318573992417,0.9164702277731058,-0.1302306663112151,-0.3888496627113756,1.3947149618803083,0.5325013333047934,0.3323041291873943
3440,-1.736399778992984,-1.0350343040920915,0.452480491010089,0.4409710673308009,0.42733701449780537,-1.0576256085539344,0.6612147471288091
3441,2.3709218074160274,0.8269031940547976,-0.3323702898668112,-0.6588684101857971,-0.3945754542332309,0.4858888635316597,0.7545833863779704
3442,3.3257696866890325,0.7201328522772753,0.841067764192719,-0.4741618805173965,-0.3590579689437117,0.35066702468391175,0.2280167972800552
3443,-0.8081310404507791,-1.0192870730530461,1.4160758492082106,-0.44475488197670204,-0.4626775436863791,-0.360373111185306,-0.7319048997475174
3444,1.515367838573452,-0.874143402154031,-0.8881447988679515,-0.29192044564643777,0.09284690173224831,-0.1521424661501008,-0.0760917902950547
3445,2.4643746077912825,0.23613000643974955,0.18619873702908776,-0.2298734532870548,-0.9921729289724566,0.35605320136835034,0.85720861311657
3446,1.9548583164764841,-1.3860233556116797,-0.08182217544560003,-1.3713365495358965,1.1307141087203292,0.06750171845823182,-0.7556737254623594
3447,-0.7169866189798914,-0.25522193941905175,-1.6574272179505902,1.5003623583420218,-0.5557087105419729,-0.06159247092820933,0.46998214263857746
3448,-1.5246555010131564,-1.3700934645717984,1.233157372753426,1.2216001107231493,0.6451693245755399,-1.159405257643809,0.6897223694392176
3449,3.2423412179060738,0.30476656446270944,0.7933915188807408,-1.6673940353050414,-0.1169988469386795,0.3325749595062662,-0.025749523773991777
3450,-0.31046623873329465,0.7515733520456199,1.1867771111393173,1.438671195413468,0.5621406278766087,0.40453839376578915,0.15999007237175317
3451,-1.1005684164151373,0.2258395652066594,-0.088974300024900907,1.1117937204465111,1.0165488562166984,-1.132437767521499,0.4562159266078576
3452,3.212543868591692,-1.5489065976342926,0.4419145695544142,-1.4579885315321783,0.5358720643003003,0.6375901758433687,0.5532448487217142
3453,-1.5446507963981846,0.24366189117680573,-1.9367407392343314,-0.1486985277158698,-0.5076982918661413,0.12335385480145586,0.14932764000132354
3454,-1.5384242040099132,-1.6589761063558572,1.2741080288690927,-1.2190147784723329,0.0053202608597367395,-1.3123175222663197,-0.7014152043415617
3455,-0.1461234559570162,0.9710099844363994,-0.16597872187306287,0.7307466297564462,-0.4051767783833681,0.8078940987172794,-0.01647772835257995
3456,-1.151415668979889,-0.5602331913982418,-1.2923507486070724,1.4698707626957401,0.14518148519511814,0.7204235005917329,0.4212791569789568
3457,-0.8210070193991874,-0.9892596443791561,0.8015225821356755,0.32392096170383694,1.2241811275421457,-0.0879670648757908,-0.7679652410948635
3458,-0.9809179234651699,1.100938884385743,-1.730452813984486,-0.6371687830485939,0.6927576297298653,1.00773122775805,-0.027239980149551698
3459,-2.4917187747745366,-0.33631427088386523,-1.0739509247089638,-0.96754275194413,0.5637536226531258,0.3792682071163694,1.0974869922029211
3460,-1.4150898083118917,0.8386123994712208,0.23263747099407597,-0.9225902525499461,0.05275275443552103,-1.1324949880354023,-0.8540813555757063
3461,1.6884269365097173,1.516972818616637,0.4649287951409925,-1.173308870131449,-1.1202145708695943,0.13467976529083966,0.7530779466915322
3462,-1.9295255541643477,-1.4151674724171153,-0.5325152747686033,0.9060818753188935,0.6902360935403696,-0.5246593442247192,-0.42280965292833295
3463,3.240565242645779,-1.2859655302727477,-0.05592682820518745,-0.5005232736010884,-0.4377115500288895,-0.4103696526936589,-0.29732265127642254
3464,2.2059978092607477,1.5386821578885097,0.31437436524174567,-0.5283872035386146,-1.043796359022948,0.39618780929058833,1.1682242297850316
3465,0.7928650143759426,-0.9693694366871459,0.6890515540231246,0.792253651952766,0.011608282779207344,0.931438017806124,0.10535809848269229
3466,2.5372907839325767,-1.298149677499825,-0.6495832197411758,-0.0809946458278112,1.007058023962045,0.2628155125087935,-0.05287130996572896
3467,2.6189163198056837,-1.5447562553224057,0.33042641279499557,-1.892821342951662,0.003594542675991934,-0.5522336370716032,-0.523280319529729
3468,-1.8797994143430459,1.6067373738858772,0.3121275105716443,0.045262519631651364,0.6471591478313834,-0.21135573760961907,-0.19829293828712286
3469,-2.7771042551336147,0.4243099262767949,0.30553539110618966,-0.7444730020072702,0.26410813244105624,0.4819757707224111,0.8163756163271944
3470,2.0932649223858952,-0.5304093538553895,-0.8439598986787157,0.4448822462408979,-1.4691184347305641,-0.16150312073215461,0.6460083304363541
3471,-1.2197502244233662,0.91610788649652,-0.05815315225565489,-0.25362030446614564,1.532689928850682,-0.3691802853513475,-0.645614305104949
3472,0.5284787241934834,-0.7009564148812053,0.14481554516450673,1.0457108887487685,0.6981978570029543,-0.24523242739534884,-0.47395577606571965
3473,-1.7199513397452657,-0.3092681085765532,-1.2356839417290062,-0.4738610878733597,0.027861590192082265,-1.322285976860286,0.05768992147857746
3474,2.1027474864788727,1.1728222367499321,-0.6321822182305047,-1.5425473442747952,0.1569542014692888,0.5406035207219942,0.15491456085917438
3475,-0.10657477164515616,0.40480329090839273,0.5053499197684607,0.005412007918201467,0.6297263611831561,0.389969160867259,-0.2652170443071357
3476,-1.9343948356473626,0.5049203975369927,-0.3887292350639378,0.28227678235247067,0.6615421663660156,0.02859838406064525,-0.2713013169875541
3477,-0.15809044615902118,0.0016195972819386271,0.7238729155290198,-1.0426665227059384,0.8410826498644933,0.7134708302446758,-0.17527566587814944
3478,2.029401132523319,1.1387207535894295,0.7219356446520798,1.719288489588526,0.5307153735137339,-0.2064492681554341,0.23598237828767035
3479,0.10265328408028518,-1.6113065411193288,0.009971395631526898,-0.621137963480748,-0.3363105820287041,1.202025404035081,0.23319441448610118
3480,3.00388473625285,1.4063075426270308,-0.5275115775058027,0.8721543648338176,-1.057507737390481,-0.40725990925104544,0.5841703389057896
3481,-0.9235345130208362,-1.7232437669876246,0.12036759099693126,-0.6052255462824513,-0.8487127096254371,1.1365135497354861,0.2081458083689374
3482,-1.9151852722691556,-1.130999227788331,-0.24370041882959467,-0.921719896484108,0.8640981567471818,1.5366342871538061,0.2115771308273692
3483,-2.2413883301106177,-1.199490949597333,0.8372536111254901,-1.1374143535572598,0.3602524752862483,1.5088053870484819,-0.4113635290716553
3484,-0.6368189036214207,-0.6640599536066086,1.1420732037257204,0.15300846634687335,0.7640135823634412,-0.953519080473771,0.48877132713843946
3485,-0.5748459176294843,1.5451997112627442,-1.4280423095131618,1.1275803079315143,-0.6271031422945129,-0.4455205012547715,0.17801216805163483
3486,1.0469010879700644,-0.7065268837027382,0.7812529528294259,0.02236169850497406,0.12888502590152381,-0.049056821167796985,0.8845906640544055
3487,1.9956719960296536,-0.8009567985470203,-0.4203032203538078,0.20038624553500323,-0.5096368425225027,0.632143639505464,0.4212089597025082
3488,-1.8406725121261602,-0.5821105915743328,-1.2126864080902766,0.25336384794018074,-0.2526719390259194,-1.4838159243090572,-0.33454211728567335
3489,-1.9150117789875793,1.1574662306004995,-0.6682605158932468,-0.06479795396861705,0.7327358559632654,-0.4210157544091943,-0.6174991108474079
3490,-1.0494954404479857,-1.2476265897785197,-1.1526048447353765,0.8537352340047019,-0.22815324902549847,0.7768961356362968,-0.5700638148347933
3491,-2.1466426810801935,-0.229036919043962,-0.7179883484200662,0.5348146382395417,-1.0770773266112048,-0.6992133015088671,-0.10550198318420788
3492,-0.48349612114833473,-1.5614196865387253,0.9247764707372221,0.4401699732379483,0.9895430353675395,0.15092030674806364,0.09240424170622152
3493,-1.7477833834189758,-0.1845075309217917,1.5462533787450858,-0.2920335390531564,0.19044204600280754,1.7084246233684828,-0.3166951508242134
3494,2.2133892951682226,1.563483044938163,-0.7309888847541502,-0.1519926397305595,0.4570568100403133,0.3801633355198266,0.2957967254369784
3495,-1.1249318996734534,0.36372625653015406,0.9692791984915141,0.19819992079917195,-1.8047995354784063,0.20350225950520445,0.5051418549664896
3496,0.3045511194829372,-0.7793665103114584,0.00210965238459909,0.5983039175308291,-0.43743595040844674,0.09782860431083908,-0.2665660121664701
3497,0.5418346795998581,-0.5647934108757424,-0.42173267764254935,1.1427113929226913,0.03383760874456968,1.127853774625416,0.43393896017183403
3498,2.231377753262685,0.9259230082952137,-0.054898967782422994,0.2550884532593698,0.44724228273592326,-0.5601143063676728,-1.180738066406724
3499,-1.081481106200187,-1.320535388590438,1.600084781945668,-0.25799241609753,-1.9659287440258555,-0.2203229808303495,0.7613506305273791
3500,-0.6556697486493887,0.19866616508605367,1.5264641892916455,-0.25306930246966197,0.8587260157570582,-0.09300827720626742,0.35981926877600395
3501,-1.0819898325104198,0.24611668956167826,1.6839941348938945,0.9375674214392964,-0.8859823602714153,1.2287527084192498,-0.6643738177672699
3502,-1.002147631225152,0.33376142101913625,-1.4680910857440523,1.1255621076944735,-0.7826916268104724,-0.20627126891548947,-0.04712140529981497
3503,2.7409035624615035,-1.0284889005278635,0.3638379243440708,0.9871027520972814,0.6361474866760949,-0.5372905029981352,0.8380710506486798
3504,-0.6758868739693268,-1.364156073111237,0.16967468733814864,1.2563017581616207,0.6433523296781397,0.15974929212195657,-0.8158602451553648
3505,0.7782062548229576,-1.3978900866290438,0.0251181187088977,1.2278404819565716,0.48397874255412215,-9.830607667697289e-4,-0.12803820403959218
3506,-1.699352020325102,-0.22304727823044065,-0.25840054715208377,-0.23013856133617502,-0.024645721926027382,-0.610357337603742,0.19217691112968488
3507,-0.19920075224396488,-0.40754124735220515,-0.20983458106141914,-0.6933907045684814,-0.23654705101367984,-0.35842309659162486,-1.411148671902001
3508,1.581990556327513,0.9021298193193922,0.7824018689532604,-0.6312186384022949,0.17138838492017675,-0.34554600288115306,-0.48854605326896455
3509,2.747402409833504,1.4225103695683465,-0.14834287986892425,-1.2243636818079822,0.07858548848330169,0.851628192129746,0.75807556535258
3510,-1.3197997139238538,1.4741951806881108,-1.1034908751173689,0.6473818435978711,0.6169056055938748,0.20098614511025223,-0.8038841750573075
3511,2.0838163015880706,-0.9253014663060413,0.16661349883378546,-0.8393550514148305,-0.2380406980522202,-0.7398545378743774,-0.2506945814465894
3512,1.9489614081127618,0.6244400991213125,0.9556958497519802,0.6273600039772307,0.4842671540091471,-0.15191564336922306,1.1994251399504954
3513,0.7278259316546909,0.5361291735665137,0.5336938177627439,-0.5096069088148019,-0.00688488402245219,0.8195885504644296,-0.018492710603850104
3514,-0.9582944580505904,1.385486919681392,1.043650411161828,1.5878095144229714,1.263566466959779,-0.9770202058445798,0.3154449058277947
3515,-1.59030326045084,1.2468188150916184,-0.40783040722539204,1.6684575870557286,0.10411597199906686,-0.21085429028041575,0.8694776830538642
3516,2.636130611421696,-0.7629887528785764,0.9328121841183662,0.311656280458316,-0.3213806916838733,0.7527963697500542,-0.64282827700123
3517,-0.6032715748788259,-0.8262694394112348,1.0608480378722354,-0.8568798012561055,-0.30176304840520923,-0.5620128429709454,0.22114673791841818
3518,-0.07389233486440144,0.07586183130364839,-1.843906035996944,-1.5034847599005492,0.8475302453124979,-0.13604257340011466,0.10784451945206862
3519,-1.8666796891866844,0.0571626847768597,-0.8864421172771442,-0.9898420032247023,0.8422176570325214,0.3535548281839513,-0.7765696400844275
3520,0.23799421184465275,-1.353249451133994,-1.1107858762358884,-0.06154949651771846,0.38509381270634646,-0.4353507827795556,0.5869455819764322
3521,1.8099624094459226,1.0589410227587777,0.4808792537055113,-1.3592850743782119,0.0880670924044709,-0.1270869957738727,0.6074740372875312
3522,0.6679269647030798,1.4525105096300817,1.552543705546242,0.8788823519986496,-0.4966658651592259,-1.0115418022908391,-0.5802568672724709
3523,-0.6154341510456489,-1.2252125594585173,0.388979953559293,-0.5047165508603447,-0.46151461401580185,-1.1152458456301118,-0.5536150880093164
3524,2.3239183723888672,-1.416485417011987,-0.3767230010663374,0.11136044026893316,0.49548523059206895,-0.13415679339982794,0.0735130802255887
3525,-3.0964410216628844,1.6162465094003984,0.13156880669690013,-0.8052324165223493,-1.1260867554428113,0.05968182167844487,0.09116000160694279
3526,-0.625597632157917,-1.136867354892969,-0.4031328903333361,-0.5631066982280226,-0.5085325049666355,0.10013345237972127,1.0005062988529083
3527,2.8228866771896537,-1.2749306190486578,-1.0885866810515867,0.7637936250060338,0.8754715688016238,-0.559425252479386,0.4169605914908387
3528,-1.9176191182389875,-1.0959251286536165,-0.25890776910132357,0.6319900357565768,0.3103365118589495,-0.4161021022445002,0.5738367086245598
3529,2.093909212166312,0.6755201361966936,-0.6841588438987537,-1.0983621247169335,0.12900958195924775,-0.3353301219210007,0.5531603369030947
3530,-0.4929897701575365,0.04195867281117106,1.03952903648079,1.1541714516366977,1.1753586070788695,-0.37321887167199436,-0.14441290062622775
3531,-0.6135021227964479,0.6661508356417567,-0.284179354161614,-0.8186543339265925,-0.06066752726176181,-0.6431788400693313,0.007376585525627837
3532,-0.7005816799928326,-0.03673423327006297,1.1817719665065263,1.349678527892854,-0.49355042858052584,0.9628030904511097,-0.04414319197386627
3533,-2.03337404087776,0.33401492322086407,1.216465935149497,-0.42871861933090183,-1.1009085731101251,0.6699261368930478,-0.002092277503117005
3534,2.802372197907295,-1.8054492501350619,0.6370554707386596,1.0817007368493783,-0.3048884167056651,0.7506902934804794,-0.30382817422080427
3535,-0.7672868655179018,-0.09434002184649697,-2.32660756676607,0.5482495366435571,-0.2595725006091137,0.889790847249141,-0.04874525629503588
3536,-0.9988158531409012,0.6677823219433432,-0.07451418932900282,-1.0702063367472614,-1.0789224663025432,0.9163575436758478,-0.15548712818757343
3537,2.311723409074782,1.4088568773934143,-0.5070553512004893,0.047383650556544095,0.7221818059048312,-0.4627515389867276,-0.2998085664237169
3538,2.585249651466405,-0.6204592982940522,-0.9223841228487347,0.18681507916393822,-0.25653823300883954,1.030320310025587,-0.19487029422774987
3539,0.6580634349647863,-0.8916168621305565,0.5449688066852315,0.32094379757079955,0.6120842232206546,-0.415302684691941,-0.7697275374473301
3540,2.365141196525543,1.0096691306960666,-0.5035891364206678,0.8261993142224102,-0.7399400089734001,0.652756045013781,-0.041076871967755176
3541,2.16707188442193,-0.3537622360936393,0.16944140586051412,-0.8246390136399567,0.015975477357964844,1.101177930779656,0.5763589360041744
3542,2.6095460313230032,-1.0652153157989763,-1.0181340192661856,-0.47867618009315355,0.1339539830805902,-0.2915540222162762,-0.9737073246043997
3543,-1.6120820420850734,-1.0370799036727973,-0.1205774095723161,1.2105012944281253,-0.03254728637425082,-0.738960249797518,1.084357468225788
3544,2.618191555807398,-0.5677955764036552,-0.09273504827956588,-0.2177771427298815,-0.45514905561871327,-0.44711649971195583,0.5225154452130986
3545,-1.2993119842039202,-1.6398138290316056,1.3137797271076201,0.7431895799606545,0.269774854395879,0.323325851503782,-0.33458201080262834
3546,-0.4845098463310273,-1.2633861440251082,0.34623328180757384,1.317118572463165,-0.07900392391019943,0.44206865941238394,0.19123023040918952
3547,-1.482071150292888,0.47530075904729996,-0.9963931368249432,-0.44596014468253925,-0.8783552615106831,0.014374035301870708,-0.5942775965281207
3548,2.0432560986343318,0.6934601831643621,0.12858191425021961,-1.6544433169554502,-0.4170139832348659,0.022353105454307635,-0.40608014336835163
3549,-2.077120018781496,0.9194689900706087,0.2786947953244642,0.7903502403491252,-0.03045389173553888,-0.5083907778682321,1.0385966083539249
3550,-2.4054922252026256,0.8330898905294053,1.1968593708899269,-0.7418526941904812,-0.17298834096543858,0.14957321720481231,1.2178284466895153
3551,-1.1761596101312066,-0.9294621402914186,-1.5167695008949138,0.725580935838834,1.2660223416568532,-0.40348707489105984,-0.7694435187015166
3552,1.4976195721123242,1.5796355131958253,-0.46963368878919753,1.0944762524406175,-0.4135243785254785,0.7377153632501574,-0.7005358919969688
3553,1.4887350470860472,1.0158879598589456,-0.22479536248033474,-0.738228443706466,-0.7649362510575068,-0.48277696145307214,-0.08404007341511542
3554,1.9450605011746678,1.1291601922327337,-0.6202794182807861,0.5060506314707545,-0.8247150362856661,0.24898386721429627,0.6716471817599723
3555,3.224296246488186,-0.9037797044170754,-1.112218285794409,0.3775265482053799,0.44087422995756353,0.1474108576493444,0.5288508315457472
3556,2.404580916068842,0.33093709632210433,-0.4125022901388205,-0.41480271343392905,0.026264868147178374,-1.173487035274237,0.453898025031378
3557,2.2036351965675745,-1.1496910356718495,-0.2665711155512922,-0.0205513326309178,-1.186127174784916,-0.19722504175974903,0.3409517919994613
3558,-2.1711084383310633,0.7969013163351325,1.1926022944153962,1.6591830427196956,-0.2944296706444114,-0.21126954594860214,0.12720546390252493
3559,-2.508505478998176,-0.3758800005861958,-1.1561816058536953,0.5083664421817798,0.5221089292575868,-0.6505120170182846,0.0782326747791374
3560,2.226803757980142,0.8324589937722653,-0.05945410554346419,-1.2687372677864543,-0.45403758036290104,-0.45050685710864985,0.3348761723063593
3561,0.6859561659842206,-0.8994962797320758,0.7909976677961801,0.4911241828380142,-0.433178763980443,0.18607163931378926,0.0379587228996665
3562,3.3661701027009676,0.886819971639247,0.7923625402989635,-0.6066712605347545,-0.40226607356408356,0.8635727156192539,0.42883301138289176
3563,-0.06552767791148191,-1.657584711889697,-0.5918501613060178,0.9634513704978247,-0.5328071757322648,-0.3407685054578131,-0.6472425843428161
3564,-0.7613384661193241,1.4502196445699032,-2.7900135236800296,0.04418954717926941,0.41242101280606464,-0.8004055306846739,0.9737584177763237
3565,2.346401708945258,-0.5187490472424269,0.39841791381616065,-1.1522041288757052,0.7837287311562571,-0.080765557408767355,-1.2253953043137746
3566,-1.4928551272721984,-0.5719126432548411,-0.49647967638211676,1.2136931306399774,0.6625153104446018,0.9633250086910347,0.2621430293266601
3567,-1.07445613533595,-1.3400071848189226,0.5646790030466673,-0.058305950671840016,-1.411894046056453,0.7230892969091955,0.19432374612502676
3568,-0.12474470860986832,-1.5700101488951796,0.030713926788473057,1.4291231719385153,0.06741399299845993,0.6515192617515643,0.24923356785285328
3569,-0.5863840441423258,-0.2072206109557044,-2.2763571009154755,-0.3535414474202645,0.7173523479406226,0.6506869898901362,-0.7422032918665405
3570,2.452125158387408,0.6514646216962451,-0.8224035260418151,1.5091625670598992,0.5049496174996193,-0.5752988762805048,1.4432503235827387
3571,-0.5692829750620116,1.6436601313424826,-0.10598467870313649,-0.9328912969424709,-1.100245361375797,0.904995698834823,-0.31532528859473047
3572,-2.0903137669098992,-0.18149158970180607,0.07134659248110915,0.5279737066605248,0.5786952304051859,0.644991767829872,-0.5316770061491626
3573,0.42251712521302237,-0.8948709515168828,-2.128666227271154,1.0181634888907745,0.3527229188002811,-0.3516382722026201,-0.14714655336748753
3574,2.7883696571870247,1.0819530468827998,1.1740751091091135,-0.5883864318346662,0.09226210198063553,0.4226856462621392,0.7712147263847063
3575,-1.0251654256248288,0.1960804527983701,0.17649101533371056,-0.15815347695885118,-0.7724841512145048,-0.43796829894200284,-0.761323505077313
3576,0.41249618178439046,-0.20176326944989229,-0.09890503914221298,0.17271288722467007,-0.5162305229328968,-0.4075877151182516,-0.7378662606853725
3577,1.473005871135808,-1.8330407878805104,0.9754430207327197,0.7890047140610548,0.3704598458614767,0.3861256354710291,-0.429619511624062
3578,-1.8214726688608032,-1.644135989642694,1.1553267164557848,1.3995522430559912,-0.09619175043072496,-0.034132918513714014,0.283107988241821
3579,-1.6883013830487228,0.49645166855355943,1.5159683851391021,-1.0640522463612512,0.06726410191969008,-1.6513319409375933,-0.48334894939750445
3580,1.7885597494149894,-0.9861965639492131,1.1623473825377,-1.3830866902235945,-0.3611682854765722,0.1903943314235496,-0.38804284048010296
3581,-1.7707849344122668,-0.2883811188855273,0.029026680190600597,1.759568853114741,-3.606676594036144e-4,0.4410023990873614,0.7760394030655444
3582,-1.2339260761714876,0.06911127980467043,-1.1029257190320632,1.2951381849966883,0.20088324619191325,0.1336705531248802,0.5047067475052562
3583,2.4670284749239575,1.5369906488889695,-0.005779391999388062,1.368460892923773,-0.42402821373657706,0.9245532150460288,0.24377536721066168
3584,-1.850923819954006,0.4273666279599648,-1.048387788859582,-1.0096758844298162,-0.28245870257888894,-1.162257833163324,-0.6230415675546447
3585,-0.9855649967011593,1.5197954132082847,-0.0736491366175831,-1.1563391092439492,0.17582195982886312,0.8780180130528815,0.6914227696547526
3586,-0.6612029375526765,0.10288139673387002,-0.07154464389306629,0.9429650396183478,-0.6630456666390964,-0.24623675948416301,0.09075910008526188
3587,-0.8169570100917922,1.1880910224085806,-0.9823125494197295,1.090825083789238,0.5706509606625338,0.26882148320423555,0.006221579230522347
3588,-1.9304559941889994,-0.16426029445329537,1.4987643469206813,0.435529557121957,0.45249732266676673,0.3482070244900176,0.6548510717068047
3589,-1.841458356583451,1.2274451909921664,1.3854882381108704,0.6767811380728614,-1.7985529564392235,-0.07332883631410603,-0.2647404567126664
3590,-2.3129440782935715,-0.5598741582891575,-1.1971238944273646,0.6817811861790575,0.36517006468686797,-0.913532735447327,-0.18816616352415427
3591,-1.0749702175846299,0.18233622295386764,-2.8276131333942933,0.7714674654177185,0.3391651233261635,0.5561196904389207,-0.31001611523887124
3592,-0.7363201936907796,-0.13933220062649251,-1.2692732292052595,1.1297367779347451,-1.2965654470950219,1.4653058946425794,-0.18751380334883613
3593,2.356256605406943,0.3599441644457736,-0.5527426952489429,1.458193934533486,0.09546208008123402,0.8567746671029223,1.0666400000286442
3594,1.1696290947511279,-0.6687439388554605,-0.5115436625397782,-1.526385609203874,-1.2254801697500026,0.34920105027936554,-0.33169340649393736
3595,1.6562535684757271,-1.4430509980361128,-0.5866251511237957,-0.6246795227643407,-0.1356763608455879,0.8438858894210924,-1.0390847917222403
3596,-0.32812721578138426,-1.153678921771199,-1.7863064210147017,0.8531966376014906,0.09275734210145471,1.2171804055516549,0.28698841145763526
3597,-1.829683662406867,-0.8206103446806029,-0.0036941941627119373,-0.5306537930047079,0.9128588676016263,-0.1923909761867036,0.17569722855708467
3598,-1.6932034698515481,-1.341480361606984,-0.4946400593655263,1.3323893015943615,-1.3630295388038625,0.15434213579886166,-0.06361247785794387
3599,0.01294699228918273,1.6060313304737517,-1.230091081727576,-0.6764591843166602,1.0056387099741348,-0.045908932381549014,-1.0824267418139755
3600,-1.9134006392242304,0.9939503877578105,-0.6408039655483952,-0.4155916904380383,0.7812212709649874,-0.7810076679912923,4.039720814299617e-4
3601,-2.1651866953911916,-1.4976305740170968,1.1741047464406746,0.8487847891428549,0.4463400304712906,0.9699893021534497,0.012223506427494766
3602,2.0339532008324026,1.7123318894145503,-0.07447432113259053,-0.8380812474842287,0.09162831713487975,-0.6727683458706951,-0.8852621956999113
3603,-0.5089800981341366,1.453594800398115,0.33284744802244,0.7995591504275462,0.7686862789780848,0.35901959852666676,0.3291186944772032
3604,-0.22239415897257295,-0.37327776286601105,-2.585415167425294,1.0374030256154771,-0.2106745672140328,0.8700943536189328,-0.3699294768211327
3605,-0.7479523958949365,1.7154840704772627,-0.34119292392540973,-0.011106532130270583,0.00430162772689523,-0.9803456704486634,0.1937462038219567
3606,2.9650441682819335,-1.4551809633124695,0.3769059895337184,1.2254788230726121,0.6644272210168176,-0.562652886290023,-0.20469505871915505
3607,-0.9954065110190602,1.5308924673362478,0.9708988441370947,1.4342629723050282,0.5245985826660936,-1.592365640251316,0.3065205417797316
3608,1.8241064933279714,-1.1505027212867152,0.2523349678279026,0.7347944406086995,0.5902881811309927,-0.7159244558508745,-0.760733956903696
3609,-1.356861344201732,-1.088244457008529,0.4885125643891419,-1.1280156377985642,1.089126064292182,0.8788376412483895,-0.05120379161049774
3610,-1.7244826133807587,-1.0718286665455647,-0.12007039212174113,0.0546122490548019,-1.608872441767127,-0.706641782035713,0.179045012518179
3611,0.5103698970892785,0.9412239001087651,0.34722740261569235,0.2328847575335737,-0.24715234308226328,-0.36257633089476016,-0.20655045506664754
3612,-0.3482209016423388,0.7714170669988492,-2.0143561630222195,0.20794622909017854,-0.5849820152874742,0.8173840865744593,-0.479350857792839
3613,0.6747918569560967,-1.3945720029576942,-0.9802608276114639,0.7949191768527248,0.08415304664722499,-0.9413797341439607,-0.5327029477397455
3614,2.2586146820946853,1.3930015024930202,1.2859189859231226,-1.1151485081480776,0.0877868721741381,-0.5012600808276674,-0.7070764612460203
3615,-1.095477916118936,-0.8549807512757494,-2.3640187012095106,-1.32573597372717,0.8471679888142597,-0.5781119663734898,0.2920387799324287
3616,0.5403896072690578,0.4132112664321854,1.0811456705434115,-0.0574892717770015,-0.2247370673264572,-0.09334816715437841,-0.9845167629852601
3617,-1.89583053910063,-0.28382354649235,-0.19522078965170517,-0.5456022210199734,0.12170635432814561,-0.418265834598116,-0.5762370815609988
3618,-1.1385588221329115,1.1897929091392954,1.6084606544453395,1.245559099523726,0.2372220537728831,0.13262964694950052,0.05445548365128288
3619,-1.2313487408272492,-1.3348454155376217,0.07957331138477766,1.1697581129358647,0.2700356888265702,0.06589341934867352,0.06427200578556479
3620,2.207210085151226,0.9579470845412079,-0.7526300214807499,-0.6450035246272589,0.08828645263224943,-0.021298034960927095,-1.4443712843752479
3621,-1.0636981130163663,1.5014559838871426,1.5912487619484579,-0.5729407047579971,-0.43825865756583604,-0.693583274776817,0.7656102764379674
3622,-1.6146682346972985,0.05133992259949753,0.19568909161984846,-0.31420409257220244,-1.0649642009811373,-0.21026468615609872,0.6619561935765983
3623,1.2779535039861227,-1.5552653312591087,-0.6528472664514702,-0.26195137971327215,-0.31894294340910845,-0.859015061621861,-0.4769732614135424
3624,-0.37452886503922556,1.681595675864481,-2.5306759393739044,0.3650338010521514,0.27711623517487494,-1.2634754342192696,0.5027305548864972
3625,-0.15769732900719333,-0.8129333704273555,0.3797707328519249,-1.1561151292749403,0.9629381312793217,-0.23281626775790554,0.7118731747018153
3626,-2.1518708675805103,-0.637516338640434,0.9749287021487482,-0.393151641925957,0.5771575455468092,0.6268144959269027,-0.5497396046585801
3627,2.534111459516722,-1.4337258118069591,0.32786618775221943,0.6818527532235056,-0.214804338528549,-0.971628883282304,-0.8944213971235115
3628,-1.198893403918293,1.1506406018827764,-2.4376638014224823,-0.7122002605793584,0.45356039314874935,1.5090622505778746,-0.03538786696617782
3629,-0.6944335432482194,-1.283443942662735,-2.7940442510294003,-0.7973831692712485,0.4330233837336845,-0.7608631811850443,0.7467131659951154
3630,-1.6098571045391241,-0.5170332199707255,0.3598566911331683,-0.9308468481732712,-0.5641608610503772,-1.0002949986117442,-0.5626379582495536
3631,-2.6757415504706374,-0.6653578053778691,0.3339127614688754,1.806755161940257,-0.3669042429873463,0.005939839922707342,0.45012822549165865
3632,1.6719569391248008,-1.1800500921814454,-0.09490168717345976,-0.42568084890232344,-0.46273495875062637,0.08538774449708715,0.38554241385685734
3633,-1.730009510312681,-0.9774120675776736,1.6221918817737448,-1.2704927953087501,0.9627799403706679,0.45978165869045684,-0.6356266449744328
3634,-0.023809914904329866,0.02509288750800745,-0.3823332564415611,1.0036087700708147,1.14577806057478,-0.1378153414596218,-0.6529101780892862
3635,2.115370178057574,0.43741712285510603,-0.2379931238272752,1.4119331749487236,0.35587050312449636,-1.2492965412366566,-0.1396040038365752
3636,1.3020158636870887,-1.0282992177644885,-0.8873264914869701,0.8610431195249119,0.13990963600159084,0.6392157203274159,0.2800489975364239
3637,2.471297743304976,1.5574894677875881,-0.7139873030674464,0.7152077506353313,-1.2214911872100043,0.004962591665351264,0.16423783217153468
3638,-1.5046928098048062,-0.9823758376083889,0.4279544000049407,-0.7621033014194158,-0.28683033555843956,-0.5877613578982536,0.3596282267573444
3639,-2.6701956083898475,-0.2688777622766966,-0.9889425032411381,-1.3039533525844387,-0.628770972196865,-0.9712620241472664,-0.24390245871812324
3640,-1.7173416818998266,1.5770014210809793,-0.3126294014906529,1.351851448173948,0.4102357544021343,1.5183139288653427,0.45529125756202055
3641,0.12707540807031545,-1.3614033340136822,-1.6258347848934305,-0.3060630796411554,0.30616192882478044,-0.8860400588438798,-0.1353985897674926
3642,-1.6950426362106203,-1.5520112067926575,0.49943713081855334,1.1695049265311264,0.0017598022107799735,-0.29398822184178847,0.1856340330890649
3643,-0.8888529144376631,-0.21958503178148328,-0.4994849594008333,-1.2041330353703812,0.6765556755752733,0.0887648050442046,-0.3905540467422723
3644,-2.0465370655600594,-0.8348768148722395,-1.0747678848249618,0.32004295607978744,0.4146443216627886,1.381874580687446,0.0863000631848563
3645,-1.1533850102577554,-0.5682193408201315,-2.891311626162204,-0.5510833693504346,0.04140859374452781,0.3131496581413821,0.9414484044978894
3646,-0.49052261441003814,-0.859444747419671,0.6017581200945228,-0.5915589826613464,0.5201289354946809,-0.27737513312464795,-1.0185072558859147
3647,-1.347129793787213,-1.282064048018259,0.8681562428915075,-0.224182457221767,0.6170876861180427,0.7544195180446499,0.42224832068077217
3648,-0.12084961977875044,0.2664342604273301,1.124027812475828,-0.9866713853641321,-0.23074870493390617,-0.07004988327610144,0.13795439779036653
3649,-1.2389057429656887,0.33650357031912126,-1.0826012658656912,-1.1912848096191662,-0.39439171287083025,-1.3842589320680008,-0.0880798600464911
3650,2.6571050239066354,0.18942232813080315,-0.04885265566628827,1.405341244658973,0.39384021201463276,0.9674521295773163,-0.41728902170011156
3651,2.322231775771132,0.08786496977913609,0.8147289571415635,0.10707057792315045,0.9056552915629467,0.10140466334740453,-0.2915218901236916
3652,2.5794444695922376,-0.19834006653226197,0.27386569295758306,-0.2318580748915841,0.4227141024959579,0.4393036419771269,0.524177523692856
3653,-1.3378719682010247,-0.007223518456080895,1.0031797601950285,-0.9627549766948551,1.4198413840736592,-0.2209676528835902,-0.8940027028575911
3654,-0.5659243419044263,-0.5172019003113398,-0.7999325730655099,-1.2733002107218192,1.249382627251942,0.1519074263890089,-0.8199112403360956
3655,-1.3099382003372362,-0.8393550006218714,0.8193973447102184,0.1798144491736912,-1.7716124407424365,-0.792238624836526,-0.34855048693438934
3656,3.3282788549158693,0.8028073704215031,0.8611363950277959,0.9842564736101268,-0.9210026573344045,0.15346344438947263,0.059295742585878906
3657,2.6948986773103463,-0.36227670791564137,-0.7378704046317563,-0.1629036174294057,-0.0557736090872511,-0.4895419815892862,1.0998756090299282
3658,-1.9123365826649537,0.16101840416777094,0.04592987088553749,1.2175173653665852,-1.5310891886329583,-0.28153697098624797,-0.3729263188761282
3659,-0.1587838737805954,-0.6346977482281908,-0.08976705296784254,-0.39647771306742613,-0.310958939780453,-1.0590959835154212,-0.10121441648790666
3660,1.70509239076331,-0.16893227371465797,0.26245655077861246,-0.8751230912707488,-0.7065158265415284,1.1349404215501393,-1.2657358073314096
3661,-0.47500772584912176,0.7477612484319617,1.0127050497484706,0.2351517353323608,-0.5210198878501731,-0.8956611862688965,-0.5391369517341366
3662,-0.6623065091687166,0.9781958605292815,0.6984426544693337,0.5215655221481363,1.672903280342195,-0.21705088769854355,-0.09487934858047296
3663,-1.3385699789441101,-0.7610213481923669,0.6444077255133298,1.4892517304447337,0.3810668137542543,-0.7181075365379652,0.06236022609269787
3664,-1.2744771793067136,0.9737289844648949,-0.47544624136274055,1.121679907097599,1.1717194882408049,0.33133402502436815,-0.42724897250917027
3665,-2.445159240027766,0.38393262760210445,0.2985898334404954,-0.5196946477514415,-0.5357741491853827,-0.004794551188302293,0.7662351002458597
3666,2.688499277138817,1.1704870263374543,0.25459784401665847,1.2250234693452609,-1.0199897849488024,0.2517523568860707,1.036572460387076
3667,-1.547752212238113,1.3506089961629693,0.965922275869072,1.3332117268941237,0.025210107314155156,-0.22495387206627113,0.15554804165932695
3668,1.9032742401002152,1.1380929940663622,1.2567187000991042,-1.6024113571454857,-0.049474495419155544,1.0856014580204492,0.36521697871600445
3669,-1.7631097276279104,-0.5496141081248944,-0.9393961684476521,-1.0403109829099728,0.7111375955838882,-0.4590968185405164,0.04904393833746728
3670,-1.055438086780349,-0.048987424680156995,-1.2028076964641021,1.2601402886005924,1.0912975448667792,-0.8223112446632631,-0.14417950899440984
3671,-1.5253216357668018,-0.447904417914779,0.0031047110589474446,-1.4619349791237097,-1.4544998207655844,0.23930880438169197,0.42467179305818586
3672,2.7629788708116307,-0.8946999618940926,0.4284417011972545,0.6352051781445623,-0.7622994518341893,0.22145945273065296,0.18831052444727828
3673,-1.4127968854229764,0.4221475014211237,0.30626152264438283,-1.3396704731649807,-1.6706536843398065,0.7465304626199885,0.5346322968835511
3674,-1.5140713791796614,-1.3820945006233056,0.7002620469096503,-0.7489473546441568,0.9936771190608382,0.8419817744777501,-0.4225366677773381
3675,-0.693725070677595,-0.7539731903742453,0.39064981097993823,-0.32319534015392715,0.06707341923779858,-1.179196058733733,-0.26954504375730143
3676,3.704842275554946,-1.3475685376367208,0.14025189009745861,0.24113487922828686,-0.5019707222337745,0.22979611645732015,-0.13496784251261237
3677,-2.0807122789319576,-1.6147493615759085,-0.05333020525105562,1.7771615779098424,0.08830908849043025,-0.7196429050825087,-0.0020609705849552796
3678,-0.3512033268492793,-0.8854746078940221,-0.8903903697548928,1.0096654320041658,-1.291915314350308,0.8205780601476969,-1.3481962039013937
3679,1.7915073311181462,-1.480582186376778,-0.8508802822414436,-0.03614832026722111,0.619765157718714,0.2520693012521673,0.7175465718527763
3680,2.7309853349074795,-0.9111407264478312,-1.0823211188318669,-0.059890776769053626,0.966877005881347,-0.17025411149118574,0.9443210697578801
3681,2.57478240050746,0.2141142929351484,-0.4590566410041448,0.7040008618040167,0.261101057467554,0.8443210966235709,0.9303387181431403
3682,-1.9742977412271838,1.658361688636266,-0.6459165040721081,-0.7737272112132607,0.9601375068825982,0.9629685070917355,0.576623688652283
3683,0.6178401847732146,-1.2689504255447435,-2.525656789218562,0.20330075952162782,0.7250162820326919,0.35385190412279377,0.2062126169566093
3684,-0.7883884911573413,-0.9489208191842149,-0.6128319920136389,-1.2218264573319138,-1.270232311962491,0.9862612821955009,-0.29207701575252876
3685,-1.2838028786298674,0.6854276161670411,-1.0434383687260493,0.9490963773245636,-0.4558318496720443,0.8023898884704412,-0.5002891624579453
3686,-1.5219729583282804,0.7916928092186643,1.2104477259823105,-0.5920919737930077,-0.30636596474486794,-1.200567619103113,-0.2786017302601322
3687,2.9952571890778374,-1.225317121516537,-0.07495567013986035,0.7360164441485867,0.1539477527340717,-0.5663256181487153,0.055951516856226846
3688,-0.8990565907537144,-0.6784070699514391,-0.7250610513967624,1.2524922906760232,1.0787422264835815,0.29888908757520555,-0.6318913606980008
3689,2.8426993204504494,-0.48465080563903684,-0.964287272840307,0.8818036830189158,0.3113000011851706,0.14476312911413353,0.2828873285105415
3690,-1.7016326962791677,1.1166759983694174,-0.7364150817932579,1.4038990373338507,-1.362019521946322,-0.40830844874463323,0.28267958865496007
3691,-0.8074948327363622,1.4215584973804387,1.4552343793689635,-0.08426632320049174,-0.34284348087100974,-0.9814378094834775,0.40507496357840317
3692,-0.21149637416668698,-1.1051463097660124,-0.3846714210358418,-0.5800573428896587,-0.37192475807749925,-0.011035764098322371,0.0882292756508115
3693,-0.19894907818424976,0.9183560635856668,-0.4612676778770037,0.5529429236671729,0.0037653487694472394,-0.07437124838841848,0.8109724518260193
3694,-2.284194022310562,-0.6879879536417054,1.09460739987812,-1.0896806093978757,0.3591003837094054,1.304389421034715,0.4426381196080294
3695,1.5930986103404305,1.4971986684739158,-0.5144280869035741,-0.81642712515921545,-0.7188141430087369,0.22609034076594595,-0.0857412626249545
3696,-0.6082889685997978,-0.3493292833901589,-0.7620223004582702,0.6636838764671567,-0.5122122808254819,0.43406145249160166,0.2006543922471305
3697,1.0263786014023544,-0.7388361580251787,0.5240895129016379,-1.3504641481269104,-0.11328640119661877,-0.08499112495498945,-0.6462883533718492
3698,-1.2621742976837598,1.7400532118609071,-0.594461497371276,-0.021938350427736723,0.49339773795845476,-0.3551963610887558,-0.6908316933376387
3699,-1.5468672641724734,1.2811887985727732,1.33916283811588,1.0376339924514253,-0.7717720838485562,-0.5957824387275116,0.4823645812831143
3700,2.567514785127457,-0.9255123275789764,0.9425805981037123,0.31059088985301625,-0.029193416677666322,0.5593024481553908,-1.053604918588158
3701,-1.2278819545685888,1.2525861301093002,0.19337354071631369,0.577013770792587,-1.4978488605393085,-1.035554608154894,-0.2597145894802814
3702,2.222772298894243,1.0972600068788865,0.8099677275401361,-1.7137203175539204,1.1850445105802048,0.12317668637267302,-0.4742228443949266
3703,2.9557780992997786,-1.270334153284717,0.5397428111364687,0.8745992376952595,-0.2725152723836097,-1.010143755868495,-0.16704826502405903
3704,0.7452490319863877,0.5071677056695657,1.1425243260827393,0.8949739657024826,-0.3111306719292574,-1.1050986228983255,0.27012483159424133
3705,0.6160161906472634,0.9940850462281392,-0.5838482817782612,1.3311613133138172,-0.10999793418453753,-0.48904198521693687,0.6114794886937333
3706,-0.2540041178951189,1.1521996102267036,0.8582727618401477,1.1250529305626222,-0.25267222831977426,-1.1272996930333485,-0.47495357690892587
3707,2.319523491484006,0.7978846371197503,-0.48960126808099025,-0.4677252823320986,0.5064505235396204,0.5916138099812319,-0.47288483262469205
3708,1.8989325264797732,-0.3812412684018505,-1.0114530587816475,1.1459213908977237,0.1770707475362076,1.0748157175501931,-0.8422822261438672
3709,-1.7671314183554898,-0.04512259841418763,-0.32089075898517505,-0.0960910005155769,-0.17883808708179005,1.4396674545614978,-0.9265623674882342
3710,0.3023361908815195,0.9650454510914371,-1.0868693365819246,1.4438297671315932,0.7081855377680907,-0.04180657400913849,-0.7804216950675235
3711,-0.5738943773145694,1.1147224768421855,-1.4166790680118029,1.2978389286986414,1.14262683047451,0.3791678853077464,-0.4896021725027428
3712,-0.4191660376816051,-1.1322474688605086,0.40907322371073834,0.34647495522088767,0.9240756638001848,-0.3770883023362934,-1.2976572054792663
3713,-0.7172161105875089,-0.2734148909741536,1.2245753197450502,1.1100357044901838,1.3518803086173619,-0.6403557669045832,0.44918387413176647
3714,-2.29203756944234,1.4800988151054846,0.6420257179356379,-0.8667655579261446,1.23163295571385,0.21271317377594512,-0.5955604044586909
3715,-0.3968291368879446,-0.18122263034692135,-0.9529350474174092,1.0151238267390887,-0.8051720578059676,-1.333232365320793,-0.9737534521531239
3716,2.1237450822147,0.9519672542333372,0.11071307770935043,0.6855540189296744,-1.040296341286983,0.08578537386624639,1.269242668376373
3717,-0.4551486174844716,-0.2546758132894957,-0.13763059251088372,0.8826265479719413,-0.1075060792640739,-0.4764991275010808,-1.138770739511632
3718,-0.5827935447647564,-0.20410958075716348,-0.8778230578955439,0.24050575271758617,-1.5358550282480894,1.3470105222131583,0.0419823075544004
3719,-2.064360561532909,1.6330180725585253,-0.8877139780062169,0.8826947618316554,-0.2159259906197815,1.0630649756192907,0.19407401189797452
3720,-0.6079646435296282,-1.501254532717848,-1.4286859223168178,0.2591933590220726,0.8982888886611625,-0.5290242479978945,0.20345090095205415
3721,0.05904984624562281,-0.3101609052090116,-1.1529679454150301,-1.6377509375299126,0.4276910369437948,-0.2550653282454558,0.20419297162524305
3722,2.4713314595421676,0.16056260199878855,0.16206609096862634,0.5090789710161389,0.501586750641308,0.37563910350825436,0.1520629885783032
3723,-2.6295601940962023,1.2200943901384762,-0.6406532565792965,-0.6181111763495393,0.2489589491004856,-0.004169955154824124,0.017189404219573528
3724,-2.4716151159104083,1.3535876478895654,1.2531121672427585,0.21806173937838105,0.48868550351703965,1.4371403149829927,-0.3364736616398725
3725,-3.3097837814429933,-1.1242695056330816,1.0130118534439247,-0.1462797358171226,-0.02081875435678408,0.04610195442558667,0.19160321000038935
3726,-0.24957096514422086,1.549806743364976,-0.26520546706358045,0.30958262491767136,-0.8923691766783282,0.023170708779849364,0.6303423219359555
3727,2.380201544101102,1.415854168811783,-0.4560843438228086,-1.4072927311690435,-1.0428510011555958,0.7120783001856513,0.9255569195092442
3728,1.2558444050860633,0.5673936122456541,-0.06258845853839332,-0.12511306662169003,-0.308617600798307,-0.5039762397539355,-0.6320010891628058
3729,-0.2531630838193249,-0.5639693068317091,0.016147991420290664,0.053276026944904735,-0.49602765943248317,-0.41401870848691646,0.29999361885242176
3730,-1.0629079173073523,-1.0762551358301693,0.44097829089051477,-0.9622933662598273,-0.22726547638078262,0.715428865385746,-0.3358802973438792
3731,0.224712319349434,-1.5901620756204848,-0.5540545930063545,-0.14272231275840228,-0.1591898108708804,-0.4586098172224259,-1.4094203381170745
3732,2.5325581712563525,1.6442586586551529,-0.5126719821604435,1.3839757939220578,-0.5924971651641423,-0.317603230818544,-0.547925914232373
3733,-2.3980829998359923,-1.0754004659634713,-0.7622552315265965,-1.2763619028122601,-1.8776605908273494,-0.1959932295132561,0.1685822985676125
3734,1.917896650955847,0.2059128925543839,-0.87998213428888294,-0.40996301594991297,0.2171644032852653,-0.4175549675285164,0.9248830083228471
3735,-0.15754295236637028,-1.5933780117432792,1.4439561856616439,-0.524660213603602,0.376725204649413,-0.6601846809933148,0.7440467082345141
3736,2.818593238265043,1.013644225551504,0.8585539012265377,0.2788054510162455,-0.33401249047246234,0.638194436463391,-1.0366086494402287
3737,-0.757839995347729,-1.7847896043788511,0.17113055279003203,0.4621259193715058,-1.657172597637474,-0.06175674482434469,-0.42450934708639454
3738,-0.2191864283674786,-0.797639869461863,-0.9834227356464402,0.6186833888784417,0.29296773433284046,0.5808729994245833,0.4847742124232439
3739,-0.30347228795287395,0.2985296869275321,0.42006350098990947,0.034370481878683024,-0.7360196380656694,-0.9334122600131979,-0.26492296034055884
3740,0.24050284473089545,-1.2911430908067216,-2.164720833895363,0.8787213196303841,0.8904808350456697,-0.006463330540384201,0.08088711165933103
3741,-1.33856110490175,-0.7567295232012992,-2.1212044468640765,-0.9255327824307975,-0.3244217697788185,-0.2150635006415334,0.002500762655894216
3742,-0.653704392944615,0.59328496204402,0.6973331248198011,0.06109810355093273,-1.311355977174626,-0.4082738071828063,-0.6584658526579626
3743,-0.014809275934021518,0.8603541524526533,1.3669193004301847,0.8159707270762053,0.0071965514886919045,-0.0939988739316175,0.2401925801709459
3744,-0.9836039391981248,-1.0747043318931775,0.24909746133679628,-0.31699625992962105,0.5585554033811346,0.10663216397279858,0.49271085514819063
3745,-2.000505360838808,1.134106322707933,1.2133131933491321,0.1346897464256594,0.22224328323241363,0.14841041331561944,-0.08418079364818583
3746,2.2355029495664547,1.0574087474091376,-0.4628790401862496,0.5892429734153276,0.8379342151082119,0.3136887886823713,-0.04953479019891416
3747,-0.4757502998758052,1.6740689269648945,-1.9590574674526062,-0.3376062335859958,0.5986254769452414,0.4814618779215926,-0.19152144789526318
3748,-2.4228342677078425,0.5749301098417,-0.0630361602221957,-0.06947613756769251,-0.3062605154212509,-0.4081016967039593,0.8392923648331614
3749,-0.7269406800189456,-0.08153656824159965,0.6894608098167399,0.5741127722846788,0.4486379750369006,-0.1340948279278694,-1.0131482099096352
3750,0.11407705845953336,0.5818033988137595,0.2268432797661349,-0.09255388423008994,0.3989565533007307,-0.03415046690625158,0.037814168514688044
3751,-1.9523978879458601,-0.06872359842132614,0.444943021486842,1.496029546617654,0.6024829599261843,-0.21448555348227225,0.1963850011015783
3752,2.831579519837318,-8.300807231136538e-4,0.6641074527929571,-0.3604385711187883,0.24392849762491106,-0.014410987962749961,0.9459692342865695
3753,-0.5054342512790213,1.5519791287398095,0.7554227796565743,-0.21355056476588835,0.3598257356528995,-0.9109775600359665,-0.40371453240311184
3754,3.330217250979568,-1.5707259598599392,-0.1535560879522435,0.8666080432515948,0.35476730728468964,0.782698931967087,0.7486814877423628
3755,0.3877974364371614,-1.217301051732032,0.6209523137890816,1.4023033027172815,0.5030207384927494,-0.6239539241259499,-0.458793313964407
3756,-0.8874741389664448,1.4230586348142111,0.43770495839772594,1.1903415241910011,0.4117368926823055,0.22709794141573433,-0.14537989573816326
3757,1.8029281917914646,0.989661275414109,-0.37837966984621657,0.4930281129498493,0.3061928045880099,0.17441723081109575,-1.0397153363070832
3758,-1.0831087106261106,-0.0033871144721374156,-1.1781774161304504,-0.3283015001709407,-0.33391295956815403,-0.08185530316388404,-0.13326570143667774
3759,3.165665532377831,1.2178152327688139,-1.0445823627469208,1.0293911186115534,0.3297569851220655,-0.12382488889226424,-0.7142065253262309
3760,0.4376620663151074,-0.46265406361140643,1.4887819306618413,-0.4300742133328278,-0.8548288795684379,0.583496067058041,-0.3520211158533508
3761,2.0362927557111012,0.21553695475513468,-1.0191195449837296,1.428432406431909,0.42444761784158525,0.32161524252310825,-0.15311096674263336
3762,-0.021216921121996104,0.599769097003693,0.11049231201816599,0.6060325835926488,-0.1418327969641979,-0.09126192878948099,-0.23278582973458903
3763,-0.6241061832446027,-1.8655779095428382,0.4615227791553406,1.3613128537111236,0.5380802873587108,-0.9397690021884371,0.6739224477674853
3764,-2.0965181942858147,0.12817834823636043,0.15282685181837322,0.23549696102014428,-0.4341087444228315,-0.31008365902022,0.3956056468220383
3765,-0.2579554458233187,1.4735822334663125,-0.3406373614557343,0.5795774650144049,-0.4411382257134904,-0.2699700007476312,-0.5297609526762578
3766,-0.5349128991168196,1.4622211724196381,1.3932491242202025,-0.9167625163862266,-0.10436210358167122,-0.08370554019941233,1.1130079047743064
3767,0.2300554995226519,1.5053149912096686,1.2902181956676688,-0.5431906905564517,0.27014811664149874,-0.022714920656775033,-0.3425957495753953
3768,3.0324434910527978,1.299267891457394,-0.16698682110289415,-1.9554308852213826,0.02712229121463577,0.14460278185029682,-0.2333546346159399
3769,-0.45087634071619054,0.7795365428996507,-2.6219216506763736,1.508397905633486,0.09195117120008862,0.9075739914718732,-0.6843981633545217
3770,-0.7083356581831447,-1.318981682083549,0.6590758093815617,-1.0637250602702217,1.1979783610637758,0.23605256929865603,-0.007428520496144494
3771,-0.1301194330956189,-0.7478668467604586,-1.3898522450795314,-0.020337400872905472,-0.9497832778272391,-0.20781500722902282,-1.119249262858848
3772,-0.0522088240339836,0.6804171329742218,-0.022181199806641398,0.38803363747532854,-0.9543938720483072,-0.4224025149163023,-0.2657310239655736
3773,2.7221447372371177,1.734693169073002,-8.471326190898841e-5,-0.06345035094367023,-0.11039989700606809,1.1103732756905491,0.6009830102056536
3774,0.33296895059523063,1.546516537187356,0.920599011019531,0.6333974389356448,1.0673496947598375,0.27577201721568484,-0.017086793026126892
3775,-0.21383707367687255,-1.1336222560219356,-0.3687234608115411,0.7125430921606608,-1.2784686459492391,0.5013108339003239,-1.145669182240645
3776,1.4118462876695717,-0.21485230527191512,-0.5708798442335529,0.4205313874996356,0.4991029913439935,-0.9059502506866507,0.014727240293456734
3777,2.4665343309285395,0.9512320896987756,-0.07081884698582627,0.6610595989590297,0.6291396403052653,0.686784707814823,0.659204144791669
3778,-0.032170474732132734,0.3148932305295239,0.09316979289260427,-0.25462277722928267,-0.1167550830396275,-0.9540378721534679,0.41400256520873197
3779,-2.243755500063792,0.7390282025994361,-0.9933099786679894,-0.49017434214309985,1.082207362973666,-0.7784841635790877,0.203076997759233
3780,2.1932817344326434,-0.3384996132393513,-0.6660812391626454,-1.237287344082191,0.39902594958750803,-0.1280062486450668,-1.0178310196422689
3781,-1.6783994682135255,-0.9887631580825301,0.08517339130786036,-0.865701055231096,0.6135800622046633,-0.23366582925587953,0.48648360644727134
3782,2.9292163040775074,-1.4458184341738693,0.7075438884247135,-0.25585622817783654,0.42298238555118717,0.015825628008188184,-0.49225763665990546
3783,-0.942964963862361,-0.13926978040629076,-1.360915900583819,0.007772442383499031,-0.19759194234162325,0.9490764724243991,-0.3837003879258812
3784,1.5607436164661026,0.4860056588070637,-0.17620160031158166,0.9963812629830076,0.2103449007807869,-0.5464182528608597,-0.06983516098048806
3785,-1.975102688819523,-1.1995451574093685,-1.0532582055721307,-0.19801354338585347,0.34367861055134463,-0.07348222172180513,-0.1048991871141119
3786,2.3275397355678606,-0.6410292201344889,0.34514145812133507,0.023939212909217363,-0.937344333206768,-0.30709088753456537,0.46530856638335427
3787,-1.0795493285075133,0.8311574663867193,-0.45677192159871455,-0.2968632062196689,-0.49795888858246146,-0.6055948912118875,-0.32314694447802095
3788,1.9209384382777575,-1.033599441460383,0.9975026715977082,1.0481007862817178,0.193131281039965,-0.9501792100873759,-0.19550723875005846
3789,-0.6154703749817463,1.4163203244708067,1.039996970615987,-1.0022068413989655,-0.495522117758141,0.882086007431821,-0.5422304127515316
3790,-1.3220370927478224,0.42282087938786445,0.18130612631711115,-0.6264200592486581,0.2514350841274887,0.785931796726592,-0.15451809460249052
3791,2.6107336046447265,-1.577213051132532,0.9206308487644655,-1.7800554051235604,-0.21706056780339386,-0.3564860207949131,0.5070696763942557
3792,-0.9468763871416772,-0.4962267445014451,-0.19837197344152424,0.5810345609649282,0.8206842008117919,0.46436475933974486,0.08058974250016447
3793,1.1540991725512948,1.306904681269633,-0.13416458218699806,-1.1689168324259094,-1.0912351920930885,-0.175332166595859,-0.4319733337891085
3794,-1.027867159333592,1.2254823664308314,-2.450362738793555,-1.3220300787980979,0.6512987621592133,0.4722338049488326,0.706159343553602
3795,-0.8617764385949895,-0.7681756542994008,-2.872581932755221,-0.7343246794417887,-0.08743886951645947,-0.7374092835363074,0.32720438486993475
3796,1.7425133640841748,-0.6068306472325813,-0.3019370728828589,1.6811089362601985,-0.8268202013961463,-0.06709574681479667,-0.6929720713421699
3797,1.6884204194553203,-1.5412086893105426,-0.09295572535405419,0.2649598067642477,-0.4595073181147887,-0.2749211864431401,0.7625276036742943
3798,2.56470280756013,-1.1199161680235772,0.9923398198948877,0.4528172869209162,-0.09210421382179268,-1.2093343702579658,-0.8712307712361445
3799,-2.0878188125829493,0.2353763380249378,0.15360664930939677,-0.6939720686468667,1.0391951447205343,-1.3771061763549708,-0.2554679949177918
3800,-1.8315259403440902,-1.3564128047416832,0.4341978944070429,-1.153893365869077,-0.609592865427688,-0.5166789720611262,-0.018918114179773793
3801,0.6943631588033181,-0.871029830738287,-0.5781967977798732,-0.43147901843425035,-0.11740067725140356,0.97226692269728765,0.1872754063435589
3802,0.36172693300260544,0.43715152074132246,0.18078449595676743,-0.751286976614578,-0.12374865911170498,-0.9720002064611595,0.13729029955645153
3803,-3.178607369813926,-1.7078791014097179,-0.703965251280129,-0.0670459612819088,0.2561809798192484,-0.6087914249775052,0.3086482198427181
3804,-2.69474861919768,1.3059140237129652,-0.6053443478846547,1.5488769772942272,-0.34325781888312334,-0.2629710475518037,0.003924702908083078
3805,-1.282801541872025,0.19810152887205337,1.754361260440912,0.06487246361174506,-0.09779453985545604,0.7469967073235049,-0.9204781465319978
3806,-2.3187956749130527,-1.441378985283997,1.4459600533631776,-0.5212940415827325,0.8642952904588935,0.9536275435379862,-0.5404196736804789
3807,-1.1951398866765295,0.21101152416469876,-0.0684699820001459,-1.3544888775849055,-0.6170484966173697,1.1231277818288397,-0.4280596145634975
3808,2.628643471088092,-1.02686413573366,-0.9652789201853802,-1.0101469289495102,0.0410892764433742,0.3520943844641829,0.42803607634325525
3809,2.758625655696279,-1.2321366987669695,-0.6651005537019846,1.1847819279853238,0.04928170662902349,0.8843630806969236,0.4196803532471974
3810,-1.759504191652103,-1.5215200947093992,1.243830335574747,1.6795741714162908,0.2065964199454061,-0.6144575057855226,0.47148489633782875
3811,-0.9780652520416444,-1.0675569902144448,0.46549817127370224,0.25973684923789314,0.6753207448320033,-0.6202259676960179,-0.012172930183215087
3812,0.05159291593855343,-0.5481910985616004,0.7182666669980708,-0.5996451293485333,-0.25607320633398273,-0.41239759145110044,-1.7198172561183596
3813,-0.5712635141925012,1.0498245044146455,-0.8035097121688026,0.46069232514127645,-0.45034059632899065,-0.30427280337342766,-1.2794170145906882
3814,1.3058079168404673,0.3136252205119979,0.12216084307411709,-1.0817866440811927,-0.5828574601920661,-0.7262924978410487,-0.2954243385669888
3815,-1.4328527918335077,0.2858657836119775,0.9351222191824418,-0.7845081759696606,-0.5189065339755133,-0.594810047698663,-0.8913567956438068
3816,-1.2935104885059905,-0.33451373546174756,1.3877620459818765,0.5684489543498352,-1.7337869662497114,-0.2143887199497267,-0.31107519706013387
3817,0.03420499437231953,0.5739129969554712,-1.381869830228973,0.9705714331989311,-0.6800129267192179,0.36127541813144237,0.02645470414732944
3818,-0.6894514736996987,0.4293461631394569,0.23408855371853926,-0.11748715784412149,-0.896956188490125,0.968390231122033,-0.8019845750348323
3819,-1.1950007361230912,0.022857930502226065,-2.4596110917054523,0.4397305345170834,-0.5971451417599445,0.1246243984338372,0.040894308736637894
3820,-2.2023961571615835,-0.5647055037026495,0.5556050160510657,-0.6752441156790319,-0.8703983433191466,-0.425055057356597,0.5330242214718053
3821,1.680951143597269,0.08772521414693461,-0.7659877646762715,-1.6720116445958983,0.6547598641245064,-0.906942163199532,0.46249647113607306
3822,1.2965104673953005,-0.1335130017865584,-0.3621349062425054,-0.6913086858343382,-0.1712922865592489,0.23027822137389803,0.6025775472256912
3823,-0.12540559607342353,-1.5598591924296386,-2.0242643502022064,0.800245944162614,0.05733399385763713,-0.9275489907654579,-0.12450150798110321
3824,-2.8994570814876313,-1.0350383036118047,-0.7141687762490841,-0.6877300352709379,-0.009130235285083183,-0.7423348148206643,0.06604400582481804
3825,-0.5530022322223229,0.4759685048050096,0.6443902583628178,-0.08162754435079826,-0.5045983053453339,0.08045160965074591,-0.13429026233429492
3826,0.18331781118274795,0.0317774572539904,-1.1232887486125822,0.10807349509979619,-0.045728368039267844,-0.38336746683366824,0.6163651456985307
3827,-2.2721862725701616,-0.8874484707310668,1.032098306233391,-1.0803520276305973,0.13033892944544126,1.037462349373929,0.7951825875050412
3828,-1.741517708876972,-0.55537668547518515,0.9872182265798314,0.19864359125332617,0.9391816686527829,-0.8500938028462242,-0.5341857535843625
3829,-0.9172335264816458,-1.3703804631198215,-1.3200013826437598,1.1131769176367659,1.035075539173792,0.48255289514927313,-0.4556130628723367
3830,-0.6667149478446909,0.19273964647484473,-0.6153404398569983,-0.1369385616688257,1.1686152747574945,-0.08965806411663196,-0.6055695709705392
3831,-0.44714215516384753,-0.39500544462413,1.1284451916317533,0.787751482989673,-0.3359444462210579,-0.20246018537919305,-0.8860979951993142
3832,-1.4230363416414487,1.6721847523030735,0.2060516560897342,-0.17851600992295924,-0.8542249061647305,1.2730062879294308,-0.6772859955094029
3833,-2.4961263725951963,1.0823536812897774,0.3901341595207698,1.9330698689905985,-0.23682375955870447,0.29080187095665455,0.9692384304451592
3834,-1.986620262944313,0.7562430940876127,-0.40024346950151296,-0.17272581700095718,0.19099296413857758,-0.949387298120728,0.9388288219086305
3835,2.206421689007897,0.15967362345177585,-0.8546053181123618,0.7889512383675181,-0.5591636416617464,-1.2266062961048785,-0.6001063331815033
3836,2.3892770112924104,-1.5680322828581386,-0.49963799808580617,1.430367248850422,-0.5000827451131288,-0.07832894781975129,-0.5801391954066941
3837,-2.457176583867192,-0.9706363737786994,0.949193598101051,-0.240182787228552,-0.44476114530651495,-0.710169453829092,0.2200980663256094
3838,-1.5700654636114333,0.14226006393527846,0.12692327075325166,-1.470416859655578,-1.1001651368250684,-1.1957815620757055,0.06062912665735539
3839,-1.302971560806712,0.2871844739383628,1.0759955689229157,-0.6855089754833159,0.9219041403281211,-1.0346432175184521,-0.06989191899137438
3840,-0.8483046488483585,-1.24409605334041,0.8140037238657519,-0.10405742837048511,-1.4189930842624856,1.3477261704995844,-0.7037916904679147
3841,-0.5711634574368697,0.9871691874810168,1.1638492590723915,-1.4339109605608749,0.03895215221495956,-0.6946755531025177,-0.07835308830387422
3842,-1.6738051163849514,0.4476095335134592,0.47978871247205235,0.33416399153659576,0.6688764927544536,-0.6988317097854404,0.7421842716856515
3843,-2.441137820169598,1.5722330919293839,0.16864952900076757,0.9142624214014675,-0.0011700767532182258,0.7187343076799422,-0.053666805677025926
3844,-1.406207699511425,0.09932494955901804,-0.23891693982381249,-1.3904386564115185,0.030775094679597253,-0.2775550427784714,-0.28205203425767006
3845,-1.71456200372658,0.2496923928083665,-1.3601274196186164,-0.37115223795754804,0.08819402996182091,0.27090259855501053,0.12598995026687537
3846,2.386351100140836,0.675824847723458,0.94420403980382,-0.09569382880489001,0.5878554889718682,0.01647391559796515,-0.6699035868533469
3847,-0.4856446481713775,-0.6627615665077113,1.1543989603472489,-0.22690930784377283,0.5263137160333928,-0.6106728269048061,-1.0870706269769097
3848,3.1883572709581203,-1.6184743005789892,0.5296126170701192,-1.1214297802656463,-0.42447824752841795,0.949009275897654,0.28382171596200084
3849,-1.1323965259004647,-1.4629120778088718,0.6794652119971867,-0.8892906306583961,-0.824549821809383,0.4537800242796093,-0.08941807014450848
3850,0.015602974592629522,1.164315669544529,-0.3000105900237414,-1.5468166725769152,0.4380643213931367,0.41317728212639515,-0.23300129824338123
3851,-1.0981217224892241,0.3098780126402258,-1.2895083778320646,0.6853537838011653,1.3925367825782433,-0.5352425975638413,-0.4547777960210223
3852,1.609431611309871,0.8787661853312565,0.46922773110485044,-0.7376620015144325,-0.6614699333965871,0.4507881059231481,0.4295951721960682
3853,-0.026052137588163164,1.2920871111077155,0.19024800153432503,0.03807939128284256,-0.5263928690898381,-0.7658681174479145,-0.9793209446882489
3854,-0.7697579306535084,-0.7817805611398276,1.1578230488024237,-1.0930711171300371,0.5121306757574878,0.8160900702787597,0.962336271328108
3855,1.4067364542734755,-0.007898647522116024,-0.22714576439021336,1.3216753483162818,-1.0673107182764792,-0.504488685069242,-0.5527080923463221
3856,1.7135066124153253,-1.4628958651348407,0.8042783898404324,-1.4265191267156263,0.3537948675999407,0.795490788759486,0.9158128253127755
3857,-1.0893417703338595,0.7885414632212617,-0.8191596498725262,0.9532662900414366,-0.9163421522230499,-0.8182266563686784,0.7960905202183304
3858,1.7474019978818705,0.7027233579715247,0.6643350273771919,0.05439750808110886,-0.04422368791141926,0.3044843359201539,-0.5539068478030207
3859,-0.09051290393232321,-1.2962917054965868,-2.330289328339845,-1.578920573184923,0.28067971567184996,0.11192462284877538,-0.3100530072849563
3860,-1.4747129275467439,1.3815647933522341,0.3533445205321581,0.25187083272106403,-2.0285623853631205,-0.02085644268503917,0.7896196361271267
3861,-0.595007842307659,0.6836204135452428,0.3132454862815984,-0.6434837568523405,-0.35291277022148193,-0.669135798239907,-0.31590629780275836
3862,3.701072676256297,0.7377886451407469,-0.016248924129736345,0.9339468836581488,0.10804075872011432,-0.24892056876472354,-0.35609714040715224
3863,-1.4787326069958513,-1.2481469961025535,1.0618815890154645,1.620967980650238,0.2549401684799229,1.3313968435513948,-0.7707763643427417
3864,2.2791806496457974,-1.260906768697579,0.4550978521077021,-0.612656956234631,-0.5461555660479631,1.080887145592552,-0.39417402566806037
3865,-0.4022836206815716,-0.1227658065698315,-2.765925856022659,-0.2884218873067516,0.3062105164583076,0.6540234153752595,-0.16258556923630796
3866,2.4128905725964054,0.4349520291457494,-0.2945919255035489,-1.3664004305164017,-0.16531610310877218,-0.2658578403842597,0.7882313102280216
3867,-1.9424151737371957,0.5951963308240806,-0.7470159615875379,-1.1512294307694353,-1.8693415466640229,-0.3457619005722572,0.3173278365009374
3868,1.7297534506085384,1.085050155707953,1.0581878605991597,0.10461827793279058,-0.7633657792846558,-0.7171843366136633,-0.532331814163635
3869,-0.8908919886045097,0.8211921922348008,-2.612475000880945,-0.6808718336923161,-0.2728169415822963,0.15365007586441437,0.15419312023973034
3870,-0.28624891643103684,0.5103907640757426,-1.028306042059043,-0.47950905147149187,-0.6665565527130768,0.4926454377041329,-0.18640019678228947
3871,-1.4541548695280928,-0.49807545753364646,-0.8564979626844847,0.18670727852191774,0.776223811491728,-1.1382949853388493,-0.024065796161858548
3872,-1.1127154393424534,-1.3370902084316636,0.4776671931524897,0.923654488743489,0.5635309146651634,-1.0040198999975802,0.7869317454568181
3873,2.24566876404447,1.7640233679766768,-0.35623335316164456,-1.8106374113555221,-0.18416400846040856,-0.15728838282955815,-0.22335356593282746
3874,2.083114635314301,-1.0499262069058628,1.0485689175978425,0.025709429784529836,-1.1529769004064738,0.21520080794148858,-0.591540580503693
3875,0.12359146031247237,0.2350451247288214,0.9808704215430628,-0.3832433589383734,0.7716509039533184,0.10965809667923994,-0.10854136383624584
3876,-1.7234407216196732,0.7765257927428245,1.2377179389602686,-0.40446065845546153,0.8325647460885762,-0.47562507198900617,0.5438375328992361
3877,-0.31374347935157426,-1.313349583181864,-0.5772404529290812,0.4821921713148273,0.43054039746121364,-0.6827385804625189,0.01004320915840616
3878,-2.322037738084446,-1.5478027219038764,0.5511181514864214,-0.8853707603127131,1.0354223152328088,-0.051323317124625796,-0.07883010543005177
3879,2.62621658706147,-1.2091005517818891,-0.8190402207547944,-2.1805580445180297,-0.19777498424134643,-0.5373570818281139,0.5498907729801861
3880,-1.1439596497247326,1.5473923589466603,-2.460256296629976,-0.3827838248440381,-0.6960701746258964,-0.6545553568151317,-0.23593058370714656
3881,-2.7400898910115297,-0.8707671134196424,1.0589634692966328,-0.953506892295098,0.0013236630217768942,0.5744829053614828,0.0784373455083995
3882,-2.443383090982783,1.1508919908288449,1.5691466727926093,-0.3695626071925258,0.006217062853630988,0.3254223827869022,0.5737812377492932
3883,-0.5016037445956586,0.1727585000319095,0.8533902526648924,1.3851356059857158,0.012306410949043783,-0.692186875713321,-0.18082352257113807
3884,1.5476103800300334,1.1854707497632226,-0.1152374355807859,-0.12621204186385293,0.7662720629739843,0.04036452633423672,-0.6890387977853095
3885,-1.766240566165378,-0.07033295090281912,1.3687218832530241,-0.9013793817533303,-1.3782927318261686,-0.16623758768132182,-0.5844669445317497
3886,2.374873699420343,-0.801453950302119,-0.44771247916995993,0.9675467536353896,0.21267118445424066,0.8480445634146017,0.4437969995205262
3887,0.08273341123402199,-1.4675057412935393,0.7067279451310842,-1.3365364966776823,-0.8015904683952179,0.5227289219662261,-0.4716642215812251
3888,-0.4381015158079945,-1.308515711525161,1.2343642240755834,0.9293036343631114,1.6960631436396192,-0.3914566857096972,-0.19069927760722832
3889,-0.48108115762940884,1.2319168475641413,1.4583700236172163,-1.1485790809770222,-0.28171566178563834,-0.6988338416567709,-0.7408215827394491
3890,-2.1274648880839213,-0.9782127664821144,-0.020588235391483002,-0.8092196643054014,-0.21768634485502164,-0.4689816001320172,-0.3226801398743684
3891,-0.7363079030925462,0.43898654614365823,-0.5005247617829655,0.7162388546491664,-0.048902669893818446,0.1285832970636265,0.09234672681482284
3892,-1.4477119948281216,0.12262008864246704,1.1631733489920921,-0.3785487933491144,0.8926791628898052,0.2684350179440897,0.8074641805912262
3893,-2.0305832080537285,1.0289225210520598,0.9459941395409565,-0.5013367667670295,0.4337421305417504,0.14950391443136707,-0.6308354561151764
3894,-0.5141559180232603,-1.1460500051956637,-1.0014459782916927,0.1476823590196764,-0.07046075776935606,-0.5390925517140019,-0.03330195503522204
3895,-1.7626219148714222,0.9269419140591918,0.2502106811303643,1.232693949350639,0.19494404746230906,0.7060718970628994,0.8117810629972892
3896,-2.331295496056714,-0.5237114109487936,1.0664537493296307,-0.5076240031503239,0.7464003258434924,0.4201480566418069,-0.11183157528258952
3897,2.5594136311723226,-0.17441835675493783,0.009453215933587673,-1.3892468339919275,-0.6801310889835596,0.6910521020752571,0.5075985854125465
3898,-0.9011392696504175,1.1110902914192806,-2.1084454399487487,-0.6186439389145381,0.7081146510045182,-0.8189139734110283,-0.11541315376939654
3899,2.915655712740654,1.5543429042166341,0.7513933954234557,0.1359706456257956,0.20175653602921428,0.7967505850784344,0.6543523560726393
3900,-2.020879511264849,0.5143179001708085,0.10940541017298785,0.2122844819361804,-1.6358996134357462,-0.13613564857148538,-0.36747859400053273
3901,2.247646125060459,-1.2382323943024298,-0.01286066394294755,-1.253574472045121,-0.8188245794073881,-0.1986473690998726,0.54050920291975
3902,-0.32529214099851034,-1.1206518205657259,-2.7923860324340173,0.29644350355355825,0.3919864565699298,0.07773431488013988,-0.21881987567930333
3903,-1.7848123327056047,-0.5898137440867637,-0.14122905992700183,-0.8144082896389647,1.430313643679257,0.07397699023764384,-0.7005843795389523
3904,-1.851089293541865,0.35049816829076463,-1.0898962195688646,0.249452777279295,0.7221592520505945,-1.4062941249686307,-0.18324932866303115
3905,-0.6114913145954397,-0.7560580097422647,-2.59583562372296,-1.530241714622895,0.1661347151037172,0.2866167933845359,0.3105260048051451
3906,3.2388709712973354,-0.9945286689616825,0.41086260108298345,0.7050898771858054,-0.4196070732346697,-0.5111184838849533,-1.300197849151541
3907,2.199337663540977,-1.1912975698966868,0.22205602547075554,-1.3353265789925552,0.7565376754708543,-0.48995017354297205,0.7212671566048927
3908,2.496457747197037,0.029241035802551874,0.18373302085189308,0.10609387982551363,0.21769298121845299,-0.20771117628846972,1.1398483154431498
3909,-0.5944689326692677,1.693495437496474,0.8233048848036442,-0.902643027482119,-0.7293633227979516,0.05301439463384777,0.8050168067243115
3910,-0.22077319832039816,-1.3613600763018094,-2.4703847926720326,0.6910418176110081,-0.4700903761600776,-0.33947545331352824,-0.7114675179596002
3911,0.18557510520503817,-0.37843796773638644,-0.7921500870451249,0.1918976242634188,0.02095995191873566,0.425895177985031,-0.9555995252262448
3912,-1.8923164696416477,1.1084799751516876,0.12584178845200725,-0.7833717714400917,0.6729449896808498,-1.5387358838360057,0.1832125627443085
3913,-0.653015849240776,-0.4220291548764738,0.2045429183527923,1.3528399808265854,-0.6606959667734037,0.7793995343321412,0.15030358113778053
3914,1.9240907388780406,1.4642113486499584,-0.5815774064850463,0.8375676417677507,0.09790962098659388,0.69693380417311,0.3265154219243446
3915,-2.484659597335771,-0.30747019121515184,0.28725922226023,0.08210223988228386,-0.07057141245742393,0.35277667178883754,-0.31942997450073773
3916,-0.8380829166893801,-0.7817390516164011,1.3157910378701985,-0.7466998017946883,1.3259220397877356,-0.08865431017622344,-0.3547751519049993
3917,2.3157370163861524,-0.4347678212419054,0.48580292331044134,0.9154712992706945,-0.1627657509247551,0.011433790870787266,-0.5233997314087783
3918,-1.7823757637624928,1.1441520965035503,0.7269644813615262,1.4891091411364308,0.5414732425757074,1.3215135898458372,-0.2526373280612002
3919,1.1960596184508758,0.9461962821592274,0.6033950082677929,-0.9206178447249674,-0.5377731943724501,0.10050842098638367,0.8206356373285171
3920,-0.3831485111169065,-0.8454874228523419,0.25661286419703594,-0.4387177444107502,-0.5705316030887975,0.5154017317984116,-0.29166948212552113
3921,3.064880915563481,1.4546747797625101,0.34189060429639323,1.2045815114407934,0.5406584282030494,0.5864712384490282,0.9516692483849455
3922,2.40626612336878,-0.9195209292186162,0.1947876247897096,0.6544279352208645,1.1023140498068222,0.19326241985021828,-0.43018151017977013
3923,0.0916605581836138,1.103452315716478,0.8867837625180132,0.7021127334772117,0.0216686631995403,-0.6624989599603778,-1.3502011610297093
3924,1.6114702919729447,-0.4702487305907622,1.047556993993917,-1.2418161180954783,-0.019988807038625808,-0.5764317602262362,0.06921819404970664
3925,0.06460806400235206,-0.3504117231594991,0.33876338827996355,-0.6647832416772269,-0.3875791942798327,-0.8565760874626333,0.41621476001198743
3926,-0.4114053067319117,-0.46349775760462397,-2.147144249194657,-0.6126254996923021,0.11406701793686945,-0.06906295189665108,-0.13079764192669685
3927,-0.887389761039877,-1.2455584325486149,-2.572213450213082,-1.4422346195733766,0.7995103929743248,-0.5194031717560735,-0.4029715297604406
3928,0.11365744949894599,-1.0807392758087793,0.1414499946000971,1.4396464487149265,-0.6069569910425233,0.592794204274466,-0.23378636792992188
3929,-2.728312097197135,0.11535737717400306,0.4122007944542145,-1.100730281271768,-1.3318583778692221,-0.2136691373240137,0.00923328610124704
3930,2.1926390507915667,-1.5765095110177538,0.05347332120162472,-1.0791920764175058,0.4311737412014802,0.5728177180431431,0.02124428702213394
3931,2.2653160533390673,1.4451997370227525,-0.6700981964976246,-0.976841168818009,0.6858963275391846,0.3348613859150502,0.1180503623193983
3932,2.111130991697035,-0.24660576359663766,0.7410836704804957,-0.13908137621564678,0.4769689143382968,0.46518676226157146,0.3005555758406605
3933,-2.922232500230723,0.32813439265969674,-0.14489379011159093,-0.8293287420858545,-0.018519881179410762,0.1638691115744328,1.3461139463341285
3934,-2.299142564459379,0.02085117313487188,0.16917615784389767,1.1737279915384455,0.3824329870431341,0.9340866079067799,0.03699610823886247
3935,-1.1809897954332722,-1.913758432445277,0.7136585780796311,1.5433344099916957,0.6726933684691513,1.2392728295056725,0.4114199419777033
3936,2.8448522129414955,0.11388628722342382,-0.5782265843986961,0.08815455913738052,-0.13305291713487025,0.23934009395149025,0.7569282798683719
3937,-0.9572878346026893,0.8954385519726563,-0.475818620394817,0.28724008707599274,-1.6172093219760217,-0.23449401598815947,-0.034281653456502345
3938,-0.07044320839362139,-0.18918039770501754,0.5291051611130078,0.48275708013500235,-0.17112845023738704,-0.04793948258179857,-1.2604141069313322
3939,-2.1400500837940837,-0.15252199216118828,-0.7124248804786271,1.4850127867714509,-0.014128488224483211,0.6893055906023156,-0.15665546886307347
3940,-1.3319279993728295,-0.27393205066725435,-0.348591055128206,-0.06471622467681508,-0.22656960477966848,-0.06809030198551282,0.35413498657379444
3941,-2.386838151974978,-0.9959004132092387,1.4916545407945463,-0.6279920934580708,0.08635111624966461,1.144098453692163,-0.2761495665570115
3942,-1.2825139272518695,0.40010306313299426,0.5738399460287771,-0.2899599888007656,1.7488177472484487,-0.1065623787386865,-0.9760018328610028
3943,-0.5190997159892815,1.2162022803373107,1.486983022064223,-1.0620424803271933,0.9135697867192063,0.5667625202492341,0.16110964018808785
3944,-0.8320844244522227,-1.6440804233525377,-0.5854154283281915,-0.4108635851536056,-1.478077974596199,0.6642205145925596,0.2189856778282014
3945,-1.2213904200868757,-1.4036225656337888,0.286222115297094,-1.4991243757845645,-1.5350154108499043,-0.4484595806820061,0.5629513784214063
3946,0.37037300731416195,0.4143324432413864,0.9059200701510358,0.664385665225837,0.020905023640398847,0.6417542027264528,-0.806149060061889
3947,-0.6515693885158033,-0.6304270218184972,-0.7816675597456763,0.16867362933854346,-0.11462516328474076,-0.6072306800552363,-0.25862008048495055
3948,3.3303171448859348,-1.0041505356523146,-0.40566281872526516,0.1421992625334773,-0.6062567595353044,0.16296765127788027,0.7245059491729575
3949,-0.7894910952829988,0.7335838298207323,0.05520750363917911,0.056858050741582414,-0.9275409735734581,-0.8052808181645146,0.4064264467288386
3950,-1.436763908324922,-0.6932448849714319,0.5677609552542846,-1.2985966585035476,0.6829896909216595,1.1874397436036868,0.33613420140402495
3951,1.639019172010575,1.391130727423926,-0.137675717657723,0.011323654878042221,-1.0360212979249432,-0.6902189721306103,-0.4840427558988812
3952,0.019475160273571053,0.4977325862200545,-0.23107847808372536,0.26098323829430375,-0.8701856955077452,-0.4484031826500163,-1.0232025106442721
3953,2.4180823808766974,-0.42479999190636225,-0.8020364625597907,0.5776097495121548,0.5359959004607702,0.6047690133927732,0.44346800179265367
3954,1.33512387502804,-0.6312956949417273,0.9000247096989423,0.6640129150339141,0.12020168792213622,-0.01988727134451669,-0.0518570287173543
3955,-1.87445161441091,1.7014359606601095,-0.002353060430733148,-0.4838314460084007,1.127448991849398,0.06006537173632158,-0.548533303285871
3956,3.063141707351455,-1.59965257075686,0.42328352018552945,-0.1055407232468402,-0.44786391062795755,-0.8570243070368913,0.7627075526725263
3957,-0.5928983786337224,-0.8023841320265772,-2.9355298916207784,0.5943594441094737,0.2011275547829225,-0.10761288860397993,-0.07859954783017113
3958,-0.6741291200322136,1.0203251130060347,1.3568859734865455,-0.12488926110484642,1.1068246383398923,-0.4200828076423334,-0.22362960719488964
3959,-0.16568295371049593,-1.046627287339004,1.5055105155046546,-1.1608651256623266,-0.28003275844326103,-0.2722761646029481,-0.817035620883053
3960,-0.5814494381179512,-1.1076989928348135,0.6606153748878797,-0.18288511623007547,-0.24076611905184425,0.426449766681375,0.9466823854835283
3961,0.08365142928399974,-0.5537277083829267,-0.5789581658130187,0.060993990073842146,0.13394715660910406,0.4361996328966669,-0.2677178400947609
3962,-2.3104295240861474,-1.3997343526638306,-0.17492206583038664,0.5312007293495682,0.23169397218611107,-0.652386009549695,0.6398892121520225
3963,1.7905318626502322,-0.9497764341360964,-0.25968127381074574,-1.277619400893709,-0.6318980865043371,0.23106511818072886,-1.1769874343780187
3964,0.045428290535747824,-1.3377998277656347,-1.8621647043425806,1.0259443297489839,-0.7839100283296591,0.19152085538648478,-0.1551376128605972
3965,-0.8755903176444043,0.7142525708070907,0.6113348179914115,1.51729889159048,-0.7880715802252113,-0.5267002117452613,0.3835215112341353
3966,-1.787141742500239,-1.3641448569616443,-0.396047767257564,1.52044236505792,-0.15425871773843097,1.297505537506291,-0.5266201119584926
3967,-2.927809445652592,1.5778732307917736,0.3081548340193345,0.2860654914120757,0.005880410886401581,0.05303783955192899,0.14769597240235746
3968,2.1618301402625657,-0.23646829440433453,-0.11021189619821527,0.10735765926581681,0.9746366555249208,-0.12726397888109164,0.12302602568072765
3969,-1.2086605972702387,0.8680922697244757,1.7994257136664857,-1.3443214104896029,0.5769559090238523,-0.42590729735716565,0.35652480316052426
3970,-1.3641467491439914,1.5464127408932586,-0.21176089566793546,1.5668638816961034,0.21429797149326293,-0.5364000421071708,1.0237247336369428
3971,2.2633005003232554,0.5430059965281488,-0.3940488044908534,-0.10474494204324926,0.09739953687073709,0.20133686236384724,0.49073306712334547
3972,-1.025767618068983,1.5128518536088962,1.4947085058752805,1.2232726850117792,0.24902697434571638,-0.43413669941758204,-0.4596512367533477
3973,-2.126523990951746,0.12101291893799171,1.5665720776145415,-0.5865777112333415,-0.36521932959552256,0.8906821125762793,-0.27758299193425895
3974,2.3393471942536213,-0.27069803391272546,-0.38420732704658306,0.9030248668696589,0.4334064293888385,0.8072155451482486,0.5266417197454165
3975,-0.5469750779073685,1.5066984004237995,-0.6704461162426821,0.32960809225480364,0.20327499480824684,0.9932516748219807,0.09590071303015273
3976,-2.0843340530856107,0.12173890811136515,-1.1362180011202188,0.18443970822215183,0.3962157156150307,0.44549075488812,-0.7101082905876994
3977,-0.5272186769337881,0.3797805614078415,-1.0168754650289153,-0.4362241062522755,0.0032055145771027805,-0.9890819692016641,0.33266186326493297
3978,1.9433875290223723,1.1120161677298677,0.2507638916159911,-1.0828290152395743,0.7436589504315131,-0.6666890641352946,0.3412603398967141
3979,3.06939470268783,-0.015178039311666744,-0.8407530782745453,0.39318650661842797,-0.2524073492033115,0.1621840697251851,-0.3160292854205179
3980,-0.2325972324291128,1.2941442523117934,-0.34740446647722556,0.8935666744850016,-0.008378988028576059,0.90467472227841,-0.007594106808337672
3981,-2.3056726581806846,-0.516520163788692,0.44194781473752437,-0.30704607530080247,0.3222636700492412,-0.619642617471871,0.5680422607719283
3982,-1.3617753858094332,1.4869962935601213,-0.3495754217677231,1.473295153091688,0.42252855063910494,-0.11236671364110139,0.16901368547244996
3983,-0.5058584147345695,1.4102481387195724,0.7021024423373615,0.20999860581018942,1.458129192246315,0.29705567824869916,-0.07747469615909522
3984,0.7144378435665096,-0.018185561916041766,-0.30936748274479053,-0.19844938555611516,0.3174888026638145,0.49160803926377383,-0.3596453470874339
3985,-1.3608847044471437,1.7602532042055,-2.5585464316012128,-1.0488462507413914,-0.830527078912551,0.42979845019565244,0.25734880168487007
3986,-1.597356124204109,0.5074276705565889,-0.43314932452911603,-1.0152515868790801,-0.7743040845244322,-1.3513729713362383,-0.6932317865202048
3987,0.526370458961845,0.7609910544189485,-0.7230780424270562,0.8478531666627773,-0.4559291846871328,-0.7223381292360906,0.16717147152098608
3988,-2.8215587578551298,-0.7193076020654801,-0.3224425622105102,-0.3083115858683399,-0.837313970448326,-0.11517718619969498,0.6898445314421853
3989,0.22631995303369082,-0.8306684335487502,-0.23125909199135516,0.6869032906372683,-0.05351436224385982,-0.38895125405622044,-1.3038691700940928
3990,2.3315052796339324,-0.30108496094361636,-0.9529290625725529,0.8889592320898201,0.262492846543435,-0.35146553407069697,0.7532570147792156
3991,0.3095392168361493,-1.4072474529351664,0.14633246963154808,-0.4049326370854769,0.8441623727034289,-0.28213108031387607,-0.7995834762982116
3992,-2.1772824729162368,1.458123895225252,-0.4245274305684991,-0.16122848499133033,0.45333100581647817,0.20129233354248754,-0.4784878759723015
3993,-1.0468568865617498,-1.0540598541914266,0.06913386111493039,0.3204158793750414,1.1586607988180493,-0.09773415102166669,0.1458343068894695
3994,-1.1061023652329218,0.09244902425782202,-0.3717202222281426,-0.8110292348541001,-1.6829115885815338,-0.32219997331326417,0.39411082517500273
3995,-2.0778375931919473,-1.2548989434757953,1.736939453505612,-0.14529965690786764,0.5009984199614816,-0.3346364428858971,0.9364547692258641
3996,-1.4010043499619325,-1.7726391591096007,1.2932738095395115,1.4554971867248874,0.6794788976445955,0.018230075430953993,-0.6280686087508632
3997,-0.6605868655620026,-1.3780001960642718,-2.1457929111604783,1.1564398217517056,-0.44389452891761044,-0.23648446068329032,0.29410749050695756
3998,-0.48882968164266166,-0.913119752338769,-2.546141572226404,1.0600387831970435,-0.24962007660551838,-0.8504949577775358,0.002751149813792686
3999,-2.5193356012571146,-0.5143942506788975,-0.4034115059111855,-0.9663994383871615,-1.0937380379865704,0.5891664904029791,0.09522224019412188
4000,2.0877398037921666,-0.13852229301992416,-0.25143584901597676,0.742570709931371,0.7887709473565899,-0.5039596480189164,-0.8914588530806098
4001,-2.0823755085752786,-0.41573886411316346,-0.149683443815818,-1.1397006996791574,0.4564894222880814,0.6904944791359273,0.28575762319530607
4002,-1.5807970932168787,0.15847674539549841,1.2765272060511215,0.8041915160772455,0.34585477962504085,-0.9873079195152233,0.7255022307172511
4003,-1.0062903794714801,1.4770710331996155,-2.597807267045687,-0.16806758092965518,0.24435693009079926,-1.1346501827305,-0.18559617409324
4004,0.402311942110356,0.26834388729007624,-0.9540477046894,0.69712855892395,0.4261177658382534,-0.772189745319652,0.360838270117351
4005,-0.7795220075921411,-1.1201163079654715,-1.199963224238565,-0.5334563040748876,-0.8791197264336399,-1.3958097523987447,-0.5460630508826612
4006,-2.046202261752633,-0.48739562976214024,-0.9611066552457272,1.6988759124352382,-0.17499882247625467,-1.1354750470308177,-0.10961007537210428
4007,0.6626499824803613,-0.6181641908959631,0.9411580582834684,-0.44210447024275956,0.0760354745802983,-0.48506260770391424,0.056075145116109774
4008,-0.6373157029562846,0.1427581470890348,1.1582613484181266,-1.5658054437390565,-0.16026895190175972,0.5153239427060424,-0.1927906839299069
4009,2.546078494723056,0.3265899705079264,-0.40728432617603083,1.410553626271164,-1.0361859752242706,0.2071287179881574,1.217865548554241
4010,-1.798795521296571,0.5835539201380667,-0.1814951061776981,1.0673735355203144,-0.2698177953882883,-1.0133512898578099,-0.12585279890042225
4011,-0.4992619616931038,-1.3634230402699912,1.11724105373058,-0.02762180478932877,1.4178162714289069,0.10467315766121328,-0.8574782512949406
4012,2.311629284534811,-0.7406647829482162,0.573656207052709,0.7420221981787859,0.4187091708232481,-0.12955768340570972,1.4886885484683965
4013,-1.7809284503274159,0.09571381277054725,1.0806077077434915,-1.0746268285616274,-0.18132362252027892,0.9205397748382085,0.3333806851460757
4014,1.814743707307216,-1.5344754266572393,0.1413699968873554,-0.07444519710588064,0.46954524445644724,-0.8358935497515175,0.048000381613652665
4015,-0.675193098794423,1.640796667940444,-1.2653546826071689,-0.38795605622386115,-0.019427642336547243,1.147931159429981,-0.7702824498548982
4016,-2.7279673958573207,-0.954310068790671,-1.092223690052047,0.073324583278822,0.16225645811346207,0.55741887785801425,0.3465615007357913
4017,-1.5214404206169339,-0.4325716046541663,0.35960114194633147,-0.6507677448514172,0.8013354603578942,-0.6495089031953882,-0.5849394283059406
4018,-1.8309511393283115,1.3884237198720701,-0.5145953685639865,-0.3608004530577201,-1.1224445939453846,-0.4923437453112562,-0.2261460810657278
4019,2.210144063402343,-0.8495002499768559,0.5891905934829217,1.6386259479182563,-0.07627736173114488,-0.7022010951609788,-0.005047448189340895
4020,2.8991546051630652,1.0351114409139046,0.845840045537115,0.3818515952036489,-0.8655578138178425,0.46513508635936307,0.8122110697952191
4021,-0.5182071763024482,0.2303142214318796,0.8271306296137152,0.6567279480026406,-0.7590474352808237,-1.0897820470155686,-0.36891355460228004
4022,-1.8068136409186757,-0.07188403347326579,1.3557298286708737,0.9708283054893889,-0.12661941285179976,-0.5437111944931639,0.5211030731520693
4023,-1.4176913206328772,-1.533181083512042,1.5080467295649949,0.6134528698395983,0.6245880819414562,-1.4488416503018036,0.09716066501677531
4024,-1.791043235518482,-0.14875574430318048,1.4252076974978087,0.9772252504765584,0.06945346386288387,-0.47410370754500875,0.1924297977819459
4025,0.4785874848607031,-1.4804184185907987,0.19934233502856918,-1.4148936906253076,0.220077422740016,-0.5599646247333244,-0.28286438995615193
4026,-0.596872358790377,0.5105144478279522,0.9063576628985753,-0.2540390082488409,0.7452441896973334,-0.5414422843872113,0.11075139764906325
4027,1.9478190773342068,-0.17157905489687691,0.33634395545270934,-1.7608636441799255,0.3335476275998352,-0.6013692787696843,-0.87278809530588
4028,-1.1896914961472425,0.6655296613460571,0.7208546966215487,1.4245654820215488,0.5500964356082533,-1.5590733234941592,0.20325157990076095
4029,-0.5983169330632463,-0.3126987800310775,1.021792093517925,1.2173654447057747,-0.7905170249628602,-0.6893116580881782,-0.06980993483761876
4030,-0.1610282210985194,0.3384473427610534,-2.1341591470869177,-0.9634478533506746,0.7901773779753009,0.2508031620232668,-0.09462618865258288
4031,-2.4803626140893456,-0.16584649662364973,-0.8461254692700865,0.4052743187963136,0.6886476997360916,-0.39271553196902165,-0.08227031578788456
4032,1.5490018155365397,0.10674965160910865,-0.7822456050858481,1.2715791173819384,0.3950584558538783,0.3965046818825,-0.4846649895554851
4033,-2.1396881379953854,-0.2081903447588645,-0.4997981515395635,0.6756840837842579,-0.4572037574046771,0.3699310256865912,0.9676149902971505
4034,-0.6206908884348441,-1.0821392787590094,0.7581366931282159,-1.1573353791985128,-0.782531778781183,-0.4559897648361319,-0.8951172258507091
4035,3.2814500198234358,-1.1075619784142228,0.09557230559936339,-1.1235181796908025,0.3909338101898862,-0.3441460923369809,0.5484390018419659
4036,3.0827604407220477,1.2195262718454243,-0.2964564795030687,1.3052047131190292,0.18728537501080905,-0.6827846848894851,0.3869341368824983
4037,0.11553721860883284,1.6140160504429566,1.2653996569466353,-0.3663023370644086,0.4762322529455493,-0.32111137066612633,-0.3770792898484261
4038,-1.4419663705521284,-0.030868330397619298,0.5195001623905421,-0.4143039792305307,-0.40158567857604105,-0.5668641246305034,-0.7988266933705038
4039,-1.689940065117964,1.1113770719017313,-0.08980611620514278,-0.5648149100720212,0.8607092095966645,0.09013297427095313,0.47855238587195226
4040,-1.2956757926014066,1.5457196896450593,0.5729873406758886,0.1151374149512991,0.25061174509145917,-0.06496396358409906,-0.16918314627238884
4041,-1.5459986714325735,-0.04792173924690517,1.120820757981964,1.710258220235488,-0.011470143041087726,1.1774052357487779,-0.7245547863134325
4042,3.223173154031065,0.08897171752480372,0.05389894196527525,0.8636946930423345,-0.8221381217979665,-0.5059903544913971,0.5653302655179219
4043,-1.1755017559723449,-0.21300576114906022,0.028565606338599697,1.3137667813035145,0.652792847098228,0.6214534565259396,0.022389011104044915
4044,2.7466518290374613,-0.8825061023182101,0.8114676826569651,-0.3324383183302144,0.04227316817012561,-0.8158459018219703,0.7378664852228236
4045,-0.7102219113000223,-0.3768512094073976,-0.7887532487200893,-1.8853735100469584,-0.1246503917143052,-0.002814280072589411,-1.142676686557753
4046,2.806553297100261,-0.5265422825972789,-0.713692537972559,0.8528697592156129,-0.0887652043587972,0.5448403118961977,-0.5229851885293963
4047,-0.627190041883711,-1.5513932021766252,0.8153236947377956,1.1484963149961787,-0.04813612112572236,-0.8615503979821408,0.5801934771337488
4048,2.046548323356403,-1.4711159581430233,-0.013069647738307355,-0.3737676905839662,-0.6522171318885412,0.9814688823636919,-0.872939064073671
4049,2.546484103650237,0.8870849240792541,-0.7368604057007647,0.09274274957911256,1.0483942486928615,-0.23085311099822328,-0.20978736147514693
4050,-1.7774847022831448,-0.48775700266571165,-0.2812689674366326,-0.6208158934789842,-1.223021595340735,-0.8016227268542973,-0.056450452823255816
4051,-2.442138511323398,-0.059615796961773104,-0.645897915961965,-0.4165506764428093,-0.7292328480272586,0.10767893434615429,0.38792060600601014
4052,1.7707868716694388,-0.5471591016427341,-0.016529139148945857,-0.8999504797073651,0.42109044849791866,-0.8699982518241004,0.8282897319942747
4053,-0.7842015882185581,-1.5256933662300256,0.6966373920845523,1.4117175644375628,0.9166059920855869,1.070058979467732,-0.12363991480428603
4054,2.1982585309421943,0.8870653245886189,1.0774196359392527,-1.2738231141698502,0.005162244743561356,0.5883993457672073,0.9136424444885131
4055,-0.802665184686112,-1.1642358937035313,1.1691314059902467,0.31153869196356615,-1.0553321326886411,0.09253430867576884,-0.2802792420443228
4056,-2.094798608180184,1.3852799622833991,0.5254388410066176,-0.22104123492818523,1.087511907678251,-1.5011109174853097,0.4218773321564202
4057,1.029078342041312,-0.05127942453565496,0.56055304671232975,-0.3981840823407422,-0.015690043482504138,-0.4798226685521819,-0.21804746962403995
4058,-0.04839751823065054,0.3260244342831767,-2.256441744787703,0.6137570476096774,0.9125643753916409,0.28584385513617855,-0.7790840807241924
4059,1.6991312660018936,-0.8035580321810523,-0.2384328341054979,-0.2628104274212844,0.06305792339126641,-0.4524020565858021,0.5199791813241459
4060,1.1899851473961753,-0.25290696979729005,0.6485292067520712,-0.895164715481689,-0.2427042093401577,-0.6842863876562777,-0.40982984185107224
4061,3.6960070267133784,1.547791950916882,0.20688354956631957,-0.09142516614923733,-0.2519928372808617,-0.15532418810734502,-0.06241157907411565
4062,-1.0072331342957066,-1.4765116318826284,0.7150389136433387,0.2646118119451771,-0.6253766889073239,1.2407035776416886,0.1584082590246434
4063,-0.5351157492040381,0.9746189253029662,1.1132695102798909,0.396183084496237,1.2339380791097665,0.3530336738361705,-0.3577242148950624
4064,-1.8057625539420836,-0.8096000654133133,0.42275728242889826,0.9217511757411389,0.15103208563085008,-0.5890798508062026,-0.1883352527445416
4065,-1.7594664781520328,-0.43868651632757305,0.37523153171368523,-0.5276591622733547,0.6408190334707042,-1.0152010264507367,-0.19841903869872646
4066,0.48153460310179125,-1.393667867387006,0.5518247159836763,0.55052408335338,0.6119075365116989,0.8867101413832773,-0.10799321366317327
4067,-2.2927207940110566,1.6894614216213528,-0.03951585919906383,-0.5419437316732629,0.9270012291105494,-0.742703530882515,0.49850228118440465
4068,-1.1278172080589883,-1.2612348535225284,0.6532148678008823,-0.9223070999718106,1.819630067130037,-0.19675180627998065,-0.27672860638547864
4069,2.656330292109946,-1.1581942044205935,-0.07752866346776127,1.117768894826642,-0.008707886171966614,-0.5927588117001855,0.09567918739360036
4070,1.991053030006056,-0.06936926081352267,0.76484857346775,-0.545459240633919,-1.1918953693970014,0.25475390435055273,-0.027777089404877105
4071,-2.4123273817946154,1.090784218306575,-0.721558471532709,0.46829106335237675,-1.5201767473467251,-0.2866565878447061,0.10628476077012373
4072,3.0163690659041427,-0.04554398896932907,0.2405119624282229,0.2511092070089158,-0.6243214426938827,0.35986844753099306,0.40318771893488814
4073,-0.18407147824506745,-0.8496265344211477,0.7989100951233759,0.6622849207466359,0.18475429872538815,-0.3170343164853317,-0.3923179668341452
4074,-0.8425258996962931,1.1467628739122657,-2.037943058553952,0.6890925810135646,-0.6832516533865143,-0.2898218684932774,0.6020088724654157
4075,4.239125845106063,0.5942198266633401,-0.2608753944238153,0.9690721541300041,-0.09108627242580784,0.1394765527741583,0.1771338989934915
4076,-1.503814750173616,0.6812023466411553,-0.07389639512982162,1.490793338817113,0.7558619665950771,-0.775572422135319,0.15544695690254967
4077,-1.1533200541024635,-1.1329568440583833,0.8541188236301318,-0.8389304819404227,0.5440568400235845,-0.004304894130339811,-1.1587855106324318
4078,-3.328461080877989,-1.3655161714816428,-0.5073771594215322,-0.6357075991243392,-0.143599094843361,-0.46922329548817054,0.3302964631532037
4079,-2.2206758265569504,-0.6810409684265357,-0.6650480693280787,-1.370271398205526,-1.0514037671496124,-0.5676480071304474,0.0569927966263242
4080,3.045777309609143,-0.7894668054961039,-0.7481819425579024,-2.3170849684092536,0.08098101492739779,-0.08306051341068278,-0.3486825082574257
4081,0.5195124559306428,0.3574473248981814,1.048890492892751,-0.5364693924077015,0.40643345089122573,0.5630631044032774,-0.34961001668648906
4082,0.3604609478888681,0.76289294901701,-2.460909343713709,-0.09959281747649217,0.24825654750019455,0.4073350282736832,-0.10637106645340791
4083,-3.0273459452062785,0.8529289700641819,0.41924905228000087,-0.8915847711376145,0.30519246875265327,-0.3746082444067177,0.027428579842225128
4084,3.301624801753868,-0.17475171880248971,0.4915896614148331,0.4933393736284511,0.8956071449794318,0.1412665094412433,-0.3813290754952891
4085,1.1282119827020722,0.2429330967033116,0.9563441159855554,-1.0319821390936639,-0.7729451224263248,-0.5452347757707313,-0.20003430279166148
4086,1.8832138189694474,0.43853068187041505,0.8065266272247067,0.8898764959142492,-0.5466522191687969,0.26493766878111125,0.13306146324659118
4087,-1.3614410293314565,0.5943951250070159,-0.1823190358594686,-1.4627744736961596,0.5114954554530046,0.5136436025371143,-0.19969571706335115
4088,0.3816557264661465,-1.3032832177063731,0.8986396265742612,1.0280795095239772,0.12103313781324777,0.5573355328420437,0.5204224575318672
4089,-1.8247435251106419,-1.8251275893849446,1.2129373945792237,-0.4395313796728576,-0.8618854412355241,0.9417949039766479,-0.37198801332738524
4090,-0.941823254257811,1.5312558775515657,-0.9918875441182938,0.5938990328771356,0.7979743867117216,-0.8240136932958944,0.5541040018077423
4091,-0.8168065673528611,-1.0093643905686338,-1.079155840245865,0.38067593213723566,1.2343192341928213,-0.39046079342086587,0.2287253819477727
4092,-0.8966265055689793,-1.2814816232784412,-2.135978061589376,0.9564766935872346,-0.2273443031529217,0.005883961355416089,-0.2857550600856908
4093,-0.31674526176470497,-0.5763769561954611,-0.6277969222508557,0.7520970540034475,0.8966942604411074,0.2748282137128341,-0.6081541879578042
4094,-0.24353736429008335,0.667049418021346,-0.4947332982851259,-0.06779357604468164,-0.21807763386184992,0.805035915037587,0.8164998507365707
4095,-0.8581653950552776,-1.0739197674329313,0.44148122830918174,0.056829593274122535,-1.2378171356342307,0.3829318794195712,-0.34399871373725494
4096,1.9195553815048363,1.2984741135819966,-0.03642820766409909,1.6811431143415503,0.403818071654306,0.8897986377893409,-0.0073372237863411115
4097,-2.223448241739641,0.9165518991543958,1.1432965597493174,-1.1021488218828255,-0.7623120548102971,0.054957853743627244,0.11923843401193358
4098,-1.9842899971484582,0.23189622775905938,1.665693308315258,1.0060900149474747,-0.6692698892487459,-0.6170306017893257,-0.17103301571182014
4099,-1.1653548577748951,0.21642114104971294,0.17050653462615692,-1.0506683177631346,-1.1557064269771193,0.12581592561713412,0.1225179394547623
4100,2.8268814113597363,1.542175988019617,0.36968447349497036,1.104757393778193,-1.1773249562270078,0.4002219851834767,0.6262488640365462
4101,-0.34240355880783185,0.7484183787260034,-1.9166244459865722,-0.25757565139623273,-0.40546849157888165,-1.1566702410730798,0.22771992407338365
4102,-0.2436691131688487,-0.1916136078397772,0.4593490035142611,-0.6049854121546733,-0.30371672194913113,0.041152065782735586,-1.3915641078051422
4103,3.2259301164954026,-0.9031964318498145,-0.28443500475221983,0.24766448968282986,-0.696029783800859,0.14759488539395488,0.33579968221912593
4104,2.1490510621535077,0.6205328908102764,0.5158522539132878,-0.5187656863271284,0.4921730122792302,-0.26504550845150404,-1.2321185370888916
4105,-1.7483445936259947,-0.8757267643937674,1.597487972844229,0.3466592672497339,0.5166547418599613,-0.19480533391697602,0.7164301086354504
4106,-2.5758870597078585,1.2247447989918787,1.8145797933490486,-0.8047454928383957,-0.22044409985490118,0.431391067471499,0.9853992610567235
4107,-0.8026110619051433,-1.1379387748984557,-2.4950531828745146,-0.11200851474483554,0.14863272952744522,1.0666765109183913,-0.6735338704293813
4108,2.188577772252337,1.2704915830115904,-0.008009021788756466,-1.3226241140342696,0.27766743574042596,-0.6403446189108776,-0.2664028348749222
4109,2.6016967531197817,0.8867643522029618,0.45643483211356317,-0.8682828746483405,-0.15133137691528303,-0.3248277059736476,0.23310857545799574
4110,-0.7181131206787297,-0.3258322733971606,0.6539183662916875,1.0676649300398409,0.7630986868054983,0.242394109695357,-0.6600702941671792
4111,2.365887182733931,-0.1745623054413338,0.8171040927806472,0.4536751326702813,-0.8515543583489507,-1.2977042371018195,-0.5756951457087961
4112,-1.027476677692099,-0.9997884402215058,0.547046352337832,0.791932892787347,1.5506810867068919,-0.29961359276972305,-0.8340420451324555
4113,2.2704133977179586,0.09868479680941435,-0.1731421341361624,0.08975462902338836,1.12650285507101,-0.3441961792955961,-0.20155258213680427
4114,-1.274082854133785,-0.8936457234235419,0.17011667998681285,0.6576611059287081,0.6735586921605584,1.3656145312207162,-0.10676945504140559
4115,-1.230568585870203,1.7731298475377872,-0.5796229836620201,-0.47745976151644054,-1.5680119057373954,0.2833109403545321,-0.5753764396082844
4116,2.4741539069175795,0.40901544821182045,0.6291491288546451,0.23408474043407854,-0.41154246745816664,-0.003220715093517228,0.3581968743718631
4117,-2.287909765073852,1.4387823652005642,-0.49064888112568167,1.1587260420820074,-0.8440198236230037,0.11700549243865964,0.6810348232040845
4118,-1.7820456291106224,1.5392824503796971,1.263921881946387,1.1009605911446025,-1.445451061562901,-0.41486898693365504,-0.11647583709493124
4119,2.971638322268064,0.01881867391632215,0.6192946060334155,-0.5881673649134486,0.7466890643243672,-0.04988929213011485,-0.7285097656954447
4120,-0.9441103953538634,-1.848881090439906,0.9438896738621564,1.0354794904439975,0.7625758577156687,-0.4651259642700991,0.08010646794906626
4121,-0.6943212415151095,-0.22884825802155917,0.49274000377833616,1.414931420075198,0.6878025623488967,0.9941441828864016,-0.4810113701222072
4122,-1.601817156084113,-1.1442454477782564,0.847204641181863,-0.04782380468816057,-2.1525727329125095,-0.06814506676471828,0.6324303771039715
4123,0.6225587781733245,1.2074878100408806,-1.0542448555513304,-0.07219752893229411,0.22273847429724372,-0.6037376051842529,-0.3929137858260577
4124,-0.17221038932658714,1.0789060731541178,-0.43185730217725593,-1.4834310171125635,0.4302443665941294,0.04195755202555697,0.4875703547626349
4125,3.6867342327508044,-0.615180918107854,-0.39038578642851096,0.7303488961242324,-0.6831803753190024,0.19464148914413906,-0.016772625556457754
4126,-1.180198932254168,-1.0079240083340661,-0.0933607126067325,-0.7557759839283786,0.15678852589134112,0.8456849012427274,-0.3735949519170318
4127,-0.6829373541929282,1.2008151355614018,0.5218634777524912,0.8487906771917155,-1.1778939119593712,0.12552643655323428,-0.8629295047143627
4128,-1.3616187178176553,-0.2996300883216249,-0.27311016011261396,1.0162403646975473,-0.06542753583354399,-1.4361338800486976,-0.3930668705741757
4129,2.3650528037127443,0.5826466337056954,0.28281735725310214,-1.147446320141928,-0.7725339136801327,0.3404724707161714,0.46792773297786544
4130,2.0682589435362795,-0.6517966736866524,0.9759646874438247,-0.6308723327575579,0.6210361589749348,0.45234829024830947,-0.8602035747829528
4131,-1.4149986225802518,0.8160110992271854,1.223003974983062,-1.3839009329299974,0.1558847163578373,-1.4827853683844467,-0.1267546279513413
4132,2.2860016556600042,0.5118079638612019,1.0495219144804568,0.14456504476886792,-0.5670490195418197,0.4404910598758693,0.9254895469380661
4133,2.0146916485405946,-0.5833059695953656,-0.9400134264502179,-1.1680715939669126,0.8694066847831825,-0.21795483113759276,-0.4958314962496463
4134,-1.2685007791246254,1.2579124138261077,1.17696191028041,-1.2487403294654604,1.1363241128559367,0.787210418594307,0.22705315976343698
4135,0.43369319989861677,-1.4100935527604586,-0.10729886355433946,-1.2197181790009084,0.654252352392082,-0.18775564097151332,0.26357477686579445
4136,-2.1652503018932467,-0.28310836685606156,-0.12899455083555908,-1.2807898932281063,-0.623561724623243,0.6250288521856946,-0.22597174151074922
4137,-1.139989950704664,-1.5930622775600938,-0.6864549066939444,-1.582505473317333,-0.30267182531447484,0.15369461043926752,-1.1835792421597657
4138,2.6076464154833685,-1.5569809256437532,-1.0395392040563372,1.1226027750667968,-0.6067476600217143,0.23092246540408262,-0.041120729106864796
4139,-0.3871654693321328,0.7181641272404994,1.378562683037497,0.9676964160555737,1.7385170678230977,-0.12211920323462559,-0.8373132991277265
4140,-1.0873504512554506,0.8954837905674387,-0.6479417097569334,-1.3770548637835425,-0.9591010857359312,-1.018407687858177,-0.016353647928062702
4141,3.4798023199926567,0.20199578823904063,0.5239398111229108,1.1563396036821532,0.052064272589916825,0.6507193940547652,0.023608372611296315
4142,2.1919848495113254,-0.9813609600549483,1.0089105189429446,-1.0624597748683393,-0.625464742909981,-0.13733473029724247,-0.03779619909147342
4143,2.712104633812729,-1.29912992201035,-0.6871446258648687,0.7141137490019337,-0.9321955640989819,0.25595758689599685,-0.6654075611903537
4144,-1.3197329550574786,-1.4776028488810657,-1.190780422775298,-1.2363485322888046,-0.22359310770441063,-0.5335470387681496,-0.19688040066154727
4145,-0.6303482442474756,0.025362831537832406,-2.8681039257676852,0.7178636134720882,0.09836471362100842,1.008003333187098,0.6448411113593315
4146,-0.6627855277273818,1.1422954140065347,1.479658228499602,0.6190729944995829,1.6049935708159109,0.006831934863533782,-0.22619610953680763
4147,-0.8188124753806926,-0.8357111302108742,-0.9533753249434251,-0.9549497309688947,-0.31821455079995936,-0.16774624990017728,-0.6611602870957622
4148,-2.5668870643558894,0.22679868658590968,-1.0527628088624839,-1.1575566373060886,0.7986681205363599,-1.0322279806484023,0.49269352503010366
4149,-1.6548235551915327,1.1253817527919714,1.1373814754347606,-0.38894270217466953,-0.4860156064088819,0.9388612242019294,-0.8870861672595264
4150,1.8181296594851177,-0.21478949171571587,-0.3249133482765592,-1.5281503224014061,-0.23459110043446366,0.005005953604185461,0.6765658160691979
4151,-0.6559703553955797,-0.765514162233666,-2.8956540152656456,-0.1535828182428438,0.25663588376193264,0.11103548072980245,-0.22064605456938005
4152,-0.18816882388803502,1.1037749226765814,0.4095961398165245,1.204892757495505,1.7530893616748684,-0.11466536669846839,-0.08163780637044497
4153,2.391409634614621,-0.6236443788596493,-0.19907376733752846,-1.8628193914617082,-0.6037923970629808,0.8437318499693006,0.7026228650424664
4154,-0.6624623710740243,0.5655327914460361,-1.7403797538839878,-0.18421056336469885,0.16112266494614078,-0.028784882981153132,0.07303787783473402
4155,0.6900685272614827,-0.35249640287765205,-0.3573727375895186,-0.09434453947070981,0.249029280633171,-0.5312729675670436,-0.6080317623033054
4156,-1.6431811513456223,1.1456652133497918,-0.07488917484700197,-0.5614718250298831,-1.4416280578080125,0.6949527551675297,-0.37017662995343237
4157,-1.1279927870509865,0.33217581615279124,-0.6757049256892376,1.2608826482964297,1.1433709783504127,0.4431589818533976,-0.5905739583445501
4158,2.75848180751585,1.7569226558156896,0.777305318644409,-0.5001918003202421,0.008605605514604637,-1.1054729395714813,0.7347100597641609
4159,0.393032811988038,1.5659959930857545,-1.8232443625506851,0.6996815483423603,0.22261596401532627,0.7987349853548934,0.16101684426892682
4160,2.4421507318432965,0.9508496014931648,-0.4501106754073027,0.021762000720640638,-0.028247190384452687,-0.7958692634053762,1.3069642297704018
4161,-1.2699538483774215,1.1725223527493172,1.6673886183114497,0.3409558932718549,0.29374474295710146,-1.7719103567309162,-0.04610877053178681
4162,-2.569218954589701,-0.43062203872203514,0.24211408068065376,-1.067301389374441,-1.227979319089223,-0.08979155934441496,-0.10681440645814322
4163,-1.0227707196653277,0.7098921102718146,1.6178864519996214,-0.7879437678316651,-0.7423154021811514,0.6456514448162233,-0.7311328506554853
4164,1.9100992286666882,-0.31855101867613056,-0.6883163325551387,-0.40641805520309326,-0.019506692890793802,1.324105752999319,0.09868065794299928
4165,0.2391543247909279,0.2372641436604581,-1.2963495579899993,-0.6397887717412505,0.7238753189017387,0.3637545988393636,-0.2893297542378205
4166,0.42920846119541606,-0.19745946994299718,0.12500873930162343,1.3599879222921365,-0.5634481234015839,-0.5484378250915015,0.817674545149707
4167,0.6744014736555279,1.1414873155790564,-0.32560290055831403,0.4488270165550001,-0.14189993129435724,-0.13115617469187987,-0.6556602752974787
4168,-1.409928060686178,1.3422935636121216,0.3645508668835906,1.2350846321007074,-0.42578575486042397,-0.5961482035500942,0.8261920543828953
4169,1.6988599038576349,0.5899224866107402,0.10730149235938184,-0.8032655061013133,0.03492461814021334,-0.1527215797822518,0.5295316506031424
4170,0.19371101556945097,0.5100261417214718,0.16333914296450186,0.03685859395901925,0.11721386626126085,0.24250273060559926,-0.49366152141052844
4171,1.117913310548764,-0.9912779614879907,0.3564131398253577,-0.8858600597638088,0.10959571026501422,0.027712112781814006,0.7545818568358993
4172,0.1367850524581532,0.61673128516701,1.177271089037289,-0.37773172387166914,-0.22125371383163045,-1.056166868072937,-0.08391150468996789
4173,-0.849104535630318,0.46479754436602516,0.9849785673310344,1.1174239775682255,1.1146101501745158,-0.6272369861798708,-0.023490857010772477
4174,-0.8117864876737132,-1.341506401926256,-1.109908092735516,0.997205346212902,0.09711016466744213,-0.12480097992306417,0.8914954617266123
4175,-1.999096446704321,0.21730876028855048,-1.8712664197535633,-1.0981613145985134,0.1511600251168607,-0.11328071844958036,-0.06128029340608476
4176,-1.657161285969629,-0.9306458883944813,0.07831856669831616,-1.5051417758719001,-0.9394727854773338,-0.5740367157296189,-0.19979006043013803
4177,0.47086903058935553,0.3736219229502055,0.2414303705899743,1.452014903586289,-0.4713605837727549,0.6937074052043278,0.4429380734544921
4178,-0.4728096031733555,0.4722904002087781,-0.8341811493139872,-1.6213505003449193,-0.16595231805473215,-0.017535608506343957,-0.6341321056689756
4179,2.3098141634599814,0.033466217196781535,-0.14892064028861482,-0.40215147573840987,-0.25641829898230134,-0.9984738701671959,-0.9545292449266893
4180,-0.43303004363796044,-0.3194834716988093,0.5606145237337969,1.0298726689643258,-1.065125644878313,0.14736627609912648,-0.5681615073171703
4181,-0.010769465546851117,-1.6354252199927743,0.34221086250135513,-0.35034264873048326,-0.5558561369863902,0.042872009179756594,0.3567307727928907
4182,-0.7027597265351931,-1.3290481596451962,0.8795141308379725,0.012840854839205237,-0.29029997388216083,-0.5986842593222178,0.27585771044581125
4183,0.15651555008532783,1.1058578424675098,1.0381856043636346,-0.9829336319501697,0.37401870092531275,0.2237724885291552,-1.0486338521102885
4184,0.8766473334184417,0.4480620717613839,-0.5105232144073751,0.5177440683459036,0.2668051516165152,0.2538844929302694,-0.19236895697848808
4185,-0.19470369089916464,-0.729498120421096,-0.0746541956709113,0.9000511387980713,-0.4894643602965696,3.9220118101954273e-4,0.6692104450250641
4186,-1.3057493738545298,-1.4414157048062628,-1.1831090733428544,-1.5108394739700837,-0.5891169888195287,-0.12881903643851286,-0.3016286170552575
4187,2.4647306237396562,-1.3203159698456668,0.5258675867096879,0.2309574546966156,-0.33363071125621113,-0.08937031809738766,-0.5784871345352692
4188,-0.666253804861864,-0.751100126893156,0.2796996536175267,-0.968889719099121,-0.3002538603044537,0.2405176220759737,0.738803379993171
4189,-0.761470014327248,-0.7906888737853245,1.4954310928282586,-1.228197366828146,-0.9347177038702604,-1.8715818241350384,-0.19861317255732966
4190,-0.23790218581590195,-0.8412976759337698,-0.7696140265543825,0.9631617567523061,-0.22479235681701362,-0.06079675295554896,-0.5559549885915601
4191,-1.5455761325412354,-1.7492584051388336,1.467388900305042,-0.8700232188671193,1.1710069649378405,0.007546054438484662,0.17500411615749636
4192,-2.365674874588739,1.5308545322858045,-0.8299846381040337,0.9162192292839603,-1.2280396869635954,-0.09399315310243801,0.5870365054524813
4193,1.8269807720523878,-0.6560690924763943,0.06357193318932206,-0.48306646119804303,0.48391970210158497,-0.3727438277308872,1.3583241202405942
4194,-0.9898865145116242,1.2637497558257764,1.1825096162289117,1.0020757534371034,1.3040353638928206,-0.5891012623996201,0.2756524843457342
4195,-2.5687525968567915,1.6606564813548665,-0.36403410128206465,0.37320115946090693,0.008382548101929994,-0.582718243832165,0.7024067878285866
4196,2.692021663240871,-1.3042097779476827,0.648200104291755,-0.4333920570093842,1.1387731486373567,0.12817349675206915,0.17021867116110273
4197,-0.7026579334431798,0.08337929865247934,-0.700895910510723,0.3364525132463842,-0.7974583628332764,-0.8382555421542925,-1.1555466902475064
4198,2.5895392052530126,0.03342290576823398,-0.5481991894218174,-1.1017242484373346,0.6200575516074005,0.24680560413036448,0.4987982547775305
4199,1.8526578818612076,0.8963820410693446,-0.2924772192612479,-0.5459116077638125,-1.3531353893991316,-0.0714640690818159,0.3742948678956308
4200,-1.4351840767826365,-1.629160398584744,1.4028160043175728,-1.282803580874719,0.9235104443836792,0.5259361740984975,-0.6627630348970315
4201,-1.6882518810432114,0.2533200890735229,-0.8906428523284424,1.5774379011229303,-1.5675071000924004,0.1201256964148687,0.3706250701705583
4202,-0.17210226113440524,-1.2514774763352514,-2.141447363490833,-1.1207182169241312,0.18573234029738656,0.5217192066691451,-0.3508623216487344
4203,0.09832204712652376,0.7279498341830485,0.9627305175402388,-1.5108414312274767,0.1887007413601683,0.0847073837568503,-1.0660377334218998
4204,2.9280070644519105,0.1996441599863929,-0.8623507706179868,-0.6865455788503791,-0.9481461827126614,1.1511405584295649,0.3828945984500658
4205,1.9671677435435668,0.056444860756883965,-0.9298086463885598,0.8474219909620393,-0.40246938114626246,-0.6996926596661561,-0.5979578529855912
4206,-0.8747259963256592,0.06591435476357399,-2.4634417994715956,-0.4985503625963623,0.4759671373888522,0.5967478959068854,0.6501327149075832
4207,3.1281891528298247,-0.0034955446488213735,0.9500500362403895,-0.4155412965710776,-0.022282618086206515,-0.32784203286053426,-0.9058265463403382
4208,0.06250777703879158,0.2642408716074145,1.598827083321257,-0.6292288124984025,-0.1399467047346638,-0.2770160890444844,-1.3344758657922986
4209,-0.40297254743779604,0.042405275652302545,-0.7233611546702962,0.8045417277180817,-0.668106566058367,-1.2856937481514892,-0.421733674363606
4210,-1.4298178570031561,-1.1211414532872046,1.1817211658953017,1.2487535318563956,0.5169330853640058,-0.41516762868793355,0.6240373305457989
4211,2.1052795421791295,-0.6687648878638588,0.7315877651301811,-1.81060035709296,0.766133322136348,-0.29123044998738035,-0.8902279982641116
4212,-1.798305964420887,0.4042512778281544,-0.17450573181492973,-1.036798270862135,-0.23943253230505776,0.7604403314986348,-1.0061895022917697
4213,-0.7251111513083577,-1.4048396658690465,1.4233412497482898,0.9528602278807815,0.978731935555493,-1.0279901698970464,-0.6209771706768404
4214,-1.9855038703596541,0.6293821333902468,0.8061785800540892,0.5202532167539381,0.7627749329147704,1.657445516673858,-0.5365945908715789
4215,0.7460136627022941,0.08069149407589025,0.6644191377240476,-0.9411818204148432,-0.3500861145967505,-0.03957285265931077,-0.14960140408622252
4216,-0.9220811905923478,1.1666924459638284,0.9098343983309409,-0.7885688859578909,-0.9080422091063302,0.12536570872168717,0.23205277098925323
4217,2.5226984308073535,0.19255650763821866,-0.8833899705649717,0.40397259968092986,0.045868350605417184,1.1181989949189624,0.5239331480663268
4218,-0.798895088930676,-0.7079612329276207,0.36532778777817865,-0.978429245431564,0.5979757230774447,-0.4340579386546519,0.04378751804191112
4219,-2.0788824749590797,0.9136917185750605,-0.3253692873930848,-1.2069056075141367,0.9862732618391366,-0.2995108806116444,-0.47230728697966035
4220,-1.787584365220346,-0.5405572936900519,1.1244442507205488,-0.5060822767806323,1.2043023253856016,-0.02063215339790825,-0.1251851391854978
4221,1.492347170872575,0.5329414393956774,0.6482644855025744,-1.5614395725835526,0.6496275095163866,0.5215205161527444,-1.075224114064158
4222,2.1957614070453606,-1.1106182099511803,0.2572470697983132,-1.6917102629941447,0.18529370031585726,0.5171601484670169,-0.5623701600874242
4223,-1.0271497720808833,1.4378254741939864,-0.7096292292972722,1.4629539140756098,-0.45759536353023306,-0.2502709337376766,-0.39192734056256845
4224,-2.725519415328792,0.2185060991881845,0.47678105231615575,-0.5200937986963788,-0.4164705863014989,0.5173637005257166,0.6451806636719549
4225,-1.1566130621716937,-0.06185159615290384,1.5309089377548355,-0.027576911516286814,1.1348774328897342,0.3469682809428486,-0.17553393822762312
4226,-0.5448927750585328,1.2409055507310494,0.06934529336612526,0.9914133617139733,0.35206899034952227,-0.24349202221132962,0.8664226417534814
4227,-1.513964209778083,-0.2853024546608746,1.3617993590689828,0.6192712970431405,1.1904007011660096,-0.7463999542270331,-0.1356037162460185
4228,-2.2368608010270843,-1.2049643770323075,0.14880126008344496,-1.321958631280312,-1.0388183573158014,0.4749808904199519,0.8278669030506114
4229,-1.5603591377064006,0.346155038443386,1.2747529137712708,1.7569983215842593,-0.02640916148898343,0.04026638191269491,0.4183124093395194
4230,-1.979121299464841,1.5743045564917817,0.49272510090427635,0.5289525706914496,-0.6161136633456132,-0.3362813312011419,0.08714178614366963
4231,-1.5655569276934482,1.2924398386462927,-2.603663799143978,-0.5998599630056929,-0.5015957222454933,0.25781733800511225,0.5607656411987272
4232,-2.036002153264861,-1.3541598174549856,-1.0983566614798255,0.896622045318383,0.26227568435902265,1.4476793833005097,0.12842042252187316
4233,2.8309679263077294,0.09153643611384842,0.6588826721807262,0.44906213474694345,0.8467407522395528,-0.17046659435640463,-0.2899280461141096
4234,-1.6074347216412443,0.8982355574982611,0.28539628493458385,-1.1669371175896341,-0.014213003163599755,-1.4791123308175413,-0.7906936890767281
4235,-1.3400891191880875,1.1975968158209305,-0.7225318272411263,0.5018946919750492,1.1199827922765164,-0.02462971745730064,-0.8564578428884088
4236,1.3586942353062232,-1.4620604448703731,0.16408283676741284,1.219235650936786,0.13553797844954976,-0.3002295956659118,-0.03228659159741115
4237,2.3900811261507804,-0.12459001138445981,-0.3707964988432678,0.8793614432789104,0.3867803472146536,-1.012330399452878,0.06054462961409101
4238,-1.8640292183780471,-0.4656811149954736,1.0589136962515635,-0.40935248751741193,0.5749012577259224,1.3325257633834227,0.20514107252528413
4239,-1.5417893592655267,1.0913281275534938,-2.4446053480284835,-0.3600322169881979,-0.9220482874573986,-0.08717112453483389,-0.18399120675404884
4240,-0.29838334594566834,0.7525610905622027,0.12110765759542119,0.46411710771699827,1.4056256681653025,0.0058370851542958605,-0.5642348172133492
4241,1.98606919684475,0.8120126748464735,-0.7885560195131978,0.6061687548648471,-0.2876745134586066,-0.12565671131286424,1.1059274309189424
4242,2.8530361089409326,-0.5185888268223834,-0.6655557622368886,0.04884585466607052,0.4568755165768712,-0.43335710412766554,-0.3362057235625906
4243,-0.534850103905887,-0.9919494049422315,-2.7704038329250786,-0.0937276745928854,-0.7400965473896074,1.1355154284627986,-0.6472868218121464
4244,-0.876000505800096,0.2877382451412547,1.6989152056331671,-1.3230316142074225,-0.22915976721676862,-0.6922041262001289,-0.08904318968336909
4245,-1.1669841753894636,0.03557250757999205,0.46240381748807485,1.4931380433837995,0.71549669245036,1.2087002725975466,0.06068550817917478
4246,1.8055599601836467,0.9890194711046705,-0.6094139794217792,0.7900736752100415,-0.15959092452507173,0.07258201157381067,1.34801444256022
4247,0.3017407236766438,-1.2786684146869645,0.9221117080157258,0.6070956740792017,-0.10344547797974035,-1.005900596421154,0.31603420761096335
4248,0.21267918667397306,-0.9182218059119892,-3.078242091519893,0.8036784893962281,-0.35910013326921353,-0.7982061439698616,0.6391679067171632
4249,-1.6518150682626238,-1.6880158357651238,-0.7245582734260495,-0.5680127016264205,0.6783581303874967,-0.02213572436186112,-0.4333700036048622
4250,-0.9742063859822028,1.1575730973382743,0.6274636298550693,0.3650681389205216,1.5589497876829284,-0.6005808965920157,-0.1403476206399905
4251,-2.181597887046442,-1.4261511525380148,1.1110411339099453,-0.7251647973379806,0.22359733973817297,1.3908925823769605,-0.6103041020181282
4252,1.4831258540673395,-0.7976562274970103,0.7585131566011353,-1.0838811723889252,-0.06996932430439878,0.10323300422305333,1.4786027312903554
4253,-1.1759257955527274,-0.6198950391188055,0.19640258478576936,-0.6693349588884749,1.5715939806377972,0.25894544894981636,-0.44558126839924267
4254,-0.17690178588356395,1.0852601786849891,-2.3007628700802356,-0.4904135651902985,0.6681626455202501,0.4943526855655032,0.21254900916980832
4255,2.6256749949383242,1.6423734197561026,0.41871317760793647,-1.2514739799508707,0.0249968360932484,0.4131334540029757,0.33787246230618084
4256,-0.34258541061695374,1.007017157106721,-2.851237011466163,1.2085038119824962,-0.37910489889277477,0.8252284200239618,-0.6668256666876698
4257,-0.4112990150804337,1.3313498529542283,1.4339553337488067,1.237951190100889,-0.1501754923198964,0.28708833349611884,-0.07791317577581831
4258,2.0497352933362443,-1.3765972295224596,-0.1419550556721818,0.629840977291673,-0.5717170426680155,-0.991150102267255,-0.43236236951578555
4259,2.1190269989554493,-0.6908366266870865,-0.004349719652404529,-0.7030810984769336,0.40095517520698093,0.4756484613906071,0.8504602602679454
4260,2.3956546353375785,0.4313359509051973,0.11783546173249915,1.0300164687995885,-0.36441872204075726,-0.5986896517983471,0.4902953581455368
4261,-1.7319245807034724,0.3293429327924161,1.0835760518292858,0.3143592289847231,0.42950442115057974,-0.2734946059003767,0.1080641354677895
4262,2.975091293955324,-1.280686067190593,0.8664486752541517,1.2794925260485595,-0.8196936810292965,-0.08735675725902177,-0.6825527058712184
4263,-1.2858449380514347,-0.5084159198488899,-0.6928305545230325,1.12024801647272,0.10480365462905576,0.20268538634977548,-0.038553842445478145
4264,4.384797539301217,0.478637157252811,0.4519501730118463,0.8494185459608111,0.2678204067062708,0.01498521558643717,0.04688071146024202
4265,-2.894304096313725,1.1224564406124515,-0.5401999689567496,-0.6200027664186396,-0.21295169284388463,-0.3447296071552799,0.911319971624573
4266,-0.9827306095865129,-0.16513989434913023,-0.13183275138027128,0.17851008166551846,-0.2553416594758599,0.22878862597436395,0.48929941304805835
4267,-1.522060321503793,0.571627352034312,1.8099505240630411,-0.23135689940055348,-0.9931523342678943,0.06345283943291805,-0.18252746919097346
4268,2.1936118913030795,-1.2394637815449625,0.6124414105991403,1.3234030611293057,0.19957271948156793,-0.13233876087779137,0.4997863317379198
4269,0.030176546157435324,-1.332762331592164,0.09159219633306621,-0.5220616528117794,0.26815549482869205,0.11943215641234528,-0.48955273235424435
4270,1.8736202614354915,0.70556816180582,0.18710123431279962,-1.1442324447415144,0.48061923911054044,0.6931995771464592,0.774535105285551
4271,2.738111504688991,0.5088666776721035,-0.6000727561806145,0.9811621185684968,-1.3345923900038035,0.41229702258505824,0.9014168081875228
4272,-1.5131595457546472,-1.009818778391842,1.461700129474211,0.4896243729623338,0.7569768359651567,-0.3573927314647972,0.9967286055919421
4273,2.7186878659194065,-1.462043953859222,0.12410474335204956,0.7599946514257888,0.6301691912669184,1.0192492376678293,1.1109160310124901
4274,-0.3579387047660379,-0.4289708868624017,-1.080892584531121,-0.012304468814944701,-0.6131615716832918,-0.5628016788387272,0.6009116200008138
4275,3.365119199712204,0.809816520807891,0.10546944914470459,-0.449604894990832,-0.3690834885375732,-0.42406896479700984,0.4608298021972513
4276,0.6314868719164392,-1.6472023419540467,1.1982321786680994,1.1251786351528121,0.07970783994749141,0.16996984227572443,0.6147259647494512
4277,-0.4517230178291692,-0.12660616725608512,0.6435187798932968,-0.6158552636731315,0.5581120010904231,-0.019197183048040124,0.6739653287723515
4278,0.41763325958096287,-1.6588760316563196,0.806128906388759,0.6669070198228509,-0.4955921327536845,0.341007735092734,-0.13592862744448647
4279,-1.8381628668019243,-0.5061549747984445,0.35991216046431196,-1.3118641350359608,0.9202117433716882,0.19145785244023067,0.03445182307557508
4280,-1.04880587628294,1.3648022438635503,-0.3757738276243597,1.5365394407437105,0.2933961535499133,0.5513724171823478,0.1873430755459854
4281,2.278387340667831,0.1913544791744185,-0.3300054307519596,0.38725547850007286,0.21003245096777673,-0.43256473847691224,1.144342899294138
4282,-1.8478906449017052,0.9385977387320461,1.644939265799157,-0.7548537887940707,-0.7032343307347474,-0.5071355204731982,0.9705028650384144
4283,-0.8320118236276037,-0.13530948191419592,-0.75480048606506,0.2800857818542329,1.5805332338918205,0.30012878016544114,-0.3030798680442006
4284,2.194862355221994,0.5051967233754621,-0.6513863747570783,-1.083886581759987,0.9517470851501894,-0.24763300281419828,-0.2292143392570719
4285,0.25334520937134786,0.7471462514167668,0.41107520390401564,1.4192095061652226,-0.5670913649055731,-0.295890019797623,0.14294327564516393
4286,-1.2363439539820147,-0.3050096975301227,1.4737621932718818,-0.08480419211691018,0.23595150272365012,0.5557733126677844,-0.7055761704605675
4287,-1.5500267852307552,1.620696696266821,1.4704455366228224,-1.0277125636317406,-0.5948829928887823,-0.20892549125402274,-0.5781977352971528
4288,-0.3988129976084878,-1.466201113192481,-2.120744804561834,-1.4681967326803476,0.4150355443539391,0.36622708439321905,-0.8144198857770306
4289,2.296823766274904,0.9362529766061095,-0.08431955805252168,0.7127717001299998,-0.05141885934969785,0.26770275349892003,0.310766530716625
4290,-0.08073956460821946,1.0099880581295675,0.7886971496218091,0.7020160467950026,-0.4734695268047465,-0.13430111113333623,-0.6841919402302171
4291,-0.2749888852560339,0.9580718116731588,1.448024931296659,0.0937720446015813,-0.7311192540373198,-0.6966071636004928,-1.1459247103331254
4292,-1.821253239420305,-0.36495751968397894,-0.875494292618092,0.8152588568943205,0.8137082987360934,-0.3562924899537729,-0.26904016970351347
4293,-1.943130829777999,1.2733787823674751,-0.7413709269597187,-0.8836408305420006,0.17894333500084572,1.7649636691566934,0.19029485575888214
4294,2.312797525721615,-0.41612277336841597,-0.4165192300671779,1.1398410481047572,-0.18825546396794507,0.6926099160708383,0.9395968186197878
4295,2.4402426401074706,-0.42374995631135776,-0.3599198252508374,0.778792759693719,-0.9325150000095126,0.10862004796327718,-1.0485876031933918
4296,-0.8119636526551242,-0.9173550251438826,1.621153583337705,-0.6458484484841539,-0.14078388449136217,0.08027640769943013,-0.33790656438705535
4297,-0.530928504273942,0.8227385113434376,-2.084318259115803,-1.5790008231557187,0.14687700763340486,-0.618996505643048,0.7315768838116448
4298,-0.6152741083879572,1.6209829294369809,0.1783964003972905,-0.9427739697927159,-0.2900469407919179,0.5250232880034803,-0.3107715564953302
4299,-1.5480963281505233,1.1144303374592277,-1.0622059565317175,-0.8159494493942313,-0.6409096979531136,-0.931573792066444,0.364143844396436
4300,2.7898623004084713,-0.9331409903121997,0.7533889805484706,-1.0484401064253472,-0.6064293445891563,-0.13440596416415043,0.8222549705011052
4301,-0.11029722897920702,-0.6440158904603299,-1.953860712481751,1.2119580345350898,0.590151346552393,-0.9250697248606187,0.5316368607060895
4302,0.023319048076773666,1.5739911793837582,-0.3551282275884112,0.4703282434130823,0.4727668579498366,-0.6935799450630434,0.6615519155603932
4303,2.558281558209465,-0.49271431637110424,-0.9938910493935216,0.43792204416653846,-0.8736313022146074,-0.17474569567385684,0.4570246952456896
4304,0.1375374115047036,-0.611160019358731,0.7683087202081091,0.5996311858982797,0.12199822357888278,-0.06530333713809308,0.009067015633604176
4305,0.31548906872902577,0.7670768106422907,-1.5629531257057063,0.9617953084467207,-0.36139822816539496,0.8707973121323362,0.28652624690286194
4306,-1.32492715207417,-0.3110385386547596,-1.2825649010860734,0.4968711590407132,-0.023499167161697494,0.1664347632582006,0.5781195686182673
4307,-2.190760213480104,0.06093173692872677,-0.6283561432382951,1.683541072606334,0.372453266833343,-1.1093193718390202,0.016027857897958814
4308,2.9763287475779125,-1.7678117544482317,0.8619463872393571,0.3268877904196921,-0.8326585243144602,0.2953176214260881,1.0625845527488258
4309,-1.5386180569211139,-1.6734723496500425,1.1244675219701845,-0.9868044626906393,-0.6799485341552501,1.456753612058301,-0.9935341167905749
4310,2.032531028881025,0.7115799440724098,0.27285736360138524,-0.12521543898704923,0.4971756228596021,0.7091938229719048,0.28265838767801577
4311,1.6099989488791118,-1.2299075417163396,-0.8919189544334235,-1.7492336278769887,0.7823091396039289,-0.3236504592232259,-0.19691896033717918
4312,1.9982188711091236,0.6692256188811014,-0.08261807904678366,-0.528828565400589,-1.4928891378379512,0.07082233163991583,1.310915328725148
4313,-1.5474159554840945,1.4633250212240094,-0.7321246323007382,-1.1203972473062032,-0.030483227389568508,-0.21668913114456434,0.14506759417108747
4314,3.689613157916324,0.46987966859087466,0.4871055505277266,0.6582017966740713,-0.5754633384963053,-0.6219820568210908,0.23514116407220242
4315,-1.2915496636608192,-1.388147640360268,1.2309025648532275,0.4055912094255541,0.9841424082288748,0.40773355096920927,-0.4481188121040103
4316,0.19389900061871923,-0.013987476618025265,-1.2334577641707398,-0.3812022013876674,1.2358926328718491,-0.026649244918511866,-0.2181251511773359
4317,1.7649104193734422,1.536475687696337,0.33225933718864015,-0.4316193410738283,-1.104373648687352,-0.16847080421660635,0.26100386147093324
4318,0.8060416749766426,-1.441034661544041,0.7822810763361621,1.3298296050812517,0.8635517235154978,-0.042193128181618085,0.03563380944798981
4319,0.07818450857468899,-1.2212171526373845,0.11028264652271154,0.927233627174763,-1.1288061640224591,-1.5192322412087609,-0.2948098376316569
4320,2.8274752791380426,-1.3646155624519436,0.24633894524902358,0.7297122551275778,-0.18562939084654234,-0.5117723826870105,-0.496594531882646
4321,-0.935325305312827,0.7889237176046145,-0.40921057592084953,0.17957392296641705,-0.5156984331243664,-1.3379797861065754,-0.12441233677231658
4322,-0.9935315660692096,-1.7591091775489114,1.3471372760679436,1.1517674457267375,0.3769932611439393,0.3515770270524374,0.8172501258196815
4323,-2.4828823921991963,0.8293913194110166,-0.39613642771714475,-0.19167450441981662,0.5302473747705962,-0.09990428035871038,0.034189794299605815
4324,2.5607847687230163,1.3075883609276961,1.1030969080301907,-0.7989540365336983,-0.4606035327691003,-0.7459176483081357,-0.5460951326274991
4325,-0.4899128328293143,1.3939790162239376,0.9084967150508343,0.6108352206782999,-0.7350242760262351,-0.039883974820238415,-0.1121691939648145
4326,-1.237736679998325,1.0222990919890866,-0.9071312629904339,-1.2345700244315603,0.03930960236993645,0.08699987907456613,-1.2548069025171216
4327,-0.222826642212188,1.416081916632893,-2.773823807102008,0.03807174778641364,-0.22457631136245365,0.9800033935913094,-0.4943004685943299
4328,2.3369699343231063,-1.6488448415783272,0.06958877285581165,0.10524832331613465,0.7872373187022524,0.5044696289233467,0.5408080123320979
4329,0.5651001695903269,-1.0095795553336924,0.10597901764316305,0.6189697832877381,0.1582340553925286,0.725758065609739,0.4087963909447346
4330,1.1276419569227483,-1.1694672406594038,-0.2143109099336575,-0.905348925232346,-1.030581201498766,0.23399811142402996,-0.3476525258737451
4331,-3.060062907300972,1.0886574909283573,1.1963446578321837,-0.8158145908508185,-0.40586924621671994,0.01834729454341986,0.5975391269760836
4332,-0.7964681197041394,0.83770772366483,-1.2148681946322366,-0.6021111835874682,-0.7043423160634397,-0.29333993365198774,0.029659288158204455
4333,-0.7407545458377204,1.39542901555998,-0.892775884846821,-0.4025585129086764,-0.9601133298281757,-1.072515146780081,0.26694006265734754
4334,-0.851460180444391,-0.9857120176854943,-0.015382151240475098,1.4259333848818563,0.43754105975875957,1.239482841585435,0.3564756883092438
4335,-0.7723063263667903,0.25129002475608486,-0.40794097718653644,-1.2858689169475748,0.4823771088436514,1.172663649951994,0.08097161666520486
4336,-0.0550169828926647,-0.7234101835047738,-1.3083549077371046,-0.3236365665280714,-0.40906348212033644,0.19708245892873688,-0.7037244155304184
4337,2.364847822279631,-0.611783854339169,-0.2807948301000544,-0.8744745660274402,-1.191660512414403,-0.08573961591373323,0.9953924640188854
4338,-0.22271337435211006,0.48090965024104365,1.4847169796633586,-0.7893073486196763,1.0439902958794338,-0.8101746610649966,0.47704258463554255
4339,-1.230434326662111,-0.3038304989935307,1.5706736138800372,0.768499284233448,0.47802794410595817,1.0698982901068836,-0.328649145038777
4340,0.14495082432390133,-1.7117004380219247,1.0248335876058132,0.8942906207123269,0.7596698585331144,-0.5564190808672843,-0.5976022584118786
4341,0.8351156728507623,-0.8909469823052087,0.20385723655878954,0.5412762660601541,-0.30800370980608804,-0.6402889840277579,0.24978322864920535
4342,-0.23387100650366607,-0.17720716108238846,-0.5622750776089387,-0.7629420691643928,0.6647871819533341,-0.4796314849512563,-0.01892568366669624
4343,-0.0073277566034813555,-0.22122098456764835,0.1921221017095061,0.8763079226297725,-0.22050277958073206,0.6587013843064145,-0.47849584911757814
4344,-0.20072120153925643,-0.9168208959516646,0.3666991200631137,-0.10683837483486003,0.18332686557481387,0.10392530795218494,-0.43629340465165234
4345,-1.0160658068698782,0.4548330634374501,1.1765023286363963,-1.009813600479852,-0.755006810840537,0.6310050124867147,-0.47081816628694584
4346,1.584136734380789,0.06707272580516595,-0.5716150324856568,-1.7713076476439418,-0.5093283315383308,0.3777457163136631,0.6035934826475364
4347,-1.8591953536630546,-1.516038079917494,0.6973879416218108,0.24372987790353462,0.2564181803619225,1.131285340214907,0.5432563918417098
4348,-0.9132470585774708,-1.4324276404196175,-0.7856117075643719,-0.022434394453528125,0.1717788614718969,0.6098619076561618,-0.18648521270410262
4349,3.1856790186291026,-1.5797985001634527,-0.2789889098065422,-1.316946348342009,-0.5266218759409418,0.18438220806689487,0.5032760083733118
4350,-0.5671780020024157,1.4113821319098157,-2.531583775478007,-0.5367697601104123,-0.735143010464619,0.674587387665955,-0.22027548986578996
4351,-0.5355444096638203,0.3694509652868308,0.18688994791897065,0.7642986905448438,-0.7446725712714908,0.15373704243071787,-0.2352994046099096
4352,-0.9110317949787362,-0.9101888243170677,-0.9005165173390357,0.9398530160523346,0.9192817646616671,-0.7561334872266517,0.24277568993256138
4353,0.2351243286840366,-0.6026631572204962,-0.7928435867013349,-1.5304327648094496,1.028799769969136,-0.09706095667138664,-0.304453867586742
4354,0.4719977372641,-0.8407790470840865,1.0794100574157708,-0.504019061955881,0.10679952642893965,-0.17946646975942523,-0.24100399009061757
4355,2.165808659199367,0.1577272572197499,0.876807186390989,-1.8218859304939787,-0.051376092258618125,0.12508042938300887,-1.0152124159465785
4356,-1.7016946784043596,-1.3204984998000464,-0.45310870537000325,1.3592080078687712,0.21084662513837196,-0.7891764818769127,-0.543366038938081
4357,1.244097567565071,1.0400282648667318,0.6684022205742459,1.245876067998614,-0.10012159609056696,0.46832093029255634,-0.44637734952129593
4358,-0.3601402651262389,1.3254854443491608,-2.3551766905088205,-1.5466248044622044,0.6657003992452449,-0.19971970078459067,-1.1184373704264872
4359,1.4536248334291824,0.284081827217077,0.6046224800501134,0.4450573642012742,0.7653815871617335,-0.11449791590067887,-0.12470112181480184
4360,-1.7526891896929029,-0.31705095413969653,0.42263744036456125,1.1411559252281056,0.3444225967714161,1.1757367204907008,0.12924294364948097
4361,-0.37743334247684107,1.1554046261578212,-2.2574154232634958,0.1070500903616048,0.6963747705224128,0.8079427534502595,-0.035020295872101766
4362,-1.5384568882269352,-1.6408817329884766,-0.061133965646286904,-1.173871333491456,-0.6463978924091953,-0.13867731020392926,-0.9961725153110118
4363,2.6737991444378517,-1.1725241279541658,0.6337311556102676,0.42289998360139325,0.6006449175690404,0.6500359243501941,0.43420543058812666
4364,-1.1807444545083596,0.8702236482663309,1.5972790795025824,-0.6465489630809977,-1.294817975717495,0.2712833568135627,0.4990579409887005
4365,-2.0657074247528553,-0.673483824749559,1.4460077736776307,0.4451227600369019,0.5495591509384915,0.4232782359713835,-0.011060516882935807
4366,-2.220227880890106,1.1804584454682452,1.0401932933156555,-0.39510186286952276,0.42195668780630063,1.0880250987143065,0.8668821212392048
4367,-0.010784258774336053,0.35155935712139513,0.46370694768619736,0.6154214529623382,0.9918994773933167,0.058017548631713114,-0.024114052899571282
4368,1.4061995485691234,-1.7187273334221773,-0.5923804154681889,0.9245295897569722,0.5832259992762816,-0.05042163967975885,0.09321464812260176
4369,-1.4597620008776135,0.9814140301048083,-0.9293706482341443,-0.2607358944421239,-0.5932977773458256,0.7050102426878958,-0.9382372334324706
4370,1.0132168709146891,-0.563300132320208,0.9874963615157961,1.3440579975259737,0.5550464308363098,0.9947467760246027,0.27794488862018946
4371,2.82383925747405,-1.5678616072979583,0.17589646923351412,-0.5500610282969479,-0.046017311093289874,-0.465969389786352,1.0570438376565507
4372,1.6188303615597623,0.04038147582080759,0.7627449717458806,0.1757706746435851,-0.16819244456350285,0.11543904359407615,-0.590157670734271
4373,2.3085269608688472,1.6879861863319496,-0.25417722389503405,1.2074316116454837,1.1133961476736858,-0.34506495437781715,-0.5964859915730827
4374,0.0662846464087666,-0.021747422735038983,-1.3160699994822043,0.1484380583751122,-0.1157415041656373,-0.5855392872838827,-0.10478410514050057
4375,-2.049539588389431,-1.7236219508720982,0.6402835757693817,-1.1662673946715387,0.7874369091977559,0.15656632845807267,1.0322569494816232
4376,1.7450293899347673,-0.6959975114961607,1.0787387125276808,0.9821260421655015,0.28136498828699463,-0.6497473047751385,-0.057583792261917385
4377,0.020660304013612473,-0.9177513653086458,1.4260806722815678,-1.1635486025995538,1.2653053012622053,0.031812304777198624,0.034312073021453525
4378,-1.3657317648565075,-0.16627565560980598,-0.5646113593545936,0.17051371213750105,-1.745859762308105,0.10512177882255686,-0.8277876203157135
4379,-1.3483402633430996,-0.5739152962295805,-0.006258570981268367,-1.2471618002616935,-0.30745211289433866,-0.30080370608525847,0.19396887775598678
4380,-0.7893791184132539,-1.631986380317403,-1.4821762537367014,0.6520907535286566,0.8536858582123236,-1.0343618519856428,0.5563356557795072
4381,-2.357956992131873,0.844616056229004,1.0512237782076923,0.268098888144241,0.800013543244093,-1.066729414473891,0.2044442365411651
4382,-0.7264208526595752,-1.099200353633431,-0.41308087309204333,-1.0297150569508169,-0.6071060412717998,-0.3682103387854198,-0.1517807721692881
4383,-1.197885545736681,-1.3970333484155228,0.953441678085064,0.9227667221710641,0.907880883186681,-1.2456080416356048,0.8044280314368344
4384,-3.0228679754719567,0.8101667556201737,-0.5767331546488611,0.19486864953331726,-0.2490154378060915,0.22169440984145902,1.5182901148720103
4385,-1.8469658922677408,-0.5025795690868236,0.3711241908093734,-0.08214758975336532,0.5025045558685158,-0.2610652025212403,1.0387934452493894
4386,2.8382837064158646,-0.6009818697158043,0.8775569366622599,0.8892424855256713,0.21440780549757663,0.1342892660613777,-0.008646739485330134
4387,0.4011721372193247,-1.4437664793722633,-0.5130024841136522,-0.15281234556850518,-0.24373221118401803,0.3171402025999112,0.5791861625722874
4388,-0.9417539191006976,-1.6034802688397916,1.0489000702194327,0.5454358164132094,1.55307704789734,-0.20455639167642897,-0.985859513168875
4389,-2.071222250507359,-1.230120053871128,-0.6590844703130334,-1.3765000761832304,-1.1700766576832315,-0.7613772190194231,-0.6698164747310087
4390,-0.3470950526479589,-0.6151613158347955,-1.4291984509924633,0.8594328638741235,0.02523019224837388,0.5650422517800465,0.6118388890838996
4391,-2.192465449987438,-1.1908027074028726,-1.0464487380517753,-0.022787613506417302,-0.5837359838896892,0.48948619617403466,-0.31580071289383593
4392,0.30643990713607683,0.524137380621152,-0.8423322433851868,0.7856125214076122,0.589823354280183,-0.3223919514844369,0.1218359364805656
4393,2.477670151733594,-0.8901657631544035,0.06068123570199508,0.3507131933485194,0.08225563919821065,-0.8572764586618943,-0.12209140228897893
4394,-1.6405105437371652,-0.8264561853007621,0.7229840490157105,-0.8911161270569594,1.2427149907692723,-0.4957515646157623,-0.024299501656961337
4395,-0.05445369535241508,-1.6435786939045507,-0.9259738032620713,-0.1912798836479665,-0.009357291441051099,-0.09257848526077836,0.27468884075397065
4396,-1.4577394015878573,1.5748749157189394,0.48939339044889735,-0.12586751592274167,1.031442622550257,0.20890091348870088,0.5604235579082505
4397,-1.152724264878438,1.2266999975625537,-0.7068716525196183,-0.3868430828254552,-0.27574669509397254,0.7482010975687663,-0.2852856783073782
4398,-0.3616742618235651,0.7351167620806622,-2.7327739254924843,0.3998345513903014,0.6684987987058407,0.6866573427287206,0.23876448238239206
4399,-2.5494777593894815,0.8672442295671625,1.9102134913328164,-0.23298014163419933,0.2582158358729,-0.3242384985553868,0.7551241034109937
4400,-1.6443442861705666,1.4120477115203356,2.0362180577724525,-0.4607596383316657,-1.5186718803420636,-0.4179429954101427,0.1877289165667738
4401,2.9214089351487424,0.5501814308307146,-0.07541265457388045,-1.2340258712207182,-0.5044318342768821,0.4546315251712063,0.2921303331579812
4402,-0.5429784744731144,0.5586438891270045,-1.0012958145671476,1.3128178784421378,-0.5589855555220817,0.6155378979928718,-0.30906824614379425
4403,1.7931116306596186,-1.2716085912673107,0.34970656963844765,-1.4397680845659226,0.35352652934419687,-0.1410860737962305,0.4137986800201866
4404,-0.7858792053844837,0.6785550057568464,-2.571973395000059,1.0366625482903171,0.31546705167336075,1.005908487397235,-0.34879609917423204
4405,-1.331834506812745,-0.8479741522901666,0.10743946463484524,-1.037450890080534,-0.6013399475773528,-0.19451781632915477,-0.29573116742289535
4406,2.1934217195761065,-1.0701658397379763,-0.9288836473935571,1.3359834480059927,-1.1388193762643612,0.466366737983392,-1.0825311995178393
4407,0.9614157140626888,0.7170624395176727,-0.4919676671700202,-1.4425241568418024,-0.07230959462802028,1.0747642906538006,-0.37900241873508334
4408,-0.5557561598316928,-0.691907680726269,-0.1456123159024832,0.5828707707424146,-1.2870699731036552,-0.5002087037430892,-1.1615443673515014
4409,-0.7120759543721464,0.3486483557829627,-1.910355969501284,1.1800392084523432,-0.06638781646248373,0.822330205316699,-0.5957312814635852
4410,-1.3323488604224036,-0.5624271024042921,0.8343411997931377,-0.13164946551931087,-0.2988126063181751,-0.567062949482257,0.8769885587962268
4411,-0.5538797277626142,-0.9312280156016396,-0.5055796727495663,0.34335104741024025,1.3145530682175819,-0.2938369039193832,-0.5580537850158099
4412,-1.4509785917639861,-0.6494105555881684,-0.6249896348670989,-0.5310448796946718,0.6857601480877759,1.3048875585587068,0.3036503736708582
4413,0.24109916340571474,1.2366454827225464,-1.664093821704064,1.0663969187181408,-0.8610991785575016,0.8665584672051495,-0.0681834359959503
4414,-0.2504121438930512,-0.5649415982577831,-2.034695314442876,-1.6545738135532524,-0.5374533480406131,1.3555523370458709,0.41933261869731353
4415,2.1336555722077364,1.2202900453367203,1.1166913451923044,1.0823855414278947,-0.8628927073370121,0.38623271137106197,0.016343996226240224
4416,2.098464396180182,0.9738387005444873,0.5044054891491484,-1.7217021666550127,0.5180153458024112,-0.6999446528408608,-0.15680422559292548
4417,-1.470781670844325,-0.6534718197853201,1.155700335756219,-0.5430574025491759,1.1671290284188585,-0.07417102218042976,0.8228264596121407
4418,-0.5753503852450608,1.4133031576770465,-1.2555170510746334,0.6718631952257362,-0.721655380365788,0.2997516321395792,-1.4050676559054767
4419,0.15741589400825737,0.7521686709455926,-1.9022008856523147,-1.7610869914287868,0.32014001779974677,0.0010336373021058785,-0.4089592953020106
4420,2.364132503747097,1.228322438157515,0.20631432849562661,1.4581834495385815,0.7831566272525463,-0.7165012070604039,-0.17825841042110388
4421,-0.8238939028960693,1.0203303668325467,-2.55366625966186,0.8894247494145722,0.1532240246620302,0.21666565493184528,0.8446590949248242
4422,1.7386066797141166,-0.6620467833485393,0.825390308322684,-1.6175327937413093,0.5665814786968691,0.6673238195435027,0.26662447194070926
4423,-1.3423945786088738,-1.0655158624705556,0.21012431832688447,0.9255540909894823,0.39468658908355175,0.8039874915103445,4.8068075970618537e-4
4424,-1.1380465418058416,-0.788348483360324,-0.23454594593234396,-0.10518708867467459,0.9811104889384613,0.9255584400328195,-0.0923050802140181
4425,1.7156431772238552,0.42706098721932395,-0.7191840202793544,-1.329219076050599,0.5027239471201149,-0.24493297104063363,0.40743388686844073
4426,-2.0351260388694725,1.4164147362413273,-0.022642807820332903,-1.386479685369358,-1.711674622529863,-0.6885685554579514,-0.2955301352077763
4427,0.5920664898840137,0.7359778061735656,0.49120375796895216,0.5863426331778184,-0.671566173362065,-0.7870417542111088,-0.699211909536045
4428,-0.20530064390688865,-0.4114092198077118,-2.7445992706666735,0.7835124703368399,0.0036594344163195115,-1.0070534646900506,-0.6565691337939326
4429,2.2866122296291707,-0.1946387499657506,-0.7311966397662968,0.41413722010130377,-0.9063259161069072,-1.2425761062965783,-0.5998472193044294
4430,2.7678994291750794,-0.35265431210539644,0.8861349246919926,0.7343339544185469,-0.6133992669241021,0.05042226306758895,-0.3325961357812628
4431,-1.920992091566412,0.8557380494446735,-0.7655536630185125,-1.364096123682991,0.8031896479940565,-1.134100509076982,0.0038334175028149693
4432,2.8782827992268016,-0.43530454048822137,0.08476470077398696,1.2922940680912287,-0.060936173582800894,0.8620177338036201,0.8337912317072396
4433,2.4058501222514517,0.6505309233334986,-0.06713388002138998,1.0785245520644207,0.15616184389168106,0.6035602525807627,1.2463141479540256
4434,-0.8861832621921404,1.55767251834366,1.258135733688232,0.7602985205163049,-0.6908501960809653,-1.3557617209276072,-0.08119799710248679
4435,3.131867926510263,1.3531686896010666,-0.5353462147033756,-0.438796227326776,0.2530466080561706,0.1412863087585341,-0.12862116307021387
4436,-0.12266826089677224,-1.3565689974660062,-1.0624740110680033,0.6746295279093723,0.5400762738002982,0.9630878400345836,-0.14229142920230536
4437,2.4424127528575155,-0.278105714791506,-0.04410269799736616,0.7254746188045713,-0.5298800775314124,1.035531234241288,-0.3360774412051667
4438,0.6463132844970114,-1.342877333879616,0.5483684986878917,-1.1484523895459882,0.5280630301104328,-0.03592353921796455,-1.174879536222855
4439,0.9237115782954286,1.155194303659377,0.10142073699727593,-0.27113762982197376,-0.2726014376885505,-0.12479233360531114,-0.3300488242251098
4440,2.9454451115557965,0.43460180584393104,0.3217865410149043,0.6065179156466464,-0.41747641939751623,0.4498502795607018,0.03434634153050014
4441,0.08758432484697422,-0.8521953880711037,-2.204329369308723,0.20377852936226593,-0.7138271989135596,0.6126098347616519,0.05008996526364379
4442,-2.4225995871388513,-0.4875288396057469,-1.0504635545796521,-1.198453934342081,0.06975549139477488,0.829980121188594,0.6537872567850016
4443,-1.9403941688437567,1.5574213689215115,-0.2012080234220503,-1.2801149446361924,0.16953123053884,-1.1712074287056997,-0.7056504003919809
4444,-2.2356374398760606,0.4980260329449834,-0.39422974554553736,-0.844046762114452,-2.0775026027010357,-0.06608586765062813,-0.13311309814404224
4445,-0.14977496687341468,-1.274807517331535,-2.5908065839780217,-0.7607332005900189,0.9466161155251793,0.8707890421537715,0.46027728858475525
4446,-0.9134186232171623,-0.7238842056590042,-0.5894269360674024,-0.21361290751445616,-0.7901994864044636,-0.00999199050158123,0.22194469341605355
4447,-0.3073039271483001,-1.0244823057394254,-1.4726209573659665,-0.6338113220837888,-0.294713766565801,0.178419253255806,0.3855081228677003
4448,2.3450555809455462,0.65181997667455,0.5802968452125798,1.4599330284277972,-1.510383073285863,-0.1417526572610024,0.058702376795661974
4449,-1.9861572304889652,0.1809889242904965,0.5693261194301796,-0.581741319023425,0.7671701245871773,1.4000136438497135,0.15847711688042723
4450,-1.0420678479486585,1.2765389237332843,1.5445805258610326,-1.3030072885455624,1.1421872514511198,-0.3123876659799895,0.03648073743184753
4451,-1.1911975244422104,-1.5276136038050636,0.5118218924201027,0.9687913258467005,-0.7627373032113333,1.4434389874988558,-0.9507098571065853
4452,-1.0546574922920915,1.5864355803634849,-0.8727731648335167,-1.3198001114275004,-0.6788970588117874,0.08496618522356159,0.20034321327899407
4453,1.4558135149169487,0.6366326710055198,-0.6068339714440197,-1.0730225008345744,0.049107480515201585,1.31801945258041,-0.2598981920625202
4454,-0.4236298390903757,0.690821821618144,0.36241974727555626,1.073953065208787,0.5423401735503569,-0.758279754534462,-0.27513346898304747
4455,-1.2306616278812816,-0.7109451905312975,-0.23152686424460717,0.7350734889496187,-0.3965431420444056,-0.6831494908908795,-0.26070041200754157
4456,-1.3096106292417717,1.2856199627699936,1.3572146060817243,-0.578456719467255,-0.27542801302587677,0.782050099258862,0.009080253402479201
4457,2.0860177754076576,1.7208564533226587,0.14962086004947694,-0.5858758709297301,0.43957244585067146,0.9403504370590404,0.17206402187031622
4458,-0.5529134989782476,-1.6710913206141027,0.22305037485604903,-0.6979430451448936,1.19137939411902,-0.14442146466724942,0.2195109573879794
4459,-0.9152161949684547,-1.0170151225883197,0.534080691078847,0.4583828962547678,0.3133748770830996,1.3091887099258133,0.02074797437974956
4460,2.11983290229358,-0.4894696946413135,0.03457169413563545,-0.9433987082888148,-0.47580595250037583,-0.5464137717484011,-1.1824506036363407
4461,0.6683113163773263,1.5033338811602104,-0.3453433946527777,0.7228738318922704,-0.5427154908966447,1.1273379134531505,0.18482095221179018
4462,2.9367998281861802,-1.1853423554841953,0.8293949045489845,0.5761418226970949,-0.21702221177101708,0.7008954064275117,-0.14928872525397913
4463,-0.43571541727754987,-0.32529442796319563,-1.9379935259370082,-0.711990431233426,0.8530304315824367,0.5311073054517036,-0.6292560240084387
4464,2.3236825645699537,-0.26090287106110077,-0.29315313574863866,-0.6677794515387888,-0.6149277371651938,0.5222643088095138,-1.0948387105422814
4465,-0.4179533027076582,0.08857947506038283,-2.8921399485436416,-0.482925312400293,-0.5413077751857581,0.7125873802604646,0.3079852113742401
4466,2.621074677995467,-0.24160670984137392,1.041397534352006,-0.48040605727575303,0.1028883031638999,-0.7377785509553817,-0.6340777059718838
4467,-2.8134205798244154,-0.25774053941361597,0.14387922919885487,-0.7499149255867612,-0.26869184442037,0.5533120374694371,1.3323145225383315
4468,2.3278741463722086,-1.3393495643311082,-0.876653823492569,-1.0604518076433256,0.8914209254414146,0.07479336727064115,0.3984445972507078
4469,-1.195294535932833,1.701373911741027,-0.8467735741922573,-0.5686539962606796,1.0220988586503692,0.6240811334758156,0.328547867524915
4470,-2.2377365688233235,0.13398217153002362,-1.1370581935021074,-1.207620741686501,1.0831031829179463,-0.2613078704733196,0.6007971784038734
4471,-1.0403881735091312,-1.0241828444592451,-0.5810985120093396,-1.3911143029712099,0.9540790381444816,0.41194627723012894,-0.23031917451436762
4472,-2.356705622572034,0.34037815753625067,1.755919961604966,0.11725279856226602,0.29208348904189607,0.26940317645542033,1.1660075335992106
4473,-1.1199892383015615,-1.6554764966797697,0.7720472167976266,0.9817352016540715,-1.226416927975885,-0.5049983030807575,-0.11106618426437423
4474,3.328947100036373,-0.5963770382745032,0.804320820372303,0.5471155057844741,1.0751701381500822,-0.1064803387707473,0.6988370523198852
4475,-2.0757626326649765,1.3760410378411359,1.1347769398698697,0.8913362512855824,0.46323251445804176,-0.21885195593404003,0.019424468119191858
4476,1.2408377671898188,1.5738244926061051,0.9636580886069132,1.0391912623060464,0.3447479060594472,-0.48330215659133136,-0.35254072735655384
4477,2.1429646917104943,-0.6518808817028994,-0.11545103211316281,-0.20344921996605808,0.8605724047626796,-0.4550665639917411,-0.3108946199250392
4478,-1.977079363233325,0.3536070756643463,-0.7629981551110782,1.0796719303638056,-2.190140354299528,-0.4138199932212945,-0.4580785150626169
4479,2.1367094414843755,0.17345832492771085,-0.10753278542087794,-1.4715351582547127,0.24416741824403054,-0.8045626744407509,0.37082829389291355
4480,3.2489102928834783,-0.5764962131175294,-0.3484692191441881,1.1489495205197744,0.32936745986338256,0.8876079312800778,0.4330869855388556
4481,0.5000617287934452,0.5364192933442468,-0.22692901379833058,1.1156961135644243,0.7998378299834744,-0.8848136538636298,0.2740577412107988
4482,-1.0214182966707452,-1.3714095915740865,0.10250284816110874,-0.7753604461309836,0.48071498304160953,0.8162279379026912,0.3104959057965543
4483,-0.24846388534350491,1.2213996271843248,0.7555663772867618,0.7133584881663966,-1.5305188682042596,0.10667369723615683,0.01956066358306751
4484,-1.5272540340667624,0.6706182010116026,0.30275194925513976,-0.8372403776119326,-0.5189966018687445,0.15399117502538925,-0.07146209275210087
4485,2.4318193013054903,-1.3445430043672841,-1.047477271167466,0.6335764035161333,-0.7945208327733537,-1.17877981248332,-0.15706728073331613
4486,0.9550112351793719,-1.117536538684067,-0.6559404447162033,-0.8380183174478282,-0.8986828128638042,-0.05395348440354432,0.3527553268152311
4487,-0.052914484956892625,0.16593606818372497,0.29836415391136756,-0.6952056687419872,1.3752299766273521,-0.37094456072464943,-0.015120610577197458
4488,-0.6163970313764391,1.352804105206175,0.7231070200703986,1.553100596356816,1.0477935607472013,0.42244866821925525,-0.28479256748114434
4489,-1.185937604565457,0.0633941418745347,-0.42085039476616326,-0.8106508241237513,1.1845761388258733,0.3783814431864999,-0.47064092143621866
4490,-0.8252340065067854,-0.1820328053115275,-2.547619867935154,0.3024905605739887,-0.39034656356588915,-0.5317429414415904,0.5438638653268675
4491,2.8839435855795044,-1.6780474480063206,0.7653778044084971,0.7240072394455486,-0.6722996273079257,0.947624852581591,0.15400840700567342
4492,2.446590177705999,-1.4860851806441728,-1.15383727478636,-0.34502802951121503,0.5926591316580608,-0.2556542341191293,-1.3579817273333912
4493,-1.6257248469603813,0.13325576608682618,1.5015385685226441,-0.5748725482943366,-0.5570233038606014,-0.544952280585112,-0.5489948549659939
4494,-0.8613068458380682,0.5919509932160236,1.7687653359780655,1.2991999108217105,-1.5113177307251995,0.015490219371194748,-0.2953990495255106
4495,-0.4344492572820314,-1.5054965077011009,-0.8827861171879643,-0.19773551786523422,-0.7552451933085568,0.06858529151504691,-1.1715382357367188
4496,-0.11409635061340466,0.580937368338588,-1.0946690710425513,1.305020269171505,0.16331599389772083,-0.45669218601718997,0.41261107793663615
4497,-0.6643860085344393,-0.05223211606137285,0.6471019719970019,-0.45334857363318326,-1.042160163312824,-0.25296423078998886,0.1906778008855226
4498,-0.41005792255806006,0.37082858071852565,0.6790001955975583,0.1881781258769312,-0.7110465644419216,-0.052892435983965716,-0.33241508783891255
4499,2.4668644723545325,0.8621741968312827,-0.21493548469952375,-0.6167252811247135,-0.9519708429409817,0.8404220586858256,0.8551049746185877
4500,3.0351645932607534,-0.826408018441858,-0.635018812153131,-0.012733540831668673,-0.680019624646592,-0.8899554804418639,0.8511264815590325
4501,-1.4715815368777756,0.7626493906936699,-0.7297441278883687,0.5569520477252462,-0.23439552946998155,-0.1696552078930575,0.17282143321692037
4502,0.04201572558983253,-0.09520774689772021,0.3376426271803003,0.6948075777697308,-0.77560266949866985,-1.3341986106293897,0.17230788516184198
4503,0.1721472006096871,-1.2593829293496706,-1.3404430970280472,-0.2806992325760104,0.158638036472275,0.24857743251444,-0.6589114503129859
4504,-1.7129520668919684,-0.43488644678950705,-0.7043516824546144,-0.2834158326207082,0.45318574906335934,-1.3468809117095142,0.5178511246706319
4505,-0.5374779323845749,-1.1422983523548385,-0.3394291351208907,-0.5445168044763767,-0.2629287811949353,0.36020541504891646,-1.0249766081995868
4506,-1.4732617230621774,1.0679237732965539,1.3264031418972195,-1.3408843060666111,-1.2833830628444354,-1.2706889939745132,0.08112738015004813
4507,0.3089039768178151,0.2950989671963193,0.44564686030340417,-0.890754599466777,0.5013536672823877,-0.285947817625734,-0.7010634526375995
4508,-1.798048053205124,-0.3241078497103009,-1.0723189194444902,-1.1230239316236943,1.2022851868601778,-0.9243935321542788,0.3985284475992421
4509,-0.12153349555426343,0.7441135738237433,1.5277991254013834,0.8052593679482032,0.4562795968044087,0.4571148658574662,-0.4410436251757793
4510,1.8751349200831493,-1.0608524983753078,0.021380408464699584,-1.8586167287835942,-0.7384028505606385,0.7502085223485777,-0.3109137021537364
4511,2.585398996390817,1.54727758256999,0.7137916050694424,0.8671181135941065,0.7284145573554522,-0.236893719781203,-0.7585414833784699
4512,3.193898890723343,0.20597305409630326,-0.7416033796317661,-0.1768212369587354,-0.5274781682190038,-0.37915645520715924,0.785572227053352
4513,2.102835659500183,0.2951564620957761,0.9657402452802829,0.3796084738896786,0.20119269206680418,-0.22096275170323332,1.465723346174549
4514,0.3123762775668698,-0.8063824425449286,0.8873148942569815,-0.2438686548573343,1.2730667464261531,-0.2631245196258277,0.06363858223366949
4515,-0.6418697251673312,-0.4309440745182838,-0.26650260665225717,0.6326500719646495,-1.3913611256833875,0.8300792095674223,0.14731537587557184
4516,0.40410098419451834,1.0556538326648273,0.021537411078393798,1.4202975417492687,0.09781050668670832,-0.5838371310443726,0.44825587358813773
4517,1.468042944170566,-1.5264347546318027,-0.47033077473066626,-0.27584186095009383,-0.28286584776642787,-0.35321597253916415,-0.7463266792649809
4518,-0.25263811898502786,-1.6875057379979772,0.7402804133076544,1.0487587481359388,0.01626108680994788,0.12992034358260138,-0.0012652981841672843
4519,1.7326583523117032,-0.9469543637004877,0.7658900667285701,-0.399908626546334,0.8609364355303425,-0.47815128079280783,0.34651194657338596
4520,-2.0432678336671533,-1.186277434048987,-0.557521526855181,0.7147831033881535,-0.12048121456947167,0.6565885563832913,0.9518248754425584
4521,-0.5333743061598207,0.8498166017772567,0.44243764959970516,-1.094261333003334,-0.9787128924905476,-0.990729034274625,-0.06864021084831322
4522,-1.5989116331362923,1.6763827944472334,-0.7828514458669346,1.0442942147029268,0.20706082122347544,0.4116692484604054,-0.33961016402729155
4523,-1.3747736169375306,-0.5899678538391346,-1.1484915754775171,0.39457078349115665,1.0253302351258466,-0.4339542876192437,-0.9576140630509598
4524,-1.6244103669204992,0.6255118629221057,1.549371029697436,0.7894485536657663,1.008455229251995,-1.2932615412478865,0.28441837238303336
4525,-2.2636942044721042,1.1810961879498278,0.09486169769337137,0.15367576123704224,0.1770790115953456,0.8224820141851369,0.11675163446727667
4526,-1.8998104742461626,0.3958468322476059,-1.0024976634790344,0.07655338327750714,-0.2690847104967057,0.9470126261021105,-0.3019117614414107
4527,1.1584504950207224,-0.428748524376039,-0.5003104203021981,-1.5103710671927753,0.1262667747867434,0.5685757672529571,-0.7208988278330352
4528,-1.4061738607822534,-0.9892590185987994,-0.8705744654634989,0.9117821563309214,-0.14014825321594504,1.4912979281543737,0.07213577602140404
4529,1.105594273561629,1.297402638865117,0.6158025328334339,-0.7573355485110196,0.6549389718577293,0.26320686028400486,-0.7444172630250734
4530,1.7748523624544286,-1.660627228176913,0.11313988891053255,0.5178414391395622,-1.1556594550625077,0.16639357415144396,-0.7411836887810466
4531,-0.6749630392036979,0.5394433880774088,-1.8494393024084843,-1.1533482871276108,0.11689578611641242,-0.021928249686828234,-0.3302068818354051
4532,-1.8126670481575904,-1.0740249463764175,-0.0214547371925012,0.22883619560282814,-0.0193407401434172,0.2837283198097131,0.8331138192129443
4533,-1.195841618643304,0.27215261965688814,1.6969767838143792,0.9277865029876996,-0.3903794421884928,0.41774007704146926,0.6261821279641012
4534,-2.1307402002198694,-1.635260879675246,-1.218710150085515,0.6020555955789059,-0.06318435835114619,0.3712596293681084,0.2559249068343023
4535,0.14258461119914995,1.4565392166656996,0.898407515449845,-0.05542902998007838,0.025923634687086246,0.17882006938344336,0.10390201957267936
4536,1.3861491201135758,0.7469589885008343,0.3413194786549516,-0.8080472114992134,-1.3650812435309392,-0.4104068389946901,-0.06517672819997228
4537,1.3951945904772745,0.2717595060985654,-0.5620498520600749,1.7983751385438238,0.1343756384982182,0.03398975576622989,-0.015035278215630606
4538,-0.16184762541762474,-0.5959550372118607,-1.9483142073540942,-0.4475151808369933,-0.10490061568319903,1.225851881936746,0.10376028167614942
4539,-1.4158225325574514,-0.8911592356812782,-0.1910158533768318,-1.0372973237918164,-0.901571872409224,-1.8062235237968098,-0.8254798178787174
4540,1.5546626647152229,0.9421277469790119,-0.03001387913060469,-0.9397919053367049,1.0125426501883745,0.28324330951233195,-0.32648106103788554
4541,-1.5655154709509818,1.4023331148998224,0.20493883901625054,1.0413778552457715,0.18511953086956615,-0.3315847134278959,0.3570841887767193
4542,2.4915752646128424,-0.891137375020645,-0.8802937895107207,-0.5397770868767136,-0.4252925603138138,0.20290664127066307,-0.9698871377726522
4543,-2.0921987321582773,-0.8182080860874363,0.2498105543398015,-1.3341530450013672,-0.9797515132198114,-0.6826014087116101,-0.5138813673472544
4544,1.5065271651120993,1.4418051741150992,1.2412959668255281,-0.7111871123923247,0.12398490971689294,0.29249319741307034,-0.5770655271813115
4545,-0.8642266502117134,0.1686740077783942,0.3570030323975531,1.201841743549537,-1.5044274376148257,0.16139159552983892,0.05683461006102906
4546,-0.824644503430902,1.4561223234140273,-0.38211364175267587,-0.9670948297124783,-1.06436421559393,-0.829344084180924,-0.031183591804332486
4547,2.0517666081146606,-1.034176351751841,-1.0047031789258947,1.333415748035789,-0.1986697471722122,0.892376231642175,-0.9837103626630445
4548,-2.3834118658191574,-0.1659663098493371,-0.8197631193605888,-1.0650343273684528,0.9278041227077216,-1.005178465288328,0.2742434549289726
4549,1.96080531443513,0.09528957910458785,0.5508964699258101,-0.8423930211182058,0.3444984788930849,1.3402233607348355,0.9183637256283671
4550,2.726536836533818,-1.4106255055376034,0.42070583672447043,-1.0361558188557296,0.6492902317001931,0.32647440564947594,-0.422257441806925
4551,0.592604868136792,0.8003799653110726,-2.35378146525954,1.0588543759986064,0.5617213873383975,0.5820784190555826,-0.07877564105663995
4552,-0.976504993906816,0.6835875741517596,-1.1279386551721329,-0.630256687505625,0.4991494547028476,-0.2498631167988432,-1.1985163458625103
4553,-2.025753349648334,1.2715264487350366,-1.0557379606845054,1.211757311502396,-1.0820073756157065,0.33811677979687477,1.0251436898270365
4554,-0.9628430512267413,0.9997667767174973,1.2560594563069212,0.40793087818399437,-0.4956403818721292,-0.03025309221505537,-0.34564983939302585
4555,-0.35323739255869124,0.2049386128565786,-1.3657623142085848,1.064013818549823,0.7784721731224606,0.11842413815540465,0.1556100274716369
4556,-2.230221993503088,0.6661993359659952,-0.9073297574563906,-0.2514059648117519,0.9335097688549763,-0.20863910994694254,-0.36336933517303616
4557,-1.0272892560745652,0.7261936653737133,-0.4711324116881098,-0.7709598626095292,-1.5868629168504529,1.1347277899711765,0.24737740929280244
4558,-1.6004226880846766,0.15251619677749767,0.5213262146769453,0.11515471075915132,-1.8227203738323274,-0.380113678512568,-0.6316097988233209
4559,-1.1167490590003877,1.2813032968426883,1.4315000374815254,0.05030448354198864,0.8563811803607179,-0.7110523859498584,0.31816257770427353
4560,1.2321281760445875,0.03220617654780474,0.6210915405733135,-0.931499249851078,-0.18097317524166623,0.41799936815819266,1.2763948187822878
4561,-1.2470975925276102,-1.0059190668034896,-0.6272301596838182,-0.6421940109801282,0.7858821297403759,0.9248345656481908,0.25067288746831123
4562,-0.8014205254961654,0.5416744952219935,-1.3000484588398449,0.43492623911245387,-0.46691078052187684,0.08489162683460513,0.615619321181176
4563,3.6548689887853145,1.171174240722951,0.24525872634710613,0.82775456651294,-0.3315400848964776,-0.5710502823845439,0.24866304718865997
4564,2.172278993537253,-1.405215275161895,-0.570777065169477,-0.9350433654330722,-0.16932060428126278,1.1995858836310882,0.9000223158527549
4565,-1.502107152217222,1.5466752254930236,0.7955195944443754,0.7716204052479956,1.0901832642818485,-1.5410587583098476,0.6358968751705695
4566,-0.0919643945336259,-1.1440607216654453,-1.6232001433910885,0.02979125776534854,-0.4040600486417681,-1.00612166876896,-0.5180536119814702
4567,2.095898264336718,0.03803263207715752,0.5319141921191565,-0.8295014597481275,-0.9653187166317482,-0.20538096040370468,1.3139739700458595
4568,-0.6995418513680508,-1.6019662693634045,-0.49964060167897817,1.6153869989816607,-0.26152179042394874,-0.2403876941879047,0.08387719613144187
4569,-0.54024128527599935,-0.9323133672484294,-0.003490231619614676,-0.5825691416410534,-0.48663375159523475,0.03733886552053961,1.0470107492863656
4570,2.8833860389467874,1.0603894824585005,-0.12309708567118005,0.6219910188130237,1.3936699619067772,0.1402201792237691,-0.09990556211648495
4571,-1.9954933582633696,1.2846590398409723,1.1690727309810893,-0.7336555218524676,0.2642869409546022,-1.6025553768040097,-0.13076261669731543
4572,2.9821200562360266,-1.6784182147073756,-0.2335184784872979,0.5490348017779837,1.085909123505287,-0.3621819100560253,0.5869331321973859
4573,-0.7588674309832539,-0.011817985458469195,0.9601314676575793,-0.3372711836252993,-0.9275552609264022,-0.5321824259263703,0.31597736303841634
4574,-0.45281067125428937,-1.6223318753801057,-0.4922705127024524,1.2459642243625966,0.8841512278430318,0.6443649971657245,-0.14827780755156858
4575,-1.280979090214369,-1.194667276488525,-0.4650707575830086,-1.5475039029891215,-0.9439158428573586,0.26961352272276995,-0.515250711702772
4576,2.639851286116514,-0.5456524998953337,1.028392147957297,-1.515162222960057,-0.0202535473582447,0.31589531601337056,0.7593850180099353
4577,-1.9615076333501538,-1.0813821987432177,-1.1202222100732346,1.5631827358397399,0.33655041099869865,0.958357979004694,-0.26577878398684063
4578,-0.4248775413934627,1.0042520640134176,-0.3107185440748806,0.7760588787500735,-0.1990974303938067,-1.1099703398812808,-0.687496678662338
4579,1.5185154651730708,-0.030648970647748564,0.6864370877978159,0.6263767701700814,-0.08822318171105824,0.13415719167841156,-0.033089827379837546
4580,2.2505269713414453,0.9766773903894891,0.913577015183438,-0.6441202617579699,-0.5150649590510332,-0.1408401016977977,-1.2589018451088976
4581,0.1737241164829048,0.09397360703135853,-1.3191276166806283,0.8948224202740973,0.12580466499328685,0.9890308552039225,0.6446902822935552
4582,1.9528047819539844,-1.266347203571197,-0.7673422064452415,-0.7860660437449192,-0.6056410158602457,0.2725992092679785,-0.014544832888975108
4583,3.959006520156712,0.6893213806829062,0.4745115857168318,0.7840561351490307,-0.47722746076822004,-0.0454637514368592,0.4579555883668594
4584,-2.6322543228907116,-1.3271628932904667,-1.0864993106380767,1.5048482133466992,-0.4662927264391469,0.03690061854658871,0.5294800208807459
4585,1.9959905375608906,-0.14763085702020262,-0.24286684761751706,1.5791353487159328,-0.10460003638594458,-0.11857484313162212,1.2726305255809358
4586,-0.34728896871781983,0.907100616934285,-1.7677202741605056,-1.4165935877038525,-0.029064325944384836,1.1202021548030126,0.33199244359941926
4587,-1.3089407915866844,1.0343270051742735,0.5821403436874965,1.2137060956063663,-0.9469999131445841,-0.6470688383366616,-0.18634924924872076
4588,-1.1615866824912506,0.8103338775746638,-1.1335455094595552,0.11632785517511222,-1.0297833443961606,1.1967348616653957,0.01888345982787099
4589,-2.3097430381101085,0.4370382528740207,0.3481278991159651,-0.823961126586867,-0.05481789287923249,0.40781852197920526,0.5154551063435135
4590,-1.1165445563244738,-0.6363546782145293,-0.5206581333574283,-0.11900708731769523,-1.2423781985801343,1.2612735453949686,-0.08936301738403293
4591,-2.127865368785137,0.274770540840727,1.5376611932384976,-1.0574793937233253,-0.7378542712475378,-1.0128483096387022,0.03013596931063518
4592,-0.8080264693675038,1.5682420094499605,-0.7528022445679091,1.168193792452593,-1.7269222289358164,-0.5472481236710743,0.03733612541156393
4593,2.1133552092821257,-0.6619239304668157,-0.7610647542598388,-1.9103976582383435,-0.16142156271043476,0.09142630005249923,-1.2984220921569365
4594,2.280159231593165,0.3022912969117478,-0.1474117812802939,-0.10853903446154543,-0.1169337930697886,-0.0443082308108829,-1.181684141363845
4595,-0.6673879883688801,-0.13198007213278323,1.4042084653275957,0.722971837542726,0.8479813453930228,0.301043630278021,-0.4981085652593501
4596,1.7941646379809137,-0.26669013194644575,1.1003672003877396,0.9977051133855043,0.28411007551377815,-0.043661777298327965,0.16429682947504567
4597,-0.3616613175461757,-0.15756270757544663,-2.332732621263317,0.43252704372074724,-0.26835497772431094,-0.3351141171663869,0.7938495425809108
4598,-1.495405697951887,-1.0431311296452819,0.10008797737173128,-0.12904776364240245,-1.7099257057783077,0.2678507335972867,0.6612861254148009
4599,1.695913778090775,-0.6341998682114424,0.3857032493943795,1.0060706949713916,0.21278742942410445,0.08696199691140556,0.6031608304575604
4600,-0.916667284113748,-1.2264065435647162,0.3162089983511795,1.437283902632192,0.9143338747371413,-0.050593555996935415,-0.7194464045124337
4601,2.741536698750555,-0.863805865167214,-0.43204857981142875,1.3145879441184707,-0.148576729370809,-0.26132842804078255,-1.1216363478629705
4602,-0.07339369357572884,1.5099101591386217,-2.065255782040641,-0.13619408204340966,-0.02085209011473814,1.0126894652832925,0.13221890672880093
4603,-1.199433150439873,-0.21626666249655094,-1.500514742415924,-1.0224981222274527,0.31845403663973076,-0.4976327909970185,-0.3814623081857254
4604,3.2064297391534615,-1.2004261774727638,0.36145422201626376,0.9749165178462726,-0.1468550338387884,-0.5398165818341232,0.9882894783838142
4605,-1.4567104218485931,0.5241975627140053,0.40138832964973203,-1.408916587207394,0.6603818873176346,0.43536165576211816,-1.0646225795014368
4606,1.6743631594734243,0.7211059353844619,0.3803753834199466,-1.5557335677829263,-0.9331472947267728,-0.5928941611090933,0.28866389861537395
4607,-0.597923345606453,-1.7103447019953226,0.5810427791122058,0.2630977965755958,1.2902706906981034,-0.07743099760366699,-0.16202028697923138
4608,1.080462545917541,-1.5275298907116652,0.3239523402422104,0.4425279488435769,0.2248585043399826,-0.1365558351142657,-0.38100138369297115
4609,-0.9027350647486377,0.9550596921493297,-0.15446355538039025,-0.6341782888700139,-0.4775628095586919,-1.0724388343967746,-0.9481540981929308
4610,1.1415262592491442,-0.08948616192797679,-0.4709380354007856,-0.1292094445940909,-0.2616724189259259,0.20744029342553616,0.40125689863286673
4611,2.380056630165306,0.049155302888664196,1.049901594274598,1.5177689491098107,-0.3152992211950527,-0.3600858455837379,0.2796496074732934
4612,-0.9482905975530365,1.0150848237555912,0.3220356281937445,1.2450531277765,0.3597514963801722,1.4143332076639192,0.15154745124911298
4613,0.05256347560665525,-0.517327273155381,0.23544372313985218,-0.25929849571358543,0.6119569377908481,-0.6591312688648703,0.553332813893243
4614,-0.900107088607583,0.2284982787197303,-1.8036886298933468,-1.19055426452158,0.9426713152905598,-0.17535910423417647,-0.2041927766382065
4615,-2.4545280161297853,0.06594046302698219,1.578117219920473,-0.5565935317672405,0.1040476571024384,0.5086456388985849,0.9682454190251746
4616,-0.7883182210186903,-0.5456329126855018,-2.199323748463114,0.11272112171051399,0.3821606176998273,-0.7931753109439363,-0.10350440559424712
4617,-1.1928258441443103,-0.49664316960116434,-0.02142351004703249,-1.5567514031631409,-0.6534811777930929,0.8253467061907414,0.1603525363828676
4618,-0.3611218408083069,1.0888726377425446,1.2325956531539994,-1.239110488604332,0.30455120363556065,-0.7289713449168721,-0.482112792286745
4619,1.2435050525202793,-0.2159767272130928,0.6123961418129539,-0.352691390685328,0.2611914625442539,-0.7178834757851441,-0.18658706366514735
4620,-1.9346160135834483,-1.386737192968632,0.050086644638123824,0.7501226541835369,0.8022915632327507,-0.2534517687910835,-0.09993390252493455
4621,2.448926820592568,0.5628575527529815,-0.44240020358536447,0.5657140311864909,-0.45228559425022813,-0.06147471337754709,1.1733191440742667
4622,2.6562773909323827,-0.8434080512468437,-0.805444685946581,-0.9398989008970273,-0.7611820049110956,-0.14464109765612612,0.5105017526289771
4623,-2.729558260505171,-1.1806637802730378,-0.8658042603694505,-0.7954309493627136,-0.14368596070870568,1.1902108255971202,-0.4004185734530213
4624,-1.5569950969078268,0.10065436586611863,1.2563906633782291,0.48181037472545496,1.1097483599286506,-0.6633043632519795,-0.030577187290760827
4625,-1.271490339463207,-0.08252145408266948,1.6196793106626923,0.06981741897166892,0.9186145054327,0.8199717615677407,0.2508388394605903
4626,-1.9509064056970815,-0.5019284219302081,-0.5633159023519949,-0.5170174290972408,0.4028541659069838,-1.5097490058804903,0.4621891579339258
4627,-1.556300881246546,1.1859642926142893,-1.0845719741649869,1.039442900123102,-0.8427343543676331,-0.2920498361862103,-0.41827845479372855
4628,-0.32919166115344517,-0.08977930262445351,-2.1906878199297792,0.8775953621984762,0.06601914371106254,0.4219119889259452,-0.2144984739358285
4629,-0.7564026574775166,-1.4087326100691187,0.4286596312674631,0.5887134668860567,0.5233232840118975,-0.4076714147721806,0.35811568405354227
4630,-0.4195993382791039,-0.43883061085436653,0.545827519197785,0.7471336891771687,-1.2287462979545316,-1.4591720737587381,-0.3782115572080333
4631,-0.6190659443195277,1.2296180982884013,-2.6865446344207196,0.17746937697461465,0.47342462192307866,-0.9293611867909967,0.7771568992123015
4632,-1.585012478728729,0.8596244190344782,1.7330785498074488,0.2528543738282435,-1.4198420332795736,-0.3788144294724456,-0.13811454359753558
4633,-3.3167837445929194,-1.6647925495990266,-0.5584142360003967,-0.5540056207558145,-1.072757400644775,-0.14452750791084415,0.13828810581665513
4634,-0.9651088008616598,0.7062015723457747,0.2578330170740531,1.038184762181527,-1.7551032532179445,-0.47724137285861823,0.214808454275304
4635,2.4373716929250557,1.7022338011056213,-0.30646461910349615,-1.6696399431576643,-0.18696918149714073,0.3254576977455654,-0.6989107667739336
4636,2.5423566468138676,1.459891454734007,1.1296602874922512,-1.1241855910908716,1.134840075299424,0.04900401996963063,0.29111606501911635
4637,1.8659602965692852,1.5287873984689533,0.12601649879092358,0.6087965843794592,-0.3615865956149422,0.2273950514283008,-0.591796957263448
4638,1.882695429642805,0.4190749964222854,0.4368931026014016,-0.5659630301390809,0.3074507841660041,-0.41610522504706526,-0.7082062851164275
4639,-0.7903944634638886,-0.2926241472683706,0.5456664871095355,-0.8631207907743539,-0.24763674192087692,0.421529416682719,-0.32912995673698325
4640,3.403128740375997,-1.5616924914275738,-0.5923912339085879,-0.5686626022249958,0.7256326829859358,0.2568858692069309,0.472620062325923
4641,-2.4188342143461457,0.2720914733399545,0.07711370636613703,-0.9908210466551596,0.5296041894597538,-0.7509051117580885,-0.34851905633094704
4642,-0.6621750167012304,0.6651769102633143,-2.6523144464751987,-0.801262975885654,0.49046248194626596,0.3170126613927905,-0.4643777780233322
4643,0.7683299484857992,-1.4605655348089273,0.9390497575814362,-0.05671672091059044,-0.011900088016553305,0.13554517772724026,0.2657815040443764
4644,-1.4581993241337332,1.0526599843139643,1.2534619774698401,0.33965477063440463,0.6635232920547912,1.7135039032833757,0.1513989833332777
4645,-0.44643506461264326,-1.4136396495069996,-1.5325383774608268,0.9625072497616671,-0.3902875598532391,-1.5831452976720253,0.3006624734948048
4646,-2.3527779101736996,0.3282736195196853,0.31991126398378306,-0.7210922402242146,0.664780151191519,0.8528685847639205,0.06436811114599339
4647,1.70511937666577,-1.2524775194736129,-0.27793077256959864,-1.4658963234599627,-0.11474129004685475,0.3242442687217957,1.461822963649235
4648,2.8624060048153486,-1.2854490075968885,0.2628262884702174,-1.1485847203804416,0.14739849899085714,-0.4077426941122173,0.9363198124238109
4649,1.758889272641081,1.3844169600047382,0.6904199267573069,-1.482932202438709,-0.5185044142257417,-0.37187636772561805,0.03888522169137884
4650,1.8011537339133836,0.17155192807656655,-0.6406583823277003,0.41263029632963855,0.94929351580953,0.28265228997936365,-0.7766945888096076
4651,2.6681410870545137,-0.4127506066838918,1.026241164034737,0.20883327085501305,-0.37791969377621776,0.6936689355266166,-1.198886271540525
4652,-0.3656376332322955,-0.8825844044666754,-0.02488614346357354,-0.8865403393225364,-0.7703574490541194,-0.050067493591346685,0.7504699487526145
4653,-0.5651560246772735,-1.2764992740991872,0.40652302150747766,0.24952889639264222,-0.45388301474710185,-0.6513496771062942,-0.9304911325361935
4654,-0.7259977800025198,1.024414771125462,-0.5527328083176369,-0.9668843075887459,-0.30136413926993205,0.7507295171697808,-0.6204634062129649
4655,1.8158557623740834,1.0723150775151244,-0.3604841524292886,1.4989670226348277,-0.07874376725283534,-0.169568889757491,0.6196539469006861
4656,1.999472708735332,0.8565417333425867,-0.07010848952357804,-1.56851995956334,-0.06647886536973496,0.2065645808346299,0.8461412912985157
4657,-1.3664193591408729,0.4124072166924246,-1.1676557083685744,-0.6031754736290077,0.7441155488370792,0.2722583911858667,-0.479724175939452
4658,-1.3864275687951566,-0.5379349890783576,-0.11058129654359462,0.9603478369941892,-0.40801555635864695,0.024752988720102106,-0.09172642166364987
4659,3.834942483838117,0.36034541182081486,-0.5770725255868775,0.12158299820652856,-0.48671148856356306,0.3757126867648305,0.27198057369102235
4660,0.5680227019195409,1.0306123892109313,-1.6593127889862855,0.0694057470631568,0.3899049376890833,-0.2577502933821803,-0.9697306448600392
4661,-1.4181870622825707,-0.053422911596085455,-0.47683054211125814,0.8728170133932769,0.5761985999811721,0.29170137274029323,0.009589314803664508
4662,-0.15801111950074317,-1.196039172239969,-0.5093417943714499,0.39863395484891,-0.2607818335531057,-0.24481764723910204,-0.08889403137762865
4663,2.2684251623952196,1.2060283449852505,-0.5640147949666419,-0.033797399482750755,-0.6733165034890997,0.4162609588237977,-0.06571350936055172
4664,2.3460124131817843,0.5587334424073004,0.012353613036008569,0.9343131430233488,-0.29755126470109455,-0.5031277714040295,0.34714635767541185
4665,-1.8351296138161188,0.7878308885851372,-0.5196610629578498,0.5848530064465738,-0.16803296323105965,1.394105224747662,-0.8706343346047273
4666,0.04291109620003564,-0.03469162966317138,1.3497926312157065,-0.13069067587127253,0.5497315679256715,-0.17605446772428646,-0.30231827336823414
4667,-1.2162378311134845,-0.17263417510146317,0.5544794544282319,1.22388822755013,0.8399625128276783,-1.4894769151313232,0.35714580321327155
4668,-1.8730631450769744,0.5174485076426761,0.8470052588245962,1.4934387246357652,0.5776523789425642,0.6318273390164654,-0.4356679527367005
4669,-1.4736925545884383,-0.33432217535697806,0.9081702201081674,-0.07010041242107386,-0.3205705143099247,0.8077637143957522,-0.9784628075131114
4670,-1.3893339490513452,0.6753203169397541,1.0598931363033572,-0.3295258660118719,-0.1427791843155557,0.09945486548991664,-0.059262208575067934
4671,-1.2544798400827886,1.2131580963021098,-0.0757912645457271,1.2898938305903425,-0.010305787499568732,0.733590492308212,0.5028510645445659
4672,0.5682647022372607,-0.03346308810750626,1.3912048520535243,0.5773414101886022,0.47490532665891694,0.45864754935177593,-0.7492301686334245
4673,-1.7207067856386193,-1.1036926417316084,0.01762860034887502,-1.114576655040567,0.05450268205837363,-1.760127282175911,0.20649094495903592
4674,1.6244811951230578,0.9151238945296623,0.620386279649656,-1.565191437885451,-0.0752058797925514,-1.1576230799542804,-0.5516684288791743
4675,0.14723122468445618,0.45280542950166663,0.7798725990705091,0.8079533964147444,0.0404710010541563,0.7349156361299921,0.8672171287222241
4676,-1.5255829501750866,-0.1767981684580567,-0.8085332683150311,0.03864475012156779,1.0976868294789284,-0.8427351088433866,0.19948742432151492
4677,2.037524926140531,1.0204555744060821,1.0762133298598733,-0.6541320545223754,-0.1031148414067572,-1.3207848385617305,-0.42625879575862835
4678,-0.7886637575185792,-0.006491523910935631,-0.0868779716241033,-0.4746820105603121,-1.1526975658828593,0.5590912487873023,-0.41681872302448314
4679,-1.5972972433635264,1.4891405005233795,1.7832082453048206,0.10050272691761347,-1.3559778188586327,-0.37634342595198655,0.4278087749680546
4680,3.178226185497465,-1.2367788574224392,-1.1011524103628685,-0.03840918013221727,-0.5223094162480759,-0.3515897210857762,0.58266185883672
4681,-1.178276226902234,0.9016507812031059,1.0776678665047426,-0.5404074024509679,0.7433516757957085,-0.6085821681078244,0.005646583332823467
4682,-0.5106499054391591,-0.04349919866777182,-2.19635275248307,1.034082556408206,-0.7168708942284362,0.041104641290856905,0.08206431010031856
4683,2.2578102387719396,-1.1591673360214496,-0.372638362203235,1.5030926094267798,0.48196859897172073,0.33212020480693305,0.18322832538438197
4684,-2.257883170228023,-0.6982061746197191,-0.12629514773003245,-1.0258942283169803,0.2477619346267922,-1.2265270615354924,0.40655783071032264
4685,2.7529857007447704,-0.7082146063713721,-0.7512425503681958,0.42803145092402334,0.9949309263594903,-0.09457932110158215,-0.18031010716039225
4686,-0.0458640944512866,0.9037879698221009,1.529589462470756,-0.2710795740922549,1.0155776008338746,-0.058721031337773635,-0.06004572732591721
4687,1.5685680183386286,0.9213823477830102,0.9851774784025547,-1.5191573309916415,0.38786814247197,0.5486804418522714,0.4247733096600096
4688,-0.8287589684062374,-1.1990120471567944,1.017789153394649,-0.25787059026054704,-1.1327865234158454,-0.7506793409009304,-0.22780988885985398
4689,2.576996007434658,-0.9478164669368827,-0.032072888544124364,-0.07236854639233989,-0.4313870796264649,0.8428736869751398,-0.0653341858568644
4690,2.0251303722247274,-1.272570565604042,-0.10844637402913422,-1.2074458804083923,0.11437654637034027,0.33724832315342934,-0.7070606539413802
4691,0.04356140763799566,0.8340720411044328,0.2532846895298528,0.46016796472661,0.11236133678239829,0.9704678471132052,0.3742316137160273
4692,-1.2932717496939787,1.668267368146099,-0.886742829997931,0.7537256930404287,-1.7588311013166333,-0.5771811136871572,-0.7623789522889121
4693,-2.045237601849817,-0.7341181107153778,-0.9290455732016147,-0.1921194497516474,0.5369194679477103,0.5981777801256098,-0.3727465988578714
4694,-2.015742363282875,0.046003438293443714,0.3696050243856037,-1.0040100635682287,-1.2074124022881958,-1.236270825902558,-0.44203767455999604
4695,-2.8807277225760703,0.055979273331400646,1.2578096279689683,-0.2883093838006013,-0.5256183158136911,0.1986187622095596,0.5512845774746973
4696,-0.4533747068848354,1.6491718801157595,-1.0798787478189737,0.04825119386556329,-0.3354088967043316,-0.24040391753095375,-0.15057080698528352
4697,0.6310350079894981,-0.330336526551712,0.2446680661459442,-1.3688932691508318,-0.4554516897565479,0.04495688252925546,0.7151723813690856
4698,-0.43044330374223455,-1.585496208797262,-0.48224241642720445,-1.4614228218350962,-1.0554150137073095,0.6063345926334505,-0.19867390936496146
4699,1.592375517753654,-1.2255580956299175,0.8388146139563069,-1.2848259615362672,0.38181095295467066,-0.3852696245917486,0.7126341870858912
4700,2.6383267007695252,-1.5770427581898516,0.12781016220086908,-0.07561117504946849,0.8082182213254541,-0.3091568437540445,-0.5080980845995914
4701,-1.7365628359029714,0.9934965060499136,0.7259612319031492,0.2311582197460635,0.17946054230846517,-0.6462492027178601,0.9633688944415302
4702,-2.235224931132271,1.3059699467608266,-0.3276987171748796,0.5163523197188719,-1.2814987293468625,0.14312945592129633,0.6160441722926292
4703,-2.110968653282331,-1.2270435491835414,-0.6948916134435142,0.07624645338891788,0.19514944761827221,0.4080440143050025,-0.46517533261894656
4704,-0.47284794181105266,-1.584452767658338,-1.5194322162915657,-0.05000745125371098,-0.13793370649412814,-0.22155280512100925,-0.52731148571781306
4705,-0.6713418498414013,-0.46651310414249125,-0.509565615969684,-0.5478867924080549,-0.26916717276819524,-0.7549330222084913,-0.22868422783300696
4706,-2.7639918036568245,-0.6192261194091727,0.2192442801096456,-0.6781446999262317,-0.8882831657296455,-0.12980792772743516,-0.13743595049223942
4707,3.3321996288324356,-1.2043412000581808,0.020253465688529426,0.6508438455303329,0.5708035948616821,0.9705031231424928,0.6730085442204347
4708,-1.7018243043108476,1.421335177365097,-0.5232775798794886,0.9576556875386764,0.415194770403676,0.6606030689376812,0.19267290940900067
4709,2.788823372647602,-0.4523407397138489,0.5989279403173141,1.1453069947325993,0.8165386648143855,-0.37906876641827636,-0.4566835121950827
4710,3.1186323778150937,-0.8827309120910916,-0.11821926918809976,0.863016427551189,-0.1723265809627559,1.2533245463185656,0.6515026336712773
4711,-1.0027682664848818,-1.729471978169877,-0.43441275879775876,0.6531944446989939,-1.6813732252528784,-0.1230867198726153,-0.26527693705358096
4712,2.285026952732255,0.2777359335365749,0.4771665766847068,-1.6822512105577525,0.09149773633638857,-0.4365536048286648,0.6029166891201102
4713,3.078966166456687,1.032366378648444,-0.059810875944783445,0.5277897062527764,0.5191396465011171,-0.546695545423937,0.9373699660289845
4714,-1.095863465234853,1.0664473306951245,1.7036495787403985,-0.461778013963385,0.09716398721963837,-0.8397170259381384,0.5924242693190886
4715,2.3943706987024345,-0.5832935101715241,-0.9401144146838609,1.3487198618283767,-0.9559237644866115,0.5815420676200096,-0.9914828074060474
4716,-1.8039575390034477,1.4852759849221706,1.7403111272537715,-0.7124134224424445,-1.0700530190586048,0.05016597990294529,-0.7355034464037048
4717,-1.5173604241466445,0.9520358724078652,-0.34510957102130385,0.5094055082125362,0.2985391597505737,-1.0259306539226338,0.4794964488139474
4718,-1.5101260065853417,-0.462958091244133,-0.247116674940502,0.48331956317782737,0.8270198647869083,0.004039053093519333,-0.6608346500026412
4719,-0.43192945710113034,0.5117508338662787,-1.439804782476348,-0.26844815470899497,-0.2963529999752049,-0.3667424532682922,0.6821795118684912
4720,3.2862373117562953,-0.6002596196191535,0.8065916975132977,-1.4635750647192367,1.0006836607490597,0.3637462050784973,0.4857540561196726
4721,-0.7104088524158731,0.6535593838508057,1.136749129464785,-0.9286721681990715,0.016628473127017,0.9118497018610393,0.43708111489745066
4722,-1.4534842462972646,0.35133608043259706,-1.1162657938738052,0.9543260260962738,0.12183980079031026,1.2739155652651757,-0.4129241871290304
4723,-0.9162242243525076,-1.6498841229931827,0.41495875020546585,-1.6213847558969032,0.44509121816101166,-0.1641289816029214,-1.1229000114246288
4724,-0.557255393336469,-0.5998041634980323,0.3293589853270275,1.188767234551853,-0.15942729595875837,0.06275371002076015,0.3173760157949939
4725,1.71813519706914,0.7883035429814857,0.4634852589816272,0.8386558009906626,0.2572004306954616,-0.20243274509860232,1.0880207745360662
4726,3.7212735019699243,-1.5881010904305024,-1.1119946589662446,0.41536129642284497,0.2700193582727477,-0.10895674424372338,-0.08748665370759555
4727,-0.8243860583076413,1.1341465964870492,-2.3685638342872193,0.0343696159087993,0.8059055087076367,-0.43753134997290366,-0.4292152638565369
4728,-0.5731920936297721,-1.6107598217186792,1.3079952928456913,0.25763910764251985,-0.21520446610701843,1.2542668956485115,-0.10346522205687565
4729,2.324962577915542,0.576269323893472,1.1086228284423443,-0.2696889925771015,-0.2616025468393355,0.7478350446267462,-0.8868949996697361
4730,0.8958080424863699,1.1953935697816707,0.9306961076890036,-1.162195394622468,-0.08392520125971223,-0.5647605625136409,-0.24396615646586092
4731,2.29098859521276,-1.2527990002575706,-0.8573656965350774,1.520501001086058,-0.6578831342729344,0.10827949115566003,1.5633265141315802
4732,-2.6774673321644737,0.08068775793189588,0.7202233675502443,-0.8749771936791615,-0.36119466844342374,-0.8023471106262153,-0.17927814407784978
4733,0.447621273428022,-0.6323908767507763,0.7126286030905971,0.6685549448798342,-0.3375704872543909,0.27265824244312525,0.5444200062691951
4734,-1.390096256499777,-0.8303715402246525,-0.6241304772037666,-1.1581251408791413,-1.2294081011250027,-1.515356162204055,-0.31348005479504587
4735,2.5892973382748186,-1.5155841483902832,-1.1950620836202444,-0.325669311466465,1.128752830960366,-0.06510804753818708,-0.11866884694372645
4736,1.4450389034273083,1.0243757193672665,-0.40349484295454857,-0.797587207116436,-1.096898266907415,0.3892213986829914,-1.0268142373201128
4737,0.8148415644175024,1.4067639046495557,0.14082346410996766,1.0601845087003727,0.15927711437925748,0.4092377970369823,0.31444514849657457
4738,2.3651502236559216,-1.4593857345201857,0.09218030508352001,1.4050580389561877,-0.48615398052189385,0.42405355491018537,0.21750302576046093
4739,-2.274448502190835,0.4899963079401993,1.2934961164813343,-0.09660397431121555,0.4658792120995504,-0.14494382347209425,0.06753037258128254
4740,-0.6479399384630371,-0.4216305725858881,-1.2692787216908155,-0.3251007655470168,0.2508360593217566,0.4297510500606326,0.3481083606339718
4741,-2.01538740486356,-1.256964652481268,0.13057701014682835,-0.9977369261382029,0.9864605065268504,0.5429158175103157,-0.43305007481112356
4742,-1.2607187402177722,0.0822991160360954,0.33324056229046084,1.2019770232797313,0.4526987353790313,3.778066286500075e-4,-0.20540896584025087
4743,-1.582135192327947,-1.4739145219312846,-1.0474791917237216,0.898571261494185,-1.485245670622315,-0.19229916756802204,-0.33378214517926297
4744,-2.082289181774371,1.1943429824763268,1.352685076921714,1.3927344732789417,-0.05191871815726157,-0.3259620082021943,0.7576476886488468
4745,-1.3928168433143981,0.5521143543537638,-0.748848506185028,0.559575162509203,-2.012937303187078,-0.5220696510125633,0.44286202487316884
4746,0.9984801958632276,0.2569046712431428,0.3332651246948768,-0.1492563229580734,0.33897190679447997,0.4800037990820774,0.38739739756381303
4747,-1.8434606817599313,-0.4872193224941431,-0.9687819338328116,-1.2158167763975187,-0.6034593986001823,0.01245727776507863,-0.3312522306458324
4748,-0.46822971416962184,-1.695620922539247,-1.5743960136405621,0.8682775942557996,-0.4754563254617818,0.963045259697428,-0.6706372111352147
4749,-1.1953492788714024,0.24309849692266267,-1.4213028152337954,-0.8900629975131156,-0.03744711090255226,0.3656500238711844,1.1838051913613776
4750,2.6905994286354913,0.2838256900352012,-0.7971994004477914,-0.006435190957940972,0.5283020569024736,-0.8368267147726937,0.8361646820948553
4751,1.2844486527793766,-1.3603346421260374,0.8050321363102352,1.0651534854665448,-0.2651637600723714,-0.2613706611391141,-0.3363594801612945
4752,2.6299747693372852,1.359372684531341,-0.5578091965656968,0.6727993138515369,-0.1709402377701615,-0.3016317957656128,0.7375791350187154
4753,2.4012422245290033,-1.2526732493370554,-0.6088732425252659,-1.2266634980221667,-0.597957846211029,-0.9467645658103293,0.7315872558061598
4754,-1.6315111127226956,-0.9489517761035293,-0.9547376335228809,-0.34691412393714394,1.033529371562624,0.2510000241539987,0.07173114947048642
4755,-2.7173887414294216,0.012691916517548252,-0.9263043648393168,-1.079602383655554,0.4011369596095332,0.06553101313643404,-0.017124375664390748
4756,1.5103460093097594,-0.33821160857760113,-0.6804471700090873,-1.0042263017527662,-0.11339315099784046,-0.0785977059944592,0.4333312211810428
4757,0.6342597031552224,-0.7809728007458928,0.7400510492378021,1.260421895541122,-0.36883090238189853,0.16329639725711098,0.581945997715313
4758,2.335201159745684,-0.7996541221875082,0.618523224685894,-1.8642855892481605,0.7935504317597634,0.04134170259836032,-0.26461638213443395
4759,3.2599584250274587,0.4974240456770751,0.7260597946073755,1.0140532828475675,0.2676436833990736,0.15747989170010085,0.6801527109110201
4760,-2.2712235342062996,0.8235874489513622,0.6687683304020818,1.9267702396702195,-0.5718337416623447,-0.3389993672988041,0.21833053243243689
4761,-0.7609915491283284,1.454922227954381,-1.7849615674430472,-0.09339222442805777,0.15305611792430618,0.6855942093107306,0.6555330842958653
4762,-1.2247060219126678,-1.3068976327767072,0.4424055990012088,-1.3974482295188828,0.1401834419280143,-1.2957555084145598,0.7474712165319995
4763,1.1927488289647963,-0.5967079564426584,-0.403777679896649,-1.0666668867372902,-0.43410274358327194,0.5428618745966528,-0.500151950971238
4764,2.2562504157892973,0.7244442782812752,0.02930921704430225,-1.5822058333688722,0.057244096720913074,-0.17186997418157232,-1.3030631708443736
4765,-2.5740387991047076,0.5735251690419412,0.5969440046984428,0.5259527548695583,-0.07305929419671846,-0.004072715897321595,0.2177469410177356
4766,-1.5809213188368747,-0.028457088803860733,1.2271617343883157,1.720689565497263,-0.1682613297753231,0.5904621466007287,1.0816551795075597
4767,2.09320290533242,0.10757905929687558,0.882774727163452,-1.0137873371888209,0.7413125128951832,-0.4184051985152911,0.00999548403434877
4768,2.4526738326598267,1.6290934260331993,0.8199443136717385,-0.26846661013325895,-1.0167413438359718,0.2740710204742615,1.1826889466198058
4769,-1.0648797060629458,1.2533979943260851,0.43930862336170123,1.4891247732889767,-1.641128185094307,0.2989167769317828,0.8118367821491419
4770,1.8296100726738729,0.15495630709710492,1.024011901932661,1.251401448317113,0.2582597442102691,0.6476976256704426,0.3147209580558561
4771,-1.957779653822314,0.6789874590820024,0.6147202406247484,-0.4558230288783786,-0.2396508040831298,0.5751843458988101,-0.08144821034039801
4772,0.22029477865214908,0.4138337564880522,1.5265560469147634,0.5734800164982357,-0.5177063086438206,1.100392887192431,-0.7508843704533394
4773,-1.3608705325216213,-0.7793094363432949,-1.1224059208214716,0.31533896559386154,0.8340622054694381,-0.11978653150713336,0.38494695577921306
4774,2.6412390016641467,1.272665423201074,0.89425729016332145,0.5433684504161493,0.9017084927357611,-0.4104061917971248,0.6279992250760115
4775,-2.027968074626485,-0.7891130816533367,0.9076097232678134,-1.2492355185416315,-0.5058948399801076,-0.3034843727368313,-0.5825014968717459
4776,-1.6261636123595642,-1.3800042462781055,-0.24519531007627782,1.038245527775286,-1.8664695306483519,-0.24630537009716771,0.5425935769987842
4777,-0.6487127714976646,-1.238319539190316,-0.9219661368945681,1.1458515325976715,0.5798393296853998,-0.7869280453781166,0.15354631029602633
4778,-0.7129067533083617,-0.19374047519668722,-2.1130926147782914,-0.11406272804548927,0.7647659989840516,-0.7691234664250154,0.14070519986241467
4779,0.1976594551241922,1.2336674520494741,1.6312859261718389,-0.38179762547175666,-0.42919134532004943,-0.8752987396642731,-0.7950158383819501
4780,2.6457997981695063,-1.1022741787691939,-0.07301098777646285,0.03239855267276542,-0.18560482459962668,0.2328374613458868,-1.1805710070036926
4781,-0.6855917302742428,-1.519137833009966,-2.872033896831402,0.18102302134960555,-0.5484363905208267,-0.26401364109667613,0.270638089756021
4782,2.9131169634771807,1.499977924886279,-0.7609311064568167,0.5625669209283383,0.12593680380416086,-0.06840025089393505,-0.9673374498322403
4783,-1.5677815057718987,0.35229353637249067,-0.17907875975610688,-1.0838152381240893,-1.5985557431727566,0.5112704514212809,0.4134152206835067
4784,-1.2651669856121348,-0.20054165006291857,1.673305307972924,0.1246620641606931,-1.5423322692163985,0.42951876025174285,-0.7684302212462156
4785,-2.44822191998333,1.1650725900931749,0.16097382305952207,1.2419182810558766,-0.09873087591945229,0.18206154003617736,0.9962107590680452
4786,-1.2555473483322208,-0.0409143428551973,1.2688345262516987,-0.311538532018603,-1.1301102618365741,1.0088408388188586,-0.3162910434820747
4787,-2.4998345110693005,-0.6334982061787796,0.02794966747594084,-0.5981374709541069,0.145448240871361,1.1663367837051046,-0.10076085980730912
4788,2.494169570545034,1.4532717878888863,0.4392211116695321,0.01565654047870032,-0.40710797716067776,0.37623333516307855,-0.15323970968083647
4789,3.4102985309174323,0.15318955085478841,-1.0525205397709938,-0.051715710247945225,-0.21086003016745358,-0.12836901683333868,-0.6525759202025415
4790,-0.31660941209517396,-1.1241218979425258,1.385978561763081,-0.9430999311358981,0.638186742480511,-0.6866270966199524,-0.5309803292256778
4791,-0.5464189022257381,1.2786246064104065,-1.3588104689269607,0.12019728608071564,0.2978015210698325,0.46688160786864796,-0.469580916482926
4792,0.9988652057175937,0.9991543194606037,1.090615755894444,-0.18711671685781148,0.46296581881034343,-0.17073969544398823,0.3376990110705416
4793,-0.14078864154655496,-0.7049602521567776,0.21874402081289454,-0.5363876913061988,0.8191330790964065,0.5002851856778173,-0.35198178016086784
4794,-0.6403425398130786,-0.8961033546426747,-1.0362147981896972,-1.6092383571856652,-0.9650573595414009,-0.41258419012457065,-0.30039021335806543
4795,1.1455587245676349,-1.49020079463495,0.7092283054607634,-0.46656809982974484,-1.255659823990841,-0.16700174881228594,-0.22240161448990578
4796,2.825629771531999,-1.0986657951690593,-0.5180604865944781,-0.7611845001972176,-0.4355776972848327,0.8412687592335291,0.06800685118825044
4797,-2.9979349992252886,-0.40895354491017677,-0.9219789633777045,-0.1765299012931185,0.46916849467668326,-0.4934562648282607,0.1542545822555518
4798,2.9841158102347647,-1.0702862780277416,0.8534864220354053,-1.2959593612951754,-0.29922434029769834,0.43103363528596367,-0.4626481079736993
4799,-0.9570079181897413,-0.7650511475884739,0.4462642217342961,-0.3475966659590263,1.104946431580673,0.09837248327232233,-0.28053722254040137
4800,0.02965592599200447,-0.48265628410866435,0.7182473519403441,-0.14580879274011663,-0.44387142350604203,-0.534776559143445,-0.3458249503447793
4801,-0.6641977141295802,1.4870703722420895,0.5539855198719439,0.6497386221241596,-0.45136397765530917,-0.2989509509729772,0.031663957137478806
4802,-0.8641803806521834,-1.559830618491584,0.9284848330723164,-1.113034587700158,0.19906180685999766,0.038154793190269515,-0.024901141573188394
4803,-0.3230636350446555,-1.57024250660075,1.2430305126606263,0.7710641452958851,-0.1501284260851417,0.0032883578887895255,0.8622835281683794
4804,-1.1278924354490778,1.3941436761923467,-0.01396516050871358,-0.05441111086952526,-1.789639937376621,-0.6099431105525795,0.46404622267642975
4805,-0.8865397799881789,1.090542419347331,1.1182910575760474,-1.4940812094515077,-0.18278379499848596,0.4206520510087097,-0.042859866214697145
4806,1.6402511519565566,0.9192771203231725,1.0983194586449507,1.7139370580004334,0.25575194225753095,-0.07114871605814276,0.19376265185241046
4807,-2.057332486114618,0.9169468180884712,-0.9593390189854668,-0.5796473776044359,0.4394180698264516,0.6168501568832553,-0.8459341358900955
4808,-1.0551838273776497,1.041828319005608,-0.8000691774870933,-0.4995596548544198,-0.6190692879075279,0.24738748937730323,0.3302280616541368
4809,-1.6119457806127386,1.6288878537832905,-0.6628519871914679,1.4303075545110986,0.8200795547300698,1.1443408976708487,-0.6123701126288327
4810,0.04291198479160131,-0.4402407145274464,0.8791405400890422,0.39076869007886833,0.7398089368674232,0.6706144676910812,0.44741682144843825
4811,-1.5247118289574246,-0.4752949167585321,-0.8583468416506452,1.5499234943661366,0.18947600073887666,-0.08716169511203346,0.24742059005696806
4812,3.1247333932441497,0.2829476805253876,0.4286818861098252,-0.03784498922858196,0.03585478528850713,0.22764676927747343,-0.6613457683031352
4813,2.065954210516645,1.023121372916691,0.05038535953141076,-0.9458473665468218,0.511852971420775,-0.15849959663421526,0.06718140147007914
4814,-0.2656557463222071,0.29603245144491136,-1.7883808999162183,1.1079205379660853,0.6111904017661125,-0.5784739266764347,-0.5749042578660728
4815,2.220850044781808,-1.0151755054109781,0.8506257322612735,-0.6598842254958481,-1.3404019660520115,0.038332775413979114,0.9357606619874298
4816,2.1958723984658493,-0.4001381554822878,0.361002406264669,0.017862188639039222,0.2002407748621107,-0.20342510087427437,0.7754010868723279
4817,1.5469524058266797,0.9071446023254034,0.9815506407391199,-0.2788381083990133,0.23220473273911577,-0.1932868783888128,0.31539322644834
4818,3.2857696216476096,1.0999515144426522,-0.005994672924330857,-0.20419704541305292,-0.17238598782912312,-0.18781878611562342,0.15364306560054194
4819,-2.1548365339409243,0.4994002957350399,0.41802951753908596,0.3623741281995686,0.5258934281592701,0.27679867218047616,0.8709153113849027
4820,0.14314190106955618,0.4406977680447984,1.0497507911896355,0.9010709941676025,0.9645862031728346,-0.5934263146376222,0.25172961823230444
4821,1.8644756010582593,-0.568897926618049,1.109053675172917,-0.5992884641297923,-0.662722656645584,0.7077905884155015,-0.27728595928024513
4822,-0.633780863617745,-1.672814366184265,-1.3041993005917676,0.12035221035340177,-1.6755494948037113,1.412405537976252,-0.15016375274844068
4823,2.0574605866128786,1.5621877805749305,1.3501596731387095,-0.9694060891908753,-0.7013232932936354,-0.3169080893075401,0.7136665815940677
4824,-1.5499608859220517,-0.8062985497890138,-1.1089012061328054,0.18296660166351777,-1.3079176637053869,0.14687554744986472,-0.4047072264830696
4825,-0.8848707885144038,-0.9087450610821609,0.38574029710244123,0.38072816593139897,-0.8389605400907253,0.5843755387398664,-0.7721050055298148
4826,0.38960181555715206,0.5740754246077057,1.3426569717647048,0.7422474439906745,0.011389722252711652,-0.2351751800944167,-0.22251978564288052
4827,-0.39066964931321535,-0.6030005319557054,0.71274523069356,1.0991320957015172,1.4354074105092678,-0.22488873140492077,-1.1641685728612625
4828,-0.5033674605621001,-0.8208162548529208,-1.9318047815913035,-0.6827882246949223,-0.8612065225878521,0.07533034057639662,0.399228744674971
4829,-0.48188667053468015,1.4568918798376824,0.6108087443285224,-0.976965288812002,0.02696041374798013,-0.07066669511995792,0.5499226769103331
4830,2.736025408996421,-1.0055618006930058,-0.8110229614432416,-0.7106849335399363,0.06673923287049975,0.16259743870462817,0.36055562687357506
4831,-1.2821379440856855,1.124813297684738,-1.4926342608398784,0.02445463691847286,0.3573315731306566,0.1691378955216731,-0.25542905136755295
4832,-2.0282470580196645,1.0516409203323291,-0.5811715824553851,-0.08322771798245313,0.4662012412627044,-0.164632490988081,0.9896077157436941
4833,2.07405504231847,-1.699091109302039,0.45460962427615076,1.3340108415332639,0.5065036709995002,0.2910999148410244,-0.9280679418703409
4834,-1.724254204699358,-0.008063846919010076,-0.2539492059716925,-0.11379165030063307,0.08079256004828517,-0.16454408063585205,0.9406748263393149
4835,3.201021009666018,-1.2657671599511766,-0.6112068483705094,1.0958938237802518,-0.31655363628500593,-0.5934648755344878,-0.8239305972567782
4836,2.02361146134869,-0.5483905730187506,-0.3495069912196461,-1.7856185925714663,-0.1358416815655022,0.48667548100038155,-0.275117522662678
4837,-2.9820584621965813,-0.13149300502714273,-0.41459218813961096,1.1406771756273104,0.1879722015894912,-0.2920479953456239,0.0976694079447302
4838,1.6956222429100902,-1.5287256909657203,-0.03511691417065175,-1.8130306026255263,-0.5433955112007468,0.6337744408528045,0.8520975786882196
4839,1.6658483909929747,-0.11775957981456799,-0.7112998218024856,-1.2561200949695632,0.7350423133022639,0.055742154466314586,0.03769830454619404
4840,1.822534598106685,1.429370051360722,-0.6044829693426237,1.6503242633584048,0.18369705892481522,-0.20588881510923002,0.3125285021879536
4841,-1.0580191246857222,-0.17549190059477765,-0.6050038075582201,0.529474058118092,1.1526134334562859,-0.3430664015756913,-0.045014038958770215
4842,-0.19305800924363192,-0.11034019543277719,1.2247308890676403,1.428352495998911,1.8272426164652316,0.044570878473310135,-0.6523961727747627
4843,-3.245931394278379,0.9413377132761422,0.006141545277572011,0.03560960565733834,0.14372940995033265,-0.24760581378362323,0.2518279396511663
4844,2.408331808991347,0.0999978655409118,0.41667858942150504,-1.2031691088735366,1.3989747304096811,-0.0060719713606789735,0.4112278705340052
4845,-0.8154286552733302,0.5692200799038317,-2.0063302881154392,1.059915597152738,-0.7122476553322107,-0.43143042374672075,0.23511556657640365
4846,-1.2300604566710964,-0.8402541114839237,-1.0502160533592844,0.5782831451673918,0.5630974630922851,1.311905766552348,0.079232275389559
4847,-2.2974272341971274,0.6990736478797422,-0.5332216049644396,-0.21144454513626007,-0.6710006215737171,0.9209328161910635,-0.040199430728134145
4848,-0.41693332921483783,0.3748148091011065,0.3747818500419274,-0.4102378945104035,0.32603956239778775,1.2961384918423196,0.6848953660515343
4849,-0.5114649634865214,0.7459554055642963,1.3630437072585404,1.4926540949037084,0.6489390019093235,0.9393853556571267,0.3460896015763173
4850,-1.646320285152957,0.3511459418122707,0.9335541600385171,-1.435780190972913,-0.4204982314313174,-1.18821190263913,-0.2733354190186079
4851,-1.2134279462997186,-0.13358583751541284,1.261233901728847,1.0747973129195092,-0.764287035872524,-0.15450190902041594,0.9615788070463724
4852,0.799081025301612,0.22320960429720285,-0.10398616470283155,0.3531849371076128,0.21518079808077328,-0.14641899177786954,-0.19205486748059938
4853,-0.08656505741371642,0.16096334520572095,-2.1920156810767977,0.3186572499825596,0.13174800343525012,0.11748167112316228,-0.6740179856667421
4854,-1.5076060275456198,-0.7206958115636525,-0.4771216144584918,-1.2340943040200263,0.08945907459769668,-0.7465624198435266,-0.7793580524118876
4855,1.5135447650229092,0.434808004973935,-0.6889081488272737,-0.8500789769035431,-0.15883937914319032,0.3389616778053147,1.0556222284050902
4856,-0.4959601112789354,-1.0102995559557464,1.0135747073291415,0.9118434624513017,-1.0764782645739774,-0.7404103191361054,0.5344801490161776
4857,-1.4039199885889033,1.1978572842816368,0.6112345444816271,-1.2874101204622748,-1.2833820003483432e-4,-0.9546605770692541,0.15828158899859984
4858,-1.2024371615500844,1.1167674105120826,-0.37832074686356776,1.3273890259318124,1.0308380480485606,-1.0534574490653614,-0.5618181437810846
4859,3.0530388768229044,-0.09708955472435998,1.0981123583574675,-0.9683124680715174,-0.4644181976531549,-0.5294300454382699,0.8480794318863337
4860,2.662501699560089,-0.5746408634820325,-0.21657059409654755,0.49087163128631167,0.2883471253005778,-1.0630631542226403,1.1130522612765912
4861,-0.5549946166399794,0.10272834744791033,0.10726914582348793,0.7712533898987979,-0.7209274486692138,-0.2807173851986771,-0.23107326749254692
4862,-1.3586236150968334,-0.7085110522038982,-1.907316410477617,-0.9276311709916483,0.6178477217409343,-0.3671121423577957,-0.1830443522825772
4863,-1.3480870715054727,1.2552377966184776,-0.5248560040007705,0.195587474819628,1.1888296332706096,-0.6886397246280295,-0.42488799796609267
4864,-1.5562819111652635,-0.5575047872867382,-0.0059349993582817374,0.18176670435540726,0.6682708924649415,-1.548175092575497,0.09342560956614884
4865,-0.11582019222455385,-0.1435865349782337,1.2728406222619937,-0.290352472614604,-0.9376588396682748,-0.4868262812053376,-0.5269506113590244
4866,2.228235644388388,1.378774093109665,-0.061311741847980786,-0.37906594342981165,-0.35457710441709583,-0.15050350732692744,0.0354075436824185
4867,3.1219021534399123,0.5841143198472554,0.11546593920616276,0.3167550658015835,0.6166901326115987,-0.01907778534235902,0.2867940644844088
4868,1.2986159229995602,0.7713732085159168,0.5566487668367,-0.8392067990429867,-0.7160811483432296,-0.320653792447087,-0.265284600577248
4869,-0.5148279412977869,-0.6902054934549879,-2.416994623469835,-0.001368833910157044,-0.25005352173744555,-1.3043146591597468,-0.44521960163994606
4870,-0.5863127841086176,-0.1610329357962746,-0.6667436476698703,-0.8500089822450615,-0.7931496243105408,-0.2997834052828318,0.3510722692592078
4871,-1.0056529013471223,0.6057556062836806,0.8767136072982289,0.3561277306734149,0.9484792049190801,1.1769709688949375,0.06809781306760669
4872,-3.020238474672474,0.6026795941754566,0.5737924036822799,-0.28039361727708917,-1.156622109828201,-0.05281771509572389,0.2597288412424635
4873,0.7819660064540872,0.6987389348834909,-2.952648386077157,1.0440185030657403,0.6757486744875545,-0.2735847681166101,0.14266011398333975
4874,-2.6198599108853466,0.773436588824902,1.709881659202386,0.5113409168020614,0.16182281390734887,-0.5400130377607998,0.16790408897819611
4875,-0.8517990868865624,0.06515871680861038,-1.106890273185484,-0.8399465520433895,-1.5022656617184518,0.8991509406225499,0.1578198492464373
4876,2.2668648339570328,-1.340773287077435,-0.9682163579832126,-0.5395040223922288,-0.47681957035393807,-0.7809206086813312,0.6835657736197861
4877,2.439728651688189,1.3821962353812056,-0.3111009829761398,-1.6509183428807876,-0.10161555185968628,-0.33472213703546794,0.7570639797984723
4878,-0.16915791121731968,-0.378445370682641,0.9894680490982501,0.49963826232829883,-1.0177033935316064,-0.5572946130448798,0.21881898315272397
4879,-0.33915805099860413,0.6362500484024372,-1.7683529020093414,-1.3695548400392419,0.07999532605108657,0.33009409460692385,0.6461955838102479
4880,-0.7512794648745866,-1.57687465459112,1.0518053091281856,1.3819734194392845,-0.6699479575491926,0.45258766620887725,0.6822301927947308
4881,-1.7446103987099066,-0.39630420235730346,0.07091960504965056,-1.0443434247467551,0.8654309941940284,-0.40566315651458895,0.04705450223939755
4882,1.617361266154775,0.034822470138685814,0.26990921670401286,-0.31648481610300067,0.09917620550460837,0.06281235250198978,-0.07924703583464225
4883,-1.7949626722408978,-1.6999678818920825,-1.3869034755203964,1.4049356288741237,0.5323566282645659,-0.7736184103211334,0.6433052341938803
4884,-2.773135434787141,-0.7533080946484579,-1.109434475903106,0.1729933480955928,0.23968787067228567,0.7245406875829724,0.13282388855193977
4885,-1.5320140417157464,-0.1653898696939604,-0.8967691939055344,-1.7024470941338288,-1.2622822558414397,-0.784325969547091,0.36596240730783786
4886,-0.621781461274326,-1.4099415765307013,1.613432479213832,-0.43639163509509515,-0.6682723380992617,0.16092333057596966,-0.5962943067762537
4887,-1.904433850002011,1.6154896171912951,-0.6269574948396545,-0.3304933038605646,0.7167991090219642,-1.0010510308831249,1.1210581054640782
4888,-2.62349644133904,-1.701844149421336,-0.37718095980224314,-0.8344379620345993,-0.020065344405222955,-0.5301330368009122,0.4297100918232021
4889,1.6192428275182846,-1.2680559609588913,0.9489652098676711,-1.5384555460286204,0.5141789335922379,1.228416543677242,1.0593512696341754
4890,-0.3028548103944101,0.5297872348878894,-0.38764225434274213,-0.7436061722266467,0.45456273383306084,-0.5037052523488151,-0.44387025997810947
4891,1.0687957522977252,-0.4978919169023684,0.5410221394668862,1.0569581334251967,0.09277344608411119,0.40563523632309173,-0.07083308757337294
4892,-0.27362221065752473,-1.8039549618672617,1.3507384687637978,0.284332228109268,-1.2593497268828122,0.6869183197010867,0.24923747880399957
4893,3.2011862200438324,-1.5240562534317887,-0.08038984472800999,1.2651565573958101,-0.9096078509383999,0.9532966699156564,0.5932007440041455
4894,2.41789947340618,-9.293230312837389e-4,1.2190054616977133,-1.6367346725514147,-0.15540126534204554,-1.0198598805881716,0.5953069408553399
4895,1.8238511988175656,-1.2108226095240335,0.2222486053960901,1.2926824132310586,-0.2682027661542772,-0.01792180114913965,0.3706360525197225
4896,-1.0140900809051965,-0.679940508966758,-2.279068943496348,-0.028944781558624143,0.2517504122826612,-0.24891194425576268,-0.4488194594605443
4897,0.015091490075734272,0.48919851873326664,0.006156406831571218,1.0565490722742308,-0.4145105831505055,0.07448287153212603,-0.4931581813832165
4898,-1.498196591013361,0.7919134025848225,0.14524775461635783,-0.1928669103932641,0.45951223685079307,0.6848856616060295,-0.24472062812254333
4899,1.3989155827658486,-0.2564501027829687,-0.3743625663966225,-1.544788308680112,0.15148535658189013,-0.5013225457655123,0.0476758826740247
4900,2.193218417135874,-1.4828454109957636,0.20459522559090937,0.48327643921309554,-0.24624072731675062,0.30066976267016166,-0.8974841797834119
4901,1.5056121402512594,-0.9791148478294972,-0.2183104450486903,0.2570907823102465,0.16823758195520624,-0.45337943003280434,0.6763870022223356
4902,-1.706962127056071,0.7158446654284375,0.39380412203444354,-1.0366995328151227,1.2991064849307743,-0.6481082872554724,0.21245189450880764
4903,-0.7786463153829238,1.576023539032387,1.2559043496550948,-0.3409921643286023,-1.1746924229278903,0.5559413595664244,0.08431891047561055
4904,-1.4313945584970562,-0.8376829970677898,0.2573631238795522,0.24162157536729942,-1.0534354276549904,1.2467754517788008,-0.6222638221174949
4905,-0.80245545802810625,-1.3659095520405873,0.9279767339775783,0.4098657877823418,-0.9598661401462601,0.47995761327950553,-0.7358190620557653
4906,0.28388087398921114,-1.5101141826391713,0.19313872917971617,0.9677584536050478,1.0078048687129546,0.7463569981556866,-0.42872991884542855
4907,-2.4518393485482823,-0.8940089334836443,0.41778833349272954,-0.18402573393811753,0.0997797745026943,-0.6234328026794769,0.7743959604074135
4908,-1.9177741906530823,-0.6227009474546287,1.3397406887369678,-0.38351327982897016,-0.2790850569323085,-0.01657219806210665,-0.5500423396615457
4909,1.3717055000632925,-1.3980620996877369,-0.18536492463686824,-0.9157843219049743,0.2254449884296613,0.9523064511613046,-0.07123321629086765
4910,0.04328623172709999,-0.1270317426364451,-2.7029944009257387,0.6296395478845931,-0.42576781480517095,0.8668791382912876,0.15914742682731772
4911,1.09576033002708,-0.7552141005836205,-0.4200071351243811,-1.4243325177323187,-0.3874785059911085,-0.006393684137825075,0.18178930381499128
4912,0.6430530286802671,1.4079724792842578,0.079761712831966,-1.2355562238641473,0.1561002629430845,0.20206878632046682,0.548094195449344
4913,2.0896323389140536,1.6099520640744451,-0.025484348098611935,-0.4317961723837445,0.2156236526098893,-0.2987806791166877,-1.2083021472097921
4914,2.058529833690158,1.466040365803985,-0.7181310400037342,-1.7510401034711855,0.20394775643817692,-0.8914474366949466,0.7301083069397248
4915,0.18821099042729256,1.1227714274064535,0.5967520100440572,0.6334917295475475,0.010122515905517325,-0.17259375316133885,-0.9507458224220066
4916,-2.848503837627252,-1.4041236858232766,-0.5518179456825304,-1.1221405478388344,-0.8464662662174568,0.44820899496123595,0.34121396342096305
4917,-1.6943285083316335,-1.3815785456395417,-0.48333213838918004,-1.1476775805402648,-1.4420178311617509,0.14614985271381306,0.3158409585297488
4918,1.6553315768933445,1.4265398697066844,0.8906717699972772,0.6090008653834309,0.9049776452152624,-0.8165434333949401,-0.6776362951920987
4919,-2.6868149597139688,0.15942478284886227,-0.25568067719781934,0.05655616241783792,0.7746668981597299,-0.759894804628767,-0.03426290574007041
4920,-1.0311588270814669,-0.31016792257674886,0.5266697687386259,-0.3226649167640234,1.0471499608336834,0.10530210509325251,0.06078097573830431
4921,1.875962181974196,0.0687474191442672,0.10812786316647403,-1.1211177111468105,0.06499882655037892,0.422328364496284,0.4822288146793441
4922,-1.9715822967399932,1.6513201482067608,-0.7878672542567172,-0.9026872695923027,1.3523012736052604,-0.5253162244508106,-0.06075778541132171
4923,0.7029845936538449,-1.5075761551017897,0.6862766447344775,-0.002336314970790935,0.5968195599878072,-0.6606249215642499,0.10652171926114967
4924,-0.850210063483966,0.35969857889202417,-2.469412936230214,0.48489202323611735,-0.9004313594437791,-0.27549670640827495,-0.11159963663635898
4925,1.6880960605125261,-0.557685850372697,0.9282597766109251,-0.14698105161454575,-0.13274832101101333,0.13148230508060668,0.06558306838825151
4926,1.321614901627435,1.5144469286724358,0.027752150637373026,-1.6248170066431908,-0.7404386421915509,0.8663320045979294,-0.5174418645260223
4927,1.3652000012203271,-0.39657326760939954,0.17833726020308283,-1.5085252511755745,-0.39564060876806356,-0.18887398241697193,0.902607813855711
4928,-1.1157561288648004,1.508098599572301,1.8563844386500028,0.8082995042783188,-1.3232093837525503,0.39800914161852263,-0.23625457536811645
4929,-0.9339590827142878,-0.6320186436972268,-0.17351258511390627,-1.283615570934228,0.9795265040284533,-0.25326340185350316,-0.4728164074119839
4930,-2.184664499000863,0.024912512557353578,-0.4785958728997938,0.27939200907348816,0.24936271405943217,1.5662080120436621,-0.46878880099777165
4931,-0.9204263555876769,0.85076908914863,0.4955683791135936,-0.09235927896401197,-1.3938409334075197,-0.8884886578338781,0.5430185271336068
4932,-0.03193605817102115,1.0231699731692152,1.2914131204986194,-1.239450636075988,-0.473457499106678,-0.5389189667284884,-0.5349191244175856
4933,2.2987619579311476,1.46265129819122,0.22588361624824863,0.4183526900127761,-0.21188771378299903,0.46287337406237494,0.07428436554850025
4934,-2.7104600454693117,-1.505538606130742,-0.65548532407585,-0.9437475605615578,0.005743824052099398,0.44838997436087114,0.7585903749100015
4935,-0.3825844153657224,-1.0574669960959016,-0.26953550382381775,1.0434192996170548,-1.1247568663664598,-0.7107321479868322,0.45235644253935325
4936,2.5175291871355094,-0.702983525834861,-0.6683123237296257,-1.3774451540757915,0.13486716431189036,0.14927485509810245,0.6948151922905915
4937,0.9371708845379808,0.3743282141211591,-0.2602484662293233,-1.4409322385338381,0.6950677375403831,-0.9277411036653918,-0.20127887030432895
4938,-1.5270933309721348,-0.1369107592041726,0.39848203977214897,-0.076087811153994,1.0659996286897875,0.1939800595567237,-0.3796713968931935
4939,2.3053864564385633,-1.3856957481450012,0.32725716600219595,-0.8854789812519948,-0.11744120847305868,-0.09819864117359625,0.7505136537739462
4940,-2.110408277389177,1.4052062610488156,-0.4229733873642974,-0.445406588821779,-0.09524522391127858,0.3131396153974667,0.9847066683329196
4941,-1.4097188367057718,-1.3320005651831617,1.1127585226661563,0.3445282977322316,0.4956975512929448,-0.8152931584496891,-0.30781115441549683
4942,0.37839514064655394,1.1248452663399897,0.7764114436637507,0.07321011921815815,-0.4767272485759062,-0.188810814033365,-0.524463089548168
4943,-1.2453808520367415,0.8110808131196684,1.3031908675634807,-0.6210048372705165,1.5520182026059113,-0.4086903510860804,-0.8029167091383753
4944,1.1469050360773971,0.8223551680008633,0.8464320810399311,0.7673764902518931,0.2456002543406612,0.19849610249895602,-0.38409602988093566
4945,2.5953160937052844,1.0423193524945786,-0.5527658042067561,0.6670692467759157,0.010616516969785321,-0.6844415439976422,-0.8579707437854109
4946,-1.444350143720301,0.48998623644000644,-1.4634410481506341,-0.7534746396505528,0.06899348084772046,0.4379490725575834,0.36851004620429706
4947,-0.6635825867291262,1.514949063338076,-2.194406096482368,-0.5831517858231039,0.030006207579246238,-0.7177531594624297,0.8755996318637029
4948,-0.99926657891012,1.4272407087717898,-0.6283917642530622,-0.6238231064108587,1.1795801762678952,-0.27187314149395614,-0.7182712680275773
4949,-1.23181124077717,-0.6505665691271096,1.1032388548542191,0.4523236586254331,0.38484470261826553,-0.1603200323744731,0.7423960613272681
4950,-1.1124503054496544,1.6370385707446629,-0.22818478009267146,0.22685006789670736,0.6951607865937917,0.4546476476135374,0.1961192927318063
4951,2.526418587307012,-0.3361546402288935,0.9318103784231956,1.3865890195876025,0.20078772252043234,0.08157021286484216,-0.14958979430448802
4952,2.7255442536581187,1.5625038122457997,0.43253031753892063,-0.2708619915776447,-0.1505394873798124,0.5959708993018237,-0.5399256556822273
4953,-2.0386446305018744,1.0034691560996896,-0.5800979516087289,1.6313660565131087,0.3133638622107279,1.193359589592695,-0.19859849992524065
4954,2.053252546877443,0.5182260443972884,-0.49561279451183277,-1.4044379212400364,0.1988273376184394,-0.40063609457870364,-0.08319285591101443
4955,-0.19964553809400992,-0.3932185376329249,1.2427158322972456,-0.24703577271448782,-1.039141071147684,-0.976341390358303,-0.09496272670113858
4956,-2.260210731391536,-1.6184158346236077,0.13733039344309303,0.5121051254271859,-0.19311604215065503,0.3347372215320952,0.4951328850922767
4957,-0.809317851009498,-1.6469482016522141,1.208469487912592,-1.3211208470616287,-0.7598470271687509,-0.398762345323417,0.12212970613393494
4958,-1.7288811665971846,-1.3413244446183554,-0.571568108000912,0.4595293189260641,-0.1638744003146526,0.31351841483605,-0.7444474917681937
4959,-0.6215479334142796,1.6795855745347386,-0.38599429291791204,1.3156766645243674,-0.8359115639595052,-1.4533492421595935,0.14422999906310238
4960,0.12210155287825922,1.6469384273463454,0.6947360219544166,-0.47335948398026123,0.7653832047527045,-1.0949154550574802,0.8808649488667395
4961,-1.3167953681199114,-1.583330968267974,-0.5135763399954317,0.05933350368645136,0.5743193694708891,-0.9510454628611609,-0.020614511517649134
4962,-0.2146623105302088,-1.8354259407218885,1.3166583092353474,1.1030196286833318,1.0902029326213025,0.19190583405511846,-0.48684271347003893
4963,-0.5893910966216949,1.319625680964509,-2.0282057609466353,-0.9254251363419915,0.12152742397668037,-1.0091390667653424,0.3847136879767303
4964,3.0034121394819966,-1.2821033948332006,-1.1817849504246027,0.8900209297041229,-0.4265728416951894,-0.8664853895331612,0.9860878534431808
4965,-1.4228348263037072,0.3259273639503459,-1.1200811246900917,-1.6117442914820637,0.33843615606337296,-0.8487758177374725,-0.7165162168126723
4966,-2.634536952566726,-1.3700147539515588,-0.062031908908639466,0.20880111894371964,-0.32323364414998,-0.30359110957460167,0.030454214769462223
4967,-0.7043625290651386,-1.231201550951674,-2.385617754651757,-1.2362394237865073,-0.5911209432282649,0.846612157756419,-0.7968375445082161
4968,-0.5545827961537202,-0.18854361636425238,1.3454162384693382,1.090625897830729,1.5674622305703358,-0.392621763251347,-0.8262162031485247
4969,0.19697469868965867,-0.8587093121054926,-2.802186817420717,-0.07038293909596467,0.6116843117383401,-0.15533074890532078,0.5165039307126534
4970,-0.9877459759250469,-1.566274529472856,-0.9286707411417785,0.883309985901937,-1.6177340007065018,-0.06502613391885902,-0.652320763246628
4971,0.09964409594654743,-0.7230932018999522,0.6859331492629119,-0.5256969711138265,0.5118323610480664,1.0677386995324514,0.6142979571626671
4972,2.443362429995513,0.10247839649530324,0.5684948592951944,-0.40681570207141593,-1.1829531640781012,0.3113012517009648,1.1708985409622221
4973,-1.9136866053783004,-0.8856995894612831,-0.8005571759252517,0.16828958839699687,0.6012457242269326,0.9111766512559152,0.06552310999511013
4974,-1.162522322789654,0.8984547189390535,1.088039988254703,1.0666098504225139,0.42281930762093306,1.0291320045563346,0.6269357764528921
4975,-0.6517841672949019,-0.6586117798287917,-1.1711615962514323,0.5733880903983083,-0.9029798212903289,-1.067883512210521,0.1108705150967495
4976,2.7797020048541308,-0.5757868170256024,0.14254412121002427,-0.3141227918198302,-1.0640127747901589,-0.2965515837419961,0.812595902472491
4977,-0.40091765959566816,-0.8323146885179489,-2.844608945984752,-0.15726452877489705,0.179988136732052,0.017626994136714685,-0.5144345998365086
4978,-2.168802618964321,1.1512573205782648,1.4446026475608311,-0.7000994392514295,0.8521296509840709,0.6613038066643798,-0.3825119865357413
4979,-0.8971104434439411,1.0561989934257976,-0.48221176666354765,-0.6589589202896099,-1.0283496780948431,0.16928384846542482,0.6341535727139279
4980,3.359824001769574,1.5262578649828484,0.9575123898548337,-0.16231513750233287,-0.5015870138214751,0.6687703903949601,-0.2590646273755829
4981,3.0216381376834116,-1.5811486088965931,-0.8062328334676937,-1.0105427690476823,-0.2543475257356641,-0.13878642638399613,0.7311233819036741
4982,-0.4376618156532271,0.9455453143193122,-0.7752406261372637,-0.7135910672588429,-0.271314379162986,0.04487911026778568,0.4262454817559459
4983,-0.6839718575375231,-1.3654761041607288,1.529866838940383,-0.9099604810520677,0.0232401541125644,0.451048714551811,0.2792874305979196
4984,0.17594810755769985,1.417915313964895,-1.4296817667247463,1.3991897622766225,0.29870597865289433,-0.5153053109401361,0.1030312055158063
4985,0.10692997193148863,0.26967044606656587,-1.125181712937384,0.2932051298948911,0.29756434358536726,-0.16785969672153725,0.3842522975405377
4986,-1.9371544648478074,-0.7027924139338685,-1.202994405117349,0.7183708541501127,0.5886459837414629,0.9796462841395044,-0.05909890010602117
4987,-0.4489716752435936,-1.6149525931545996,0.6655343377695606,1.060231281735602,1.1676709414274276,-0.4079854560363213,-0.7909052804665576
4988,1.2049884071093113,-1.4421472913344178,-0.6159982310929203,1.3404732862835735,-0.2235086110113517,0.43191520007608025,-0.44025321852758537
4989,-0.33948760000922434,1.2155101772275734,-2.6186687125090327,0.4853992175086021,-0.38531489083262127,-0.6196327498527608,-0.3621649920950612
4990,-0.32160306165979513,1.730068974966118,-2.4868271051806574,-0.6766311759506229,0.18029633443049725,-0.4509425645669268,0.1406205507156988
4991,3.1401376462196264,-1.1735789048214689,0.41088750700119125,0.7025953125170122,0.8116527938485864,-0.2657360151213669,-0.6576692131743589
4992,-2.034142085752513,0.40951070509879506,0.21343805289497111,1.769864285473634,-0.26677068378799107,-0.6357966797078565,0.023678216178474952
4993,2.343207914946136,-1.3552540165601086,0.8957986080965186,0.9354565940998242,-0.127253441025028,0.3650487277343833,-0.1296666713894982
4994,1.460540768148575,0.4631350283745929,-0.511240914961819,-0.09121557735042043,0.06112606681109178,0.5601305582455347,1.1199506070079825
4995,2.6531181273747872,-0.9668318124052191,-0.11611069350415486,-0.33495022260586116,-0.1339550341241405,0.5144816830143113,-0.7746451783123567
4996,1.4579573901984335,1.6529220898216073,-0.08975880587980843,-0.6576601801868944,0.491297848608324,-0.056262510595941014,1.384101093085263
4997,2.3335831161790406,1.3257796242883995,-0.6891615876947501,-1.2735573359026067,0.8409958120519012,0.3184484959853444,-0.205470614512862
4998,-1.7511191230743657,1.5387278906542827,0.7131060595766727,0.9813307541488131,0.5069875309944147,0.14096882533779573,0.9575286094036501
4999,-0.4021139129948987,-0.32574975674728296,-2.848440368913827,-1.086668545209478,0.8076548377091703,0.40335614556662835,0.20649767789432175
5000,2.072763100737459,-1.2238920434236364,0.8346251075877992,-0.2581821362199244,0.850047152785633,0.4607676376536795,-0.060550773160239824
5001,0.3118419750532333,-0.5017431109770453,-2.415463488368978,0.19862042249958722,0.37741078981288334,-0.2749383349584074,-0.4901851771859686
5002,2.42288346739257,-1.1357607602897932,-0.4945487250247273,0.7019754645227586,0.5167514860916347,1.0715488849492687,0.5953094870175374
5003,-0.6645415347917848,-1.1886115578215453,1.1347507099383207,0.013338263941619037,0.013399453337798989,1.0616557832939382,-0.21410589457916285
5004,-0.06101100171971963,0.48223881072215424,-0.42641310622209616,0.9616782014508451,-0.1759085091017036,-0.2806757779249973,0.10029636987260152
5005,-2.1568070239727173,0.29673065164070533,0.5290274705058394,-0.336235152728603,0.07508570739056532,0.9621705657587764,-0.4027069642694606
5006,-1.6428227133072035,1.0583392787286183,-0.41381503184525686,1.2034268815614269,-1.6353533884752138,-0.1633899474617087,-0.2983140045742292
5007,-0.15661787195824417,-1.347596111208164,0.6899209256285295,0.5223525680695532,0.7164055313232487,-0.37467166273021524,0.010973720678354233
5008,1.7077982548303425,-0.4284865850058962,-0.3687790058454179,-0.8481808510474996,0.023516734123240516,0.8942854272929889,-0.3743499691537391
5009,3.2852852217493953,-0.6327424458029881,0.054794996654905295,-1.617227910763645,0.0666157758524956,-0.17162285335715036,-0.057966953950444426
5010,2.503864874553134,-0.7040674873514816,0.5845407852279295,-1.8043869861286739,0.06347578790086142,0.1782395859745589,0.7584939600092999
5011,-1.6714008755100291,-0.9563534050156154,-1.2477598536956906,1.422209477865684,0.35907548944381834,0.1746213911144093,0.4077272582897773
5012,-1.9132379326216227,-0.6995839328413819,-1.2047368618622583,-0.4981777164070734,0.4770728914102134,-0.45027486912450476,-0.5218925490357307
5013,-1.4647774482727431,-0.23677965827443304,0.5089816672738201,-1.0953002388947588,-1.2985317490131314,-0.7581544551346404,-0.1880652818334058
5014,-2.5230313191298452,1.3643416666291104,0.5097743044778996,-0.5549194838612587,-0.5035601128134463,0.18361250121554862,0.40883921582579724
5015,0.15052235281940674,-0.21719378568358622,0.519436146442089,1.314765880039499,-0.7259250919585665,0.2599942967316561,1.0366907758665809
5016,0.5968283837210308,1.8063557219561377,-1.5787291981447005,-0.2142986915235805,0.20276530983668115,-0.060021221109589504,-1.136725325188959
5017,0.7146304087188606,-1.3227334536639244,-2.77322978960843,0.9676155163994795,-0.3298116754888044,-0.24184838920374221,0.22519926325391637
5018,-0.09166998279580867,0.9737132458167842,0.4342116504595752,0.34442463836454656,-0.42688214067632563,-0.5929463814963307,-1.4486486787011026
5019,-1.1288704488859351,1.2004649929664832,-0.4989558451144262,-0.19886172128881258,-0.35102944217967597,-0.9461066757322508,0.7002313616176788
5020,-0.31848035248602496,-1.408803190606577,0.9141863868262607,0.972676841546375,-1.8463650462777488,0.4399810417241537,0.17474796007496582
5021,-0.5039725179936017,-0.6355570795351753,-1.2361504943490453,-1.8628061047159767,-0.6462996411594056,-0.2818435071789629,-0.6169080312548939
5022,0.4772747388630683,0.9029656515534661,0.4159392601504489,1.4583924464064317,0.5755421917155636,1.0298126816845103,0.5933478758053625
5023,-2.9849427422380903,-0.38655616850777197,1.4653773974271,-0.8992466703770464,-0.2901663775382968,-0.05847302639708008,0.2184649478315728
5024,-1.3139854625153122,0.07051176911343564,0.0846555457961292,0.6594400341283385,0.9005294489045287,-0.8371867427219641,0.36178788168898607
5025,1.8988871117822144,1.343001477502022,0.34363890735588737,-0.30802194401600536,0.2670595455852288,-0.7067391556486192,-0.29139975204558394
5026,-0.6585368278854948,0.4582052796762632,1.501410518457769,0.8723381454163327,0.4282223256007981,0.1675666278932196,0.44996670708583614
5027,-1.5356646913479235,-1.677149358953771,0.9119319860264524,0.8595521231080939,0.726161170930033,-0.9137383705804047,0.8541978220466007
5028,-1.2936316345352825,-0.0027286452408867095,-0.9399620252933164,-0.9016194825682777,0.07080925989121455,0.2637304019937843,1.2313372583547049
5029,-1.6436990315545643,0.5064297019578069,0.2164185977153953,-1.0150714084572756,0.46725106244403547,-0.6846884559836813,-0.6232112939548465
5030,2.6231337287206977,1.1530451638011414,-0.112554003554222,0.015399126233086764,0.23174921404133902,-0.22166786706241243,-0.14013716758986228
5031,-1.1058050367358156,1.0126948160236342,0.48084897647381136,1.7078935084039866,0.8271338047771407,0.015433969662267342,0.575342487921915
5032,-2.1119130179450236,0.6245603510101354,0.772415581624167,1.2891066604997155,0.2611680662416382,0.7276543209008134,0.007200673206896308
5033,2.1005937751643704,1.3219034078142733,0.7698258750248237,-0.7963433454366992,-0.3782098528855644,0.9175175802357535,0.14721336951952024
5034,0.4427735486331981,1.4100533836356954,0.6275465141314794,-0.9474605176398905,0.1675644101764728,-0.8728787028008101,0.00818338682343362
5035,2.218048148545811,-0.0905898960231764,-1.0361577607050465,0.22692875181543512,0.5954224773141099,-0.7606083124041781,0.45475547540357647
5036,-1.6476052072080307,-0.25323725540308617,1.1758214810058638,1.204560793386353,0.8206768779788463,-1.117055189812924,0.09466853825068991
5037,-0.2182590895230175,0.33511811801439567,0.9711094943977758,0.3888760321796999,0.5168259488382227,-0.6227443454624746,0.8214261386864566
5038,0.8436393061901877,0.45478743082422846,1.0639772277996706,1.042516683446781,0.7926089709290225,0.35141314431956294,-0.9105245147795888
5039,0.5181564515191418,-0.2791031195776067,-0.39342233552011097,0.550807212576509,0.7498293435787763,0.8992826153442484,0.3056903572377227
5040,-0.014633143228578099,0.03527633988242772,0.5806512224151357,-1.3095433779430232,0.5412765274381285,0.44032691012634556,0.4922705991443426
5041,-0.8215236709703999,1.649506091102691,-2.258485933922408,-0.6407612913419716,-0.19587397467559914,0.3807832939674556,-0.7115301591479859
5042,0.36628136340302947,1.6478876966100662,-1.8327935673244238,0.9787772929852955,1.2301131097809885,0.07686501069562535,-0.8352945947866496
5043,-0.5065623009539822,1.4960373859697733,1.4858957345652837,1.0370047505696196,-0.3068140440791168,-0.8754098516622848,-0.13962342076832024
5044,1.9506246227597401,-0.5791123328575899,-0.6545808636866968,-0.7797677109766586,-1.0440665054987848,0.30969497853955696,1.113436999998084
5045,-1.5039242034641662,-1.018002470327907,0.511542752773679,-0.994596660074376,1.5904130895859532,-0.07985962777913079,-0.85478629804530315
5046,-0.45284829864360104,-1.0943905839456762,-0.7383968783065745,0.6966844104442312,-1.1032276382937423,-0.72504500346491,0.23389900530306595
5047,-1.403745127087883,-0.4913368617099264,0.7683055171712255,0.04258188460442515,0.6768701180564822,1.5886032944120605,0.18910980573059225
5048,-1.3255178351054928,-1.5443257931903691,-1.6427789067308385,0.7118103019308848,-0.2685889625762166,0.02476901854228136,0.2577348446495674
5049,1.0145263961428166,-0.0032257647236511753,-0.371217313948331,-0.9363074509161683,0.03753444109630425,-0.1246170383465387,0.7805412090259385
5050,-1.2950483772417538,-1.3730105208399068,-0.3290686178682528,-0.20508385926325082,0.40663419096841497,0.6660729125367398,0.20633744163416468
5051,1.949184347158435,0.9967606814066674,0.8158270278135428,0.5929624388175659,0.8157230264801993,-0.744515789345805,-0.8794202918639688
5052,-1.0246817559474368,-1.340018182936387,-0.4837388098365444,-0.9469944412765329,-0.9596145310481525,0.07250124032570948,0.3031550796781917
5053,0.4580658065781742,0.6454966051999393,-2.026145293931859,0.8170227285951862,-0.19910225271689946,-0.2399024438959937,-0.7403636583913501
5054,0.1796588863641969,0.44907492214404066,1.48105280353811,-0.9342375911389899,0.2794511764797263,-0.1239000964176694,-1.0901014907641502
5055,1.8776380329669538,1.1518686966700227,1.030675052052044,0.5881050640868546,-0.5496430675668922,0.9008710339253005,-1.014846537913849
5056,-2.5129456817977753,0.5551489353968286,-0.7388771236897641,0.15801298179330703,-1.8461282494974993,-0.28844185029983793,-0.04875895223574784
5057,2.1303943892964257,-1.6346124332431298,-0.1360663485599905,0.6819469483464992,0.047815414242764746,0.18559676458923852,-0.09318406812918854
5058,0.1813285471548466,-1.0394034317506313,0.07032128866830241,0.7516797809840335,-0.6124358710790673,1.0719629240061808,-0.7896241607816217
5059,0.19967937088276222,0.2404890350352956,0.7049901775893841,-1.0492457656252985,-0.27341514295834557,-0.31255133146857844,0.41909678862043115
5060,-1.5634968631873272,-0.3356780907317694,1.6628550112763971,0.007725543969325019,0.7705651128565134,0.4416614126892277,0.6142442167197647
5061,-0.37310241793985305,0.046560586726135715,-1.1164475316936149,0.07330991852281496,0.7659829927510876,-0.6317466031501255,0.22315845632187373
5062,-0.8421981005020778,0.12502617046565095,-1.1032329315137577,-0.4937513838968506,-0.06741470529979528,0.9281482148265057,0.26015627957936044
5063,2.354078628618536,0.695345183615176,0.4451563908217986,-1.5489095323963915,0.30517709494847894,-0.9230384095988113,1.0856513222722235
5064,-2.0779378366269596,-0.644193514263754,-0.04487865001164483,1.3374945282064905,-0.03208446236349117,-0.21534607824785848,-0.1634057079753235
5065,-0.4682662753435239,-0.6346125796884778,-1.3175680390873916,0.6480224459695978,-0.27171866682039375,0.6522547496489944,0.43424509398867184
5066,2.860632833533538,-0.9151267694335495,1.0155475305530886,-0.664810832030541,-0.36231211404346414,0.45564651511731885,0.45030678255875306
5067,2.2344197131313077,1.337453713055085,1.2945590158577513,-0.9633162094198274,-0.5437608654992541,-0.26660119535940374,-0.41599326594932295
5068,2.4607288201993125,-1.413390929734094,-0.9607906643450402,-0.9082921053768888,0.31801665779010846,0.6824965823128628,0.12287077991852612
5069,-1.0107462813943078,0.3397862568632411,-2.428621851261537,-1.322630913824449,0.6563376383297959,0.7288288176515466,0.17684949225566923
5070,-2.208632225930616,0.05763525914345421,1.6821539420045872,-0.350666646177232,-1.8755966783537636,-0.30120495617241344,-0.276617613428082
5071,2.125914869732418,0.06460411334445702,0.8605855423583166,-0.06377182768176548,0.40063884644131864,0.7271192538560847,-0.8933097246868674
5072,-1.3304450163403356,-1.6477392047013553,-0.8724478811701823,-0.34400110815849666,-1.886493066285524,0.2675499169864507,0.39883383666608463
5073,-2.783364353268235,0.17664356822585686,-0.8830386132660335,-0.08359939749669111,-3.8196754392325803e-4,0.664898589727348,-0.34177737213970694
5074,-1.1695720803481036,-0.29674724664046337,0.2463284089783955,-0.8131659835979521,0.45332677900227647,-0.45359962413361415,0.7702673780142056
5075,-0.5287594705756415,1.6324905256127489,-0.7508304397124741,-1.1503753110233133,0.5862419708756201,0.3180622174958805,-0.5414891149612286
5076,2.4939651731740953,1.3237364862993706,-0.627380545774617,-1.4926994715116302,0.22843996790470353,0.08869000284332963,-1.0515471535349952
5077,0.5225728723509433,0.2710510162452289,-0.8479752453545997,0.8790391864661485,0.32344831032516824,-0.2669255962155952,-0.9678034201804148
5078,-2.6804125800466454,-1.2999464380376615,1.1416394748326708,-0.9498371060626394,0.33573719173815225,0.6668895466231753,0.7581428353145065
5079,-1.4551018168500427,-1.489964652600915,1.4845557472982014,-1.2593417774816777,1.6799346401182336,-0.3999518385377714,-0.6964008374550997
5080,-1.4820067290357761,0.8320259270626392,-0.3124730527354536,-0.7987589519196678,1.144458515897576,0.7467102052385982,0.23342020695422913
5081,-0.11974168658837547,-1.2940412495261346,-0.9852419406034372,1.0489500421516917,0.6720620906310361,-0.3628730785495793,-0.9276725773840948
5082,-0.5018526520156414,-1.54115315857304,-2.5338895082364297,0.32052763123385364,0.5816350485716927,0.13352199869002074,-0.25703278490586984
5083,-0.23393709760320497,0.968835748543205,0.022661295243385803,-1.0185443443117512,0.31845518323185884,0.313761292408196,-0.545909690493567
5084,2.092508203510805,0.6267441869305559,0.2132149767603293,0.8238422731345364,-0.6775941239176524,0.4992630083128494,0.45833958055232793
5085,0.4828586550614687,-0.9464499102819055,1.1577617248796992,-0.8231159937714562,0.3112935094653571,-0.19091948858963673,0.2294807984550209
5086,0.1275348625465909,0.2593262249790121,1.2715894563525034,-0.22467427531519,0.48351145819432534,-0.541838303193107,0.9710255093541512
5087,2.5405588335946856,-0.13613493815738686,-0.6485631267637167,-1.7246248076934394,-0.2608879909070301,0.9668572841016619,0.8139250690787788
5088,1.296168869371092,1.6678572587535678,0.9290194388948567,-0.9121016301761065,-0.6716060904195472,0.005374839637424145,0.6138513979148726
5089,2.0998649438353056,-1.1585231449801883,-0.7178146146526647,-1.1652421864014026,-0.36627000439168755,-0.7965260222238707,-1.2996381605995764
5090,-0.8103366249386899,-0.7988202365506715,1.3392369122805312,-0.07510623030396901,-0.6234581738956498,-0.5406373776370617,-0.896150179067123
5091,-0.4830954822896884,-1.2553488922847464,1.265593802833355,-0.9183443151934463,-0.8064399375919552,-1.7705988451949537,0.315531192028899
5092,-1.0861553513526423,1.5090685875970629,-0.4966004772652016,-0.7666404587231069,1.3864679699778921,0.08254302403435773,-0.29454914809787064
5093,-1.2133486810486567,1.069196640370425,-0.46156126362883493,1.297244830517066,0.8639446849929953,-0.4299511263728372,-0.1270165938218142
5094,-1.540522135736178,0.28689031571094686,-0.2430372903186349,1.226212869980314,-0.07571005522248256,-0.09170156994044995,0.5921164332187963
5095,-1.18275496658318,-1.40630559506501,0.18633682799948975,1.3598643363443537,-1.874512336779436,0.0051053446460444995,0.6456589550674727
5096,-1.0880767884638503,0.7723321427500829,0.6501297199080424,0.4310426067285458,0.28774055850637786,-0.9600890748289878,-0.45062677965906744
5097,3.9631696826202503,-1.1469020166086947,0.4480232132592035,-0.024923894338710114,-0.34328592316132783,0.39987235911074737,-0.016413497778167765
5098,-1.0736284549909012,0.8263673737559679,0.48364723106376734,1.3952440975818645,0.6593567366120209,1.4405571324535895,0.311550753224464
5099,-1.4023395521095996,1.421497795221287,1.7035424996362178,-0.5509309929329264,-0.018909108513856538,0.5696119398904946,-0.6848361720045764
5100,-0.18739812082059165,1.5071768322140284,-0.14256125182133864,-1.197442601590793,1.0143883680009453,-0.4508802614437558,0.19957641482265115
5101,-0.517882602760179,0.18178365776687358,0.7827036689079047,-1.0014685365309777,-0.21258724844116805,0.8008436522901401,0.03382429187232021
5102,-0.4139149751149053,1.7595860477782708,-2.653009021018833,0.2741386537784807,0.08557082147420379,-0.6774538551389551,-0.08733107356348896
5103,2.0305146085842525,-0.5047369765983503,0.20419920052827398,0.6188801694600469,0.2047289319129626,0.5913590924913357,-0.3952470587951995
5104,-2.0339325224612845,0.015283116200728322,1.0038921635652853,1.2369996845554305,0.5318595546168001,0.14406894659292155,-0.3496489598429838
5105,-0.23557809230977497,0.8949634726587089,0.8747962478420456,0.3233784366988124,-0.02444150952290379,0.2457776612350681,0.565205660368925
5106,2.1811435784624975,0.43294738321051474,1.0872739020973785,-1.5189276235581133,0.011001459914281033,0.9499224920083464,0.13954067620010704
5107,-0.5414962977695382,-0.2724476387460851,1.028843684699262,1.3161621270328714,1.025747881115087,0.016035226500373857,-0.680251738957823
5108,-2.4193342046086097,1.4715124597164635,-0.9411151059137766,-0.3563543270299128,-0.618417958199377,-0.1952922909099627,0.4441323938305234
5109,-0.6969359984541005,-1.3843814713516134,0.8285150718430354,-0.7923275548953521,-0.12063627872851183,0.10228214489792647,1.1245722065384423
5110,1.5696006929005204,0.5660453229145186,0.4221475281065225,-0.7065625742928989,0.22020473816065403,-0.5273021533085367,-0.8987444211791351
5111,-0.36788185080259783,1.6459617125398216,0.8874126868396229,-0.4415269352450187,1.7411008148636742,0.12575324713299202,-0.16422963962878426
5112,3.3363159903006445,0.8488862929013353,0.645920546127365,1.1571789642286632,-0.5736632338931488,0.4429787387320053,-0.14221137338557982
5113,-0.03461446450579554,0.11845932883113114,0.45135169405751957,-0.7136044139875749,0.05339991986993185,-0.3468416844623446,0.4164390111619351
5114,-0.3064240356321684,-0.43334406213890575,0.7844890406085736,-0.11185444135612363,-0.5280598888648881,-1.570933108124974,0.21168843310462696
5115,2.621841760052676,0.8267180797502965,-0.623184835699808,0.47689104377361236,0.26923110433994735,0.5592100982499604,0.2961254567685383
5116,-1.665557230571096,1.4948415017829038,1.8817934328736672,-1.1767655795433591,-0.5224223836137059,-1.2572454489806237,-0.28910099870352884
5117,-2.2760058085958246,-1.7007281235636902,-0.13535633327627764,-0.24835767505137293,0.5958863843441904,-0.9995658872561861,0.15652695096159755
5118,-2.0319882518408496,0.5414911957305398,1.0337052187822802,1.013143357543136,0.33147724218706154,-0.3207733072987564,1.1804219660075588
5119,2.454442085284188,0.8207499625968315,-0.8158122620572289,0.24563506638555727,0.157282171449117,-0.048654410147180874,-1.4410674805245844
5120,0.8545570579005795,0.5507419322041679,-0.5560634030723643,-1.314028218938687,-0.808051232696932,-0.05864807320418628,-0.585864491817463
5121,0.24239553454311644,0.33410681753315835,-0.23001947969537734,0.6871199272563727,0.1813981327280949,0.5048726408231161,0.030609583887337442
5122,1.9053655290155782,-1.2881185227425933,0.23917929582981592,1.5614968294227782,-1.2679474719693533,0.167736321593873,-0.8052846603925026
5123,-1.8542328261686947,-0.014398642155847016,-0.33761651657927694,-0.035018104973109705,0.6944602132211971,-1.5236282198089817,0.3370502611580131
5124,-0.9550773412485921,-0.9555426835642786,0.8852005569308837,-1.586936244575094,-0.5580373572492175,-0.6520075706306452,-0.35670073040091527
5125,-1.2234435754703912,-0.008319213747952003,-0.6768751618363947,-0.04602030340336678,0.051912980302298864,0.8159448628814435,0.20315223718173173
5126,2.151123099501822,0.7726433641574989,0.11654560860510137,-1.2849553151074404,0.9914578360882056,0.3654955584421777,-0.05853285398402329
5127,1.6559888640314333,1.293096160622492,-0.716452547588249,-1.6396099984371908,0.3977589343104601,0.4215759790950949,0.6461784294935062
5128,-1.1924769686788295,-0.43146883433385524,-1.118834057474679,0.9399773614216257,0.08167221977633059,-0.2191346964979156,-1.0731060104017516
5129,-0.2267218300275535,1.1453357360175052,-0.6984547277974473,1.6130166183249786,0.09299297293019271,-1.0719461854126535,-0.1248271314067043
5130,-2.2005083611590126,-0.35260625816728886,-0.35080473997403755,-0.014261607565648832,-1.231531553487131,0.0053325864076096885,0.6055889183415467
5131,2.5702739621207065,-1.0455931770807607,-0.39459394923433394,0.2508150014449521,-0.31909284932491466,0.21854584615830244,-0.5596496947725089
5132,-0.2007924946103323,0.14245584857469945,0.7160355944414172,-0.15077497037878163,0.3623962238841409,-1.049976418611288,-0.4540792509743309
5133,-0.42708078164284113,0.9935347214287958,0.43808338074429176,1.054142770136153,-1.0242488066780548,1.2544849016863595,-0.3200435166345415
5134,2.141412267579591,0.5492231996318555,-0.7678366787603834,0.6535069433867852,0.016213130441056815,0.08740984778178906,1.0073120222358392
5135,-1.2113123211237504,-1.6524520672092764,1.0719295354850669,-0.03196521474962293,0.05478551653889704,-0.5178216088203947,-0.40444012904836313
5136,-0.4541344261540139,0.28328069160802094,-1.2476888451993364,1.0801240609663192,0.7569217560602859,0.47851001436105167,-0.7145316606697539
5137,2.6041288679292776,-1.700271328311739,0.8595235647762419,-0.038433216409729486,0.8018125072650945,-0.7076668726728226,-0.08805230060044084
5138,2.6300590614635553,1.4601463227297156,1.0729914553015971,0.10958148298404076,1.0396016693381096,0.3527351841008975,-0.40553255867383714
5139,1.886643185893055,-0.8806943883470423,-0.3927113306111084,-0.2252828074355015,0.3825080421091253,-0.8573693726400411,0.5698611218198538
5140,-0.29974746372234523,1.6284197515604628,-0.8429049550527401,-0.19622715021189335,0.7207031189782703,0.3425750097247899,0.6288677152550131
5141,-2.073780935767986,0.5255753820988797,0.257881483371521,0.10912288657153674,0.2529847967110705,-0.871965161500349,0.2930347690759711
5142,-0.7448149353369725,0.7444462909281403,1.403498295424315,1.1247649880204298,-1.1411645925954763,0.10500912177488372,-0.6524250054064072
5143,-0.5792699718600585,1.3880109469068411,-0.0385931105431745,-0.8146393895209317,0.16783233337274686,-0.7277461233533391,0.6332582732381953
5144,-1.4933301481281642,-1.375516536128072,-1.306255628366096,-0.42496267937105275,-0.3414954827636637,0.649934900938507,0.5090609264088629
5145,2.8820115121619754,1.0061479042187573,0.7594916473301244,0.4755361980369037,-0.5613433232221664,0.8392111202463791,0.2096024706800973
5146,2.8517873710443435,1.4662783655325078,0.5852566224098796,-0.4921241676800039,-0.46202254050863567,1.0352687651758874,0.4692270906729447
5147,2.373078384105785,-1.4945969781664679,-0.268410506716119,-1.737911785408258,0.3539914933548169,-0.16152406538081687,-1.5722069958454215
5148,-1.5676716804033923,-1.104926695644475,-0.8050710529570129,-1.5542033593543816,1.0644308286101172,-0.7845004711646154,0.12965372481655485
5149,2.3802031746317382,-0.5616033349978797,-0.12779360873142614,0.6240957049047422,0.45432298835174545,-0.2467495359289683,1.488088522890107
5150,1.1745013392047117,-0.5865602887009645,-1.4798092267005336,0.5602151746189812,0.3951027648902376,-0.022074230695539706,-0.26477361316121606
5151,-0.204499233686175,-1.1464712960715668,1.1387781895837874,0.4957523768275903,0.3674744522894369,-0.41245538393715214,0.3645711556449201
5152,-1.1848806010426647,-0.5546560171629816,0.9669700249925152,1.1502323917353003,0.1552764392509092,0.8974737729850164,0.38175154034134845
5153,1.3380150657419791,0.6541705241558835,1.2812711604401275,-0.7507606394982573,-0.035061682899991606,-0.1119811851877897,0.5615671291406619
5154,-1.5436724727417215,0.7758757519622609,1.3631729130302952,0.7322052346800061,0.5971107307995924,1.1790905992384644,-0.9117238079398502
5155,-1.114198648567395,1.017945846856935,-2.146809113229034,-1.2022812910888079,0.6771122264765465,0.0016842813113641666,-0.3725876997117289
5156,-1.7155840913837146,-1.3377839112293108,0.8149090173505598,1.4660142033029,-0.0032777528158759502,-0.3451593139867178,0.14663164847841306
5157,-0.7006870863645944,0.29744671461110617,0.8139688592568729,-0.13356274880139676,-0.9821305582671179,0.5511306445465083,0.19546088122324504
5158,-0.6155814956544967,0.7308414082533193,-0.27761714636788937,0.63673024137492,-0.07664511575884478,0.11897216474083552,-0.06447508739007304
5159,0.9931513321520752,0.5447740590751522,-0.5602456318913385,-0.8898472054325233,0.6955291407295099,1.0528243237372734,-0.31377781578129454
5160,-1.133114483307915,1.6307810085651127,-0.5602355428331395,0.5371198669593464,-0.7298049817872028,0.5976700209882397,-0.12184579959598292
5161,-0.5978216323362484,-1.3510363440648179,-0.7892485917597691,0.26449443602058376,-0.9324750917711645,-0.35344809271895816,-0.3412751811727527
5162,0.4870341185357161,0.3991932892233028,-0.0761575932821294,1.3805616659213555,0.10710315361932571,0.570607327911408,0.5651732327188645
5163,-1.2213928155240945,0.20051891609229822,0.39471692312951545,-1.3610450204086333,-0.604739166065276,0.9685673210617796,-0.21529150200917002
5164,-1.3925540974062887,-1.0172089978579326,0.5954887043748964,-0.7071856319107737,-0.025843260139756175,0.5789662411264007,0.645676497065186
5165,0.25712958881992554,-1.5696954695858327,0.3736936265531035,-1.4310265341587352,0.7469096126657165,-0.664888560562072,0.2564878458083717
5166,-1.2256934867663345,0.32204880787760687,-0.8309780505561939,0.7040145641738882,1.3078833241238408,-0.7308350036100479,-0.5032033317725263
5167,-1.9044032366349046,-0.6039927244498345,0.15055792661409906,-1.055568611845781,-0.06310391135109748,-0.5905858147248438,0.605164843041418
5168,2.970324503867708,-0.7185268842875059,0.00987665335594438,-1.0735859194909132,0.14311280087057107,0.12649462712653023,0.32149191221248985
5169,2.3836024731848915,0.8442640365525028,-0.2507885969688825,0.5691835904221704,-0.1092172916463874,0.0990389541897728,0.8793035776482067
5170,1.5680366254343663,-0.07542971764083527,0.023796643850953005,-0.34535188316235765,-1.1030210391081,0.13566219896396453,-0.284185253574947
5171,1.8479479613344587,-0.5290639366157839,0.14983178105208406,-1.4715939874736865,-0.37427016809984753,0.10508252022197385,-0.7873978690864357
5172,1.565146439009814,1.1148375869748162,0.2602660738912701,0.13526409378792464,0.3535230685453276,0.28886098922984443,0.5449383745727449
5173,-0.06919766862075179,-0.9183841053981691,0.4786136725157709,-0.47558741010254896,1.023449387091563,0.7365820206658495,-0.28661498528470714
5174,-0.38955185548718163,0.17496832803446433,-0.6967042886336056,-0.19616543238205822,0.7812780450575674,0.5940518758521272,-0.14671737689731054
5175,-2.141938564068506,1.4539245119172344,1.5294897182827714,-0.6079226091893065,0.7099585630681212,-0.33809747586079997,1.0507892880830125
5176,3.2351202634942338,-1.1863896462573262,0.3175379752711927,0.762625863343085,0.16077286489301043,-0.2681639301321322,-0.6996253290963313
5177,1.7544126307193815,0.933466566881208,0.06552944743215297,0.6145709241990017,0.8970923365363294,0.7958132981976943,-0.9488761710020532
5178,-1.6405016855962216,-0.3607498262535402,-0.17034526565633568,-0.9291258240527384,-0.6302146515516813,-0.9622748221236308,-0.6956468947121608
5179,0.8357132139948621,-0.6607198791131811,0.5233564203281017,0.9623925552711273,-0.071961448713377,0.8524660306171058,-0.6405090666202675
5180,-0.5586111071805013,-1.5841785353994173,-1.522620474974174,-0.10337667198770947,-0.30497053955224196,-0.07326290459225976,-0.13614259929660666
5181,2.2941268591012736,-1.5189393978631045,0.4684452320843751,-1.4114858479990706,0.3145996642346572,-0.6545250206891609,-0.8848505916544044
5182,-0.8736542394757962,0.08649159915167615,0.017278588454241406,1.084339376393091,-1.8665374118634528,0.3909238395201078,-0.568217787992404
5183,-0.9135958743614552,1.3682893347366394,-2.8017204257702284,1.143415738015812,0.24765079560110356,0.5910158077384476,-0.5958626194243714
5184,2.274643177078508,-0.5652732628195334,1.1380820754904775,-1.575892705160296,-0.5904287804775651,-0.1211257564744329,-0.21589173295320008
5185,-1.3862345781447603,-1.7943065898690718,0.420457133757748,1.0648401887932224,-0.6478084416631678,0.40968496055081555,-0.4251900953276875
5186,-2.0679341067619066,-0.3652172855899755,0.800438988946728,1.0454290162570288,-1.0723798680722951,0.2578727874030737,-0.15198820280623443
5187,-1.0038817644132958,1.2390648795706283,1.602561680978404,0.7833986090051135,1.1290043875289815,-0.16844980377291865,0.4330953943848633
5188,2.3791942042598104,0.8894741728123033,0.7615748423071456,1.1954883664680866,0.014903922457324952,0.1905517217361255,1.0354840188290828
5189,0.2407447443124947,1.2932469345038895,-2.865954736679958,-1.0184246878556078,0.014593999383911834,0.13694376806492423,-0.09915068185146451
5190,-0.9658619570411385,1.3358278398062526,-0.022750798309525377,0.007501325787942986,0.7087774966430082,0.3540611886013153,0.34053727600696987
5191,-0.5454146491786385,1.307445277112201,0.7378742621860278,-0.8118178183203834,-0.8646338689865894,-1.6941918658602897,-0.11315861942840319
5192,-1.488623420731421,-1.6189022282141523,0.6817183918612338,-0.6634402823301702,1.368295033725808,-0.7646653435393537,-0.6374550280537395
5193,-1.6467493056265947,-1.5223467258399532,0.6031246864872416,1.3812033649403375,0.0424419010745124,-0.6378005637256863,0.9151690733888946
5194,-0.6695558529799384,1.2875290124823269,0.6896453899210622,-0.438762379396402,1.40126658340499,0.11515418519109509,0.08369934728338657
5195,-0.36780768054188856,-0.007931478303572147,-0.11335539272027294,-0.948494094316691,-0.21680509018470534,-0.5037627111483753,-0.5692603425108813
5196,-0.7306972816537315,0.9418722042381172,0.6491728985456314,1.4890441752622077,0.22716964949548882,0.8405512666557347,0.2596772519561169
5197,0.8915617616888104,-0.2476040956164297,-0.467969973098257,0.466318117232102,0.19411628631749614,0.20479894481419061,0.1502787574713033
5198,0.49197323289157585,1.4364599330705443,0.16694307899542096,0.10982300811187098,1.140547151908301,-0.228364386771329,-0.3829864754935529
5199,2.284287084999889,0.9753856035889401,-0.17842734749824174,0.03837424721235687,-0.3812721796845534,-0.597400324284612,0.4079703335513591
5200,1.8213544274061142,1.710792583087198,0.12925107141725942,-1.5709621114779961,-0.17789615350002186,-0.5732588156276848,0.5619397280596505
5201,-1.2243282173988521,0.5403377178590376,0.9807262592318423,-0.855501318641151,1.1101809817205306,0.289247361244096,-0.42329711306973267
5202,-1.0823216109950247,-1.0187156789068936,-0.5927843591604675,0.3280556870042881,-1.3952105973332738,0.6818133171016325,0.16183865503966707
5203,2.466809549581527,-0.006792557324288072,-0.12664922433281753,-1.4433109497816174,1.1351238509690962,0.09766775406606816,0.9995105228434278
5204,-2.08289124155279,1.6167266060887404,-0.1561483896811405,-0.154709633305241,-0.7596067067955035,-0.4076647198230944,0.828347869715918
5205,-2.6728334639980162,-1.4770927691952807,0.6028404459728528,0.23297708315740817,-0.24450640973295143,0.13962290588199747,0.25431552789272266
5206,-1.3362127550565908,1.0249786474876703,-2.682320179508781,-0.6748069299704124,-0.2167228431052919,0.2307559544914587,0.9090328873071817
5207,-0.9907975143852122,-0.4135435685674307,-1.578104952516092,-0.7191977953831098,0.04133177487129842,-0.40466316644278666,1.0033800232334105
5208,-0.46286126624187285,0.1482468613983482,0.662797002676704,1.1148838643334613,-0.30103395384759846,0.09965822853351466,-0.2505596498948319
5209,0.9262515975347324,-0.818565972969318,1.113776028699281,-1.105133011088082,0.5837771393132811,0.7077137391167873,-0.20806876254829132
5210,3.105147150375441,0.3523959683437326,1.0972121471607816,-0.24579495389432926,-0.5381501453890559,0.8231841755516833,0.5920233849790654
5211,2.2755212995188105,-0.5953167829648721,-1.0360678758920119,1.1466247904714124,0.24787427083567237,0.17827186079154245,0.05592726489941748
5212,-0.42994238569000803,-0.3778427953229869,-2.79020532314465,1.2505884939907703,0.8908586480248594,-0.9233649353329005,-0.5849202174117514
5213,-1.533013391920415,0.49183866985561553,0.8001266852973713,-0.1160479782262521,0.5134784616782677,-1.6799047951809198,0.4311731265515636
5214,-1.2457206259150142,-0.6113715152799346,-0.9738015239245403,0.29631227786965236,-2.0685918175315354,0.4993219111710829,0.4538855648278222
5215,2.954297522076334,0.8732841370081399,1.0105827640710412,0.07922172728898826,0.9818602762701586,0.06536427292344398,-0.5484942063328645
5216,-0.6594374593597877,1.506226994607575,-2.089539152695362,-1.319552352733865,0.2904106962206243,-0.8363356006193403,-0.07805550171594575
5217,-2.144085804169581,0.984930078513485,1.503535381862079,0.5597890295699518,-0.041415783064728075,0.7759089261819814,-0.22134937983602065
5218,-1.561289418551087,-1.7909841764211778,1.3557507877964916,-1.1844547511650585,-0.07482461551913674,0.5623565136513581,0.47207573104996814
5219,2.947232371336682,-0.8249364409265861,-0.008739001194570791,0.38008165410690975,-0.03426944007654144,0.18437197923576978,-0.1024551543599953
5220,-0.6045931338282435,1.4407966115098023,0.9845648779934185,1.215236010989347,-0.9651418320137557,0.27087177567579085,-0.1230848982576026
5221,-1.723444152521636,1.0680244576219509,1.3423424918755515,-0.11974902140699799,0.8847906656424451,-1.2981147966184838,-0.5170158925784835
5222,-0.41702333915871015,-0.21022858207154965,-1.5540517345963105,1.144849585770113,0.1394735700057146,-0.596462255020511,-0.26940710740213447
5223,2.904433498330772,0.808404684971932,0.9517690231506305,1.1881872488098286,-0.8183377645341176,-0.24999372008998677,-0.8458020819546808
5224,2.7051440453209663,0.9285792514661888,0.2585084107231687,-0.2272124101499382,0.296220435475102,-0.16651060135788526,0.43349028101319204
5225,-1.2239441807563056,1.482046944058763,1.651646019354909,0.6606404555388297,0.43441210997332513,1.0802326862546843,0.19569932329446632
5226,-2.2263542358425887,-0.92858810869843,-0.9849960011621729,1.0899807675298891,0.4053552210904974,-0.657883572856157,0.04719959849611608
5227,-1.5735744295630831,0.909206734806059,1.0890438020779543,-0.4136330603423596,-0.2341386682060302,0.04697441445059264,-0.15783567999331471
5228,-0.7630805893945332,0.2204933399993895,0.2850067447319658,1.1803154874976658,0.9146312193286983,0.574448970645976,0.1293632409662928
5229,2.3188877998190875,-1.589236632011559,-0.6003603531192151,0.6408846889229824,-0.6443450148518715,0.3521670613691818,-0.7288751118494381
5230,-0.17569018397561265,-1.4376275717987803,-3.1141154276384544,1.1571792648101142,0.7058561407296983,-0.6946595269843091,-0.10847669961733532
5231,2.1588979144562623,0.7174490494749236,-0.34027275965762754,-1.643418385876229,0.6547848056967098,0.22408631033980167,0.036413407354240764
5232,-0.7083317792644394,0.4655944044572715,1.0453772316249295,-0.20571724787430368,0.273447518653127,0.15087555599170158,0.11661033992720174
5233,-2.1334309378143894,0.0344292671429071,1.9049978056968184,-1.1547020054044297,-0.50295560031891,-0.4972637948230826,-0.19277387109832325
5234,-3.2938164474894904,1.649736159285755,-0.2890943926039007,0.5603252127619887,0.11957592647197833,-0.12431004368302057,0.29552807985951324
5235,-0.9363909297239759,-0.23439763861181026,0.2235900329186936,-1.2954133622236423,-1.0479487259918328,0.19401267910709308,-0.434236752682018
5236,-2.0082366875389224,-0.8396584547114012,-0.8050239206430775,-0.5764943590403345,0.5826502651738596,-0.760273707983826,-0.2971728364520804
5237,-1.033201215478772,0.8464285984483708,-0.24163093578718942,0.3977638331476469,-1.0545308950901338,0.9497878095192889,0.386564987358298
5238,-1.242087592489815,0.24726065525112845,-0.8547101444460514,-0.04171921452977999,-0.4894071908584867,-1.156201179941688,0.36730432599834195
5239,1.9961266840461842,-0.95195897454068,-0.47051817278820274,0.6383204117004956,-0.22112658847403932,-0.2699784850457512,0.804079828369018
5240,-1.6079772515280015,1.1760310562178378,-0.7676227813860018,1.5900598592365816,0.43315233630414957,0.445417907934415,-0.19764399270790656
5241,-2.631593419370681,-0.009598543760069654,1.6777032806028134,1.088970857470263,-0.12698616997342915,0.15142713660260654,0.3899030454463657
5242,-0.9392871120298038,-0.9313508739490775,-1.3474784925670258,-0.09824475986254784,-0.6927720712757277,0.29717242098711305,-0.7510939785642382
5243,0.16057557268952957,-0.7625805320827738,-0.21027202397565925,1.2190309826826544,-0.5331543985041814,0.4155821191394556,0.9281921728274312
5244,2.5572160133860775,0.07402984957900358,0.5755570869449064,0.302442428719807,0.938647656232899,-0.08113796649326903,0.9876227872932074
5245,-2.501773972178054,-0.8337410893751852,-0.3112186275039018,-0.8318344993278769,0.4893678163123592,-0.2675498313479777,1.2735968896279668
5246,-1.8082639570762395,0.40353361812781896,-0.23834855453446216,0.08051021318562,0.3496552660227226,0.717922229835728,0.9040940849113932
5247,2.1195883530964523,-1.2789056590512562,-0.9000648239073327,-0.1477581356534206,-0.7557856336519075,-0.39921682071012127,-0.5126102629183322
5248,0.515690977544359,1.5543043978395295,1.2227475960368586,1.1935180143018074,0.05756523841222546,-0.04255910169007292,-0.7720505756112238
5249,-1.5893344263214386,-0.8676925057135465,0.23411220363222834,0.19612417397235848,1.2722448637583976,0.6095845422363408,-0.743535974904014
5250,1.2058860561842284,0.4800742923872539,0.06957338896672886,-1.5232991993079235,-0.12032174397634168,0.6194643206036408,-0.0521731448877906
5251,-1.3044119358522428,1.3564168868175406,0.5491481527423747,-0.6655644902884391,1.2156998866329765,-0.33760707240048055,0.37300894508709925
5252,-0.3012591748410766,-1.6796819499318665,0.36648831265702886,-0.29326336357056826,0.16600685237052948,-1.0338274363471298,-0.13604875738229266
5253,1.253407665903901,0.8020840343639439,0.7576022168543567,0.27439453839817884,-0.6058128313867348,-0.16849412085826648,-0.1565852356191874
5254,1.929002496176471,-0.5884647619236139,0.584176856116636,-1.1323561669692053,-0.12211669994342277,0.16757978533360465,0.9213115769539814
5255,-2.19223741083206,0.7498445053585593,1.4682188989976808,0.38796097296069787,-0.05325901394270475,0.020719054232620486,1.1380481666150963
5256,-0.7310954406984359,-1.3426789542853879,0.33152722041868354,0.7361587956624885,-1.5450689276508252,1.0000445907550275,-0.3416441235856379
5257,-0.8395869748435653,-1.3105957706425075,1.1376584277603365,-1.284375125369867,-1.0056532021908415,-0.6724517798451444,-0.8896226632323998
5258,-0.1284491747164817,-0.9706227840949353,-2.654237882984898,0.36693396276491036,-0.5055273089672805,-0.9030463636919577,-0.45392770385291686
5259,-1.45450907350702,0.2230488678033819,-0.3780904177431556,0.37829319547400647,0.7363304684028045,0.28451611029675156,-0.48227665660627744
5260,-0.45313780181444385,-1.5163520723723398,-1.818576509883198,-0.46890853276786093,0.8103454660205784,-0.6705120833727475,0.28748107211674767
5261,2.308829434735868,-1.6441590276239808,0.11503348154961457,-0.9771460749274347,-0.7103971536154923,-1.041461677658452,-0.22602670326700625
5262,2.3729039449511533,-0.8773555530459302,0.30824664472679675,-1.745005187941461,-0.28530093849260174,0.5488701002782354,0.9908106345612337
5263,0.06966405082283575,0.012421075391915129,0.7837522548279494,1.6335497744656846,-0.31070693234617136,0.711621255539775,0.4266908258918398
5264,2.225475372735687,-0.5964854405957113,1.0204196027660073,0.3918748420139398,0.3583996396592018,0.36413838379985725,0.16066711855045704
5265,-1.24465538675179,0.5676977574804216,0.09142080767236946,-0.1785157552863185,-0.8054152711085371,-0.12991583151198327,-0.8463540241485938
5266,-0.9039018268734985,-1.7760534739025995,0.1666867970358215,0.8493826961304889,-0.3316514053539816,1.4929703604852238,0.367014021582979
5267,-0.971431803030079,-0.8903990193221903,-1.6183234335235612,0.07028549468801917,0.015474921019090284,0.7941076719014607,0.22374896032334335
5268,-1.5651020363077797,-1.0347848832282667,1.0814163256697171,0.019470619880854054,-0.36930803476551394,1.241768398478732,-0.37686884405654547
5269,1.007287485130324,-0.6183529956981797,0.658663326484839,-1.1598982929991768,-0.21794376558227613,-0.3009025228289366,-0.24666693617689275
5270,-1.544010870234995,-1.6412900434783286,0.5030570331441185,0.645868923295623,0.573331104680624,1.3574290711288797,0.11872356076425342
5271,-2.20367020832548,0.3914996051459606,0.48937675120531504,-0.16364320766548843,-1.726413644675512,-0.3614905627745134,0.20403989890995783
5272,-1.750531778811044,1.617890723845632,-0.9686951186606008,0.5357712553704941,-0.4423622902118953,1.398982244063387,-1.0745633739949125
5273,-1.6594385498198037,-0.28535419892526176,1.3852624392048518,-0.4591309200563907,0.8577742981322892,1.7494304108339642,0.5690005332214902
5274,-0.887425265499543,0.564780595549207,0.6205634460990852,1.2963064488416465,-1.729750224859009,0.029018799261493845,-0.20434671647290353
5275,1.6470836398952107,-0.6712448785086081,0.4134068619122608,0.8055873768373937,0.06948434795375019,0.34735583967597283,-0.6126937252138217
5276,0.9069893420649476,-1.7814952418341763,0.9220747319900565,0.6424830609892218,-0.009154932855315876,0.3920929456966803,0.49075090840690144
5277,-1.4574214746129421,-0.012111652892244851,0.887688546469142,1.7514347531700036,0.027702323750658384,1.3808677913760332,-0.4578589211391191
5278,1.8454372491177973,-1.6936329965020622,0.9596169021552798,-1.8105654120342007,0.10807710541446176,0.5016186210667398,-1.175858315501317
5279,-1.6336809852203231,-0.1003374548366254,-0.4051807206298861,1.3636802852733132,0.5906207079194975,0.9162047353974381,-0.08568477349019894
5280,1.683373467925255,0.9484515157791862,-0.18585474217078118,1.06536920228494,0.46901603460141644,0.9349102619625753,-0.5098925950578624
5281,-1.9055537912449851,-1.6901254170572302,1.3815761345892306,-0.5333064394778712,0.5594997910188076,-0.17005191927669366,-0.012510345110949764
5282,-0.2021524131596936,-0.6368988444121524,-0.12791716329808123,1.0551304501832155,-0.07688441947355912,-0.2658135750282183,-1.0293322084296208
5283,2.512506564789323,-1.0770150257303555,-0.2682901935487938,-1.8018628093405291,0.02964235115454663,0.2121047830223763,-0.4328114556616845
5284,-0.22981694666715455,-1.343405706962101,-2.0015375082525084,0.08384355080439053,0.10135172323244397,1.0464115560356269,0.42112247881598414
5285,-0.1748087629593621,0.8731363283538432,0.5801687836904399,-1.282465809072489,1.3935377334490235,-0.364030247952543,0.019240632909286175
5286,-2.7269760152129185,-1.0837927467498396,-0.4471878894098469,1.2603896195631126,-0.19891806742949178,-0.14821948926576414,0.5010104831695739
5287,1.445841982470683,1.3502108940991313,1.4103847519042991,-1.1816110046309352,-0.5874660630119816,0.00782395443610851,-0.7170836633109112
5288,-1.8682117236610596,-0.19206869677839258,-0.08813767954158828,-0.19368747967372882,0.1046100156999591,0.7435857802249314,0.022533638271092338
5289,3.30159778448591,-1.3297526579495804,0.09236577054207312,-0.31949051794519795,0.0955554995303563,0.663555222688509,0.5425622481432373
5290,2.0418357009482,-0.960375222701,0.45765486303797637,-0.1268559302419626,-0.44908136123851305,0.2442685285634712,1.0843996053573812
5291,-0.6552833882125927,-0.13966118389372156,-1.3378614872842713,0.5965371920485647,-1.4057361761557021,-0.44193095291817025,-0.8652101357949641
5292,-2.519625250684629,0.5556219281225744,0.22364367377663252,-0.3074294961868813,0.31068893234725214,0.05526193445465769,0.08422716817742994
5293,3.072578294689985,1.832418071271824,0.4009032158261849,-1.9814290820616494,0.263696821329376,0.29393079176796255,0.3640483316262244
5294,-1.0568607243392054,0.2318128775026602,1.0721941943451823,0.21448811005492135,1.1052338301838858,-0.657191673351272,-0.5139584037519339
5295,-0.6497888634713576,0.15258014926320054,1.2889622648497543,1.3261861050461066,-0.9653854596212934,0.7132344354176688,-0.8884887022936202
5296,-2.41347662306079,0.031000879406522575,1.497030845530595,-0.24626402846962203,0.5751620260502812,-1.1181468224675906,0.04900620139188207
5297,1.5042053458681366,1.0999031030999076,-0.14886244021725673,-0.7450518656879556,0.22993484015737256,0.5318245532758471,1.280251246299063
5298,-1.3953381307685262,0.5133134001558636,-0.13268806229370345,1.0517835289225677,0.11572743561753478,-1.1441071887785774,0.8709322255613217
5299,-0.9464604357166221,0.41678734892611535,-0.24988162123260602,-0.2770162333368506,0.529365490311204,-0.7927249072223375,-0.5832977960941567
5300,-1.8532891502009234,1.0199469532106242,1.8134526966347546,-0.5397713344307549,0.6855585557771565,0.9718149429113646,0.44438045157405537
5301,-2.726015954241293,-1.6085732771417813,0.5110121189987403,-0.9684611659599726,0.8307025595288194,-0.41236969991509537,0.057230827861424145
5302,-3.1340539521557447,1.0086753840199774,-0.9061127943400575,-0.019423812251218992,-0.1371199983107355,0.432563230347646,-0.03159773136784065
5303,2.8545074605280596,-1.7484216117551614,-0.0560385510071986,1.1448578859925354,0.664950323050547,-0.35379607605814567,0.369449929791582
5304,-2.053955162004269,-1.3346213887875304,-0.5523469442039609,1.4826712946575418,-1.095674563084166,0.4475128765780672,-0.05315340015545255
5305,-1.6760866019122833,0.9904445638526626,1.0989968839659718,0.8355725469677702,0.8709993560438665,1.3843301325436055,-0.480830813856311
5306,-0.998905407554799,0.6606149267616216,1.4877945373843213,-0.955651328503852,1.3365552537179086,0.8825802020125769,0.3002680745791094
5307,-0.1971625636945989,1.2472109845049195,0.20853013666535458,-0.5417499361716317,-0.974644750565645,-0.23632490104383383,-0.46373733079128476
5308,-1.0175982134537032,-0.9272632931387554,-1.0032808143321752,0.32985159819435117,-0.4584685977443853,0.9735640567988817,-0.48082873930003417
5309,3.118628154452539,-0.943211522879149,-0.16481147304949978,-0.21418344274059525,1.0344147279842433,-0.118917332420426,0.40510208522729796
5310,-0.19233585271581705,-1.5088256187587932,1.004987584445764,1.2269907777640083,-0.3059079213185541,0.2724606417441009,0.29086948400820567
5311,1.5011336661972867,-0.07830966748349613,-0.49051350905651314,-0.5405318206869438,-0.18126674626654818,-0.1733001616627953,1.0897371964188143
5312,3.1297696592208006,0.9374373104202396,-0.34655077288943575,0.18049569284371655,-0.5822141189282546,0.09760291302069501,0.1984382199480017
5313,-0.7228466816079492,-1.696483449599114,-0.05976250518343677,0.7664621786469663,-1.5870576586347371,0.3015375237508146,-0.9628262877373657
5314,2.6257365841102698,-1.5651323238152186,0.5232812533391992,1.3579692191794233,0.14944704820572677,-0.587113247724583,-1.0986518684927948
5315,-0.9861850382655268,1.0899464625440143,-0.8739727838172735,-0.3135129312736713,0.20302778602040503,-0.534077788121498,-0.04589179431192386
5316,-1.7808291382801185,1.2476515219427196,0.05811491925271046,-0.17350399270512185,-0.49760673393496,-1.2455892298816538,-0.17461664950552971
5317,1.259061311706176,-0.22660998070758773,-0.3198969833929529,-0.5256127500969368,0.01654136645553095,1.0218702373371154,-0.7835068605509212
5318,-1.0831735424871063,0.5560279702229745,0.5908888561190728,1.2957573565955123,0.7374769997057247,-0.8716267013310559,0.4785488736219698
5319,2.7404048639210656,-0.2568519176743446,-0.5760647510437865,0.0027813346125758324,0.1854643076362045,0.4204820782507988,-0.21791883461026373
5320,0.10761943200129138,-1.6156669951175715,1.1906775616993654,1.1469912925577,-0.6082709286561475,-0.41540069781391986,-0.2786486250295941
5321,2.39647071468322,1.5599413674840432,-0.06606349335642528,1.2972607285988773,0.6285241498384683,-0.7699962904359847,0.9567721404196466
5322,1.8453898639450863,-0.01775564609567651,0.22338586159748955,-1.104066284352391,0.9509550625183995,0.35907296123309707,0.6363342795738932
5323,1.124590135038982,-0.8046767218712496,-0.3814155650873725,-1.4905699758025215,-0.2169043839626006,-0.011443515552973462,1.4113072630263472
5324,-1.516354604198364,0.42124816940084403,-1.177817425300636,1.0658536859072416,0.7117027953700046,0.7840961143198297,-0.6154087222790747
5325,0.9424032480479755,-0.6031649140684047,-0.32063580092911204,0.2046304614969156,0.38913331348272223,-0.5636327763076238,-0.14841756995980346
5326,2.601101248946853,0.08556320988478723,-0.2782512466442747,-0.7795032166567256,-0.6962409843654987,1.0489760984908596,0.409683836941848
5327,-1.7746029591596768,-1.5116858177061239,-0.02489098906465732,-1.2963455015412975,-0.45989597643041197,0.3220805944446526,0.026547732516535555
5328,-0.818020323413356,-0.0017066588662450536,0.5393688042330087,-1.0800886409417845,1.1661868872906036,-0.2870911323690739,-0.4712973056091767
5329,-0.10541560708707107,-0.3738495980975515,0.8603720673483508,0.961703505994356,-1.3724761457774637,1.3885473358359897,-0.22912355865315776
5330,3.3207696332024703,0.179944515877122,0.05712340590197259,0.16771950903434774,0.6154781762003544,0.1930792623266513,0.08002510960421251
5331,-0.4721060380454293,0.6885615160114078,0.09425639528696692,-1.7910624897275695,-0.7865156413496718,0.3949204704079907,-0.5891100850905177
5332,-0.5985770388378462,0.7768456736973869,0.16396274973199226,1.2827182721335546,-0.48944937146611184,-1.1381167558130336,-1.077384803962741
5333,-2.0592259501256764,-0.8558801604454096,-0.9887319997334697,1.2272231783023253,-0.41743914318559844,0.5976033039474904,1.022023313736056
5334,-1.1363296415321735,0.12223332296443697,0.6109213684395894,0.48147946826104604,-0.28786026704462087,0.6987591739052909,0.561480585784656
5335,0.7307923568210328,0.1673350240798782,-1.8504396145830988,0.3566443867427129,0.25378058190478425,-0.01862717153505165,-0.10068820684243382
5336,1.2419751764385607,-0.0674627015147831,0.45551096714964906,-1.0215054569747803,-0.03296207375022309,0.7350699823805268,-0.37750272278630914
5337,-1.105547171567201,1.3714663206890993,1.4442386184313465,1.2189421023152873,0.03335827203986631,1.3965268222130092,0.5173699205410787
5338,-1.2688607808940444,-0.5521332305241509,0.3417076928452939,0.9737833322297276,0.22697886253831737,-0.114918231672558,0.1892955811643169
5339,0.2373633065938595,0.44853708253087576,-1.0546940954306117,0.9582031184439688,-0.26396609100837864,-0.654764945515574,0.01738155281511215
5340,2.794513363835935,0.725444035177035,0.4015564241236898,0.629707300822254,1.2059424085191657,-0.4099688096753143,0.39658134833081937
5341,2.8023531566906312,0.5288431292181334,-0.6660834060782372,-0.21309937783874427,-0.6935564140897861,-0.7572407124739563,0.6685741856829768
5342,-0.3548346840128274,1.2952867085757847,0.3959412217366517,0.32025337337036114,-1.0807741387793253,-0.1265266637539217,-0.6299240940839715
5343,3.1449054224625463,-1.2891978799669388,-0.8771217841289819,1.1375871493365581,-0.4821792644042402,0.3615799841279521,0.8316509619447608
5344,2.2796420841015315,0.6018041929365494,-0.0822677592859159,1.3248563909093394,1.003323726950657,-0.31126435915729755,-1.1176877577512596
5345,1.8380218451667145,1.1027188809724335,0.018869044975066578,-1.4356392180876432,-1.0907937399632879,0.3619852170953953,0.07560029331830664
5346,-1.3744874180113296,0.46983110820211194,-0.12301830093756369,-0.5985350160621049,1.1836584224618147,-0.029471719889024372,0.5311512710153687
5347,2.064640206631184,1.0401780425532567,-0.02204796883608619,1.7866960102669784,-0.021819312089657514,1.0153705196165355,-0.2476589840037819
5348,-1.3279721920356178,0.617890963946652,-2.0308659629944077,-1.005154607865232,-0.13166188868713907,0.7073609420705714,0.05674561692611319
5349,2.43718584825001,1.5437884717341532,0.1220585362457546,1.2421255909063993,-0.23581397476858534,-1.2022418258004701,-0.6306039002690059
5350,-0.9521512014860809,-0.6157083862054152,-1.3919495116463045,-0.6357422299484632,0.06827559773520389,1.1232160286325987,0.1830714633942064
5351,-1.1817558146665321,-0.8477738925253976,0.13653176350196822,0.11099293660196637,0.9265181719261658,-0.9674915002975166,-0.011556732032947298
5352,-1.1879967244431775,1.0323653716190833,-1.020164845252623,1.185963336355748,-0.7127956932520126,0.13364044017320334,-0.9319600563590416
5353,-0.22519126770046208,-1.377390967243744,-3.032015814387323,-0.09515385257651124,0.46498463089651493,-0.04015095600814637,-0.5390445331783581
5354,1.4819482804543638,-0.10321519437852009,0.433240282001349,0.9563779496977964,-0.16042954794086936,0.3484529768591135,-0.18462794620445272
5355,0.40292325855597516,-1.6092805324121313,-0.4249447759610107,0.7130041072920961,0.4777881763398246,-0.39422617674145133,-0.8088162554034857
5356,-0.48393314705567014,1.4635531795080885,1.2552304003312214,-0.4258670511009151,-0.5990698609506305,-0.8221102623781301,-0.42845494890287106
5357,0.7257564094621247,-0.07459022485932752,-2.1477832496023215,0.5036586374419397,-0.17776333862900373,0.3642719565555971,-0.741947528186511
5358,2.638710860098373,0.3125453068241554,0.9746979891963209,1.2762295859566761,0.17558790152686285,-0.9053532394177096,-1.0246684222218874
5359,-0.5813318788542609,0.9694648729572919,-0.9744113475039692,1.1540816792964594,-0.6772727374947712,-1.5768005954791326,0.1622079114165624
5360,1.8228704812042789,1.6442717654164747,-0.08302672909378878,1.1671905646617864,0.29723018013960584,0.315823826112503,-0.8297468684302725
5361,0.3228063217990234,-1.7370578520936495,0.9907629109574094,-0.2620917968128907,0.5955286590475763,-0.01158108393707347,-0.9017388926849463
5362,-2.3819124958822315,-1.5796133994278811,0.5241905777949072,-0.8853285978819193,-0.964195339782192,0.1501337176871637,-0.16523702530263606
5363,2.726416377105291,-0.02813605144771965,1.006024334148328,-0.7106305920114785,0.6654702858313432,-0.15342478405141682,-0.6935877439062127
5364,-0.5122788833761501,-0.7854678414736914,-0.5432328744917162,-6.3155581535698e-4,0.3981822326379949,-0.2852419455484132,-0.013220884972144652
5365,2.4548441518340502,0.16187909581286053,0.2746467568996342,0.35865349077317016,-0.08796721259974766,0.5241253668124695,0.6557412213568904
5366,1.7507632109711002,-1.6061622104292013,0.8323523126943649,0.8170172815951391,-0.22277700668437728,0.18753132214919224,0.7830317709765761
5367,-2.340024137477142,-1.153078667384564,-0.8821584859654078,-0.06316422459002019,0.05348614663514276,1.495925505899786,-0.613149471051655
5368,-0.9022532468079927,1.6244202425586187,-0.16481277862108457,0.29930112683256893,0.15391210496637697,-0.4352309775707229,0.6470051244730103
5369,2.120013746750171,1.674137353755474,-0.5373670965896102,0.16309227322098485,-0.7553486846806876,0.615848031912128,0.3275311169650507
5370,-1.0167804634350222,-1.3626205562088738,-0.5392138028252055,0.9596016433792016,-0.02829720665706461,0.23511000428107265,-0.8549510942005734
5371,-1.1209192082750692,-1.1564963056326267,-1.0581761067285058,1.406577972509389,0.9084466215250045,0.5595038080320878,-0.09683457031657806
5372,0.8159127148603988,-0.5864298263351471,0.6101982797305812,1.0392313804995656,0.024196484217378696,1.099703377339989,0.3627765263200936
5373,2.6593680450380885,0.7763964989957297,-0.7670784661004221,-0.6381811508462439,-0.1894446795360289,0.03669927136413814,0.35548095127396817
5374,3.312809834811522,1.6229896537988544,0.7070819073227612,1.434685911627189,-0.7094259003486082,-0.047965455852067955,0.6104578290118884
5375,-1.5816509875230156,-0.7846187200700723,1.58822514085074,1.1534917934663813,0.3595311021437814,0.31701225706806957,-0.41308143355902915
5376,-0.7286972301300301,-0.27975392869368404,-2.8885176735363673,-1.601569941411724,-0.02528474338664703,-0.2834110075188963,0.14848864793624464
5377,-1.267308560545974,-0.07028886611537977,1.207250012815963,-1.2730922355938874,1.0799222419703622,-0.3136264323600859,-0.34812774388429774
5378,-0.1985551649299676,0.2166002283392574,1.005102406028387,0.2524439921816537,-1.2247170683620208,-0.5423407389727946,0.025637287566827965
5379,-2.6827795072635405,0.40370034081368156,0.20897476545430754,-0.184446180286958,0.6447225647981014,0.14219966550934202,0.14215047353843277
5380,1.849382495698112,-1.7102996503983428,0.1299220842091156,1.1912249447164158,-0.37451137722600497,0.2161699297461011,0.2699469020059168
5381,-1.1888026832503344,1.3605533756548616,-1.17159332749441,-0.46781307093854796,1.2821227613130461,-0.2720293226546401,0.2847440428287222
5382,0.4084860021900287,0.02371356491817105,-0.8104241357018337,0.32675912653574396,0.851464524880375,0.5335378849265251,0.5494344113048691
5383,-0.5037627117230844,1.4715293364014668,-1.3133103564072688,1.0523993163579868,0.08500140535665371,0.8565630012210418,-0.3774679559369714
5384,3.4775233778890184,1.2117481727557489,0.9118955287294337,-0.03491193225647641,-0.1364815884172509,-0.5072662199577436,0.5526499619433854
5385,2.099988326722962,1.3853060324953217,1.0724573170958274,-1.7430653503130733,-0.4979325335432724,-1.0950403457989857,0.430565276616115
5386,-0.2762987555607329,-0.7477268239475384,0.6953523991785503,0.9283868416578618,0.9072654120265023,-0.4160207220006803,-0.16288365901164778
5387,2.810733968925136,0.4477684082613457,-0.6041792302214081,0.680431081939574,-0.8824463432252098,-0.6114122677040928,0.580300307675392
5388,0.35458779509412364,0.09625947357882737,-1.388104793114692,0.506913066903333,-0.7583245378702458,0.2900899093450503,0.584916395869369
5389,-0.6958956778155551,-0.7918053262182773,1.3843724848611356,0.6699716447769478,0.5608249274612388,-0.05304756751812041,-0.9696865012353514
5390,1.544279060684398,-1.225616887188435,-0.788669632126415,0.17861068313763218,-0.2862911799077613,-0.5882155741629747,0.41951175192002793
5391,-1.8307198818683867,-0.9825572513665795,-1.3481940034987843,-0.6183198847626536,1.1090668436058728,0.7478352809943598,-0.28200870642305165
5392,0.8380055966184158,-1.0522554864239708,0.5712960321667739,-1.0518882230911737,0.38790075190745427,0.2815897781233207,-0.10667711500132226
5393,2.6877229288646505,1.6072748178017986,-0.4246820044225736,0.8630258236078361,-0.6926124465251938,0.8063627580743614,-0.23596907313172982
5394,-2.214895746686787,0.694528128168943,1.7419465532064662,-0.015057018342664687,-0.5600943004035429,-0.28153621777333687,-0.05775185912757316
5395,0.6254391133376949,1.493241831059559,0.7494660193404618,-1.627476166834505,0.5889192754529584,0.189401505353719,0.225224280904562
5396,0.24584507191830607,-1.6196862636327485,1.2735780477946737,0.3674637417273193,-0.7419984778009472,-0.19471759133852085,-1.4018875272990514
5397,-1.922293209571854,-0.5628091110613725,1.430299153030833,-1.2279377231898798,-0.12281904035962764,-1.357924527862492,0.22719098503025464
5398,1.474451152339205,-1.326359101038779,-0.66434210306976,-1.4568362269565518,-0.17051419891946762,-0.5294220329272573,0.20454679996666258
5399,-0.6205151050605038,-0.465838416725178,-0.9366942695374609,-0.6723536261037356,0.8675388200342106,-0.21825530348512565,-0.4078878870149625
5400,-1.0276436029588143,1.4844036907850284,0.24185711331656157,1.3310854977313735,-1.1108356745560763,-1.090222186986543,-0.6717014149041752
5401,3.5804953770786536,-1.6583487323787316,0.7706608587160958,0.38659116089100015,0.03663461432091303,-0.0872381824258659,-1.1703045143795816
5402,2.23030165795057,1.0622838756128117,-0.5967683167387732,0.8157171095393378,0.45016329554767576,-0.14891241505774036,0.7370987816815923
5403,1.1507885903812267,1.497319087423598,1.18932651553074,-0.1753424826881977,0.07329788227301481,0.30944117873896854,1.2151583283239775
5404,-0.16253173347780542,-0.2117539593898666,-2.5632947702535565,-1.2707041873915133,-0.44583944200114833,0.7917158540665623,-0.21099955193768813
5405,2.866628250640827,-1.2437456044419026,1.0051955791703684,-0.4638988347666324,-0.6638865456196329,0.18308983267848572,0.18046832752198474
5406,-1.6944227352821586,1.5839343301020161,-0.6924408592011964,-0.7835260895902454,0.9513370282697692,0.5049291733825214,-0.6817896283801396
5407,3.6300720659650905,1.1030087328941918,-0.5822561475852902,0.9505643174147931,-0.001393884362677621,-0.09126946018224948,-0.5994087855934965
5408,-0.6907868833287684,-0.16607668937601408,-0.2910611997694141,0.8498389778309122,1.296443307926519,-0.4793526571114457,0.07478515283684413
5409,-1.2705839995003474,-1.1500936493102258,0.10304515671290876,-0.38098717785254677,-0.07007978387158732,-1.3638517696663945,-0.535964911853498
5410,-2.8177509905434057,0.02536767134456159,0.4804961014303251,-0.7793489747961103,0.09988548450028481,0.06766173627624023,0.873307285264238
5411,1.361395705003297,0.40161496837133354,-0.38597665863831954,-0.10939786117733379,-0.10720193261748086,-0.25588957520059363,-0.5970888098772179
5412,-0.15216361202299444,1.503100522712448,-2.741754036923787,-1.398806238011658,-0.36394524857238664,0.7209898798670611,0.11011917542364369
5413,-2.2663421024000323,-0.7106292571941843,-0.8113296443830255,1.1507387620473253,0.36586699257695215,0.6584118777834224,0.18040023958621523
5414,0.28444975518622545,-1.6358581698926176,0.026499223557886593,0.3882127412395076,0.9667662145425567,-0.1827729537054739,0.1361211531255192
5415,-1.571180148867705,0.3477232042301699,1.3894800407085666,1.5023094204619183,-0.1679686903254177,0.4554785583512329,0.20669786896989245
5416,-0.7776069986105345,-0.22134329960942387,-0.9902731804364309,0.9078905607908703,1.2826871320499136,0.2594939628300003,0.13580549971244074
5417,1.7305322584296796,-1.4955286390498412,-0.8810947983844535,-1.0204641526567593,0.47601963089395505,0.81602101582402,-0.2174158820193186
5418,2.160068019652915,0.596588867270621,0.7581565945641807,-0.07280988265985712,1.01630779982013,-0.6070351864670428,0.07430680466199097
5419,2.9298151243924737,-1.4665393879427948,-1.0532380515469901,0.5567780671757353,-1.187359827959618,0.08522770643616831,0.7698280758213537
5420,2.537099633969167,0.18553777535261382,0.6199117840515858,0.2495238676868397,-0.31506644257657523,0.8614898412303987,0.9631802288292046
5421,-0.8211069789725954,-1.3703327545477266,-1.9327234790313383,1.2558417436812046,-0.16980359236332954,0.39534074505622296,1.2772059938908804
5422,-0.965901560724755,-1.265448751760652,0.8905684649303248,0.418663059245994,0.38511495096462606,0.6992725966957791,-0.22693922936247374
5423,3.055451351246856,-0.22848665950425534,-0.5391448096665019,0.7218833268450094,-0.14236671356924163,-1.0720662351519104,0.7408662739839965
5424,2.8762141498168923,-0.8465864868608265,-0.296090992634143,-1.0987721670068882,-0.5973587662154556,-0.2508531945681016,0.6421032198655273
5425,-1.350176790515955,-1.077639366624943,0.4178029038914012,-1.4850123076079218,0.18420851904073265,0.9282329191556775,-0.28809494198318325
5426,2.0786298712096576,1.104403258181138,-0.238091596827592,1.2645847199714133,-0.8993773682612171,0.35858597803661335,-0.1037823524082872
5427,-2.392600388583516,1.3956098766642284,0.971968515283436,-0.2286465604537964,0.335117534198479,-1.1185211594839657,-0.19917239207255413
5428,1.9435444143987073,0.826309363342967,0.6984865951754806,-1.0617851790365538,0.9685546540811716,0.36615376248518183,0.6682542972305344
5429,2.102946223415649,-0.8854486086583846,-4.909378525287295e-4,1.046910688046596,0.1666062348651601,-0.7996493663297554,-0.8311251668656614
5430,-1.21443017551322,-1.5183568790585535,0.49345324489762094,1.3398728650343321,-0.6407529600233429,-0.8570687558848625,0.4349428392988054
5431,2.8749078553279594,0.12746423410588018,-0.27624656011885557,-0.6272721715848328,-0.4839249634552343,-0.571727171426696,-0.04988806643588595
5432,-2.004970794493538,1.099836899755972,-0.127928800464727,-0.17177916919479186,0.5942579477179001,0.8816790317400875,0.5061841838815632
5433,-0.24939087674274074,-0.3674203019777324,0.3079787069553361,-1.4853780800129597,-0.0742812251215244,0.21181458762956298,-0.2691495944438344
5434,-2.668466303371406,-1.3532950655049156,0.3199589980612835,-0.8974625009580298,0.12316839623816285,0.5602425083360335,0.9596954172559359
5435,2.0457540941792174,-0.23766525096288538,-0.42861472799977157,-1.0349153981806358,-0.009448825168817423,-1.2806932610335444,0.3980415323667891
5436,3.145928068015841,-0.7292459829599984,0.43075844561443155,-0.05466752357895314,-0.2652604589045582,-0.23205032576017337,0.012670899822626834
5437,3.0219210548186655,-1.560782001357214,-0.2486647990172883,-0.2518434005086213,-0.72377515366132406,0.7403575359137016,0.2504019073846782
5438,2.464341104391473,0.42560869414847835,0.8167289485641753,-0.11334049087476203,-0.6313872879031531,-0.6469737330492307,0.7320597972822572
5439,-0.21484127125337926,-1.1575272581812297,-2.621060447419212,-0.8019570007393991,0.05896041446976442,0.09560362114508578,-0.23899830428981705
5440,2.9361209464457905,-1.3609475283668915,0.7847523591949641,1.1643521322121044,-0.13058724873032768,-0.7824398825167828,1.2016089351436303
5441,-0.3139464316612743,0.26121983045407476,1.3165169673118384,-0.1389351994527656,0.8390078878283828,-0.2479009064738784,0.6033251471937229
5442,-1.3620480857388584,1.251943826502848,0.53530562263153,1.4459140631091936,0.27464361542159466,0.5088937075363075,-0.42971565255691757
5443,1.072796924511027,-0.4346506563984329,0.38652335023009815,-1.18575318191315,0.18830840400577872,-0.41367924277986323,-0.08815756814081244
5444,3.132386164282487,0.5129063693064809,0.1714465660547282,-1.0269074629039643,0.056870981101213136,0.7051071163819642,0.6516485407765085
5445,2.114863618084608,0.7497518202004818,0.6870561504048034,-0.7022840569272102,0.5050552473835946,0.01465866058258586,-0.07043536469777807
5446,2.722200148110737,1.374670970126646,-0.007543558158539284,0.5873525472935075,0.1865557553071015,-0.6000357173100154,-0.4168456518952065
5447,1.5136786037684091,0.3807954090897918,0.3125427390215704,0.16604332077581255,-0.1288461518157452,-0.3381412799720661,-0.1219978244624056
5448,1.9699557577110145,-1.3097500241908981,1.0257094713527382,-1.0141523305770133,0.5265865376571678,0.6780303003526671,-0.9299916018259755
5449,-1.2745471251110745,-1.1280336216317568,-2.017753625675841,0.4041589043971771,-0.51441737359704,0.3935631474290783,-0.1362236153941055
5450,0.32242493191899213,0.7041177674100929,0.8938278856541901,-0.72792655426176045,-0.35080831170847976,0.7235983333286136,0.5181318902208536
5451,2.861312302861115,1.320268606621447,1.1385148409875343,0.752679081541078,-0.4143536374007174,0.16380057853534294,-0.8576750848530988
5452,-2.6731693712010807,0.9153210229197709,-0.9316503345931344,-0.8986933043895562,-0.42561392288813593,0.07001133520421329,-0.27656789117728525
5453,2.2702755498518195,0.4893628383487607,-0.9548632208521005,0.5065978955140127,-0.12198145588835364,-0.026522792688935846,-1.0595534451765432
5454,-0.05954207812602708,1.5822679887747078,0.6871898860917871,-0.17669674392970044,1.0394023539045851,0.3761669708513879,-0.10990539503123484
5455,2.111826510045439,-0.5649313734936589,0.2640778874261577,1.170151131188905,-0.706142065221564,-0.43171529399952424,-0.15650332854167237
5456,-0.1689046220933183,-1.50878548140141,-2.116868825334455,0.7333594636322077,0.19278115718249994,0.9449676835303134,-0.2694143322761605
5457,1.8860668392964122,-1.4339173344083154,0.9227481109561965,0.10015887903172069,0.5669654143460177,-1.3298734991645735,-0.13218809959545866
5458,0.48101613469677873,0.5092056277479485,-1.1472243122056573,0.3118958932743034,0.45821118357790663,-0.10221450254665465,-1.0889880204376416
5459,-0.863893382347942,0.008454926270072893,1.4965468682533887,0.4735250338683889,1.593756347893118,0.22873463058760957,-1.0257096872659865
5460,-2.7050740435985707,1.1851560293875976,0.8784534919535596,-0.7617581706777201,-0.5876955301676662,0.052423707968656634,0.7315227932420015
5461,-0.8033042769601172,-0.6431376518814054,-1.30825607219145,-0.6921987589048894,-0.9229892816728488,0.4310450278961571,-0.3645294141890127
5462,-2.7119642712161465,-0.05486537534875245,-0.8743057972740766,0.11188184380272441,0.21312420848638253,-0.2921021594016121,0.03667865777264062
5463,0.6846719838728382,1.12316808621609,0.9495210112829051,1.2405845780453455,0.7432569456685592,0.08352049610232029,0.5405709294421821
5464,-2.4309991776227142,-1.0337132206811732,1.6390043019309288,-0.941820782120498,0.4628411604393342,-0.7390193809685442,-0.21321786104431198
5465,0.22434600743066951,0.42216336058024145,0.3686998133357217,0.3788072279220178,0.6865203395147647,0.210333129579651,0.2358521513286887
5466,2.1272713419112996,0.7414709529039183,-0.4224468397731645,-1.0152666287042913,0.24735775676387295,-0.3263127284166469,1.082375730818435
5467,-1.40241306032442,1.5075425157470541,1.5838454865310996,-0.2980202602693019,1.1442045272469692,0.033164019519196626,-0.840123878518099
5468,1.8257729545122146,1.3489740224280589,-0.0787816774903251,1.4605707150467706,0.5708486802421431,0.004460826452721683,-0.1669999559573996
5469,-1.626591747685695,-1.2837013336618466,1.0244899235741463,0.35069262010378727,0.945433408896904,-1.1401964560197464,0.7013925244012512
5470,-1.8646906035697446,-1.6841034563191652,-0.7281955982756335,0.38428696066668205,-0.5464416358143466,-0.5638019766289689,0.14456944304046904
5471,2.0125300596296904,-0.008207324326000293,-0.7405156601420791,-1.1828138213096082,0.45494751045621407,-0.6575952793787446,-0.26316167222530606
5472,2.408385297108443,-0.7732616457098619,-0.4707649890802059,-1.2326777213057714,0.4608383473790251,-0.15806052639780097,0.9346484596913103
5473,-1.7847274256275683,0.2219059724420757,-0.39223971038768135,-0.08375168835615007,-1.802491681920045,0.04572105589655335,0.5073343172347327
5474,-0.44633702938276626,-0.8408166379510477,-1.1280169296106335,-0.39036703526285577,-0.7399918408545624,-0.4611003200892025,-1.3122879539165444
5475,-2.4331201171114127,-0.6892179835305359,-0.2119768647491116,0.259114826700327,0.26069668296496956,-0.38133601045124077,0.02100743827163049
5476,2.4178419134456774,-1.4054030591168911,0.47287476247617627,-0.4729168118997237,1.130908248451711,-0.166918850301306,0.7260761271963833
5477,2.30143096615615,-1.5745080213753182,-1.0163426546661458,-0.8854720408005661,0.06544316568538931,-0.7513165262122269,0.006344455649948728
5478,-0.3695513132619074,0.07457720513091153,-1.171066626297234,-0.24631598738523985,0.09977396704349138,-0.3813419348610829,-1.0562553118104316
5479,-0.7450032363676504,0.890067722566725,-2.834765866285631,1.5984544718913076,0.3944469136624663,-0.06744580260732344,-0.22604742838858508
5480,2.288846890408637,1.4876215320730939,-0.5085901251267642,1.0836176379741957,-0.46236222993854087,-1.36673037203183,-0.6882909594341414
5481,-2.1048241339195015,1.2773050250792646,-0.8339545727160441,0.29912958940875134,0.7486697264472936,1.5482129872197785,-0.15494471036436744
5482,-1.8650910960548996,1.4346802545184023,-0.865447480905243,-1.0898188072748929,-1.3247538168992348,1.04608063100123,0.4095148154719617
5483,2.7390521349758274,-0.625958152285371,0.3337768237614142,0.3938804404880482,-0.7053426265971301,0.6416341334844727,0.5277335301778285
5484,0.022456397440418618,-0.7833326497523685,-2.362780477893221,1.2223304412755551,-0.5115978142275527,-1.1413791807753322,-0.07814640156389592
5485,-1.458321113368717,0.32909689933918285,0.9819225092263028,-0.3321130921832853,-0.11864984344729387,0.3436381734705536,-0.2987010754911113
5486,-1.1797886661955796,0.7425014883377989,-0.5011173238357706,0.8361611271116827,0.3765919883278742,0.4299718248349111,0.03145864655186592
5487,2.226205232459803,0.48905223673054,0.8465961200581585,0.8865282474605469,-0.9467092005418524,0.5097061772988071,-0.8156875988367468
5488,2.740707806334773,-0.8718302922274594,-1.0841686776381871,0.4801347409608785,-0.06400607705840805,-1.2291495585158785,0.8547961390427189
5489,2.4853408580677327,1.4640249721039083,1.1497398116574078,0.8693599037059222,-0.9188940681634572,0.6462281248199467,0.03218857481959904
5490,0.20551160640013177,-0.008199466313659918,-0.20006678128120944,1.2207915773397129,0.08978380947195395,-0.5159918118715393,-0.2871025919206059
5491,2.291495548913627,-0.49754960830981076,0.47718945057799145,1.6625864147731646,0.7351741181340652,0.779939683106126,-0.5020917551662932
5492,-0.1507878021697674,-0.8782782714416022,-1.2909568371080193,1.3236868294698139,0.12751791157497236,0.3898166888390142,-0.27662575446838616
5493,0.14284041523735658,-0.8236622255324331,-0.7965491134844532,-0.8748581170132703,-0.1130686108576578,0.2965700038976685,-0.7419715669585114
5494,-0.17379555030127744,-0.7006729833984766,-1.411784521762796,-0.7786545650346209,0.6704559231582871,0.22613698745096847,-0.25848918994447984
5495,2.7924383667591535,1.038842512429823,0.7393024942982303,1.4997738677751469,0.6747223074083394,0.3326147529520823,-0.8083738532682218
5496,-2.4864667060252454,-1.2652091907279333,-0.22773299036312897,0.5109190122976197,-0.6207873411673934,0.2004699705581253,1.2058287336720217
5497,-1.0062112237321301,-0.3948019547129833,1.5685891672850525,0.27014596243241534,-1.0702932994075764,0.7613054136880052,0.39720358475933437
5498,-1.608632222861526,-1.6239822009587448,0.07401258239705742,0.3288977897909573,0.5886893468101356,-0.996303497322199,-0.27996923083307623
5499,-1.5915782545561918,1.3873004503715927,0.3260969391465745,1.3511307006380582,0.4693518492914497,0.185174931365652,0.43467335723359635
5500,-1.2674468913183679,-1.8052145062715954,1.2176109807352309,-0.9553698124412761,-0.2493750987109041,0.13842555265168752,0.5195660109389661
5501,-1.6449821720623314,0.748923483305197,0.6633468971540382,1.3094111446289716,0.36743397647551995,-0.7069306040201948,1.238129692128273
5502,-1.3358764429095693,0.3082356955563715,-1.0718997911166206,-1.2289819179374866,1.2755870167868408,-0.4160558527003174,-0.03786662029401139
5503,-1.8369646860840283,-1.808447999094613,1.36663633448614,1.1042617463679327,-0.4809751339179558,0.20875761553426447,1.2381717511313555
5504,-1.2228950212357599,-0.1985551878748219,-1.3782377956016367,-0.059557036053230504,0.2309784788934172,-0.008102348272615982,0.3367230291526589
5505,-1.5097108681495057,1.5773517356390991,0.3579199247086359,0.32628965978621505,-0.6149982388928741,1.5002297055637597,-0.5396689007006206
5506,1.841801755149779,0.9888013702032223,0.6291760444340626,-1.3211465315894861,0.35707255337444516,0.3167910597196374,1.2907127308748791
5507,-1.0075920077390808,0.5879727933994168,-1.9471897649077923,-0.3735394844265165,-0.6826437076633395,0.4561445195677821,-0.2926516227639331
5508,-0.7431715755432686,-0.05841152793062046,-1.6665318314569368,-1.117755660354997,0.8607233910594527,-0.5294487895415964,0.565395652110933
5509,2.561606238135834,-0.3634230139974249,-0.8541637881051068,1.1051548749205482,-0.543353826692939,-0.00501506817512302,0.8623379838890931
5510,2.059507058354498,0.031139883618591376,-0.6031301665975283,1.253260369140076,-0.3382015536105414,0.941366006473494,-1.0421140041373695
5511,-0.1692278676960303,1.664780629021818,0.19311260369712252,0.8866098142271455,-0.754553537043414,-1.2918224647614005,-0.08141474402872545
5512,-1.5589419095497745,0.632065115139405,-0.44914718819534954,-0.4820942462999944,-1.2650933768412997,-0.6275159070536552,-0.2476656497043292
5513,1.9924916957026775,1.4874623740806225,-0.20523107928589,-1.1685930475354813,-0.6764085538362153,1.037062586312644,-0.009598289986466772
5514,-2.5487625990081737,0.8729531287866353,-0.8255486428919682,-1.1250955330912917,0.8050325306216739,1.2197687752921702,-0.689234817756078
5515,0.05525104933446328,-1.1017383722338854,1.0403343128557088,0.7856699309095677,-0.2638750922432932,-0.42080477958842477,0.7933348765233975
5516,-0.5061938580921825,1.3319789097954242,0.5842393115907586,-0.5161024509259208,-0.7137448346567663,-0.6676415329183846,-0.10727028690461828
5517,-1.3705233127930239,1.7846064243955053,-2.5252332869199963,0.49781847532119333,0.015200195597752863,-0.10265309575541924,-0.2523696427161283
5518,-2.3881171321127197,-1.7246225008364047,0.0549524871367405,-0.567378438322616,-0.7468201079832598,-0.018042904839714425,-0.043307242139149216
5519,2.813050596794485,1.034114589061387,-0.5079399632867008,-1.063972601628661,-0.6011051979161262,-0.9714643337610719,0.537934065158345
5520,-1.7045906856485753,0.8071843868818668,0.09072128230802669,-0.7144195689945595,0.34528450044977416,0.39804654773455944,-0.729707682580797
5521,-1.581548720190867,0.8330813359332351,-0.10302333038589238,0.407652473887137,0.8267401503287098,-0.4090352017760153,0.143149275602308
5522,3.387932039909641,-1.2304554365219649,-0.5451066331543718,0.27370877814814165,-0.8022793458607873,0.2012658461601835,0.32999297012867584
5523,-1.4398058456185614,-1.2156179986556397,-0.3444573705589486,0.9703406148144714,0.9104058951986846,-0.9045859234200476,0.4384083476044567
5524,0.18872996437417158,1.403586128392051,-2.095111475649232,1.1569528645907774,0.6325894179579367,-0.09010925406984063,0.4751574627770834
5525,-0.4389695681870281,-0.9827768524672899,0.054725262966400234,-0.1029993906280982,0.3350720885728374,-0.3775153661950506,-0.7129796558134832
5526,2.1989543156482747,-0.6889930490067171,-0.754726122853857,-1.8164293366598907,-0.22471345446777616,1.3217081143638794,0.3731464152988332
5527,-0.37218588202065467,1.4462345168729822,1.3311353960993901,1.4328629715984278,-0.008500804075618436,-1.3940222118070973,-0.4677266728472438
5528,1.3877949891637664,-1.1933622377764035,0.7972088161239719,-1.179188364410198,-0.297196847323288,0.5223874476258148,0.7144588353094269
5529,1.8821317131855437,-0.3302427906309515,-0.8020133278207647,1.1350703050868152,0.3649353136810819,-0.5037888847443378,-0.03465108251984822
5530,0.5600018933278466,1.0380989188014982,0.7914965638640059,0.5453550494711509,-0.18756907867586878,-1.0009130260518326,-0.28902159136374483
5531,0.011705893157572724,1.319321510769665,0.7769794366936293,-0.6852155975994174,0.1237280770010578,-0.050739649235216774,-0.34757244274466204
5532,-0.9161328750859349,-0.40927118052355876,0.17656864374789205,-0.9588477839084418,0.002756142504681151,-0.6719711489483764,-0.06164580599875636
5533,2.5539485137929647,-0.9729015713089588,-0.483247271042234,0.633755252384798,-0.11753144217545854,0.11904298375819522,0.964712200278885
5534,0.1387543319173503,-1.3607977433473164,-2.605630814431992,-0.07710091580601572,0.9023110573399906,-0.31076724939021805,0.24665390420889965
5535,-0.4837078782489434,-1.5369480620916045,0.10376060775249145,0.7968930367480347,-1.2284461396428397,-2.0192670265802155,-0.5982429487245826
5536,0.6962627479814271,0.8724859227350183,-2.1525966083484915,0.1056154627259553,0.2878445816418311,0.2632998764333157,0.16342455996733501
5537,-0.2705791135883943,0.7527799302813716,0.4443718830706599,-1.4901492625222563,-0.2566263386419715,-0.8468159253072786,-0.03995428997759859
5538,1.2864567925112174,-0.8516698283588356,-0.027265850424834526,-0.531980983988682,-0.07212115349553906,-0.6395350432941864,0.27863402915588426
5539,-0.07294961764781624,-1.2218486063623135,0.9735240774774524,0.7023347934073862,0.07987059829911712,-1.2037245885650687,0.028080617697298874
5540,-0.8107138046231195,0.6821074159590568,1.2897380227749378,0.18931075989340207,0.9734093588552128,-0.4879650879827837,-0.21284877729324156
5541,4.036535097636716,1.0078872341146807,0.9358902279042746,0.15938879961545288,0.009924180886718833,0.3664161059648562,0.04443567934360639
5542,-1.9080628503177777,-0.13394412056889665,-0.5707284885942853,0.4168021528733808,0.23208335098499566,-0.13952781537123268,0.3165321531646628
5543,-0.9581784638076574,1.1020011505899177,1.1189121908169415,1.58253345504546,0.3743521835452887,-0.48216143064907835,0.06483398583598347
5544,-0.6592070736618094,-0.695630010390617,-0.12260077765322412,-0.4025367716018975,-1.3182438570685862,0.09788292406969379,0.23100552054915843
5545,-1.998745723801277,-0.4321952498941264,-0.8935285062481408,-1.1240341858624454,0.324765859588016,1.0252556287269594,0.2831020446165318
5546,-1.2486156807410582,0.9573911989467937,0.5050701074993137,1.1176398226789543,-0.4825776886158735,-1.1624303614637637,0.03276753875871693
5547,2.116991481440865,0.27673232250511665,0.33851421592177594,-1.7285153146647279,-0.5460231341019404,0.7687387901810421,0.1724340221767332
5548,-3.1810981430709826,1.5157139510723363,-0.003948532807427,-0.6535449209631385,-0.5778919497960434,0.1656217283819895,0.8063676230295077
5549,2.3050517641687738,0.5712998128708388,-0.6815877948308264,0.6212194303856611,1.0549779793009142,-0.3839897635960144,0.02665544868751759
5550,-2.2698856901002014,-0.2755188279627268,-0.3980576798177805,0.2543506480816825,-0.09862291449368728,1.2826473146081585,-0.4859120387837382
5551,-0.7420144043558246,0.223896802967234,-0.4780460525878826,1.3575971701990996,0.7700974675789954,-0.99181817930877,0.07935253273412043
5552,-1.583120405861488,1.066781262260689,-0.25142866524668456,0.35450019543947714,0.6600408952662777,-0.9327313897420432,-0.31302537493197186
5553,-1.1479930278247343,-1.1662246395836937,-0.34241696030090685,-0.09025413678030733,-0.38490963063044503,-0.6012706159772424,0.49532079482632807
5554,-2.761771115624039,-1.0736857988607675,-0.3335695509657989,-0.5406003480251452,-1.0471050768495367,-0.03545598316963889,0.32314999416127466
5555,-1.0660450778964745,0.7628695206563968,1.7416360651824447,0.7585288968606538,-0.6576322008315346,1.0757919287077018,-0.42688118852950907
5556,-0.24220427905369418,-0.769658583772129,-2.839717117988782,-0.4379575607677868,-0.41752095394179606,-1.1372453475793542,0.0060643799849222566
5557,-2.837167422752127,-1.2053229011479267,0.6510100684972571,-0.13096227075385336,-0.051627240145145435,-0.11819223866110419,0.7392839298432693
5558,-2.5027928669194,0.42513078621543626,1.5892774690881302,-0.08681209885973708,0.23829937068173268,-0.6199044984753495,0.4417626236095916
5559,-1.2324255673529825,0.14534451407623958,1.1239727381702846,-0.7251836845825183,-0.8242090633757039,0.209759461290203,-0.9524390029767431
5560,2.6606386777170368,0.6187222258817111,0.07767243496759514,-0.5424632365032662,-0.5716318362068467,0.06875898715567622,-0.7054597343982499
5561,-0.9777093181386116,0.006689366851321198,-0.43897731332533696,0.5900301164975138,0.9495752436640589,0.6259549560975173,-0.5883624193219729
5562,-0.8114775183917559,-1.237453415087415,0.3061120680849242,0.2838835412980691,-0.664114016802041,-0.14222469496207163,0.4238443837732239
5563,0.35806427697124316,0.1377536588616515,1.4291638588254318,0.9617829033439484,-0.4486467992607539,-0.2210378386826397,0.6085838988228013
5564,-2.6167652739667497,1.45169177039629,-0.5115855799148785,-0.7789646094095719,0.8724050547063141,-0.36881695674730275,0.29692959708437894
5565,-2.1828773962241557,0.8756498546070042,-0.5574418012525191,-1.1759531753683532,0.9807426128405538,0.15131166046812325,-0.757644647635267
5566,-2.3245378055900803,-0.8204082165591925,0.6663470462396257,-0.4424052145729864,-0.8176786601416385,-0.45392100505383753,0.39989725919765073
5567,-1.6210768087369558,0.3670066294605357,-0.17156062983700623,0.8141226521882701,0.30302281172466783,0.3319554953171361,-0.28340659033727084
5568,-1.8310880363781854,-1.3388711649610183,1.6676766899782216,-1.1313393350278902,0.5294432765198513,0.6748405668879044,-0.4402469547469006
5569,1.9048106936528082,1.5670323313011751,-0.5524641424003405,-0.09221424014372591,0.05988235612945316,-0.9043888568988755,-0.7431458305829343
5570,1.4162883436662466,-0.03059634452996318,-0.02557470151437867,1.8075115695896005,-0.01024166933637953,0.587230121050205,-0.5136179314136805
5571,1.4086984411749564,0.30891214599565486,0.5654960928505735,-1.4012104772550287,0.7885235181166553,-0.5845699688183894,0.16139779924159073
5572,2.850255246849071,-1.5431647275108065,0.5224107272956612,-0.6435848307832113,-0.536983231977755,0.010220227836085496,0.2581371616177361
5573,1.3372756976523623,-1.1902617987999677,-0.08232943340053338,0.47926009942940706,0.4641578410383423,-0.5774792118429564,0.28530452352103386
5574,1.8762583868189842,1.096502806313089,0.8793426701543343,-0.5698677625362126,0.8236384686054183,-0.23032003735545442,-0.21736496058331328
5575,1.8410086660665321,-0.6452747012909567,-0.288146793693421,-0.007615127445817962,0.452602091461843,0.7909499676592185,-0.9553590923742713
5576,2.372979672290346,-0.5206668973948282,0.6878576864806245,1.581059438315097,-0.12141746367979933,-0.9388193631899638,-0.7132860807514485
5577,2.30033758241234,-1.3881497283405777,-0.7534718621604428,-0.6627772537317851,0.3033996070533636,-0.009354403449997262,-0.26339213095564806
5578,-1.5995808873299213,0.8311117889459905,1.3942427213655022,-1.0561897721505416,-1.0742277288995494,-1.085218492555012,-0.06506834464009813
5579,-0.1427408273310203,0.305327926267864,-2.40345535456492,-0.4217497059398115,0.32119668933692935,0.4275362838631648,-0.14332556016745845
5580,-0.33755215703224556,-1.356550156196893,0.39941859166471516,-1.3325391232999868,0.22928428715608618,-0.3309374782297643,0.8901352802196351
5581,2.063844234935183,-1.098711470375455,-0.4791313433544747,1.1811877060927611,-0.27488848611576017,-0.11943399754262533,0.1962232412155299
5582,-0.921876759634179,-1.5839721012738566,1.1680752770026155,-0.7686804634952612,-0.9804303682066587,-0.17453766817061384,-1.0393201315379792
5583,0.2585608631168162,-1.2172264861579007,1.1148181962286172,0.9835020638797577,-0.7382294617619919,0.3943136801290418,0.7226916092673102
5584,-1.1479804791762345,1.0319661893805345,0.30028181625491474,-0.8536048326311881,1.490431990558916,0.14155204862127266,0.11760951190601315
5585,1.5847370827945622,-0.8648327125212616,0.2711028536962465,-1.101307122164797,-0.3248369798218591,-0.0632402440790103,-0.2948550435921033
5586,-0.5791047695011597,-0.464463226522762,0.7159841845297892,1.0695011430799632,-0.901989334768893,-0.6323198769002732,-0.6341156778993655
5587,-1.7239605088206966,1.3562626807465707,1.5233732772245867,-0.3555233597111197,0.8488390416508419,-0.6601534719441812,1.1313148211000783
5588,-0.9492587932347054,-0.30966820943391044,0.11763983631022876,-0.34434442056552833,-0.1692138437902699,-1.6918607246579038,0.2785357946336374
5589,-1.3750819133490026,-1.0510738379254192,0.025081700655862686,-0.5450986029870917,-1.5423010443825034,-0.158833193863871,0.14367492275485583
5590,-1.8326529349792997,-0.7884336440694719,1.332499561038581,-1.1129624313327422,1.0270474234267195,0.8379385316174475,0.055901558541223806
5591,-0.4675704861089926,1.6114033420268337,1.2522687548222102,-1.0711049144537104,1.5156942625777197,0.021029915950903075,-0.38059436190276047
5592,-0.7642018579271829,1.145225841143159,-1.4773800395059935,-0.03705823272169822,-0.971674270022554,0.13645356546052295,0.09207947463565308
5593,-0.027804361511457164,-0.07640175905845081,-0.5255201124112554,-0.7959549555393628,-0.1459966630276967,-0.3271668130641647,-0.6300799319441975
5594,3.443922610262076,-0.6462055122411086,0.3078929716363511,1.2086713601609336,-0.2876990184392556,-0.47734156205136197,-0.3387555877348388
5595,1.5904875124469866,-1.2676897836172236,0.7385751247007454,-1.3030300726298965,0.12466544652502794,-1.3398778965634988,-0.19319275781744358
5596,-0.6461634255826315,0.8672630237535126,0.688741143081951,0.014968945085961685,1.5025562367732068,0.016097051114909226,0.10283960226818142
5597,2.055598870969215,-0.4379644194374199,-0.5989326418100076,0.6104421402798835,-0.18395112443601302,0.2164778401017108,1.2737059140750877
5598,2.2857317877213363,-0.2908392714398143,-0.49529389390509015,-0.6736965511872811,0.11820692566397513,0.08906800831212684,-1.3527468220245416
5599,3.616096953314664,1.2941498489869259,0.5132959233752571,1.0587667402112753,-0.10354584308190934,-0.21620614552287695,-0.7093440697486655
5600,-0.4293166758756294,-0.8271226869973259,-0.8519823781742808,0.16241360054349016,0.07342889695350421,0.5836385375088068,-0.03151807833907479
5601,-1.6809025949801735,-1.486620056793648,-1.0332841109611512,-0.803664673183704,-0.13768768107019425,0.29198024911491227,-0.42517399417616863
5602,2.810483210495452,0.6190037781840964,0.26294688108701897,-0.16704063697201912,-0.7534190469876797,0.9423534172759638,-0.5963394737757151
5603,-1.5646832476363794,1.5302291872675104,-0.09865277069995279,0.679188066028711,-1.5782911863950821,-0.26919185566901493,0.24280705217169699
5604,-1.2519254311822077,-0.7718887186127584,1.3418694723586502,1.3582035447622665,0.8030825663716811,-1.6234754687601738,0.06503286155969003
5605,3.5381341610379256,0.003070267963528829,0.5079820569575307,-0.7104064537911295,-0.25228686431529307,-0.07559108773247457,-0.013691717282636073
5606,-2.6882385526448984,0.06393293036649608,0.4564431876136144,1.0544609119260433,-0.3918432184612636,0.20675869939261396,0.036913819104158675
5607,-0.5631474133296042,0.7003549347344156,0.504355698234779,0.7184257414433637,0.3697784148370029,-0.8716437621761681,0.3983365828575454
5608,-0.06030203350412114,-0.31547926667719495,0.27436956276466495,0.7320280676135612,0.37716656740803534,0.31375838306836973,0.8006515228276163
5609,2.482993314641848,-0.8955182511371755,0.03996652607008072,1.0983234737977658,-0.9429971331522169,0.23746117647591478,0.2920842769375322
5610,-1.5191331793240537,-0.4520061643233107,0.6968585858724109,0.7344578383601131,-0.05707321268372849,-0.12387179476646136,0.8573596826495606
5611,-0.48475585066193644,1.0585624252842134,1.430304462949286,1.1463890382255468,-0.18087035185820527,0.16270410862527723,0.3459215807701873
5612,-0.8148744219480342,0.4486766211074041,-1.3256522776630237,0.7198355934207797,0.9489867939704569,0.13312490828855786,-0.9214950489450536
5613,-1.534390565151041,-0.7502759048700046,-0.6269793835768559,0.7750430541693178,0.08833203953078148,1.6550862240197615,-0.1055674448537101
5614,1.3863968857769307,-1.4303885388729753,0.17858900865717817,-1.2526135507743563,0.034116733709017785,-0.41336483464992596,0.07070703817288186
5615,2.4864261233738096,1.7274520478269635,-0.7488436809118537,-0.8176671594619481,-0.5603747257688155,-0.7677161651272667,-0.06014495042443598
5616,-1.2070198942201926,-0.8249344552749818,1.3681356420276058,0.22248379520103595,0.3691452953638704,1.7973173926703985,0.5437458448337379
5617,-0.14051394936062006,1.1960901923977125,-1.5683393325009038,-1.4661840739827525,0.4907313689984347,-0.5237094792876369,0.6131099207250561
5618,-1.8201617175684148,-0.6613660107042851,-0.6997520331344617,0.0755316599855544,0.15627016536681299,-0.018867038856602705,0.5640568199040522
5619,-0.16016059998321489,-1.1507138115509963,0.20287689705102394,-0.5593901630972345,-0.634610930794489,0.023457013490160224,0.8013139751203383
5620,-0.5821731340523574,1.1450947128101996,0.430718005334492,0.7207170695547619,0.6488672144886574,-0.8229712030893804,-0.24651172459211482
5621,2.1724368379502703,-1.7298894078084346,0.004959624333748598,0.4374096632727239,0.2304618466914991,-0.8559581895436693,-0.973639720615821
5622,-2.301429299117313,-0.7222442303535344,0.6978337713808751,-0.1139898432805649,-0.17839722860402446,0.4755423661599759,0.5524344083053199
5623,-1.5464832144718512,1.6012416909413747,1.117609233230787,-0.9381424493519962,-1.3024210521127773,-0.2277415843682166,-0.2698083392155072
5624,-1.6162478581782311,0.46728013150285835,1.2339351169514226,-1.1420394658140067,1.1350893890417488,-0.16373223966646883,0.34134721901351434
5625,0.037625119683967416,-0.3867700564183453,0.26229393934888007,-0.9771694836760381,0.8017235985996715,-0.6450643743412172,0.8196033934642809
5626,-2.049876113126061,-1.1221523569757499,-0.6139954755036934,-1.053208722777487,0.5111196457275091,0.3895086956451811,-0.18499897101131188
5627,-1.8664219836985716,0.0745069744860604,0.11650775171473468,0.31601155767510547,-0.512233984076039,-1.136725543695769,-0.18838475633415372
5628,0.4817641778591782,-1.2265138467399872,0.2648119498679684,0.8437956543939997,-0.4050392569244859,-0.009817324004867872,-0.7268147488030597
5629,-1.1569715716019329,-1.2001356153067175,1.1734020484065313,0.933313466906769,0.9145983540126572,0.016743394969688793,0.5078695485161391
5630,1.1791205829801117,1.0559160051828511,-0.33762068943145995,-1.422187233732888,0.642903641290681,-0.926065268502701,-0.17621460024016625
5631,-0.006547029057727512,0.6247158976633046,-0.9794023681858969,0.8546159450240002,0.3484993360918554,-0.5065639326970618,-0.34781500427384543
5632,-1.7157247842228234,-1.5761861461878897,-0.9350066749026992,-1.356774670227213,0.41766615472277197,1.319164067001579,0.14497692188482064
5633,2.7610440348281236,-0.8555794710071647,-0.6288777118699842,-0.4550425347538537,-0.3481283185462461,-0.7796231385431852,0.8872883584731168
5634,-0.5130282160527292,0.42209506274889347,1.526353809253294,0.11306913550846116,-1.0525468190019849,0.33314742736933517,-0.36639351147824034
5635,1.5550430602824448,1.2839175435778156,0.9525983413085556,0.8985516837227551,0.3608070576970056,-0.44018600843646094,0.12214643598203274
5636,2.729557155917108,-0.2336216506961144,0.1338992151079678,0.028682171878792455,-0.6240879669472463,0.3098201194780671,-0.7323522689593388
5637,-0.41704929270392566,-1.0283753085481342,0.01118570288822191,-0.6796078551136129,-0.15925689683531102,0.6906706464053861,-0.06833011467023219
5638,-2.583694748099657,0.339628309424824,1.0070234298112526,-0.3072133497400139,0.4429495937856321,-0.5281751577490688,0.27286967535007256
5639,1.587973024631613,-0.9906306270590981,0.5674327506252275,-1.6592089596987745,-1.2823242570283095,0.12427339299075292,0.4542956011285117
5640,-1.5382869425497843,-1.6304912240674294,0.9486956895710769,1.1623747246654088,0.4681561750944265,0.9016508837501682,0.9168082895312237
5641,-1.511842828102345,0.6719808119908953,-0.611051878286312,-1.1097635639603438,0.7154718498876337,0.4891591798049358,-0.029183949040221136
5642,0.8466736848334593,1.1152334696553643,0.8889755774251701,0.18011556230790365,0.17162871090702558,-0.49506111713435746,-0.18451857279326964
5643,-0.8896592101227068,-0.39039036542344147,-2.0846108455885535,1.4455442503122131,-0.33068651449027575,0.17954530694009063,0.721716033734103
5644,-0.21438048474814217,-0.10255822318683229,-1.1580382050689357,1.2291475207525093,0.171082566134272,0.9794286744587147,-0.8657782890950351
5645,-2.1684158744962367,0.5677803356554261,-0.8095879776626888,-0.8452262779923629,0.05387936494232358,0.8675548042447923,0.3689557140511512
5646,-1.74480103086146,0.9277441431532714,0.19171771661493386,0.3164689316281104,-0.944635266307668,-0.9069556453468081,0.3490690926812473
5647,2.8572122298125566,-1.5107967213559153,-0.18265655783364523,-1.5869923735969746,0.3828083952638402,-0.006489186974650483,0.47304686663062423
5648,-1.8492785959040536,0.729039373494131,-0.01002864657682287,0.5523778189340334,0.3442712174802591,0.7284684823900011,0.7902730570663812
5649,2.7992221809027544,-0.4965697253657848,-0.4094009834645468,-1.8608109109004591,-0.16125510142769783,-0.09810656351158906,0.008204620823648591
5650,-0.31118026934456683,-0.579126398008259,-2.912234462424307,-0.8587731910040577,0.2627797593536144,0.09902611711814258,0.15232950797330716
5651,4.035040738587938,-0.43853860220622365,0.7268994598177803,0.21283226416250597,-0.3561789697604966,0.37389671358602244,0.12288439447244469
5652,-0.8471160866657441,1.5921988859420615,-0.8768907818610956,-0.21434461708345667,-0.8328140788606792,-1.288478385705191,0.4230525736355328
5653,2.090257164890962,-1.6724193302175776,0.7472815278331914,0.6500790797909706,-0.9986295058275338,0.5275523275233244,-0.8134158604803486
5654,-1.7797084993459218,-0.2550651647715462,0.7406268884973761,0.6597092686778753,0.6384271583244067,0.32229985642008785,-0.3944272324250589
5655,-0.1894132435548285,-1.3675468880189934,-2.7246461334492693,-0.2801459009375933,-0.3172579923566309,-1.1785499273644058,0.09925143323821439
5656,0.10975839134756847,0.376541173173261,-1.1730116862411406,0.22640124908975734,-0.5505823184779461,-0.07761677572767701,0.03735701906237633
5657,2.491010981301053,1.2837409874700345,-0.6336547798248734,1.14430504545976,0.8714411377967499,-0.3234646338631012,-0.445104383104432
5658,3.4670717956697565,-0.9191960880276079,-0.980275069832966,0.4921281486680507,-0.31912604782693904,0.7217796080170413,0.3780908046823257
5659,-0.7835162220768134,0.9239247388321269,-1.1324441902073663,-1.2861644736722628,-0.10837639866163654,-0.9353582791500973,-0.22276806122840273
5660,1.5994188281699626,-0.9966036033036433,-0.056088868751959946,-0.9358749428322496,-1.1174705048552314,-0.6636139967905965,-0.19723607536309287
5661,0.17388954698531728,1.2490439803823277,-0.23582627422449046,-0.16661884402564564,-0.2294073703318452,0.2600181939676962,0.25096364475880456
5662,3.211245490706039,0.14463530508105746,-0.004493581361297344,0.3379048417465331,-0.9204590402753001,-0.3104319053082249,0.865415183093441
5663,-1.5259000043936275,-1.1901835470038087,0.9313814628942318,-1.0850668186552281,-0.05915912162355398,1.1042342868444166,-0.2814485163563978
5664,-1.7507493660537132,-1.2710491949349132,0.1391907971891631,-1.2744236684454202,1.2436836610014472,-0.5414224065799691,0.1464458796877326
5665,-1.667958315083788,-2.776837738498116e-4,0.9369841496225453,-1.1168986248469872,1.0119228408441021,-0.12345688241902274,0.7761845344092626
5666,-2.413354097740641,-0.14674691859745037,0.28972850238542863,-1.073703359898736,0.07724885031109929,0.15519721079167967,0.8776712771050024
5667,-1.1466413388560446,0.8562902355914119,-2.7622471456385083,-1.1455768728972517,0.5239629304341656,-0.41830788258362556,1.0326175477944783
5668,1.8612853339999482,-0.5961345149978194,-0.17580892269160142,-1.326867471792841,1.3069523537190746,0.008282307739594342,-0.08592289466491698
5669,-1.5551772244603355,-1.174949127161592,0.4740240343279973,-0.6454931749342226,0.914719115888686,1.5239922180225396,0.6099304275542525
5670,-0.7466585643513081,-1.5915493561946685,-0.350653817859136,-0.9952307825832977,0.9192782193840571,0.17539255919470836,0.0770889896415671
5671,-0.40180683217079766,0.7092515924759509,-0.3808146330891441,1.2677402297506957,0.525278022499312,-0.29229790093736935,-1.401020772194392
5672,2.7567685189092277,1.1484146508364952,1.0486617659707467,0.2703069248384506,-0.1985838826836102,1.2280838351431014,0.04345613293534909
5673,0.49052142887690214,0.9434090450792922,-0.7283313318368195,0.5712858392319439,0.4202163997476843,0.11984407260109484,0.029507258808792645
5674,0.14719211067023122,0.7320890867754737,0.44196054929097295,-0.39907686470912324,0.7006093587275837,-0.6509902642991178,-0.7660274925231623
5675,0.12408304295048374,-1.0142759340507221,1.4662386735206556,0.4693171510271141,-0.9388028794481814,1.1306804127906307,-0.05657131334935433
5676,2.536959636498702,1.293341873541927,0.18043594882366995,-0.32667517061532875,0.8915660836990058,0.5688868458739001,0.4300147111437999
5677,1.8807755251685618,0.4864347511132221,0.6510393067111695,0.10975962563178014,0.7730999749663484,0.18348086906668004,0.3585489077491028
5678,1.9232733344345785,-1.0974913319534851,0.7349878333304352,-0.9645527302200876,-0.2797908360763628,0.27556406909909875,0.8678420709365245
5679,-0.6863886367753558,1.3922426212907886,1.4281716527922268,-0.805037084084652,0.4874778614876607,0.6078430003190639,-0.11551047817053445
5680,-1.6095123821743833,0.8218042845425135,0.0992516356160857,0.4883704569047944,0.5267140306209385,0.5447449566961047,0.895360959547184
5681,2.5665983706710143,-0.8129871911810386,-0.3228034418138906,-0.5543552790142955,-0.1272855942296082,-0.044992293028293176,-1.5393173723580555
5682,-0.17082695759903271,-0.62322736063067,0.5105134310364047,-0.7984508705695053,0.9111521972129956,-1.022354200426529,0.7590928511364947
5683,-0.21220253585141588,0.33795080003722955,-2.9104792096468777,0.3522782205188977,0.2719666944665828,0.7806121635595007,0.18323159881613452
5684,-1.2203269748353498,-0.5874814021667629,-0.01832083099420162,0.449077499828349,0.6672085703764247,-0.24767752408361357,0.2643812957205652
5685,1.5572481400798235,-0.06338339679969508,0.3827659738123272,0.971424129173585,0.3577252492945581,0.759091252659299,-0.08648331511082942
5686,0.18473273182236163,-0.4868325377402138,0.8131916345714142,0.959043532902902,0.5202174375269465,0.5165632165451255,0.8397043744291991
5687,-1.614207921411069,0.2612450513559475,0.24677794861321092,0.6716759052697142,1.2748198899742327,-0.8734786695133531,-0.37228716219308666
5688,-2.907332874325904,-0.8450492442492679,0.1859328675231656,-0.47446887368965507,-0.0600087954433974,-0.2531557002393932,0.07240210769642377
5689,-0.7878293269673817,-1.336246708060441,-2.136564411950751,-0.12644125486916302,0.009400015700077242,-0.07776209390809663,1.1792193398176996
5690,0.16944803025788757,-1.114169693351842,-1.2499057302455578,-1.6019444401765484,0.2559856619501867,-0.0726629120252596,-0.8149601139349153
5691,-0.6860275456166464,1.1297204964398821,1.1692897971546075,-0.6842621529433273,0.0010441749163365977,-0.7515367975041277,-0.9262900315401789
5692,1.86809131363932,1.7482656728488586,-0.09837310901916564,-1.226076220017637,0.12688524668334072,-0.3408404687873936,0.8144318851165071
5693,-2.143360781238672,-0.3929741464407382,-1.1973640851139677,-0.1078896954994891,0.5871198409484043,-1.1940037432763144,0.09387419264651112
5694,-2.6867713283070653,-0.11318384076606176,-0.15583673486089508,-0.921533702054169,0.41767202490234895,0.6449226293552929,1.0984868424923602
5695,-1.3040357597166738,-0.18254742482550831,-1.4675753533436222,0.19798116808601063,-0.16957260538771032,0.0041242879489900765,0.6039783568566441
5696,1.5244286092805992,0.9908973297586924,0.38002566241791735,1.8885832370939075,-0.14711942293356467,-0.17759551992636077,-0.07198915777569659
5697,-0.011960019465779492,-1.5802292926883479,-1.076419260305707,-0.5883287731519022,-0.22718812418592615,-0.10299049529292864,-0.7588216782973658
5698,-1.0302940633757542,0.9191353816241885,-1.1246367455744064,1.2465674310876582,-0.26077749550251184,0.029486474044668684,-0.22342576629260125
5699,3.227754195982853,0.3640952619947822,-0.44401298558641195,0.04016003335111424,-0.4077631248403239,-0.9158232065034271,0.6103438148680107
5700,0.4849229084102003,-1.4830724816087357,1.0792907711281103,-0.6180022727597436,0.3068996507469355,-0.31454689466489894,-0.27248440168277316
5701,-1.0134498685664437,-1.8147218555007107,1.372994914954544,1.3198806169701083,0.7786636126237747,0.012008376045398447,0.36760607438645737
5702,2.7638345491379237,0.01003146213105349,0.12113541276021517,1.0709430100421418,-0.4336149154109568,0.059489877243933856,-0.6991536567317472
5703,-1.716023167968899,-0.670457620469317,1.5972971739287078,-0.17311165376173063,0.6027913493001952,-0.8255404683715519,-0.39172513970787515
5704,-0.4292207761874961,0.19207193764207522,1.4276727929139175,0.17940387017237341,-0.5646294852882638,0.43152977812591015,-1.395642739771432
5705,-1.8389354854342108,1.121248979261916,0.9164859105020601,-0.028036066235002183,-0.6092100228531422,0.7577690003626474,-0.6055330858591019
5706,0.3005689329003578,0.9462176877482187,-0.9887936539678447,0.12914554745304346,0.47366744245269454,-0.3574095157036336,0.346478153902057
5707,1.558885686953625,-0.683027557590983,-0.14345443160438445,0.9242763992647318,0.23933310864184645,0.17699614517330062,-0.29715106437284117
5708,-2.092106299171638,-0.014000231561918096,1.4275101135964565,-0.5301719768729921,0.8832659004327438,-1.1660406685624132,0.20124719932440274
5709,-1.6450077763372672,-1.4164751602447607,0.13268093116049712,0.6158328389968207,0.2500575645857485,0.7276887445100051,0.7189571299149193
5710,-0.6777801030230174,-0.6000621471658976,-0.21096957099483818,0.04877608389093234,0.16639172955930492,0.9819559272369264,-0.5179997247570611
5711,-1.985153268481843,0.3028988643230612,-0.8968220374915558,-0.05851041889255075,-1.9269923856794253,0.0713852322714925,0.5768369904587118
5712,1.8535388003088857,0.8790844023888622,0.20600705230155616,-0.5142002563951971,0.11232741914652994,0.6634443936809733,0.6866001835774279
5713,1.968840019873068,0.9759802563264253,0.5031477503126465,1.0445280829751327,0.012398831602844301,0.4608615332119867,1.7199484910510325
5714,-1.2683874963310204,1.1142548817356186,-0.5179290505224384,-0.9777048383670137,-0.21321937505217622,-1.377708144295506,-0.15226487488425927
5715,1.668990688787037,1.4051286179553908,0.5810288928356516,-1.3215867477355363,-0.5809873164038745,-0.41611037564879105,0.49995185728908187
5716,0.5325782931409135,-1.2517189762559784,0.2257127733794675,-1.0655083838107844,0.1859639241252984,-0.24532196008828322,-0.2035225281500105
5717,-1.8117166478963773,0.47612107315709323,-1.1476197545187161,0.7619692578798132,-0.43291123106190527,-0.017180511207858865,-0.20545815386414543
5718,-0.26676198461053086,0.35723283648779297,-0.8193424645336429,0.23384029416603222,-0.35100690802867085,0.5230055642559194,-0.39483703947564536
5719,-1.2813461088471945,-0.1448160715896275,1.0509634841428876,0.0621717976441642,-0.08953194132698017,0.876237937505897,-0.7823930450961338
5720,1.8710457649810075,-1.198787856657112,-0.5773849875833639,0.9745901828507939,0.6912594841641918,-0.5115260820227155,-0.18446392237015732
5721,-1.5603737753600906,-0.28350581861609947,1.300521389783908,0.7902743902860095,-0.46220665697051744,-0.43566860614845915,0.19097594025383752
5722,2.071405374378208,-0.1063227357457504,-0.3929631076034374,0.5235930420507688,-0.051923469526677264,-0.8708013566092236,0.5486630582127555
5723,-1.1295853725298357,0.48969554678740096,-0.004975032801667218,-0.42486258709210517,-0.1680231827097078,-0.005787846334685265,-0.16066336908613207
5724,2.090325378555115,-0.20755782834227124,-0.4552949317229872,-0.4062247651579528,1.1309933554680838,0.0323500457306838,0.08262888811429409
5725,2.3739477405804577,1.4178457983028279,1.1725276715423842,1.2837188443525434,0.3913698882153669,1.2295095389982544,-0.40023364344755824
5726,1.4036715246512537,0.36866219279989293,-0.5975482162265852,0.17159464180447015,0.783746390415894,-0.09776538264004926,-0.47790801560927787
5727,-2.085332246526994,-1.2802348187507617,-0.7157642730813324,-0.6678971995066468,0.8102446183452181,-1.0784173561355777,-0.25787414112634677
5728,2.2201233945554977,0.8172105447935322,0.13638908006805653,0.40104182454879456,0.9616530216024985,0.12590206586030192,-0.7160533014330858
5729,-1.7960174107758287,0.4405471301771609,-1.1330382630809663,1.3518832908285916,-1.0358228391336877,0.2815185175273879,-0.12383496880434493
5730,-1.8717644972043486,0.5679115884593134,1.5682994880394439,-1.1542535070760822,0.6224374463520828,0.8622799726298089,-0.14765534532180116
5731,-1.2985958594060594,-0.6270347839872628,1.160879402786997,0.3217232819249106,-1.3393703643533004,-0.5878145846613817,0.4464391265146773
5732,2.581474836456382,-1.4971081579082308,0.26961314611194004,1.058293665337383,-1.0819291232298216,-0.6108235236414752,-0.3202446142576298
5733,2.8373476727159983,-1.2369907737895944,0.3707918982907727,0.7861659764936857,0.2132249812680223,0.636587836336944,0.11911550378241127
5734,-2.8516568970408622,0.026858688921307133,1.1125589023969078,0.4204072512705492,0.12229657336198767,-0.24665025158968415,0.6262017318518575
5735,0.385850064616342,0.41803747345855696,0.13961759022370787,-0.010717456964556721,-0.067859665826234275,-0.9150994750168141,0.4208824223904362
5736,0.1778866263473712,0.5314048806647544,1.0217893091526415,0.7739372589135967,-0.5841677571092863,-0.2843344268999207,-0.9336743603301935
5737,2.978753750499534,1.4023214105944033,-0.6208202020070712,0.08623585268133571,-0.5480949094245667,0.15180349767945955,-0.10357445753518935
5738,-0.4984971257134186,-0.8113258852762801,1.3653860245142058,0.8685580999936061,0.9979635678943554,0.3265101763969616,0.14574910181570788
5739,-1.5637780747899073,1.607090478225379,-0.50513073413271,-0.5298756924145427,0.9254593667214519,0.26874543444619153,-0.8318348394787716
5740,2.9462283925448984,0.6438017363296613,-0.24632006084139554,-1.6037820837078174,-0.42691425281268597,-0.4509362661571741,0.7150901109240976
5741,-1.8261994124254566,-1.479158405019027,-0.5500759635279121,0.6142641862598949,0.2801585842720826,0.41474869512699303,1.011893668038473
5742,3.8780682251150913,0.519067262851301,0.14863680205631646,0.8593411439083791,0.17981476307524386,-0.025204749682084207,-0.22933043492885918
5743,2.0422900213171125,-0.7147294240130928,-0.19701381608245622,-0.012427494310048257,0.3561945790311387,0.5645907941917252,-0.8419722591073577
5744,-0.5111821606406688,-0.49138342074361857,-0.7824938147038282,0.6072784204198561,-0.9169880370215818,-0.10211853335113279,-0.8591064646196225
5745,1.784772462680659,-0.22721735419097847,0.0827380668157304,0.5679742025700085,1.1159767180131417,-0.7340915943341861,-0.7861102706310468
5746,-0.06453586859814757,0.199287502063472,1.4075593126389927,0.11223093573487142,-1.0918560232630747,-0.8227958568471943,0.007171087282353009
5747,2.2837268917384748,-0.30018097286172357,-0.3172320793159533,-0.19367933414515423,-0.4921599202401782,-0.3228861823661783,-0.6881428585508981
5748,-1.0440958377854408,1.5503339120259536,1.0840971756540543,0.4574582683216263,1.2568642288552938,-0.0954255124913413,0.48600007212046087
5749,2.4032230124389757,1.335668245508647,1.2804666956512143,0.1737743652386715,-0.4789489623916033,-1.223094139307086,-1.04854445547302
5750,2.947402649046036,-1.2422888727722103,0.7673368925717455,-0.6736240672117246,-0.3802044041901744,-1.0354647199219833,0.15492944774147635
5751,-1.331334843080318,-0.1526061316395049,1.4665110668343544,0.44097260088866486,-1.2538399094243349,-0.3293485567580753,0.6822758392373056
5752,-1.0386231824745042,-1.342124587446171,0.5107266044701833,1.0213888294080231,0.7418121325692182,-1.1699944259161672,0.3408943303250681
5753,3.0602368403179803,0.35983751676434317,-0.027331094862980774,0.7487445240220099,0.5784930539809028,0.09878724550420695,-0.3233030979807119
5754,2.9417318049184353,0.22297203472073734,0.1618534236826263,0.2932955712317566,0.05435730479659019,-0.768991287893144,0.6597785646799325
5755,-1.9360939485152706,0.21113281987623003,0.5167719215267581,-0.4980227158156527,0.20304205879336443,-0.16989081590003677,-0.6747350716494356
5756,-1.7917784350386816,-1.2285825101265169,1.564231456773675,0.5922753337105837,0.11813541949156091,1.0815937646664697,0.47782247596641675
5757,0.10879278108344163,-0.34302602022580986,-0.1562943575521347,0.6330638757196945,-0.7140855632826744,-0.5329969026429097,-0.15732030060137048
5758,-1.2261314888668813,-1.0195992542297279,-0.06391989564644172,-1.232677377823215,0.11139106089178345,0.12984499771756977,0.2906041686649955
5759,-1.7034993502400684,-1.721150719345118,1.483501524169472,-0.10623112605838714,-0.24796790485739775,-1.1793396845662438,-0.21415324755400425
5760,1.7102527022595326,1.604791134846381,-0.19599055281406674,0.0095280603818522,-1.0131474678089172,-0.627897430250609,-0.6200543373506775
5761,2.1983120461820853,0.43076467789019135,0.464168509247548,-0.3612795692151493,-0.10416869996754517,-0.2623259551439437,0.4510339617908616
5762,-1.2808983765801893,1.1196569615601768,0.3207204468053455,-1.49121561898946,-0.4975974993145317,0.853755739762532,-0.5406457983018004
5763,2.1236376891754123,-1.3272622890332126,-0.09351160354415923,-1.9266324784903117,0.03599185415361375,-1.0054812588941284,0.21243958755521056
5764,1.9015231078903583,0.8817252582293789,1.1927813107250855,-0.05220206672380169,-0.17967910546117874,-1.2908383226645896,-0.5792133883909669
5765,-2.0229305100233783,1.3353339781065503,-0.5314825140789178,-0.9248839658673401,-0.16316163818162405,-1.4797326064272351,-0.5402761490054775
5766,2.1663181006270666,0.40276974724907927,-0.34951723062108087,-1.680161950455883,-0.8060525476262289,0.4254639631079743,0.6758530928590756
5767,-2.599585664689065,-1.3651728380920822,0.28070732577179747,1.88240500104528,-0.17991506535833887,0.22283884309899654,0.2947061392383667
5768,-1.371065011764438,-1.7847911466789745,0.2595618246626274,0.568568608610114,0.4773101672896224,0.23515965355007895,0.6067205204053862
5769,-1.3688837702022376,-1.150860956797052,-1.0248975630512498,-0.11529918681837208,-0.1539653064137171,0.2481953066267523,-0.6166599769889958
5770,-2.2210561454908277,0.5962007920140172,1.2120536463081297,-0.880545955445985,0.7363087702916116,0.9468659154169189,-0.6723985779352378
5771,-1.2527675263763636,-0.8173706535603413,0.6009488522730341,-0.9675367821597747,-0.7957950753964401,-0.11082921966441177,-0.8287829600350531
5772,-0.6086955378177329,-1.7218113674673867,1.3023665246558216,0.7665540172358228,-1.2213214444845966,1.1879851472182363,-1.1924055624570793
5773,1.9420051936599843,-1.4856329747538164,0.817516117501933,-1.2529105752242966,0.3695252729596415,0.16751118439202126,1.276415029735608
5774,-1.7783368499931917,-1.748980540359282,-0.32325465645729623,1.3255275258937245,0.21752732745094064,-0.9207865128430008,0.9031457067695009
5775,-1.0837425816454587,0.04136946221763998,-0.7007048411805561,-0.4519024143969605,-0.39894637339957634,-0.16957043942415753,-1.104886100286459
5776,-0.6433586574099261,-1.4311540514889798,-2.5909143695764696,-1.4099699428455397,0.2946330063623986,0.040661919789711065,-0.9128153484626175
5777,-1.9304327116881315,0.3722619033210924,1.0193252889981463,0.9084079321954353,0.6096096198255003,0.793341641313708,-0.18084689114592956
5778,-2.0870596588359382,1.0131760590392265,0.7541928075460121,-0.8959560472377189,-1.6593274565245595,-0.10700998213720084,0.996067342951978
5779,0.2781998718481987,-1.0416162573655803,-0.5038396872338152,-0.4927203286300725,0.5219296973655968,0.6537125172205774,0.04613646877078719
5780,-1.6410158273511504,-0.8233460413592951,-1.0742931498663435,-1.5751475448714682,-1.4814221329479205,0.14935632363948795,0.5228644145145719
5781,2.0457729712616124,1.5889318947047737,0.8895684731685973,0.14175115818976997,1.2545648661107809,-0.3740156599982567,-0.3918612315071612
5782,-1.8508008504195885,-0.9614346984903885,-0.9680764602634584,-0.6998982315932943,-1.7337611286331962,-0.6728559752314868,-0.7375583301991953
5783,-1.4049219167433797,-0.3153425271969598,0.8724911691502268,4.7043856927383526e-4,-0.47934040777925413,0.969710901538308,0.053586041638614794
5784,-0.05742934349960451,1.7685980151229774,-0.6578326753958815,-1.2416596801109292,-0.2883683790993483,-0.2433638344172421,-0.2945446554704779
5785,0.9679961086030163,-1.2378402451736221,-0.4460007131132604,0.8008100255477257,0.602629252261628,-0.29253763774959884,-0.049152829282672825
5786,2.149142969640776,-0.514963027212765,0.9232167646481926,0.05811097385885807,0.9113887955800913,-0.46618043869907255,-0.25130255493752063
5787,-1.9890363431140181,0.26657100365076203,0.8595975144688967,-0.038707164900198106,-1.179509852268409,-0.638029391826273,-0.07284930297716273
5788,-0.7835775844597351,-1.2180239602185814,-1.2539314062886004,-1.1447106247870915,0.009786486456929267,-0.5836330225817091,0.48948153164710717
5789,2.43400400843258,-0.5765335825838057,0.4993905617331205,-0.5196043454928594,0.0052933245332176075,-0.5591476429704326,0.4492460474522684
5790,-0.7115294471700838,0.38024447281713813,-0.5192342177315921,0.02062848395681145,0.4218966575092269,0.32301467101146775,0.9122278173804327
5791,2.4715051456895307,0.8993867294799782,-0.07135535064921243,1.5674046611312351,0.1449008977637688,-0.6092717884163269,0.11936368977305448
5792,-0.6766736415672711,-1.4984839783598687,0.690786874052525,0.7396457089541065,-0.4424213090812589,-0.31209876439842693,-0.13255989644374647
5793,-1.0930779185415822,0.4365619358280693,-0.3482998335609538,-0.483956610628454,0.21065700281565553,0.8070103405549908,-0.7648210791132222
5794,0.9645593119110948,0.3137112816123845,-0.8391137923421926,0.38020092598056493,0.6846608449555395,0.40379347348520733,0.11698756451998954
5795,0.3762229059739719,-1.3174304609901284,0.7590487668585719,0.2648038021904121,0.7644754069702437,0.19638549960968554,0.7002921028930608
5796,-0.8738363076745446,0.98187506942388,-2.145001176427486,-0.6794838302540656,-0.29691944160285555,0.8801577737566906,0.8839227440168607
5797,-1.3784033861899592,-0.32898071766357506,0.5784117475454178,-0.6047145923891784,0.9022831188930096,-1.1591112775909687,0.17304042210703857
5798,-0.5226331651904784,-0.5024394045399188,1.5051083387594557,-1.1326585093048454,0.1967359680604213,-0.3677595879794407,0.5348544262960483
5799,0.20940634332130179,0.8115970228125415,0.11022793907424934,0.571982080285103,0.825255518833237,-0.4308269444857561,-0.36225737230472715
5800,-0.5903737878427633,1.163292505998298,1.750252366587025,-0.82335476576305755,-0.518572188725408,-0.49394669539009256,-0.2947496583435902
5801,-0.31616747987330224,0.8886031751918633,1.4763800410526586,1.3930257568187694,0.5498926007514291,0.8027842716084181,0.1563234640065639
5802,1.654894998550951,-1.4454433105319489,0.812799736793603,-0.6612563237394693,0.022958353076705244,-0.13340089088252932,0.47860502660164383
5803,3.0091437767500646,1.020659275136076,0.9438450532918193,-0.5132372174740994,-0.2318849577476006,-0.21638390381102346,-0.3676648569530073
5804,-1.0449239810316597,1.3787949660390824,0.544213160747503,0.6070215762445755,-0.7704952697705822,0.9525641656004562,-1.1764035084248718
5805,0.6123930722996269,-0.8510312383749066,-0.9445965039914425,0.5137037043086348,-0.3687218657976883,-0.46581374365650074,-0.6654756899662362
5806,-2.0860352930280235,-0.17695311305833653,0.23322809654284568,1.551993521912921,-0.13398023595039948,0.3343334379216078,0.5253123810085432
5807,0.6858899499713569,0.6921806699852135,-1.0461037728758036,-0.012400176783924867,1.401461985813951,0.3131893506959841,0.15825829080245454
5808,0.6127410954642872,-0.858799708261846,0.26380213484362613,-1.2560989661299775,-0.0118896894867861,0.6490163006344798,-0.5117955996483186
5809,-1.1680355214178326,0.8607325307007592,-0.5981432154066886,-0.35278416090038417,1.620519015097432,0.22410069463145693,-0.3391911114476369
5810,-0.08578354070036572,1.395159748443889,-0.07561341561890132,-1.0119103175927324,0.8714717518075514,-0.15713053162207902,0.7225839983180831
5811,-2.427844540435563,-1.3221913695045588,-0.7454644094407055,-1.2032923237885336,0.4978453975976283,0.5882227806725248,0.4915405614132425
5812,-1.6776667549710462,0.7157565681303125,0.9136144178783596,1.0199751354544484,0.4844953079013579,1.4847099581975887,-0.0490879986889628
5813,-1.0092055272282414,-1.0196407054771426,-2.6222403768930547,-0.9831362226794159,-0.399713081385311,0.2238233457876179,0.6854724173885333
5814,2.019761130505563,0.7648705344270801,0.7656740996495487,-0.4404422661776836,-0.8401827564844189,-0.16266661860701387,-0.5401806574355389
5815,2.4919467510059707,-0.24992632505212145,0.8132925923956387,-0.4654264069186952,1.331166872374528,0.07700498577066399,-0.34455670072157235
5816,-2.206646321609811,-0.5174334624606048,1.5409995562761403,0.29727625005106295,-0.5605414804378136,-0.18040006189791025,0.2665877220827651
5817,2.1293275634272395,-1.0441391262906927,0.9810968729322576,-0.5117778328546586,-0.5257865555941478,0.224000767999845,0.73856068361350935
5818,-0.3147545012630853,1.5117207515264999,-0.39373658069355477,0.783115052426875,-1.3539666693478347,0.08636818930511077,0.06196211547628375
5819,-1.7139585876060823,-0.8727471985381035,-1.115409364785129,1.2698117931335526,0.05379518350678996,0.7900361032328367,0.6812001051650763
5820,-0.5450344267275963,-1.004217518213152,-1.783193912958359,0.922567504565019,-0.5162589558064582,0.49206639331724483,-0.447030521916362
5821,-1.4164851592914052,1.5210820174795123,-0.7571695576073322,-0.5978166119854469,1.0519414069517583,-0.09987595679049129,-0.8586182216135995
5822,0.08252640267355187,0.7495261238308139,0.5391940000033906,-0.7757043861729537,0.546894642750982,-1.0246535175155478,0.5421132323828606
5823,1.6524098110071217,-1.6025764393262811,1.0047243644660449,0.36433882571530063,0.019859339081899234,0.7881709560149351,-0.17561059453159744
5824,-0.6057160309877847,-0.9507326776806142,1.3735053365798802,-1.1389680964282838,1.266487021834038,0.21213202858887573,0.22538832305206682
5825,0.11441121886499458,-0.9533468776377296,0.5864573680676879,-0.6494963827284613,0.48490893298489474,0.668855601255343,-0.8112540676197403
5826,-1.9134903622104273,0.11268771616673214,0.5302703310527696,-0.7083130048347088,0.34570903631006944,0.8497959687994862,-0.3445815619108453
5827,-1.0846416571085022,0.19302738659720664,0.2555547765727528,1.3902768232951845,0.2570993466792664,0.20504172927709802,0.25260236468175445
5828,-0.9483934187295983,-1.5354472194006874,0.15827361513864685,-0.48541597206827664,-0.2818455882627358,0.13615125287981497,-0.5910785335579223
5829,-0.9469962616366472,-0.16141042438037642,0.4278802776353975,0.1596078871205787,-1.157208489940211,-0.5231225766485009,-0.6894744437779543
5830,-1.0403754408606416,1.2038662526219241,1.2958305308986386,0.3163153404437292,-1.4203293325591853,0.9613446911533589,-0.91213465870488
5831,-0.7592783221215922,-0.5106174492985786,-0.44069623203118946,0.40223085266374975,0.07856388243435479,-0.6415994291761389,-0.20275035732562413
5832,-0.14240483507012683,0.4531163707428007,0.8638136731182557,-0.01249418364873514,0.5178141922486169,0.14398502547270628,-0.6329973961356385
5833,-1.6972877407241589,-0.21653833545566686,1.3260763486711837,0.7474289778264499,0.43733892796747964,-0.8083062583848373,0.011397447216845746
5834,-1.074501136614491,0.6508528266935752,0.6079018006765964,-0.8706117071462355,-0.250580509686998,0.5286748456197606,-1.1701208643735739
5835,-1.9899320601885542,0.6641217871058173,0.5777412119548804,-1.0376687434696363,1.0545375812170346,0.24056974954864793,-0.18046009957286976
5836,1.2050416233734647,0.17921630092294671,-0.5145904913843621,0.5098530876631696,0.10153186197984379,-0.0744207184128283,0.688058561647047
5837,-0.9391328788268933,0.8193869157789173,1.566027322501812,-0.4326422941335197,-1.168243065988458,0.07333774607566143,0.3597577464350077
5838,-0.08165396019680672,1.1201439952920993,-0.06829577542196322,0.08805086405381217,0.7180040932851182,0.06795370381778178,0.13592079377458696
5839,-1.9579667019486484,0.02112308810959871,0.13664363758776024,-0.8872025170060661,0.38832227306255296,0.2909473783649261,-0.18307350404579703
5840,-0.24282008804628474,-0.7471509585505594,-1.2344201891245554,0.3963340395024042,0.27039583035927667,-0.43094459516484906,-0.7271117713701154
5841,1.9322869286413458,0.5208962164140073,-0.3413968484944473,-0.01215909598509143,0.5004873231412347,0.6533859317457412,-0.40822136562914835
5842,0.884045562181085,-0.3314162789364357,0.8383177780238578,0.846554251346308,0.12109825110652478,-0.842848343781704,0.5423194514234072
5843,1.2400298914483692,0.11486230816310898,-0.15976321673600224,-1.2545716330642562,-0.44351278184278337,-0.8872931898051695,-0.7625702780073719
5844,-0.6978648869106174,0.14238072448621342,-1.1949414715635525,-0.45199613340477884,-0.787818071538468,0.6634249606107142,-0.08462775973434822
5845,0.29473125819430407,-1.8173105438620132,1.1030882029707378,0.42919660987013414,0.26388590168144194,0.4173571084687681,0.44040293965753996
5846,3.3263829141671613,1.0464827162188541,0.9590577624741002,-0.5742686020666086,0.12971836117867497,-0.14530358942379215,-0.1933592970224164
5847,0.5328034035729938,1.3463819999269504,0.32745790239605205,-0.7130074376438423,-0.3201765230518263,-0.22657308778983273,-0.5173583875887339
5848,1.5052505380638601,1.3681917804291817,1.3168433803385782,0.33591088359565385,0.07192391584214693,0.6132053185227032,0.01604257438868847
5849,1.6132566025560404,0.4399617991272338,0.27774932319678525,-0.5923685823780936,-0.31645348334738127,0.40206205983854837,1.1954528452172548
5850,1.7985851062946592,1.5031446614464634,-0.7667416212912198,0.6607999961069344,0.09999667677234618,1.1452208967421502,0.43239562329747594
5851,1.7660587462561839,0.5688788555768476,-0.730598739451759,-0.333773792294026,1.008836961292701,0.39339328121749484,-1.140508209317386
5852,-0.6663493162121592,1.708431345757679,-2.553081114982648,0.4697089826738396,0.3465421455684196,-0.6420831234348926,0.8639943950784972
5853,-1.2323263911574653,0.3787904009701414,0.4943321052195006,0.5453902164790927,-1.1188527909591652,-0.21595139864031115,0.4588742372033172
5854,-1.2178329033164679,0.2711860248651728,-1.3511189733725242,0.4778886522599741,0.46309813723516957,0.41177534853082415,-0.1445556220022945
5855,-1.3144615447733754,-0.5774339340125401,-1.0021161195196586,-1.2185883714518373,-0.1737765636577385,-1.264018364722623,-0.1931274644391413
5856,0.14916534691805275,1.6418018851363938,-1.1934090766233245,-0.4640428133345948,0.5208071995396416,-0.03809380582848096,-0.6585545985729735
5857,-0.7783425605874844,0.19313290687989643,1.3415656397091518,0.9398521507547988,0.8960789991319059,-0.592118928401231,0.7408060157462876
5858,2.4125099689800655,0.22252189993329327,-0.9030522275671728,-0.06573022076037785,0.524999233883624,-0.7300260073084661,-0.08632137396501427
5859,0.8267189963384922,1.3842836820456883,-0.7526451319720602,0.7122706016324934,0.3608840950168006,0.02345845617325845,0.17170857765482628
5860,-2.1172351241943854,0.9862504004388427,1.5548394202860802,-1.212300959627551,-1.0272139079222689,0.23453092610025186,-0.20188813654725407
5861,-1.2280969017427792,-0.010648909470785062,0.3265882242777303,0.2685925713815586,0.9140771526617798,-1.1669567778699168,-0.0012149752446681745
5862,-1.0267278998642144,0.3868648055077439,-1.7418742622474683,-0.7312937316886129,-0.08699023959582715,0.005976773714565159,-0.5280034620319372
5863,2.059742381119679,0.15050096799121968,0.5087410336258702,-1.7124292461971395,-0.3574606523178404,0.3526212834717636,0.2338050858451343
5864,-0.8865479582808349,1.2213467895096335,1.6040767189128144,0.8245938123937028,-0.860943878819361,0.46688322021668616,0.5328883633968887
5865,-0.83456761086174025,0.22145727806040322,-1.1097252315344626,0.09646346802272403,-1.398781550429495,-0.9161147412340824,0.5291024738700458
5866,-0.36922780951531814,0.6858800088429414,-2.725148741358989,-0.15118158490869973,-0.8050489321275471,0.7026350609559101,0.24732277829867197
5867,-2.135543665431926,0.56588583077626875,-0.607716588144999,0.22315066522939206,-0.761480018997141,-0.5517456314696506,-0.3399237090037137
5868,-2.2909762028487712,0.10050955424733507,-0.23626391208675512,-0.8568011409484227,-1.216602213881689,0.34090344133248585,0.2628092894407787
5869,2.2750778452131706,0.620820007231111,1.1946096359573166,0.22287291548947427,-0.7225880364851938,0.07011949392940584,0.13165309674943107
5870,-1.9842128810919746,-0.3466295601168227,-1.1133310677033186,0.7604549861442078,0.6948203554632878,-0.321099069905361,0.17947830054769573
5871,0.1823305620888471,0.16056688137487138,-2.0753267798243304,-0.5679201103299382,-0.36717146406422463,0.3146169059795765,0.3011310942668832
5872,-0.8146137343405028,0.7995094447180607,-1.0331471170229685,-0.9788859611643297,-0.8747069277540414,-0.20078594747043016,-0.0076829607570017295
5873,0.029746507785906876,-0.05666770935086252,-2.458158574507577,0.02386887533578608,-0.8020964260078364,0.5553566208041455,0.43417042388438354
5874,-1.8419755715293973,-0.4211584803669551,-0.6673681675879103,1.6069629390439615,-0.01316341130421622,1.1301174816857882,0.013503465145005146
5875,1.891176549158811,-0.236403711424193,-0.5960415044409286,-0.10635261259040264,0.8277502435639771,-0.0064684141237898885,-0.3841797141961543
5876,-1.1014897658076328,0.20812128969674787,0.89265957441482,0.23411933320428707,1.0419245272058788,0.038112325962588456,0.44112090382833147
5877,-2.2965879120170514,-1.1428814338776223,-1.196497047482256,-1.0550159534645567,0.5596281126244745,1.2427998418309767,0.6348787360914159
5878,-0.12305838242385511,0.9074181004593124,-0.39728323440955604,-0.7397112870573831,0.16359540054280447,-0.5318431999099312,-0.6205547141148623
5879,-1.7956506680780513,-1.6863112983442194,0.20634075578589822,-1.1169733060331055,-0.08916463405952806,0.6107911444155111,-0.18350582725038653
5880,-0.48383198120193677,0.17424375517385818,-0.2189728112669188,0.8530792387776589,-0.5925879891981837,-0.6504918041788038,-0.016850732247229355
5881,-1.3132251736288163,-1.4149941876521923,1.4453958440737849,-1.056091283658894,1.0382872865986157,-0.9056170564973856,-0.4961580755313348
5882,-0.93153450480387745,0.5570473206784955,-0.24790374568082285,0.31415255728100816,-0.10723174694107043,-1.3164180749620553,-0.44901782169145543
5883,-0.6660602512718163,1.0681517783468064,0.3261840748676241,-0.5966490222029363,0.40789506772336886,-0.7726216816230892,-0.1069477839965976
5884,-2.230051417536162,0.4261251255738466,-0.14031579359330051,-1.091413600409652,0.6674406605379563,1.3285346403286722,0.14835691768252934
5885,2.2186453702992854,0.6230658472118301,-0.14574980237202753,-1.2957985476854323,-0.3318792655226546,0.010547609636051041,0.6066008550757637
5886,-2.0959347049473824,-0.6619193033375205,0.1596194570995974,-0.3967352482338453,1.0794614777473084,-0.012965890317378326,-0.36816234663532427
5887,-0.9057139333667172,1.3981869946354208,1.0602420898177711,0.5201145809786301,-1.3169438839917083,-0.7499466355918715,-0.5356520014251663
5888,1.8866738379203383,1.1916579101382432,-0.3720719052660922,-0.19901191847079025,-0.19564652753947456,-1.1108556340303657,-0.13217752551835757
5889,-0.878218675840117,-0.9080153966082434,-0.5948130042479403,-0.47357789596034144,0.046863660316918576,-0.8551315199319949,-0.7505921179311684
5890,1.921782593481195,-1.1111663666499838,-0.8182115628174831,-0.07391425044177279,0.7431291099676492,0.6294755343855369,-0.5373052084051596
5891,-0.5002434090139989,-0.30376663017569433,-1.6343768164851529,0.7824962588506971,0.25495905604744373,-0.4460265815647072,-0.010640227879209176
5892,-1.040186608799968,-0.5135044837357567,1.49337785467606,0.3324162175291573,-0.9315103054601247,1.150265881313338,-0.6757683166197662
5893,-1.3554526431757672,-1.4887529180065415,-0.5353531507719853,1.0234664822153978,0.49999624951631466,-0.08734620580309171,-0.19806888166463477
5894,-1.5391579326198308,1.2046060204865319,0.7159260621556812,-0.5419193293248556,1.3305484621434482,0.4762457039888714,0.030056162372411228
5895,-1.021990112286803,1.681165305706379,-1.0980675955684518,0.584100966095151,0.4894673197928101,0.8258863651495733,-0.3498284636981585
5896,-1.025557765722793,-0.9072148320540541,1.583744627744519,1.4942214562060412,-0.7861585103674171,0.4114782387911152,0.6673631199346278
5897,-1.6426908647682807,1.0845995700774933,1.3717471570210542,0.2724455919847314,1.3185227806366884,-1.244987544372302,-0.02375401518186165
5898,-0.36959414001532626,-1.287591998652026,1.4537087172696366,1.2938994883362407,-1.6130618150795863,0.5357476834937891,0.22651812020676212
5899,0.10619092175859157,0.3211670172688401,0.87597758822186,-1.2436923139576406,0.32025097892794097,0.10047348608187803,-0.29937523077466055
5900,-0.6683724692268258,-0.8057653752916196,-1.0482912517842968,0.5961087132975201,-0.23172242912104543,-0.03475983877754823,-0.2225824311469099
5901,-0.46250731547603485,1.3841000389903615,-0.916022444611113,0.07437410612348126,0.8834415981336546,0.37493123845942705,-0.27946959374049907
5902,-1.8322091433179533,-1.762906453332243,0.534644137787654,0.10013331356478689,1.0411949843156278,0.20318984241339957,-0.49945395125352166
5903,-1.1930941206419072,-0.9813650630522457,0.7132477321782807,0.9124754599084105,0.44137625329944413,-1.108108255161963,0.627549143460064
5904,-0.0463504310123069,0.38932958070088236,0.7114344697682775,1.2822595766887597,0.3061777618764569,0.1819662050743858,-0.07199037916198946
5905,-2.1687530782619158,-1.0991271465280448,1.053460862141379,0.026068415972150937,0.9364805210576975,-0.27592541598413295,-0.40047087075216725
5906,-0.6743379212225332,1.6756266834699503,0.5363211652867598,0.1766666216437731,-0.5222907935590341,0.1423426515956136,-1.1566314896334393
5907,-0.9769906054109945,1.2727764012350113,-0.9363330433661476,-1.2547069191142008,-1.207722131364332,1.3853074536361811,-0.2513312253360666
5908,-2.0120645079110777,-0.8349471290097513,-0.07839017345173109,0.4846856025099838,0.09538744985208115,0.5319327863157413,-0.02303218997764339
5909,3.7267379882751115,0.9783867797820787,-0.4146085459712431,0.13470828909157917,-0.10359497143065666,-0.16392086636652434,-0.2271818474137636
5910,-0.9804221072172263,0.90311165472031385,-0.5636088393531992,0.20974541058943616,0.02553051460824716,0.5925174298976852,0.237534313950867
5911,-0.628294750709802,-0.11054960158968823,0.7675422642645254,-1.089709768501096,1.2469164757516744,-0.31290356671725456,0.18023461707348892
5912,-0.9201353422977833,-0.13124214417326746,0.19043467954002288,1.4660097996124009,0.7917483872313911,0.054174609189567,0.345863011054706
5913,-1.5125969388328568,0.20175663236400368,0.9347835155934762,1.8405910664749427,0.48668073284383634,1.6266061854683873,-0.03602720651323562
5914,-1.5196302221870484,-0.2425972704453454,0.6679334812972705,0.6507128078769887,-0.14976273262564133,-0.9917480395244241,-0.23998164401242306
5915,-0.8607647793572254,-0.8943301506672283,-1.1632831155281587,1.2626403703428148,0.8400591474955358,-0.16617727128678758,0.5675979016581835
5916,-1.0194841249808277,-0.8125128667135608,0.15796628865699378,-0.4964937962034308,-0.6724106133947171,1.5213649290897924,0.017501943579523307
5917,-1.5429592121107016,-0.8622482008217697,-0.4050720491011589,-0.7178367633240264,1.1867977368918345,-0.7195390558701199,0.35125768111066885
5918,0.19945176472022902,-0.828721538623147,-3.1822951356999507,0.41323768564509233,0.6044590495464214,-0.2979816322409407,-1.0887188499848712
5919,-1.8959286873891448,0.13034227647216107,1.4723418151525554,1.0332648319610307,0.30537936939999255,0.2956657672142233,0.43015202603454655
5920,2.1500721181238145,0.6431705318136417,0.1480820435158387,-1.5661250477175273,0.983159619295967,0.6216290936390555,0.19817845716713153
5921,1.7445957347662662,0.43420708215296383,-0.3503909886776003,-1.8570502611026736,-0.4282624977235783,-1.4068023980184785,-0.3157364222388681
5922,1.4360753278265672,-0.42707915672939234,0.5048151039012675,-0.6113277907685564,0.7528400245022765,-0.7225411063299423,0.38440264025106813
5923,-2.0527417005240443,-1.7546170833541663,1.2433237624748177,-0.9380718519727134,0.854915401262945,0.009696458343043597,-0.4377783817869776
5924,1.7747441892236004,-1.061573719106785,-0.12672654831125493,0.1411071870012755,-0.42361938061946686,-0.4644518675220958,0.04618986934972428
5925,-1.1856380137522864,-0.974985308981149,-0.30044019525224575,0.7305896043333023,0.5587087605975545,-0.1465937851279476,-0.5965891206740542
5926,-1.4650778685386063,-0.8126681156116493,1.0698121464419026,-0.2582782617249677,-1.2211508247876666,-1.0628028672159155,-0.10062645687012149
5927,-1.1521965567000478,-1.5913985377814126,0.6708405483581503,-0.49477815818660914,0.6091185750058966,0.4625249156519759,0.2827582563599506
5928,2.4921928616677875,-0.25890708522014305,-0.36098985419116697,-0.4152797054441246,0.11599091487088783,0.8315356985311461,0.21134064989607093
5929,0.04041224759893516,-1.3334959851943453,0.2917155319898284,1.3388091666718474,0.22688868304398266,-0.5702530638700131,0.4228799976613134
5930,1.5306988865730344,-1.2037242509253783,0.33520561353388656,-0.7675048018515422,0.4298645346216895,0.24408582706258397,0.12192823778574398
5931,-2.2339177808876025,1.105571394534135,0.573228282178972,0.5282160752378737,0.0279675045162839,0.5873989800638626,-0.3480305741406602
5932,-1.1416877530408198,-0.12143625721280425,0.9617131341275299,0.25920026898342075,-0.08405825967396001,-0.9878793145490161,-0.05264253949879799
5933,-2.8455216884939007,1.4557577311830088,1.806506262538651,0.023573638076950086,-0.09126916314954794,0.1553660050279862,0.3048957772275605
5934,2.4808175382964377,0.13149579163752217,0.4095671932291594,-0.7898143834337861,0.7553592384078224,-0.08986269644148134,-0.15416536796897035
5935,1.5628426132485556,1.6126313500119163,1.4018765469574128,0.033550445501277906,-0.710129489956413,-0.40077010226144205,-0.6756349679264242
5936,-1.4832457000053023,-0.41486281965121435,-0.8269062468391929,-0.7672184902467527,-1.0358429876801543,-0.6782737654985819,0.5569437327893159
5937,2.605686702372066,1.3462177595742968,0.9342082109223866,-1.1202706509026974,0.9746234410307602,0.9494103339543899,0.689230772515487
5938,-1.3404765709705082,0.8273557617771422,0.9502251559776216,-0.879580867215349,0.834191338988501,-0.14067835628961833,0.44412751021715385
5939,2.243042967417889,0.5547691159414893,0.9451525219340553,-0.1635666661571186,-0.4977239141592706,0.867986863375181,0.4568195493197923
5940,0.2674967570085182,-0.5121870912687653,-1.166518005172651,1.0808410836582716,-0.7718199080171857,0.25072372960683686,0.630990543394297
5941,2.021703739631354,0.34958135108502963,0.9782353719799497,-0.9752259428579089,0.19984060876224008,-0.17145849146815934,1.3070227547542743
5942,-0.8070047816359628,0.7017830191683437,-0.061031198897394556,1.0056954963979365,1.3204374335915352,0.06301568313492757,0.17738793118109647
5943,-2.5072985721791596,0.9616359676061086,1.874825478230305,-0.09063680157570093,0.21581908265183553,0.8380267226008251,0.5081178584595148
5944,2.795057516530134,-0.42368772540270366,-0.858357505939241,0.8682620031210442,0.32060528114052195,0.26212864244913475,-0.1802973505066358
5945,-1.6843271423359176,0.9439574790466604,0.6058524258180197,-1.3432475252273228,-0.7690108677135913,-0.6643202617775514,0.21554123726859262
5946,2.0795884327881726,-0.23519648000197788,-0.08426557757916506,-1.1067200554503873,-0.18889458304379803,0.29205715830420337,0.4516037290341626
5947,-1.6243517844900122,-0.05950088926451763,-1.1285685411853061,-0.08288903687645346,-1.1944915186365916,0.9831341274236618,-1.048773048215689
5948,1.9839400618320162,-0.6713626703770954,0.09964781041530642,-0.8334740822486032,1.0935985641827248,0.36606407600343205,-0.10949688524337214
5949,2.165240163131163,-1.383112439390584,0.4884102655275944,-0.1790277022657871,0.15853738111845617,0.7252865809965707,-0.714459756056274
5950,2.5685215380428654,-0.4135491855760405,-0.14946789080060127,0.8196228752186197,0.41165134515605595,0.5373801744772911,-0.17875693621444205
5951,-1.2994061822735696,0.9966658265646507,1.0245967875399162,0.773891296464339,-0.10835853578060352,-0.6147294074902501,-0.38284282450518575
5952,-0.29374895030337095,0.8950983227239748,-2.1140149519788776,0.4883491698824811,-0.23884125745282744,1.0985135468318221,-0.3493540426117904
5953,0.40170880388779434,-1.7799076040647526,0.6386219475386561,0.5530773853037173,0.46185520077468606,-0.26715737319005567,0.8412507418951295
5954,2.395663677598701,0.534881326198715,0.3485834702423513,0.9468620586809225,0.34813823565182545,0.5072569243294212,0.696534144726256
5955,-0.7103360594614718,1.261953717597528,1.6392184677086228,-0.09545998975186942,-0.28661578736829585,-0.28533599508183344,-0.5921141447729603
5956,2.1777926271529444,0.1691104350328587,-0.4026989820990992,-0.2370126897607496,0.08633155178962754,0.9312969193804357,0.08109484307176931
5957,2.0839848612656056,-0.5731379881583665,0.22437848976533817,0.6209607181127133,0.5813450539471038,0.27803242091621816,-0.5658417514723212
5958,-1.0337820614885689,-1.160169859189319,-1.214964069416281,-1.5530062674906049,-1.2847761879761017,-1.0110863137197421,0.4151743710629657
5959,-0.7813848547403597,1.660571483815724,0.9631256409804058,-0.9241263882901516,-0.9663071983976373,0.01994494807950282,0.8068528337639522
5960,2.447850485854317,-1.506327802004186,0.4897524632458211,-1.3657593555423864,0.45704214578444174,-0.24454643090085149,-0.4256024388964222
5961,-1.3599844425043515,-0.8700055509769555,1.1779820085895047,0.7796630995505619,-0.7067499455662629,-0.6363001971971883,0.6244344884803718
5962,2.259941260964294,0.6401256715281836,1.1103168482100245,-0.3283356856015242,0.273466276371301,0.6163327511465662,1.3830328357221158
5963,0.33959390166176745,0.608738541030976,-0.9758970589728968,0.4739840290517512,0.12111386660378794,-0.6189000152515295,-0.1965796292040427
5964,-0.4402056313794281,-0.8730168647926801,0.19144976164297442,-0.8894838827310667,0.238758146908235,-0.8372916058085625,0.6966468034268785
5965,2.507999255162766,-0.39625977540801177,-0.7571014787650109,1.370214772610892,-0.147069495796084,-0.8520499642500577,-0.9790727627794557
5966,-1.1495484239355116,-0.195503667465667,1.7036456573313583,-0.09145299152876453,-0.11112907063962014,1.5278034981411306,0.07547929829585205
5967,-1.2087569704467,1.4633344836302287,1.195359565312387,-0.5839270126442707,0.609943947243038,0.1294539258854951,0.6047730850189363
5968,-1.7148239968790873,0.21532640740477205,-0.4586014583580891,1.4377643504439377,0.1574409848498571,0.1153976576434433,-0.0507519373197541
5969,-1.4408249125182264,-1.4019234773868827,1.5605446129620004,-0.8718067685092037,-1.1813167390752657,-0.6819678519011539,0.7708021172850441
5970,1.6695917722490405,0.577149492189176,-0.4976122541852644,-0.6110531729610166,-0.5859363389187688,0.1295296416384046,1.1488479393778401
5971,-1.9687156528710479,-1.735087478364118,0.3211687541724054,1.3164557279734417,-0.5864030129484968,-0.2156746559500781,0.9627009403280239
5972,-1.5041394638969494,-0.10835045149430096,-0.6410947567810402,-0.07307840327349158,-1.935076159697476,0.4040254839391237,0.6415115335751794
5973,2.3999292086920936,1.3421927070343653,-0.4275079279566637,-0.8317906732376332,0.311707471205338,-0.25277889177185753,-1.0864288369788977
5974,-1.0598435820598073,1.4041352962028886,0.8844734759222398,1.6886865732253182,-0.5840066597020107,0.5814488196219361,0.6274740091144579
5975,-2.9639715025364977,-0.020393818400870598,-0.29807369855026594,-0.588872601931844,0.46827932430478036,-0.04405093638508998,-0.01800295399930351
5976,-1.8400972144268797,0.032138414109711654,-0.7686599994449121,0.7551623437137527,0.6985730937840267,-0.8251002705563748,-0.07718787734494802
5977,2.073198183003189,1.156926761402671,-0.027813131862806244,-0.12245341036331142,-0.7687640521698476,-0.1981077799188264,-1.103315558709078
5978,-0.16558750899643349,-1.2138440993833843,-1.8753462627742101,1.0455455641941664,-0.04215931517559984,0.5387194586691846,0.15611051179177785
5979,-1.122075040429985,-0.3772014877999598,1.139128755957331,-0.5564285196916229,0.06531698854410485,1.2784727600791095,-0.005849247989361506
5980,-1.2438020660082256,-1.094292553497646,-0.6239059019357398,-0.7545417518188612,0.3489272805034259,-0.18911094706075424,-0.09734472770977148
5981,-2.103779679220098,-0.9466229787006987,1.2504952441012598,-0.9341847743074335,0.403762959361594,0.1848098423215466,0.997997248235527
5982,-0.46476027668025427,-1.1022888791803787,0.5186699486178372,-0.26768323649488346,-0.10904662484461675,-0.11756163762255992,-0.5958923387539652
5983,-1.654718681019578,-0.047135073852966856,1.2753209819736286,-0.12395757209667999,0.4292409160506658,-0.6508439494928736,0.13922378960065507
5984,-1.5562086517634885,-1.7711964328515726,0.9436665114351107,0.5192255105050313,0.38545087832132174,0.4889685728609321,0.9574147684085288
5985,-2.24234646171145,-0.861659525041231,-1.0714649597421055,0.46924926231117536,-1.3252332241926015,0.14025122734931994,0.5849900425506934
5986,-1.955000347406154,1.5425501907402344,-0.1650758347168529,-0.7456677718565423,-0.658000297135921,-0.7010359631094604,0.5268763813943493
5987,2.856405478099405,-1.5792552336011272,0.039862066813755155,1.0683579600292274,0.8239565064287098,0.5867292768742752,-0.3234552921549945
5988,-0.11436947893952046,-0.549146401745587,0.1019694196203248,1.321127954642743,-0.21209729246015632,0.9007662726979806,0.14381197908126103
5989,-2.220266627978696,0.8532996339077261,1.7409879770296586,0.3527263542117084,0.22440284500433813,-0.47291422451823595,0.5819106124098411
5990,-0.7711962011885398,-1.0554707118372555,-0.4812790342681883,-0.6143123658312213,-1.0447387341391268,0.189394614072398,0.2548187031068277
5991,-1.1322565185624751,-1.5666209759744187,1.0058003489117542,1.1781277526498368,-0.24523418518205342,0.43583552131057535,-0.6655100158433397
5992,2.3194965882356193,0.14191819187471647,-0.6124377165477791,0.8288850913802416,0.7912339329765437,-0.5759287386648296,-0.21409946553640538
5993,1.6633684685274748,0.09219578849158061,-0.009413925388976205,-1.2391919901901467,0.5502699489859935,1.034763422913939,0.2684146771061509
5994,-1.3249726408358147,-1.2076384605443617,-0.7632761183412633,-1.6627666343771363,-0.8364622108957037,-1.5783542258608712,-0.7989147769194724
5995,1.7796094904074995,-1.4533819682682974,0.07787494948865961,0.22258022008686465,-0.7608183617902665,-0.3159507914879336,0.30606029292101644
5996,-1.5605858136085777,0.5970013432051884,-1.466842215341747,-0.4558865159995009,-0.4593987430466328,0.16067692150645319,-0.24196937170711744
5997,1.9942220743533408,0.7657525706033762,0.9828275952246902,0.008742063950895565,-1.1139324215058881,-0.0883793058222739,0.6807371640842069
5998,-0.18688491801297863,-0.15991762908404145,-1.1302251933134864,0.7981020350015419,-0.4810626970321724,0.5500583943539863,-0.8416826717612398
5999,-0.9646549523670281,1.0069983857735776,1.6901644893568082,0.8130132355999125,-0.7767384172376914,0.48328989166596115,-0.42914824186705186
6000,-0.17891137453304673,1.021516415658442,1.713733213067904,-0.9187527246562309,-0.2424644073243433,0.5856022469499972,-0.893236749124046
6001,-1.6019780539757815,0.8243713080422999,0.330926394463177,-0.11973920427607851,-0.9227435191421902,-0.48062860731460966,-0.4412303525990642
6002,2.6870106696993963,-0.847858925607945,0.6235041023223616,1.086103288722325,1.1565214786481324,-0.5280227588846198,-0.1945318634543323
6003,-0.7648570172206811,0.0608983245579852,1.1779424655882667,-0.9513991199479714,-0.5298757047988137,0.5351662960922452,-0.7943900032714887
6004,1.9238712291589384,-0.2581307105628645,0.9054024685998688,-1.4176651634493218,0.18870773968266366,0.7087386448671475,0.6493387685741342
6005,3.0090441324051875,1.581148098313511,-0.8280530322964342,-0.048312876291530166,0.36609168068036707,0.21945148277100765,-0.34177364987269865
6006,-0.7600536824487647,0.37472237077943776,0.9265379260891827,-1.557432780751408,-0.6596763954772742,0.2146928978931615,0.15107732483930952
6007,0.2758645779369043,1.8332829590845194,-1.7877497558118975,-0.9894523563003865,0.8367482620182576,-0.14675329030475218,0.09835209942241394
6008,-1.2809431136961797,-1.575792902221378,-2.639684889530076,1.0980147442111268,-0.8047033848040172,-0.09780907155879875,-0.2015452612210183
6009,2.1747563585099057,1.2220070231151066,0.28660632473685566,1.0136125320718072,0.7140351068526098,0.8296325264205757,0.20492189963025265
6010,-1.632602335419587,1.029380245723023,-0.7807280280225241,-0.05019923826851128,0.9939491161801935,-0.7687965384413743,0.8829060061597935
6011,-0.47944629084609475,1.4910121402010406,0.02334863494095367,0.7485348208006467,0.45668424959892606,0.04764017451240231,-0.8881528788989369
6012,1.7998147211424669,1.1703056397184592,0.5041968863773189,0.12239061720370503,0.760322821718005,0.1412157410658174,-1.6842452323951168e-5
6013,-2.336083064555054,1.4381553707085535,5.131752013578758e-4,0.5836501422221155,0.02729228433993452,-0.5295604322127021,0.31393206540539914
6014,-0.8430746533063135,0.8279793330148174,1.0874091800651793,1.0840046670126635,-0.26210429467019175,-1.2739920329885912,-0.009298901053604286
6015,-1.1334176863327143,-0.6202446842437127,-2.627579346671533,0.8129409393232598,-0.23726240836590717,0.2754544506671314,1.2418297907178029
6016,-0.33500674860278196,-0.467459479411472,-2.8617051503427633,-0.0735172582492859,-0.2553703836891172,0.4630823750523286,-0.2973976423680632
6017,-1.0498256955175753,-1.607995519124132,-0.023448415330694777,0.24884399435383042,-0.1492925578955447,-0.30117749966109997,-0.33682867020809204
6018,-1.7052427471293026,1.3480101542005458,-1.0951586409837701,1.6041131115063025,0.23426708189598938,1.398333873315891,-0.006226085377130583
6019,-1.7610451490201415,0.9889079094494455,0.8666390719791986,0.6716073372797006,-0.21414691264182625,-0.9618539465619015,0.4131225427302184
6020,-1.8578443009515468,-0.5578928787535388,-1.2640600163414877,0.187511502311385,0.01966874995380364,0.16951564985445883,0.7034756579559068
6021,2.587742332748989,1.5758019883943044,1.242028101823352,-0.09312545762824448,-0.5035638790998286,-0.6526087950507601,0.882389381456654
6022,-1.5806225105790679,1.5192309536954296,-0.8049605266423051,0.10462653850292705,0.39840407332901734,-1.0588388844102905,0.9212241106151218
6023,-0.48894993459905756,0.15879259293155495,0.34789991205913356,-1.3321250734458818,-0.09530832704199031,1.049032768285882,0.7703938630343845
6024,2.4609920706946227,-1.250384037210162,-0.6696770912128283,0.49190573394251585,0.4122534360229304,-0.0403329074494729,-0.918092972641727
6025,2.087793766897695,-0.12172969309188804,-0.8666685748057534,-0.8085640825146725,-0.08283659971497605,-0.01506491736530145,1.3072066680220542
6026,-2.1063938050412894,-0.23433957266701644,1.422367086852675,-0.568482903438157,-0.8982583432881691,0.8380517375683163,-0.4957935395432135
6027,-1.5067833632077228,0.2201423615201184,1.462968879130584,0.38319116647334006,0.8558747748991329,0.21431955546392514,-0.2823100938145781
6028,-1.4775646868627739,-1.0116812123767949,0.375539959608369,1.1784726206395881,0.40599405344122913,1.292605513164592,0.7739378709841814
6029,-1.204525079870581,-0.6691008910053363,0.8178345839747386,0.33662581752504306,0.9611769926110266,-0.153111702998976,-0.6773336258150487
6030,0.5137580153306661,1.3102012959031972,0.14417333880199137,-0.9219184532164049,0.1485483185307712,0.481154221833078,0.02566859143381967
6031,0.5287594787253661,-1.4629098167383692,1.274652982315399,-0.8081182722044818,-0.24316332430058504,-0.051171099238602066,-0.07957159494613099
6032,-0.7162287321938061,1.344045919111295,-1.4348699761293224,-1.282648437029259,-0.33002190679691845,0.7132248149802071,-0.8499155314242363
6033,-0.7180476089903077,1.407995400721453,1.6081522743648269,-0.5438532099879163,0.4733246370951597,0.626281801481831,0.21411975882725842
6034,-2.5893514329992366,-0.13421075565485566,-0.770237280978322,-1.0905811415318982,0.7084245151626725,1.3201084224498547,0.014853743536070503
6035,2.5401869227807956,-0.8711553973618656,0.8146860354058566,1.5776771819237636,-0.5970465824942961,0.3504017577769665,0.47061571636135996
6036,3.3060894990706218,0.0974043587457535,-0.534400863341784,0.6372692104449565,-0.3687658873259247,-0.2887903775441515,-0.3182373432994448
6037,0.8195134880341572,0.08368111198966877,0.15787498674340572,-0.004398120142042114,-0.0014810037841141129,0.09415090706183894,-0.24345501099695385
6038,-2.164672105327665,-0.1380372603319554,0.10797774045374939,0.43645046770820767,0.32788704510021793,-0.7370513925583485,1.0893662612700608
6039,-0.9234129157402796,0.30140479028517525,0.4326482855610557,0.6916971396965421,0.4479313824888593,1.0478509151152429,0.3762011245229754
6040,-1.1638619489641457,-0.8345613986706352,0.8501545451023715,1.1208151891383513,0.6485003426263796,0.08711644293629392,-0.6297232706974542
6041,2.3514155389795466,-0.4762911425902972,0.610214286008346,1.0222157187958831,-0.45562375103805064,0.027965480297020215,1.4979932306100152
6042,-1.4499952263773528,1.6635596450083718,-0.27342648548500226,-0.9251467719769486,1.1247507650184436,-0.08330880310029681,-0.45966914297035455
6043,2.762383033794904,0.10832373555222766,0.6059186544817444,1.2323251844836458,-0.3839308367648517,1.1394226482664365,-0.3583553095788809
6044,1.117764647908079,1.3428941851272624,0.40666815552497143,-1.1642778602577444,0.38485440246173247,-0.08365454103537637,0.09477064453634752
6045,-0.6838426557360908,-0.8584166232790299,-0.9806636727185294,-0.38229718253866607,-0.19132953468316152,-0.8182801855335557,-0.00531002825587159
6046,2.5238294702481854,-0.6002027056215422,-0.8274709631093701,1.5454977093921431,0.3371131832566089,-0.6162545174590968,1.4034653316725527
6047,2.579181414202127,-0.8111823694033514,-0.8559650429068792,1.4607568710363354,0.8771651646001578,0.022797535614737196,-0.11695151928088854
6048,-0.3291682427088589,1.707392819065478,-2.381567052150387,0.9978909744115071,-0.11536837980135929,0.29331426750681977,-0.04199590093387143
6049,-0.8462147525863942,-1.5691917525947785,0.5620299909100529,-1.5207948763606443,-0.8882388782965674,0.08781217347216395,0.050040522961396314
6050,-2.4943304753246407,-1.6363039305219471,-1.0621927448851876,1.2939618609456767,0.37158713375906455,-0.5596372070710942,0.17074881212971552
6051,1.2909275258489172,-1.444468943985507,0.47257474711136255,-0.8865253183214449,0.60214611228816906,0.31136376069468374,-0.13817001227967549
6052,0.54230238613914294,-1.3834791582436854,-0.6233484861219989,0.9731977031666934,-0.44115254769912227,0.5052294430072222,-0.04000477357063538
6053,2.224168294156145,-0.6311766436342369,0.11159034372594255,-1.7187481254080383,0.4652226163572371,-0.0848055791240293,1.2348744522695005
6054,-2.435055376163059,-0.028585819948275675,-0.7628775584962467,-0.31630349190009655,0.835453742839166,-1.0356474070644883,0.3132776344159055
6055,-1.1384874895736752,1.432392689719988,1.8027048846118936,-0.7024781446942147,-0.18873583022854754,0.30567084868148015,-0.8075133719205922
6056,2.3566064867780927,1.670695034592667,0.2357829799940425,0.6291237219835968,0.865784316309185,0.7378904751562126,-0.42174405826301875
6057,2.250977576295007,-0.03852195030807547,-0.9844903199402043,0.579286132270007,0.4630532124415422,0.36389081589817324,0.6852740579550429
6058,-0.8025513323569546,-1.3639849909249522,1.0046460704137488,0.10851997129711313,-1.3802469168363747,-0.15209195352387384,-0.830165716687071
6059,-2.2107972865452243,1.5265162677163573,-1.0379921254190205,-0.18911994026884352,0.5057748974213945,1.716472916700642,0.619506050752525
6060,0.9989093572503532,-0.47194678749149926,0.9355440871278902,-1.2549235756032455,-0.42278475876494453,-0.1851226253766754,-0.13509936774572565
6061,0.8142105447120705,-0.9415069511445998,0.9400259850693785,-0.6621223165960511,0.7587465727724277,0.10933572722461671,-0.22223148794226144
6062,1.541547044124637,-0.8962721726147569,-0.6074877728633349,0.3920059006874463,-0.43516099215873516,0.6504624304628712,-0.374369897785287
6063,2.7532834852720223,-1.5006068119183604,-0.559618194843362,0.6443089412342632,1.1937538275556345,-0.2679672697655776,-0.09146811207474403
6064,2.130804418966456,0.43349346851205695,0.22200034854359663,-1.8702428601625796,0.018416358824588162,0.5519038281495865,-0.36469251956428145
6065,-0.4970793828587928,-1.2779646828521127,-0.006737250904433839,0.32974965684569096,-0.10248841883032223,-0.6165488707182196,0.1320655480871453
6066,-2.4118023964013604,-1.5299409752813042,1.1052717491094601,0.04652035134846673,-0.14624757522360826,0.4047783417858525,0.7618913767910098
6067,-1.5283682646268633,0.15729654375153546,0.12148695206944694,0.8242921244315213,0.9072957471527684,-1.5064412933018043,0.508562034910708
6068,-0.6402678463041096,-1.0952709328922663,-1.168273847887089,0.2829474390868682,-0.46753970855143623,-0.48165243556686876,0.31926514196682015
6069,-0.988254359145483,1.1553411750728677,1.9234226242755108,-0.6946571338192642,-1.6617483149371546,0.3000410270929676,0.42643222664717234
6070,-2.1237121922552786,0.752252014121478,-0.16891693573577032,1.7330549154264203,-0.3535251424278191,0.23079983035521265,-0.03399896824644454
6071,0.15744245821735992,-0.434103568858661,0.4148085565628251,0.7230705964761052,0.7874391148957184,-0.17475517623089434,0.6452908805058772
6072,-1.7970565491320558,-0.8514970569592416,1.4792501231498694,-0.5535150735478619,0.6906374204292406,-0.9198512680020607,0.8778826246276337
6073,-0.02957204486928117,0.5945936882297941,1.2322794191386548,0.05435685470766686,0.7791801526440372,-0.7563294568671379,0.1256435490062783
6074,1.8667848762861885,-1.6607374147098894,-0.939193183319086,0.8916935396141403,0.5835085980371655,0.0602436294222522,-0.41878907326311393
6075,-0.06440962366582975,-0.44270063011481814,0.3891858379051389,-0.036573891069961624,-0.34397974543521553,-0.45560706377775795,-0.9119610438290938
6076,-1.2992555543175435,1.1124585909913296,-2.384389849328563,-0.06772406343107845,0.45919176186611865,-0.409068286995499,0.039201246886287
6077,-1.3742620045572442,0.18887185355076774,0.9819242794780907,-0.888856703035976,-0.9666347231020497,0.009102075590621636,-0.043158369177175616
6078,2.301158772286664,1.320359125185404,1.264882005483221,-1.2869433272401094,-0.5656008944441702,-0.8600539665610708,0.43730121850336456
6079,-0.6779249701689212,1.5906339830329932,-0.37079201983607035,1.4356287934974956,0.9496269269016131,-0.13306226888903677,-0.21303002744551905
6080,2.181295154583573,1.4793742757431856,0.05931298635159666,-0.53502789517535,-0.025863629109076,-0.9783900155602895,0.5609801124931992
6081,2.175528252109065,0.9816516544693191,-0.5223683675827493,-0.9994438387521698,0.5828405106447123,-0.14364377801334557,-1.3545994688512366
6082,-1.6074844060868425,-0.32996085560101174,-0.7952012791801079,0.005013132689443215,0.4971276444667146,0.32176620961709557,0.6104942344584936
6083,-1.1236020693989117,1.3841080716387815,0.8402353311102271,0.44558688098408944,-1.1761850985713007,-0.3065533933717254,-0.1067232925368745
6084,2.9902308367892276,-0.7653604285750847,0.018756815036806162,-0.40785824745923716,0.35465608942222476,0.3950161515169568,0.8420286170565563
6085,0.10508131588331075,-1.2575609826957361,1.3224366499763862,-0.7804884576502213,1.1046802555832234,0.3501082138205164,-0.7655971535136022
6086,-0.1749132108599489,1.6510695714360137,-2.902654953450584,0.6875446243579163,0.049713342930702925,0.25423663586929757,-0.05874791675779501
6087,0.9072287904827736,-1.3742911023518503,-1.1958854093874927,-0.7371314776299511,0.3604169872609933,0.15625142672337566,0.16006434128822034
6088,1.4085822200140512,1.3209259959777266,0.01235927707242422,-1.2990694693143965,0.11521024361426531,-0.37342594311418764,0.5816762619791058
6089,-0.3893915044709842,0.9611025213175762,0.29587842457547253,-0.6876746662878527,-0.307543887148029,-0.23730758620206674,0.08930628425695646
6090,-1.200773770787514,0.035543725292842394,-0.6710589893305068,-0.6748152074523696,-1.266657848025159,-0.39746923397348977,-0.20043894987320296
6091,-0.06207630220006395,1.2187361051416363,0.23736837254105317,-0.6243613735280102,-0.08994000844211308,1.3915053659062395,0.09523560578670975
6092,-2.1730954781584515,-0.8593819039509801,-0.6258894225268293,-0.18456323301942604,0.28167836500621524,1.060935900598391,0.44218366380774116
6093,0.38951491996626875,1.1161261750789637,-1.563619133584676,-0.8262982386530678,0.4691065001647033,-0.15141250106130216,-0.3061955607331562
6094,2.2790564602289356,-1.031860475229755,0.2710956739586796,0.36825464579003325,-0.39744781118771083,-0.1803833508807088,-0.3716956198712705
6095,-1.3096746291662409,1.0411402794152713,-0.37790928953480146,0.22091960526858842,1.338995041037795,0.34699415687698276,-0.6287092750130118
6096,-1.657201851824654,0.7910235884367476,0.5872935544803644,1.202368247327686,-0.13735821409658386,0.8052111377250148,0.29238952571309956
6097,0.5752530171907299,-1.3606926998997864,-0.03665936988491903,-0.13846994170144852,0.5013474260244298,-0.09702228599688999,-0.03514653824937883
6098,2.451816542037747,-1.4644153883215,0.555516957222894,-1.6068458194321034,-0.28087623239107024,-0.6232356608470787,0.46566746948232257
6099,-1.3470283364487898,-0.7558962762195142,0.06109985088570825,0.46773120645040384,-1.1491502371855347,0.47475417845693657,0.5896019152093538
6100,-2.574427997439192,-1.5145608726371822,0.0673172421031841,-0.6574712204655887,0.595884906275079,-0.8002779266056512,0.47769578331051266
6101,0.6589047668825972,-0.969455415095461,-1.1805199433544968,0.36362535695553594,-0.2546841594753735,-0.11528294338659793,-0.44257331144232714
6102,-0.6915350561476621,-0.26718799704847296,0.3035247009152314,0.09792684847148406,-0.2105133566945004,0.895294157582411,-0.38259277609365827
6103,-1.1479632927821422,-0.9964425509968826,0.21317615817360536,0.2798947650605363,0.7628054537633759,0.242165616513464,0.14821093082837153
6104,-1.6281021514330078,-0.7107914092438452,0.2702749226938938,-1.011286575369768,0.822446661902825,0.9428864490203783,0.276577994551264
6105,-0.5820178576973167,-1.1950762732735747,-0.5295625393040335,-1.4141293574858684,-0.8883078221099954,-0.8563741840718221,-0.14579493700114654
6106,-1.1761987298634433,1.541865697461032,0.7255029030340301,0.13422840385940876,0.7919956019345871,-0.9848418884513552,0.7237722826553707
6107,3.1773162463026963,-0.41008328891806245,-0.37181185680764994,-0.03027695246397725,1.2287135627810977,0.17993999052224474,0.5188538822696018
6108,1.8481211840045073,-7.01761660613409e-4,0.6442595746410645,-1.5989034702250955,0.5464949389559409,0.9207923839405919,-0.10478870677163789
6109,-0.837162173968957,-0.041153523478312366,-0.019812076682509335,0.49728927880384727,1.6072487206900892,0.2771741225312897,-0.5646551961406068
6110,-1.1531235574278782,-0.061379490859602495,1.757331796840152,-0.5727496596484984,-0.3248219238859295,-1.002713673859147,-0.06630750677084754
6111,-1.4981722589120974,-0.4955118092350561,0.6386792978945345,-0.09777006569522735,-1.731598996061558,-0.26862317402920227,-0.23880539864128017
6112,-1.811774270691908,1.1207543549175278,0.27984420771313906,0.6868299811815546,0.5090341524035195,-0.977932397061584,-0.1615306708972757
6113,-1.467643458070377,0.16224217996614906,1.338493772034415,0.259218226314507,1.2210283995239763,-1.2935163833558498,0.5968221826081573
6114,2.798992184464519,-1.1440609783833373,0.5448225473439817,1.3523112386617244,0.6689818881470813,0.4422237286748627,-0.5874412162819446
6115,3.006361450067832,-0.6414391930666236,-0.12970862231421768,0.7967095618859734,-0.6518938284214689,-0.4287460603126677,0.6267610792755385
6116,-1.7274130933941652,1.4332177435343318,-0.08831580349996077,1.3315162752067826,0.6189345307955831,0.6767692186542069,0.24234835174777228
6117,-2.6367377580072713,-0.06473668690587508,0.5806253426439181,-0.12176621674759976,0.4067420903826159,0.05863682961810882,-0.12599976982927924
6118,-1.6500345238890712,1.2334916674431382,0.1380085224665429,1.072160511854601,0.6521514930410566,-0.04500133810939482,0.5007540860462325
6119,2.791529318948063,0.669508628103738,-0.2640052753909177,0.9596469281173277,0.0348613126052758,-0.060884126153750995,-0.12707983841437642
6120,-1.2679554671004507,-0.4465639451236237,-2.2513980038540304,0.2613592459706466,-0.3110482121342826,-0.10224800012418427,0.043036859202456285
6121,-2.2388023996147357,0.9451419692994528,0.3483120519741408,-0.4729754700659959,0.9995220686594818,-1.2779057439456245,0.3168952411485196
6122,2.514113624994099,1.1176475694866945,0.48348634718315114,1.5691865639802969,0.656677611933077,0.49214755417136336,-0.8333668956087147
6123,2.8723255830498244,0.8416714313510418,0.4948628981806582,1.412603357940063,-0.9365165860192493,0.4370180792911489,-0.1702374452630476
6124,1.615256780021649,1.6822444219079797,0.4726154045979842,0.44666167298642717,-0.46004976039183576,-0.4706942602910728,-0.6944409989734898
6125,0.25364906375793583,-1.2237131243002681,-3.10061102928203,0.9053241383594013,-0.14560192229450605,0.7091798811758477,0.207132270136003
6126,-1.270832027458023,-0.9661010452994068,0.687601849100547,-0.0542769483190102,-0.1422953395119068,-1.0570177474903912,0.7355076855415728
6127,-1.9055594074184508,1.2541665995528284,0.08559195539631266,0.056342092763953876,0.46442164907935035,1.3706544758919674,-0.8113003437373714
6128,-2.48862074686136,-0.1896559726030149,-0.11494733037829703,1.6256096440789753,0.10268965505669282,-0.8575965747879343,0.018538840074930295
6129,1.7761517563623932,-0.595641003389562,0.8734244502847499,-0.538998408094376,0.13194709512231909,-0.41441206234303873,1.2681976619998672
6130,-2.8581217639405034,1.1847898038820872,0.11460160934185774,-0.20276443768714086,0.6873805432346609,-0.46981257424129585,-0.14735817624483055
6131,-1.2126531698566978,-1.0947569473624874,-1.7298622140690483,-0.6938668761607336,0.22905395170832965,0.7077938561334612,-0.22378267738228633
6132,-0.06021868553911918,0.1912401822885931,-1.8982704864796363,-0.03441182959130527,-0.36270178963133093,-0.2823983831879412,0.023864892086701228
6133,-1.981979334391021,0.8860875522830037,-0.6828471493269729,1.1516595298094774,0.47475150644895153,0.5036319946528947,0.21979685905692614
6134,3.5940753211193015,0.9639769275527943,-0.9511866401301764,0.9994446279637047,-0.5306689913650653,0.17577423851498156,0.04711242707608376
6135,-1.6536971627268198,-1.8431342543330214,0.28325917309941034,1.6928797843406602,0.1576126739149668,-0.48715102850208714,0.37922972787179976
6136,-0.9462965778029485,1.509007288445765,-1.896407171619724,-0.6431615596616547,-0.8043208890419995,0.3356962913360012,-0.41509784475030936
6137,1.024192298017918,1.5650345163112978,1.0309383789855073,1.2492371527990969,0.15994503043212335,0.2276302822316154,0.460068300551016
6138,-1.4655947509819187,-0.44783340053431625,-0.24397865184087206,1.0018858984027308,0.2990471310175923,1.6667266573312975,0.7053830963963816
6139,-3.0910570306238414,-0.43858128115596023,-0.0074757119781666045,-0.6329524241653496,0.10455569101795754,0.11932519569592598,1.0642107780163734
6140,3.919037577366632,-1.4205104073618913,-0.7880012245710898,-0.33544217923197284,-0.24050479876608236,-0.2920888738423633,0.3255245650786147
6141,-1.0413351861872306,-0.7091054024061173,-0.22625203900751778,-0.3258138718750746,-0.3711306320995948,0.3237847065020414,0.309530700924834
6142,-1.810685358366708,0.2876086822118173,-0.41594020055140946,1.5985712056289687,0.14078705235349623,0.3524672713666519,1.1014432562696952
6143,1.1107674961282932,1.4502542414317323,-0.20177124002875976,0.6022165591441323,-0.12617321658265077,-0.02174544057501649,0.1870767727606513
6144,-2.076827856409458,-1.5016762083539075,1.106825382048328,-1.0581754178200988,0.22317331457452919,-1.5044533102475828,-0.04146815203446103
6145,-3.0749530138109327,0.18176452612265764,1.1140246439991741,4.310528977970678e-4,-0.24686709144524763,0.3713054226582227,0.41856889950765164
6146,2.581894899809086,0.29525621933405327,0.9033866987053588,-0.2539249891978673,-0.3752895986930147,-0.8042041283577123,-1.300659968994437
6147,2.114881292970382,1.5741330082583493,0.3100634892657402,0.5477639671373122,-0.4613271282523101,-0.2887766510226224,0.5154409260191367
6148,-1.9305691628254122,-0.31178545984550365,-0.6866900568150888,1.656797213845032,-1.1081673542555504,0.3378443408628796,0.6037859894645619
6149,2.684565289290962,0.934197607862692,-0.9596438974909174,1.1354288920198485,1.13973871660723,-0.05290551691286862,-0.337974070998845
6150,-2.170835201245347,0.2429306442488899,1.796511540276717,1.2544618431001289,0.28471450878280197,0.9384123861198905,-0.16701879101733902
6151,-1.6762964305930876,-1.3978911033453654,-0.9122967278880276,1.0546539113882867,0.6423723290367256,-1.653773785611337,-0.09420658871031276
6152,1.3273752980579392,0.14147271601139857,0.44487347937478555,1.4112797017556507,0.03527892843083763,0.5132986880256134,-0.3190257321025
6153,2.026432153834057,1.4970457894338878,0.3472538244021971,0.9912500154096181,-1.0735546546849337,0.1454339473049779,0.028370780077957878
6154,-0.8976721515964361,-0.20795597867097693,-0.7230967885660687,0.20012935983970165,-0.32366354664078567,-1.5535016730908038,0.22603462562554646
6155,-0.9313052835112867,-1.3667585789401562,0.9334235030946655,-0.3478228475281825,0.4523577449303955,0.9775304852857033,-0.2697409926414368
6156,3.1975677359062114,-0.8204649324104736,0.02876990996953048,0.6811724560075216,0.38186987482227436,0.06407789645036678,-0.043860537696428725
6157,-0.6677002402225422,-0.3782067134626248,-1.516167614658961,-1.086211837469557,-0.4194738840187622,0.771890225924832,-0.7390209230909839
6158,2.281626306453067,-1.245602478162878,0.2549967343427734,-0.8937983141765616,-0.5912871446699791,0.5565797333243127,0.27266699555737994
6159,-1.0590351384323122,1.0843621628222095,-0.49272710358873195,0.9852642132803914,0.6954765116435426,0.22002873594578687,-0.3289239656966686
6160,3.3992027855529936,-1.3194453586941814,0.6536538849542499,0.4272058042563883,0.6176247889808042,0.217357171705821,0.3027655768822867
6161,1.0599511974061542,-0.8718235966031359,0.5588840438058659,-1.1366042989815652,0.6926843361868177,-0.5928604804600217,0.6336715798115768
6162,-0.6139892825357182,-1.443877517818306,-2.5430923094381597,-0.7780113404407859,0.794542480042645,0.8147729667633145,0.1970158157979074
6163,-1.5759916523776842,-1.6473211911977448,-0.26839435444029774,0.10697808639320622,-0.6001283820320309,0.8136562816089586,-0.6438667435343591
6164,2.0289177119072996,1.109380263530247,0.024897987958424603,1.0558517488884833,-0.03533782595801776,-1.0064991028239285,-0.06672481543098961
6165,0.18567674246842114,1.2839306253792637,1.3383423756629127,1.0537244718275374,1.0875613720103738,-0.012294050574671762,-0.4053816442001366
6166,2.6784222042080548,-1.2824558159776331,0.6462083313726117,-0.3173536262832131,-0.8918585398493226,0.977740107351542,-0.5245926550444981
6167,-1.6382833922560485,-0.07905788117248834,1.3033288242005776,1.013283373202762,-1.8658259041539724,-0.3011608253671211,-0.11382989702764144
6168,0.4255838142215469,0.4153913344076628,-2.9977466281870586,1.124244311569216,0.11161173861850897,-0.020931256051676426,-0.1797026591446585
6169,1.5409683053582666,-0.16650430318063114,0.005060307993035623,0.43888561014855493,-0.057419337667441867,-0.43993510770046407,-0.4713906662131931
6170,-1.8052047764009378,-0.6754111810771709,-0.477671264837871,-0.001852307804566818,0.853490361466924,1.3750817201347385,-0.05595098375772404
6171,-1.5496170613486615,1.0109718496498457,-0.08080344897321078,-1.3016041806693264,-0.80608932354719,-1.4826633209780407,-0.7360601686581768
6172,-0.5553190776395659,-1.1160173496052581,-2.9242390777602183,-0.6639037749109973,0.37385679783273856,-0.5462272158324137,-0.6919177246399857
6173,3.5432075997261006,-1.2870268238651592,-0.3979477250299562,0.7202671442054636,-0.5254182789599134,-0.016013385868033237,-0.05756325257248924
6174,0.1086930445965764,1.1451871530846498,1.0521233872806761,0.9043653037264762,0.925410648133953,-1.2225434785958327,0.46964681934892444
6175,1.0500966341004387,0.7216730240615669,-0.2186188169790142,1.0322176597974686,0.47668929354003403,0.15684337068167106,0.12865628122814524
6176,-0.03453310623343534,-1.129344792474503,-1.0001919883095205,-0.2052102592518689,-0.11892788532332213,-1.3571536425499227,0.18727637288156437
6177,1.2454517309396433,0.9650781170345549,0.20845811579371787,-1.4832376796544802,-0.7640398816156448,0.25696026215678386,0.17092138029458265
6178,-0.7323036673844133,-0.5432329074596959,0.6578028358652679,0.035767729491452585,1.5143830906868057,-0.17467471221649847,-0.8035089423214088
6179,1.961370341609346,-0.4703300796598546,-0.13913566924030482,0.8849926591741847,-1.268787731382769,-0.20303148091300552,-0.7839645202136095
6180,-1.403424018094251,-1.578069562021117,0.4916577642680289,1.1171204097865812,0.6887139900833215,0.1437453121227498,-0.3535070790762013
6181,2.053715747034957,1.6668195500426917,1.138078578956374,-0.6338549824186387,0.7872219630583788,0.9257165494389846,0.7554702134938617
6182,0.02309648008401247,0.46231804546820177,-1.9329234348378588,-1.342376401927137,0.46038808324405883,0.49809528042298384,0.2244870418879361
6183,-2.339779725645932,1.599446923453519,-0.5808355948179349,1.2968473150210207,-0.2509897216676959,-0.2597121607328203,0.914631297087423
6184,2.995533777084676,0.8395654036280166,0.08901665568944495,1.1556414871879948,0.7087304804517449,-0.05555161347800215,-1.0504782821059804
6185,2.3409896494834745,1.0775886532584396,0.7596783235268673,1.1155882855414248,0.41918605898960387,0.3259627870752794,-0.3337766260228395
6186,-0.3188086639463031,-0.6743309622291693,-2.4482237429839975,-0.9877625155533103,0.632130269121632,-0.23762549757939488,0.045743032583651665
6187,0.748654485566992,-0.8730144300921857,-1.3376062779101343,0.8270586478752185,-0.17125061978380052,0.175305239944727,-0.27066217611049187
6188,0.2138969828629953,0.48774285422436164,-0.19659264190769907,0.39420261278475544,-0.6566041918320578,-0.5558130902744347,-0.1611552306044223
6189,1.43588871935417,1.1323708009844826,0.14724144387291482,-1.1574811469486104,1.3191410742190794,-0.2604359105429127,-0.8412798867000559
6190,-0.8798199505206707,0.5675501259276544,-1.6629178429422022,-1.0454796636458872,-0.7636127402744177,-0.10933215042213655,0.906749445285985
6191,1.763494817017648,1.5163945684215658,-0.3942733461174361,-0.5902601217795378,0.8771196067073315,-0.21881383176071775,0.2647181137666961
6192,1.6315051650223151,-0.1827064207834815,0.33723231465138426,0.59571802038078,-0.7510022906266164,0.2273664983304935,0.17771726810445096
6193,-1.886558026863325,0.42910799240215225,-0.9794161209511832,-0.7099703977301776,-0.18166695318870224,1.6132886977607985,0.05980254512485501
6194,1.7059990444294526,-0.9540779499329209,-0.3049695219871427,0.5876791717354476,0.337703528418427,0.43802583901157466,-0.6709431535101293
6195,-2.127660958630547,1.3835603212752663,-0.8832326079996657,-0.6269975098019287,0.4398484658133675,-0.1384260322028946,1.0395774730236678
6196,3.037916796873472,-1.380361005907957,0.3176875175117915,0.29685272320323824,-0.2146609227340503,0.4781445580556412,-0.07586850833115903
6197,-2.8580672595438803,-0.2974287653288064,-0.8492192876620744,-0.4511729818021104,-1.3781574531712923,0.16325731795851298,-0.194782398349896
6198,2.4097578159386193,0.3736514288127854,-0.00827672220307074,0.14311432904775886,0.4696126966179833,-0.8751724468814659,1.0127726545585714
6199,-1.4069383950908843,0.041333111487928384,0.24262199940724197,-1.019920658906147,-0.9698633526604317,0.06849669338980949,0.5796540852116643
6200,-0.010637218290702622,0.5525900238855209,0.06420986228606493,0.10893761373348415,-0.1885124428289699,0.5562154179797152,0.2657595364139443
6201,-1.195261874092177,0.7628984082864306,-0.9904308488789544,0.06383762117095022,0.8985255009929817,-0.13855721488879716,-1.0929107559118585
6202,-0.7948168403042146,-1.5830793974563158,-0.056175024206086964,-1.0901087074995153,0.09932636384994332,-0.9887677036859335,-0.6570998806259689
6203,-1.3270649181242147,0.9618555035309417,-1.3749578925233354,-0.11170276375735484,-0.39852235421364635,0.49877160741063004,-0.2154946427814778
6204,0.6560874782109709,-1.6428808498019591,-0.9349971110526047,1.0467859363218124,-0.10369866818942232,0.5389097361331152,-0.5023301834080246
6205,-1.112793593424722,-1.576202288149675,0.07569657530362221,1.3395828516778965,0.48137696763859256,1.579910852779626,0.05729715829126018
6206,-1.1151260321867786,-1.2368068881794139,1.2329339853128958,-0.3461805548651556,-0.11068023795164082,0.15901831090742644,-0.06805472639291187
6207,2.828946901305539,-0.26086567369232955,0.38906140691702096,0.3719022057489266,-0.7707194337790413,-0.4012461949239843,-0.4154880014663952
6208,-1.02589996478814,-1.4936931919841723,-0.29134193103147876,-0.25018056755756807,-1.1501411362365814,-1.0064270334713221,0.12233742607820544
6209,-0.6435036066767372,-1.1909740613715714,0.3102654483280942,-0.2265799389827163,0.07138574866629906,0.19263613613577832,-0.35310383215730734
6210,-1.1734681551513393,0.6688176656155759,0.4505988281906653,1.1157911034364045,-1.0521757989845242,0.32079747989501595,-0.8421924979373259
6211,0.6006172070804505,0.6994174550782352,-2.8271645332125868,-0.10193930704434542,0.010204104203822909,0.666552513720024,0.013986747982926777
6212,0.7251293970151631,0.13814348406528387,-2.135941864031773,0.3427543360347877,-0.07099847488980739,0.4674389779489725,0.15397037060348
6213,-1.384425628699897,0.36796026188833797,-0.14537215116337265,1.211236990799827,-0.4244605152940581,0.6293716394197434,0.36264637011307144
6214,-2.3478418953695677,-0.21450871536793667,0.3749819840357315,-0.3280685188249643,0.8041312236397392,1.2275837034241304,-0.6647025908193042
6215,3.1166012249430604,-1.310110107899807,-0.315796154340092,1.2313887685869436,-0.5481333808123331,0.30106332198306524,-0.45557416701825965
6216,-0.007840325605616308,-0.07144108210965773,-0.5840801828879687,0.3513471265490327,-0.45756454657100043,-0.08317072901509207,-0.45602413468940306
6217,0.01669716056931454,-0.5149306417206448,1.1153948873760524,0.3779621055233171,-0.28491362414655236,-1.0349021585960105,-0.2573278137957731
6218,-0.005271569152366201,-1.0415479817456328,-2.103309960427942,-0.43398778190139203,0.34464087277245453,0.633111629713758,0.14703206604021585
6219,-0.6816186467737942,0.38897680497068804,-1.6941753406445985,-0.7220604924732353,0.5005577939545726,-0.651951973135249,0.9899481791947806
6220,0.7261504336651681,-0.1499354917198491,0.9240022338577456,-0.09322923438893108,0.0645432292965744,-0.3308129435160563,-0.5551717562936026
6221,-1.7545126400952153,-0.2507825705818737,-0.5182448986622523,1.4531767260139796,0.5729836163798656,0.3252082023730042,-0.616851122203075
6222,-1.6963308155579215,-0.7821763847590726,1.1966002920420444,-0.7570159843079587,0.2834291884898197,0.09779039860967045,0.939973855523524
6223,-0.6702462908871868,1.1219137489424476,1.3388709310317275,0.34404741727491733,1.5687991453551438,0.04080451792852368,0.03354327076998456
6224,3.106302605435486,0.7578022234218632,-0.5140770220774129,0.9663457740062333,-0.1270013191497301,0.3506438076638472,-0.23253927563566446
6225,0.19703511682795943,-1.613692681544011,1.2222127338059774,0.17497613288435807,0.44785378589073843,0.9426617245953096,0.5658219817349766
6226,1.7738307060997172,-1.5195181948590677,1.016960337787172,-0.547408627753262,0.19349842553563013,0.40493804269368894,-0.47177779235533523
6227,1.8099639377723726,1.07372592606511,-0.4748519199241894,-0.5156927252710068,0.9915297907728041,0.24872396489719328,-1.2102243886663042
6228,-2.094636358648938,1.233928188937469,0.2775576930988245,-0.031040684021806476,-0.02465550593295077,0.4271112244549333,0.3502198950940859
6229,2.890568412600163,-0.37720693421389984,0.6337707698421474,0.6557306942291026,0.44961388857979645,-0.3036301246949933,-0.11113503498879743
6230,-0.5783974739111541,1.179600863573196,-1.3977506792143,-0.6970764774068934,-0.009638355358212438,-0.3709961482490243,0.5251259037354743
6231,-2.2710241396192905,1.3269436460053503,0.7090623594501386,-0.4382635929325447,0.23335981998943073,1.0387310502989406,0.44291594389377476
6232,0.10262218419720252,-1.1713450638485141,1.1054076396371348,0.7562808621118554,-0.3829024582887841,-0.13709183636158417,-1.505165747216965
6233,-0.7157691179647077,-0.663997089697131,-1.1361567480567138,1.1347477719802819,-1.1601552621679994,0.10094665328027139,-0.0923652649888377
6234,1.3403877642748183,1.5772385202869708,0.5492506110384576,-1.4439366663626294,0.3734305728771609,0.20753127901309204,0.9931410476799819
6235,-2.73533475659787,-0.5738083247375311,0.9341196220134929,-0.2366831286321727,0.3528415120956318,0.03752885194648199,0.2219071801754552
6236,2.5695020791166803,-0.036354041118466955,1.17058462859665,-1.39865500971613,-0.4964339374137892,0.9698367744358855,0.6176121955294825
6237,2.321877447200301,0.009181393012840723,0.7938060800228021,0.5941187365250852,-0.3917299977974401,-0.4852919513039141,0.1941001099647072
6238,-0.4545550566752535,0.8739058473827497,1.5229993406795899,1.3329057738648966,1.127166416578656,-0.1375195106515037,-0.2570582892837258
6239,-1.004831102066063,0.8553320238136122,-1.6639993357772207,1.1119357149885518,-0.4829763184494218,-0.019411330240801508,-0.2783779015768311
6240,-1.2704475454244053,-1.6957916746992832,-0.9384941940581993,1.3285365057909906,-1.229138811026405,0.21977171886040953,-0.8227680856754639
6241,2.131045376470176,-0.5499019088418722,1.1789491396910747,-0.5120015969858044,-0.18394046204290326,0.1886871128061536,0.32132602835236346
6242,1.6486876345443433,0.08844975966535736,-0.8118206657982485,-0.18626363225406029,0.13085230643535642,0.03354252792643175,-0.5677300171973213
6243,-1.3130232262537056,1.4608219031213276,-0.08002161385488721,1.490986663410041,0.7473841552246228,-0.03919557437688022,0.7599881660606639
6244,1.8194101238472036,-1.6123621526036043,0.34635708697543804,0.13241837476154592,0.31656837001591054,0.9532547367318025,0.5002763766300008
6245,-0.719007095313125,-1.5429013968044607,1.0904404234039946,-1.0091375619535452,0.921549034638377,0.46866549810101055,0.26178246660748705
6246,-2.8053386421313458,1.1017390740116522,-0.06285479885739331,0.12833852620503625,0.18787790664545467,0.360064791176064,-0.24754083073773944
6247,3.264073755375509,1.6081087195115944,0.14416554648610208,0.9045297301174697,0.24849749840495497,-0.8532081422718277,0.6328030187422992
6248,-0.9502200207105795,-0.7632153033622365,-0.04978607899596805,1.1549023615851657,0.7173798973043803,-0.2566386283979004,0.5973308597346254
6249,-2.2576944143426454,0.6816051865994281,-0.47492599811514413,-1.3122918431756891,-1.270165304100862,-1.1504827432039186,-0.5438066723309213
6250,-0.3925026854743392,-1.0510522500925779,-1.252780871110576,-0.041486953333519795,-0.9473674314568088,0.25396132522287906,0.7302475301327324
6251,0.03354645204365492,-1.0406932104822937,1.133293783079103,0.8741145452349387,-1.0122190543653664,-0.18427239610540957,0.1779083091380239
6252,0.22623757786227905,1.15736065190647,-0.7487041970976676,0.057629437599596524,0.1406783345771933,0.2376399133200666,0.127332546023077
6253,-1.8089412120233617,-1.2607217494613197,-1.1247705054987946,0.4171627855933894,0.49294277867731856,0.4201967839057674,0.22523272811360348
6254,1.5757485292106777,0.09334882893176655,0.040193132048996744,-0.5222129341358637,-1.0617052021942532,0.3690064734758513,-0.6306958680920473
6255,1.9111837384434618,-0.15709977100660288,-0.01256613055825258,1.1180239624377262,0.5992520107992606,-0.669694849641984,0.20619726878106734
6256,-0.49019617931335135,-0.5756748278643641,1.255144156869745,-1.527903884394038,-0.05016457619995995,-0.04082164288230081,-0.5520804684629221
6257,-2.29247062096443,1.1589002903564802,0.09171475839979691,-1.179651757293873,0.6342100631766922,-0.3852583115115235,-0.15732973613298304
6258,-1.2801883877699627,0.9344179878160926,-1.7248173315610935,0.2029057821772395,0.2607700302720227,1.0157922099371968,-0.25164944543189455
6259,2.3909361345243783,1.0847947556873976,0.5793434180231336,1.0102445684674457,-0.47620780545804176,0.2429759462576656,-0.7888020138741946
6260,-1.7778854782194626,0.09952986911613809,1.6641826426090522,-1.0948550662406689,1.1184674562117407,-1.4279280664194702,0.6734369429392242
6261,-1.3724489252350596,-1.4695803027467078,-0.4971080841680955,1.4042225229529253,-0.15406905353274533,0.46595332839756526,-0.7744610832179347
6262,-1.0297088650921602,-0.35012395584456496,1.5622774143410094,0.9957687732955176,0.4195901613545299,-1.2401019643232594,0.4874160187400116
6263,-0.754740881052323,-0.09243280703532408,1.0697623213007954,-1.184262712178305,0.4097489918889743,0.7713400633355345,-0.05021520800257141
6264,2.005368243805589,-0.04431968567865693,-0.5114287973811911,1.0268561262143754,-0.20275259208557583,-0.20990867235326782,0.713422259983114
6265,0.1925949678630901,0.27449974849097797,-1.3220428099973358,-0.04827902461974609,-0.6932598865701297,-0.37169512110935377,-1.0475500692117936
6266,0.29508518548842233,-0.7480348013600692,-1.0427743051983849,0.06477725888476579,-0.5312750296339985,0.7533635179550302,0.19518856217856187
6267,-1.8490548767457617,1.4546702338986754,0.9587505530388375,0.4228879789215471,0.5534769978688675,0.4979797540967395,0.29264277656848336
6268,-1.1187248933160951,-0.6010176373882503,-0.19197547557699587,0.5652352855969908,-0.16202346652029676,0.25071317894644995,-0.7416401383592877
6269,0.12235796560860056,1.409814941312636,1.3263172357885542,0.6007873240338794,-0.3437111637036085,0.11732532110919636,0.9172700150654048
6270,2.4896213927611184,-1.202702732400472,-0.8984808710159871,0.29815430670663867,0.600117780985426,-0.17113455842183983,1.1698362662654662
6271,-1.3581569202701471,0.9111048182391684,-0.8322184291594115,-1.2851626802299199,0.3986370388860103,0.6862931686873006,-0.49094691884200237
6272,-0.9520709146905633,0.6690194096718414,1.4144135712223067,0.9617983584094605,0.7619797687147576,1.2861541422725888,-0.039953631558056736
6273,-1.1888035491823943,0.8646529359300219,-1.233303520857114,0.3588782621960812,0.337876857922628,-0.5714800671447179,0.21824478201041966
6274,-0.7371725569554057,-0.7048514674838092,1.223549248642397,-0.04809651436653075,0.37465155047018806,-0.8457218770599584,0.5363890516413026
6275,1.3471725943648079,-1.4342926453232647,-0.6266635327196365,-1.7233391763777859,0.481576584438009,-0.6470847232756237,-0.025580494465864672
6276,-1.9880219249718403,-0.8451580321478362,0.866822576831911,-1.1625354895108797,0.1453129993111474,1.220540277789092,0.6623949749664001
6277,0.0935999286326813,1.4855199296764479,-1.247092813209685,1.4189649274526779,-0.2954718929193345,0.3551053292277067,0.34071178719293854
6278,-1.8008208953588192,1.0300247549966417,1.9767187759755593,1.3354842594579877,-1.7343155750382155,-0.2541766640982343,-0.23277269412876597
6279,-1.5096770455008668,-0.882878289669832,-1.1233955220907357,0.07520265772390589,-1.2264569453934755,-0.5350823392075802,0.15981793696067273
6280,1.9942235325906355,1.3501668607501733,-0.28481021885078806,-1.476473028905617,0.45968376231049796,0.4928297255175865,-0.7361528873405502
6281,-1.2246318833949654,-1.0863829295057272,-0.31591741153343245,1.1758569364343134,0.4781162215087865,-0.7162123278747412,0.22938117338241903
6282,-1.0587478147554301,1.6669012809458816,-0.7510774917052373,1.4144012215133788,0.8006490966089171,-0.542843540789666,0.6825049978356511
6283,-1.4507686269753843,-0.390535646716749,0.0033115735508382014,-1.4049736581511783,0.08281185217565694,-1.5458962888429004,0.8778213374641413
6284,-1.9083403753856827,1.5668288173705909,-0.1394683649289833,0.9680919246047693,0.8811942111279539,-0.5774797958040799,-0.25752516440920264
6285,2.8066796426099967,-0.31689056618208294,0.35975637271369676,1.0925689131328815,0.03880187684652914,0.2720811649844033,-0.9562753817648026
6286,-1.5147886533382415,0.9542137349804942,-1.0155407378513548,0.552823087810492,-0.6814151590095093,1.071873350659665,0.3483972474455533
6287,1.991951468826218,0.9208633410534933,1.1466153889262063,-0.014324326271465166,0.6470545431886724,-1.1140353726338488,-0.3818785339792099
6288,1.8194100801073676,-0.15338500973247404,0.7596306117157934,1.0087112582192925,-0.09380492094979649,0.31994650260719393,1.283601906539379
6289,2.0460433960772155,1.0205694280792388,0.12880343982714157,1.0803374316431145,0.08121412413636435,-0.27621951785574195,-0.8061177695937246
6290,-1.2161269187520858,0.17611719005204984,0.3802654214418302,0.3118702931955296,-1.7098650145632248,-0.12474392940452043,-0.7930252700449767
6291,-0.9175043841390409,0.03353205816611779,-1.9832800445503393,-0.955784627088001,1.000846577668632,0.4694222280646413,-0.7002682557481069
6292,-2.612620972674435,-0.8709614005501859,1.380271494940316,-0.2909979174918989,0.39110779976044047,0.9443560733333479,-0.22965129051886465
6293,-2.0214080467663904,0.12105125209545445,-0.9044395258229834,-1.465645359139557,-1.5698744238249023,0.6068564806876466,0.13669849201829842
6294,-1.650035376122076,-1.1532542219339073,-0.7833520406812748,-0.5086618785685962,-1.3265691281146323,-0.667831743933553,0.6420702826853184
6295,1.3694305844612267,-0.854362595122477,-0.2451430996696575,-1.616512845035728,0.7897282262430226,0.01699104104457462,-0.44049602071079075
6296,1.9571618316308181,1.0241675197104323,-0.5605500829285888,-0.051019908038197954,-1.4431560289700665,0.23777855526934785,0.4760978252535364
6297,-1.6988816427577766,1.7015031906153897,-1.0775590129074621,-0.9267122346980003,1.3882529201025007,-0.5190711741722891,0.0029770014397241615
6298,-0.8373263844840995,0.24281161091453132,0.8156481102716727,-0.9535644170737868,-1.126330692288031,1.2558045533916866,-0.3019591984224511
6299,2.3984961357432937,1.0355527251506935,-0.2631841937983095,1.097389938413789,-2.2610569619578032e-4,-0.6203420878726081,-0.12607055037387424
6300,1.6127734921930925,0.1342310336342048,-0.3194515125847977,-0.6512737172632894,0.9008726168184962,0.5348443509997484,-0.8105923405748503
6301,-0.3371759571907548,0.8485805868511008,-2.389969881293399,-0.8081138461472355,0.17761388093135902,-0.28155978402370085,-0.9024438989598167
6302,-1.038592815151622,-0.3898532845342949,1.7081096620581866,-1.1413732673186925,-0.789473707940159,0.6956293081883984,-0.990134628753127
6303,-1.0642541509708003,-1.7312057441888922,0.6183938592762759,0.5520099757596284,0.36372301320066636,1.5173505645823249,0.16559874176785844
6304,2.126779138057373,0.6972434838571622,-0.5916859186629112,1.1656927704614444,0.02823129056571699,-0.4069545808212888,1.4042823051496987
6305,0.44433088430682177,0.07735251992777448,1.276030372090511,0.395298923156252,-0.35300587321009785,-0.7743858593169296,-0.025265279668910567
6306,2.4634149818014985,0.6269418948934322,0.7955935621219363,-0.2115759742571427,-0.09138203105172794,0.1376874566097514,0.22682440916290966
6307,2.7971349419350244,1.7650861475848454,0.43514706436299283,-0.42542365459565534,-0.056291862761204244,-0.005775029514556649,-0.01737190770402311
6308,-0.3555408203747925,1.183545740480618,0.5955406736315303,-0.6333733204046231,0.6718090016345509,1.211846468302434,0.3327388016066746
6309,2.5229705293111504,-0.20112540415181304,0.1432100877053553,-0.8974282286316266,-0.5953152775293773,-0.20815368053806232,0.40430932964038047
6310,2.9010820951080185,1.5514326115633252,-0.4918336514701636,-0.9872757463816545,0.64447014239829,0.6758314393719732,0.6090621239838955
6311,-1.4623519481013474,-1.4659625252847757,0.37236538529136803,1.6357541292573723,0.6101974185732675,-1.203453528357354,0.6031535136557875
6312,-1.7312412209061963,-1.0029776814045117,-0.3656507456957064,0.3066795249259515,-2.055023866968718,-0.014331775495586485,-0.7166963286671135
6313,-1.509383935137553,-1.6522676075708558,-0.7630448952808271,0.04389692752530522,0.5457609365892978,0.14526908533846708,0.06104690780304411
6314,2.058940831692242,0.032717084151657964,0.22940253714341574,-1.7734026827239968,-0.334481408182199,-0.8673448621165684,-0.3636162418005564
6315,-1.9358414357804796,-1.1074240188544098,0.7403252609616816,-0.5988466200705458,-0.4471226976204871,0.6092251254426242,-0.06932849427487264
6316,-2.926874236140548,-0.004843638172309258,-0.945757448055479,-0.6065627149573625,0.046284535288366256,-0.5875678885975592,0.2657026251852415
6317,-1.187890787600011,-1.127046823533883,0.3622452618587038,0.5591948822348097,1.0113828600047674,0.6970914261340143,0.3187076024286416
6318,2.1789711074305553,1.727298383281657,-0.6550858331907374,-0.3884442520506506,-1.4361604877365672,0.1447274791931163,1.0810428846760258
6319,-1.2547648809077274,-0.15704606078006172,-0.8120385947786523,-1.5137234807991657,-0.603254178342855,-0.8745756685509565,-0.7011869361361855
6320,-1.1763111180138575,0.5908851677073578,1.6411746241159377,-1.2801357507676905,1.0663333408315914,-0.156106735393886,0.15524247426047097
6321,-1.0324088902949884,1.6251033577587626,-1.2496116112453002,-0.26936447270143826,0.04693575557429871,1.1177096448071902,0.08927190354038682
6322,-2.165671960428557,-1.5189086112674353,-0.8662747882625512,-0.25930340972122956,-0.007031615150955345,0.30187476445871025,0.4684130449582644
6323,2.6964506010922342,-1.4801203712064386,-0.8284715893717961,-1.8752809787504476,-0.7379117743959197,1.2568598460127627,0.5625199429204094
6324,-1.9847830115212668,-0.24220278738582549,1.7783362688303845,1.6200422964592647,0.25374050634639983,-0.4388199127814089,0.3534033424496848
6325,-0.6415578732367061,-0.32442671776163473,-0.9060111749547268,-0.48758929030271275,1.340742263817158,-0.06741035331332489,0.1146414284308859
6326,-0.3926201830530171,-1.5669338112457782,0.8921521164479039,0.09492396581171299,-0.5790897531794849,0.13913252004089294,-1.3821572804564708
6327,1.6794117168585165,1.7987012159979956,-0.24910311281170014,-0.7483556180336054,0.31012142479853855,-0.4554753434756982,0.7911706275016087
6328,-0.2498990021842303,1.6407184238202517,-2.675579195483531,0.04096393110721393,-0.40602865812230876,-0.6450568987182338,0.32217389587037354
6329,2.5706697590218055,0.8926802932158292,0.8104539263767817,-0.4579289401492401,-0.06031040380459598,-1.0347305656841972,-0.2819337811517861
6330,2.0572586609726717,1.2161289607778718,-0.6437339152124644,0.2719955643885222,-0.4219849359242919,-1.2324990750850229,-0.9961990718107812
6331,-2.094350615999182,-1.2534564638286474,0.6589204635317912,0.8298029409551869,0.06443681995494817,-0.024927904842138346,0.4284561377597838
6332,1.9872572709976664,0.4253757459765738,0.1660780280622344,1.0575004492607156,-0.14774702897018824,0.46966361186803224,0.5106473089139757
6333,-0.9513823301618638,1.322022768579552,0.5111728491275443,0.4165576836015462,-0.5175591835669566,0.8701420300713981,-0.5896153978282124
6334,3.2571186391867335,-1.0094668101336797,-0.026742357791842003,-1.170440349621988,0.5829908861550025,0.10917915542853053,-0.19738849224594587
6335,-0.2215611452325242,-0.35125280337114806,-0.42425189111601136,1.0754300307369804,0.8713308676863847,-0.027065885090008377,0.018593711874878984
6336,-1.3956668760200197,1.282902856032535,0.46654163518448427,-1.2266360188898122,-1.278508546259703,-0.6182631460621376,-0.839090804617332
6337,-1.043447293697961,1.265255814392548,1.5149670739579608,0.9752878526864219,1.1026674825292935,-0.6800258171014132,0.3169742252989652
6338,0.011751068175276049,-0.6733709047524783,1.3891427700521835,-1.2010283279688132,0.022208830389808896,0.32571265690180246,-0.65898676091012
6339,2.5837847050035236,-0.6843523536269641,-0.22477973211874472,-0.5380170171959817,-0.21498988940205097,-0.21857194614869052,0.7024394006612291
6340,1.7130566461808365,-1.221933255127644,-0.8630618148576522,0.7118872339495679,0.09239214738582194,-0.8819756290835622,-0.566135578355244
6341,1.8305389494745372,-1.0998977648913681,0.3028249521186006,-1.4201676936654628,-0.9652948089833058,0.2931054294443475,-0.4291248190749395
6342,-0.38427881146423204,0.9924501114791381,-0.8329750342833254,0.9513910928604845,0.7882658820843617,-0.4956452027105012,-0.11554064219410445
6343,-0.6373235932592313,0.18258405108360942,-0.7179441050936518,0.8267873333804205,-0.9135534800729298,-1.658022370399249,0.1681146386797098
6344,0.28421810956271304,0.6345099311850287,-2.6806956589387854,0.09090155323503307,0.2411295020614055,-0.11324428827742673,0.4725153329811391
6345,-0.43428999391541195,-1.3791476118990784,-1.3940370672389324,-1.0157727810136323,-0.3694039169694485,0.18833165010484948,-0.17161001056823888
6346,-0.6770717827602809,-1.3923464663504683,-1.5665752380434788,-0.7268191270639146,0.603246867759719,1.5099750947658288,0.28475228476903575
6347,-0.51975345035488,-0.8142002602863838,-1.27191749118912,0.7282329810248179,-1.379951587846611,0.2922838774279811,0.19498797537516926
6348,2.253332864103513,0.27862367227079765,1.188557710891145,0.05385387753265407,-0.7808700609431488,-1.0280523780846953,-0.6219925530515668
6349,-1.863318157276757,-0.27363276214105137,0.7883664450882333,-0.12910125115105536,0.6199573926435833,-0.2960706566304161,-0.3211924929653048
6350,0.2919630414321086,-1.2088687775630245,0.1428037403959731,0.7116909573639947,0.4704502188259971,0.7896957590764123,-0.42220703537950116
6351,-0.7406353874901397,-0.8352269794971372,0.6041707519635023,0.223963467021144,-0.6641645768063913,-0.3372404200525714,0.49899773136512304
6352,-1.1940445233197452,-1.8190138176389614,1.5103569778634813,0.24367070038156816,-1.7246282893249427,0.3332257644802171,0.6253434488395315
6353,-1.0902957384091865,0.45505022475080875,0.39350917778408123,0.8137125389041956,1.0903573661310522,-0.685083378264005,0.3028310552450813
6354,-1.4147633690157713,0.9948593328632378,-0.47980041118968314,0.3257746184459314,1.1599098236924068,0.3132271941130999,0.11244605492308012
6355,-1.198058996917351,-1.782149062291534,0.2292235562313891,1.2132734974164157,0.5785982845702204,1.0891824395537426,-0.6468091139492145
6356,1.21631475340983,0.3217041609617337,0.792238377535648,1.3766793954329513,1.1791575912380305,-0.00946614023550935,0.1067792090607153
6357,-1.6555229828434892,-0.583995036718542,-0.7993002935256426,-1.0263844032495846,-0.6115155340896171,-1.2648344149956416,0.396343253174859
6358,-1.8624742491555693,1.0783242313284667,1.5108205015804566,0.7001301453503385,0.5502960611483505,-1.4446704541343196,-0.17672137620362613
6359,1.6449992404005274,0.6577779826403223,-0.49129497888050644,0.9751481803768665,-0.9053873383723431,-0.2813847996642109,-0.43330904373881024
6360,-0.07770572287353877,-1.6140331320662715,-1.9937994283256304,0.8649259096940116,0.2071541808421902,0.6463123968270631,0.10754803171449322
6361,2.3828083774205324,-1.0601319164493554,-0.870422663193787,-0.5321226886056017,-0.5343909815964439,0.363948621915232,-0.0937915485746364
6362,-1.4437587434643793,-0.6682771441223231,0.43580484658771446,0.7352827002092617,1.0477336041017118,-0.13637536306935574,-0.5382203367728652
6363,-1.5729966459079998,0.708437293897086,0.5049633540527135,0.27010881607142306,1.2787606080445557,-1.0277673073329743,-0.1382050716619289
6364,-1.8803099954600735,0.3423304425602395,0.6318590469671332,0.5405983639981634,0.5117447866357301,0.028263743906409598,0.4117568260695721
6365,-0.22853346523120585,0.5242232096011847,-0.11160844620431933,0.635623645340256,-1.3104954969551121,0.2511891036558146,-0.525475904495743
6366,1.3416976456093166,0.9360583223819816,-0.20477600849824878,0.9142843837642725,0.31470151604090474,0.5428769605896633,0.1747593861908679
6367,-1.3470619979856262,-1.7936082262754935,1.2963613314270401,1.1944687554180564,-1.4478624831738547,0.4494952550124868,-0.11279357011549156
6368,1.2651952602500545,-0.1639067573052255,-0.5255996889883543,1.8251915250560566,-0.49497803805656815,-0.33559387477041375,-0.33092882693714065
6369,2.55803058113414,-0.19606796185627345,-0.3242807773391349,-1.7822511950798146,0.7262254076676895,0.028827042469668863,0.23608976679383303
6370,0.5635104156688233,1.6169388931563686,0.19664517246821764,-0.5165961046209966,0.28053529232040675,-0.16116506058737468,-0.1783901235704911
6371,2.278436671416324,1.2279878455427,-0.08116569772877359,0.4386204901703065,0.3661463375137103,0.05493127419601243,1.1862188655489303
6372,-0.689756040273381,0.6541642974924268,-1.2692126994323976,-0.8958083907632758,0.9732314675164914,0.23361296299612472,-0.1955673401623016
6373,-2.0377641820862165,-1.6489408418036056,0.03605986413630148,0.5146572009249321,0.19633010971663917,1.3987509871215422,0.0874852444863934
6374,1.577082129369902,-1.550507281753367,-0.5393936245312578,-1.1381830331684035,-0.5070201499637731,0.2076581017011694,1.4814329997494975
6375,2.0821488276113276,-1.039706469709643,0.24474993785323673,0.5079542490954664,-0.11484078715273126,-0.5322441818653689,0.30973069788550434
6376,-0.41641315001506735,1.4677964049959085,-1.210391734872733,-1.2434293780102679,0.20357618732041172,0.4170878619964584,-0.6517040897484827
6377,3.0304952177392166,-0.45003403027971584,-0.10369322607218269,-1.277722750434393,-0.10848651042159713,-0.7227545842666425,0.3238145454309293
6378,-1.4291840355179297,-0.5490229385415831,0.8935872278311374,-1.4181203392664947,0.6662499584377733,-0.37305099197087205,0.700111415014685
6379,3.16564826873691,-1.622609366497809,0.02378068972969148,-0.30624887157489483,0.21359972433112062,0.21416893993349842,0.34147289742641873
6380,-1.7737765971298778,-1.22157418826908,1.3286818325554979,-0.4611571625041361,0.9930827576971195,-0.6859313605991341,0.5690326858580991
6381,-2.1431123919746518,0.37576960863068554,0.5766635291453116,-1.0708843302224302,1.1272917815075876,0.9019320533424243,-0.509219443380674
6382,-2.157741462822884,-0.4676754125528425,0.06993473890553792,-0.758828587978512,0.7550660594293683,-0.19430548428594144,-0.011702673169943634
6383,-1.248133168540732,-1.0149507886464284,1.3752465762624255,-0.8469819424932312,0.8365212877250857,-0.15480999417809532,0.2526828986832852
6384,-1.6105819957980787,0.15890814177229926,-0.35674137526447414,0.11198172023610346,-0.4295915823327854,1.1291502399290754,0.7371106055377372
6385,-0.8920108792226452,1.2019610283554722,1.5286550490822732,-1.4746032318424591,0.6361769214540648,-0.305486895834139,-0.2335547365369033
6386,-0.20841923007360133,-0.6345351258702612,0.6178511797586521,-0.2960262833193645,0.5074707168969671,0.7068909777801955,-0.6163149997014437
6387,-0.6055144562066413,0.4211276752550084,1.2188692560725052,-0.9930759751779176,0.6142849410552649,-0.9019336557012323,-0.06696969140066657
6388,0.19355323986568856,-1.3330546865028439,1.0348174086914461,0.20152080368472142,0.8067161627579089,-0.09827089897872195,0.5942876184830086
6389,2.1340697967071316,-0.07065938749501033,-0.8590318632904089,-0.46208888321618724,0.8645458851853798,-0.4740469509182431,0.2767988885262421
6390,2.032610339908299,0.5383912910577352,0.10196028516174498,-0.6885530647988354,0.5125813559227748,0.022342536610251453,-0.6088886759017919
6391,-0.6773276179391166,0.5898046115587957,-0.8949387016711854,-1.263623366497797,-0.24562254362600763,-0.004440897102396774,0.4151849569919374
6392,-0.7068250297526283,1.6655450206374798,0.5248418152691886,0.2652227334004905,-1.6500473487861176,0.9518441039521187,-0.28926246762023794
6393,-1.0638614133100828,-0.5240701970839294,-0.566775874343286,-0.756519854458854,0.16133638174526913,0.4840331034174189,-0.23750089866369728
6394,-2.1279408706773375,-0.39560566182960333,-1.1994324337409243,-0.6733642279898227,1.310578123699906,-0.5669880774689844,-0.7207955249455522
6395,1.252875137495108,-1.0036361917825518,-0.11555800962573702,-0.9412861790065264,-1.1903802815031574,-0.11066257285696392,-0.5469231067331483
6396,-0.43508063310965117,-0.749086978208258,-0.3157963797067209,-0.15350914260003812,1.0179143522644138,-0.36516349732387243,-0.410298059060327
6397,2.840925064256953,-1.329515009947923,0.8450942041969998,-0.14857362615960917,0.8657464812485698,-0.024049112480357338,0.21063526120240433
6398,3.065592113562425,-0.953281554430245,-0.7984755487737326,0.3979985021518969,-0.5836252003466033,0.6873491612547674,0.13130315558930378
6399,-1.2685444609545493,-1.5953793829879666,-0.8899669768832712,-1.5570754340236153,-1.1031316569229526,1.3090363460912144,0.2226488770964123
6400,2.7363648095789945,0.5537949140173916,-0.25117227218555205,1.4426735165975104,-0.3737951142680998,-0.28226516636905097,-0.4380532302720476
6401,-0.8256606540115479,-1.2469556366366155,0.8904870328603365,0.7456608874538341,0.7276917010542193,-0.48485014397854836,0.7480066532157889
6402,0.4876789391620768,-0.7840388696014805,0.5336918646130112,-1.1841712829089723,0.44341564612431117,-0.0716860710239481,-1.0918841017483396
6403,-0.7974642342814585,1.962944579079342,-2.43212823145125,-1.325942743859394,0.2908651182882837,-0.29754650526951776,0.1516214919968137
6404,1.912002657698884,0.9276604251608227,0.352122428819808,-1.6403685423511882,-0.8839569118491422,0.13752859647315327,0.8804898717142524
6405,-0.4200918868608391,-0.2659837267535381,-0.5576117661404665,1.115634217911591,-0.9501769788502995,0.2076464448843277,0.21933278818677404
6406,2.005424450465873,-0.5783878132259765,0.20683886096758197,0.07139251157699335,-0.7194562333632385,-1.1545856813102726,-0.38588838575169754
6407,1.2293598877617806,-1.4726986850099457,-0.2624563783391419,-1.2549002014559318,0.04654432083300968,-0.26790717258397617,0.8352782821500901
6408,-2.0627510808445266,0.8890633082898267,0.6831669811032289,0.8876356558016445,0.15637544036344875,0.5358038237171995,1.0078070321089647
6409,-0.7994966444563955,0.22599936760035275,-1.335644002681254,0.923185027573802,-0.572282995804727,1.0672094608936515,-0.4968483187450806
6410,-0.8711570215258316,1.3202649110252827,1.5511914393196509,0.4101284365786227,-0.2383500954609956,0.18447053292347848,0.008157336434888833
6411,-0.7160229528322076,1.3009262859081219,0.10250776600476784,0.1585430580284213,-1.1772365695700384,-0.2432626315513551,-0.4680395921500879
6412,0.28414800331275053,-1.6001847706962378,-1.9022203576579957,1.070280108042353,0.12397238605985954,0.36670503229888285,0.2562018357269062
6413,2.9606566095936064,-0.15889237982990526,0.2071072180516286,1.2276086484549518,-0.6641163549545326,-0.3787054542961666,0.08682479374531475
6414,-2.7196297903887006,-0.670871719402737,0.10729414221271572,0.590958428252281,-0.27854286210268747,0.0182510633405814,0.5855177027779055
6415,-2.223000653267429,0.6751144731513234,-0.23749624928101454,-0.6594331631001069,0.3481277504033833,0.71070456432815,0.20515322008269696
6416,-1.0624156268996183,-0.8888997926599906,0.33498696185397436,1.3893970362697745,0.5149084582630657,0.8139771799878615,-0.7000161775491971
6417,-2.4418472740220354,-1.189867286676709,-1.090077896407177,0.08134885555954666,-0.3382005258811018,-0.3279069413564165,0.8324836865201454
6418,2.028867364023693,-0.8949914159140795,0.25823702405973326,-0.13013423768422966,-0.43343121206061114,-1.2789469551324735,-0.5334472107601963
6419,-1.490403838208842,-0.7059803645529266,-0.7195258953621553,-1.2683255242616749,-1.6647084096369185,0.5082735331584467,-0.22380629637062344
6420,0.6221688097825856,0.6232927791876902,-1.5242814525356814,-0.48699533689082675,1.165247508584639,0.01719708350146208,0.04046698207907474
6421,1.4273517396024462,0.7820116143935186,0.747450692265921,1.768743099718289,-0.05160739464414601,-0.11537534739203956,-0.4104293508665806
6422,-1.5899247868502,0.07681559581051263,-1.1669347879059888,-0.680828314361816,-0.22348752283408324,-1.4484634147643862,-0.7257046238560912
6423,2.0953527291327068,-1.177461781299246,0.8606786580369093,-0.2865217935229792,0.18308600892361293,-0.5573715548491555,-1.0270297293765909
6424,2.1247516501157193,-1.1857678883887792,0.497255261908754,-0.3385616000477138,-0.3710978598201076,-0.874837790063888,-0.06635009135129562
6425,1.6069853275657058,0.39302115899240936,0.4628494709755264,-0.8994310164101971,1.132504168078336,0.27494358295224547,-0.9210922697546263
6426,-0.20995813846930533,1.272746076725805,1.4929740293002722,-0.27649329415745943,1.0147003881874095,0.1213322694052112,0.070182074742383
6427,-1.243522258057422,0.2671395045646762,-0.10088333444839676,0.1175078814410235,0.8728245206031441,0.28489776507087144,-1.0640116384493532
6428,-1.2300872176720106,0.0718073175755513,1.4479018884229875,-0.9830826119259429,1.4299037049597156,-0.007064897299247505,0.08013724316197886
6429,-0.7603989578972049,1.089979700910031,-0.7648268591153783,1.1811244827617153,-0.0873277448208741,-0.25441782025381793,-1.0197131019977475
6430,-2.14264918431173,-0.39853196696008825,-0.24886481885350176,-0.7154906300383292,-0.29627637233368825,0.43385246411545497,-0.6587135639684926
6431,-1.1529418604715989,-0.7733913443286972,-0.6196795622776539,1.1884445294841368,0.1341191839311641,0.23312388769783118,0.49044113734354616
6432,-1.5302835216006614,1.2990442136623213,0.3278556904270785,-0.9671467141491852,-0.8977757000546421,-0.866246301150725,-0.4462224448680517
6433,-1.2803789171757294,-0.8124249739359929,-0.04259389210641432,1.385859307425393,0.35279791099011765,0.4353524057871997,0.4116075900198449
6434,-0.6361794994759745,0.06895029913239907,0.9230228266477174,-0.0013152082790647745,-0.3453068829776691,-0.8984282881882083,-0.6253127299849432
6435,-1.8915086873086766,-0.5458427798624205,0.9083261621758901,-0.7445638607696289,1.18957188249067,-0.8434516544621817,0.06551138202905223
6436,-0.8752008581362598,-0.3365976375675192,1.1184533375140167,-0.49177875933074144,-1.38762107045769,1.1708066377960564,-1.0378310656781635
6437,1.1017467440758695,1.4568848120099602,-0.0833363109356679,-1.4169368102427915,0.6563532558292874,0.3259725256724891,-0.14502441846919195
6438,-2.3488854779962853,1.2773611789404093,-0.6383426909507558,-1.1939821011823053,-0.403714554917817,-0.8738273109207497,-0.34057083471492744
6439,-0.8071835039775523,-0.22867376589306324,0.26663119550218833,-1.7134861923245557,-0.842396678340159,-0.28870642804004204,-0.4401510209593699
6440,2.083952264918604,1.4545391882047045,0.8466558890835928,-1.7034970567451981,0.5950400155313522,-0.43365369244099916,-1.0507682007676364
6441,-2.240569451680913,-0.8587187599198536,1.3791241720361007,0.8535254558345868,0.23970464918677611,-0.8597459150950565,-0.06667856581678254
6442,1.0759513587038694,-0.9348937879419924,0.003440337808943276,-0.99950687820945,-0.3168784719521561,0.1732947054864876,1.211096614133075
6443,-2.177137658021189,-0.27244483349897664,-0.23601246098318557,1.825965782489811,-0.0801578082834556,0.04629328639906848,1.1915270807311078
6444,0.25631973781556383,-1.6062943458655028,-0.001642639103750693,0.3565260737089238,-0.6140167956625295,0.5043390426372091,0.03204080172055704
6445,3.560050619179854,0.9186222358732646,-0.2944061208885327,0.5690602525445777,-0.41192893426527444,-0.07129016115024397,-0.07943816140633009
6446,1.7256603855529167,0.3564012971758383,-0.32646817918480797,-0.02403037658182957,-0.2346452044791678,0.9192224384029342,-0.18157981391968236
6447,2.7050180873868084,1.412749226573442,1.1084705035325537,0.5277490654118662,-1.127433721063769,-0.322966261435813,0.5421432856417839
6448,1.746002347323678,-0.34706396712000037,0.8444728273115438,0.154605074057577,-0.7004996771488806,-0.322534995504666,-0.29572389051273973
6449,1.0415407783760247,-1.0800298719584174,0.11276842804648753,-0.44675916546721417,1.171908150216943,0.2690102944832686,0.13643682704348656
6450,0.13450431829542336,-0.5757855981980587,1.3188530849193387,0.8017202968874404,0.0720569083334003,0.17874004847815345,0.05565085759103273
6451,-1.0080978792417685,0.841042127864684,-0.3704824129479983,-0.5215501645955903,-0.9315247492893917,0.9490031054191791,0.12996515213164314
6452,-1.3488776185872033,0.9737232338984999,-1.227971890810647,-0.678892563726832,0.438543267338124,0.6163574412073743,0.39316159526740535
6453,0.31806161722553916,-1.631931142800495,-1.5771652910123968,0.6569275376298961,0.4562339590482724,-0.7498708745683053,0.08196108596065702
6454,-1.4623787912632245,0.06362878909331827,0.18006139720059844,0.8405522414196497,0.6790616292125152,0.07833039331580419,-0.4480680943751955
6455,-0.6923073756837423,0.5176326606561971,-0.07819802670337866,-0.5707486348055375,-0.9439937197792425,1.433838508528311,0.024745949669693894
6456,2.282427041780412,-0.7930686924705546,-1.0177226641997956,-1.5395799820568956,1.244083414030401,0.070487211176484793,0.34236670969977484
6457,-1.0741130287071299,-1.2451434814797577,0.9188128749585853,0.6568804886649863,0.955730064029685,0.9522665933220628,-0.2884584956483203
6458,2.0403413139103663,-0.6830496773037044,0.23744244811849366,0.9110131993411221,0.14915650416122908,0.04517970474589558,1.5249216888416515
6459,-1.7849586157001434,-1.4758274433645782,-0.9487044850296473,0.7171490432768578,0.5562616955931758,0.20637797797465263,0.7514860115972455
6460,-1.9798985023028999,0.370541679763562,1.4780835068424332,-1.2146072055919315,-1.3931976987819064,0.07182142536526358,0.8246760141956827
6461,-1.4185068010229271,0.3936061633592719,-1.0092376087609936,-0.9330864981390472,-0.2897913224607833,1.0068296681967475,-0.6501290529449317
6462,1.5794234169571093,-0.21605544390839582,-0.4328133685635992,0.4550064921560886,0.2726041263332299,0.17017195957982797,-0.027484530546915187
6463,0.9179518795978127,1.1868801513401988,1.3725824032672271,0.5221274254570978,0.4119895981040638,0.24382960953798202,-0.8240895479695246
6464,-2.4017022434454574,1.4138886516312,-0.6013790412869564,-0.13382277197296416,-1.2719095089535681,-0.11291318335287583,0.2980617899412503
6465,-2.4729587746839297,0.11859200901932686,-0.9459100352131817,-0.6799743967791106,-0.08005368531110206,1.128047645116336,1.0273148235922296
6466,1.7584460589456747,0.7070934785067543,0.21115922254247943,0.8064956817153717,-1.379667921681796,0.11839671803944068,-0.7137781398973216
6467,-2.0353204862229335,-1.2775398753394438,-0.6134587225463669,-1.0097526774531482,0.7080256197173789,-0.40779314753880824,0.1958586127773432
6468,2.0660991118850522,1.0067066241591014,-0.21798532225877873,-1.1888400543487494,0.05258505299654109,0.2387184347556848,1.0961203920120532
6469,-1.365965518101115,1.1014617880759137,0.37242490147220947,-0.8829451457359219,1.580907394567197,-0.1501720292790461,-1.1290425079816353
6470,2.3063281026233637,-1.469735816242583,0.8214874375350758,0.8213574853853451,0.9331415867203829,-1.0953154476659253,0.07881491444060895
6471,1.8941707535184902,-0.16155826486312497,-0.10985576449075471,0.6864089990021595,0.5822988729173463,-1.1296421133784715,-0.6504003473899056
6472,1.5371367948909689,-0.6599523348999149,0.5751364431305869,-0.878456398352146,-0.48764648959312357,-0.6726928352652423,-0.0723534672479828
6473,1.7918681581343388,0.5621920888199182,-0.6726172229399612,0.7021487216981741,0.3474230798287485,-0.4621056427960189,1.2348303267178589
6474,-2.214513230325878,1.0196030853531517,1.4966306683335038,-0.46248884719506356,0.7958591134797586,0.3788017171381284,0.2674129096290442
6475,-0.7533228544586625,0.30655303512069493,1.3913793535797914,1.0723440827039346,0.2540701252492581,-0.7035922038628001,0.04123876003075928
6476,1.9103650860710637,-0.9170379786933496,0.9204026078508014,0.2394150794766425,-0.26721272171296206,-0.27707477053850493,-0.119247703948157
6477,2.4912584033408605,-0.28096616375253375,0.6902379112127586,1.180423965446213,-0.4372735849228178,0.27686315508761355,0.0015954249459919885
6478,0.5558884059824536,0.4801151822378823,0.18759642375552285,0.546619537479654,-0.06961097410768474,-1.0279046554998688,-0.23996731166106236
6479,2.542797361507036,-1.627553994271134,-1.0712937381307768,0.9456861641116817,0.40809426671010046,0.6374097328985406,-0.613753431460872
6480,1.4527251967509378,1.4944035652327117,0.3961502284206617,0.5545705357280535,0.18078669082706933,0.48481018730859937,0.44799156609107393
6481,2.0429048259353406,0.03089627811549032,1.148403549026862,-1.6086921699429648,-0.021781623717798477,-0.25745052005770624,0.7076322199703718
6482,1.7554976171021899,0.6230624764799524,0.0019007905991459844,-0.2052470210683367,-0.9582919428270396,-0.24237538125419872,-0.9599601560307288
6483,2.1145355627085616,-0.3157137538286841,0.7878669510492411,-0.04289403080713949,-0.24265738372735862,0.3265902213064242,-0.40092823726254195
6484,0.9946139555214475,-1.1906534542897271,-0.7725797289764607,-0.21581869695495862,-1.0614002120958468,0.0655549567841663,-0.06570920251848927
6485,-1.408699502001474,0.4197151208311091,-1.8397761621830935,-1.034544293234987,-0.16347754105580456,-0.8720380696044017,-0.19967570810421162
6486,-0.7517066307246081,0.4040493944016684,-1.2141090659385767,-0.02622900779037903,0.0520802562466063,-0.37155438455958256,0.3328720197053591
6487,-1.852275925797632,-1.2083254986726695,-0.1143689687331908,1.3108134053264429,-0.1854812649506617,-0.5966192196634582,0.30261422776350483
6488,-0.7608397850446773,0.7068812505212932,0.5520735951753827,-0.590979968264409,0.8772820579196954,0.08275625761689903,0.18427962835220757
6489,-1.4118637215869834,-1.6161687812623418,0.9131279980063459,-1.389791628359407,0.4495956785975628,1.1452567320824762,0.2788717322883901
6490,-0.5142567986729388,-0.3910800645055963,0.16278694279848036,0.031103282590779283,1.605132607389495,-0.002946217779943484,-0.08996773635434674
6491,-1.5702040812263225,0.325848406414553,-0.886702606501715,0.8345067716296769,1.0927254456820832,0.11454438580878241,-0.5267651837963024
6492,-1.677369235806947,1.6101217307729732,1.6844015837753137,-0.5672562470860985,-1.4019083919738557,-0.7063219334993758,0.3626454187540754
6493,-0.6003695534942786,-0.651453322723811,0.26057083099115125,-0.30738367679308426,0.3876143516378128,0.126958751296615,0.35438583785844224
6494,-0.6405599634723458,-1.1180447842714605,-0.8223412628916255,0.8425944232652864,1.14993897600302,-0.7131862881741909,0.3279391464172459
6495,-0.2434837257210619,1.0975093702145813,-1.9470312443193325,0.7480309796952882,0.36324265606348205,0.9399570941619427,-0.445097752003192
6496,2.2676867478340177,-0.3818618008442552,0.08195774401659099,0.8948076398063546,-0.7365694840773395,0.5335912097006553,-1.1253205634671186
6497,-2.2222100652417347,-1.5418908586114175,0.8420530536286137,1.7794185211319349,-0.06213771225944654,0.5346449653271452,0.5067736744320213
6498,3.2551309460188844,-0.03769429464793553,0.13201894934173203,0.8935214454811901,-0.03994677955124831,-0.7563200460544988,0.8794206486212529
6499,-2.2552606477632673,-1.6729665206602067,-1.1093513671778408,-0.21882394139489222,-4.8653520547373266e-4,0.8793403003791926,-0.414782347446055
6500,1.896167844170406,-1.5207660678900758,-0.9481785832642382,-0.2605517739169047,0.1994831154343993,0.2887097583599616,-0.9872140163793864
6501,2.304508695244823,1.467997723132316,-0.6978565700096224,1.1492634931444274,-0.14391459972921253,0.4663810139784596,-0.5958440010937253
6502,-0.9470427725329394,-1.0327261458124573,-1.8233806184553463,-0.6756694575772086,0.09715565064969793,0.28331845724053245,0.47537927411317193
6503,-0.9048358759801277,1.0776748532316096,1.5126062752954876,-0.5216861706571969,0.5800112467645309,1.1918681877510509,-0.04380578743772509
6504,2.172474575547491,-1.1087662635246602,-0.3463842918156945,-0.41204961233009696,-0.5841162134056287,0.40802616908952777,-0.8106000042932546
6505,-0.9824047894283835,0.6690295355625013,1.5756218848767765,0.07394754325558245,-1.2359431772940264,0.27955169348250813,0.542874768989358
6506,-1.7917462082610556,-0.31876378667887983,-1.0970858535371955,1.119118436899045,-0.9426333215457998,0.6080317739702814,-0.5275990220306426
6507,-0.13476477386168817,0.3409306159552378,1.0967741353242366,-0.05936064119789292,1.3836706170046185,-0.12068055611041367,-0.07929506793430026
6508,-0.6909887714923237,1.1407517463080525,-0.6378462910293741,-0.5470119681832193,0.1958809695567445,0.6548760449838666,0.35553745521448055
6509,-1.4168164632718638,-1.569941936252851,-0.6502950115616372,0.9400302222828265,-0.30409229925556025,-1.1843016782780733,0.2087570141647884
6510,-1.0398848226051405,1.7734372931920883,-0.4156479589188248,-1.085274040079236,-0.906614937697113,-1.3525987962480917,-1.0695317267929088
6511,-1.1582528032847434,0.10968966873761758,-0.6647000141993294,0.43592851214269873,-2.0256871315819205,-0.16931042800797125,0.6909947751090856
6512,0.2709486353184624,-1.5572923568934292,1.259925608108738,0.1962344970187975,-0.5324813370194711,0.7840632975993863,-0.496409032765874
6513,2.3580423962343136,-1.4005565329787446,0.9401090639838742,-1.0657930892122098,1.1303093615561985,-0.5001959165794553,0.20023586002524904
6514,0.24129920321868153,-0.6473219239958259,-1.308281592463968,0.7445461209256472,-0.3429062873336016,-1.2409208779687153,0.16691373040395255
6515,2.702130949976487,1.2507371254341768,-0.46048110496710515,0.7256626948390227,-0.44614773372516564,-0.9941394132990685,-0.9227349140905273
6516,-2.550449421157682,-0.330913840231842,0.24622802005238348,-0.9173486400557986,0.7175022615380968,-0.845422163038142,1.069843764797856
6517,-2.8532522968996,-1.3690519861324333,-1.079600629886865,0.27687965099399764,0.1380087604416724,0.9449927293544299,0.2695819523939926
6518,1.7118194849964061,-0.47519439437182387,0.05149104025163239,-0.06502482078606867,0.06984577497407508,0.19593460399987428,0.29477297742567266
6519,-0.8302723606238978,-0.4313649205949954,-0.5620070075497469,-1.3277823520490484,-1.2218565181460075,-1.0360161672472907,0.32497003424419124
6520,-1.1823306295204141,-0.28170701665306025,1.6316459090874949,0.992340102972699,0.7354905598539526,-0.10180260438087899,-0.5448165738429055
6521,-0.517069208094085,0.8315556206813475,-0.4879534099741095,1.0766716655048965,-0.14084004422127486,0.44156954863884046,0.9031350507669222
6522,-1.096268148145058,-1.3578435954130608,0.7636208324555445,-1.3770524640937913,-1.2511190436028201,1.5058258105552536,-0.7574772854472803
6523,-0.6422885181367131,-0.7129213645703598,-1.1136534862441752,-0.042653982308425986,0.18316622044212236,1.124812282122219,-0.5865960924529193
6524,0.09289195598942561,-0.03389208974034818,-1.122248127671408,-0.2364685481051478,-0.13821775682222437,0.8522265696986471,-0.494907251841
6525,-2.519350188905401,-0.46725538776755277,1.3594553559856897,-0.011035258187590333,0.2662993804095974,0.8531793163414342,0.8518769346344114
6526,-0.21438364483364503,1.4718177288395886,-2.9439814448010906,1.1926557428538376,0.6782160285319084,-0.7639168960661927,-0.14630347895336884
6527,2.248740851765101,-0.7589731647874755,-1.0562517048835631,0.3093813557815409,0.8568981980037562,0.17363814659077664,0.2886862873218247
6528,-0.40569019243429877,-0.6115090080378855,1.4181031976909528,-1.228622203432638,0.5734991574723611,1.4864986481152034,0.25611067673371407
6529,-0.5026201278309684,1.22414845713215,-1.1616643919748926,0.5706329564850047,-0.687308008890684,0.32140955569756346,-0.31045274810888596
6530,0.49689597653465156,-1.31020633818077,-0.4302414563888926,-1.0639518262819407,-0.4475586518869254,-0.39259324134006934,-0.4666217812310272
6531,-0.5372037997886074,0.9554266525734625,-2.8711304305490755,-0.687411780831593,0.48516744598790695,0.2678022897657459,-0.1527572360407072
6532,-0.5790564778026809,1.2107052994213447,-2.829661749215927,0.488303382865897,0.03998824282708735,0.19389288502356014,0.24860147081667203
6533,-1.5230032626611454,-0.43112814906373476,1.2691251477970702,1.1659582095830339,0.7110693746977805,-0.3672633909857142,0.8898196393754682
6534,-1.1790139991546282,-1.4496501550053384,-0.6326246024516325,-0.11697654524317198,0.8343666869355088,-0.9182819332677198,0.47500195127875355
6535,2.716366105668953,-1.1157254515235069,0.7425177570273358,0.15856857871924276,-0.3373185526099041,1.030449319455521,0.21009831758719627
6536,0.2123816184597067,-0.3024857398479088,1.1549425599466618,0.3786350346084902,-0.6398447296884632,-1.169706535938806,0.17253182351460528
6537,0.5578866445623554,-0.46046641386485,-0.06962296296136777,-0.4530530847883022,0.0014024751592203318,0.27459801636839093,0.3024766147725914
6538,-1.967478221967822,-0.6940199767010377,-1.1710418895803532,0.8844585618334827,0.12834809583599724,1.307720703193269,0.14662528313900178
6539,1.7662718598537326,-1.052395067119844,0.30126598828330853,-0.9583311984922287,-0.18850328099362693,1.1070565017297926,-0.9671639985671993
6540,-1.9536096323336645,0.6031155475268153,-0.9996937723205038,-1.25723641337289,1.1712790855020858,0.8242869584085994,-0.3141103556467009
6541,-2.106890759713726,1.5092454873192127,1.7879098414995709,-0.19328455261023147,0.7291660499311824,-0.6995449826820666,0.6736130416484434
6542,-1.1601200155552673,0.5647991982084782,0.8325919242928503,1.1586156824072449,-0.5507705116075421,-1.4405807411445968,-0.002293784568667845
6543,1.5726194051238946,1.031782541428574,0.15578491375406825,-1.556116524963905,-1.0852074477399254,-0.03362881327961235,0.08789898006321298
6544,-0.07808797782862305,-0.2635391909228649,0.15113514986911947,1.4477772148792982,0.5220924076107215,0.9350998308910307,-0.30453297822715275
6545,-2.3619593697183237,1.4881860157110187,0.38466218698915416,-0.2110347410011953,-1.675150762206498,-0.15456788258754373,-0.23630604114044076
6546,-1.7500822913976062,1.2229132514183012,-0.7523128344816984,-0.04024144375126427,0.32583967234968636,-0.9814527336998303,-0.5864844672904411
6547,-2.1022013033008253,1.6028950304001133,-0.4979709005684437,-0.03517064954348218,0.483867489774214,-0.4789974913823827,0.9759573659294175
6548,-1.79597675492084,-0.16439070180652146,-0.6228563487333342,-0.3919681073837332,0.2397501164236345,0.8267549314279009,0.17787598843597918
6549,0.8982768915861404,-0.17727486795498698,-0.3774653457825156,-0.9260100542474778,-0.9707976659547862,-0.2601241667246535,-0.4695159631974655
6550,-0.9907048687943739,-0.24521903776130688,0.036264666608050396,0.955333739836956,-0.07775220953719747,0.14987548427983452,-0.3983070695479814
6551,-1.604588496731899,0.3194902974555341,-0.7110906125818623,0.38089866451815496,-0.5306071246910619,0.7817518859246162,-0.8490411722463275
6552,-2.6019572771169552,0.40225485782838966,-0.5609709173063352,1.715407845500923,-0.1388824556026469,0.27375753163601896,0.10977761939822656
6553,-0.45455188221686393,0.4952784286747275,0.4886524934736794,0.13944358504709062,-0.43297387528247894,0.15545400978387566,0.8259480325217435
6554,-0.8243627176317649,-1.8114835247764711,0.09945775022160712,0.6642966292359116,0.5127220579107729,-0.0557774360512065,0.18225273422908195
6555,3.3413615448069374,-0.5760893518690896,-0.6920253896115289,0.2518454287112495,-0.5305650204876059,0.4948431620048361,0.5518546560167924
6556,-1.3309204234329626,0.02869571854718827,0.43843821451451315,0.8258633444844692,0.153524978470781,-0.13372235177381045,0.42788573849032596
6557,-1.9156382682890711,-0.9407353694032686,-0.660994338785111,-0.13171424902310977,0.06542758180739826,0.6040482184316281,0.6316577410618673
6558,2.201717307857234,-1.1825208935635707,-0.34644572030816534,0.22641653745156629,0.179147477645659,-0.7213489986187765,-0.47804670776072855
6559,2.2460826435694368,1.6036669242727208,-0.16234145548839943,-0.027950789558691378,-0.20347925412274612,-0.5292415646538794,-0.4159945877776508
6560,3.743255180997513,-0.1101881521282356,0.17516811092084875,0.9162600719216566,-0.13937017763635495,-0.18237869887755917,-0.09553476721636345
6561,-0.4999362836336702,-0.6360389471613653,0.31354037102612814,0.7018199428710795,0.18432052813614316,-0.2014571935648479,-0.21505411009910042
6562,-2.0266081153126767,-1.3315351178578017,-0.9897795193437625,-0.5679280333393724,1.341534802619123,0.10224113249206217,-0.7771580337011967
6563,2.2367365588869785,0.6663595495123843,0.8618831763260074,0.8763729266867811,-0.5923197026797183,0.8273526662245051,-0.7167877135878494
6564,-0.7143886223740763,-3.4893401566246364e-4,-0.9984798334242956,1.1935996887574873,0.945870802609789,0.29298491928752884,-0.6743993249931455
6565,-1.334070723661159,-1.7757723158455678,0.39237931183736957,0.4930809237303585,0.7946659472094325,-0.7193304608459602,-0.3206577447422757
6566,2.250029965129261,1.1498168599235448,0.5888512254951684,-1.3581637805850442,-0.6021164921067783,0.3466910285470574,0.02065889754899052
6567,-0.7603788362541647,-1.0425500642008654,1.6410454519799857,-1.5292620872783609,-0.9983927490882842,-0.12333160133738763,0.07285492224067153
6568,-0.5177764551266726,-1.6708929886546007,0.4483975429622628,-1.4983989435244176,-1.0467683987989271,0.022618492223558828,0.08626317508561879
6569,1.7847901236580879,-1.0698744932706232,1.0139936517680275,1.7599269295055198,0.22491994294431847,-0.053959473843066576,-0.04021264485713408
6570,-0.73656537096468,0.7048465108601787,-0.8634017032489204,-0.1237186568017647,-0.9681193585804828,-1.0278954210971423,-0.3675843211251632
6571,1.7492060352685528,0.0641157914714006,0.48854434861216384,-0.25806447755343276,0.6174882720122626,-0.13646984651203276,-0.9920943356512035
6572,0.0016571196805193267,-1.1263060452582263,-1.9098058622957677,1.0967543584244717,-0.3040914595091425,-0.502556807341864,0.912457332188004
6573,-0.9947806806878304,-0.5230297427334794,-0.2753892241054696,1.4138800206716908,0.6850083903524591,-0.6335766567521388,0.23398975832543412
6574,2.7938101793848316,-0.6466902320599469,0.6992259643927338,1.2017757864250662,-0.4391214640967904,-0.14402200087949865,1.2847615511780306
6575,2.2248624168946733,-0.3868005939004786,0.07053087343351357,-1.888036406643537,0.15905758896905597,0.31230078580588616,0.18546577482628956
6576,-1.2105910884104847,0.5652392877214854,1.8175367775378248,-1.259771141232462,-0.41547292379599726,-0.15595201754977822,-0.12390889676274214
6577,-1.1638265237758292,-0.977009909605259,0.039368067042507754,1.031974455467031,-1.3340395483238925,-0.4116336636097595,-0.1562334894063549
6578,2.113205427307667,-0.07477924485043798,-0.47433082209876276,-1.8012089728371687,-0.15230801472366762,-0.7864655407656237,-0.9248112546483065
6579,2.5903786131196918,-0.8507640691076563,-0.5111304217860252,0.8294865051700636,-1.0273269632033561,-0.41870094826436094,1.1443431169625666
6580,2.3339604800520366,1.0356508966076923,0.8776928667416464,0.05240008589149525,0.6318232728144784,0.43130221960019394,-0.5127982181449504
6581,-0.5636389473750819,0.2295433052555804,0.8852671718233128,0.4160225235167772,-0.9262746321498067,-0.3798730161591404,-0.14844878467011666
6582,-1.2707129855248165,-1.0036486738300114,0.018757141445769107,-0.40204483771352584,0.319870099023387,-0.13782055731019963,0.26292178174929987
6583,1.9678003716613413,1.6373392165588945,0.5398495968081664,-0.9586368087048773,-0.23290790466290662,0.15636140959475214,-0.42924663822656545
6584,2.233209976736669,1.1996838388516229,0.8876282543503701,0.08660818158892153,-0.31170437391206335,-1.0232550516095762,-0.3125225036700423
6585,1.2889780653366885,-1.1864192593585947,1.2800163144429075,-1.2472373406389354,-1.0828366344208646,-0.08746027399399564,-0.2588164326039665
6586,-1.0092945318961288,1.3900838809753613,1.3069405119006134,0.48285654742145245,-0.3277123630544592,-0.6255225853333235,0.7394670982523205
6587,2.7752166955291395,-0.25039318964675633,-0.18270670689488921,0.23844570916216123,-0.7172870676414279,-0.8866066105302923,-0.10695073986887141
6588,-0.1682633547556682,-0.6145830058601573,-0.892179461515798,-0.05235405022615694,-0.3840171399516809,-1.1276533554743189,-0.4429501328448913
6589,2.319104739503946,1.1646066303533678,1.2125807986281578,-1.2124369260635692,1.075535613548999,-0.8215449270841426,1.4101159435592412
6590,-0.04263749859287363,0.09730530867173054,-1.2312085755640354,1.0523639700143583,-0.16557869456552726,-0.25378503490617693,0.08325106531935596
6591,-2.003929049259249,1.3239637320171687,1.8599540712870457,-0.5700472237430438,0.7678574461991247,0.590158007989106,-0.04158553359098297
6592,1.0313957321119205,0.5599191087486322,-0.5077763333322839,-0.05639553982340064,-0.07549364401259571,0.0910673609963159,-0.5948614795825234
6593,-1.1199931693765186,-0.16574050139678073,-0.590437449974127,1.2338989309964647,-0.5308327971415326,0.058235254456467364,0.19649107542803113
6594,3.696794931263522,0.32041839204570477,0.8300776093918233,-0.26775203417474586,0.478536254041785,-0.2171214947527601,0.6358087668715094
6595,-1.2299219114184952,0.3370328897503429,0.9584315931328246,-0.07389299972583409,1.1846362831304262,-0.08017575559074516,0.0667424047593396
6596,-0.36151279475546855,-1.3510824494354075,-0.009027654237774425,0.9045050621322509,-0.33589623276714986,-0.7710447520253404,-0.22018578473974248
6597,2.786293764792778,0.1774493407907235,-0.3705182220177742,-0.6467378716505016,-0.21925120346620627,-0.5825464165276152,0.5387630025510338
6598,-0.49255338157957085,1.2882498110803087,-0.47208338863799026,1.0893069893284697,0.12073167970330972,-0.7616980027655379,0.3483329575149944
6599,-1.0966919416293999,0.9600001904358951,-2.297021033285703,-0.944355335190498,0.3748722319471777,0.7221618208915529,-0.5212221977065432
6600,-1.2235326997633051,-1.7145134890956357,-0.3791139324317328,0.7623139766728222,-0.34103650298908594,0.33028622656535744,-0.3244024903291992
6601,-1.4005451970205103,1.5622428731232845,1.448072939576273,-0.6854907532616135,-0.9038142163013219,-0.45055260543540837,0.14698340344039806
6602,-0.8797818218126483,1.4835382059938635,-0.5677489846430329,0.09220558507786525,0.09784149567963185,1.1579192836175265,-0.033487272071595256
6603,-0.8909071786192105,-0.45090152418903034,-0.8700549558263588,-1.702280820685774,0.34414813777329434,-0.6281316592941977,-0.041820638169080986
6604,-1.429357734606762,0.12831490445280577,1.6824229734142935,-1.2592515986146973,0.9756332610898794,0.7970538281088536,0.1530252889258282
6605,-1.4224391093357918,-0.943527096009547,-2.756409116647376,-1.3444837828341905,-0.2170914234280352,0.033508355178344086,-0.38564831264153393
6606,-1.8742723878816616,-1.5936228530895047,-1.3081816808327973,-0.6630938307816691,0.4215982709962525,1.4333016595073385,0.48884762117500447
6607,-0.9665775055587346,1.6742316635068173,-0.4282951621920483,0.7982126201799931,-0.4680497700596758,-0.9400562195398469,0.23376307963703155
6608,0.045453743535081435,1.0092059893109955,0.671303218991636,-0.3396021844871657,0.8906717825854954,0.7256861646184515,0.38920231240626074
6609,2.754553856371934,-0.7092948716885596,0.8175067636391224,1.2124450761850356,0.06494673467254543,0.06830077586962996,0.7617253099236618
6610,-0.41206725711300163,1.581037683290954,1.5415830347612427,-0.35454631526433084,0.3621766628126295,-0.1334790965396262,0.24826374199401
6611,-0.6133157926148903,-0.5707202249292227,0.2928645464765299,0.25807989662943487,1.0384260895591126,-0.1186600205731093,-0.5795118543839302
6612,1.2061773696665616,-1.0111120717877253,0.5215894438751126,-0.77867713120136,0.49479880180048935,-0.04914193134070526,0.8312320572536641
6613,2.4034186262456525,-0.007795061214899432,-0.7521127978482685,-1.389289856979391,-0.6477079121407914,1.0746738369225977,0.22123887896366623
6614,1.2048468647706985,1.1925268082360927,0.6038001769237391,-0.1607300064686637,0.052042208341115836,0.35273064377949503,1.5710533753667881
6615,-1.5664288319964716,-1.7565736824704195,0.38453453072312316,0.0547612537686367,0.848773767036646,-0.5127743060686459,-0.17263609121983722
6616,-1.4623251528584251,-0.3935277564015252,0.9006261427168534,0.4085569872532961,0.621159659737331,0.6944334894912546,0.006125398148634243
6617,-0.5996041898641691,0.6278207842219556,-2.8747780689882902,-1.2280090104867232,0.22651638869835997,-0.5018291289453848,0.38008020863515446
6618,1.527417201051583,-1.042399618227668,-0.2601619689019363,-0.7881432629940236,-0.4315175449135381,0.9814262374341572,-0.9607353117890455
6619,-0.6881941351118233,-0.41172150687538017,-0.7602727080276583,0.759579843195437,-0.04905288100554386,0.8956795809388897,-0.4648905335130803
6620,-2.144528563006562,-1.4311800213770338,0.7897578243660967,-1.068718479210283,0.9195836727451691,1.2519398803838864,-0.42928138919695125
6621,-1.5039068560533684,0.827561558139623,-0.06830299939381346,-0.7641848675053156,-0.8140327882579529,0.8927758458606699,-0.8879212223331482
6622,-1.0610754259417463,-0.7665987751677138,-0.69232066777181,0.06300939449987755,-0.10163924742779089,0.23075615200336938,0.08503555342036107
6623,2.971310097215301,1.4975053402904899,-0.01934574510723269,-0.4147693554124628,-0.015979660878534502,0.05209812385139434,0.5155474003186383
6624,2.8649317154462866,0.44873602029864557,0.6317736358721127,-0.9145694604817974,0.17031837911292766,0.4734555217329393,-0.20135766445626538
6625,-1.328698957839238,1.353154198772223,-0.9758668800386419,1.4145381769686036,0.39601719734198537,-0.13966959059163353,0.4197661637604146
6626,-2.1090717702631703,-0.955959705838372,0.19612887197334625,1.8178467617496052,-0.14144271305596037,0.2631415547396108,0.9881769561816329
6627,0.3076605335034321,-0.2188128621153757,-0.3574771103182426,-1.404129879771389,0.6876551551346178,-0.4189697300422085,0.39106161600448963
6628,3.978477685564237,0.5424629195504518,0.6803506650462876,0.6736992733511582,-0.48740453865595945,-0.1235173968878196,0.4472190872169063
6629,1.417381082782622,0.22510962673599383,-0.37566206202952,0.2492190127810998,0.42962491055579133,0.41823238454594197,0.028940241153112847
6630,-1.9163036535132885,-0.457480609526716,-0.07290946863752931,-0.4399530907364671,0.6353879435667928,1.9181393351244405,0.3599186449794413
6631,2.5514870381375396,0.5587960642905856,-0.4752405038791131,0.5893310473161867,-1.0241315170190932,1.055007304635428,-0.9875277202110052
6632,1.90578142590895,1.1324225812302031,-0.2919085516667121,-0.49637146429536266,0.7950756865533387,-0.0526793989600175,0.09558714943638483
6633,0.8702305327205078,1.3585971031610018,0.12799727228703917,-1.0682344696189974,-0.3003987788815744,0.021282659097004785,0.20611667037396506
6634,-1.7109660669457716,0.4868926562861761,-1.1828721657236416,-0.7334497979965324,1.4931473279799214,-0.1290981540341797,-0.8970509354612302
6635,-1.2934630505386706,0.13955352285486883,-0.3827443622907788,-0.6061981090361795,0.08662850667462005,-0.6139668797713973,-0.1775984047659984
6636,2.2573524701156704,0.43795077020981593,0.527084934016363,0.9891535363789099,-0.1907016826300545,-0.1629678902204662,0.864709757750302
6637,0.5942467088101526,0.8365848426734052,0.9956290476678832,0.6383539910515005,0.7505897672037103,1.1669372612577664,0.2705542970244524
6638,1.5104942757332538,-1.340542077739295,-0.12981403545990983,-1.5284357096056915,0.42828708326293025,-0.7827964692090995,0.30786554350890455
6639,2.0044393669227234,1.0527510708149617,0.0805472606760166,1.5932151621886774,-0.2742795586122597,0.6076754139729348,-0.8992035514925942
6640,-1.7406950434561639,1.0728227870082907,0.9392852260752718,1.3649361099276824,0.045384229407732485,1.0321285153797801,0.46495452650785224
6641,1.0235703470131299,1.7461998842322262,-0.4015210823880058,0.07612401485850794,0.4583459340051303,-0.05389878105048832,0.2396680443873632
6642,0.5686871183724996,0.24021081726914081,0.008526201577840025,-0.49625410926149144,0.11141445054689585,-0.28636583646502173,0.2039141560038378
6643,1.9145102354993573,-0.2158118792983467,-0.14714130027523217,0.0018018294859323226,0.8661962352510543,0.5174959011866286,-0.20108145834279906
6644,3.2838082715097263,0.6636159102132514,-0.7072578708316667,0.9604351724300354,-0.08480507102712045,0.034200000546826335,-0.12105115955481571
6645,-0.8217172455262237,0.6034670198938297,0.13320444590547575,0.0255348104712841,-1.1897873874586473,0.09940815023206201,-0.3704476430066823
6646,-2.1510911987236314,1.105412351997353,1.5095539490059529,-0.45142025079402986,0.09361914236015031,1.033701032760748,1.1016165626089298
6647,2.6547711906384337,0.22799431965172715,-0.22280650958884363,-1.1207910690497747,-0.35520372686756757,0.3137463206311165,-0.13211794975774538
6648,-0.6781643592444292,-1.4214120791488811,0.5946819950583658,0.24935084097389681,-0.04523668529365072,-0.15706025271600352,-0.09952601610148547
6649,-2.062285067937159,-1.3584104472480953,0.06931584479834574,1.2019398290772305,0.6225322189649122,-1.023937212641089,0.33391505496880325
6650,-0.8504247169599863,-0.11826138650683501,1.1029778754246833,-1.0701443550695653,0.09271518870788042,0.3509373842838964,0.2837688507652636
6651,-1.5918236206090428,0.7249714142282766,0.2662931362159908,1.4291688104007045,1.0082828914986541,-0.7251136983630039,-0.07807662685685927
6652,3.4549996176343623,-1.0970857597116006,-0.004262640300641851,0.32387815227614175,0.5711706417365779,0.1593628066716235,-0.2826694461621469
6653,-0.08808359448238166,0.24386483935787615,0.9932350951362918,-0.7507813755798728,0.42032806399230993,0.7711210471670111,0.585122665415594
6654,-0.010098152006930473,-1.4796972534528166,1.2559279500019214,0.9277541871943427,0.7196197883215536,-0.3562642051805061,-1.1231689798676339
6655,0.2633719184706627,1.195428657898261,-1.5423537485033842,-0.24298154361345056,-0.19685362040986182,0.08398519009371214,-0.05875096077433461
6656,-1.0614489524363806,1.3538109690742361,1.5830136519783677,0.1058072305441435,0.7245960517423821,1.2800791779893856,0.5305183827480087
6657,0.043979516431273895,-0.1332385587084023,-2.6894361239923783,-1.5817063598555974,0.21335007535518233,0.3423967954183583,-0.07618215953012991
6658,-0.17914311619127876,1.3898961507532845,0.9416456023918224,0.16789439869394976,-0.752307125555733,-0.8148015714867358,-1.0268691543969435
6659,2.0947367368399155,-0.02946974691196469,-0.8282670806257656,0.7243524861169649,0.3667727696529378,0.06197048268776047,-0.6126077304628852
6660,-1.0205573953660143,-0.9996716054398873,-0.7128439818022879,-0.9813066789632252,0.401425780157918,1.2860206581150277,-0.487590426339044
6661,-0.7438432379361452,-1.7517052306984322,1.1954403904613056,1.4687463647397063,0.84296904232674,0.9535331775404369,0.5976358371777345
6662,1.7028086864871965,-1.1642022810620116,0.05510341477235901,-0.9463874520434612,-0.12935318692214054,0.4209373545602388,-1.1194176931958024
6663,-0.8544021725501768,0.3824833691279602,-1.2562128722288923,0.53705012826329,1.3805963722200725,0.016857291701597964,-1.0182997705827483
6664,-1.4458460968809053,-1.397844115076328,1.003565015284784,0.4903251938275636,1.0499070494293001,-1.5853151592583246,0.6839757771969619
6665,1.2567240209537387,-1.1935498949111119,0.37463109031398045,-1.4370812819770786,0.0227672628600106,0.19360182433039325,1.4035053269850755
6666,-0.062084765259449545,0.1093105104951574,1.4240679150379065,0.41781075734740414,-0.8124864685814388,0.6201070703734951,0.11558611552013422
6667,-1.2212827215186937,-1.5119153471176732,-0.8685940254831624,0.9825437985082477,-1.5106132501951122,-0.14904635127303237,0.05009479150288449
6668,-0.6400046543223469,1.5301939007841074,-0.10842205044301362,-0.6753577694807603,1.3211200062559434,-0.11900853664771399,-0.17779855323853164
6669,1.2274469278694136,-1.1604016151399468,0.27532530052320353,-0.8599929306442232,0.35879203402722165,0.9139308884646359,-0.19324638746284534
6670,-0.3352734061597635,-1.0269400798265202,0.602095109798081,-1.8214999298169634,-0.5752086966139972,-0.632968024298005,-0.4518744068359151
6671,2.7120432722169743,0.6201063516225807,-0.014805610717474797,0.8892814584938369,-0.636135089388244,-0.5120730355813844,-0.44166155281217645
6672,2.6045901454901417,-0.12484937645007614,0.61437640215019,1.3401068532547846,0.8211513353899426,-0.09208420775267362,-0.13039477555427947
6673,-2.6626648439279106,-0.3769348982960923,-0.17625878603772507,-0.9122884505881518,0.3972602710335297,-0.19730601121930758,0.9086166918209329
6674,2.4388867803965906,-0.4461229862924395,0.35007784809444076,-0.07931384409296544,-0.11839229241832643,-0.7009613821710946,-0.5693170165937338
6675,1.9866068511720083,-0.49626810645898556,-0.6561387368366787,0.8955923943370291,-0.28913926143569885,0.20952717695931816,1.022933921371215
6676,-1.0877249756399785,-0.21317078359203948,0.2240174043468729,1.3615591334267658,0.2629444922858952,1.3199623980808093,-0.1607184637747553
6677,0.34295062442165214,-0.7324389745732153,-2.5863359461714768,0.8255494298829196,-0.06907140176727854,-0.25207273391099105,0.1303863826414898
6678,-1.5173394501429425,0.3162288873836311,1.2907812388027071,-1.2130603434558325,-1.63061458319726,0.6514270168584855,0.37578465722851523
6679,-2.0276351696633124,-0.8880691666239989,-1.1063835885179414,-0.7021019109334733,0.9346236619544589,-0.4901158184676242,0.5029722107070953
6680,-2.0087727152289117,-0.42259591337251806,1.0757144951585833,1.7398382726981694,0.028654834018857916,-0.6296022711009761,0.07862671748958425
6681,2.0700346570058157,0.4594382694276995,0.5064483398216203,-0.7600904786281115,0.31209188744225574,-1.1486321045509216,0.3628963254017916
6682,-0.4574255769059994,0.8503792211443078,1.5679290388635838,-0.5511096731411539,0.7228393419374849,-0.4734983150548127,-0.04133109416986017
6683,0.03821508472596154,1.1527733191078327,-0.2235362325433748,-0.7247716737035061,-0.2567786519497425,-0.5551347656627291,0.1043833015361744
6684,-1.6280377137922137,-1.0298698867653038,-1.082950876086897,-1.0507373173206231,-0.9971254688391797,-0.5177812482274146,-0.7111274064061232
6685,-0.9047713745956771,-1.226749696223965,-0.9522760907817925,-0.05000206422416658,0.5674951314101578,-0.00422332436279037,0.0021554663816880175
6686,-1.1240957638985705,-1.0106385291505704,-1.047225128347696,-0.6425475234043095,-0.017868878216397502,0.9098460185280596,-0.15680432304627867
6687,2.0386831841771373,0.6786226854630935,-0.0750194104766889,-1.0974995208623606,0.3078835266284136,-0.8182771101558356,1.2336027100186442
6688,-0.36151669939885167,1.2340672300546052,-0.04736768123770681,1.2038134289681761,-0.25919980785786156,0.6110304515084711,0.06627916487226763
6689,2.745457231910561,-0.7871944681226358,-0.27655900602634914,1.3253102420377403,0.23386696896565065,-0.4970889103929808,0.5251222006144319
6690,-0.223706511016924,0.04481812079660368,-1.9293306357429143,-0.43834157999063994,0.0025220695262286453,1.5236516183068438,0.3766603111329228
6691,-0.7528930235098485,-1.282507648003699,0.15576969259064322,0.6799930863284865,-0.2898758918146714,0.4138414305814145,0.17239016096687584
6692,-0.7965051007440196,-1.3368559056298137,0.9201573263825528,1.3738747756142229,-0.9593185861302315,-0.73689238424186565,0.2751660069035237
6693,-0.1396670902477222,1.4885257611452796,-1.3520630348509088,-0.29467216564443727,0.5129122744932954,0.5861756958704366,0.3658916673326536
6694,-0.835875931241486,-1.1252909332944951,1.2122694322287353,-0.7796133726141405,0.349493740665658,-0.7116189311474369,-0.5593062452542404
6695,1.8803340031096603,0.23885318852956397,1.182359805387576,-1.1382938334792356,0.2823362465630747,0.7743157967169881,-0.6625725490235437
6696,-1.9276974768786852,0.9601203053967384,0.5492582202989486,-0.5652332237167815,-0.3046290215698126,-0.41153925323159524,0.4726795356801464
6697,1.8023185859851902,0.48750163958320636,1.2636111853633964,-0.2331670045931791,0.011433668089471608,-1.1782314366730047,-0.4439686305707302
6698,-1.5254642042290065,-1.2282408043062363,-0.1391509161615828,-1.1596626676675337,-0.10220242282088071,0.030948150481741262,0.327956464170308
6699,0.07854007567799,-0.5342163062067853,1.0068075148931233,1.0133074108533966,-1.015288826801929,0.34794906700273803,-0.5612572271088662
6700,-1.8303519119614797,-1.3288197917682747,1.163579659419817,0.28341423274082805,0.825704137508026,-1.6444504690243047,-0.21747918785090145
6701,-1.9817842103502838,-0.3253304948449853,0.723582730048185,-0.840830889565877,0.7587707429136628,1.2748634565422543,0.6975345757528627
6702,-2.0795172748954998,-0.5807738227659069,-0.8346508158674043,-0.8089342774739556,0.6203615584050747,1.452744794902894,0.053604248036772634
6703,0.27783089081858664,1.5670176434996925,-0.21499814815949667,0.8028603047013307,0.2442997704436569,1.2510049990452736,0.3831004934044031
6704,-0.3991066467166701,0.8122630799796492,-0.5060080965824424,0.4030207237438427,-0.4843519199152541,-1.016966207287788,-1.389949323191304
6705,-1.1407652674946127,-0.8414054067905491,-2.0506511883479672,-0.015248893365008958,0.5910645249021252,-0.3045868136868974,-0.3637871864598292
6706,-1.986348924212447,-0.9695474831371759,0.21513373572535352,-0.15574377644926826,0.019384985996502416,-0.34153906448476845,0.6654649349911772
6707,-0.31152075489079467,0.40981873051251244,-2.701613354475575,0.495952355155232,-0.2359482905219007,0.7694220344579236,-0.07515184503391548
6708,-0.10622741416381697,-1.0059547540574556,1.2615276919476268,0.7255110030594791,0.996519439336379,-0.7232435633355435,0.3488451952122654
6709,-1.01256140420045,0.014617523824065247,0.6039990301579464,0.895977204470596,-0.33590398091066526,-1.3202800018864296,0.6492302237008603
6710,-2.7394695532633464,-1.2503537927591224,-0.8524939006768253,-1.0183493073520218,0.12732764395699195,0.024638045702345904,1.2660677407253262
6711,-1.4526668834469127,0.5271275949364097,0.5778644575169166,1.195312297133785,0.9822701092098369,-0.3227198023870221,-0.7025722206857413
6712,0.2842308813360227,0.7500094279070628,0.8101372649185571,1.3102989434996295,-0.5651496634642834,-0.5104039732351925,0.12589576625805843
6713,-0.6304910652267197,0.33779164021448327,0.5897655823350852,-1.25917522590675,-0.2871158320980083,0.2799585565151078,-1.2222497511655182
6714,1.6418670823904802,-0.4972348858122639,0.5970228972042271,0.512672407798858,-0.3846338414678254,0.01799118160992061,-0.5030881114779318
6715,-0.1852584868541129,-1.4643373582844834,1.1550654569740515,-1.3686473548158427,0.8019567710804147,0.05066068237255596,-0.04978145791845748
6716,-1.64564219731044,0.5678733566099855,-0.8301749771367795,0.8541330462074873,1.1999534522366926,-1.0246706014153493,-0.633289703946361
6717,-1.6436572793766973,1.2918294678070248,-0.8450417277865677,0.7113236857905083,-0.7601247263351083,0.09544515330171612,0.9449385674729857
6718,-1.162392573321549,-0.18645282608886907,0.528299830237738,1.26659224220526,0.14358115326554632,1.4960122513221135,-0.4406957970289075
6719,-0.6572765703679986,0.17865050293499007,-0.25409035481834347,0.9712682155409027,1.0444801868182372,-0.6683100232195938,-0.4301018948050042
6720,-1.6116227033422859,-1.4139425920472208,-1.397750530586263,0.336860621712735,0.29081043279956964,0.20269239871696765,0.6105780148630189
6721,2.9214770831323444,-0.6642702569770261,0.34199349517852556,-1.1186068361478667,-0.4068750020822677,-0.1305626039093573,0.4266063825004504
6722,2.6210012759133883,-1.2485790185321217,0.3856408106614319,-1.8149815268341194,0.2823515985165185,0.5278444399491309,0.01117505746561607
6723,2.335544595723985,-1.5500374732801507,0.38594288183022224,0.8407897497148116,-0.06314961404851642,0.6398646458187692,0.8588823907851315
6724,0.9842701243082603,0.6097471927805012,-0.7383666118395272,1.0081134523932251,0.11437357779725006,-0.2756490032628838,-0.21441376152386302
6725,-0.8452920864062718,-0.7045494970971737,-0.9229905754737923,1.0275619683622548,0.7798163200512942,0.9591429425577556,-0.07536723154202625
6726,-0.35987418372391655,-1.2342533442448336,-0.9241250416394583,0.40694695788470664,-0.8692247530753104,-0.10317680398975736,-0.2211911747161036
6727,-2.160144211046425,0.14851282421167833,-0.8771822814203402,-0.9984986521879892,-1.0184165936981306,-0.6648129047511799,0.8838380093672029
6728,0.8638848478726784,0.889365220887568,-0.25912806461635163,-1.2795870733347616,-0.42845755975180305,0.04446564360032157,0.7581538293463292
6729,3.3024344620550177,1.5791477855516893,-0.1552188098180507,0.5926249123861953,0.5680027969967618,0.6282136371970908,0.4433061330226019
6730,-1.6489536447607314,1.2185641171172714,1.0373453350871658,0.8905691544070584,0.6574425908533748,-1.3723177155811002,0.5488677214332668
6731,-1.4473147822484327,0.902347651509714,1.5029025547187373,-0.22231792083797797,0.8332481461097262,-1.3649659812709207,0.46121911781222763
6732,-0.45556520724832794,0.5373677068784397,-0.45627590622411335,-0.9470963169158896,0.9902687377856632,-0.36872971280577166,-0.01740032966066712
6733,2.3056602767696996,1.5879658328461537,0.3566790723845377,1.495406317372073,-0.032842323552344,0.8579747888438651,1.0761501550803045
6734,-1.0340666163799113,-1.4856085601218572,-0.9459723269745758,-0.8509792598783947,1.3942519670867946,-0.18152048729857945,-0.7236817192797373
6735,-1.7181356082226884,-0.6428544506388771,0.7515930933990944,-0.41445625504574957,-1.5343152533864879,0.5720045077562373,0.053055256245039845
6736,-0.7715224260774814,-1.5105765072128148,-0.9850450054240664,1.230825251571695,0.5221500939018942,0.264101331749447,0.01739118688612554
6737,-1.1780734909114496,1.312791569959152,1.641117214301461,0.6108548982511842,-1.264156420665585,-0.3370405283880049,0.18265946972055375
6738,-0.9816356708472627,1.2277030206192467,-0.6915424807748659,1.0658519593044096,0.3612661359069183,0.7830557050736385,0.32653246135170994
6739,2.926115109051008,0.12550856557352302,0.2302731389226683,-1.0338916220349896,-0.19245057276911748,0.02292113336523607,-0.07968892091391344
6740,1.4441509616563624,0.8995058610595451,0.6765552858412599,-0.9720401463899435,-0.4060572364752745,0.33119455410315,-0.4335096207251193
6741,1.080164769728748,1.7424949199168807,0.17373125519148352,-0.799069917322386,0.13032708358020992,-0.5237365568568458,-0.20946449449490195
6742,-0.7983551960892213,0.7147265848582214,-1.0174846230862378,-0.5282481322659459,-0.5833708379184543,-1.10713848988951,-0.4565150086388483
6743,2.727238528196691,-1.0110044899195265,-0.025391041651195278,-0.6321433689806909,-0.17643041441975751,-0.5577676473902832,0.3139024780598765
6744,-1.216394268109051,0.24520038624222937,-0.16128257966161194,-1.1778666361076566,0.6366841990005887,-0.6473881274714575,0.29678615924720436
6745,-0.6658920569130999,-1.517739988844493,0.8651410667586922,-0.7099601683073951,-0.8143347274400706,-0.2610539534362588,0.34780060806334967
6746,-2.834985461830394,-1.0539475909488132,-0.9246602671847749,-1.0891568882202018,0.3624841218774329,-0.10893849475590486,0.33965071702183014
6747,0.37618662615739584,1.607633100918302,-0.5380207483633366,-0.5046277025932079,0.6036541328997177,0.5955190399475597,0.4372364945124115
6748,1.7803125546260006,0.3236645944996712,1.0780293446443265,-1.4698300605188868,0.8800899417079147,0.9787285462333332,0.5084966678250935
6749,-0.33092808461216816,1.7887667716112394,-2.0684009086444743,1.1994807991690717,-0.6336737052876461,0.503969844945827,-0.11584760931667086
6750,-1.4998988495281071,1.3807920871464168,1.7797964450637158,-1.0049536462077362,-1.022924895730407,0.4675437721918263,-0.5384391208641999
6751,-2.0376642922108177,-0.661077255546564,0.19478770979626964,0.25752680696127334,0.11416163314740167,-0.8374878025729605,0.45564080792324757
6752,-0.5697538107593838,1.4764031253612144,-0.13889965229214027,0.3440741967135589,-0.62015621857776,-0.6572489215920126,-1.1452844991283195
6753,-1.8771494476040653,0.4848115823885683,0.48856499951720866,1.57271242026602,0.37944437964938343,-0.32979025618429414,0.25341417485615964
6754,-0.21516696897520596,0.6925213770900478,1.4060081325609408,-0.2545021266756568,1.1673775147597725,0.43196948520495526,-0.13877911257417344
6755,-1.5147912769102334,1.2140949813853816,0.7228283504213212,0.008246551268206934,0.922625543245117,-0.589770817311706,0.18132058839852322
6756,1.7634648293692161,0.2368578464826533,-0.8349658842666672,-0.21513819482170835,0.2965593117433802,-0.6111936255081485,1.1321752392612563
6757,-0.086927921521184,0.11790639588167545,-2.633810758704946,-1.213774179514999,1.0641711368269122,-0.17671523608003462,0.04572080234625611
6758,2.1339719238072226,-1.1523778275292222,-0.37397277250247346,-0.809279653977086,0.4677405662646668,-0.2526953819389867,-0.6364348740822272
6759,-1.720545574645968,-0.47206734421581165,0.025379068018626317,-1.1976088686991522,-1.0027772974694915,-1.20589533740611,-0.012092333581554355
6760,2.350565476538097,0.1832140344126853,-0.6354096072883393,1.2233798439604877,-0.32507601634563077,-0.8898318881245998,-1.0824686282316232
6761,1.9369124365395116,1.7746287583223013,-0.28807709460992315,-1.4416635762650547,0.15227094709202668,1.3943924169586193,0.3200806744540662
6762,-1.9374500114010313,-0.0324839201788103,1.29585240916937,1.9158851457069188,0.10838371141653996,-0.5501777375868732,-0.10392162597060958
6763,2.871136292663055,-0.2961708154410889,0.9105439056301144,0.4279726395180865,0.2894081400567443,0.10520749795061259,-0.5195352081894224
6764,-1.6814120248717455,0.8580983868671276,1.0704726234786601,1.9406228090916344,0.51867924200076,1.5445626549555036,-0.49979482976938266
6765,-1.3495456493829683,0.6361390535344088,-2.371049278838016,-0.39176485985307047,-0.3938460808249851,0.3207784200009005,0.9671378281584531
6766,-0.5469516645996169,-1.7991136336220341,0.47501555253997163,0.8621177597557759,0.9586610721289718,-0.36765688776921235,-0.29976688734305384
6767,3.644435228597867,-0.3395132912031427,0.5816945190097885,0.818434376597176,-0.1401171762491451,-0.4040777769341512,-1.2271740770008166
6768,-0.08107391818370133,0.9193364892548882,1.2608501882575582,0.10997947384812423,-0.02363737719488803,0.9546187710996665,-0.7199878230346389
6769,1.663439980508001,1.3170881848750882,-0.35736139207081025,0.20169391651488222,0.3276292932216978,0.5714904445024326,0.8686538667462268
6770,3.4239458857480227,-1.7339529019482076,0.6833198688505,0.9524324256153609,-0.4984090314318443,0.13578818946181517,-0.7313664340521129
6771,-1.2682052259757204,0.08915284531665274,0.4640248255766764,-0.8914043206121085,0.24807868621457316,1.030835962897825,-0.15589899785259953
6772,1.8635852825873727,-1.2740431513517372,0.40534860012386886,-0.0785750320912054,-0.4484060388436091,-0.41723288032595796,0.028973696580828597
6773,0.11231924971619477,-0.06481927731807785,-0.2788735254174851,-0.02728681911737636,-0.49265066414124176,-0.5167253232069051,-0.05937147202263104
6774,2.713796896102276,-0.38958531071749797,-0.20815981850413753,0.7044015983116811,-0.658045301633731,0.505062620586033,-0.7210572560547913
6775,-2.0757906733511144,0.8850213673681293,-0.24557838555887834,-0.6311261290680548,0.3529208220500908,-0.9414967344621449,0.8580718555347782
6776,-0.3236628088898736,0.8235252693403835,-0.8659780159569922,-0.6304868701592337,0.18032337469628698,-0.9263163923008799,-0.5792230831648901
6777,-0.3230121833556651,0.5265991184789967,-0.38079365543238486,0.4239894458749315,0.1441542455453367,-0.22734049179788493,0.07164133802955842
6778,0.18962199626096993,1.0407845009955818,-1.0453129534196461,0.715976764459158,-0.7755451789980883,-0.305031561433943,-0.11915795887922666
6779,2.6914322454903545,1.6338983675630665,0.8618581095125728,-0.6443300167358642,-0.1768952077098315,-0.2836903430063411,-0.35825469995793474
6780,0.23643673200025478,0.22597035243713726,1.1119934940933573,-0.8507151578156865,-0.15780553381475212,-0.6578563796188832,0.2970962567489329
6781,0.694581664744318,0.8735287342231772,1.0345149601531094,0.7837345766462488,0.4702957227054246,-0.05879851293093147,-0.94813146464861775
6782,0.3674337790134386,1.0466537857324827,1.2582939148346097,-0.9316670390566574,0.5347449286796675,-0.2927925457981269,-0.06837776657255239
6783,-0.514323021689841,-0.1502442515595357,0.38597230873474,-1.5520375637502564,-0.61049672989529,-0.2868936362718144,-1.1922015363833238
6784,-1.563605515327779,-0.904055495552281,-1.0879225409245925,0.17501402516554976,-0.4498018275403819,-0.22194422761463875,0.4580884260065482
6785,-1.9684951917407079,1.1855975075996723,-0.9765441483913979,0.5232119001682788,0.60290046016846,-1.5218258493756491,-0.3354352813948657
6786,-1.0576597490084643,-1.27806770450207,1.5368595802777552,1.3132650848987706,0.031691613327062454,0.8955093838350842,0.45846029026340046
6787,-0.4549858909392728,0.004230752205421763,0.5027856815904297,-0.9834310430337906,0.6912608075428986,1.073200418539618,0.7073333100982911
6788,1.8957543575180922,-1.5863854475633603,-0.5707635556184796,-0.84398212414436935,0.7521699098235335,0.11884325725999133,-1.0930976263636683
6789,2.704002524039447,-1.1908449156239775,0.748475728821008,0.4073137432924323,-0.10753535702933067,-1.2645420277617916,0.07836890859016848
6790,2.391627370753436,-0.7189961057738186,0.2587113240236412,0.21285072030292984,-0.4852306521621884,-0.06718481928931326,-0.5393080708814656
6791,-2.0122134925700514,1.0890006983133684,0.7354068330915492,1.0200490396290671,-1.6962622302510773,-0.018084507651030663,0.22059188431510526
6792,0.3286407701918574,1.8466850428142767,-2.0675027709838205,0.14603520429616443,-0.23438752881916355,-0.31660402196690557,-0.18719402009221944
6793,-2.130860688095525,-0.1957928226253537,-1.1486055924936076,0.04771106366313017,-0.06378803056411217,0.506490142511258,0.7960091269257964
6794,0.9561327937569177,1.5873948678790308,1.3677910162450488,-1.4637189329838147,0.6380746031478463,-0.2720005500762799,0.03727016068691799
6795,2.4546558967899332,-1.1359478831769123,-0.7236699142157275,-0.758637328756125,0.23438638498634534,0.49847887482280073,0.3626918311736509
6796,0.8454263577793512,0.5625518759874433,-1.5806613530142106,1.1740161608149609,0.8610518799881647,-0.2746707407971015,0.10879196474107387
6797,0.19339674291499373,-1.2672618755395655,0.5319217985969217,-0.12285387494039858,-0.3826041910435798,0.22534194260024934,-0.7469937013340787
6798,2.551054691713184,-1.023877460278624,-0.15598392590785073,-0.054597969080190295,-0.3930225951798768,0.38613865449179,-0.9089331526871403
6799,-1.5838598544128564,1.1996049463394352,1.826509817949569,-1.0099752817675116,0.8280778229419945,0.4572367249369582,-0.7766059612783474
6800,3.24347187037716,0.7411652953959713,0.38300436025727486,-0.47500753387816685,-0.16208452209825758,-0.4669697879658453,0.35639496565040213
6801,-0.7213108498952642,-0.03493280917719578,1.1067156612834514,-0.2913868046085134,0.6871323818044329,-0.7134560271416321,0.07077915461112715
6802,2.0338405495516207,1.6551638758565195,-0.1399614154967968,-1.3558460267592796,0.30970892699982444,-1.0793671811261771,0.8085718236463413
6803,2.4825034046119927,0.6022328008280038,1.2159670313645836,-1.6154269632181515,0.2899276931868211,0.2278728313169544,0.9325490040680019
6804,2.2404511327373813,0.5197697766787183,-0.6575100356307672,-1.4840080609204658,0.31254983856575685,-0.9883441270687554,1.0871416540391539
6805,2.2857515671351365,0.8121994970197935,0.3431502851605078,-0.49381968049575237,0.6101018658857139,0.18836640886352707,-1.2740985576605057
6806,-0.4334530837235831,1.0483496050476844,-0.8565630399048184,-0.5273997734486888,-0.3757822117872649,-0.8177761967942849,0.081475654161492
6807,2.6797808510359395,-0.5601982555551963,0.5885324972623655,0.5749191651228961,0.18747161876140606,0.1950390315995798,-1.2352092878933645
6808,1.9722471761950238,-1.0014605713494535,0.2681377709598417,1.1804689878217862,0.2521336573555736,-0.14695768221089275,1.3467238970849562
6809,-0.8822740209643491,-1.4013843970181643,0.06874430233515351,-0.2374930262108631,0.7551055175085217,-0.6849903191508744,0.2963891697720207
6810,-0.5158483124655997,-0.1268941295189421,-0.8410671790102561,-0.14879426171338883,0.6473967736351804,-0.4170321053957853,-0.26180881047799065
6811,-2.1482361627106394,1.3816543405100103,1.2557477866842781,1.6015132598529664,0.2888536758167693,-0.8988107803396311,0.08577064939577676
6812,-0.910504672988949,-0.23134208871999956,-1.6521236840320022,-0.694436558284332,0.6410488591312329,0.022238834482719884,0.020953525523866885
6813,2.4836382350352384,-0.5258190054093461,0.48442624197560913,0.9148773841740048,-0.23911401288783343,-0.02437324981509608,0.2536234916813095
6814,3.4051685277990775,-1.8252433847654437,0.5877958651008347,1.2464397186656448,0.9088198467389169,-0.15630298403324544,0.9554129790642584
6815,-2.6984007440048488,-0.6585892070340339,-0.5744517828589643,-0.7239391558647211,0.9508270245129756,-0.37714282138458716,-0.27618971725334984
6816,0.7117724475242578,-1.3281125238734088,-1.4207128553001758,0.823482483615438,0.14111211963501114,-0.26345321154289136,0.16453227645495835
6817,2.0656616593939665,-0.8163330616693157,-0.11817635861891164,-1.3101422502606093,0.2050052558747338,-0.6055302351106796,1.4568130468123317
6818,-0.9166499982125167,-1.4634272340551144,-1.2620436953267595,-1.1369266709467394,-0.2198451545604669,-1.203755534367943,0.3249500866811811
6819,1.8519228835534065,0.9014420841799217,-0.09693615786634324,1.754314899361569,0.5704112942774193,-0.5603504344726897,-0.3382692211401287
6820,2.202247120821011,-1.0350139638321247,0.8276565887513864,0.7447754248127546,0.7362119399446115,-0.3880948509489488,-0.06046805503555392
6821,0.5891941680495795,-1.0171793747325164,0.005862146267410809,-0.32942770575434793,-0.03791194784212463,-0.5069148615535233,0.02031399479004557
6822,3.672519315160947,0.22237757613573456,0.6770871174323582,-0.34365598594627994,-0.3487163511632723,0.14687783667852353,0.272138136512751
6823,2.3764429225999906,0.41445558306533664,0.108001184343385,-1.4860183943124168,0.7046336396752609,0.5546203767938668,0.8131799211562079
6824,-2.3492261142260547,0.2191784482800976,-0.7281955624178016,0.8744044109514262,-0.6513556379062025,0.18350549005734165,-0.0760582637615874
6825,1.6206198198913337,-0.6221344408296653,0.08824261070371882,-0.45494955095702794,-0.4976105294110218,-0.6780893402910196,-0.49343906560641926
6826,0.9819360274057516,0.35800802147160043,0.3018997868639289,-0.5022768618036427,-0.135918014637593,0.13351461715089033,0.6261254099131223
6827,1.050004517061863,1.5191075771357156,0.20035516129850567,-0.7643184675401724,-0.02126831711642678,0.22517339580143692,-0.2209616976208924
6828,0.22302074548763615,-0.6200609501342466,-0.14948024587363795,1.321760204362683,-0.11370857369298386,1.1561296285026,-0.8204475591602719
6829,2.1628233133431634,1.3624335338421623,0.7381370732708443,-0.34914632582247357,0.5202445156572686,0.813540165970548,0.24401759218443791
6830,3.03093377564302,-0.8190262591238333,0.6180520304521431,0.9027137958161253,-0.22965911154287752,-0.6081212281422265,-0.23573304615688398
6831,-2.0707913331526555,1.5450630614615288,-0.23341112941481737,-1.1784217945421605,0.8124341884627647,-1.094794873513584,-0.49479557884087494
6832,-1.6188537093833828,0.9987595824379105,0.4447072944110707,1.226757693487393,0.678688922542653,1.2746915240263084,-0.7206660581272166
6833,2.4277028458080925,-0.5253285652452261,0.20137369993122323,1.040856932446306,-0.14221442777113935,0.6775714495568675,0.8472083935387305
6834,2.0778566900219055,-0.2929058865110251,0.5814153931426825,0.7841838108999458,0.0808073510198942,0.9697032288693344,-0.07311262513826045
6835,1.5670628414827998,-0.28039298060118384,0.27131252727090804,-0.950878797659997,0.21131391477075562,0.26172237485036715,-0.11482425928907028
6836,-0.9570333831707558,1.2511170649122794,-2.704046279097667,-1.2134268398808565,1.050103694727391,-0.34001680873272133,-0.33131162556045135
6837,2.081096041593512,-0.06600751733138847,-0.33010734270526176,0.5491607833413202,-0.8992497087009411,-0.4139215848198543,0.5158782470405192
6838,-2.5539873299247917,1.714354825770702,0.22794985132556553,-0.7007101961053549,-0.7668459510431164,0.5777147655517221,0.7020832963050262
6839,-1.038922867714632,-1.2656931221577734,0.6217707179699272,0.5242496547440672,-1.2271131316419215,1.0450059847465845,-0.9536014466306837
6840,2.5092882619192567,1.68474709315604,-0.16075716895194703,0.7807222510789817,-0.45181260182611405,0.28063853210715173,1.1023253246922864
6841,0.5630562068702639,0.8948034247953096,1.3020413296084652,0.7647924014651526,0.8953651261343257,-0.11464343933847906,-0.4423527016427993
6842,-1.7136517089448564,1.335861743239381,1.4469458274057456,1.1564470116553425,-1.8367713914482082,-0.1166166831555212,-0.03667946076561105
6843,1.4907177849640711,-1.560590909925508,-0.21941775587496756,-1.4708247783771613,0.16086162622524194,0.38931023382615954,-0.1325155813505146
6844,-1.9452389473615013,-1.7695370268778927,-0.40405559471072705,1.4739818321447609,0.3412986038469852,0.19458214105895932,0.00702228814974186
6845,-2.4728233443099046,-0.655244951886948,0.15260663906992883,-1.1078354012341332,-0.9125347624585592,-0.23084831472192394,0.9856025220653173
6846,-1.677426558676356,-1.6206077645495351,0.765747331888855,-0.6930640007581318,-1.041321835263861,-0.09906331725349887,0.8606535962329629
6847,2.3997131439169492,-0.8771718905823255,0.3651606072124138,-1.1582547511450398,0.2892683404843156,-0.666619236911803,0.21368315174007924
6848,-0.7724509544528442,-1.1047664692910202,1.209553861423383,1.1250668466382232,-0.40067162671404055,0.16184854382704633,-0.49550803982597386
6849,2.3916168164167377,1.2617991827528854,0.6254187301407925,-0.5600115449868063,0.378771692545594,0.19811656852481604,-1.2319806856111468
6850,2.4923829338058963,0.7841147298319967,-0.09111421608436752,1.0138917110617207,0.9543551631887577,-0.3068119644355827,-0.09351924018170596
6851,-0.5053330590538045,-1.0380428057592797,-2.684990505008607,-0.2146303042789231,0.15351162030551882,-0.9930470354712422,0.27129470488109897
6852,1.0647733547431417,1.543396155159373,-0.21009004511598858,1.3068177318986836,-0.20110216038631915,0.36109696355252097,-0.11291830648583828
6853,3.0927247128853845,1.342098834323829,-0.5540470864819146,0.5308487418528642,-0.3680943682008665,-1.2035139931143963,1.0899877311389206
6854,2.4532902839605146,0.01640519743716367,0.885800001725485,-1.0642793569825864,1.058632060542285,-0.10552655051139512,-0.3549964991067551
6855,2.1629129902878472,0.4434315100623417,0.18213461079306104,-1.0676148817624975,-0.7265485327235226,-1.1404849498049503,-0.02436415542554886
6856,-1.9607252356003315,-0.22934537420602752,1.7686623719049335,0.3717269928831553,-0.5858783146068909,-0.37308164725821835,-0.3360359591520464
6857,-1.4037842021203792,0.5915478986983076,0.6274212186553754,0.3504989319436243,0.2172181944772055,1.8648947133028486,0.12850440161678564
6858,-0.9294793928954921,0.533622574375034,1.408916518401346,-0.6268076377691958,-0.09088841373826292,0.03816734764308428,0.1701659579125819
6859,3.1608986115673225,1.4186092643804833,0.20769389734493496,0.6592775383016609,0.37201385787831465,-0.09851035067093711,0.4903359204055171
6860,2.4427308527149925,0.3871616267602335,0.549580113209449,-0.392405192164224,0.5933024836285886,0.590395341172343,0.7532799323595202
6861,-1.7759837786846353,1.542779667410026,1.3452885263106125,-0.15098728172454087,1.013456647383627,-0.5546542209067823,-0.0663655919494898
6862,-2.6412460585060513,-1.459019569313088,-0.49482693765351526,-0.7715818412650189,0.18157408978203507,-1.0286894210564854,0.4708254732661335
6863,2.7334823528660848,0.6887161142591475,0.9336526150335224,0.6370856235878539,-0.8825141156321084,0.4837768555300863,-0.29454043286323417
6864,-1.397156605975526,1.113717474068129,0.8089629947546415,1.5876670302608964,-1.092396239028613,0.6311245630127432,0.22161579320776056
6865,0.2913485174422078,-1.5205864930499582,-0.009799207494929617,-0.07729021478385685,-0.16709910800960187,-0.3270745783705713,-1.3897561939582608
6866,2.519610677726362,1.057413702986171,-0.25116350133191034,0.614942754034705,0.6175861119505601,-0.6704043868857688,1.1480835267986793
6867,0.5849834878676917,0.8177247536801816,0.29027481422924006,-0.5001165778484746,0.16759403823186442,-0.04962379406894869,0.4848149702000394
6868,3.6087726880369795,-1.5910126377593448,-1.1209179341189877,0.6212735879738129,-0.25940424487279584,-0.41601394033588135,-0.5966091526054634
6869,-1.505647298522635,-1.5042134687889321,1.3374147650684796,-1.3632423907523659,0.9143667278503206,0.5874337390491481,-1.0756716355009368
6870,2.4626968827881983,1.2981075797819246,-0.11394980786891225,0.23962683769337698,-1.0240676054722486,0.5981995134408724,-0.24850414574410276
6871,-1.705896412748883,0.4519787783099025,1.8418226514436062,-0.20490294235142165,-1.1211313474839701,0.0015339909873373406,-0.6061403277091296
6872,-0.38461138607373124,-1.3955889493409965,-0.7410556116737806,0.6833592730837186,-0.7509158973299638,0.742452257707405,0.14311413019780134
6873,0.06111458697179366,-0.9793135718872691,0.5117594489528591,0.903896005846558,0.6731279836194698,0.9849363091717271,0.12517406115528892
6874,3.105518974754368,-1.1681266756704909,0.002332068350210046,-0.042590091854406244,0.5716305664072056,-0.3050125603611987,0.22081468463920392
6875,0.1769910424147953,-0.4672146385534525,-0.9738395042340383,0.5334819654956058,0.48993265916795087,0.852823066184091,0.021055805832363324
6876,2.451025590002017,1.213035467052869,0.38488702694281496,0.8240835224795188,-0.6944747642702667,-0.47772812667145836,0.7578786479479672
6877,-1.265364585423889,-1.2996271875197882,0.7003585315527667,-1.2046119028759568,-1.2001130042995947,-1.4069348042719512,-0.5135948648036379
6878,2.6498816628962962,-0.7469434235185444,0.6713094059178403,-1.644394673974122,0.06753988589308622,0.5395688298077115,0.8512202033293444
6879,0.13933640528668653,1.7015765458014307,-0.6106548408003599,0.9103846252422498,1.0809637430210282,-0.42809335664278425,-0.16150247598404802
6880,0.732182777704957,-0.418897219861392,0.5647429629062588,-0.8777397193249197,0.8428031343621074,0.30985279519378595,0.24926854842249957
6881,2.1009864318737237,-1.4556068431697653,0.8946997325202567,-0.45069065232324546,-0.9939072468713542,0.23888933222323405,0.7158268328165613
6882,-2.1696973506188115,0.08712294200010141,-0.35652794825062495,-0.3099725180676311,-1.8406691751553539,0.09819754556732979,0.5513411549852987
6883,-0.4549184643958481,-1.4402528575032743,0.9670289289292225,0.8725801497013222,1.081933553244532,-0.6376491477419359,0.41082927129582253
6884,-3.0346571003411036,-1.1176291470009008,-0.27327946063778147,1.5068465259770392,-0.3518207059325662,0.08692683371636456,0.18502897786590708
6885,-0.9052508080231706,-1.557660829208578,-1.265293602693441,0.976327004408077,-0.20804258075348261,-1.675705078439335,0.29819825668741173
6886,-2.2362331436118863,-1.1393477820650972,-0.6122810404581528,0.7693122238603651,-0.14314953532609362,0.5897618607729741,0.48775843710624955
6887,-1.3831445900880472,1.4403813067683748,0.5350886870361089,-0.45874097135735037,0.3035141096204817,-0.12870475925936753,0.6906854006274876
6888,-0.8653144441666213,-1.3231573812143635,-2.5192886585397987,-0.17287398149220196,-0.3592905628080601,-0.0601409308121909,0.11568259682266623
6889,0.5171586093098707,0.07902290237659618,0.23601339331468496,0.2854205633646696,0.30012166293547027,-0.03277672714225543,-0.3154266181110053
6890,-0.4610375381656667,0.10979293413396451,0.78597486861198,1.254900380801205,-1.28345259064224,0.3576894068085444,0.4067043366490433
6891,2.6454952657363213,0.8949302370645877,0.48372483166964464,0.04941474268072382,-0.6984075851629025,0.45133557607695163,-0.35690106123441556
6892,2.9407641154952464,0.18863262790648166,0.6019886656828095,-0.6733001564082113,-0.37991058691721996,0.49446686862754485,-0.9380280206299194
6893,-1.3662448610425832,-1.306408260541628,-1.214903496314281,-1.1358696298826878,0.2981764219779225,-0.23174195612560994,0.14998397711041178
6894,-0.8327110856919279,-0.9553218407308312,0.8916187810480322,1.2464383645723183,0.36532482709576186,0.09312743626638544,-0.16745115429005236
6895,-1.775757085022911,0.5102744040348157,-0.8217703993702756,-0.11445122289366406,-1.928151241082076,0.22706169857360153,0.4796394093199167
6896,2.4400007727649085,0.8365385121138682,-0.014212266899933278,0.5689663497683285,-0.5250992134086339,-0.33547041897356666,1.0385719495644317
6897,1.8874525603503438,-0.4367674408211192,-0.17273172505335982,-1.3890445564438738,-0.2718814875131586,-0.4272644504536125,1.1131773846445507
6898,-1.837472220206932,-1.2903816946918008,1.4703709225866233,-1.1465523817131038,0.7351430564032436,1.419658723615065,-0.08256276980915793
6899,-1.0595930807574971,-0.0711234241176302,-1.1008153163274788,0.26504027376158723,-0.13170599999752208,-1.496184248598376,0.0017450240843535044
6900,-1.0080876427812078,0.12966732050410615,-2.390016382113032,-0.6445782520421113,0.345531904712533,1.1822446165416964,0.32813090036640863
6901,-1.4153237961384417,-0.9707256407029132,0.8316152632155215,-1.1386274150095812,0.8701298581806415,0.6719245335226319,0.012798678416429003
6902,-2.063511744347725,0.798707133793755,0.8322434355558356,-1.1608834080999328,-0.3579377217182362,0.3430962986515947,0.340802852618245
6903,-1.357339034751006,0.3522847375593717,-0.032623355372895534,0.9821138902998092,-0.1868709002122079,-1.218083751454653,0.555603816346349
6904,1.8713002196307142,-0.8757629009693598,1.0829475180725512,0.6195698672267232,0.2719272905260719,0.2568568232658799,1.3176503380150753
6905,-1.7393296624388104,-1.0170301915465163,0.3269286260238531,-1.141589743918423,0.14570178526427055,-1.3833542319027112,0.4570628971718143
6906,-1.1423510708037004,1.4208258645018639,1.6824368443360165,-0.7623212310313384,1.0234464260637794,-0.42218557496498726,0.03900858216691144
6907,1.9024039520846798,1.7303212663216283,0.0012790571772596535,-0.5771560328310275,-0.35140586576526867,-0.054345742956597554,-1.0540377571993167
6908,-3.2093279541309214,0.19841377350941566,-0.2938282640236071,-0.8185635414578102,0.048056658630504845,0.030178331804732388,0.7679630630851206
6909,-0.8333873593292485,-1.2700631478499473,1.3293989082063806,1.1700782932755944,0.7979709090077381,0.38504069249077777,-0.387577633306037
6910,-2.992022559358524,-0.08127601502309797,0.4867427917197244,0.34950176209275696,-0.28123635597594004,-0.2619052046893736,0.30005741723482005
6911,-2.0101720650737316,1.4132130188260392,-0.48167036592942875,-0.6561103133190603,0.6341823690643679,0.8684387068703581,-0.5415647702912926
6912,-1.1724358838447835,-0.5095591484215944,-0.5862247095166597,1.3421762754086282,-1.2492779655772688,-0.20879330296394452,-0.5411498384460969
6913,2.7934982219332314,1.3999081057811067,-0.38254801765839297,-0.48950713085150915,-0.06800028079552936,-0.456910889869457,-1.0396978675624322
6914,-1.0963804802541397,-0.31677690320382307,-0.3643027238486238,1.1767892063203522,-0.3622013786331833,-1.5765586434017076,-0.4686490703804383
6915,0.5415303859237395,0.32083137835030584,0.13861839067162554,-1.541240504183152,0.7022101251658973,0.5443389411086702,0.17412035289315955
6916,1.7368149238405481,-0.2209387663148876,-0.63193091114643,-1.1319992349310355,-0.7144225354392617,0.5518974586328212,0.934658464676555
6917,0.5476826431709081,-1.6154400478532358,0.7753014915231434,-0.4358749090615048,-0.11553346689803319,0.4230935555564474,-0.7307011204066439
6918,2.941252857773493,0.6354387067701133,0.2455076295216648,-0.9737816783298545,-0.36962750757408736,-0.26180403804122315,0.6243127879953035
6919,0.3479871522039607,-1.0007262101799421,-0.9127831932037442,-0.08058015776530648,0.34050043373524663,0.14062495031700079,-0.18521789739355826
6920,2.9995014011622185,-1.2811253239505225,-0.21042133953854364,0.06142261594616998,1.0035608389590234,-0.21361800095252298,0.47793633307396016
6921,2.749623998367828,-1.038226020404093,0.2179526618485696,-0.7261037842019715,-0.5897313469681049,-0.9966658475087601,0.8130677419128617
6922,-2.216711144670455,-0.9413189940080439,1.199131359887975,-0.3264225261448845,0.6550314674971479,0.81095710594053,-0.5786492923406252
6923,0.3274806012732348,0.6336234135795406,-0.3094794880743018,-0.10627059715824262,0.20886476677381993,-0.2807529796235734,-0.6161120303897183
6924,-1.6091427738898698,1.0278261939786248,-0.010351767970304312,1.3279307285559654,0.15424495456162124,-0.16083958230988107,0.2742413747808098
6925,-2.379950867220082,-0.7876708970672931,-0.6872546950625665,-0.9540919983277276,-0.35424868725374925,-0.23157918865255162,0.47610055812462754
6926,-1.7593812793362578,-0.6307961228811209,0.7282414759559854,0.9863658498970698,0.21242168437530917,-0.36922273765647395,-0.28974029646573335
6927,2.6968600226686767,0.8853874284624805,0.23259405877684539,1.254719048499837,-0.6234230667944054,0.6116566965243379,0.27361071696411643
6928,0.8609262520864164,-1.2789392424750068,-0.4459807203673322,0.7905636434225342,-0.4205584084890466,-0.12946484388443316,-0.21288241720783366
6929,-2.047233658328987,-1.4606736591558693,0.8377143705288133,-0.7562178960310593,0.7602537765882216,-1.168841335603557,-0.38213210050436014
6930,3.189314654250796,-0.08314884451581918,0.05728963930465706,0.6174192241495116,0.0012300499893025145,-0.9270781751906587,0.546890522112404
6931,-1.947887836802706,0.3786908951751965,-0.056907581845331505,-1.1804780300472721,1.0188346532087658,-0.1302806314751086,0.12768638308547203
6932,0.008031634120225572,0.9050831118399004,-0.37049641799392086,0.9916165431261241,-0.6468170481423183,-0.7140315865573499,0.1578274125167763
6933,-2.0511053646198465,0.1244026811049145,-0.06243754854373449,-1.1305991469288643,0.1396965065415927,1.4677486005751892,0.6300725688273836
6934,-0.19954064564557644,0.4397762496883839,-0.6053429798843207,0.46811338833377264,0.689089987273568,0.17479034343454153,0.02149358174138922
6935,2.9785551624976154,1.5015509501228463,-0.7087240683456032,0.2165365361200275,-0.14107544177749215,-0.5689250931391904,-0.044821355230578216
6936,-0.9117528773810551,-0.4062146199861968,0.3539002831041593,1.2093616220396233,0.5262389800321852,0.2926773482695219,-0.48229372866094516
6937,2.4335585707979086,-0.6782518927764287,-0.03746449767593243,-0.9370104611550638,0.3656638334161469,-0.24166258919130187,-0.623016434658995
6938,2.235366607285621,0.19733588792856668,-0.2044791752631074,-0.696246006056191,0.11678510634373482,0.03040184229153039,-0.726790940478165
6939,1.8248798283519296,1.7849064742241108,0.5433874591470514,-1.1472452989472834,-0.08843340180995277,0.21085175421674537,-1.0326176432509144
6940,2.0847733098921823,-0.14070239784135913,0.5202003434686941,0.2904037912230374,-1.1220469568659583,-0.10678539648683748,0.14684562247971897
6941,-0.9604157661834908,-1.2383221346767304,1.2847759647231838,0.5757951844546182,-1.683215020881095,0.382695490367032,0.3658565172923187
6942,-2.3674901520333145,-0.5318639130113355,1.1292804108418066,0.23550002291985145,-0.012540615824592224,-0.4650515829818084,0.5120032414039937
6943,-1.6602542355758083,0.628601166920045,-0.8431774317895283,-0.4403059450950564,-1.1492409973397049,-0.28717039431350294,-0.11021657354422697
6944,-2.1214877426572336,-0.9724977924881012,-0.5234432566799841,-0.4995102488834722,-1.0614853439530707,-0.6243322490220669,-0.14009288714145426
6945,1.5659928213720447,-1.0980364883217384,-0.7643556908218024,0.018428231115348324,-0.04814253900335431,0.6864097242790336,-0.19178130244240918
6946,3.6692454579523526,1.0023541877415025,-0.3907636256165214,0.14880001992090358,-0.27827638314462055,-0.3935366109485516,0.016330002772110993
6947,-1.7847864525689163,0.7788745295122023,0.41501962668154085,1.2144911823352027,-1.6582239674726502,-0.022002863848553558,0.7359163557095033
6948,-1.4300214811758203,-0.8651719246793982,-0.23301496043327444,-1.1444226409064304,1.2992601135318074,0.3701791327490841,0.0832560246690079
6949,-1.3905710244163854,-0.7589462549370096,-0.4945835624530375,-0.037604802030452085,-1.0734811338827606,-0.6311284102223286,-0.20665015014896476
6950,-1.4427481142855936,-0.6672511642984923,0.5702097441618093,-0.7444840885916953,0.49577997300223187,-0.9593765802586264,-0.43561795466964737
6951,-0.3103084020311263,1.2807117997503419,-0.12508555867862295,1.1030666030637284,-1.2840498782519685,0.41524880704808154,0.24947659550298296
6952,-2.8232653570175206,0.13956425552985802,-0.8204796781796786,1.0925236454225238,-0.6076941998234383,-0.07764857512121515,0.24887028288749488
6953,-2.1583576839445273,-0.27733462167734857,-1.1126110242732896,-0.22245532296014792,0.46770527532018613,-1.1862748946028079,0.609506908069999
6954,-2.397066264887737,-1.3824010632708281,0.4601170466825821,-1.1279823287150457,0.6726157761952655,-0.2842723984937243,0.10940995236009039
6955,-0.8354053082432561,-0.7583987814417105,0.6577083252723497,-1.2846646583700019,-0.6273805623642845,0.35858973486102597,-1.027665624318618
6956,-1.748918319045671,1.4080473936630202,1.513846330619272,-1.150047366333656,1.1522207772710478,-1.0034587758661542,0.44830804025638027
6957,1.84081332541101,-0.2978229620985375,-0.30993115620443373,0.004213964233531132,0.6442379943501058,0.6146496234481851,0.09431289567066481
6958,-0.40001308588233714,0.8830132097006795,-0.6421960517987618,-0.7352416063990197,-0.897492543023094,-0.49364303939482973,-0.44612568388945056
6959,-2.231911547075346,-0.03358915676621176,0.03408803778365974,0.47767848490019704,-0.09433866965403351,0.5553228435285635,0.21121033757841362
6960,-1.5242540272840164,0.5963774880656803,-0.59717980518697,-1.3829455812889577,-0.10678782524143257,-0.5881447292384868,-1.052600818336892
6961,1.475211650597828,-0.5324596559011223,0.12201869518044821,0.9915462283600206,0.27605762701004405,0.8671097793959734,-0.7307715135488274
6962,-1.7138124469357783,-1.289680238314365,-0.202461082295181,-1.2311768354802024,-0.030228761971870972,0.09204201339392591,-0.9896928352759757
6963,-0.07090008688380528,-1.3684671499405452,1.0603429800925253,-1.3768329617444908,0.2419721101182686,0.7468480686935023,0.10450689514994413
6964,-0.5836020000806401,0.8411495372336474,-1.04465725882764,1.1575209338034897,0.9123848525146587,0.3750787456926367,-0.49459027372687714
6965,1.215155634554214,1.6704817206458615,-0.12063678944723558,-1.5831394089798612,-0.42233942805638336,-0.015985845905666842,-0.038469597621889805
6966,-0.8267907579670469,-0.5050129201576684,0.9473610842719683,-0.7676228616309962,1.1452515587473395,0.4578722897440597,0.15747061217387123
6967,2.1036001261636663,1.0890207166077213,-0.8751723896549793,1.5691187068680634,-0.011702957151218097,-0.1942343141330988,0.3394701305231877
6968,-0.7009071094265605,-1.312839869890243,1.3638719302364017,1.3808872301905917,1.1070518943910295,0.6722773322887579,-0.5557818261900899
6969,-1.825502686770836,-0.8258357755986176,-0.48632174843132553,0.8120004033042236,0.43908536872503906,0.7175838736810116,-0.08691574907285937
6970,1.3548016170466608,-0.6791319619002958,-0.6999822774078148,-0.9156514112007921,0.05257767023578785,0.38442498839909994,1.1115189146860383
6971,-2.000929102539137,-1.4364765050388695,-0.5533921283637413,-0.7915783821688644,-0.4015733116260214,-1.0569416240309315,-0.4696176362036987
6972,-0.7322814830355301,-1.3705955538889998,1.037454924016195,-0.893975067948456,-0.6064450177776456,-0.9912876295599808,-0.3823221814924495
6973,-1.679035458101374,-1.6098603732291825,0.033433159563442325,-1.0146859058689277,-0.4488508971582883,-0.6492461269705593,0.09853972401512989
6974,0.45195523224022455,0.22060431288313723,0.21688888858069083,-1.5637702367012523,0.16552607394082614,0.9318693879444603,0.16446912587223547
6975,-1.5111187551731533,1.613520153370629,-1.059675291604828,-0.9759845836949951,1.0988448293143138,-0.2686535265049229,-0.771722977603473
6976,-1.3324743638725576,-0.8055418327271511,-0.45604439156780996,0.20064613183273075,-0.6624503184171048,-0.31196969051498274,-0.5735800930785958
6977,0.7035287316608975,1.5475344738581829,0.4312108397179407,0.748305794056343,0.6059212311867308,-0.09471763296771404,-0.8428822365415392
6978,-0.40922222073062525,0.820331182625664,-0.08550034045995837,-0.1558217116851301,0.6472937558956073,0.6173029088588919,0.691090364954061
6979,-0.5687926101099785,1.666680491300448,-0.69594332100573,1.284952424726954,-0.0728897163457808,-0.6187266745720614,-0.9537880753666613
6980,0.4236143186191195,-0.27034584890256275,-0.5582397448279257,0.019287394226284522,-0.14571135299010268,-0.9266018512154126,-0.07183145516314302
6981,-0.8632025048385855,-1.5423499802891034,0.5075834982752044,-0.15985624916938132,-0.03374303978773313,0.46664112428889853,0.047314628270828156
6982,-0.793911624016328,-1.3646948225320739,-1.6006668776831052,-0.6267608434670495,-0.6734387024462777,0.15621890684266873,-0.465572205613455
6983,2.524656449057163,0.12157397771671755,-0.7631119422714056,-1.3285385157240799,-0.6260502670933735,0.1767595836965281,-0.1645365614882658
6984,-1.9265109356561547,-1.6939135400341807,-1.3459557111460558,1.1987285892233606,-0.009653866110576658,-0.3586193299443958,0.34479335590938026
6985,-2.609790093413592,1.6756765162216867,-0.3479286843860324,-0.9175794601781975,0.5748048647373187,-0.0780422014610661,1.037334571100249
6986,-0.49435293401527436,1.318840437585695,1.0293777519547789,1.3018784099314369,-0.35001466357366956,-0.20828423518036104,0.3555859396391519
6987,-1.2796315272238357,-0.7991638623685596,0.7060149636758649,1.6201435218368463,0.5071125257141049,-0.7047512852733429,0.897362310084984
6988,-1.0495685653442939,-1.3273592637471225,-0.04227038497741009,0.2812128731561971,-0.049201759605951204,-0.6171222710347528,0.16934288012800025
6989,-0.44731973118125595,-0.9514533269857023,-1.486953894290838,1.0088516937043632,-0.566270481790775,-0.11641532008235572,-0.40396205657055273
6990,1.7923263413144597,-1.1642106103679655,0.5831431583890894,-0.1835993950908432,-0.8161293760162431,-0.20398409211853558,-0.9330797049826595
6991,-1.1921449646025926,-1.6123906697654362,-1.11041451878161,-0.3862204658859203,-1.3819894488755964,-0.8411084527659614,0.3783883548041128
6992,1.9636387766627996,0.6284607858105203,-0.2847714930890634,-0.25699517458636967,0.7637480294259518,0.2861810679124011,-0.7017705330647055
6993,-1.2725731039026753,1.3356647448347017,-0.29839728772892776,0.3159562685699303,-0.7638541847122273,-0.34278548105497975,-0.5376901562478968
6994,-0.5143606092172452,1.4199170019222005,-0.8124939665879894,-0.46351262232023055,-0.923485135611,0.2892851710997227,1.0048850760272474
6995,3.0503661768559818,-0.08808966969084765,0.8899092975336707,1.2876750669426738,0.2853836831503132,0.01916314182949497,0.20974590734839074
6996,2.7130701066715908,0.6719470879203471,0.4228092703087491,1.5456018048850115,-0.7112957897020535,0.37315422142635213,0.5163456826288153
6997,0.06992980876608966,-1.2971416953605257,-1.650793910713222,-1.525219941669176,0.6466758570722891,-0.5694456669463686,0.39644960181689876
6998,-0.1416281774796788,-1.2614856792864435,1.4337829512502358,-0.5258708935678794,-0.32617547062925617,-0.30786565161501145,-1.435078803201053
6999,-1.2402329926410278,-1.0001977101632877,0.9518738003050756,0.5094996509870193,-1.2436983611696537,-0.1851304408866421,0.7485586635812459
7000,-2.270692413860705,-0.5166978193417688,0.8193014798286228,-0.40267744513317605,0.143192373326213,1.1742182960826095,-0.0781920898077664
7001,-1.4390448220638614,-1.134529807273056,-0.8364425293283753,-0.07903004765304195,0.3164945168984366,0.7483653317211217,-0.16127997968450297
7002,-0.01271708739758027,0.8051898232219726,0.7218706667634631,-0.6632732748644143,-0.044639009162686476,0.4893871452606138,-0.5730381146811245
7003,1.855129801310163,-1.1516456526175674,-0.02966155334512213,-0.6910608038274263,0.44311324087390325,-7.784633433058171e-4,1.2172005832777202
7004,-2.1661443836023313,-0.45333225554994644,1.7187190639286911,0.7691691103098572,-0.4009656554376069,0.3295811322906643,1.0741926767479097
